time,seconds_elapsed,z,y,x
150421328016514,0.120223,0.061301,0.0383,0.011752
150421338017745,0.130224,-0.191612,-0.120777,-0.034143
150421348018951,0.140225,-0.472514,-0.309754,-0.07374
150421358020163,0.150226,-0.948384,-0.182531,-0.285806
150421368021369,0.160227,-1.604417,0.023547,-0.608698
150421378022510,0.170229,-1.998539,0.252935,-0.977236
150421388023744,0.180230,-2.23878,0.409158,-1.308437
150421398024975,0.190231,-2.290032,0.463214,-1.390161
150421408026201,0.200232,-2.09867,0.414996,-1.147722
150421418027436,0.210233,-1.5288,0.307133,-0.857927
150421428028681,0.220235,-0.941511,0.312435,-0.561069
150421438029927,0.230236,-0.766075,0.410741,-0.394504
150421448030924,0.240237,-0.678897,0.542604,-0.452894
150421458032153,0.250238,-0.901123,0.507388,-0.695367
150421468033389,0.260239,-1.340451,0.424736,-0.987323
150421478034619,0.270241,-1.542504,0.256308,-1.091005
150421488035850,0.280242,-1.512135,0.166637,-1.046019
150421498037077,0.290243,-1.097984,0.433538,-1.115985
150421508038308,0.300244,-0.711948,0.101922,-0.837146
150421518039519,0.310246,-0.319054,0.041027,-0.548196
150421528040674,0.320247,-0.216396,0.09197,-0.523681
150421538041980,0.330248,-0.277959,0.352002,-0.706698
150421548043218,0.340249,-0.448789,1.703239,-1.48727
150421558044358,0.350250,-0.721641,1.706774,-1.96736
150421568045572,0.360252,-0.838056,1.602767,-1.800894
150421578046773,0.370253,-0.829381,1.431871,-1.402913
150421588048004,0.380254,-0.654644,1.013255,-0.844112
150421598049226,0.390255,-0.545455,0.456939,-1.178171
150421608050457,0.400256,0.340081,1.828422,-1.866036
150421618051693,0.410258,0.64737,1.762551,-1.720347
150421628052924,0.420259,1.138694,1.799798,-1.252075
150421638054155,0.430260,0.432653,1.207406,-0.681118
150421648055375,0.440261,-0.115387,-0.387839,-1.759158
150421658056376,0.450262,-0.478042,0.626218,-0.554038
150421668057619,0.460264,-1.012957,1.283948,0.194353
150421678058836,0.470265,-0.634742,0.867835,0.327902
150421688060085,0.480266,-0.425354,0.872643,0.339122
150421698061316,0.490267,-0.559077,0.75885,0.107163
150421708062547,0.500269,-0.313471,0.91058,-0.163882
150421718063778,0.510270,-1.115794,1.045565,0.518123
150421728064934,0.520271,-1.102117,-0.177797,0.771641
150421738066239,0.530272,-0.249413,-0.210185,0.82759
150421748067409,0.540273,0.434741,0.247639,0.662564
150421758068653,0.550275,0.851944,0.439924,0.238441
150421768069879,0.560276,1.007967,0.607821,0.05511
150421778071124,0.570277,0.397672,0.715841,-0.214575
150421788072364,0.580278,-0.219586,0.270538,1.255904
150421798073595,0.590280,0.730268,-0.148113,0.1559
150421808074826,0.600281,-0.278989,1.169045,-0.452218
150421818076062,0.610282,-1.736849,0.880325,-0.767975
150421828077297,0.620283,-2.275864,0.712134,-0.712717
150421838078528,0.630285,-2.424245,-0.728995,0.888833
150421848079505,0.640286,-1.606381,-0.252429,-0.134667
150421858080749,0.650287,-2.12523,0.532159,-0.408816
150421868081965,0.660288,-2.037099,0.482135,-0.790286
150421878083196,0.670289,-1.951337,0.359003,-1.175925
150421888084431,0.680290,-2.130026,0.26031,-1.159901
150421898085662,0.690292,-2.277751,0.095412,-0.917697
150421908086893,0.700293,-2.08398,-0.068693,-0.615748
150421918088124,0.710294,-1.309021,-0.171416,-0.11654
150421928089326,0.720295,-1.015012,-0.076085,-0.691983
150421938090548,0.730297,-0.054869,0.263426,-0.96139
150421948091779,0.740298,0.934039,1.497338,-1.305558
150421958092991,0.750299,1.20178,0.951332,-1.219857
150421968094222,0.760300,0.748713,0.299604,-1.038753
150421978095372,0.770301,-0.119749,-0.103702,-0.179578
150421988096600,0.780303,-1.369796,-0.244388,0.408518
150421998097826,0.790304,-2.281624,-0.378327,0.593403
150422008099072,0.800305,-2.545982,-0.496518,0.528791
150422018100303,0.810306,-1.923105,0.036144,0.053962
150422028101543,0.820308,-1.044473,0.485965,-0.463782
150422038102779,0.830309,-0.734872,0.647289,-0.465128
150422048104010,0.840310,-0.428673,0.732944,0.056541
150422058105241,0.850311,-0.882542,0.623806,0.541251
150422068106458,0.860312,-0.956515,0.497071,0.735469
150422078107684,0.870314,-1.168281,0.290249,0.757481
150422088108915,0.880315,-1.13775,0.293067,0.865575
150422098109934,0.890316,-0.13387,0.455994,0.850808
150422108111394,0.900317,0.48122,0.974798,0.931093
150422118112642,0.910319,0.467633,1.296385,2.164163
150422128113882,0.920320,0.997457,0.921676,2.098475
150422138114882,0.930321,1.03753,0.527394,1.43622
150422148116110,0.940322,1.202878,0.646584,0.811418
150422158117336,0.950323,1.602862,0.910779,0.412221
150422168118567,0.960325,1.399434,1.144949,0.172254
150422178119798,0.970326,1.074744,1.43879,-0.134309
150422188121009,0.980327,0.996212,1.902622,-0.313334
150422198122239,0.990328,0.672285,2.05065,-0.269088
150422208123470,1.000329,0.301618,1.785392,-0.0681
150422218124687,1.010331,0.029807,1.3076,0.162962
150422228125913,1.020332,-0.025366,0.843538,0.27701
150422238127149,1.030333,0.024121,0.561948,0.192727
150422248128380,1.040334,0.174184,0.380782,-0.087895
150422258129625,1.050336,0.348804,0.270499,-0.330179
150422268130856,1.060337,0.663888,0.353249,-0.511166
150422278132077,1.070338,0.744014,0.487264,-0.542424
150422288133289,1.080339,0.737661,0.458492,-0.536884
150422298134525,1.090341,0.744151,0.299571,-0.424473
150422308135756,1.100342,0.891445,0.136183,-0.243147
150422318136987,1.110343,1.126254,-0.003371,-0.093808
150422328138218,1.120344,1.246074,-0.082292,-0.15427
150422338139448,1.130345,1.065951,-0.155636,-0.314919
150422348140678,1.140347,0.50588,-0.286763,-0.432496
150422358141903,1.150348,-0.119943,-0.418401,-0.45641
150422368143129,1.160349,-0.67099,-0.492198,-0.408985
150422378144360,1.170350,-1.140782,-0.407622,-0.573869
150422388145501,1.180352,-1.346082,-0.236572,-0.689923
150422398146816,1.190353,-1.438963,0.037615,-0.811002
150422408148049,1.200354,-1.597031,0.314778,-0.982255
150422418149266,1.210355,-1.643649,0.423746,-0.961592
150422428150477,1.220356,-1.654893,0.340842,-0.804318
150422438151703,1.230358,-1.160775,0.34253,-0.544969
150422448152853,1.240359,-0.778015,0.266384,-0.514585
150422458154172,1.250360,-0.425565,0.087692,-0.389349
150422468155328,1.260361,-0.053011,-0.136487,-0.067646
150422478156630,1.270363,0.253202,-0.233827,0.091445
150422488157862,1.280364,0.687988,-0.350998,0.144387
150422498159088,1.290365,0.904556,-0.496438,0.273952
150422508160319,1.300366,0.989491,-0.422892,0.267496
150422518161536,1.310368,0.899231,-0.701335,0.455222
150422528162767,1.320369,0.388786,-0.51678,0.075637
150422538163987,1.330370,0.296931,0.505268,-0.294516
150422548165217,1.340371,0.355757,0.708035,0.029835
150422558166467,1.350372,0.41078,0.073992,0.505352
150422568167627,1.360374,0.099117,-0.126359,0.506526
150422578168856,1.370375,-0.069679,-0.010633,0.171505
150422588170086,1.380376,0.126441,0.013401,0.033015
150422598171413,1.390377,0.32515,-0.00703,0.070316
150422608172646,1.400379,0.455535,-0.028503,0.166102
150422618173805,1.410380,0.467101,-0.151265,0.3381
150422628175129,1.420381,0.431737,-0.308425,0.600604
150422638176352,1.430382,0.401831,-0.408853,0.735178
150422648177583,1.440384,0.543993,-0.499627,0.84363
150422658178829,1.450385,0.583126,-0.625719,0.913821
150422668180069,1.460386,0.488705,-0.625765,0.865566
150422678181285,1.470387,0.291919,-0.554732,0.689748
150422688182516,1.480389,0.003274,-0.474555,0.470673
150422698183761,1.490390,-0.384514,-0.444532,0.211514
150422708185020,1.500391,-0.668561,-0.401933,-0.08374
150422718186237,1.510392,-0.807403,-0.262063,-0.324646
150422728187467,1.520393,-0.770216,-0.058016,-0.290951
150422738188669,1.530395,-0.669428,0.004764,-0.054264
150422748189893,1.540396,-0.493083,-0.070015,0.206385
150422758191134,1.550397,-0.331872,-0.175283,0.400855
150422768192350,1.560398,-0.149973,-0.220123,0.538527
150422778193581,1.570400,0.107197,-0.166604,0.596131
150422788194802,1.580401,0.18838,9.08E-4,0.490003
150422798196053,1.590402,0.200212,0.079342,0.415937
150422808197284,1.600403,0.164926,0.005043,0.447367
150422818198715,1.610405,0.121995,-0.169685,0.542665
150422828199717,1.620406,0.189314,-0.396408,0.773327
150422838200927,1.630407,0.551178,-0.585232,0.991158
150422848202158,1.640408,0.837605,-0.687006,1.09749
150422858203633,1.650410,0.994426,-0.644859,1.056438
150422868204636,1.660411,1.181741,-0.547261,0.954959
150422878206095,1.670412,1.103206,-0.423197,0.90965
150422888207342,1.680413,0.931111,-0.330692,0.889068
150422898208318,1.690414,0.653759,-0.267929,0.958305
150422908209547,1.700416,0.185118,-0.194223,1.001241
150422918211008,1.710417,-0.296232,-0.111417,1.035027
150422928212309,1.720418,-0.736186,-0.11982,1.091662
150422938213237,1.730419,-0.746728,-0.319688,1.241083
150422948214701,1.740421,-0.289978,-0.618007,1.478844
150422958215919,1.750422,0.140829,-0.719731,1.676839
150422968217150,1.760423,0.37148,-0.608361,1.692861
150422978218461,1.770424,0.474563,-0.432658,1.464231
150422988219694,1.780426,0.379736,-0.301227,1.147208
150422998220934,1.790427,0.251698,-0.319638,0.859667
150423008221872,1.800428,0.042657,-0.398613,0.691107
150423018223413,1.810429,-0.409633,-0.437031,0.54805
150423028224641,1.820431,-0.875262,-0.434459,0.403174
150423038225872,1.830432,-1.28267,-0.413919,0.252295
150423048227102,1.840433,-1.322853,-0.430411,0.12443
150423058228318,1.850434,-1.235882,-0.525674,0.082795
150423068229530,1.860436,-1.015209,-0.632788,0.103583
150423078230756,1.870437,-0.524756,-0.66215,0.215677
150423088232002,1.880438,0.048825,-0.637068,0.303887
150423098233232,1.890439,0.609567,-0.676913,0.352313
150423108234471,1.900440,1.168729,-0.727335,0.341399
150423118235701,1.910442,1.385995,-0.785201,0.437169
150423128236947,1.920443,1.341705,-0.897337,0.600696
150423138238182,1.930444,1.196898,-0.938351,0.549744
150423148239428,1.940445,0.912817,-0.837026,0.29362
150423158240659,1.950447,0.583123,-0.713514,0.077225
150423168241885,1.960448,0.111025,-0.590935,0.014123
150423178243116,1.970449,-0.247936,-0.419908,8.28E-4
150423188244337,1.980450,-0.291449,-0.228773,-0.062342
150423198245797,1.990452,-0.017636,-0.164578,-0.066229
150423208246799,2.000453,0.391465,-0.158309,-0.026807
150423218248038,2.010454,0.772372,-0.249939,0.056285
150423228249269,2.020455,0.976458,-0.446827,0.19568
150423238250514,2.030457,1.087326,-0.595748,0.232738
150423248251980,2.040458,1.089933,-0.636018,0.190997
150423258253213,2.050459,1.144566,-0.507985,0.118256
150423268254241,2.060460,1.009112,-0.217784,-0.011205
150423278255470,2.070461,0.632109,0.077289,-0.060997
150423288256701,2.080463,0.16245,0.259451,-0.081391
150423298257936,2.090464,-0.333777,0.223185,-0.062002
150423308259384,2.100465,-0.555424,0.098731,-0.117208
150423318260622,2.110467,-0.44377,-0.196002,-0.083379
150423328261866,2.120468,0.013907,-0.658069,0.257527
150423338263097,2.130469,0.703534,-0.908453,0.606996
150423348264328,2.140470,1.277123,-0.860961,0.80653
150423358265559,2.150472,1.663791,-0.775094,0.989494
150423368266804,2.160473,1.745378,-0.696994,1.0581
150423378268039,2.170474,1.542703,-0.591751,0.986677
150423388269269,2.180475,1.089429,-0.458935,0.979759
150423398270494,2.190476,0.465349,-0.399692,1.038406
150423408271725,2.200478,-0.133774,-0.303762,0.988181
150423418272951,2.210479,-0.698452,-0.22908,0.888317
150423428274168,2.220480,-1.156325,-0.233397,0.711934
150423438275155,2.230481,-1.537388,-0.237601,0.589903
150423448276615,2.240483,-1.859502,-0.165894,0.503197
150423458277862,2.250484,-1.924156,-0.055485,0.458648
150423468279093,2.260485,-1.790339,0.012578,0.545777
150423478280308,2.270486,-1.448603,0.060642,0.636437
150423488281539,2.280488,-0.961149,0.031119,0.634452
150423498282756,2.290489,-0.599554,-0.05621,0.518054
150423508283987,2.300490,-0.220648,-0.219845,0.339823
150423518285218,2.310491,0.111392,-0.417397,0.211808
150423528286218,2.320492,0.402543,-0.494667,0.181361
150423538287436,2.330493,0.594167,-0.375793,0.092487
150423548288879,2.340495,0.691117,-0.19944,-1.07E-4
150423558290126,2.350496,0.795062,-0.316306,0.134879
150423568291126,2.360497,0.852808,-0.621952,0.4265
150423578292355,2.370498,0.908765,-0.780663,0.674926
150423588293816,2.380500,0.873327,-0.567682,0.755655
150423598295049,2.390501,0.59197,-0.276093,0.697315
150423608296054,2.400502,-0.004779,-0.034681,0.475133
150423618297499,2.410503,-0.724388,0.055229,0.332665
150423628298732,2.420505,-1.42056,0.09898,0.236236
150423638299977,2.430506,-1.999861,0.183091,0.161361
150423648300997,2.440507,-2.348473,0.432356,0.037714
150423658302212,2.450508,-2.521798,0.707896,-0.100279
150423668303443,2.460509,-2.410515,0.927413,-0.307459
150423678304687,2.470511,-2.079807,0.841001,-0.369229
150423688305913,2.480512,-1.579789,0.483657,-0.364236
150423698307135,2.490513,-0.805463,0.085577,-0.282214
150423708308366,2.500514,0.178902,-0.242948,0.004235
150423718309822,2.510516,1.096026,-0.385784,0.266251
150423728310833,2.520517,1.947413,-0.378572,0.425588
150423738312062,2.530518,2.474832,-0.364201,0.394585
150423748313274,2.540519,2.544212,-0.338063,0.088032
150423758314505,2.550521,2.219045,-0.400741,-0.28445
150423768315722,2.560522,1.843876,-0.44136,-0.523082
150423778316961,2.570523,1.621797,-0.281144,-0.693914
150423788318187,2.580524,1.43832,0.061161,-0.786606
150423798319418,2.590525,1.206011,0.357942,-0.824667
150423808320644,2.600527,0.966817,0.575569,-0.65978
150423818321846,2.610528,0.7984,0.680674,-0.301302
150423828323077,2.620529,0.733483,0.77885,0.002411
150423838324304,2.630530,0.916082,0.92662,0.075395
150423848325549,2.640532,1.237645,0.996964,0.106109
150423858326766,2.650533,1.443707,0.900843,0.226716
150423868327987,2.660534,1.622227,0.770927,0.342475
150423878329227,2.670535,1.672359,0.794389,0.280214
150423888330381,2.680536,1.629585,0.996513,0.098838
150423898331596,2.690538,1.464139,1.282412,-0.157493
150423908332827,2.700539,1.106719,1.514077,-0.39288
150423918334067,2.710540,0.694203,1.693185,-0.492002
150423928335288,2.720541,0.38221,1.857448,-0.404424
150423938336519,2.730543,0.177684,1.98714,-0.169001
150423948337779,2.740544,0.107153,1.929814,0.177314
150423958339005,2.750545,0.246382,1.659872,0.553397
150423968340236,2.760546,0.55641,1.346122,0.815093
150423978341481,2.770547,0.806607,1.17077,0.785889
150423988342712,2.780549,0.742764,1.258783,0.411385
150423998343948,2.790550,0.149987,1.556322,-0.326401
150424008345193,2.800551,-0.800404,1.738708,-1.234594
150424018346194,2.810552,-1.889208,2.013315,-2.301467
150424028347422,2.820553,-2.637091,2.27341,-3.329178
150424038348663,2.830555,-2.935752,2.345767,-3.988608
150424048349889,2.840556,-2.971089,2.245466,-4.154025
150424058351125,2.850557,-2.484261,2.11131,-3.839165
150424068352341,2.860558,-1.506145,1.963171,-3.265966
150424078353571,2.870560,-0.354197,1.840426,-2.641212
150424088354817,2.880561,0.926707,1.855468,-2.1359
150424098356038,2.890562,1.988247,1.911503,-1.636462
150424108357269,2.900563,2.722651,1.877361,-1.175514
150424118358486,2.910564,2.899662,1.690416,-0.722316
150424128359698,2.920566,2.442353,1.338606,-0.387527
150424138360853,2.930567,1.56451,1.153672,-0.24744
150424148362077,2.940568,0.529474,1.186946,-0.188507
150424158363327,2.950569,-0.549695,0.998745,-0.122249
150424168364558,2.960571,-1.850068,0.674027,-0.232762
150424178365783,2.970572,-3.091332,0.361425,-0.513484
150424188367004,2.980573,-3.764369,0.088356,-0.855968
150424198368220,2.990574,-3.667104,-0.063126,-1.250811
150424208369451,3.000575,-2.861528,-0.156801,-1.622473
150424218370682,3.010577,-1.704814,-0.243674,-1.842058
150424228371674,3.020578,-0.672365,-0.349418,-1.878105
150424238372902,3.030579,-0.112692,-0.582732,-1.594396
150424248374133,3.040580,-0.011275,-0.918418,-1.041719
150424258375374,3.050581,-0.291839,-1.224348,-0.483311
150424268376600,3.060583,-0.704791,-1.457126,-0.117871
150424278377831,3.070584,-1.098512,-1.617214,-0.045376
150424288379075,3.080585,-1.26672,-1.838859,-0.102822
150424298380246,3.090586,-1.425183,-1.982539,-0.237993
150424308381561,3.100588,-1.629302,-2.064968,-0.339184
150424318382732,3.110589,-1.942803,-2.186609,-0.392425
150424328383951,3.120590,-2.23293,-2.167818,-0.427818
150424338385181,3.130591,-2.348934,-2.08144,-0.256722
150424348386412,3.140592,-2.457697,-1.898688,0.002881
150424358387648,3.150594,-2.619773,-1.650306,0.246206
150424368388903,3.160595,-2.764354,-1.487006,0.430496
150424378389910,3.170596,-3.079343,-1.386774,0.528572
150424388391139,3.180597,-3.426184,-1.31228,0.623503
150424398392397,3.190598,-3.664738,-1.278774,0.743864
150424408393619,3.200600,-3.757707,-1.283405,0.821352
150424418394835,3.210601,-3.713342,-1.25331,0.879069
150424428396086,3.220602,-3.484001,-1.225539,0.923713
150424438397246,3.230603,-3.253223,-1.365446,1.045106
150424448398551,3.240605,-3.113512,-1.50998,1.096214
150424458399707,3.250606,-3.011319,-1.593696,1.04022
150424468400951,3.260607,-2.995749,-1.699583,0.903889
150424478402187,3.270608,-3.123282,-1.739937,0.624714
150424488403398,3.280609,-3.367177,-1.70456,0.325931
150424498404619,3.290611,-3.654153,-1.654656,0.020502
150424508405625,3.300612,-3.83986,-1.542981,-0.236047
150424518406854,3.310613,-3.954089,-1.439289,-0.396653
150424528408071,3.320614,-3.883146,-1.332353,-0.515387
150424538409302,3.330615,-3.795705,-1.17713,-0.653514
150424548410514,3.340617,-3.726641,-0.930971,-0.701465
150424558411744,3.350618,-3.519928,-0.703578,-0.650152
150424568412910,3.360619,-3.102852,-0.473953,-0.560304
150424578414139,3.370620,-2.489702,-0.080379,-0.470026
150424588415351,3.380621,-1.816075,0.343906,-0.367596
150424598416596,3.390623,-1.222222,0.807541,-0.300962
150424608417826,3.400624,-0.390044,1.414088,-0.420931
150424618419067,3.410625,0.710073,1.879609,-0.574668
150424628420050,3.420626,1.54499,2.313022,-0.846336
150424638421274,3.430627,2.278302,2.923836,-1.339039
150424648422495,3.440628,2.88124,3.749882,-1.867241
150424658423637,3.450630,3.185465,4.366865,-2.286369
150424668424861,3.460631,3.774058,5.120311,-2.786764
150424678426091,3.470632,3.57923,5.496997,-3.39126
150424688427322,3.480633,3.444896,5.269899,-3.648545
150424698428538,3.490635,2.968054,5.42176,-3.867014
150424708429536,3.500636,2.553877,5.67159,-3.552758
150424718430774,3.510637,2.330122,5.363799,-2.69074
150424728432005,3.520638,2.69517,4.513798,-1.455573
150424738433235,3.530639,4.049917,3.250301,-0.12474
150424748434391,3.540640,5.482015,2.159036,0.853615
150424758435620,3.550642,6.814295,1.482081,1.288746
150424768436851,3.560643,8.137055,1.349896,1.334046
150424778438077,3.570644,8.920723,1.712764,1.273864
150424788439298,3.580645,8.909264,2.172114,1.269709
150424798440300,3.590646,7.692458,2.392142,1.308983
150424808441529,3.600648,5.514678,2.573052,1.404247
150424818442685,3.610649,3.567182,2.598375,1.409725
150424828443991,3.620650,1.286446,2.261198,1.438638
150424838445137,3.630651,-0.818782,1.966385,1.247172
150424848446365,3.640652,-2.475893,1.697494,0.833045
150424858447591,3.650654,-3.759162,1.451893,0.24592
150424868448822,3.660655,-4.714687,1.251102,-0.50304
150424878449819,3.670656,-4.944462,0.936103,-1.132038
150424888451048,3.680657,-4.666734,0.440145,-1.507386
150424898452219,3.690658,-3.981949,-0.163179,-1.58554
150424908453452,3.700659,-3.157679,-0.742097,-1.437714
150424918454682,3.710661,-2.604511,-1.166194,-1.244218
150424928455899,3.720662,-1.951588,-1.344308,-1.048054
150424938456901,3.730663,-1.518762,-1.594678,-1.027428
150424948458119,3.740664,-1.242293,-1.714114,-1.233596
150424958459350,3.750665,-1.385064,-1.711482,-1.578083
150424968460576,3.760667,-1.650283,-1.707681,-1.899735
150424978461731,3.770668,-1.934258,-1.760352,-2.048884
150424988462955,3.780669,-2.184657,-1.715342,-2.002697
150424998463953,3.790670,-2.284568,-1.446208,-1.911442
150425008465186,3.800671,-2.232241,-1.135488,-1.67696
150425018466417,3.810672,-2.092143,-0.876698,-1.33052
150425028467663,3.820674,-1.838481,-0.728012,-0.93844
150425038468818,3.830675,-1.741268,-0.626823,-0.497914
150425048470052,3.840676,-1.589247,-0.371566,-0.105175
150425058471292,3.850677,-1.509226,-0.254624,0.2647
150425068472294,3.860678,-1.532922,-0.081916,0.476633
150425078473518,3.870680,-1.429575,0.360641,0.302215
150425088474674,3.880681,-1.389826,0.770335,-0.087774
150425098475889,3.890682,-1.151059,0.909907,-0.395624
150425108477124,3.900683,-0.940896,1.024215,-0.595932
150425118478369,3.910684,-0.870361,1.225483,-0.672864
150425128479376,3.920685,-1.025659,1.436204,-0.516522
150425138480616,3.930687,-1.21198,1.72307,-0.430167
150425148481772,3.940688,-1.17677,1.935976,-0.532031
150425158483010,3.950689,-0.85357,2.057839,-0.673019
150425168484255,3.960690,-0.405467,2.249663,-0.815049
150425178485247,3.970691,-0.049723,2.248585,-0.639926
150425188486471,3.980692,0.193001,2.279784,-0.470526
150425198487692,3.990694,0.215998,2.777014,-0.574323
150425208488848,4.000695,0.685191,2.70436,-0.510802
150425218490073,4.010696,1.014355,2.695331,-0.475917
150425228491075,4.020697,1.251483,2.679745,-0.441132
150425238492293,4.030698,1.361479,2.53035,-0.429511
150425248493449,4.040699,1.333614,2.315231,-0.371106
150425258494688,4.050701,1.516081,2.032323,-0.141251
150425268495919,4.060702,1.774456,1.860011,0.142964
150425278496921,4.070703,2.114362,1.755327,0.399549
150425288498149,4.080704,2.352705,1.61006,0.729814
150425298499305,4.090705,2.371198,1.487866,0.923896
150425308500529,4.100707,2.322405,1.387877,0.900584
150425318501745,4.110708,2.218509,1.32546,0.643893
150425328502742,4.120709,1.962085,1.271969,0.327649
150425338503986,4.130710,1.461808,1.179002,0.035257
150425348505142,4.140711,0.851439,1.250552,-0.218847
150425358506375,4.150712,0.213921,1.289541,-0.322228
150425368507615,4.160714,-0.363107,1.226193,-0.312322
150425378508626,4.170715,-0.916256,1.051466,-0.214825
150425388509787,4.180716,-1.383544,0.826202,-0.054461
150425398511018,4.190717,-1.869064,0.697084,0.079104
150425408512030,4.200718,-2.102462,0.576111,0.109429
150425418513268,4.210719,-2.109969,0.399143,0.01776
150425428514480,4.220720,-1.941852,0.210837,-0.199866
150425438515641,4.230722,-1.748972,0.07262,-0.480087
150425448516869,4.240723,-1.575876,-0.005974,-0.687141
150425458518105,4.250724,-1.657134,-0.037488,-0.845337
150425468519121,4.260725,-1.88642,-0.053956,-0.965481
150425478520259,4.270726,-2.143615,-0.148273,-0.985572
150425488521494,4.280727,-2.349049,-0.19974,-0.993965
150425498522725,4.290729,-2.416016,-0.200516,-1.018006
150425508523733,4.300730,-2.283225,-0.261743,-1.006225
150425518524866,4.310731,-2.093967,-0.204784,-0.975958
150425528526086,4.320732,-1.996152,-0.026001,-0.984186
150425538527332,4.330733,-1.826534,0.182731,-1.013086
150425548528324,4.340734,-1.708996,0.317864,-1.040649
150425558529553,4.350736,-1.595824,0.394254,-1.023119
150425568530709,4.360737,-1.319178,0.409703,-0.969353
150425578531637,4.370738,-0.961461,0.458093,-0.947589
150425588532943,4.380739,-0.544498,0.448507,-0.931777
150425598534098,4.390740,-0.238843,0.582474,-0.913863
150425608535108,4.400741,-0.07377,0.974833,-0.942446
150425618536326,4.410742,-0.128893,1.350154,-0.995636
150425628537553,4.420744,-0.405944,1.447778,-1.009183
150425638538709,4.430745,-0.744314,1.44749,-1.089264
150425648539694,4.440746,-0.957381,1.513751,-1.204495
150425658540923,4.450747,-0.923539,1.638108,-1.273292
150425668542140,4.460748,-0.629076,1.735189,-1.300227
150425678543300,4.470749,-0.368513,1.779801,-1.350062
150425688544543,4.480751,-0.111137,1.690901,-1.3517
150425698545545,4.490752,-0.07755,1.573054,-1.257156
150425708546473,4.500752,-0.216782,1.634429,-1.31398
150425718547702,4.510754,-0.368359,1.664359,-1.484752
150425728548923,4.520755,-0.49558,1.62487,-1.708098
150425738549848,4.530756,-0.489125,1.630868,-1.880102
150425748551082,4.540757,-0.307463,1.598854,-1.877342
150425758552308,4.550758,-0.211734,1.491983,-1.796299
150425768553464,4.560759,-0.110033,1.465501,-1.667896
150425778554697,4.570761,-0.069288,1.601384,-1.516227
150425788555703,4.580762,-0.112717,1.562546,-1.286511
150425798556865,4.590763,-0.201087,1.368881,-1.083565
150425808558096,4.600764,-0.356793,1.182413,-0.933691
150425818559337,4.610765,-0.432643,1.132499,-0.904513
150425828560334,4.620766,-0.632639,1.278086,-0.994676
150425838561500,4.630768,-0.717683,1.391708,-1.167534
150425848562531,4.640769,-0.853799,1.236274,-1.148338
150425858563678,4.650770,-0.978197,1.063832,-1.092977
150425868564878,4.660771,-1.253267,1.084078,-1.079073
150425878565880,4.670772,-1.441508,1.107124,-1.061967
150425888567104,4.680773,-1.401063,0.952098,-1.00491
150425898568246,4.690774,-1.251307,0.74659,-0.862125
150425908569480,4.700775,-0.993612,0.542732,-0.73293
150425918570482,4.710776,-0.58359,0.448766,-0.685001
150425928571701,4.720778,-0.487376,0.59104,-0.763528
150425938572857,4.730779,-0.704065,0.731625,-0.85436
150425948573862,4.740780,-1.105097,0.825177,-1.034613
150425958574994,4.750781,-1.397744,0.798706,-1.220119
150425968576210,4.760782,-1.780923,0.59308,-1.306266
150425978577207,4.770783,-1.907298,0.544557,-1.330432
150425988578355,4.780784,-1.817503,0.557638,-1.146291
150425998579600,4.790786,-1.818521,0.487813,-0.817633
150426008580602,4.800787,-1.761232,0.537463,-0.507638
150426018581739,4.810788,-1.644182,0.549777,-0.37549
150426028582956,4.820789,-1.381432,0.518719,-0.437371
150426038583968,4.830790,-1.090099,0.625702,-0.824143
150426048585206,4.840791,-0.954856,0.638374,-1.147182
150426058586353,4.850792,-0.938214,0.555166,-1.274879
150426068587353,4.860793,-1.088454,0.592501,-1.258893
150426078588519,4.870795,-1.215244,0.68988,-1.16947
150426088589516,4.880796,-1.056026,0.676395,-1.03324
150426098590668,4.890797,-0.7631,0.663484,-0.849409
150426108591899,4.900798,-0.318622,0.828661,-0.750476
150426118592901,4.910799,-0.205144,0.938214,-0.704411
150426128594053,4.920800,-0.157811,0.963332,-0.674894
150426138595313,4.930801,-0.292452,1.060509,-0.780934
150426148596328,4.940802,-0.428629,1.01849,-0.775968
150426158597484,4.950803,-0.538591,0.99918,-0.735731
150426168598720,4.960805,-0.640009,1.180586,-0.761617
150426178599722,4.970806,-0.638058,1.25785,-0.700209
150426188600951,4.980807,-0.575288,1.146194,-0.568881
150426198602116,4.990808,-0.462888,1.105617,-0.426236
150426208603116,5.000809,-0.415621,1.168375,-0.353679
150426218604273,5.010810,-0.534923,1.354294,-0.455583
150426228605285,5.020811,-0.830738,1.565723,-0.760354
150426238606437,5.030812,-1.277923,1.575557,-1.073238
150426248607668,5.040814,-1.461626,1.443951,-1.421234
150426258608670,5.050815,-1.44495,1.412197,-1.652785
150426268609830,5.060816,-1.232527,1.301397,-1.69735
150426278610852,5.070817,-0.73733,1.13681,-1.450349
150426288612004,5.080818,-0.125345,1.105286,-1.049625
150426298613235,5.090819,0.492003,1.129751,-0.713874
150426308614208,5.100820,0.802599,1.197626,-0.53894
150426318615360,5.110821,0.80648,1.360151,-0.640494
150426328616376,5.120822,0.613862,1.367936,-0.723521
150426338617542,5.130824,0.241284,1.188122,-0.702169
150426348618540,5.140825,-0.312652,1.182183,-0.745581
150426358619773,5.150826,-0.699588,1.33117,-0.73207
150426393623698,5.185830,-0.871402,1.215781,-0.31992
150426403624698,5.195831,-0.880513,1.363448,-0.526879
150426413625847,5.205832,-0.941054,1.463228,-0.803035
150426423626862,5.215833,-1.130221,1.555162,-0.923756
150426433628011,5.225834,-0.974473,1.306864,-0.979131
150426443629011,5.235835,-0.806862,1.078018,-0.905993
150426453630223,5.245836,-0.586145,0.989798,-0.758582
150426463631366,5.255837,-0.182477,0.834898,-0.374322
150426473632366,5.265838,0.26004,0.671797,0.052947
150426483633520,5.275840,0.375792,0.692916,0.419706
150426493634491,5.285840,0.325181,0.832529,0.444987
150426503635631,5.295842,-0.029181,0.876179,0.150603
150426513636867,5.305843,-0.649849,0.785294,-0.263538
150426523637867,5.315844,-1.572463,0.578937,-0.682342
150426533639021,5.325845,-1.770392,0.717153,-0.909807
150426543640035,5.335846,-2.018334,0.32156,-0.918367
150426553641160,5.345847,-2.094771,0.401023,-0.955368
150426563642160,5.355848,-1.993622,0.40385,-0.747223
150426573643314,5.365849,-1.712084,0.3297,-0.500348
150426583644300,5.375850,-1.431915,0.359243,-0.44083
150426593645453,5.385851,-1.222816,0.492572,-0.537717
150426603646688,5.395853,-0.99502,0.519488,-0.802849
150426613647688,5.405854,-1.073233,0.449709,-1.067127
150426623648861,5.415855,-1.175987,0.606831,-1.246878
150426633649871,5.425856,-0.958744,0.338833,-1.272719
150426643651025,5.435857,-0.878586,0.228477,-1.215893
150426653652025,5.445858,-0.519165,0.234005,-0.996069
150426663653184,5.455859,-0.129347,0.130384,-0.621218
150426673654198,5.465860,0.116419,0.246448,-0.421054
150426683655338,5.475861,0.21796,0.351851,-0.444508
150426693656343,5.485862,-0.06709,0.363281,-0.561641
150426703657557,5.495864,-0.56056,0.431657,-0.738991
150426713658491,5.505864,-1.197384,0.453859,-0.838784
150426723659655,5.515866,-1.287558,0.763369,-0.803091
150426733660655,5.525867,-1.399409,0.462914,-0.7277
150426743661832,5.535868,-1.349568,0.643433,-0.786499
150426753663074,5.545869,-1.292471,0.782862,-0.670161
150426763663987,5.555870,-1.381532,0.947689,-0.632007
150426773664988,5.565871,-1.442143,1.059835,-0.579004
150426783666141,5.575872,-1.602997,0.979438,-0.528649
150426793667146,5.585873,-1.704538,0.906835,-0.6231
150426803668362,5.595874,-1.389043,0.852073,-0.731657
150426813669290,5.605875,-0.797409,0.671737,-0.684923
150426823670536,5.615877,-0.155446,0.525321,-0.416369
150426833671468,5.625877,0.382885,0.429225,-0.057748
150426843672608,5.635879,0.430298,0.515723,0.13998
150426853673622,5.645880,0.222476,0.847484,-0.049153
150426863674760,5.655881,-0.222208,1.094907,-0.437702
150426873675771,5.665882,-0.956245,1.132668,-0.890813
150426883676906,5.675883,-1.494574,1.267767,-1.23278
150426893678127,5.685884,-1.632975,1.262066,-1.162883
150426903679050,5.695885,-1.585651,1.070929,-0.67709
150426913680050,5.705886,-0.988094,0.998157,-0.128494
150426923681170,5.715887,-0.309144,0.955661,0.390834
150426933682165,5.725888,0.070742,0.93593,0.742013
150426943683393,5.735889,0.216071,1.080915,0.598211
150426953684319,5.745890,-0.057986,1.118661,0.226595
150426963685482,5.755891,-0.677036,1.005751,-0.195349
150426973686467,5.765892,-1.058947,0.984696,-0.678936
150426983687611,5.775894,-1.293301,0.82182,-0.861542
150426993688597,5.785895,-1.150126,0.578377,-0.736748
150427003689520,5.795896,-0.955481,0.610456,-0.44652
150427013690780,5.805897,-0.857913,0.730132,-0.093305
150427023691929,5.815898,-0.931137,0.974054,-0.061859
150427033692934,5.825899,-1.201518,1.187402,-0.343202
150427043694078,5.835900,-1.451416,1.153785,-0.65003
150427053695078,5.845901,-1.800797,1.178944,-0.999765
150427063696232,5.855902,-1.153875,1.043314,-1.208412
150427073697170,5.865903,-0.902578,0.671994,-0.980711
150427083698174,5.875904,-0.325779,0.591602,-0.633559
150427093699336,5.885905,0.257503,0.564259,0.047756
150427103700348,5.895906,0.600544,0.629585,0.751814
150427113701502,5.905908,0.758992,0.899428,1.056633
150427123702487,5.915908,0.416356,1.034899,1.055328
150427133703627,5.925910,-0.254468,1.139371,0.647179
150427143704550,5.935911,-0.892794,1.285627,0.070194
150427153705775,5.945912,-1.324158,1.255469,-0.364724
150427163706695,5.955913,-1.431746,0.965969,-0.339241
150427173707680,5.965914,-1.141451,0.861035,-0.006474
150427183708832,5.975915,-0.76352,0.917293,0.394671
150427193709834,5.985916,-0.41531,1.093739,0.627683
150427203710987,5.995917,-0.174125,1.413256,0.496461
150427213711907,6.005918,-0.080724,1.441692,0.228695
150427223713151,6.015919,-0.37124,1.275529,0.165183
150427233714074,6.025920,-0.779693,1.121697,0.158783
150427243715083,6.035921,-0.968663,0.796852,0.299934
150427253716233,6.045922,-0.870828,0.438554,0.52008
150427263717237,6.055923,-0.39954,0.318267,0.619703
150427273718160,6.065924,-1.248262,0.405057,0.442589
150427283719319,6.075925,-1.948088,0.654102,0.39426
150427293720319,6.085926,-2.301713,1.166024,-0.078875
150427303721487,6.095927,-2.288617,1.118986,-0.38306
150427313722492,6.105928,-1.759017,0.918759,-0.967341
150427323723661,6.115930,-0.627631,0.161922,0.591641
150427333724603,6.125931,-0.997703,0.610361,-0.779627
150427343725608,6.135932,-0.507871,0.781918,-0.204045
150427353726783,6.145933,-0.777576,0.769279,0.077147
150427363727771,6.155934,-1.270387,0.571803,0.388932
150427373728929,6.165935,-1.301819,0.878576,0.032775
150427383729857,6.175936,-0.675282,0.784587,-0.178761
150427393731088,6.185937,-0.024903,0.904501,-0.643303
150427403732011,6.195938,0.432768,1.039967,-1.035196
150427413733025,6.205939,0.64282,0.909853,-0.865963
150427423734169,6.215940,0.843418,0.454713,-0.355985
150427433735092,6.225941,1.138269,0.283014,-0.098668
150427443736323,6.235942,1.103025,0.395199,0.044699
150427453737264,6.245943,0.436454,0.650501,0.095574
150427463738266,6.255944,-0.55602,1.008401,-0.037149
150427473739419,6.265945,-1.892443,1.22358,-0.28355
150427483740342,6.275946,-2.747361,1.274573,-0.60228
150427493741342,6.285947,-3.076957,0.968212,-0.773185
150427503742492,6.295948,-2.585633,0.4629,-0.549655
150427513743400,6.305949,-2.036099,0.159142,-0.171691
150427523744387,6.315950,-1.524204,0.049101,0.332168
150427533745524,6.325952,-1.04914,-0.002049,0.793173
150427543746526,6.335953,-0.958598,0.05343,1.057911
150427553747680,6.345954,-1.095955,0.356297,0.861677
150427563748603,6.355955,-1.070751,0.848888,0.207619
150427573749603,6.365956,-1.615699,1.057263,-0.440267
150427583750526,6.375957,-2.105898,0.851175,-0.881908
150427593751685,6.385958,-2.358529,0.532377,-1.056948
150427603752680,6.395959,-2.213878,0.133614,-0.578662
150427613753826,6.405960,-1.698648,-0.109603,0.069626
150427623754814,6.415961,-1.113862,-0.183361,0.807635
150427633755732,6.425962,-0.672273,0.056212,1.265015
150427643756879,6.435963,-0.442935,0.590383,1.307907
150427653757876,6.445964,-0.557708,1.070904,1.026612
150427663759030,6.455965,-0.714612,1.306697,0.734074
150427673759953,6.465966,-0.6534,1.267599,0.489459
150427683760886,6.475967,-0.094618,0.925559,0.630891
150427693762136,6.485968,-0.034875,0.721434,0.888434
150427703763071,6.495969,-0.220859,0.885045,1.087369
150427713764073,6.505970,-0.624909,1.265364,1.106706
150427723765225,6.515971,-1.230439,1.624335,0.932919
150427733766150,6.525972,-1.579021,1.645623,0.727619
150427743767143,6.535973,-1.454654,1.398916,0.627673
150427753768309,6.545974,-1.05988,1.228835,0.439448
150427763769230,6.555975,-0.723967,1.3287,0.253157
150427773770237,6.565976,-0.663456,1.510892,-0.06531
150427783771180,6.575977,-0.966491,1.675655,-0.402004
150427793772334,6.585978,-1.045156,1.750076,-0.732632
150427803773339,6.595979,-1.117788,1.720804,-0.963706
150427813774498,6.605980,-1.245357,1.438677,-0.996894
150427823775426,6.615981,-1.234149,1.072826,-0.623624
150427833776426,6.625982,-1.112191,1.047861,-0.411854
150427843777348,6.635983,-0.939106,1.214613,-0.346154
150427853778502,6.645985,-0.764184,1.459338,-0.564214
150427863779472,6.655985,-0.931679,1.58895,-0.796788
150427873780397,6.665986,-1.097003,1.415186,-0.760222
150427883781549,6.675988,-1.043709,0.957736,-0.536624
150427893782488,6.685988,-0.856169,-0.030011,-0.433679
150427903783493,6.695989,-0.432612,-0.497205,0.461873
150427913784647,6.705991,-0.071211,-0.470209,1.40218
150427923785649,6.715992,6.25E-4,-0.317072,2.035442
150427933786560,6.725993,-0.189085,0.001949,2.196514
150427943787712,6.735994,-0.882456,0.348438,1.736203
150427953788637,6.745995,-1.872131,0.6329,0.940446
150427963789637,6.755996,-3.070697,1.003912,-0.023609
150427973790555,6.765997,-3.279652,1.119247,-0.942995
150427983791712,6.775998,-3.463707,0.825455,-1.211503
150427993792642,6.785999,-2.86713,0.338045,-0.90102
150428003793627,6.796000,-1.99336,0.016644,-0.015319
150428013794781,6.806001,-1.72166,0.08462,0.620534
150428023795707,6.816002,-1.327008,0.380322,0.930909
150428033796723,6.826003,-0.850808,0.83017,1.094984
150428043797875,6.836004,-1.389097,1.414405,0.838348
150428053798800,6.846005,-1.756023,1.70696,0.581475
150428063799798,6.856006,-1.657174,1.745739,0.436029
150428073800709,6.866007,-1.709541,1.711211,0.648341
150428083801856,6.876008,-1.358895,1.705922,0.703826
150428093802781,6.886009,-0.242137,1.775803,0.282003
150428103803781,6.896010,0.679687,1.846109,-0.27217
150428113804933,6.906011,1.774507,1.821122,-0.767077
150428123805842,6.916012,2.64629,1.483739,-0.447878
150428133806857,6.926013,2.441348,1.39907,0.108676
150428143808021,6.936014,2.049518,1.191699,0.740497
150428153808944,6.946015,1.314792,1.010201,1.253194
150428163809855,6.956016,0.102891,1.532539,0.69187
150428173810857,6.966017,0.638968,2.199547,0.728112
150428183812019,6.976018,1.880869,2.827799,0.773776
150428193812943,6.986019,2.911999,2.70433,1.146402
150428203813956,6.996020,3.316589,2.513059,1.110038
150428213814881,7.006021,3.181452,2.280677,0.357164
150428223816038,7.016022,2.664715,2.139493,-0.582168
150428233816948,7.026023,2.124921,2.295078,-1.142739
150428243817963,7.036024,1.316086,2.260729,-1.246287
150428253819102,7.046025,0.550137,1.651852,-2.715536
150428263820009,7.056026,1.010759,1.546379,-1.461861
150428273820948,7.066027,1.640622,1.526245,0.495853
150428283822177,7.076028,1.46157,1.818732,2.277337
150428293822871,7.086029,2.128911,2.281812,2.588657
150428303824029,7.096030,2.165235,2.52369,2.692842
150428313825016,7.106031,2.029732,2.401153,2.31365
150428323825949,7.116032,1.742533,1.937032,0.297287
150428333826872,7.126033,1.814357,1.82726,0.162006
150428343828024,7.136034,2.127798,2.070551,1.040443
150428353829031,7.146035,1.40321,1.841028,1.434421
150428363829954,7.156036,-0.051672,2.209461,1.610602
150428373831088,7.166037,-0.878001,1.745634,1.633881
150428383831995,7.176038,-1.848276,0.715997,1.695585
150428393832997,7.186039,-2.84332,0.401887,1.430066
150428403834158,7.196040,-3.01947,1.315377,1.197583
150428413835081,7.206041,-2.69145,1.317627,1.222018
150428423836024,7.216042,-1.663305,1.396309,0.683083
150428433837026,7.226043,-0.998185,1.375147,0.075242
150428443837964,7.236044,-0.484773,0.906546,-0.108135
150428453839103,7.246045,-0.303341,0.367339,-0.006284
150428463840025,7.256046,-0.408304,-0.217709,0.344558
150428473841021,7.266047,0.511549,-0.248813,0.457622
150428483841944,7.276048,1.677638,0.323741,-0.237626
150428493843084,7.286049,1.255008,-0.219091,-0.385573
150428503844005,7.296050,1.437748,-0.369702,0.547671
150428513844993,7.306051,-0.00187,0.428984,-0.510089
150428523845916,7.316052,-1.593097,0.026142,-0.148019
150428533847070,7.326053,-1.758228,0.168693,-0.235537
150428543847996,7.336054,-1.912231,0.591142,-0.569186
150428553849025,7.346055,-1.949218,0.920092,-1.116826
150428563849944,7.356056,-2.156815,0.74179,-1.142333
150428573851098,7.366057,-1.596938,0.300965,-0.901219
150428583852019,7.376058,-0.907682,0.58025,-0.712873
150428593852944,7.386059,-0.293692,1.182158,-0.73173
150428603853925,7.396060,0.543362,1.254384,-0.229349
150428613855079,7.406061,-1.368559,0.807872,-0.811746
150428623856000,7.416062,-3.372197,0.439852,-1.168447
150428633856925,7.426063,-3.331693,1.125726,-1.750607
150428643857925,7.436064,-2.536932,1.090554,-1.69315
150428653859079,7.446065,-1.53096,0.99708,-1.305772
150428663860014,7.456066,-1.386753,1.335497,-1.538753
150428673860939,7.466067,-1.147628,1.695108,-1.348332
150428683861967,7.476068,-0.247948,1.206787,-1.186026
150428693862890,7.486069,0.794529,0.807773,-0.784906
150428703864042,7.496070,1.167491,0.404632,-0.282515
150428713864967,7.506071,1.215582,0.859508,-0.22402
150428723865953,7.516072,0.491404,0.744903,0.47957
150428733867112,7.526073,0.401425,1.290233,0.632576
150428743868033,7.536074,-0.52911,1.609754,0.720443
150428753869054,7.546075,-1.275006,1.510012,0.774519
150428763869962,7.556076,-1.479293,1.321392,0.681688
150428773870900,7.566077,-1.138343,0.973335,1.000246
150428783872047,7.576078,-0.533676,1.001415,1.487045
150428793872967,7.586079,-0.395565,1.010643,1.946234
150428803873965,7.596080,-0.41341,1.385565,1.914842
150428813874891,7.606081,-0.97866,1.70545,1.38752
150428823876042,7.616082,-1.862453,1.64935,0.675187
150428833876953,7.626083,-2.296183,1.208457,0.213971
150428843877951,7.636084,-2.291922,0.816349,0.099711
150428853878848,7.646085,-2.075696,0.63083,0.270189
150428863880004,7.656086,-1.475409,0.698129,0.306392
150428873880944,7.666087,-0.781435,0.846617,0.064355
150428883881937,7.676088,-0.835898,0.869543,-0.215894
150428893882862,7.686089,-0.452852,0.438126,-0.380669
150428903884011,7.696090,-0.368717,-0.043957,-0.360598
150428913884916,7.706091,-0.489755,-0.234076,-0.157248
150428923885837,7.716092,0.33179,-0.020567,0.024363
150428933886839,7.726093,1.762724,0.245715,0.091321
150428943887762,7.736094,1.926374,0.375683,-0.016043
150428953888680,7.746095,1.221675,0.474278,-0.124535
150428963889832,7.756096,0.479943,0.18893,0.154071
150428973890834,7.766097,-0.073913,0.063747,0.511001
150428983891757,7.776098,-0.703447,0.199218,0.546409
150428993892680,7.786099,-0.921011,0.892868,0.373938
150429003893846,7.796100,-1.626684,0.920571,0.181989
150429013894834,7.806101,-1.905542,0.847728,-0.131655
150429023895771,7.816102,-1.778629,0.714904,-0.333954
150429033896689,7.826103,-1.730583,0.511832,-0.33076
150429043897832,7.836104,-1.413167,0.207927,-0.12857
150429053898762,7.846105,-0.895641,0.220085,-0.003965
150429063899759,7.856106,-0.48141,0.418172,0.004948
150429073900698,7.866107,-0.34473,0.829224,-0.292117
150429083901850,7.876108,-0.361792,0.864563,-0.411135
150429093902766,7.886109,-0.362213,0.583395,-0.33995
150429103903764,7.896110,-0.840151,0.265093,-0.183049
150429113904689,7.906111,-0.932658,-0.04585,0.015326
150429123905848,7.916112,-0.27538,0.00762,-0.007214
150429133906799,7.926113,-0.652215,0.745842,-0.225918
150429143907802,7.936114,-0.2656,1.271567,-0.296257
150429153908727,7.946115,-0.034463,0.940533,-0.017063
150429163909874,7.956116,-0.577342,0.360553,0.152503
150429173910554,7.966117,-0.092448,-0.125887,0.291327
150429183911721,7.976118,0.926959,-0.25812,0.76866
150429193912727,7.986119,1.161113,-0.108331,0.82778
150429203913650,7.996120,1.702345,0.479091,0.446215
150429213914804,8.006121,1.330679,0.985106,-0.030289
150429223915735,8.016122,0.08982,0.994316,-0.295765
150429233916732,8.026123,-1.070376,0.800782,-0.359459
150429243917655,8.036124,-2.343092,0.551031,-0.182741
150429253918785,8.046125,-2.662487,0.218118,0.047371
150429263919721,8.056126,-1.940559,0.473274,-0.006165
150429273920722,8.066127,-1.005704,0.909441,-0.492546
150429283921660,8.076128,-0.716732,0.782725,-0.746744
150429293922809,8.086129,-0.317751,0.329264,-0.666793
150429303923711,8.096130,-0.038444,-0.085033,-0.596516
150429313924631,8.106131,0.444333,-0.296834,-0.503772
150429323925629,8.116132,1.188127,-0.179253,-0.198873
150429333926559,8.126133,1.18011,0.296441,-0.081869
150429343927711,8.136134,0.137543,0.793551,-0.439649
150429353928650,8.146135,-0.610183,0.714948,-0.640087
150429363929571,8.156136,-0.837243,0.52055,-0.420228
150429373930583,8.166137,-0.632408,0.354304,-0.088751
150429383931737,8.176138,-0.478964,0.164657,0.215722
150429393932645,8.186139,-0.003929,-0.057544,0.545931
150429403933581,8.196140,0.901975,-0.157671,0.736314
150429413934597,8.206141,1.256282,-0.322548,0.525771
150429423935539,8.216142,0.688098,-0.458003,0.359886
150429433936693,8.226143,0.221965,-0.331171,0.255117
150429443937691,8.236144,-0.032912,-0.246238,0.137134
150429453938602,8.246145,-1.002831,-0.230051,-0.356891
150429463939525,8.256146,-1.738675,1.532642,-0.298486
150429473940679,8.266147,-1.825481,1.490853,-0.548243
150429483941681,8.276148,-2.374777,0.466888,-1.081879
150429493942606,8.286149,-2.494524,0.531022,-0.985071
150429503943536,8.296150,-1.324122,0.325706,-0.818179
150429513944675,8.306151,-0.164164,0.020198,-0.513158
150429523945582,8.316152,0.546399,0.317318,0.074213
150429533946522,8.326153,1.46981,0.415355,0.389965
150429543947735,8.336154,1.275002,0.177216,0.658141
150429553948659,8.346155,1.430716,0.189685,0.608151
150429563949582,8.356156,1.508129,0.192891,0.431561
150429573950575,8.366157,0.727928,0.432677,0.03459
150429583951498,8.376157,-0.046191,0.603632,-0.019221
150429593952637,8.386159,-0.133468,0.834742,-0.058932
150429603953544,8.396160,0.299905,1.075263,-0.27368
150429613954551,8.406161,0.965031,0.904264,-0.206652
150429623955474,8.416161,0.778788,0.514503,0.008454
150429633956396,8.426162,0.628501,0.090341,0.341144
150429643957548,8.436164,0.896856,-0.102313,0.701844
150429653958560,8.446165,1.250956,-0.022161,0.610008
150429663959483,8.456165,1.642673,0.33016,0.048543
150429673960631,8.466167,1.028144,0.496502,-0.651894
150429683961552,8.476168,0.046686,0.304492,-0.978536
150429693962569,8.486169,-1.165811,-0.114946,-0.770717
150429703963491,8.496169,-1.147568,-0.364643,-0.384359
150429713964645,8.506171,-0.331578,-0.485305,0.018897
150429723965566,8.516172,0.080149,-0.519004,0.454763
150429733966506,8.526173,0.50606,-0.698659,0.727801
150429743967735,8.536174,0.811726,-0.750416,0.689959
150429753968660,8.546175,0.753809,-0.456246,0.216016
150429763969581,8.556176,-0.039506,-0.322095,-0.192474
150429773970588,8.566177,-0.656062,-0.334596,-0.29296
150429783971506,8.576178,-1.736271,-0.43619,-0.245463
150429793972660,8.586179,-2.277169,-0.273407,-0.120698
150429803973581,8.596180,-2.039264,-0.157943,-0.173943
150429813974583,8.606181,-1.681977,-0.095901,-0.157899
150429823975735,8.616182,-1.130447,-0.077477,-0.020943
150429833976648,8.626183,-0.595583,-0.074571,0.040404
150429843977650,8.636184,-0.092251,-0.013639,-0.111404
150429853978559,8.646185,-0.054379,-0.312953,0.052534
150429863979706,8.656186,0.091436,-0.548097,0.274598
150429873980631,8.666187,0.202961,-0.434334,0.245927
150429883981616,8.676188,0.589791,-0.282433,0.132655
150429893982756,8.686189,0.766259,-0.01539,-0.095725
150429903983662,8.696190,0.823984,0.353265,-0.307264
150429913984587,8.706191,0.38321,0.148788,-0.054917
150429923985585,8.716192,-0.500918,-0.138678,0.495326
150429933986526,8.726193,-0.320843,-0.006402,0.608198
150429943987672,8.736194,0.54617,0.594932,0.394855
150429953988674,8.746195,0.806822,0.838934,-0.11604
150429963989582,8.756196,0.476849,0.909378,-0.452124
150429973990511,8.766197,-0.089847,0.688436,-0.44448
150429983991662,8.776198,-0.440864,0.300463,-0.162903
150429993992664,8.786199,-0.639789,0.23402,-0.239165
150430003993603,8.796200,-0.253626,0.11277,-0.085115
150430013994756,8.806201,0.695892,0.19473,0.064515
150430023995693,8.816202,1.282327,0.497214,0.007966
150430033996699,8.826203,1.384215,0.472278,0.025903
150430043997850,8.836204,1.06941,0.273229,0.204137
150430053998776,8.846205,0.49249,0.079803,0.319182
150430063999788,8.856206,0.252866,-0.031365,0.479801
150430074000713,8.866207,0.13006,-0.003444,0.408808
150430084001636,8.876208,0.111929,0.295082,0.023226
150430094002790,8.886209,-0.171927,0.573443,-0.433196
150430104003790,8.896210,-0.422111,0.580395,-0.448053
150430114004713,8.906211,-0.517119,0.380614,-0.166771
150430124005870,8.916212,-0.588834,0.348432,0.113325
150430134006795,8.926213,-1.082485,0.48435,0.337974
150430144007809,8.936214,-1.079021,0.910184,0.070449
150430154008959,8.946215,-1.160209,1.00387,-0.340852
150430164009879,8.956216,-1.109713,0.469074,-0.2762
150430174010853,8.966217,-0.216187,0.153472,-0.158643
150430184011762,8.976218,0.995992,-0.170505,0.104956
150430194012901,8.986219,1.433022,-0.33462,0.347919
150430204013894,8.996220,1.493724,-0.231255,0.410719
150430214014814,9.006221,1.228659,-0.279491,0.319045
150430224015966,9.016222,0.593759,-0.251127,-0.105275
150430234016982,9.026223,0.154616,-0.215061,-0.551954
150430244017905,9.036224,-0.329918,-0.262078,-0.7424
150430254019059,9.046225,-0.38138,-0.186925,-0.62348
150430264019980,9.056226,-0.876305,-0.034892,-0.72891
150430274020896,9.066227,-1.263736,0.037679,-0.722111
150430284021896,9.076228,-1.411391,-0.026313,-0.78009
150430294022804,9.086229,-1.217783,-0.294813,-0.68155
150430304023956,9.096230,-0.697263,-0.488857,-0.628575
150430314024958,9.106231,-0.519548,-0.722294,-0.374652
150430324025881,9.116232,-0.760189,-0.954341,0.006632
150430334027035,9.126233,-0.562785,-1.062541,0.221388
150430344027970,9.136234,-0.412303,-1.134224,-0.105523
150430354028992,9.146235,-0.301907,-1.058748,-0.516798
150430364030159,9.156236,-0.473295,-0.684094,-1.242348
150430374031088,9.166237,-0.865696,-0.461192,-1.567327
150430384032097,9.176238,-1.469996,-0.453122,-0.867203
150430394033016,9.186239,-1.539233,-0.197973,-0.495267
150430404033925,9.196240,-0.924584,-0.235515,-0.091325
150430414035169,9.206241,0.49883,-0.463249,0.19822
150430424036107,9.216242,1.150664,-0.482952,0.248681
150430434037261,9.226243,1.273899,-0.50637,0.140013
150430444038259,9.236244,1.471611,-0.945116,-0.048043
150430454039179,9.246245,1.705367,-0.861239,-0.301496
150430464040345,9.256246,1.537732,-0.502148,0.04861
150430474041270,9.266247,0.7817,-0.103253,0.500301
150430484042191,9.276248,0.025921,0.449821,0.60145
150430494043422,9.286249,-0.58482,0.816044,0.318202
150430504044350,9.296250,-0.974329,0.999332,0.040918
150430514045275,9.306251,-1.342404,0.838658,-0.154106
150430524046268,9.316252,-0.992133,0.21731,0.240626
150430534047193,9.326253,-0.040014,-0.266913,0.663289
150430544048345,9.336254,0.955712,-0.265941,0.809228
150430554049270,9.346255,1.088773,0.27908,0.532839
150430564050266,9.356256,1.211237,0.649498,0.232186
150430574051424,9.366257,0.537526,0.730413,0.304741
150430584052345,9.376258,-0.119168,0.392742,0.53437
150430594053333,9.386259,-0.582893,0.053155,1.210724
150430604054472,9.396260,-0.192591,0.124,1.627518
150430614055395,9.406261,0.437625,0.449194,1.492862
150430624056395,9.416262,0.594354,0.947368,0.841534
150430634057318,9.426263,0.126887,1.132865,0.286364
150430644058466,9.436264,-0.260312,1.196555,-0.064166
150430654059391,9.446265,-0.682343,0.971237,0.113022
150430664060405,9.456266,-0.808936,0.516314,0.331781
150430674061323,9.466267,-0.634828,0.069182,0.41094
150430684062475,9.476268,0.550782,0.003006,0.226687
150430694063400,9.486269,1.453741,0.230788,-0.212004
150430704064400,9.496270,1.752987,0.379087,-0.591249
150430714065554,9.506272,1.336952,0.115817,-0.581832
150430724066552,9.516273,1.182216,-0.62414,0.104797
150430734067713,9.526274,1.448857,-1.138292,0.986278
150430744068629,9.536275,2.139353,-1.151515,1.549706
150430754069631,9.546276,2.561159,-1.054551,1.667311
150430764070554,9.556277,1.896932,-0.608595,1.004799
150430774071713,9.566278,0.794634,-0.101105,0.107085
150430784072638,9.576279,-0.515562,-0.083659,-0.37726
150430794073624,9.586280,-2.013665,-0.427102,-0.30002
150430804074555,9.596281,-3.263505,-0.853235,-0.015573
150430814075717,9.606282,-2.689381,-1.101075,0.493209
150430824076639,9.616283,-1.197162,-0.941421,0.77666
150430834077651,9.626284,-0.298933,-0.480598,0.365287
150430844078559,9.636285,-0.097819,0.047515,-0.289718
150430854079713,9.646286,-1.103881,0.468546,-0.912623
150430864080707,9.656287,-2.13095,0.6085,-0.994209
150430874081632,9.666288,-2.788128,0.503227,-1.015979
150430884082784,9.676289,-2.951108,-0.436156,-0.641376
150430894083709,9.686290,-1.59524,-1.166096,0.168036
150430904084702,9.696291,0.601831,-1.022628,0.563848
150430914085862,9.706292,2.200519,-0.503217,0.507181
150430924086783,9.716293,3.370306,-0.212643,0.462691
150430934087785,9.726294,3.343562,-0.53398,0.513103
150430944088929,9.736295,2.593221,-0.955184,0.895064
150430954089849,9.746296,1.455064,-0.621752,0.90708
150430964090783,9.756297,0.377624,0.050795,0.629601
150430974091785,9.766298,-0.47959,0.696635,-0.077232
150430984092947,9.776299,-0.931688,0.908944,-0.589135
150430994093867,9.786300,-1.155013,0.686778,-0.511795
150431004094858,9.796301,-1.072801,0.179214,0.196173
150431014096011,9.806302,-0.110923,0.157173,0.843119
150431024096932,9.816303,0.91411,0.85094,0.927379
150431034097877,9.826304,1.351878,1.339224,0.525725
150431044098877,9.836305,1.030654,1.176769,0.303165
150431054100030,9.846306,0.646314,0.594756,0.500579
150431064100951,9.856307,0.873825,-0.12912,0.904882
150431074101939,9.866308,1.824042,-0.553314,1.377072
150431084103091,9.876309,2.357391,-0.344074,1.251156
150431094104093,9.886310,2.630882,0.015715,1.06011
150431104105021,9.896311,1.973445,0.475906,0.404978
150431114106180,9.906312,0.258872,0.772419,-0.073284
150431124107101,9.916313,-0.822246,0.900668,-0.530394
150431134108026,9.926314,-1.733107,0.849782,-0.776671
150431144109026,9.936315,-1.628955,0.798739,-0.857643
150431154110165,9.946316,-0.645139,0.682961,-0.652476
150431164111086,9.956317,0.398346,0.759482,-0.448448
150431174112088,9.966318,0.861429,0.796321,-0.283546
150431184113011,9.976319,0.883898,0.703895,-0.178555
150431194114180,9.986320,0.741169,0.278441,0.105199
150431204115163,9.996321,1.272594,-0.372271,0.776648
150431214116103,10.006322,1.720373,-0.791224,1.666705
150431224117254,10.016323,2.184878,-0.727824,2.018646
150431234118254,10.026324,1.945221,-0.152734,1.391395
150431244119179,10.036325,0.514713,0.255723,0.424543
150431254120088,10.046326,-0.811379,0.216123,-0.056062
150431264121254,10.056327,-1.93023,-0.246756,-0.208452
150431274122254,10.066328,-2.641819,-0.556173,-0.230652
150431284123160,10.076329,-1.942709,-0.732923,0.11774
150431294124083,10.086330,-0.357895,-0.560571,0.443224
150431304125235,10.096331,0.405039,-0.211649,0.385358
150431314126237,10.106332,0.304513,-0.010612,0.204245
150431324127160,10.116333,-0.758532,0.177433,-0.127475
150431334128328,10.126334,-1.272899,-0.072323,-0.343775
150431344129326,10.136335,-1.718745,-0.242066,-0.452809
150431354130242,10.146336,-2.077401,-0.260326,-0.579505
150431364131380,10.156337,-1.66492,-0.360777,-0.2184
150431374132291,10.166338,-0.773522,-0.26984,-0.229101
150431384133262,10.176339,0.037613,-0.450798,-0.378528
150431394134416,10.186340,0.745103,-1.140136,0.029041
150431404135337,10.196341,0.665989,-1.68828,0.488784
150431414136339,10.206342,1.03394,-1.813285,1.084882
150431424137510,10.216344,1.458343,-1.613619,0.901987
150431434138447,10.226344,1.157218,-1.027699,0.341918
150431444139342,10.236345,-0.660804,-0.476857,-0.571499
150431454140343,10.246346,-1.712905,-0.37748,-1.115605
150431464141497,10.256347,-2.905309,-0.421275,-1.643344
150431474142420,10.266348,-4.10851,-0.470056,-1.877769
150431484143416,10.276349,-3.994813,-0.802818,-1.483287
150431494144353,10.286350,-2.091152,-0.725602,-0.800027
150431504145505,10.296352,-0.310234,-0.595393,-0.241969
150431514146433,10.306352,1.242182,-0.591662,0.354689
150431524147449,10.316353,2.02098,-0.836445,0.672696
150431534148598,10.326355,1.794217,-0.784539,0.764014
150431544149519,10.336356,1.27235,-0.42257,0.752924
150431554150534,10.346357,1.121214,-0.316041,0.761231
150431564151701,10.356358,0.23701,-0.16142,0.379713
150431574152632,10.366359,-0.426776,0.103622,-0.114401
150431584153630,10.376360,-0.784192,0.319088,-0.685268
150431594154550,10.386361,-0.867867,0.199366,-0.806942
150431604155702,10.396362,-0.681202,-0.053123,-0.651428
150431614156651,10.406363,-0.046422,0.122867,-0.399079
150431624157665,10.416364,0.609832,0.337166,-0.271293
150431634158819,10.426365,1.046572,0.620709,-0.278844
150431644159745,10.436366,0.934075,0.762105,-0.39037
150431654160676,10.446367,0.397959,0.44865,-0.468903
150431664161662,10.456368,0.271511,-0.114357,-0.204199
150431674162800,10.466369,0.881792,-0.37584,0.455212
150431684163793,10.476370,2.197701,-0.330258,0.954054
150431694164714,10.486371,3.289855,-0.01944,1.322187
150431704165870,10.496372,3.482339,0.329503,1.323355
150431714166872,10.506373,2.646202,0.525472,1.068859
150431724167782,10.516374,0.905698,0.633482,0.992343
150431734168949,10.526375,-0.503037,0.468156,1.099975
150431744169851,10.536376,-1.268096,0.318418,1.239536
150431754170867,10.546377,-1.27023,0.552235,0.948277
150431764171790,10.556378,-1.022773,0.898168,0.321131
150431774172944,10.566379,-0.906392,1.111467,-0.449393
150431784173841,10.576380,-0.859574,0.846185,-0.932367
150431794174843,10.586381,-0.42454,0.30362,-1.102548
150431804175776,10.596382,-0.236435,-0.305489,-1.053213
150431814176930,10.606383,0.207944,-0.365555,-0.924922
150431824177908,10.616384,1.160948,-0.384244,-0.473651
150431834178843,10.626385,1.421786,-0.440759,-0.246474
150431844179997,10.636386,1.555388,-0.527675,-0.145612
150431854180997,10.646387,1.680454,-0.713258,-0.059088
150431864181934,10.656388,1.032552,-0.990796,-0.003004
150431874182857,10.666389,1.253037,-1.174467,0.250033
150431884184014,10.676390,1.830279,-1.05542,0.336716
150431894185031,10.686391,1.303321,-0.775957,0.19962
150431904185925,10.696392,0.260518,-0.671759,-0.075527
150431914187086,10.706393,-0.320062,-0.8239,-0.01994
150431924188077,10.716394,-1.349187,-0.797341,0.056339
150431934189006,10.726395,-1.78936,-0.682958,0.178626
150431944190161,10.736396,-1.121098,-0.357052,0.260863
150431954191110,10.746397,-0.02809,-0.474623,0.51688
150431964192112,10.756398,0.684749,-0.717783,0.411574
150431974193264,10.766399,0.512317,-0.66398,0.121736
150431984194178,10.776400,0.201139,-0.460317,-0.109759
150431994195192,10.786401,0.094139,-0.432209,-0.147646
150432004196112,10.796402,-0.092534,-0.601598,0.118164
150432014197035,10.806403,0.372542,-0.717324,0.333914
150432024198189,10.816404,0.653129,-0.943965,0.57977
150432034199175,10.826405,0.524338,-1.035254,0.632565
150432044200322,10.836406,0.713584,-0.939135,0.797763
150432054201231,10.846407,2.077405,-0.979485,0.897442
150432064202231,10.856408,2.823503,-1.236207,0.879622
150432074203156,10.866409,2.262915,-1.062358,0.722371
150432084204315,10.876410,1.483012,-0.792511,0.618092
150432094205238,10.886411,0.923291,-0.695272,0.578183
150432104206233,10.896412,0.396094,-0.523015,0.379467
150432114207152,10.906413,0.592349,-0.451941,0.347981
150432124208299,10.916414,-0.042627,-0.672123,0.535072
150432134209286,10.926415,-0.135374,-0.870688,0.791764
150432144210209,10.936416,0.454142,-0.732027,0.78941
150432154211363,10.946417,0.978989,-0.408966,0.50668
150432164212366,10.956418,1.212741,-0.327999,0.240441
150432174213286,10.966419,1.029319,-0.617918,0.084638
150432184214440,10.976420,0.182182,-0.748432,-0.036167
150432194215438,10.986421,-0.101708,-0.793481,0.047811
150432204216363,10.996422,0.034145,-0.74665,0.079412
150432214217522,11.006424,0.409185,-0.524054,-0.105314
150432224218443,11.016424,0.524803,-0.607699,-0.027809
150432234219469,11.026425,0.577326,-0.783167,0.204122
150432244220392,11.036426,0.740082,-0.917082,0.193496
150432254221559,11.046428,0.837338,-0.99184,0.060069
150432264222475,11.056428,1.287823,-0.921519,0.174515
150432274223477,11.066429,1.779904,-0.804647,0.327928
150432284224634,11.076431,1.301496,-0.817894,0.292962
150432294225624,11.086432,0.67697,-0.851915,0.24683
150432304226554,11.096433,0.428409,-0.913362,0.057316
150432314227477,11.106433,0.52949,-0.838999,-0.058317
150432324228629,11.116435,-0.17569,-1.110997,-0.254022
150432334229621,11.126436,0.037106,-1.098719,-0.215332
150432344230544,11.136437,0.485337,-1.177616,-0.12333
150432354231703,11.146438,0.399338,-0.968152,-0.26163
150432364232629,11.156439,0.32723,-0.820383,-0.327102
150432374233631,11.166440,0.084463,-0.795083,-0.254938
150432384234554,11.176441,0.107043,-0.786074,-0.178181
150432394235783,11.186442,0.283538,-0.750475,-0.297408
150432404236708,11.196443,0.652168,-0.74163,-0.336562
150432414237862,11.206444,0.753798,-0.903131,-0.160415
150432424238783,11.216445,0.549853,-1.073639,0.020422
150432434239788,11.226446,0.525026,-1.138387,0.204356
150432444240713,11.236447,0.873548,-1.036073,0.268269
150432454241862,11.246448,1.145648,-1.001495,0.212941
150432464242860,11.256449,0.939435,-1.067221,0.072478
150432474243794,11.266450,0.564513,-1.051987,-0.029473
150432484244932,11.276451,0.444244,-0.963483,0.031873
150432494245855,11.286452,0.005541,-0.732034,0.064526
150432504246846,11.296453,-0.40972,-0.671115,0.037692
150432514248011,11.306454,-0.66702,-0.352406,0.088352
150432524248932,11.316455,-1.029611,-0.280882,-0.056105
150432534249934,11.326456,-1.109796,-0.265928,-0.067525
150432544251082,11.336457,-0.914923,-0.324127,0.05917
150432554252005,11.346458,-0.454113,-0.407624,0.344727
150432564253005,11.356459,-0.073812,-0.457856,0.495983
150432574253930,11.366460,0.20331,-0.671673,0.688916
150432584255072,11.376461,0.444653,-1.203165,0.824999
150432594255995,11.386462,0.902104,-1.408812,0.717002
150432604256997,11.396463,1.245941,-1.431554,0.673273
150432614258151,11.406464,1.61448,-1.209035,0.53439
150432624259135,11.416465,1.419039,-1.147823,0.353498
150432634260074,11.426466,1.178021,-1.05339,0.179516
150432644261212,11.436467,0.735628,-1.121229,0.123223
150432654262154,11.446468,-0.09925,-1.020143,-0.047511
150432664263144,11.456469,-0.989719,-0.822178,-0.180048
150432674264298,11.466470,-1.685544,-0.577929,-0.312593
150432684265235,11.476471,-1.865001,-0.289287,-0.575531
150432694266213,11.486472,-1.810611,-0.289269,-0.714682
150432704267365,11.496473,-1.374931,-0.298203,-0.803033
150432714268288,11.506474,-0.850266,-0.317546,-0.642039
150432724269286,11.516475,-0.761414,-0.436043,-0.511634
150432734270209,11.526476,-0.049788,-0.671376,-0.420418
150432744271365,11.536477,0.637952,-0.87297,-0.389717
150432754272360,11.546478,0.924926,-1.088945,-0.298596
150432764273514,11.556480,1.018585,-1.23177,-0.371467
150432774274437,11.566480,0.87809,-1.567554,0.188529
150432784275442,11.576481,1.09105,-0.821134,-0.567313
150432794276381,11.586482,1.517801,-0.752646,-0.047164
150432804277533,11.596484,1.231294,-1.041593,0.301461
150432814278519,11.606485,1.327586,-1.13141,0.111315
150432824279444,11.616485,1.133999,-0.910934,-0.482467
150432834280591,11.626487,1.083168,-1.213388,0.197092
150432844281524,11.636488,0.779997,-1.201777,0.288695
150432854282526,11.646489,1.380016,-1.185576,0.694226
150432864283683,11.656490,2.600806,-0.893949,0.846831
150432874284611,11.666491,3.174209,-1.025555,1.062395
150432884285613,11.676492,2.319365,-0.940877,0.812299
150432894286541,11.686493,0.617424,-0.990549,0.960089
150432904287769,11.696494,-0.763922,-0.899079,1.537344
150432914288687,11.706495,-1.907758,-0.341611,0.504967
150432924289841,11.716496,-1.293307,-0.007406,0.378329
150432934290765,11.726497,-1.543678,-0.097661,-0.09467
150432944291767,11.736498,-1.060041,0.203994,-0.722472
150432954292923,11.746499,-0.792017,-0.077472,-0.760761
150432964293841,11.756500,-0.003122,-0.228623,-0.725882
150432974294844,11.766501,1.062819,-0.338613,-0.36761
150432984296010,11.776502,1.37242,-0.593537,-0.163177
150432994296947,11.786503,0.452119,-0.529211,-0.359839
150433004297947,11.796504,0.311661,0.126491,-0.667086
150433014299101,11.806505,0.013443,-0.10992,-0.542485
150433024300024,11.816506,0.573287,-0.339757,-0.075412
150433034301019,11.826507,1.14728,-0.575203,0.434209
150433044302173,11.836508,1.658573,-1.053012,0.940223
150433054303096,11.846509,2.233411,-1.256955,1.080818
150433064304098,11.856510,3.178362,-0.513372,0.819671
150433074305036,11.866511,3.345701,-0.61077,1.142203
150433084306189,11.876512,3.046856,-0.728908,1.423644
150433094307202,11.886513,2.669747,-0.550468,1.255278
150433104308128,11.896514,2.058641,-0.183338,0.952032
150433114309295,11.906515,0.480236,-0.742501,1.060728
150433124310289,11.916516,-0.125919,-0.899038,0.804145
150433134311213,11.926517,-1.120327,0.638189,-0.57214
150433144312366,11.936518,-1.906604,0.268829,-0.872415
150433154313364,11.946519,-1.235304,0.207667,-0.667831
150433164314523,11.956521,-0.314237,0.02707,-0.501534
150433174315432,11.966521,0.599398,-0.632454,-0.03892
150433184316438,11.976522,1.381292,-0.964561,0.379972
150433194317362,11.986523,2.25248,-0.659485,0.611069
150433204318520,11.996525,1.814405,-2.011699,1.371279
150433214319443,12.006525,1.427053,-1.446229,1.106158
150433224320443,12.016526,-0.002634,-0.869621,0.690781
150433234321597,12.026528,-1.323347,-0.818102,0.417954
150433244322597,12.036529,-2.097451,-0.36078,0.100751
150433254323735,12.046530,-2.468708,-0.124611,-0.212131
150433264324735,12.056531,-1.647659,-0.34484,0.081884
150433274325645,12.066532,-0.235821,-0.310597,0.648104
150433284326797,12.076533,0.406491,-1.014637,1.032404
150433294327783,12.086534,1.504998,-0.432598,0.774133
150433304328694,12.096535,1.85073,-2.488028,1.784036
150433314329831,12.106536,2.318447,-1.115159,1.33885
150433324330841,12.116537,1.752289,-0.912508,0.979461
150433334331761,12.126538,0.63081,-1.103862,0.914618
150433344332684,12.136539,-0.045089,-0.848745,0.553439
150433354333838,12.146540,-1.049719,-0.690696,0.143565
150433364334833,12.156541,-1.189325,-0.484739,-0.158616
150433374335987,12.166542,-0.892664,-0.282551,-0.155129
150433384336985,12.176543,-0.249363,-0.342432,-0.06588
150433394337910,12.186544,0.153923,-0.376251,0.016855
150433404338833,12.196545,0.270635,-0.504839,-0.097031
150433414340059,12.206546,0.72742,-0.551692,-0.130964
150433424340977,12.216547,0.883504,-0.598341,-0.045499
150433434342129,12.226548,1.038904,-0.597837,0.109799
150433444343131,12.236549,0.776152,-0.630211,0.193307
150433454344273,12.246550,0.721029,-0.607948,0.03528
150433464345191,12.256551,0.837602,-0.587905,-0.256456
150433474346177,12.266552,0.686043,-0.649983,-0.07139
150433484347102,12.276553,0.674617,-0.596954,0.167952
150433494348270,12.286554,1.024927,-0.638697,0.521624
150433504349268,12.296555,1.276055,-0.604788,0.636235
150433514350422,12.306556,1.500921,-0.568193,0.551856
150433524351340,12.316557,1.392167,-0.525398,0.276615
150433534352340,12.326558,1.038792,-0.466856,-0.008918
150433544353265,12.336559,0.769507,-0.519184,-0.055173
150433554354420,12.346560,0.420615,-0.578871,0.101613
150433564355405,12.356561,0.476578,-0.499442,0.218329
150433574356552,12.366563,0.697295,-0.41459,0.198611
150433584357557,12.376564,0.567962,-0.278346,-0.003258
150433594358492,12.386564,0.136471,-0.230917,-0.27323
150433604359649,12.396566,-0.473015,-0.162616,-0.326062
150433614360567,12.406567,-0.367676,0.006116,-0.32166
150433624361569,12.416568,-0.217976,-0.019288,-0.306833
150433634362745,12.426569,0.192062,-0.0358,-0.166018
150433644363745,12.436570,0.561992,-0.304705,-0.084611
150433654364913,12.446571,0.608121,-0.518661,0.090051
150433664365851,12.456572,1.048815,-0.652134,0.137673
150433674366837,12.466573,1.37913,-0.718015,0.177237
150433684367752,12.476574,1.448344,-0.608877,0.184345
150433694368906,12.486575,1.080774,-0.510678,0.21413
150433704369921,12.496576,0.665471,-0.455195,0.14953
150433714371073,12.506577,0.191784,-0.411724,-0.007562
150433724372073,12.516578,-9.36E-4,-0.41191,-0.100886
150433734373007,12.526579,0.0972,-0.552396,-0.095041
150433744374159,12.536580,0.376309,-0.520185,-0.004031
150433754375082,12.546581,0.520123,-0.462078,0.101768
150433764376303,12.556582,0.54664,-0.413408,0.048316
150433774377202,12.566583,0.507221,-0.475486,-0.080053
150433784378125,12.576584,0.317063,-0.533452,-0.211711
150433794379361,12.586585,0.144732,-0.605082,-0.277448
150433804380284,12.596586,0.49393,-0.810372,-0.207175
150433814381272,12.606587,0.818512,-1.009142,0.076207
150433824382424,12.616588,0.877996,-0.933081,0.235074
150433834383342,12.626589,0.904589,-0.83942,0.36453
150433844384358,12.636590,1.065066,-0.765481,0.300865
150433854385515,12.646592,0.625554,-0.521839,-0.064049
150433864386520,12.656593,0.014331,-0.407749,-0.35638
150433874387449,12.666593,-0.314619,-0.444957,-0.350689
150433884388601,12.676595,-0.841551,-0.504792,-0.306029
150433894389529,12.686596,-0.703096,-0.518186,-0.078597
150433904390531,12.696597,-0.291111,-0.405163,0.030193
150433914391685,12.706598,0.005395,-0.332475,-0.023785
150433924392698,12.716599,0.238652,-0.520784,-0.120663
150433934393856,12.726600,0.260165,-0.756647,-0.147194
150433944394856,12.736601,0.087552,-0.953783,-0.033702
150433954395799,12.746602,0.361353,-0.969599,0.115677
150433964396940,12.756603,0.193166,-0.906657,0.009102
150433974397938,12.766604,0.059082,-0.751564,-0.324529
150433984398873,12.776605,-0.151834,-0.665315,-0.648295
150433994400027,12.786606,-0.76466,-0.619898,-0.86897
150434004401025,12.796607,-0.830291,-0.644311,-1.019969
150434014401955,12.806608,-0.569378,-0.868238,-0.872503
150434024403093,12.816609,-0.041605,-1.087554,-0.466003
150434034404101,12.826610,0.612096,-1.081961,-0.216473
150434044405021,12.836611,1.088794,-1.037004,0.072717
150434054406250,12.846612,1.267603,-0.9581,0.233283
150434064407160,12.856613,0.982573,-0.946945,0.386238
150434074408308,12.866614,0.472118,-0.974549,0.375753
150434084409231,12.876615,0.322145,-1.063609,0.465696
150434094410237,12.886616,0.223464,-1.114157,0.510575
150434104411394,12.896617,0.197073,-1.166645,0.580962
150434114412389,12.906618,0.258179,-1.000154,0.407575
150434124413552,12.916620,-0.20916,-0.777855,0.017631
150434134414476,12.926620,-0.680374,-0.593696,-0.339162
150434144415478,12.936621,-1.189256,-0.379919,-0.648866
150434154416645,12.946623,-1.03127,-0.235543,-0.842494
150434164417644,12.956624,-0.990664,-0.18231,-0.899088
150434174418564,12.966625,-0.789938,-0.390922,-0.61352
150434184419706,12.976626,-0.148233,-0.597073,-0.355572
150434194420707,12.986627,0.702743,-0.649734,-0.261443
150434204421632,12.996628,1.07366,-0.758047,-0.153426
150434214422860,13.006629,1.386068,-0.872524,-0.126346
150434224423785,13.016630,1.504705,-0.959568,-0.114546
150434234424937,13.026631,0.933926,-0.916966,-0.205943
150434244425860,13.036632,0.649858,-0.789528,-0.226752
150434254426862,13.046633,0.13625,-0.56259,-0.407155
150434264428011,13.056634,-0.306751,-0.325699,-0.633917
150434274429002,13.066635,-0.686575,-0.206169,-0.62277
150434284429925,13.076636,-0.527745,-0.270733,-0.44999
150434294431154,13.086637,-0.107981,-0.4169,-0.329069
150434304432060,13.096638,0.156054,-0.548505,-0.301566
150434314433209,13.106639,0.638389,-0.479225,-0.307885
150434324434221,13.116640,1.01271,-0.377546,-0.430809
150434334435137,13.126641,0.705549,-0.305495,-0.475392
150434344436305,13.136642,0.31904,-0.34812,-0.424189
150434354437303,13.146643,-0.144691,-0.309915,-0.312078
150434364438457,13.156644,-0.389138,-0.446734,-0.207868
150434374439395,13.166645,-0.049816,-0.48245,-0.225837
150434384440397,13.176646,0.368368,-0.295648,-0.494477
150434394441563,13.186648,0.615199,-0.269283,-0.805977
150434404442486,13.196648,0.624094,-0.332346,-0.941527
150434414443717,13.206650,0.882089,-0.480964,-0.652811
150434424444640,13.216651,1.073312,-0.539078,-0.245049
150434434445642,13.226652,1.593648,-0.635043,0.227452
150434444446570,13.236653,2.340798,-0.774457,0.551647
150434454447714,13.246654,2.819659,-0.933639,0.667053
150434464448707,13.256655,2.906758,-1.084796,0.805766
150434474449876,13.266656,3.013967,-1.241985,0.763932
150434484450861,13.276657,2.637076,-1.2171,0.700252
150434494451786,13.286658,1.937554,-1.104214,0.675302
150434504452940,13.296659,1.266161,-0.865085,0.62361
150434514453921,13.306660,0.810537,-0.621641,0.550666
150434524454844,13.316661,0.662511,-0.301245,0.253227
150434534456017,13.326662,0.47029,-0.013291,-0.177837
150434544457003,13.336663,0.174842,0.215891,-0.546252
150434554458125,13.346664,-0.079305,0.295296,-0.588735
150434564459125,13.356665,0.152893,0.298921,-0.37369
150434574460264,13.366666,0.390073,0.277727,-0.130686
150434584461173,13.376667,1.129578,0.201607,0.117458
150434594462168,13.386668,1.885665,0.174782,0.259981
150434604463093,13.396669,2.160008,0.161148,0.176158
150434614464312,13.406670,2.078038,0.169247,0.121908
150434624465266,13.416671,1.87262,0.285295,-0.0687
150434634466438,13.426672,1.643674,0.630088,-0.340823
150434644467438,13.436673,1.362387,1.136537,-0.805787
150434654468592,13.446675,1.031902,1.782612,-1.29951
150434664469534,13.456676,0.934149,1.932274,-1.404033
150434674470536,13.466677,1.370982,1.578978,-0.947647
150434684471685,13.476678,2.142516,1.259619,-0.237725
150434694472606,13.486679,3.285897,1.11038,0.265382
150434704473598,13.496680,4.240393,0.917598,0.533178
150434714474762,13.506681,4.320572,0.605196,0.5139
150434724475776,13.516682,3.634497,0.607567,0.086467
150434734476699,13.526683,2.217477,0.827365,-0.586915
150434744477853,13.536684,0.799153,0.863148,-0.833409
150434754478872,13.546685,-1.04534,0.440901,-0.436375
150434764480031,13.556686,-2.21638,0.128881,0.13779
150434774481029,13.566687,-1.992145,-0.07062,1.009051
150434784482182,13.576688,-0.752969,-0.379926,1.489795
150434794483192,13.586689,0.224035,-0.893651,1.590774
150434804484101,13.596690,0.523301,-1.072753,1.206786
150434814485012,13.606691,0.005579,-1.283026,0.708277
150434824486161,13.616692,-0.859585,-1.523685,0.203387
150434834487152,13.626693,-1.908834,-1.64687,-0.182649
150434844488303,13.636694,-2.805428,-1.667256,-0.260702
150434854489308,13.646695,-3.211645,-1.628924,-0.206757
150434864490475,13.656696,-3.0904,-1.580826,-0.357195
150434874491385,13.666697,-2.561436,-1.420861,-0.91137
150434884492391,13.676698,-2.358842,-1.300186,-1.596363
150434894493545,13.686700,-2.46663,-1.274843,-2.134321
150434904494538,13.696701,-2.52428,-1.590445,-2.151186
150434914495692,13.706702,-2.112556,-2.033156,-1.590702
150434924496692,13.716703,-1.394548,-2.536212,-0.631945
150434934497612,13.726704,-0.660256,-3.002873,0.023154
150434944498764,13.736705,-0.123724,-3.42277,0.300768
150434954499672,13.746706,0.430202,-3.904769,0.056958
150434964500669,13.756707,0.480038,-4.036015,-0.162178
150434974501823,13.766708,-0.013682,-4.030672,-0.242366
150434984502823,13.776709,-0.758226,-3.918425,-0.235165
150434994503980,13.786710,-1.84609,-3.682931,-0.279478
150435004504987,13.796711,-2.740988,-3.417731,-0.455633
150435014505905,13.806712,-3.536108,-3.29019,-0.565181
150435024507059,13.816713,-4.038326,-2.974143,-0.820894
150435034508049,13.826714,-3.905128,-2.780896,-0.919639
150435044509216,13.836715,-3.568834,-2.713946,-0.791111
150435054510216,13.846716,-3.003383,-2.731149,-0.428812
150435064511146,13.856717,-2.324761,-2.830347,0.028273
150435074512300,13.866718,-1.813981,-2.872255,0.311643
150435084513305,13.876719,-1.530346,-2.947302,0.2333
150435094514209,13.886720,-1.499223,-2.884742,-0.084031
150435104515363,13.896721,-1.786871,-2.669788,-0.589393
150435114516578,13.906723,-2.278079,-2.376496,-1.221794
150435124517529,13.916724,-2.86209,-2.052743,-1.866439
150435134518515,13.926725,-3.648661,-1.783716,-2.423735
150435144519655,13.936726,-3.808757,-1.533005,-2.750785
150435154520655,13.946727,-3.46573,-1.539209,-2.65429
150435164521794,13.956728,-2.507583,-1.567411,-2.061991
150435174522717,13.966729,-1.128235,-1.608959,-1.097377
150435184523724,13.976730,0.427319,-1.409464,-0.373839
150435194524637,13.986731,1.591136,-1.017965,-0.175254
150435204525861,13.996732,2.547866,-0.409367,-0.494894
150435214527030,14.006733,2.834659,0.298517,-1.123905
150435224527953,14.016734,2.748053,1.417381,-1.566261
150435234528955,14.026735,2.292373,2.481279,-1.588833
150435244529878,14.036736,1.913613,3.378771,-1.220635
150435254531121,14.046737,1.638937,3.877396,-0.568266
150435264532289,14.056738,2.141259,4.081058,0.249308
150435274533213,14.066739,3.344968,4.301213,0.745312
150435284534241,14.076740,4.94702,4.696433,0.800564
150435294535394,14.086741,5.974817,4.932084,0.378831
150435304536395,14.096742,6.226311,4.97822,-0.130646
150435314537343,14.106743,5.677491,4.848636,-0.363867
150435324538496,14.116744,4.411731,4.809362,-0.210792
150435334539490,14.126745,3.320137,4.847139,-0.119029
150435344540658,14.136747,2.467606,4.42212,0.023407
150435354541658,14.146748,2.700304,3.998394,0.210852
150435364542812,14.156749,3.39398,3.620978,0.362655
150435374543730,14.166750,4.200565,3.275846,0.35774
150435384544732,14.176751,4.888324,2.726456,0.238374
150435394545884,14.186752,5.238064,2.356082,0.108741
150435404546876,14.196753,4.853087,2.126712,0.126779
150435414547799,14.206754,3.564872,1.750536,0.158242
150435424548969,14.216755,1.875601,1.28951,0.252481
150435434549952,14.226756,0.629174,0.945217,0.164314
150435444551106,14.236757,-0.301666,0.507933,0.062379
150435454552034,14.246758,-0.952971,0.168645,-0.330387
150435464553246,14.256759,-1.174804,-0.158589,-0.758267
150435474554154,14.266760,-1.498659,-0.47366,-1.177216
150435484555156,14.276761,-2.055752,-0.810228,-1.339531
150435494556084,14.286762,-2.089554,-1.219552,-1.116256
150435504557243,14.296763,-2.022208,-1.525757,-0.940368
150435514558462,14.306764,-1.77467,-1.846059,-0.929097
150435524559381,14.316765,-1.676513,-2.08,-1.035782
150435534560381,14.326766,-1.615202,-2.091291,-1.382009
150435544561537,14.336768,-1.814184,-2.124938,-1.724383
150435554562472,14.346768,-2.085138,-2.143652,-2.002403
150435564563474,14.356769,-2.580076,-2.170966,-2.066557
150435574564642,14.366771,-2.729979,-2.168942,-1.845359
150435584565642,14.376772,-2.526062,-2.042264,-1.524848
150435594566779,14.386773,-2.039855,-1.801311,-1.435992
150435604567779,14.396774,-1.775735,-1.504272,-1.476378
150435614568699,14.406775,-1.425216,-1.303794,-1.331228
150435624569849,14.416776,-0.933598,-1.11932,-1.376834
150435634570849,14.426777,-0.612378,-1.019055,-1.008151
150435644572001,14.436778,-0.305883,-0.917326,-0.428533
150435654572987,14.446779,-0.208517,-0.634487,0.149292
150435664574141,14.456780,-0.138726,-0.26814,0.573154
150435674575073,14.466781,-0.357891,0.121335,0.673432
150435684576075,14.476782,-0.484529,0.351631,0.570199
150435694577250,14.486783,-0.675933,0.538993,0.159392
150435704578255,14.496784,-0.929897,0.619027,-0.229826
150435714579408,14.506785,-1.04862,0.491832,-0.310404
150435724580317,14.516786,-0.66352,0.458276,-0.442674
150435734581319,14.526787,-0.465895,0.673138,-0.915377
150435744582443,14.536788,-0.272213,0.758913,-1.530313
150435754583445,14.546789,-0.127108,0.692646,-1.862496
150435764584582,14.556791,-0.088237,0.746988,-1.921922
150435774585505,14.566792,0.035137,0.94686,-1.716636
150435784586507,14.576793,-0.009507,0.978605,-1.32028
150435794587664,14.586794,-0.131344,0.950757,-1.094837
150435804588592,14.596795,-0.415572,1.200752,-1.398698
150435814589823,14.606796,-0.556825,1.374769,-1.734117
150435824590837,14.616797,-0.626727,1.475873,-1.827747
150435834591772,14.626798,-0.661024,1.498119,-1.679356
150435844592924,14.636799,-0.49955,1.649805,-1.322024
150435854593837,14.646800,-0.151061,1.716649,-0.964673
150435864595070,14.656801,0.346374,1.492746,-0.404529
150435874595986,14.666802,0.919003,1.614378,-0.138907
150435884596988,14.676803,1.155492,1.919194,-0.211066
150435894598140,14.686804,0.872143,1.945248,-0.540447
150435904599142,14.696805,0.253193,1.719485,-0.720673
150435914600294,14.706806,-0.459492,1.640317,-0.622799
150435924601227,14.716807,-0.714299,1.728498,-0.349122
150435934602247,14.726808,-0.374017,1.727955,-0.180436
150435944603387,14.736809,-0.0157,1.488136,-0.077479
150435954604399,14.746810,0.139522,1.339366,-0.142084
150435964605553,14.756812,-0.016866,1.301513,-0.348262
150435974606485,14.766812,-0.361367,1.14426,-0.696185
150435984607492,14.776813,-0.807369,0.902442,-0.906567
150435994608637,14.786815,-1.207067,0.832282,-1.27899
150436004609639,14.796816,-1.666355,0.97935,-1.659797
150436014610795,14.806817,-1.803517,0.722776,-1.712148
150436024611808,14.816818,-1.868763,0.341305,-1.445625
150436034612742,14.826819,-1.649785,0.192277,-1.026006
150436044613887,14.836820,-1.388792,0.065239,-0.839876
150436054614808,14.846821,-1.318141,0.018521,-0.94679
150436064615805,14.856822,-1.767911,0.085462,-1.427755
150436074616968,14.866823,-2.328603,0.176927,-1.897717
150436084617959,14.876824,-2.485694,0.256766,-2.106413
150436094619130,14.886825,-2.440496,-0.007421,-1.923559
150436104620132,14.896826,-1.795657,-0.510715,-1.111149
150436114621276,14.906827,-0.881194,-0.664594,-0.198558
150436124622265,14.916828,0.008717,-0.71308,0.279551
150436134623190,14.926829,0.471239,-0.398697,0.047264
150436144624340,14.936830,0.246319,-0.265646,-0.420851
150436154625325,14.946831,-0.555079,-0.236272,-0.757892
150436164626476,14.956832,-1.382033,-0.234099,-0.771856
150436174627395,14.966833,-2.079653,-0.181253,-0.474548
150436184628397,14.976834,-2.125737,-0.059409,-0.049138
150436194629541,14.986836,-1.648304,0.097568,0.194809
150436204630443,14.996836,-1.084667,0.247597,0.139897
150436214631678,15.006838,-0.903885,0.462903,-0.317746
150436224632601,15.016839,-1.043898,0.609667,-0.820871
150436234633593,15.026840,-1.41695,0.816207,-1.084047
150436244634822,15.036841,-1.558037,0.618416,-0.752675
150436254635747,15.046842,-1.070824,0.457229,-0.218365
150436264636909,15.056843,-0.717873,0.636294,0.021639
150436274637817,15.066844,-0.114721,0.617311,-0.077672
150436284638819,15.076845,0.087082,0.734184,-0.524605
150436294639969,15.086846,-0.021065,0.951321,-0.96879
150436304640981,15.096847,-0.292487,1.184794,-1.387935
150436314642142,15.106848,-0.717261,1.186829,-1.384633
150436324643154,15.116849,-1.133452,1.05984,-1.294747
150436334644079,15.126850,-0.958931,1.063664,-1.032815
150436344645233,15.136851,-0.633536,1.183108,-0.861911
150436354646154,15.146852,-0.049341,1.339929,-0.884026
150436364647385,15.156853,0.289527,1.340639,-1.010575
150436374648380,15.166854,0.304399,1.467356,-1.250271
150436384649314,15.176855,0.043142,1.572291,-1.346997
150436394650464,15.186856,-0.196782,1.380657,-1.110745
150436404651464,15.196857,0.191182,1.065676,-0.590232
150436414652401,15.206858,0.548995,1.110121,-0.385061
150436424653639,15.216860,0.940127,1.279,-0.491574
150436434654550,15.226861,1.314914,1.399442,-0.799947
150436444655702,15.236862,1.449122,1.595055,-1.207203
150436454656702,15.246863,0.635895,1.851394,-1.599007
150436464657862,15.256864,-0.310604,1.706601,-1.553978
150436474658799,15.266865,-0.783527,1.413844,-1.208033
150436484659801,15.276866,-0.605008,1.098429,-0.693156
150436494660934,15.286867,0.111138,0.952833,-0.10956
150436504661934,15.296868,0.618875,0.782364,0.044417
150436514663088,15.306869,0.91468,0.699239,-0.05431
150436524664006,15.316870,0.816317,0.99024,-0.668716
150436534665008,15.326871,-0.525487,1.150253,-1.331647
150436544666145,15.336872,-1.207579,0.877907,-1.457228
150436554667141,15.346873,-1.837545,0.578433,-1.374829
150436564668066,15.356874,-1.968121,0.396361,-0.967468
150436574669220,15.366875,-1.244619,0.435106,-0.555408
150436584670217,15.376876,-0.634772,0.609011,-0.528552
150436594671367,15.386877,-0.578232,0.719924,-0.986584
150436604672369,15.396878,-0.975836,0.663998,-1.464186
150436614673510,15.406880,-0.967952,0.275524,-1.569654
150436624674434,15.416880,-0.815705,-0.008684,-1.404162
150436634675414,15.426881,-0.853695,-0.223109,-1.075098
150436644676567,15.436883,-0.480778,-0.41593,-0.683356
150436654677538,15.446884,0.122641,-0.425253,-0.673686
150436664678692,15.456885,0.265685,-0.174218,-1.068258
150436674679615,15.466886,-0.086855,0.07034,-1.375241
150436684680615,15.476887,-0.759548,0.018786,-1.318473
150436694681774,15.486888,-1.62061,-0.087718,-0.906181
150436704682697,15.496889,-1.683332,-0.156161,-0.363522
150436714683699,15.506890,-1.285241,-0.12735,-0.012818
150436724684853,15.516891,-0.675725,0.223376,-0.260798
150436734685855,15.526892,-0.621751,0.579088,-0.876297
150436744687009,15.536893,-1.208226,0.816216,-1.403939
150436754687995,15.546894,-1.664784,0.692913,-1.315989
150436764688920,15.556895,-1.672999,0.267671,-0.651648
150436774690074,15.566896,-0.875294,-0.126821,0.140809
150436784691072,15.576897,0.148039,-0.219587,0.448267
150436794692006,15.586898,0.931746,-0.074436,0.041961
150436804693235,15.596899,0.962163,0.323437,-0.807209
150436814694170,15.606900,-0.100276,0.567289,-1.408468
150436824695322,15.616901,-1.296446,0.676464,-1.455308
150436834696259,15.626902,-2.02959,0.458087,-1.00232
150436844697280,15.636903,-1.987096,0.215806,-0.389942
150436854698439,15.646904,-0.898591,0.254617,-1.83E-4
150436864699449,15.656905,0.115945,0.465978,-0.18488
150436874700591,15.666907,0.551308,0.845363,-0.80716
150436884701523,15.676908,0.415072,1.039238,-1.342401
150436894702530,15.686909,-0.262751,0.872106,-1.421246
150436904703699,15.696910,-0.770344,0.654238,-0.958338
150436914704620,15.706911,-0.56974,0.552344,-0.296621
150436924705622,15.716912,0.177365,0.64969,-0.206269
150436934706790,15.726913,0.778682,0.882305,-0.724001
150436944707788,15.736914,0.927143,1.182495,-1.517985
150436954708944,15.746915,0.553125,0.885782,-1.784598
150436964709927,15.756916,0.417652,0.382376,-1.338442
150436974710852,15.766917,0.443766,0.086729,-0.496405
150436984712011,15.776918,0.818976,-0.003529,0.059228
150436994713005,15.786919,1.197042,0.128155,0.103672
150437004714159,15.796920,1.002577,0.451173,-0.381629
150437014715159,15.806921,0.241394,0.719213,-1.059115
150437024716070,15.816922,-0.904035,0.651119,-1.380433
150437034717229,15.826923,-1.657481,0.57156,-1.363479
150437044718245,15.836924,-2.159361,0.371151,-0.956274
150437054719175,15.846925,-1.959741,0.269197,-0.327831
150437064720327,15.856926,-0.89977,0.255219,0.045807
150437074721338,15.866927,-0.174931,0.398333,-0.177654
150437084722476,15.876928,-0.349871,0.556205,-0.670637
150437094723476,15.886929,-0.585305,0.362155,-0.842472
150437104724630,15.896931,-0.966279,0.018653,-0.670261
150437114725558,15.906932,-1.138682,-0.239611,-0.165955
150437124726553,15.916933,-0.782678,-0.249868,0.188936
150437134727721,15.926934,-0.205248,-0.14696,0.206624
150437144728644,15.936935,0.147341,0.100912,-0.081049
150437154729644,15.946936,0.052925,0.169273,-0.387462
150437164730800,15.956937,-0.349323,0.109549,-0.468255
150437174731707,15.966938,-0.549826,0.171073,-0.435354
150437184732691,15.976939,-0.479601,0.168223,-0.207878
150437194733854,15.986940,-0.340562,0.193958,-0.100191
150437204734852,15.996941,-0.380115,0.462288,-0.306797
150437214736005,16.006942,-0.579077,0.425045,-0.537528
150437224736918,16.016943,-0.469258,0.36413,-0.716365
150437234737921,16.026944,-0.448545,0.427008,-1.037972
150437244739060,16.036945,-0.544647,0.478382,-1.21037
150437254740058,16.046946,-0.513047,0.471799,-1.261665
150437264741212,16.056947,-0.254592,0.703292,-1.27678
150437274742135,16.066948,-0.236023,0.632318,-1.246373
150437284743144,16.076949,0.217705,0.206989,-1.007061
150437294744080,16.086950,1.014583,-0.181376,-0.471091
150437304745308,16.096951,1.273038,-0.169858,-0.22346
150437314746218,16.106952,1.391578,0.047498,-0.350033
150437324747372,16.116953,1.333038,0.349916,-0.726683
150437334748389,16.126954,0.797181,0.642365,-1.079721
150437344749314,16.136955,-0.843886,0.631665,-1.116719
150437354750487,16.146956,-1.136217,0.395223,-0.87239
150437364751492,16.156957,-1.48421,0.106348,-0.325176
150437374752415,16.166958,-1.146894,0.182191,0.038643
150437384753554,16.176960,0.265084,0.132401,0.23219
150437394754554,16.186961,0.703341,0.263023,-0.102561
150437404755464,16.196961,0.231018,0.332271,-0.326553
150437414756613,16.206963,-0.631492,0.219557,-0.474594
150437424757599,16.216964,-1.518107,0.210414,-0.585141
150437434758751,16.226965,-2.093411,0.144077,-0.423104
150437444759674,16.236966,-2.113163,0.372231,-0.37746
150437454760907,16.246967,-1.424194,0.564716,-0.812146
150437464761823,16.256968,-1.508392,0.527559,-1.127542
150437474762825,16.266969,-1.197328,0.48716,-0.85788
150437484763748,16.276970,-0.797833,0.207859,-0.373994
150437494764991,16.286971,-0.218122,-0.029287,0.046422
150437504765921,16.296972,0.712446,-0.126616,0.207673
150437514767059,16.306973,1.163468,0.035953,-0.110056
150437524768059,16.316974,0.993835,0.173098,-0.602058
150437534768984,16.326975,0.822175,0.193356,-0.898142
150437544770131,16.336976,-0.159437,0.12927,-1.028671
150437554771059,16.346977,-1.074969,0.198525,-0.783282
150437564772289,16.356978,-1.023572,0.021216,-0.428263
150437574773212,16.366979,-0.366642,0.243746,-0.497938
150437584774205,16.376980,0.250876,0.501297,-0.991865
150437594775359,16.386981,-0.127232,0.449862,-1.347139
150437604776357,16.396982,-0.397001,0.338183,-1.367082
150437614777282,16.406983,-0.121785,0.064035,-1.002478
150437624778436,16.416984,0.28186,0.002104,-0.6849
150437634779357,16.426985,0.591373,0.307618,-0.755367
150437644780359,16.436986,0.762145,0.518127,-1.145107
150437654781513,16.446988,0.551407,0.461668,-1.55926
150437664782513,16.456989,0.342903,0.324545,-1.589619
150437674783660,16.466990,0.156613,0.017419,-1.076817
150437684784587,16.476991,0.474074,-0.137069,-0.561582
150437694785602,16.486992,1.232274,0.038784,-0.336819
150437704786741,16.496993,1.620046,0.324651,-0.6567
150437714787741,16.506994,0.979395,0.616025,-1.201915
150437724788666,16.516995,-0.221751,0.718588,-1.435444
150437734789815,16.526996,-0.756261,0.638551,-1.14292
150437744790736,16.536997,-0.84925,0.597383,-0.858585
150437754791753,16.546998,-0.550577,0.76933,-0.88782
150437764792921,16.556999,-0.481077,0.860529,-0.930962
150437774793947,16.567000,-0.411185,0.813533,-0.87517
150437784794872,16.577001,0.340099,0.760868,-0.822943
150437794796026,16.587002,0.573987,0.506483,-0.513271
150437804797024,16.597003,0.822101,0.319355,-0.197622
150437814798183,16.607004,1.171735,0.271811,-0.139676
150437824799183,16.617005,1.130806,0.420102,-0.237296
150437834800108,16.627006,1.051507,0.35969,-0.251432
150437844801260,16.637007,0.529922,0.318297,-0.22698
150437854802260,16.647008,-0.035628,0.288678,-0.209945
150437864803409,16.657009,-0.002954,0.200139,-0.189377
150437874804332,16.667010,-0.232578,0.544963,-0.590984
150437884805332,16.677011,-0.39788,0.522937,-0.814903
150437894806257,16.687012,-0.791947,0.427775,-0.660752
150437904807411,16.697013,-0.802051,0.236481,-0.409231
150437914808404,16.707014,-0.548534,0.230152,-0.24178
150437924809560,16.717016,-0.374856,0.313235,-0.263957
150437934810467,16.727016,-0.344328,0.370763,-0.400073
150437944811469,16.737017,-0.502359,0.290283,-0.590969
150437954812378,16.747018,-0.902484,0.23408,-0.731603
150437964813616,16.757020,-0.862434,0.170177,-0.713996
150437974814541,16.767021,-0.658857,0.006507,-0.583282
150437984815689,16.777022,-0.240426,0.087978,-0.507701
150437994816696,16.787023,-0.111483,0.225291,-0.694647
150438004817619,16.797024,-0.196629,0.118202,-0.844321
150438014818773,16.807025,-0.361722,0.04461,-0.893667
150438024819787,16.817026,-0.232956,0.039935,-0.986034
150438034820710,16.827027,-0.226956,0.023393,-1.088184
150438044821864,16.837028,-0.423867,0.122745,-1.262347
150438054822862,16.847029,-0.379862,0.09306,-1.237697
150438064824017,16.857030,-0.351682,-0.032022,-1.045665
150438074824953,16.867031,0.090239,-0.207996,-0.750299
150438084825955,16.877032,0.714119,-0.285726,-0.426897
150438094827106,16.887033,1.174177,-0.20784,-0.422392
150438104828121,16.897034,1.200495,-0.060214,-0.673455
150438114829061,16.907035,0.593636,-0.069499,-0.876346
150438124830214,16.917036,0.073236,-0.070493,-0.953934
150438134831188,16.927037,-0.398157,-0.04173,-0.861865
150438144832128,16.937038,-0.682697,-0.086057,-0.693412
150438154833294,16.947039,-0.519852,0.217992,-0.629484
150438164834293,16.957040,-0.38971,0.394523,-0.741745
150438174835219,16.967041,-0.24519,0.426237,-1.010343
150438184836358,16.977042,-0.179056,0.413332,-1.215596
150438194837356,16.987043,0.015196,0.149926,-1.060899
150438204838497,16.997044,0.461553,0.128609,-0.919329
150438214839413,17.007045,1.025687,0.220946,-0.877628
150438224840413,17.017046,1.171673,0.222403,-0.729338
150438234841567,17.027048,1.522844,0.027683,-0.459776
150438244842475,17.037048,1.771573,-0.149043,-0.165278
150438254843496,17.047049,1.518442,-0.197571,-0.091133
150438264844648,17.057051,1.758481,-0.158476,-0.014141
150438274845649,17.067052,1.590982,-0.037405,-0.078945
150438284846559,17.077053,1.315812,0.189013,-0.288011
150438294847711,17.087054,0.482786,0.338981,-0.606249
150438304848634,17.097055,-0.0423,0.36077,-0.811561
150438314849651,17.107056,-1.072778,0.60418,-1.166432
150438324850790,17.117057,-1.89035,0.782808,-1.369292
150438334851683,17.127058,-1.857733,0.975758,-1.450443
150438344852914,17.137059,-1.497722,0.83122,-1.164047
150438354853832,17.147060,-1.003631,0.384618,-0.689814
150438364854834,17.157061,-0.104717,-0.041595,-0.082871
150438374855772,17.167062,1.223088,-0.080965,0.276097
150438384856931,17.177063,2.260375,0.111872,0.289533
150438394857919,17.187064,2.466321,0.016552,0.219468
150438404859058,17.197065,2.453296,-0.075578,0.051348
150438414859981,17.207066,1.274797,0.02618,-0.305347
150438424860967,17.217067,0.501926,0.098361,-0.501919
150438434861873,17.227068,-0.254401,0.233538,-0.727443
150438444863027,17.237069,-1.185494,0.434132,-0.8054
150438454864010,17.247070,-0.914941,0.429564,-0.739833
150438464865161,17.257071,-0.360749,0.4779,-0.606926
150438474866068,17.267072,-0.35589,0.329496,-0.640335
150438484867070,17.277073,0.010019,0.391694,-0.483602
150438494868238,17.287074,0.147158,0.324871,-0.491347
150438504869145,17.297075,0.31986,0.304924,-0.478633
150438514870147,17.307076,0.26466,0.128978,-0.446194
150438524871313,17.317077,0.178008,0.093868,-0.560616
150438534872236,17.327078,-0.003517,0.110032,-0.554424
150438544873238,17.337079,0.105283,0.069217,-0.407484
150438554874378,17.347080,0.395082,-0.072484,-0.190488
150438564875279,17.357081,0.970212,-0.190936,-0.205738
150438574876280,17.367082,1.288963,-0.118475,-0.538214
150438584877444,17.377083,1.178299,0.071608,-0.786142
150438594878365,17.387084,0.614567,0.368114,-1.026104
150438604879596,17.397086,-0.25084,0.518734,-0.979037
150438614880548,17.407087,-0.824536,0.808765,-0.972839
150438624881550,17.417088,-0.718642,0.603338,-0.606376
150438634882487,17.427088,-1.053612,0.24122,-0.219298
150438644883641,17.437090,-0.191303,0.248714,2.76E-4
150438654884644,17.447091,0.781578,0.217858,-0.0182
150438664885798,17.457092,1.536239,0.140409,-0.290364
150438674886716,17.467093,1.308714,0.349111,-0.502756
150438684887701,17.477094,0.360447,0.226343,-0.70511
150438694888870,17.487095,-0.549009,0.252942,-0.780574
150438704889793,17.497096,-1.046278,0.319144,-0.740273
150438714890795,17.507097,-1.852329,0.157729,-0.473048
150438724891947,17.517098,-2.073266,0.064155,-0.236083
150438734892875,17.527099,-1.188529,-0.213951,0.202041
150438744893877,17.537100,0.296198,-0.487292,0.355585
150438754894815,17.547101,1.42377,-0.449532,0.262979
150438764896063,17.557102,1.409799,-0.631025,0.391993
150438774896993,17.567103,1.324729,-0.893054,0.345718
150438784897930,17.577104,0.627103,-0.984738,0.294211
150438794899084,17.587105,-0.183927,-1.097128,0.190069
150438804900073,17.597106,-0.529812,-1.07753,0.077838
150438814901232,17.607107,-0.987818,-0.976058,-0.092998
150438824902232,17.617108,-1.28536,-1.04163,-0.350994
150438834903142,17.627109,-1.140649,-1.084425,-0.57203
150438844904296,17.637110,-1.045309,-1.020443,-0.740527
150438854905315,17.647111,-1.118249,-0.787489,-1.046467
150438864906238,17.657112,-0.908135,-0.741482,-1.081667
150438874907386,17.667113,-1.456196,-0.624876,-1.239429
150438884908304,17.677114,-1.260039,-0.737965,-1.120414
150438894909306,17.687115,-0.421716,-0.764581,-0.810806
150438904910471,17.697116,-0.040133,-0.309485,-1.05517
150438914911473,17.707117,0.427473,-0.058945,-1.18039
150438924912396,17.717118,0.139945,0.066984,-1.367161
150438934913574,17.727120,0.343152,0.085954,-1.134546
150438944914481,17.737120,0.475571,-0.18258,-0.435174
150438954915707,17.747122,1.094987,-0.168993,0.181193
150438964916630,17.757123,1.849758,0.21152,0.509109
150438974917630,17.767124,2.059244,0.497876,0.139505
150438984918540,17.777125,1.627364,0.668503,-0.281469
150438994919689,17.787126,1.496862,0.528915,-0.485739
150439004920596,17.797127,0.764811,0.564121,-0.404486
150439014921588,17.807128,0.463231,0.608315,-0.006607
150439024922747,17.817129,0.675724,0.663944,0.146572
150439034923747,17.827130,1.136441,0.819573,0.182363
150439044924670,17.837131,1.504718,1.033958,-0.120983
150439054925824,17.847132,1.688939,1.051582,-0.447489
150439064926841,17.857133,1.581869,1.063269,-0.635763
150439074927785,17.867134,1.484136,0.781274,-0.369229
150439084928944,17.877135,1.661891,0.727464,0.128206
150439094929927,17.887136,2.157033,0.57192,0.677991
150439104930852,17.897137,2.54259,0.097331,1.198462
150439114932006,17.907138,3.252343,-0.215605,1.528914
150439124932985,17.917139,3.861405,-0.456908,1.844995
150439134933925,17.927140,4.106375,-0.580548,1.857837
150439144935079,17.937141,3.705458,-0.663347,1.651377
150439154936091,17.947142,2.699034,-0.75207,1.428224
150439164937245,17.957143,1.846451,-0.844653,1.266462
150439174938173,17.967144,0.637709,-1.017661,1.312555
150439184939189,17.977145,-0.147719,-1.256827,1.663814
150439194940351,17.987146,-0.284754,-1.354303,1.957245
150439204941283,17.997147,-0.25954,-1.332305,1.881109
150439214942285,18.007148,-0.035957,-1.472173,1.7624
150439224943437,18.017149,0.035334,-1.574365,1.627695
150439234944360,18.027150,-0.07867,-1.826963,1.789087
150439244945346,18.037151,-0.217561,-1.908181,1.946703
150439254946485,18.047152,0.120894,-1.993563,2.06402
150439264947404,18.057153,0.079408,-1.949762,1.769563
150439274948406,18.067154,-0.341013,-1.910409,1.284511
150439284949324,18.077155,-0.163839,-1.591918,0.828098
150439294950478,18.087156,-0.785285,-1.290317,0.397175
150439304951481,18.097157,-1.507806,-1.305249,0.199559
150439314952620,18.107159,-1.682468,-1.318908,0.411832
150439324953529,18.117160,-1.455241,-1.20779,0.757293
150439334954502,18.127161,-1.028117,-1.341976,1.296994
150439344955651,18.137162,-0.300018,-1.464557,1.671487
150439354956567,18.147163,0.598211,-1.605574,1.876992
150439364957495,18.157163,1.210192,-1.74206,1.938071
150439374958726,18.167165,1.925303,-1.866304,2.116137
150439384959635,18.177166,2.090548,-1.72384,2.249593
150439394960635,18.187167,1.767772,-1.473508,2.245575
150439404961760,18.197168,0.887627,-1.190938,1.925837
150439414962789,18.207169,-0.335877,-0.959797,1.385135
150439424963712,18.217170,-0.787121,-0.807477,0.898108
150439434964637,18.227171,-1.169671,-0.685932,0.5557
150439444965791,18.237172,-1.120489,-0.717549,0.475119
150439454966790,18.247173,-1.115327,-0.977254,0.727338
150439464967942,18.257174,-0.792436,-1.263382,1.104199
150439474968856,18.267175,-0.088864,-1.354766,1.306124
150439484969841,18.277176,0.687939,-1.504226,1.272013
150439494970782,18.287177,0.895401,-1.467429,0.891881
150439504971945,18.297178,0.549884,-1.497586,0.379255
150439514972962,18.307179,0.002775,-1.342372,-0.303308
150439524973902,18.317180,-0.748106,-1.172388,-0.804793
150439534975056,18.327181,-1.231138,-1.112053,-1.047722
150439544975962,18.337182,-1.2449,-1.06174,-1.096399
150439554976960,18.347183,-0.855454,-0.966654,-1.084956
150439564978128,18.357184,-0.211305,-0.89982,-1.002519
150439574979128,18.367185,0.490235,-0.675223,-0.91737
150439584980060,18.377186,1.24998,-0.488982,-0.522907
150439594981214,18.387187,1.805236,-0.556704,0.074536
150439604982123,18.397188,2.313917,-0.676353,0.94711
150439614983352,18.407189,2.701352,-0.537631,1.760266
150439624984275,18.417190,3.125414,-0.253827,2.252075
150439634985198,18.427191,3.262107,-0.040642,2.211497
150439644986200,18.437192,2.753221,0.139289,1.692653
150439654987366,18.447193,1.896021,0.498918,1.033351
150439664988366,18.457194,0.765361,0.8161,0.754846
150439674989291,18.467195,0.069512,0.947846,0.928166
150439684990450,18.477196,-0.188391,1.130468,1.127918
150439694991371,18.487197,-0.128776,1.283735,1.263409
150439704992593,18.497199,-0.039981,1.222684,1.216281
150439714993516,18.507200,0.507825,1.189512,1.178031
150439724994516,18.517201,1.103473,1.028398,1.390239
150439734995440,18.527201,1.696559,0.698002,1.713851
150439744996588,18.537203,2.300406,0.456382,1.958291
150439754997602,18.547204,2.535419,0.537051,1.901565
150439764998532,18.557205,1.773167,0.939512,1.184014
150439774999698,18.567206,0.335213,1.075911,0.193051
150439785000621,18.577207,-0.627709,0.726605,-0.42992
150439795001623,18.587208,-1.1001,0.166745,-0.561734
150439805002768,18.597209,-0.851126,-0.363153,-0.112252
150439815003684,18.607210,0.003305,-0.55043,0.635417
150439825004681,18.617211,0.881686,-0.752992,1.095023
150439835005604,18.627212,1.358701,-1.020389,1.157941
150439845006772,18.637213,1.044096,-1.018668,0.88713
150439855007772,18.647214,-0.050366,-1.100468,0.32284
150439865008685,18.657215,-1.096278,-1.239918,-0.089819
150439875009824,18.667216,-1.800097,-1.301325,-0.228
150439885010755,18.677217,-2.313643,-1.358681,-0.002344
150439895011757,18.687218,-2.309891,-1.250105,0.294285
150439905012925,18.697219,-2.058358,-1.16686,0.30151
150439915013933,18.707220,-1.514888,-1.123163,0.004173
150439925014858,18.717221,-1.055628,-1.287652,-0.151165
150439935015983,18.727222,-0.497582,-1.631093,0.365628
150439945016981,18.737223,0.062497,-1.925538,1.283134
150439955017882,18.747224,0.564958,-1.844331,1.94398
150439965019034,18.757225,0.708988,-1.514754,1.874254
150439975019957,18.767226,0.375867,-1.114491,1.033125
150439985020968,18.777227,-0.523159,-0.898865,-0.100546
150439995021882,18.787228,-1.327117,-0.702563,-0.792094
150440005023036,18.797229,-1.796144,-0.56817,-0.902875
150440015024055,18.807230,-1.855877,-0.655844,-0.484572
150440025025202,18.817231,-1.330214,-0.619928,0.143335
150440035026125,18.827232,-0.525582,-0.653551,0.769875
150440045027053,18.837233,0.234182,-0.590518,1.052931
150440055028298,18.847234,0.900441,-0.553527,1.038157
150440065029207,18.857235,0.856131,-0.562564,0.820495
150440075030202,18.867236,0.568923,-0.740346,0.785449
150440085031127,18.877237,0.4301,-0.789522,0.999813
150440095032031,18.887238,0.339655,-0.763128,1.142075
150440105033194,18.897239,0.236869,-0.78268,1.07271
150440115034194,18.907240,0.125458,-0.565047,0.594706
150440125035146,18.917241,0.014064,-0.495618,0.098666
150440135036300,18.927242,-0.083541,-0.486413,-0.035185
150440145037216,18.937243,-0.228122,-0.608615,0.31608
150440155038223,18.947244,-0.290946,-0.679234,0.872092
150440165039391,18.957245,-0.434158,-0.530643,1.108111
150440175040322,18.967246,-0.860954,-0.38527,0.873311
150440185041338,18.977247,-1.107464,-0.235648,0.392924
150440195042473,18.987248,-1.292419,-0.101235,-0.101488
150440205043476,18.997249,-1.180705,-0.093369,-0.282225
150440215044401,19.007250,-0.801573,-0.157337,-0.246725
150440225045324,19.017251,-0.338449,-0.417619,0.094128
150440235046478,19.027252,0.168885,-0.521763,0.517398
150440245047471,19.037253,0.484695,-0.377172,0.661485
150440255048386,19.047254,0.560008,-0.150092,0.452212
150440265049538,19.057256,0.315315,0.024453,0.121192
150440275050538,19.067257,-0.265256,0.146025,-0.105282
150440285051468,19.077257,-0.599121,0.2351,0.001053
150440295052603,19.087259,-0.644634,0.157346,0.351302
150440305053524,19.097260,-0.344403,0.112467,0.749884
150440315054540,19.107261,0.285975,-0.063271,1.143107
150440325055463,19.117261,0.927526,-0.281412,1.466104
150440335056607,19.127263,1.330044,-0.314466,1.640493
150440345057605,19.137264,1.390067,-0.378152,1.827185
150440355058516,19.147265,1.321372,-0.284715,1.725556
150440365059675,19.157266,0.900779,-0.191914,1.536975
150440375060658,19.167267,0.469496,-0.076248,1.332829
150440385061593,19.177268,0.028791,-0.076352,1.177683
150440395062730,19.187269,-0.654904,-0.03558,0.942756
150440405063659,19.197270,-0.757621,0.034468,0.567722
150440415064652,19.207271,-0.838455,0.256015,0.067635
150440425065804,19.217272,-0.651337,0.503641,-0.345213
150440435066727,19.227273,-0.475416,0.325396,-0.441348
150440445067743,19.237274,-0.147031,-0.1144,0.048403
150440455068652,19.247275,0.474151,-0.410891,0.916617
150440465069580,19.257276,1.356978,-0.535287,1.658595
150440475070808,19.267277,2.006393,-0.601856,2.033294
150440485071717,19.277278,2.725992,-0.44645,2.035984
150440495072643,19.287279,2.979342,-0.167589,1.548017
150440505073781,19.297280,2.341463,0.063278,1.051213
150440515074779,19.307281,1.455403,0.090849,0.972052
150440525075710,19.317282,0.849848,-0.098331,1.502288
150440535076863,19.327283,0.665091,-0.185188,2.161719
150440545077784,19.337284,0.848387,-0.099713,2.564037
150440555078785,19.347285,0.871307,0.091547,2.444662
150440565079940,19.357286,0.518961,0.34963,1.906849
150440575080852,19.367287,-0.122661,0.640705,1.271875
150440585081785,19.377288,-0.831369,0.89936,0.894672
150440595082802,19.387289,-1.599012,0.936387,0.81953
150440605083948,19.397290,-1.644516,0.456239,1.39954
150440615084876,19.407291,-0.558953,-0.072952,2.053489
150440625085886,19.417292,0.942201,-0.252219,2.314396
150440635086825,19.427293,1.94826,-0.362772,2.003223
150440645087979,19.437294,1.97801,-0.167878,1.079195
150440655088977,19.447295,1.200889,0.026168,0.195949
150440665089912,19.457296,0.288345,-0.019059,-0.133048
150440675091080,19.467297,-0.405522,-0.097819,-0.052478
150440685091987,19.477298,-0.504669,-0.451584,0.334559
150440695093003,19.487299,-0.121055,-0.541862,0.729339
150440705093926,19.497300,0.338965,-0.450289,0.751502
150440715095075,19.507301,0.499041,-0.273642,0.376151
150440725096070,19.517302,0.26954,-0.07346,-0.010409
150440735096989,19.527303,-0.362301,-5.5E-5,-0.189356
150440745097912,19.537304,-0.914867,-0.036407,0.10968
150440755099065,19.547305,-1.154214,-0.228382,0.833361
150440765100063,19.557306,-0.654188,-0.438443,1.655011
150440775101217,19.567307,0.229242,-0.585492,1.973333
150440785102111,19.577308,0.987319,-0.715739,1.857151
150440795103048,19.587309,1.296667,-0.634395,1.377641
150440805104065,19.597310,1.042147,-0.472952,0.830279
150440815104978,19.607311,0.222231,-0.393188,0.587925
150440825106132,19.617312,-0.557864,-0.187334,0.676477
150440835107048,19.627313,-0.913902,-0.139474,0.899245
150440845108045,19.637314,-1.100585,-0.147857,0.915866
150440855108973,19.647315,-1.018609,-0.11324,0.742899
150440865110117,19.657316,-0.537267,-0.235753,0.554843
150440875111146,19.667317,-0.064817,-0.347318,0.482095
150440885112055,19.677318,0.252871,-0.341839,0.647524
150440895113214,19.687319,0.49929,-0.452811,1.039521
150440905114134,19.697320,0.689395,-0.509819,1.47361
150440915115134,19.707321,0.670322,-0.557595,1.693303
150440925116286,19.717322,0.780973,-0.615533,1.786799
150440935117221,19.727323,0.916924,-0.458572,1.627513
150440945118149,19.737324,0.498131,-0.182234,1.11513
150440955119141,19.747325,-0.513694,0.033838,0.522367
150440965120069,19.757326,-1.407589,0.238027,0.124293
150440975121223,19.767327,-1.772068,0.347413,-0.034317
150440985122211,19.777328,-1.756573,0.302483,0.024073
150440995123146,19.787329,-1.180576,0.147822,0.334917
150441005124300,19.797330,-0.273642,0.153142,0.544723
150441015125221,19.807331,0.289827,0.212145,0.579043
150441025126144,19.817332,0.705603,0.17281,0.51183
150441035127380,19.827333,0.927262,0.099631,0.474568
150441045128312,19.837334,1.116733,0.130718,0.455558
150441055129221,19.847335,0.853844,0.063294,0.648919
150441065130223,19.857336,0.691273,0.065834,0.898201
150441075131131,19.867337,0.638961,0.230258,0.98612
150441085132055,19.877338,0.350379,0.40624,0.816554
150441095133232,19.887339,-0.065066,0.546209,0.504101
150441105134232,19.897340,-0.538587,0.627472,0.192264
150441115135147,19.907341,-0.740901,0.53425,0.23256
150441125136300,19.917342,-0.622139,0.302799,0.504382
150441135137309,19.927343,-0.013413,0.175152,0.839977
150441145138243,19.937344,0.554962,0.018664,1.252357
150441155139394,19.947345,0.977298,-0.029317,1.513831
150441165140318,19.957346,1.36513,-0.086553,1.419558
150441175141246,19.967347,1.335974,-0.018013,1.087791
150441185142253,19.977348,0.951951,0.041854,0.787628
150441195143414,19.987349,0.317013,-0.025698,0.728624
150441205144318,19.997350,-0.013107,-0.176529,0.722656
150441215145318,20.007351,0.104971,-0.383025,1.015344
150441225146239,20.017352,0.384307,-0.381557,1.269508
150441235147386,20.027353,0.533028,-0.540071,1.378794
150441245148309,20.037354,0.593379,-0.596045,1.342854
150441255149309,20.047355,0.596383,-0.548084,1.170216
150441265150234,20.057356,0.456355,-0.452507,1.005121
150441275151162,20.067357,0.294105,-0.426207,1.07079
150441285152311,20.077358,0.020331,-0.524488,1.124286
150441295153316,20.087359,-0.302075,-0.361344,1.073479
150441305154239,20.097360,-0.08334,0.252489,1.054713
150441315155391,20.107361,-0.679845,0.161684,1.096907
150441325156298,20.117362,-0.7208,0.339003,0.654337
150441335157298,20.127363,-0.827771,0.53002,0.403755
150441345158204,20.137364,-0.99792,0.557467,0.256336
150441355159332,20.147365,-0.904744,0.556646,0.325924
150441365160265,20.157366,-0.369021,0.286545,0.572649
150441375161267,20.167367,0.161712,0.083635,0.911744
150441385162170,20.177368,0.699836,0.012797,1.27756
150441395163093,20.187369,1.261675,-0.168951,1.710969
150441405164252,20.197370,1.645814,-0.295543,1.969111
150441415165257,20.207371,2.085237,-0.242685,1.8585
150441425166180,20.217372,2.049878,-0.007424,1.437327
150441435167341,20.227373,1.338698,0.153783,0.931346
150441445168264,20.237374,0.393827,0.16942,0.497282
150441455169158,20.247375,-0.445711,0.104104,0.416925
150441465170149,20.257376,-1.116463,0.052907,0.515624
150441475171303,20.267377,-1.536305,0.152603,0.708444
150441485172221,20.277378,-1.362745,0.127657,0.899792
150441495173226,20.287379,-0.666016,-0.069793,0.868976
150441505174176,20.297380,-0.234417,-0.195697,0.619852
150441515175315,20.307381,-0.227617,-0.248929,0.248327
150441525176246,20.317382,-0.447132,-0.266218,0.082823
150441535177174,20.327383,-0.985049,-0.196815,-0.188126
150441545178174,20.337384,-1.622959,-0.182313,-0.339751
150441555179318,20.347385,-2.044337,-0.147108,-0.4861
150441565180250,20.357386,-2.137588,-0.181514,-0.593858
150441575181265,20.367387,-1.820433,-0.439644,-0.415232
150441585182200,20.377388,-0.92766,-0.856675,0.202516
150441595183133,20.387389,0.170474,-1.003972,0.709618
150441605184056,20.397390,1.170493,-1.063307,1.178855
150441615185290,20.407391,1.678906,-1.108951,1.495809
150441625186224,20.417392,1.688769,-1.151718,1.425881
150441635187171,20.427393,0.997251,-1.014913,1.135538
150441645188325,20.437394,0.268506,-0.89915,0.875858
150441655189242,20.447395,-0.320092,-0.860505,0.797761
150441665190242,20.457396,-0.486935,-0.791952,0.824178
150441675191167,20.467397,-0.517025,-0.680476,0.750082
150441685192293,20.477398,-0.644922,-0.563459,0.626376
150441695193231,20.487399,-0.942218,-0.399536,0.210489
150441705194149,20.497400,-1.461518,-0.360224,-0.157062
150441715195151,20.507401,-1.85032,-0.21263,-0.45115
150441725196079,20.517402,-1.971542,-0.153251,-0.58309
150441735197228,20.527403,-1.879984,-0.24534,-0.536895
150441745198154,20.537404,-1.497774,-0.353568,-0.463165
150441755199151,20.547405,-0.850918,-0.294281,-0.44568
150441765200305,20.557406,-0.26737,-0.232469,-0.522421
150441775201211,20.567407,0.218882,-0.366962,-0.532162
150441785202120,20.577408,0.527988,-0.477749,-0.431386
150441795203122,20.587409,0.840049,-0.437277,-0.264414
150441805204054,20.597410,0.999644,-0.4646,-0.061834
150441815205206,20.607411,1.184928,-0.466782,0.1249
150441825206115,20.617412,1.250758,-0.361699,0.237884
150441835207024,20.627413,1.252404,-0.321308,0.383614
150441845208054,20.637414,1.092593,-0.401828,0.509395
150441855208977,20.647415,1.027896,-0.30666,0.508323
150441865210115,20.657416,0.880697,0.041463,0.429216
150441875211047,20.667417,0.481616,0.237808,0.433918
150441885212035,20.677418,-0.189659,0.356202,0.526102
150441895212959,20.687419,-0.887431,0.557818,0.544555
150441905214115,20.697420,-1.301732,0.67028,0.642147
150441915215110,20.707421,-1.267712,0.533591,0.754282
150441925216039,20.717422,-1.061441,0.484782,0.872604
150441935216964,20.727423,-0.544837,0.477072,0.891392
150441945218116,20.737424,-0.147279,0.380179,0.789657
150441955219044,20.747425,0.123257,0.433342,0.471768
150441965219967,20.757426,-0.118878,0.455124,-0.097535
150441975220967,20.767427,-0.672883,0.59816,-0.620665
150441985221887,20.777428,-1.174172,0.677498,-0.93281
150441995223017,20.787429,-1.388297,0.572503,-0.973009
150442005223928,20.797430,-1.275191,0.496278,-0.787362
150442015224851,20.807431,-0.917868,0.461232,-0.411019
150442025225835,20.817432,-0.199224,0.308331,0.165606
150442035226758,20.827433,0.480111,0.063879,0.594202
150442045227912,20.837434,0.901066,-0.051132,1.024585
150442055228842,20.847435,1.27755,-0.011356,1.399804
150442065229770,20.857436,1.412166,-0.015206,1.552024
150442075230782,20.867437,1.167759,0.059796,1.601899
150442085231710,20.877438,0.302871,0.159211,1.459618
150442095232852,20.887439,-0.577729,0.261856,1.084119
150442105233770,20.897440,-1.075757,0.334277,0.754153
150442115234770,20.907441,-1.261253,0.377093,0.48717
150442125235695,20.917442,-1.395763,0.423542,0.287188
150442135236623,20.927443,-1.500995,0.427034,0.083062
150442145237777,20.937444,-1.69473,0.334677,-0.064777
150442155238765,20.947445,-1.743087,0.234748,-0.248506
150442165239688,20.957446,-1.511217,0.055971,-0.33468
150442175240619,20.967447,-0.999418,-0.180246,-0.27033
150442185241556,20.977448,-0.411168,-0.324743,-0.065744
150442195242710,20.987449,0.220443,-0.390715,0.284468
150442205243636,20.997450,0.518138,-0.481518,0.586565
150442215244641,21.007451,0.542413,-0.420947,0.699546
150442225245551,21.017452,0.473858,-0.061231,0.533119
150442235246479,21.027452,0.063134,0.172051,0.179142
150442245247633,21.037454,-0.751578,0.24057,-0.164417
150442255248650,21.047455,-1.271907,0.344271,-0.270712
150442265249590,21.057456,-1.334014,0.362763,-0.120161
150442275250513,21.067457,-0.864654,0.321797,0.267329
150442285251665,21.077458,-0.003761,0.228982,0.636934
150442295252592,21.087459,0.613063,0.230524,0.870512
150442305253592,21.097460,0.948855,0.367732,0.847252
150442315254517,21.107461,1.196434,0.306504,0.843358
150442325255435,21.117461,1.181413,0.258035,0.827987
150442335256363,21.127462,0.812972,0.439502,0.66124
150442345257281,21.137463,7.43E-4,0.589868,0.359992
150442355258448,21.147464,-0.565561,0.694544,0.19614
150442365259459,21.157465,-0.805365,0.632812,0.237238
150442375260382,21.167466,-0.592043,0.659337,0.330576
150442385261305,21.177467,-0.204534,0.786572,0.357769
150442395262473,21.187468,0.167464,0.679696,0.402944
150442405263390,21.197469,0.447903,0.507537,0.446435
150442415264392,21.207470,0.545434,0.437165,0.499691
150442425265302,21.217471,0.512506,0.443354,0.507698
150442435266225,21.227472,0.218871,0.547353,0.300747
150442445267361,21.237473,-0.251246,0.62249,0.019276
150442455268295,21.247474,-0.788404,0.747412,-0.349891
150442465269218,21.257475,-1.122181,0.85553,-0.570223
150442475270234,21.267476,-1.010701,0.673847,-0.499834
150442485271152,21.277477,-0.425681,0.387156,-0.116186
150442495272066,21.287478,0.501679,0.174057,0.450031
150442505272993,21.297479,1.362804,-0.027808,0.826289
150442515274143,21.307480,2.063746,-0.158457,1.045219
150442525275126,21.317481,2.505858,-0.108873,1.047585
150442535276056,21.327482,2.32368,-0.13375,0.879372
150442545276979,21.337483,1.558017,-0.102925,0.709765
150442555277873,21.347484,0.58681,-0.205772,0.637807
150442565279025,21.357485,-0.132837,-0.209887,0.595017
150442575279953,21.367486,-0.431411,-0.023495,0.508916
150442585280883,21.377487,-0.629959,0.117778,0.215137
150442595281887,21.387488,-0.88046,0.183443,-0.171269
150442605282825,21.397489,-1.24631,0.271193,-0.482437
150442615283979,21.407490,-1.5984,0.331283,-0.69333
150442625284909,21.417491,-1.837728,0.279176,-0.772505
150442635285832,21.427492,-1.785191,-0.009322,-0.52908
150442645286756,21.437493,-1.29105,-0.184054,-0.08568
150442655287730,21.447494,-0.342511,-0.335257,0.346233
150442665288672,21.457495,0.568363,-0.427692,0.723279
150442675289840,21.467496,1.35148,-0.383972,0.821863
150442685290761,21.477497,1.489944,-0.234075,0.50667
150442695291699,21.487498,1.065376,-0.106891,0.00326
150442705292622,21.497499,0.167656,-0.027518,-0.368173
150442715293638,21.507500,-0.618774,-0.029441,-0.499142
150442725294804,21.517501,-0.942203,0.008182,-0.461371
150442735295742,21.527502,-0.711355,0.11292,-0.227874
150442745296665,21.537503,-0.142787,0.10156,-0.103566
150442755297583,21.547504,0.284442,0.027119,-0.08042
150442765298500,21.557505,0.699055,0.003326,-0.169315
150442775299488,21.567505,0.602757,0.046015,-0.423468
150442785300411,21.577506,0.268207,0.032975,-0.522736
150442795301329,21.587507,-0.009771,-0.085699,-0.433954
150442805302476,21.597508,-0.246722,-0.034926,-0.458024
150442815303404,21.607509,-0.502147,-0.020615,-0.536329
150442825304420,21.617510,-0.524404,-0.041646,-0.64628
150442835305312,21.627511,-0.410714,0.035869,-0.745368
150442845306225,21.637512,-0.295501,0.173574,-0.834227
150442855307152,21.647513,-0.549326,0.319544,-0.972964
150442865308299,21.657514,-0.845264,0.390389,-1.134419
150442875309208,21.667515,-1.072339,0.275556,-1.267458
150442885310117,21.677516,-0.980935,0.107574,-1.324184
150442895311025,21.687517,-0.33152,0.001577,-1.236199
150442905312027,21.697518,0.439348,-0.059132,-0.97766
150442915312936,21.707519,0.986553,-0.0128,-0.693529
150442925313844,21.717520,1.12473,-5.5E-4,-0.511474
150442935314996,21.727521,1.045241,-0.018772,-0.331607
150442945315919,21.737522,0.775706,-0.122047,-0.170201
150442955316842,21.747523,0.470437,-0.284588,-0.016989
150442965317765,21.757524,0.379035,-0.273177,0.06883
150442975318683,21.767525,0.211892,-0.099513,0.015874
150442985319681,21.777526,-0.13382,0.123614,-0.207143
150442995320828,21.787527,-0.83704,0.304854,-0.484513
150443005321780,21.797528,-1.504774,0.441139,-0.666673
150443015322717,21.807529,-1.922202,0.408052,-0.614169
150443025323714,21.817530,-1.923713,0.279461,-0.355455
150443035324636,21.827531,-1.274378,0.094905,0.087391
150443045325561,21.837532,-0.309806,-0.131852,0.544631
150443055326484,21.847532,0.511991,-0.288894,0.925498
150443065327421,21.857533,1.054838,-0.403655,1.112487
150443075328344,21.867534,1.095354,-0.353096,1.044145
150443085329513,21.877536,0.671361,-0.217191,0.738613
150443095330443,21.887536,-0.177137,-0.050687,0.248174
150443105331352,21.897537,-1.147493,0.004124,-0.183258
150443115332277,21.907538,-1.762364,0.018762,-0.369726
150443125333263,21.917539,-1.855237,-0.075214,-0.28144
150443135334410,21.927540,-1.396888,-0.253313,-0.159099
150443145335099,21.937541,-0.592992,-0.289636,-0.017572
150443155336251,21.947542,0.299838,-0.353825,0.119557
150443165337178,21.957543,0.754072,-0.410134,0.227547
150443175338087,21.967544,0.744153,-0.431528,0.224641
150443185339011,21.977545,0.225436,-0.385657,0.126686
150443195339948,21.987546,-0.171113,-0.312254,0.146864
150443205340955,21.997547,-0.589342,-0.290252,0.235458
150443215341878,22.007548,-0.659455,-0.283098,0.393483
150443225342815,22.017549,-0.427187,-0.339552,0.51991
150443235343963,22.027550,0.098259,-0.411356,0.554033
150443245344886,22.037551,0.576473,-0.45308,0.548345
150443255345794,22.047552,0.903666,-0.415256,0.577172
150443265346736,22.057553,0.949412,-0.429928,0.599683
150443275347757,22.067554,0.786018,-0.459428,0.69431
150443285348603,22.077555,0.565285,-0.45686,0.767966
150443295349618,22.087556,0.176377,-0.396321,0.692881
150443305350541,22.097557,-0.246391,-0.255763,0.557773
150443315351699,22.107558,-0.476037,-0.321773,0.539524
150443325352392,22.117558,-0.354162,-0.506809,0.668725
150443335353557,22.127560,-0.075307,-0.615829,0.91884
150443345354476,22.137560,0.572855,-0.675217,1.270187
150443355355399,22.147561,1.059456,-0.81044,1.484206
150443365356304,22.157562,1.232627,-0.971339,1.680936
150443375357311,22.167563,1.335516,-1.071635,1.791723
150443385358234,22.177564,1.055203,-1.00328,1.64155
150443395359381,22.187565,0.498244,-0.931021,1.167416
150443405360322,22.197566,-0.32393,-0.853095,0.567692
150443415361245,22.207567,-0.985962,-0.801738,0.15229
150443425362183,22.217568,-1.463562,-0.819611,-0.122548
150443435363106,22.227569,-1.518193,-0.823705,-0.179103
150443445364014,22.237570,-1.2361,-0.841784,-0.099071
150443455364919,22.247571,-0.751748,-0.910288,0.061474
150443465365915,22.257572,-0.277368,-0.976124,0.202054
150443475366824,22.267573,0.00269,-0.988848,0.217168
150443485367747,22.277574,0.140166,-0.928148,0.121941
150443495368670,22.287575,0.186731,-0.842629,0.004139
150443505369803,22.297576,0.019993,-0.880988,0.101065
150443515370731,22.307577,0.144514,-1.026468,0.445142
150443525371654,22.317578,0.520948,-1.197216,0.845692
150443535372572,22.327579,1.181616,-1.265924,1.18948
150443545373495,22.337579,1.882594,-1.129308,1.226566
150443555374399,22.347580,2.367769,-0.999423,0.986136
150443565375410,22.357581,2.284286,-0.893083,0.547726
150443575376333,22.367582,1.543225,-0.73004,0.304172
150443585377229,22.377583,0.534098,-0.512824,0.305548
150443595378147,22.387584,-0.362884,-0.290196,0.383795
150443605379070,22.397585,-0.924646,-0.132363,0.494774
150443615379989,22.407586,-1.089275,-9.81E-4,0.51399
150443625381142,22.417587,-1.063602,0.116165,0.325596
150443635382069,22.427588,-0.840942,0.211319,0.036811
150443645383006,22.437589,-0.520506,0.235049,-0.106008
150443655383958,22.447590,-0.147871,0.184724,0.001061
150443665384881,22.457591,0.233217,0.081141,0.234031
150443675385818,22.467592,0.576431,-0.025325,0.487686
150443685386814,22.477593,0.842304,-0.118718,0.648113
150443695387739,22.487594,1.096296,-0.152485,0.744685
150443705388666,22.497595,1.300114,-0.157389,0.780877
150443715389823,22.507596,1.593437,-0.194366,0.84249
150443725390746,22.517597,1.653516,-0.151099,0.784376
150443735391684,22.527598,1.493565,-0.021682,0.530974
150443745392607,22.537599,1.118206,0.180124,0.136314
150443755393309,22.547599,0.591239,0.29037,-0.183432
150443765394467,22.557600,-0.00436,0.335595,-0.270522
150443775395395,22.567601,-0.299364,0.407964,-0.210353
150443785396323,22.577602,-0.260022,0.428302,-0.075301
150443795397260,22.587603,0.004425,0.421124,0.076489
150443805398275,22.597604,0.441227,0.255828,0.238534
150443815399198,22.607605,0.795994,0.126583,0.348995
150443825400121,22.617606,0.898198,0.130415,0.333161
150443835401022,22.627607,0.892898,0.040883,0.323313
150443845401916,22.637608,0.753481,0.004734,0.22353
150443855402849,22.647609,0.490988,-0.099323,0.125465
150443865403767,22.657610,0.316354,-0.410549,0.160947
150443875404914,22.667611,0.355255,-0.63887,0.248032
150443885405837,22.677612,0.493525,-0.646103,0.224085
150443895406756,22.687613,0.483407,-0.631711,0.122184
150443905407679,22.697614,0.301029,-0.616851,0.010271
150443915408583,22.707615,-0.29502,-0.479365,-0.184046
150443925409525,22.717616,-1.170282,-0.36102,-0.372586
150443935410443,22.727616,-1.764906,-0.197881,-0.622673
150443945411368,22.737617,-2.203712,-0.085434,-0.872139
150443955412285,22.747618,-2.265296,-0.166937,-0.898406
150443965413198,22.757619,-1.860468,-0.23474,-0.728794
150443975414200,22.767620,-1.012234,-0.285139,-0.465135
150443985415109,22.777621,-0.04564,-0.418611,-0.17535
150443995416031,22.787622,0.655372,-0.453771,0.028431
150444005416960,22.797623,1.002812,-0.570702,0.123921
150444015417893,22.807624,0.919211,-0.622024,0.001816
150444025418811,22.817625,0.71399,-0.553636,-0.196298
150444035419724,22.827626,0.46132,-0.566233,-0.293732
150444045420878,22.837627,0.456359,-0.584914,-0.255824
150444055421804,22.847628,0.516968,-0.695522,-0.056971
150444065422732,22.857629,0.666533,-0.58948,0.120311
150444075423660,22.867630,0.940093,-0.387634,0.098918
150444085424578,22.877631,0.809197,-0.106704,-0.218323
150444095425515,22.887632,0.227182,0.143181,-0.567992
150444105426424,22.897632,-0.61693,0.163064,-0.682174
150444115427352,22.907633,-1.299742,0.189563,-0.517564
150444125428347,22.917634,-1.430822,0.236081,-0.219341
150444135429283,22.927635,-1.115315,0.152945,0.02798
150444145430143,22.937636,-0.521142,0.003723,0.142205
150444155431141,22.947637,0.159905,-0.142411,0.171259
150444165432066,22.957638,0.594799,-0.252797,0.080876
150444175432979,22.967639,0.586331,-0.299477,-0.090109
150444185433907,22.977640,0.162431,-0.308179,-0.319963
150444195434840,22.987641,-0.63053,-0.3606,-0.547184
150444205435763,22.997642,-1.244953,-0.435765,-0.724078
150444215436686,23.007643,-1.217298,-0.741558,-0.602522
150444225437589,23.017644,-0.620718,-0.999834,-0.286255
150444235438504,23.027645,0.021865,-0.986244,-0.20996
150444245439671,23.037646,0.366702,-0.826248,-0.369931
150444255440598,23.047647,0.119176,-0.678437,-0.765298
150444265441521,23.057648,-0.318266,-0.484335,-1.222428
150444275442458,23.067648,-1.033968,-0.202123,-1.641156
150444285443381,23.077649,-1.32412,-0.101598,-1.742171
150444295444304,23.087650,-1.322834,-0.282889,-1.614031
150444305445227,23.097651,-0.738012,-0.297933,-1.250255
150444315446135,23.107652,0.078843,-0.169783,-0.708011
150444325447058,23.117653,0.690269,0.04999,-0.394552
150444335447981,23.127654,1.27972,-0.011842,-0.214221
150444345448983,23.137655,1.733288,-0.07869,-0.222661
150444355449921,23.147656,2.064657,0.066577,-0.364593
150444365450838,23.157657,2.283487,0.179293,-0.28764
150444375451679,23.167658,2.456583,0.264313,-0.151504
150444385452698,23.177659,2.570014,0.545457,-0.112901
150444395453560,23.187660,2.515639,0.834227,-0.256501
150444405454562,23.197661,2.400877,0.979803,-0.43413
150444415455487,23.207661,2.311565,1.006947,-0.476431
150444425456396,23.217662,2.355747,1.172723,-0.349211
150444435457319,23.227663,2.60678,1.452481,-0.088257
150444445458242,23.237664,2.659155,1.475532,0.479424
150444455459152,23.247665,2.55781,1.526664,1.131214
150444465460075,23.257666,2.087558,1.627049,1.679705
150444475461003,23.267667,1.578219,1.667615,1.91631
150444485461926,23.277668,0.859678,1.565826,1.891173
150444495462835,23.287669,0.273022,1.387926,1.628786
150444505464001,23.297670,-0.22482,1.123893,1.339091
150444515464924,23.307671,-0.251316,0.982501,1.013476
150444525465847,23.317672,0.052691,0.815956,0.719802
150444535466775,23.327673,0.245305,0.567745,0.485531
150444545467698,23.337674,0.241992,0.536726,0.11744
150444555468621,23.347675,-0.165636,0.76506,-0.496006
150444565469539,23.357676,-0.941844,1.105372,-1.248578
150444575470462,23.367676,-1.865921,1.352974,-1.997252
150444585471405,23.377677,-2.552862,1.558077,-2.612572
150444595472328,23.387678,-2.851563,1.580191,-2.835949
150444605473242,23.397679,-2.625556,1.489928,-2.681425
150444615474165,23.407680,-1.803785,1.459184,-2.266535
150444625475083,23.417681,-0.652157,1.446481,-1.813886
150444635476006,23.427682,0.692017,1.309639,-1.319501
150444645476929,23.437683,1.906866,0.797462,-0.657783
150444655477847,23.447684,3.137671,0.300364,0.09638
150444665478770,23.457685,4.334686,0.207002,0.83006
150444675479707,23.467686,4.631373,0.375813,1.39428
150444685480617,23.477687,3.675432,0.34146,1.613456
150444695481540,23.487688,1.979834,0.19585,1.515942
150444705482463,23.497688,0.300419,-0.023748,1.239711
150444715483381,23.507689,-1.515479,-0.547574,0.888656
150444725484299,23.517690,-3.055263,-0.828125,0.2635
150444735485222,23.527691,-3.269297,-0.848143,-0.231809
150444745486145,23.537692,-2.893982,-1.036823,-0.624309
150444755487138,23.547693,-2.714752,-1.310877,-0.909527
150444765488063,23.557694,-2.290211,-1.582898,-0.842761
150444775488933,23.567695,-1.668114,-1.908069,-0.458807
150444785489933,23.577696,-1.329758,-2.24283,-0.071392
150444795490768,23.587697,-1.050181,-2.471813,0.246398
150444805491689,23.597698,-0.772661,-2.680783,0.47696
150444815492689,23.607699,-0.691945,-2.940332,0.438304
150444825493527,23.617700,-0.748247,-3.181068,0.21885
150444835494525,23.627701,-1.014278,-3.399705,-0.015644
150444845495362,23.637701,-1.439425,-3.606126,-0.170826
150444855496362,23.647702,-1.792792,-3.801301,-0.311562
150444865497193,23.657703,-2.084448,-3.937055,-0.333801
150444875498195,23.667704,-2.18426,-4.014344,-0.338208
150444885499110,23.677705,-2.464632,-3.965038,-0.364025
150444895499960,23.687706,-2.721884,-3.882081,-0.497838
150444905500883,23.697707,-3.182753,-3.873492,-0.635383
150444915501881,23.707708,-3.671978,-3.773855,-0.839386
150444925502727,23.717709,-4.163901,-3.732798,-1.022259
150444935503723,23.727710,-4.424157,-3.65689,-1.137806
150444945504643,23.737711,-4.360172,-3.483472,-1.146464
150444955505549,23.747712,-4.079093,-3.259212,-0.985731
150444965506496,23.757712,-3.511153,-3.054244,-0.869991
150444975507350,23.767713,-3.048458,-2.766272,-0.915581
150444985508350,23.777714,-2.846526,-2.452104,-1.027192
150444995509210,23.787715,-2.89578,-2.149897,-1.109338
150445005510131,23.797716,-2.923744,-1.78783,-1.08409
150445015511143,23.807717,-2.693049,-1.543338,-1.031244
150445025511989,23.817718,-2.136572,-1.524585,-0.812979
150445035513001,23.827719,-1.300817,-1.362631,-0.577213
150445045513861,23.837720,-0.370195,-0.975951,-0.601363
150445055514863,23.847721,0.563419,-0.511433,-0.882736
150445065515784,23.857722,1.6959,-0.042678,-1.316587
150445075516713,23.867723,2.55595,0.478899,-1.723363
150445085517637,23.877724,3.025293,1.280033,-2.127061
150445095518498,23.887724,2.912423,2.236801,-2.482752
150445105519483,23.897725,2.126232,3.245534,-2.872511
150445115520404,23.907726,1.271938,4.305674,-3.266504
150445125521236,23.917727,1.002023,5.072646,-3.169458
150445135522157,23.927728,1.153562,5.59147,-2.75109
150445145523063,23.937729,2.127031,6.598035,-2.433587
150445155524046,23.947730,2.951918,7.564557,-2.393439
150445165524890,23.957731,3.566991,7.670606,-2.612551
150445175525814,23.967732,3.762757,7.484778,-2.768262
150445185526737,23.977733,3.572382,7.27719,-2.336776
150445195527737,23.987734,3.38873,6.651783,-1.322797
150445205528583,23.997735,3.906605,6.161332,-0.252014
150445215529506,24.007736,4.83804,5.692385,0.990706
150445225530415,24.017736,5.717604,5.105796,2.182453
150445235531431,24.027737,6.506038,4.449685,3.080865
150445245532275,24.037738,6.523564,3.564658,3.694186
150445255533189,24.047739,6.215294,2.834151,3.367829
150445265534097,24.057740,5.613373,2.155678,2.579016
150445275535026,24.067741,4.642215,1.301296,1.788063
150445285535949,24.077742,3.342388,0.68359,0.791905
150445295536872,24.087743,1.703467,0.261606,-0.21177
150445305537814,24.097744,0.003535,-0.119485,-1.156514
150445315538732,24.107745,-1.53227,-0.505997,-1.736634
150445325539674,24.117746,-3.092589,-0.895987,-2.038101
150445335540617,24.127747,-4.267658,-1.255072,-2.14823
150445345541540,24.137748,-4.989786,-1.638418,-2.174873
150445355542467,24.147748,-5.070182,-2.081204,-2.114437
150445365543376,24.157749,-4.703684,-2.478223,-2.066102
150445375544055,24.167750,-4.154724,-2.896053,-2.06047
150445385545207,24.177751,-3.644083,-3.185522,-2.216035
150445395545901,24.187752,-3.081893,-3.356679,-2.33636
150445405546824,24.197753,-2.788347,-3.493251,-2.375597
150445415547747,24.207754,-3.032245,-3.554776,-2.421723
150445425548656,24.217755,-3.427673,-3.525577,-2.355324
150445435549579,24.227756,-3.641227,-3.600475,-2.130442
150445445550502,24.237757,-3.649196,-3.502521,-1.961643
150445455551435,24.247757,-3.360511,-3.218119,-1.832419
150445465552363,24.257758,-3.138604,-2.809602,-1.946789
150445475553277,24.267759,-2.910349,-2.483425,-1.990023
150445485554214,24.277760,-2.674367,-2.22595,-1.829093
150445495555118,24.287761,-2.360492,-1.958837,-1.413528
150445505556041,24.297762,-1.959704,-1.701312,-0.879849
150445515556964,24.307763,-1.289067,-1.376174,-0.461166
150445525557882,24.317764,-0.831056,-0.877121,-0.321196
150445535558805,24.327765,-0.810019,-0.357818,-0.334624
150445545559666,24.337766,-1.232773,0.178708,-0.391632
150445555560664,24.347767,-1.559732,0.496318,-0.399321
150445565561589,24.357768,-1.88909,0.849744,-0.380119
150445575562512,24.367769,-1.659647,1.068407,-0.225497
150445585563356,24.377769,-1.134849,1.109796,-0.08351
150445595564293,24.387770,-0.340614,1.361547,-0.202408
150445605565216,24.397771,0.44714,1.68387,-0.420518
150445615566226,24.407772,1.15782,1.908606,-0.751405
150445625567062,24.417773,1.813064,1.904224,-1.001351
150445635567980,24.427774,2.284546,1.878927,-1.193246
150445645568904,24.437775,2.546092,1.940577,-1.287705
150445655569827,24.447776,2.44061,1.796531,-1.260954
150445665570722,24.457777,2.360128,1.690419,-1.14737
150445675571645,24.467778,2.252466,1.841496,-1.177399
150445685572582,24.477779,2.033966,1.929533,-1.344254
150445695573288,24.487779,1.621819,1.878142,-1.520187
150445705574213,24.497780,1.388226,1.874249,-1.56175
150445715575370,24.507781,1.154487,1.953067,-1.433248
150445725576080,24.517782,0.913417,1.891988,-1.189004
150445735576989,24.527783,1.032203,1.689102,-0.767781
150445745577912,24.537784,1.16539,1.832694,-0.601652
150445755578835,24.547785,1.020456,1.986189,-0.687279
150445765579758,24.557786,0.726178,1.916516,-0.857602
150445775580681,24.567787,0.444112,1.749778,-0.854223
150445785581599,24.577788,0.422203,1.567756,-0.557081
150445795582517,24.587789,0.547788,1.419663,-0.254055
150445805583373,24.597789,0.919897,1.155414,0.027523
150445815584295,24.607790,1.344853,0.814684,0.14741
150445825585223,24.617791,1.476049,0.969683,-0.135814
150445835586236,24.627792,1.059046,1.029593,-0.506293
150445845587111,24.637793,0.320096,0.884216,-0.634584
150445855588019,24.647794,-0.311341,0.663148,-0.583451
150445865588942,24.657795,-0.691341,0.504023,-0.4159
150445875589851,24.667796,-0.789399,0.528861,-0.295512
150445885590774,24.677797,-0.967564,0.384906,-0.302864
150445895591469,24.687797,-1.11938,0.229045,-0.3665
150445905592621,24.697799,-1.349526,0.3156,-0.596732
150445915593563,24.707800,-1.68889,0.239746,-0.82601
150445925594257,24.717800,-2.01447,0.036328,-0.915865
150445935595180,24.727801,-2.015987,-0.15158,-0.77267
150445945596108,24.737802,-1.823263,-0.437485,-0.487521
150445955597036,24.747803,-1.389166,-0.516795,-0.528639
150445965597944,24.757804,-0.872509,-0.618878,-0.731681
150445975598867,24.767805,-0.552508,-0.660146,-1.059995
150445985599791,24.777806,-0.48115,-0.692711,-1.299262
150445995600632,24.787807,-0.523908,-0.650064,-1.466587
150446005601553,24.797808,-0.660709,-0.627797,-1.433038
150446015602463,24.807808,-0.853697,-0.561922,-1.219542
150446025603386,24.817809,-1.013643,-0.443675,-0.996961
150446035604309,24.827810,-0.808259,-0.297793,-0.841699
150446045605203,24.837811,-0.65235,-0.177919,-0.806041
150446055606140,24.847812,-0.479589,-0.311217,-0.534187
150446065607058,24.857813,-0.167841,-0.36711,-0.245855
150446075607982,24.867814,-0.043836,-0.344052,-0.012102
150446085608900,24.877815,0.147987,-0.310225,0.093098
150446095609588,24.887816,-9.1E-4,-0.057098,-0.078521
150446105610498,24.897816,-0.763313,0.318137,-0.528057
150446115611402,24.907817,-1.735537,0.492364,-0.988109
150446125612325,24.917818,-2.352466,0.540977,-1.109622
150446135613248,24.927819,-2.291282,0.34706,-0.728598
150446145614176,24.937820,-1.576185,0.177326,-0.143377
150446155615098,24.947821,-0.477432,0.372243,-0.016268
150446165615944,24.957822,0.189253,0.59756,-0.318463
150446175616876,24.967823,0.399877,0.63641,-0.72397
150446185617801,24.977824,-0.014539,0.545333,-1.102996
150446195618722,24.987825,-0.632438,0.623196,-1.297828
150446205619650,24.997826,-0.921062,0.704604,-1.286446
150446215620573,25.007827,-0.888472,0.751029,-1.169533
150446225621501,25.017828,-0.463195,0.583911,-0.887855
150446235622424,25.027828,0.293135,0.541944,-0.621493
150446245623119,25.037829,0.883003,0.831935,-0.598472
150446255624037,25.047830,0.947488,1.009895,-0.809369
150446265624965,25.057831,0.781174,0.923975,-0.923106
150446275625902,25.067832,0.31309,0.944294,-0.942998
150446285626825,25.077833,-0.245316,1.00501,-0.827428
150446295627761,25.087834,-0.553566,1.049699,-0.654165
150446305628622,25.097835,-0.337837,0.841042,-0.360804
150446315629551,25.107836,0.295388,0.508614,0.099947
150446325630472,25.117836,1.102221,0.423809,0.356843
150446335631390,25.127837,1.691761,0.282895,0.447486
150446345632304,25.137838,1.794343,0.132333,0.386343
150446355633213,25.147839,1.489089,0.15058,0.084782
150446365634146,25.157840,0.549874,0.341438,-0.423816
150446375634835,25.167841,-0.699714,0.445642,-0.938675
150446385635772,25.177842,-1.794652,0.574793,-1.329631
150446395636696,25.187843,-2.28823,0.437883,-1.479268
150446405637614,25.197844,-2.141242,0.455651,-1.420623
150446415638537,25.207845,-1.586895,0.394934,-1.348295
150446425639383,25.217845,-0.753614,0.119756,-1.201488
150446435640294,25.227846,-0.0259,0.065481,-1.20092
150446445641203,25.237847,0.249979,0.053024,-1.267321
150446455642128,25.247848,0.08989,0.253676,-1.452351
150446465643049,25.257849,-0.361893,0.35705,-1.624109
150446475643957,25.267850,-0.792377,0.160284,-1.482563
150446485644891,25.277851,-0.728668,0.02487,-1.042856
150446495645583,25.287852,0.08353,-0.044392,-0.349979
150446505646508,25.297853,1.201862,-0.181648,0.205458
150446515647436,25.307853,2.145522,-0.191979,0.420688
150446525648363,25.317854,2.862393,0.021234,0.319432
150446535649306,25.327855,2.695495,0.265519,-0.024097
150446545650219,25.337856,1.584104,0.522077,-0.417575
150446555651133,25.347857,0.247697,0.595732,-0.496555
150446565651977,25.357858,-0.88923,0.499424,-0.349563
150446575652896,25.367859,-1.278403,0.563794,-0.068641
150446585653833,25.377860,-1.159288,0.618029,0.108539
150446595654756,25.387861,-0.708364,0.638843,-0.016648
150446605655698,25.397862,-0.450447,0.69105,-0.358504
150446615656405,25.407862,-0.424075,0.804133,-0.742418
150446625657331,25.417863,-0.805419,0.806302,-1.142219
150446635658268,25.427864,-1.052348,0.605971,-1.160605
150446645659205,25.437865,-1.369299,0.246567,-1.000755
150446655660037,25.447866,-1.361826,0.131684,-0.786264
150446665661030,25.457867,-0.808995,0.124529,-0.658294
150446675661955,25.467868,-0.039754,0.127616,-0.777671
150446685662806,25.477869,0.361806,0.262189,-1.097907
150446695663727,25.487870,0.258416,0.503652,-1.329514
150446705664645,25.497871,-0.360642,0.584673,-1.473569
150446715665584,25.507872,-0.756397,0.367059,-1.213798
150446725666516,25.517873,-0.521378,0.093589,-0.699623
150446735667210,25.527873,0.285088,-0.065483,-0.187026
150446745668133,25.537874,1.09372,-0.082184,0.267443
150446755669066,25.547875,1.802855,0.031119,0.426947
150446765669897,25.557876,2.095295,0.175005,0.255924
150446775670810,25.567877,1.412792,0.395004,-0.192963
150446785671732,25.577878,0.184731,0.52387,-0.613948
150446795672671,25.587879,-0.849356,0.414919,-0.690362
150446805673573,25.597880,-1.04734,0.27448,-0.381683
150446815674477,25.607880,-0.488626,0.259086,-0.028204
150446825675409,25.617881,0.33325,0.119675,0.09282
150446835676089,25.627882,0.960803,0.025519,-0.05901
150446845677003,25.637883,0.97679,0.175378,-0.356006
150446855677921,25.647884,0.404643,0.478916,-0.878664
150446865678845,25.657885,-0.56544,0.638581,-1.347886
150446875679773,25.667886,-1.427389,0.469337,-1.389602
150446885680602,25.677887,-1.836915,0.386353,-1.165303
150446895681525,25.687888,-1.557135,0.452661,-0.923411
150446905682444,25.697888,-0.827114,0.465298,-0.943499
150446915683371,25.707889,0.050074,0.469327,-1.113587
150446925684046,25.717890,0.3686,0.499986,-1.161935
150446935684956,25.727891,0.266536,0.704034,-1.145396
150446945686107,25.737892,0.060219,0.591936,-0.902136
150446955686802,25.747893,-0.002239,0.249852,-0.409951
150446965687696,25.757894,0.297887,0.029891,0.125236
150446975688532,25.767895,0.907103,-0.009534,0.34746
150446985689458,25.777895,1.378037,0.096182,0.133349
150446995690400,25.787896,1.438698,0.246704,-0.285676
150447005691325,25.797897,0.895989,0.398027,-0.706837
150447015692246,25.807898,-0.268892,0.580831,-1.062054
150447025693175,25.817899,-1.469935,0.535827,-1.100839
150447035693867,25.827900,-1.8903,0.318689,-0.650583
150447045694782,25.837901,-1.57235,0.181314,-0.090038
150447055695705,25.847902,-0.805705,0.238465,0.210818
150447065696640,25.857903,-0.004304,0.26726,0.136613
150447075697486,25.867903,0.250703,0.267704,-0.302064
150447085698405,25.877904,-0.135451,0.318301,-0.753227
150447095699329,25.887905,-0.858413,0.374287,-1.07009
150447105700266,25.897906,-1.484957,0.292265,-1.042132
150447115700958,25.907907,-1.655536,0.098815,-0.654512
150447125701883,25.917908,-1.300187,0.02487,-0.261997
150447135702825,25.927909,-0.801533,0.020046,-0.171998
150447145703748,25.937910,-0.180451,-0.008475,-0.386578
150447155704607,25.947911,0.058825,0.089186,-0.846056
150447165705544,25.957912,-0.108192,0.196683,-1.30644
150447175706469,25.967912,-0.674635,0.144895,-1.445027
150447185707390,25.977913,-1.093523,-0.20237,-1.088772
150447195708304,25.987914,-0.805358,-0.277385,-0.618364
150447205708982,25.997915,-0.135735,-0.282662,-0.386211
150447215709911,26.007916,0.550635,-0.290881,-0.474743
150447225710820,26.017917,0.706209,-0.16509,-0.98048
150447235711742,26.027918,0.242065,-0.015204,-1.394363
150447245712653,26.037919,-0.462159,0.074874,-1.593588
150447255713516,26.047920,-1.147191,-0.004222,-1.410878
150447265714439,26.057920,-1.229757,0.030844,-1.105762
150447275715152,26.067921,-0.799142,0.129351,-0.948431
150447285716290,26.077922,-0.285547,0.14704,-0.906136
150447295716973,26.087923,0.400704,0.145431,-0.843158
150447305717897,26.097924,0.656767,0.23338,-0.783413
150447315718815,26.107925,0.580956,0.305403,-0.743932
150447325719676,26.117926,0.607834,0.234373,-0.66379
150447335720568,26.127927,0.449824,0.06093,-0.43965
150447345721491,26.137927,0.211301,-0.057227,-0.171062
150447355722414,26.147928,0.438641,-0.183264,0.095526
150447365723351,26.157929,0.689657,-0.246847,0.156929
150447375724059,26.167930,0.722785,-0.120952,-0.147495
150447385724984,26.177931,0.314834,0.173886,-0.66694
150447395725844,26.187932,-0.572934,0.48966,-1.212869
150447405726871,26.197933,-1.434285,0.569899,-1.400798
150447415727717,26.207934,-1.779686,0.489221,-1.211789
150447425728640,26.217935,-1.785343,0.311399,-0.772761
150447435729563,26.227936,-1.085846,0.124578,-0.354405
150447445730481,26.237936,-0.019584,0.152693,-0.317582
150447455731423,26.247937,0.779984,0.384324,-0.615957
150447465732126,26.257938,0.935232,0.580428,-1.121263
150447475733051,26.267939,0.179262,0.485524,-1.444784
150447485733901,26.277940,-0.3273,0.373046,-1.26443
150447495734822,26.287941,-0.776334,0.356728,-0.890219
150447505735731,26.297942,-0.649582,0.307838,-0.438659
150447515736683,26.307943,-0.00394,0.418148,-0.254745
150447525737591,26.317944,0.553712,0.65356,-0.42072
150447535738299,26.327944,0.829208,0.731423,-0.634617
150447545739224,26.337945,0.769937,0.563042,-0.512913
150447555740154,26.347946,0.636856,0.270216,0.100422
150447565740974,26.357947,0.794282,0.213088,0.625631
150447575741896,26.367948,0.984578,0.251565,0.699118
150447585742822,26.377949,0.753611,0.400525,0.161171
150447595743517,26.387950,0.057262,0.573376,-0.568593
150447605744426,26.397950,-1.022841,0.689964,-1.14388
150447615745330,26.407951,-2.217605,0.799856,-1.55701
150447625746253,26.417952,-2.699693,0.721353,-1.54753
150447635747171,26.427953,-2.638317,0.331159,-1.278075
150447645748030,26.437954,-1.985599,0.017694,-0.936621
150447655748953,26.447955,-0.991188,-0.07988,-0.523073
150447665749634,26.457956,-0.008416,-0.368925,-0.361595
150447675750781,26.467957,0.396554,-0.606901,-0.408377
150447685751460,26.477957,0.332631,-0.797768,-0.408381
150447695752383,26.487958,0.311315,-0.797187,-0.333547
150447705753215,26.497959,0.181049,-0.707846,0.087187
150447715754138,26.507960,0.05428,-0.575533,0.398864
150447725755063,26.517961,-0.194593,-0.397054,0.687637
150447735755996,26.527962,-0.027354,-0.216003,0.889361
150447745756920,26.537963,0.081373,-0.254047,1.001906
150447755757600,26.547964,0.19279,-0.48814,1.20732
150447765758518,26.557965,0.262072,-0.603542,1.489423
150447775759359,26.567965,-0.11329,-0.693074,1.616944
150447785760359,26.577966,-0.325574,-0.74726,1.932451
150447795761217,26.587967,-0.342069,-0.604579,2.170115
150447805762140,26.597968,-0.366453,-0.604403,1.971685
150447815763050,26.607969,-0.52283,-0.46835,1.548136
150447825763742,26.617970,-0.871561,-0.481466,1.265706
150447835764681,26.627971,-1.341925,-0.530698,1.139367
150447845765609,26.637972,-1.416449,-0.636912,1.165055
150447855766455,26.647972,-1.125522,-0.709173,1.261025
150447865767386,26.657973,-0.508745,-0.738635,1.242684
150447875768310,26.667974,0.192928,-0.741241,0.94883
150447885768999,26.677975,0.791861,-0.828418,0.497421
150447895769912,26.687976,1.112436,-0.865369,0.046625
150447905770835,26.697977,1.266312,-0.821717,-0.112618
150447915771763,26.707978,1.129042,-0.850566,-0.015425
150447925772592,26.717979,1.239851,-0.983804,0.299638
150447935773510,26.727980,1.718911,-1.179393,0.578571
150447945774434,26.737980,1.84256,-1.322086,0.538873
150447955775357,26.747981,2.053256,-1.406323,0.470147
150447965776047,26.757982,2.314623,-1.497779,0.466367
150447975776970,26.767983,2.404895,-1.546567,0.396749
150447985777811,26.777984,2.339276,-1.521226,0.309534
150447995778732,26.787985,2.326569,-1.529379,0.44377
150448005779655,26.797986,2.147245,-1.582552,0.615403
150448015780579,26.807987,1.798707,-1.5812,0.765154
150448025781511,26.817988,1.671784,-1.49893,0.789652
150448035782194,26.827988,1.331356,-1.375729,0.789553
150448045783042,26.837989,0.868834,-1.324944,0.820153
150448055784046,26.847990,0.686218,-1.115575,0.88741
150448065784919,26.857991,0.254739,-0.98031,0.927096
150448075785842,26.867992,-0.247613,-0.784037,0.872623
150448085786766,26.877993,-0.681219,-0.688863,0.614969
150448095787463,26.887993,-0.677168,-0.670917,0.391474
150448105788401,26.897994,-0.399438,-0.661647,0.378711
150448115789250,26.907995,0.089603,-0.687823,0.512791
150448125790271,26.917996,0.524233,-0.609638,0.765701
150448135791120,26.927997,0.974669,-0.57406,0.959679
150448145792038,26.937998,1.484732,-0.600534,0.996518
150448155792731,26.947999,1.813213,-0.698731,0.951548
150448165793672,26.958000,2.072826,-0.748483,0.972807
150448175794595,26.968001,2.301471,-0.698463,1.039497
150448185795441,26.978001,2.241791,-0.730457,1.037669
150448195796362,26.988002,1.837237,-0.68759,1.008854
150448205797265,26.998003,1.542157,-0.577516,0.990307
150448215797958,27.008004,1.242101,-0.456471,0.903378
150448225798879,27.018005,0.966203,-0.385639,0.846212
150448235799816,27.028006,0.866232,-0.341649,0.993797
150448245800710,27.038007,0.546794,-0.236056,1.070176
150448255801570,27.048008,0.203195,-0.163246,1.125995
150448265802487,27.058008,-0.025581,-0.016921,1.136762
150448275803194,27.068009,-0.297076,0.079387,1.000005
150448285804119,27.078010,-0.381612,-0.047506,0.90142
150448295805018,27.088011,-0.178243,-0.171135,0.83057
150448305805941,27.098012,0.174015,-0.299922,0.848293
150448315806792,27.108013,0.496762,-0.421681,0.689976
150448325807724,27.118014,0.803552,-0.55159,0.435363
150448335808417,27.128014,0.821488,-0.526281,0.123254
150448345809325,27.138015,0.583962,-0.451438,-0.091785
150448355810248,27.148016,0.366729,-0.391169,-0.07595
150448365811180,27.158017,0.029484,-0.343795,0.137201
150448375812031,27.168018,-0.273838,-0.350137,0.404345
150448385812952,27.178019,-0.231242,-0.34578,0.595145
150448395813861,27.188020,-0.064207,-0.263518,0.549593
150448405814784,27.198021,0.238188,-0.313115,0.460839
150448415815463,27.208021,0.472711,-0.162731,0.256099
150448425816388,27.218022,0.24362,-0.10628,0.066689
150448435817220,27.228023,-0.146686,-0.111844,-0.065308
150448445818155,27.238024,-0.471416,-0.028449,-0.148933
150448455818835,27.248025,-0.77545,-0.001984,-0.122587
150448465819982,27.258026,-0.729787,0.036888,0.057216
150448475820682,27.268027,-0.554923,0.080706,0.296965
150448485821609,27.278028,-0.291572,0.05659,0.514897
150448495822449,27.288028,0.143791,0.126215,0.559831
150448505823372,27.298029,0.509093,0.128155,0.418121
150448515824295,27.308030,0.589438,0.121057,0.314971
150448525824989,27.318031,0.712045,0.016165,0.411216
150448535825911,27.328032,0.997782,-0.030088,0.53692
150448545826831,27.338033,1.198549,-0.055419,0.608392
150448555827694,27.348034,0.950155,-0.165827,0.582015
150448565828604,27.358035,0.832282,-0.160864,0.386903
150448575829535,27.368036,0.826098,-0.207551,0.159926
150448585830453,27.378036,0.604054,-0.315871,-0.119395
150448595831159,27.388037,-0.037473,-0.457407,-0.381856
150448605832084,27.398038,-0.434752,-0.50966,-0.512735
150448615832999,27.408039,-0.467239,-0.588927,-0.364377
150448625833828,27.418040,-0.32803,-0.755317,-0.097494
150448635834756,27.428041,0.265937,-0.826834,0.099205
150448645835448,27.438041,0.780099,-0.83472,0.04992
150448655836392,27.448042,0.960052,-0.828717,-0.071982
150448665837311,27.458043,0.927867,-1.002167,-0.084357
150448675838234,27.468044,0.674285,-1.247809,0.009097
150448685839081,27.478045,0.481581,-1.425807,0.244096
150448695839986,27.488046,0.41061,-1.444479,0.467507
150448705840664,27.498047,0.41099,-1.475225,0.558815
150448715841598,27.508048,0.128074,-1.288646,0.238213
150448725842507,27.518049,-0.549607,-1.058595,-0.322366
150448735843430,27.528049,-1.190381,-0.935665,-0.872696
150448745844285,27.538050,-1.850411,-0.693439,-1.386686
150448755845212,27.548051,-2.149315,-0.672105,-1.545257
150448765845906,27.558052,-2.100959,-0.448629,-1.369645
150448775846829,27.568053,-1.631719,-0.36096,-1.047385
150448785847747,27.578054,-1.074051,-0.016879,-0.985632
150448795848685,27.588055,-0.620152,0.251395,-1.203207
150448805849529,27.598056,-0.511312,0.570704,-1.509469
150448815850229,27.608056,-0.628954,0.82224,-1.771059
150448825851132,27.618057,-0.593857,1.11773,-2.008358
150448835852051,27.628058,-0.458639,1.136334,-1.920035
150448845852880,27.638059,-0.134062,0.762858,-1.218578
150448855853808,27.648060,0.568092,0.414163,-0.205872
150448865854731,27.658061,1.773712,0.329832,0.464892
150448875855669,27.668062,3.330719,0.515643,0.852395
150448885856349,27.678062,4.371708,0.852032,1.027179
150448895857272,27.688063,3.943384,1.367257,0.562951
150448905858118,27.698064,1.621106,1.637508,-0.407557
150448915859058,27.708065,-0.878578,1.469507,-0.916369
150448925859991,27.718066,-2.584272,1.375434,-0.95241
150448935860909,27.728067,-2.941114,1.380637,-0.758732
150448945861604,27.738068,-1.979683,1.349435,-0.470166
150448955862512,27.748069,-0.649867,1.058669,-0.258202
150448965863356,27.758069,0.54505,0.901737,-0.203237
150448975864274,27.768070,1.476183,0.962815,-0.350697
150448985864964,27.778071,1.392265,0.817832,-0.726918
150448995865892,27.788072,0.290145,0.685256,-0.991537
150449005866815,27.798073,-1.017129,0.778722,-1.067352
150449015867762,27.808074,-2.00417,0.973804,-1.149446
150449025868608,27.818075,-2.499259,1.286225,-1.338578
150449035869529,27.828076,-2.562554,1.715832,-1.800207
150449045870238,27.838076,-2.474103,2.144589,-2.333611
150449055871161,27.848077,-2.409098,2.394078,-3.002641
150449065872008,27.858078,-2.530892,2.281186,-3.507058
150449075872931,27.868079,-1.973347,1.531699,-2.994432
150449085873850,27.878080,0.115022,0.75328,-1.143845
150449095874756,27.888081,2.360942,0.140456,0.472521
150449105875439,27.898081,4.794424,-0.605272,1.916694
150449115876378,27.908082,6.989167,-0.941689,3.048806
150449125877299,27.918083,8.08918,-1.363739,3.796637
150449135878164,27.928084,7.231077,-1.637698,4.235791
150449145879083,27.938085,4.981307,-1.875106,4.026203
150449155879781,27.948086,2.437725,-2.418383,3.716853
150449165880704,27.958087,-0.348037,-2.898033,2.903998
150449175881627,27.968088,-3.085234,-3.252942,1.88313
150449185882473,27.978088,-4.688654,-3.464576,0.909343
150449195883391,27.988089,-5.184638,-3.684816,0.148336
150449205884071,27.998090,-5.388667,-3.779834,-0.344383
150449215884983,28.008091,-5.423969,-3.762729,-0.649974
150449225885906,28.018092,-4.821154,-3.629844,-0.913301
150449235886748,28.028093,-3.825275,-3.563007,-1.183332
150449245887656,28.038094,-3.075918,-3.375024,-1.533932
150449255888577,28.048095,-2.809805,-3.210745,-1.844799
150449265889270,28.058095,-3.006977,-2.853145,-2.133318
150449275890209,28.068096,-2.935088,-2.510789,-2.364497
150449285891132,28.078097,-3.217301,-2.066985,-2.611208
150449295892036,28.088098,-3.564393,-1.598299,-2.791266
150449305892875,28.098099,-3.570942,-1.098547,-2.904201
150449315893570,28.108100,-3.404188,-0.780052,-3.00898
150449325894493,28.118100,-2.849059,-0.599639,-2.953443
150449335895411,28.128101,-1.960157,-0.236112,-2.736384
150449345896334,28.138102,-0.920137,0.18117,-2.456703
150449355897171,28.148103,-0.051195,0.49149,-2.122537
150449365898092,28.158104,1.016786,0.799536,-1.638826
150449375898787,28.168105,2.092492,1.078047,-1.041324
150449385899710,28.178106,2.922417,1.280096,-0.436234
150449395900633,28.188107,3.749304,1.254756,0.303011
150449405901469,28.198107,4.665618,1.371488,1.088313
150449415902390,28.208108,5.162019,1.696272,1.713796
150449425903098,28.218109,5.087311,1.91759,2.070548
150449435904036,28.228110,4.04298,2.297646,1.699355
150449445904931,28.238111,2.374809,2.335018,1.077656
150449455905775,28.248112,0.776097,2.256216,0.703234
150449465906703,28.258113,-0.476079,2.346297,0.518422
150449475907626,28.268114,-1.236854,2.342376,0.422326
150449485908308,28.278114,-1.478382,2.179795,0.445156
150449495909223,28.288115,-1.170369,2.104329,0.23489
150449505910156,28.298116,-0.584578,1.919361,-0.091822
150449515911001,28.308117,-0.212935,1.716401,-0.597064
150449525911909,28.318118,-0.0941,1.476128,-1.104154
150449535912603,28.328119,-0.021462,1.215288,-1.395074
150449545913521,28.338120,0.317238,1.129151,-1.427606
150449555914459,28.348120,0.54494,0.890105,-1.256392
150449565915300,28.358121,0.736211,0.430366,-0.799959
150449575916236,28.368122,1.006505,0.099969,-0.297592
150449585916930,28.378123,1.37997,-0.072087,0.1516
150449595917863,28.388124,1.533964,-0.125985,0.20409
150449605918781,28.398125,1.327825,-0.205161,0.091051
150449615919635,28.408126,0.91448,-0.219444,-0.107824
150449625920560,28.418127,0.076575,-0.159612,-0.372936
150449635921490,28.428127,-0.948205,-0.133457,-0.691918
150449645922183,28.438128,-1.824182,-0.22225,-0.872246
150449655923108,28.448129,-2.161434,-0.443032,-0.875718
150449665923954,28.458130,-2.228156,-0.527126,-0.72913
150449675924880,28.468131,-1.915359,-0.606349,-0.527181
150449685925798,28.478132,-1.545167,-0.744861,-0.328682
150449695926508,28.488133,-1.123231,-0.709804,-0.281347
150449705927440,28.498133,-0.944641,-0.607972,-0.355865
150449715928291,28.508134,-1.227567,-0.612259,-0.440662
150449725929214,28.518135,-1.557499,-0.688643,-0.389119
150449735930145,28.528136,-1.311214,-0.814115,-0.307409
150449745930839,28.538137,-0.990717,-0.884336,-0.133996
150449755931763,28.548138,-0.638466,-0.854868,-0.142497
150449765932676,28.558139,-0.278887,-0.743337,-0.245233
150449775933512,28.568140,-0.24607,-0.533509,-0.564006
150449785934433,28.578140,-0.605809,-0.414774,-0.973232
150449795935366,28.588141,-1.005877,-0.46943,-1.160812
150449805936058,28.598142,-0.990139,-0.650194,-0.890803
150449815936983,28.608143,-0.668991,-0.635498,-0.398546
150449825937828,28.618144,-0.318727,-0.504779,-0.015422
150449835938751,28.628145,-0.082348,-0.356424,0.014725
150449845939674,28.638146,0.067924,-0.264894,-0.093504
150449855940363,28.648146,0.034043,0.107843,-0.568639
150449865941286,28.658147,-0.292946,0.372559,-1.029006
150449875942132,28.668148,-0.695713,0.36091,-1.042179
150449885943056,28.678149,-0.645934,0.390067,-0.61491
150449895943982,28.688150,-0.413493,0.575706,-0.271594
150449905944684,28.698151,-0.136,0.612449,-0.024309
150449915945614,28.708152,0.299929,0.638694,0.287923
150449925946458,28.718152,0.653142,0.721694,0.151324
150449935947381,28.728153,0.941287,0.838504,-0.189808
150449945948061,28.738154,1.008614,0.802835,-0.425704
150449955948984,28.748155,0.918881,0.587269,-0.268225
150449965949898,28.758156,0.994133,0.580408,0.114119
150449975950729,28.768157,1.102117,0.754854,0.377717
150449985951650,28.778158,1.033378,0.898332,0.460991
150449995952588,28.788159,0.697284,0.827421,0.319701
150450005953276,28.798159,0.235697,0.726765,0.038381
150450015954201,28.808160,0.057208,0.766329,-0.280858
150450025955056,28.818161,-0.096222,0.634929,-0.348205
150450035955963,28.828162,-0.203422,0.495601,-0.30212
150450045956888,28.838163,-0.216753,0.494552,-0.27958
150450055957578,28.848164,-0.366559,0.536632,-0.29023
150450065958488,28.858164,-0.686776,0.625002,-0.485036
150450075959329,28.868165,-1.007333,0.625133,-0.639427
150450085960247,28.878166,-1.320967,0.560629,-0.639001
150450095960926,28.888167,-1.241855,0.578248,-0.624923
150450105961849,28.898168,-0.806366,0.269474,-0.389971
150450115962772,28.908169,-0.048426,-0.01898,-0.03912
150450125963633,28.918170,0.778054,-0.150211,0.089116
150450135964564,28.928171,1.295548,-0.199246,-0.046773
150450145965497,28.938171,1.52212,-0.170144,-0.321026
150450155966189,28.948172,1.370592,-0.135947,-0.597039
150450165967109,28.958173,0.748972,-0.001536,-0.855775
150450175967955,28.968174,-0.167138,0.011337,-0.745726
150450185968881,28.978175,-0.667552,-0.264374,-0.344028
150450195969581,28.988176,-0.709697,-0.408089,0.022731
150450205970499,28.998176,-0.073808,-0.464927,0.227274
150450215971431,29.008177,0.316525,-0.468658,0.1877
150450225972290,29.018178,0.253069,-0.339828,-0.012286
150450235973208,29.028179,0.030255,-0.107518,-0.272477
150450245974131,29.038180,-0.916811,0.151889,-0.773283
150450255974824,29.048181,-1.874234,0.172097,-1.083177
150450265975744,29.058182,-2.462275,0.053653,-1.217199
150450275976574,29.068183,-2.721193,-0.1148,-0.938907
150450285977502,29.078184,-2.152242,-0.0745,-0.684724
150450295978410,29.088184,-1.16951,-0.132968,-0.428225
150450305979107,29.098185,-0.194777,-0.045217,-0.554432
150450315979941,29.108186,0.278132,0.114532,-0.92062
150450325980862,29.118187,0.174602,0.150126,-1.450371
150450335981785,29.128188,-0.465565,0.160698,-1.846756
150450345982477,29.138188,-0.913153,0.125502,-1.8874
150450355983402,29.148189,-1.229245,0.026786,-1.619927
150450365984258,29.158190,-0.666871,-0.100195,-1.192337
150450375985180,29.168191,0.188441,-0.025451,-0.869685
150450385986098,29.178192,0.823862,0.350463,-0.894935
150450395987007,29.188193,1.20608,0.578118,-0.978694
150450405987718,29.198194,1.383456,0.550446,-0.976403
150450415988643,29.208195,1.264083,0.467478,-0.852952
150450425989487,29.218195,0.912695,0.472673,-0.585933
150450435990429,29.228196,0.653464,0.590845,-0.420869
150450445991141,29.238197,0.793918,0.571926,-0.215097
150450455992059,29.248198,0.818314,0.722881,-0.37204
150450465992907,29.258199,0.554154,0.98967,-0.854204
150450475993828,29.268200,-0.274683,1.01609,-1.238635
150450485994523,29.278201,-1.088681,0.869419,-1.387372
150450495995474,29.288201,-1.13624,0.705071,-1.150394
150450505996402,29.298202,-0.931663,0.591297,-0.768539
150450515997246,29.308203,-0.314065,0.520423,-0.448718
150450525998171,29.318204,0.290575,0.415187,-0.410537
150450535998840,29.328205,0.777174,0.419743,-0.585746
150450545999763,29.338206,0.710852,0.383873,-0.813419
150450556000619,29.348207,0.256796,0.183059,-0.94492
150450566001540,29.358208,-0.173622,0.049781,-0.897261
150450576002453,29.368208,-0.313159,0.02871,-0.709993
150450586003147,29.378209,-0.358335,0.108057,-0.506274
150450596004070,29.388210,-0.30283,0.380489,-0.670131
150450606004914,29.398211,-0.752802,0.585749,-1.05136
150450616005834,29.408212,-1.080506,0.420619,-1.186494
150450626006526,29.418213,-0.905782,-3.73E-4,-0.795101
150450636007455,29.428213,-0.303343,-0.241222,-0.148256
150450646008301,29.438214,0.823652,-0.25602,0.233426
150450656009236,29.448215,1.419574,-0.163557,0.083968
150450666010145,29.458216,1.582825,0.229784,-0.078608
150450676010833,29.468217,0.719738,0.631823,-0.661318
150450686011681,29.478218,-0.50477,0.568855,-1.127157
150450696012602,29.488219,-1.512876,0.382645,-1.059127
150450706013540,29.498220,-1.758782,0.087612,-0.54908
150450716014232,29.508220,-1.233087,0.023369,-0.129707
150450726015161,29.518221,-0.308777,0.30859,-0.100803
150450736016085,29.528222,0.459776,0.656369,-0.597087
150450746016931,29.538223,0.470393,0.799226,-1.168336
150450756017861,29.548224,0.253139,0.622995,-1.433489
150450766018548,29.558225,0.082765,0.011182,-0.890587
150450776019479,29.568225,0.447451,-0.204869,-0.008116
150450786020311,29.578226,1.07371,0.010795,0.508981
150450796021214,29.588227,1.530977,0.125648,0.563424
150450806021922,29.598228,1.378491,0.444063,0.150361
150450816022835,29.608229,0.696179,0.558376,-0.614896
150450826023681,29.618230,-0.362518,0.502081,-1.130948
150450836024569,29.628231,-1.217689,0.197098,-1.102816
150450846025496,29.638231,-1.247448,0.07196,-0.80039
150450856026177,29.648232,-0.630958,0.223229,-0.407482
150450866027100,29.658233,0.182243,0.275203,-0.167703
150450876027936,29.668234,0.697438,0.239055,-0.298358
150450886028857,29.678235,0.804797,0.243443,-0.573726
150450896029549,29.688236,0.724304,0.009398,-0.659088
150450906030475,29.698236,0.636781,-0.370205,-0.484768
150450916031305,29.708237,0.686364,-0.621863,-0.141047
150450926032228,29.718238,0.735672,-0.598392,0.160919
150450936033151,29.728239,1.025234,-0.574295,0.339259
150450946033838,29.738240,0.90081,-0.328882,-0.02139
150450956034700,29.748241,0.266425,-0.099129,-0.472886
150450966035635,29.758242,-0.339718,-0.184445,-0.743185
150450976036559,29.768243,-0.649747,-0.171167,-0.627449
150450986037227,29.778243,-1.081023,-0.089236,-0.421439
150450996038167,29.788244,-1.136067,0.07991,-0.117526
150451006039027,29.798245,-0.630611,0.130304,-0.012947
150451016039958,29.808246,-0.14501,0.184878,-0.146536
150451026040667,29.818247,-0.191265,0.287367,-0.411864
150451036041604,29.828248,-0.40583,0.145214,-0.478378
150451046042460,29.838248,-0.370588,0.2054,-0.32835
150451056043367,29.848249,0.102454,0.244541,-0.151821
150451066044299,29.858250,0.474523,0.261454,-0.014244
150451076044993,29.868251,0.510918,0.460851,-0.102729
150451086045945,29.878252,0.404822,0.631742,-0.236065
150451096046779,29.888253,0.187018,0.573351,-0.388012
150451106047465,29.898253,0.129172,0.49334,-0.352521
150451116048402,29.908254,0.420145,0.63234,-0.210473
150451126049325,29.918255,0.603049,0.696308,0.012053
150451136050171,29.928256,0.78855,0.719074,-0.00233
150451146051093,29.938257,0.923356,0.910961,-0.282435
150451156051799,29.948258,0.761134,1.166809,-0.668991
150451166052724,29.958259,0.623033,0.991639,-0.792944
150451176053568,29.968260,0.322342,0.758092,-0.664135
150451186054487,29.978260,0.438708,0.5641,-0.232515
150451196055182,29.988261,1.083964,0.459008,0.158597
150451206056090,29.998262,1.295821,0.42527,0.275216
150451216057008,30.008263,1.226053,0.548513,-0.036936
150451226057852,30.018264,0.66157,0.711227,-0.483115
150451236058747,30.028265,0.002446,0.724514,-0.823581
150451246059441,30.038265,-1.151631,0.575367,-1.084412
150451256060349,30.048266,-1.477929,0.305461,-0.85172
150451266061194,30.058267,-1.067754,0.143199,-0.64179
150451276062132,30.068268,-0.406772,-0.172553,-0.314864
150451286062826,30.078269,0.804902,-0.277888,-0.197397
150451296063657,30.088270,1.39879,-0.275497,-0.39929
150451306064549,30.098271,1.231989,-0.333611,-0.817566
150451316065472,30.108271,0.780735,-0.703143,-0.896999
150451326066182,30.118272,0.102215,-1.040554,-0.767761
150451336067119,30.128273,0.023211,-1.458766,-0.240431
150451346067965,30.138274,-0.199464,-1.551857,0.034595
150451356068886,30.148275,-0.199588,-1.425885,0.008663
150451366069809,30.158276,-0.472032,-1.139663,-0.448862
150451376070488,30.168276,-0.484187,-1.088599,-0.943746
150451386071334,30.178277,-1.210387,-1.002863,-1.33389
150451396072261,30.188278,-1.815603,-1.017021,-1.15519
150451406073184,30.198279,-2.315381,-0.904596,-0.933895
150451416073905,30.208280,-1.646213,-0.910874,-0.518056
150451426074816,30.218281,-1.442798,-0.478631,-0.396103
150451436075661,30.228282,-1.107901,-0.430471,-0.29381
150451446076350,30.238282,-0.508147,-0.649029,-0.149543
150451456077273,30.248283,-0.257533,-0.489267,-0.316983
150451466078210,30.258284,-0.318301,-0.480817,-0.439525
150451476079054,30.268285,-0.428991,-0.454622,-0.535875
150451486079764,30.278286,-0.60303,-0.145053,-0.577533
150451496080687,30.288287,-0.553652,0.022635,-0.541668
150451506081595,30.298288,-0.469892,-0.05552,-0.396927
150451516082441,30.308288,-0.338788,-0.219357,-0.334412
150451526083362,30.318289,-0.287038,-0.321643,-0.107239
150451536084056,30.328290,0.263512,-0.269405,0.018375
150451546084903,30.338291,0.825506,-0.114462,-0.093962
150451556085839,30.348292,0.636841,0.255673,-0.49409
150451566086761,30.358293,0.21425,0.35496,-0.784918
150451576087468,30.368293,-0.378675,0.238774,-0.852753
150451586088379,30.378294,-0.671054,0.073625,-0.514919
150451596089250,30.388295,-0.555812,0.096366,-0.16597
150451606090179,30.398296,-0.028542,0.100812,-0.014847
150451616090888,30.408297,0.325927,0.253499,-0.297332
150451626091811,30.418298,0.516272,0.315839,-0.475216
150451636092666,30.428299,0.174688,0.291546,-0.557013
150451646093587,30.438300,0.212355,0.014953,-0.277338
150451656094280,30.448300,0.436557,0.010499,0.065206
150451666095219,30.458301,0.357874,0.230801,0.335035
150451676096140,30.468302,0.668811,0.326463,0.38213
150451686096972,30.478303,0.320334,0.59557,0.077656
150451696097895,30.488304,-0.206789,0.700873,-0.239515
150451706098587,30.498305,-0.266487,0.652184,-0.323772
150451716099419,30.508305,-0.374897,0.611918,-0.319685
150451726100099,30.518306,-0.237324,0.52674,0.014219
150451736101022,30.528307,0.225799,0.493644,0.36198
150451746101945,30.538308,0.663264,0.612724,0.463335
150451756102791,30.548309,1.132871,0.737369,0.327102
150451766103707,30.558310,1.106701,0.728683,0.200221
150451776104386,30.568310,0.87452,0.570414,0.137591
150451786105292,30.578311,0.241045,0.422026,0.3198
150451796106107,30.588312,0.354105,0.165677,0.760224
150451806107016,30.598313,0.920568,0.077938,0.927234
150451816107713,30.608314,0.984989,0.31137,0.766739
150451826108638,30.618315,0.603167,0.234715,0.65473
150451836109564,30.628316,0.116162,0.114293,0.432972
150451846110410,30.638316,-0.622233,0.001755,0.196679
150451856111333,30.648317,-1.153784,0.015239,-0.056511
150451866112025,30.658318,-1.385993,-0.1075,-0.169485
150451876112876,30.668319,-1.727732,0.030148,-0.579752
150451886113816,30.678320,-2.172447,0.117586,-1.012679
150451896114737,30.688321,-2.250483,-0.015157,-1.402216
150451906115429,30.698321,-2.614474,-0.244908,-1.47086
150451916116261,30.708322,-2.330816,-0.497701,-1.21014
150451926117184,30.718323,-1.24229,-0.448135,-0.656855
150451936117877,30.728324,-0.348114,-0.465371,-0.401314
150451946118787,30.738325,0.342135,-0.233831,-0.347165
150451956119648,30.748326,0.824435,-0.343818,-0.389928
150451966120578,30.758327,0.808013,-0.440391,-0.232483
150451976121277,30.768327,1.076127,-0.461565,0.10912
150451986122112,30.778328,1.353131,-0.536515,0.708749
150451996123049,30.788329,1.806383,-0.57086,1.258433
150452006123967,30.798330,2.387251,-0.218801,1.309845
150452016124659,30.808331,2.150472,-0.026342,0.94195
150452026125584,30.818332,1.177973,-0.119402,0.456437
150452036126430,30.828332,0.450495,-0.13378,0.224585
150452046127123,30.838333,-0.091617,0.041226,0.174975
150452056128027,30.848334,-0.64963,0.175082,0.175461
150452066128887,30.858335,-1.291508,0.23067,0.300628
150452076129808,30.868336,-1.357387,0.355648,0.410791
150452086130717,30.878337,-1.620258,0.643636,0.184451
150452096131433,30.888337,-1.24373,0.908829,-0.247458
150452106132364,30.898338,-1.515341,1.082483,-0.621382
150452116133222,30.908339,-1.667655,1.004773,-0.760428
150452126134140,30.918340,-1.11984,0.93962,-0.660435
150452136134823,30.928341,-0.248122,0.854096,-0.372774
150452146135685,30.938342,0.544092,0.601694,0.067997
150452156136596,30.948343,1.355698,0.063923,0.787289
150452166137284,30.958343,2.336276,-0.025327,1.145239
150452176138209,30.968344,3.038155,-0.205052,1.433374
150452186139130,30.978345,3.36749,-0.239676,1.146904
150452196139976,30.988346,3.376608,-0.157519,0.666996
150452206140668,30.998347,2.198555,-0.10766,0.137402
150452216141609,31.008348,0.645596,-0.021657,-0.043492
150452226142546,31.018349,6.75E-4,0.109682,0.070936
150452236143390,31.028349,-0.599134,0.270213,0.113239
150452246144098,31.038350,-0.945826,0.402472,0.133674
150452256145036,31.048351,-1.284482,0.64103,-0.05897
150452266145856,31.058352,-1.486183,0.65372,-0.08041
150452276146551,31.068353,-1.34731,0.490523,0.046103
150452286147474,31.078353,-1.297776,0.322933,0.319044
150452296148387,31.088354,-0.48258,0.329456,0.638384
150452306149231,31.098355,0.099333,0.375959,0.567967
150452316149911,31.108356,0.193482,0.436065,0.072984
150452326150835,31.118357,-0.311005,0.360569,-0.301701
150452336151694,31.128358,-0.438926,0.074615,-0.389311
150452346152607,31.138359,-0.643678,-0.124826,-0.122893
150452356153301,31.148359,0.142532,-0.336269,0.121892
150452366154234,31.158360,0.478006,-0.432111,0.343748
150452376155084,31.168361,1.588499,-0.526385,0.501538
150452386155992,31.178362,1.886023,-0.325035,0.244698
150452396156915,31.188363,1.36236,-0.351155,0.004609
150452406157607,31.198364,0.758891,-0.416923,-0.235812
150452416158444,31.208364,-0.279292,-0.248553,-0.58223
150452426159367,31.218365,-1.035834,-0.189241,-0.74978
150452436160074,31.228366,-1.793692,0.090209,-0.855815
150452446160999,31.238367,-2.202532,0.118986,-0.929649
150452456161845,31.248368,-2.040844,-0.025121,-0.608053
150452466162771,31.258369,-1.417919,-0.039839,-0.218751
150452476163476,31.268369,-0.41492,-0.128773,0.165347
150452486164415,31.278370,0.412844,-0.368132,0.437966
150452496165275,31.288371,1.112213,-0.465505,0.486731
150452506166183,31.298372,1.14092,-0.332458,0.1608
150452516166871,31.308373,1.031616,-0.300568,-0.18862
150452526167704,31.318374,0.793035,-0.402079,-0.304216
150452536168615,31.328375,0.191806,-0.410723,-0.417635
150452546169310,31.338375,-0.131547,-0.441082,-0.267187
150452556170166,31.348376,0.126713,-0.349536,-0.097458
150452566171156,31.358377,0.121153,-0.02348,-0.097905
150452576172010,31.368378,0.371088,0.065752,-0.109301
150452586172704,31.378379,0.420758,-0.03016,-0.153013
150452596173546,31.388380,0.274927,0.022018,-0.299273
150452606174467,31.398380,0.294918,-0.014529,-0.241099
150452616175385,31.408381,-0.009664,0.082615,-0.085175
150452626176094,31.418382,-0.017072,0.332749,-0.062668
150452636176998,31.428383,-0.151384,0.434519,-0.058583
150452646177856,31.438384,-0.338139,0.461979,-0.240933
150452656178549,31.448385,-0.817988,0.631723,-0.341442
150452666179460,31.458385,-0.884682,0.438633,-0.348421
150452676180304,31.468386,-0.906148,0.410444,-0.135685
150452686181227,31.478387,-0.585953,0.566629,-0.095353
150452696181925,31.488388,-0.100283,0.537707,-0.131582
150452706182868,31.498389,0.308997,0.170905,-0.067996
150452716183727,31.508390,1.026963,-0.255618,0.173425
150452726184626,31.518391,1.855109,-0.466604,0.22772
150452736185327,31.528391,2.066353,-0.335497,0.165168
150452746186228,31.538392,2.004087,0.055126,0.009162
150452756187072,31.548393,1.364419,0.27497,-0.17506
150452766187748,31.558394,0.253649,0.040124,-0.086787
150452776188671,31.568395,-0.54012,0.025056,0.127243
150452786189592,31.578396,-0.771069,0.131826,0.321729
150452796190214,31.588396,-0.744411,0.302975,0.405032
150452806191122,31.598397,-0.469304,0.47191,0.283581
150452816192061,31.608398,-0.261823,0.659668,-0.058725
150452826192890,31.618399,-0.874199,0.929999,-0.621082
150452836193813,31.628400,-1.126329,0.792133,-0.727927
150452846194512,31.638401,-1.346291,0.313561,-0.660766
150452856195455,31.648401,-1.181433,0.141363,-0.295558
150452866196314,31.658402,-0.591792,0.376631,-0.13628
150452876197233,31.668403,0.139198,0.412418,-0.272861
150452886197896,31.678404,0.302974,0.222679,-0.588446
150452896198756,31.688405,0.360259,-0.024621,-0.877832
150452906199679,31.698406,0.499825,-0.179184,-0.808757
150452916200373,31.708406,0.766033,-0.346746,-0.320527
150452926201307,31.718407,0.824259,-0.416425,0.245932
150452936202165,31.728408,1.226947,-0.342715,0.700119
150452946202850,31.738409,1.358953,-0.362126,0.819287
150452956203773,31.748410,1.392459,-0.489035,0.75625
150452966204710,31.758411,0.912261,-0.558642,0.63134
150452976205570,31.768412,0.675214,-0.715518,0.623179
150452986206278,31.778412,0.097987,-0.564756,0.410516
150452996207201,31.788413,-0.851851,-0.362084,0.160704
150453006208109,31.798414,-1.1057,-0.244785,-0.001845
150453016208953,31.808415,-1.932373,-0.210678,-0.236759
150453026209876,31.818416,-2.070016,-0.190829,-0.470124
150453036210565,31.828417,-2.122266,0.0806,-0.72046
150453046211395,31.838417,-1.569242,-0.004822,-0.729658
150453056212314,31.848418,-0.927155,-0.055061,-0.77112
150453066213026,31.858419,-0.470444,-0.111996,-0.625434
150453076213935,31.868420,-0.044436,-0.396279,-0.302725
150453086214795,31.878421,0.694008,-0.490639,0.005785
150453096215708,31.888422,1.262334,-0.574882,0.348604
150453106216414,31.898422,1.454309,-0.562719,0.679803
150453116217353,31.908423,2.006886,-0.611887,1.11184
150453126218185,31.918424,2.260255,-0.734689,1.229866
150453136219106,31.928425,2.294704,-0.994995,1.418891
150453146219799,31.938426,2.201919,-0.843137,1.444266
150453156220633,31.948427,1.86911,-0.45418,1.24452
150453166221540,31.958428,1.304307,-0.296925,0.982904
150453176222463,31.968428,0.753159,-0.394927,0.956427
150453186223185,31.978429,0.124525,-0.397604,1.178719
150453196224103,31.988430,0.013779,-0.486122,1.553009
150453206224948,31.998431,-0.093888,-0.345275,1.751458
150453216225871,32.008432,-0.020839,-0.147617,1.779145
150453226226563,32.018433,-0.113514,-0.087775,1.621415
150453236227498,32.028433,0.094581,-0.408567,1.570306
150453246228353,32.038434,-0.035699,-0.54295,1.432607
150453256229046,32.048435,0.156553,-0.581884,1.492596
150453266229941,32.058436,0.714185,-0.509383,1.661173
150453276230801,32.068437,1.179415,-0.595338,1.887626
150453286231712,32.078438,1.857096,-0.546853,1.776681
150453296232640,32.088439,2.065613,-0.517936,1.3695
150453306233353,32.098439,1.900658,-0.753103,1.160391
150453316234263,32.108440,1.334803,-1.001187,1.166957
150453326235107,32.118441,1.234942,-1.106123,1.187511
150453336236035,32.128442,2.031895,-1.225507,1.797586
150453346236731,32.138443,2.057977,-1.4601,2.103621
150453356237642,32.148444,1.8801,-1.19569,1.873055
150453366238500,32.158445,1.369272,-0.868061,1.361948
150453376239195,32.168445,0.413406,-0.688565,0.856193
150453386240118,32.178446,-0.349668,-0.493628,0.513749
150453396241041,32.188447,-1.18604,-0.409222,0.501673
150453406241974,32.198448,-1.816076,-0.750352,0.714461
150453416242803,32.208449,-1.21735,-1.192263,1.367212
150453426243496,32.218449,-0.39029,-1.286434,1.640493
150453436244436,32.228450,0.437343,-1.348049,1.61604
150453446245373,32.238451,1.197491,-1.31387,1.271449
150453456246214,32.248452,1.419614,-1.378622,0.915542
150453466247130,32.258453,1.209811,-1.577357,0.649716
150453476247824,32.268454,0.880835,-1.69889,0.623208
150453486248671,32.278455,0.671767,-1.694703,0.683467
150453496249592,32.288456,0.458942,-1.435706,0.744075
150453506250515,32.298457,0.237326,-1.124662,0.643644
150453516251217,32.308457,-0.198842,-0.975937,0.541032
150453526252137,32.318458,-0.543824,-1.037628,0.467142
150453536252983,32.328459,-0.614553,-1.199506,0.55899
150453546253889,32.338460,-0.776407,-1.300567,0.838563
150453556254813,32.348461,-0.449824,-1.257179,1.090092
150453566255505,32.358462,-0.058446,-1.082132,1.150785
150453576256411,32.368462,-0.194684,-0.928666,0.906267
150453586257334,32.378463,-0.812788,-0.763815,0.28596
150453596258178,32.388464,-1.101001,-0.680373,-0.112773
150453606259101,32.398465,-1.321196,-0.599911,-0.507833
150453616259782,32.408466,-1.487943,-0.724736,-0.901287
150453626260714,32.418467,-1.45282,-1.023359,-0.890188
150453636261560,32.428468,-0.840604,-1.121113,-0.659007
150453646262481,32.438468,0.01774,-1.009037,-0.522183
150453656263414,32.448469,0.387096,-0.920111,-0.651284
150453666264107,32.458470,0.493061,-0.79288,-0.832072
150453676265032,32.468471,0.470054,-0.879972,-0.787035
150453686265864,32.478472,0.424049,-1.146608,-0.395971
150453696266780,32.488473,0.578402,-1.416889,0.127316
150453706267699,32.498474,0.687488,-1.457339,0.433005
150453716268404,32.508474,0.929155,-1.432855,0.699748
150453726269329,32.518475,1.364716,-1.327738,0.788102
150453736270239,32.528476,1.620522,-1.195086,0.610346
150453746271104,32.538477,1.501026,-1.201562,0.428402
150453756272025,32.548478,0.792968,-1.332769,0.418664
150453766272948,32.558479,0.058471,-1.326603,0.462998
150453776273640,32.568480,-0.487536,-1.231413,0.47843
150453786274565,32.578481,-0.978134,-1.047192,0.573888
150453796275488,32.588481,-1.672581,-0.803642,0.337186
150453806276325,32.598482,-2.013635,-0.631402,-0.03111
150453816277246,32.608483,-1.937392,-0.5319,-0.214819
150453826277940,32.618484,-1.659523,-0.380532,-0.381734
150453836278863,32.628485,-1.309076,-0.253448,-0.465599
150453846279786,32.638486,-0.840565,-0.199214,-0.448078
150453856280709,32.648487,-0.51902,-0.097579,-0.526974
150453866281575,32.658488,-0.503688,0.05177,-0.565043
150453876282496,32.668488,-0.408926,0.020055,-0.499775
150453886283419,32.678489,-0.050623,-0.085897,-0.261255
150453896284087,32.688490,0.377113,-0.106943,-0.035461
150453906285018,32.698491,0.945934,-0.119987,0.189815
150453916285955,32.708492,1.552746,-0.242947,0.443749
150453926286801,32.718493,1.974836,-0.231328,0.659214
150453936287723,32.728494,2.407329,-0.160165,0.749412
150453946288646,32.738495,2.481317,0.146767,0.597025
150453956289569,32.748496,1.434753,0.467791,0.233423
150453966290263,32.758496,0.03718,0.329019,0.111762
150453976291191,32.768497,-0.712667,0.121254,0.205857
150453986292114,32.778498,-1.353394,0.147793,0.225286
150453996292945,32.788499,-1.18588,0.037237,0.674228
150454006293872,32.798500,-0.39123,-0.013431,1.083396
150454016294795,32.808501,0.301664,-0.03624,1.298068
150454026295713,32.818502,1.056699,-0.172609,1.247375
150454036296636,32.828503,1.868273,-0.370639,1.081703
150454046297328,32.838503,2.358437,-0.420103,0.780354
150454056298258,32.848504,1.962075,-0.6369,0.369937
150454066299191,32.858505,1.023172,-0.838564,0.163496
150454076300109,32.868506,0.406062,-0.691709,0.121719
150454086300960,32.878507,0.402275,-0.559021,0.227657
150454096301876,32.888508,0.489015,-0.385742,0.206355
150454106302794,32.898509,0.298248,-0.408577,0.075591
150454116303703,32.908510,0.316391,-0.618899,0.153576
150454126304409,32.918510,0.340418,-0.86105,0.450056
150454136305563,32.928512,0.703927,-0.991973,0.823973
150454146306268,32.938512,1.351527,-0.816119,1.054427
150454156307191,32.948513,1.53421,-0.507056,0.978619
150454166308114,32.958514,1.317343,-0.32199,0.719502
150454176309032,32.968515,0.608644,-0.199783,0.510688
150454186309955,32.978516,-0.445554,-0.067905,0.398326
150454196310878,32.988517,-0.808171,-1.3E-5,0.482015
150454206311741,32.998518,-0.977246,-0.012152,0.665913
150454216312650,33.008519,-0.76194,-0.18223,1.068234
150454226313587,33.018520,-0.195809,-0.172193,1.21122
150454236314525,33.028521,-0.023073,-0.069657,1.016423
150454246315235,33.038521,-0.102164,0.014358,0.711453
150454256316153,33.048522,-0.408665,0.162714,0.373141
150454266317076,33.058523,-0.836714,0.215618,0.122354
150454276318004,33.068524,-0.9542,0.15487,0.184122
150454286318955,33.078525,-1.038807,0.284353,0.086178
150454296319878,33.088526,-0.776015,0.337217,0.129602
150454306320796,33.098527,-0.777207,0.338227,0.101539
150454316321711,33.108528,-0.235915,0.100574,0.281304
150454326322557,33.118529,0.09513,0.013605,0.43629
150454336323475,33.128529,0.43926,0.094547,0.413308
150454346324398,33.138530,0.681396,0.100866,0.46934
150454356325410,33.148531,0.764629,-0.002241,0.530075
150454366326256,33.158532,0.722371,-0.196868,0.55592
150454376327165,33.168533,0.662104,-0.474417,0.627459
150454386328088,33.178534,0.709898,-0.594019,0.642879
150454396328996,33.188535,0.658152,-0.622049,0.58022
150454406329906,33.198536,0.602283,-0.531064,0.481375
150454416330814,33.208537,0.251043,-0.360729,0.234895
150454426331722,33.218538,-0.486607,-0.365843,0.022386
150454436332631,33.228539,-1.134471,-0.460354,0.019015
150454446333339,33.238539,-1.466028,-0.655189,0.317015
150454456334491,33.248540,-1.390922,-0.766218,0.509614
150454466335414,33.258541,-1.019015,-0.707036,0.673082
150454476336323,33.268542,-0.608762,-0.725182,0.787845
150454486337020,33.278543,-0.702856,-0.564189,0.544919
150454496337941,33.288544,-0.737186,-0.336491,0.255234
150454506338868,33.298545,-0.909876,-0.273794,0.060333
150454516339796,33.308546,-1.084238,-0.443408,0.169309
150454526340705,33.318547,-0.940156,-0.597931,0.35674
150454536341628,33.328548,-0.286479,-0.685413,0.690358
150454546342565,33.338549,0.364991,-0.739025,0.96674
150454556343488,33.348549,1.153332,-0.906211,1.195212
150454566344411,33.358550,1.857062,-0.974442,1.319305
150454576345320,33.368551,2.347087,-0.901957,1.292795
150454586346229,33.378552,2.410454,-0.706933,1.151497
150454596347171,33.388553,1.991149,-0.539686,0.907334
150454606348094,33.398554,1.137523,-0.305918,0.673404
150454616349046,33.408555,0.365455,-0.064952,0.549723
150454626349955,33.418556,-0.278542,0.032207,0.531931
150454636350878,33.428557,-0.43043,-0.032438,0.781152
150454646351801,33.438558,-0.247557,-0.053647,0.911204
150454656352738,33.448559,0.005961,0.049491,0.805155
150454666353661,33.458560,0.48717,0.224072,0.53855
150454676354569,33.468561,0.630142,0.394024,0.179486
150454686355498,33.478561,0.301264,0.47571,-0.067914
150454696356421,33.488562,0.019942,0.381853,-0.190239
150454706357344,33.498563,-0.259778,0.274987,-0.078853
150454716358467,33.508564,-0.406359,0.309004,-0.112799
150454726359390,33.518565,-0.177185,0.369204,-0.028169
150454736360084,33.528566,0.272923,0.5366,0.059011
150454746361236,33.538567,0.761672,0.643034,-0.01855
150454756362174,33.548568,1.14433,0.554485,0.123748
150454766363111,33.558569,1.149946,0.496581,0.382241
150454776363786,33.568570,1.060333,0.191611,0.681372
150454786364924,33.578571,1.252356,0.079624,0.85744
150454796365847,33.588572,1.627351,0.123775,0.971454
150454806366742,33.598573,1.761211,0.050453,1.039773
150454816367665,33.608574,1.735294,-0.120609,0.944582
150454826368560,33.618575,1.801259,-0.309558,0.919129
150454836369485,33.628575,1.693824,-0.400904,0.910159
150454846370415,33.638576,1.265446,-0.365781,0.925426
150454856371333,33.648577,0.571816,-0.354657,1.032923
150454866372271,33.658578,0.002169,-0.37527,1.168111
150454876373271,33.668579,-0.463912,-0.345836,1.222248
150454886374210,33.678580,-0.833155,-0.416099,1.192547
150454896375131,33.688581,-1.218345,-0.371518,1.055115
150454906376057,33.698582,-1.51288,-0.261755,0.793407
150454916376966,33.708583,-1.392544,-0.376918,0.704414
150454926377889,33.718584,-1.25016,-0.463708,0.645586
150454936378812,33.728585,-0.706853,-0.568057,0.721941
150454946379754,33.738586,-0.31764,-0.617254,0.782393
150454956380903,33.748587,-0.032238,-0.614693,0.699502
150454966381824,33.758588,0.145759,-0.747358,0.733029
150454976382752,33.768589,0.214366,-0.872562,0.697031
150454986383675,33.778590,0.349084,-0.999778,0.767693
150454996384598,33.788591,0.579547,-1.154902,0.811422
150455006385535,33.798592,0.738421,-1.131865,0.810598
150455016386444,33.808592,0.972773,-0.870759,0.685618
150455026387446,33.818593,0.901949,-0.664435,0.550558
150455036388370,33.828594,0.474196,-0.600812,0.492533
150455046389278,33.838595,0.107558,-0.699355,0.531759
150455056390187,33.848596,-0.027068,-0.698645,0.587093
150455066391110,33.858597,0.039652,-0.593766,0.615546
150455076392257,33.868598,0.177517,-0.480165,0.590457
150455086393180,33.878599,0.168953,-0.44836,0.614975
150455096394103,33.888600,0.032111,-0.328353,0.570623
150455106395028,33.898601,-0.110319,-0.170043,0.474111
150455116395943,33.908602,-0.18987,-0.128913,0.456621
150455126396940,33.918603,-0.175133,-0.045761,0.505154
150455136397868,33.928604,-0.152734,0.030636,0.573805
150455146398791,33.938605,0.030475,0.041684,0.633958
150455156399719,33.948606,0.364744,-0.07095,0.72241
150455166400638,33.958607,0.60992,-0.150616,0.695002
150455176401791,33.968608,0.84848,-0.194427,0.628809
150455186402707,33.978609,1.093236,-0.264543,0.515699
150455196403645,33.988610,1.011424,-0.354489,0.496606
150455206404568,33.998611,1.116034,-0.378087,0.641794
150455216405566,34.008612,1.125098,-0.365523,0.825802
150455226406503,34.018613,1.103524,-0.294914,0.897576
150455236407421,34.028613,0.913001,-0.210351,0.939861
150455246408344,34.038614,0.490404,-0.12436,0.929573
150455256409487,34.048615,0.256794,-0.157008,0.971085
150455266410424,34.058616,0.197587,-0.305299,1.064523
150455276411347,34.068617,0.160268,-0.398324,1.062445
150455286412369,34.078618,0.087959,-0.428915,0.965627
150455296413283,34.088619,-0.157756,-0.39795,0.739417
150455306414205,34.098620,-0.59895,-0.471402,0.45239
150455316415357,34.108621,-0.896791,-0.515222,0.20505
150455326416285,34.118622,-0.959418,-0.559482,0.00971
150455336417213,34.128623,-0.994558,-0.623762,-0.03449
150455346418136,34.138624,-0.858221,-0.562453,-0.181663
150455356419050,34.148625,-0.704562,-0.578878,-0.225992
150455366420057,34.158626,-0.539485,-0.507863,-0.28639
150455376420980,34.168627,-0.558599,-0.545069,-0.201722
150455386422137,34.178628,-0.591578,-0.656275,-0.068446
150455396423060,34.188629,-0.37321,-0.645146,0.198807
150455406423997,34.198630,0.013541,-0.571069,0.328514
150455416424930,34.208631,0.511398,-0.548151,0.362618
150455426425869,34.218632,0.616002,-0.450932,0.228446
150455436426869,34.228633,0.709945,-0.302317,-0.008275
150455446428023,34.238634,0.423237,-0.124638,-0.354184
150455456428924,34.248635,-0.100752,-0.035222,-0.535386
150455466429948,34.258636,-0.622598,0.062774,-0.564985
150455476430780,34.268637,-1.10174,0.130262,-0.407413
150455486431702,34.278638,-1.220775,0.139877,-0.146137
150455496432719,34.288639,-1.019256,-8.83E-4,0.258618
150455506433871,34.298640,-0.584438,-0.312726,0.568762
150455516434794,34.308641,0.278108,-0.396292,0.787495
150455526435717,34.318642,0.77702,-0.239312,0.695444
150455536436748,34.328643,1.579328,-0.129772,0.558343
150455546437666,34.338644,1.840638,-0.112061,0.31537
150455556438595,34.348645,1.347633,-0.029138,0.064542
150455566439746,34.358646,0.277071,0.226928,-0.187493
150455576440655,34.368647,-0.872229,0.274822,-0.304738
150455586441602,34.378648,-1.501411,0.182054,-0.18198
150455596442607,34.388649,-1.790091,0.579459,-0.458028
150455606443532,34.398650,-1.238008,0.337967,-0.399397
150455616444469,34.408650,-0.394817,0.056214,-0.263968
150455626445412,34.418651,0.629278,0.010348,-0.169521
150455636446552,34.428653,1.403488,-0.132686,-0.015711
150455646447473,34.438653,1.771702,-0.224707,0.128522
150455656448494,34.448654,1.826924,-0.350839,0.268777
150455666449431,34.458655,1.684256,-0.387671,0.377186
150455676450330,34.468656,1.260982,-0.294355,0.480583
150455686451484,34.478657,0.735998,-0.123879,0.41861
150455696452405,34.488658,0.305336,-0.025756,0.243984
150455706453393,34.498659,-0.022418,0.01459,0.097743
150455716454316,34.508660,-0.271628,0.043023,-0.009925
150455726455458,34.518661,-0.497428,0.024696,-0.01293
150455736456386,34.528662,-0.716224,-0.043972,-0.044315
150455746457309,34.538663,-0.51889,-0.037621,-0.072275
150455756458282,34.548664,-0.151546,-0.107825,0.032765
150455766459215,34.558665,0.142672,-0.2572,0.158071
150455776460115,34.568666,0.387112,-0.31537,0.363513
150455786461266,34.578667,0.490538,-0.381242,0.60271
150455796462160,34.588668,0.749709,-0.537733,0.877392
150455806463162,34.598669,1.016696,-0.753427,0.9372
150455816464076,34.608670,1.356019,-0.89585,0.966991
150455826465199,34.618671,1.586371,-0.766171,1.047135
150455836466122,34.628672,1.366601,-0.533711,0.836891
150455846467055,34.638673,0.468935,-0.42848,0.542308
150455856468055,34.648674,-0.50636,-0.357805,0.185881
150455866468965,34.658675,-1.155571,-0.353483,0.007201
150455876470117,34.668676,-1.682396,-0.423022,-0.137267
150455886471040,34.678677,-1.838683,-0.474257,-0.130294
150455896472045,34.688678,-1.542055,-0.536002,0.043344
150455906472970,34.698679,-0.777337,-0.43683,-0.005778
150455916474122,34.708680,-0.368443,-0.253227,-0.182128
150455926475059,34.718681,-0.551056,-0.245274,-0.429524
150455936475982,34.728682,-0.860567,-0.614934,-0.417966
150455946476984,34.738683,-0.866512,-0.963113,-0.131031
150455956477917,34.748684,-0.282639,-1.055224,0.34565
150455966479063,34.758685,0.472306,-0.991648,0.600369
150455976479986,34.768686,1.130134,-0.680922,0.381651
150455986481010,34.778687,1.185112,-0.395693,0.006213
150455996481930,34.788688,0.637801,-0.233562,-0.397488
150456006483106,34.798689,-0.12892,-0.152289,-0.587209
150456016484020,34.808690,-0.681441,-0.023497,-0.499822
150456026485034,34.818691,-0.638579,-0.050133,0.044633
150456036485974,34.828692,-0.192901,0.044797,0.453212
150456046487135,34.838693,0.687485,0.137194,0.754407
150456056488058,34.848694,1.425026,0.158782,0.618645
150456066489053,34.858695,1.710062,0.116704,0.367059
150456076489974,34.868696,1.520173,0.185736,-0.014106
150456086490898,34.878697,1.032347,0.081841,-0.194758
150456096492049,34.888698,0.602077,-0.219765,-0.036882
150456106493049,34.898699,0.521182,-0.47053,0.27412
150456116493958,34.908700,0.785538,-0.544621,0.498362
150456126495111,34.918701,1.26533,-0.529865,0.463733
150456136496049,34.928702,1.592151,-0.384993,0.320071
150456146496972,34.938703,1.396025,-0.209906,-0.118772
150456156497955,34.948704,0.744605,-0.145045,-0.460659
150456166499109,34.958705,-0.11254,-0.09095,-0.520876
150456176500020,34.968706,-0.968679,-0.080008,-0.321793
150456186501030,34.978707,-1.020486,-0.181573,0.178557
150456196501941,34.988708,-0.442032,-0.26895,0.608746
150456206502859,34.998709,0.625921,-0.476047,0.913026
150456216504003,35.008710,1.471805,-0.579503,0.864975
150456226504996,35.018711,1.676076,-0.65909,0.711765
150456236505921,35.028712,1.294956,-0.558252,0.364005
150456246507073,35.038713,0.34198,-0.563084,0.123949
150456256507987,35.048714,-0.71317,-0.775476,0.073176
150456266508989,35.058715,-1.314868,-1.099502,0.280237
150456276509912,35.068716,-1.149512,-1.14316,0.440118
150456286511066,35.078717,-0.531552,-0.938753,0.300551
150456296511987,35.088718,0.111743,-0.652236,0.005852
150456306512974,35.098719,0.231318,-0.193692,-0.443587
150456316513903,35.108720,-0.272675,0.044127,-0.731341
150456326515062,35.118721,-0.569266,-0.364163,-0.42751
150456336515978,35.128722,-0.706575,-0.731566,-0.341977
150456346516978,35.138723,-0.195499,-1.388427,0.180392
150456356518129,35.148724,0.951732,-1.565444,0.880321
150456366519050,35.158725,1.800055,-1.085774,1.121714
150456376520050,35.168726,3.279322,-0.872364,1.361574
150456386520989,35.178727,3.840183,-0.674386,1.016853
150456396522143,35.188728,3.464583,-0.284226,0.501734
150456406523079,35.198729,2.620111,-0.116737,0.149311
150456416524064,35.208730,1.319747,-0.137196,0.102359
150456426525235,35.218731,0.540798,-0.117865,0.284978
150456436526141,35.228732,0.878817,0.043142,0.889677
150456446527143,35.238733,1.800486,0.05872,1.559286
150456456528057,35.248734,2.461354,0.252737,1.816549
150456466529211,35.258735,2.635457,0.324605,1.884649
150456476530132,35.268736,2.638035,0.305789,1.809759
150456486531126,35.278737,1.65202,0.704176,1.338664
150456496532275,35.288738,0.727896,1.06598,0.660791
150456506533203,35.298739,-0.710909,1.103864,0.167245
150456516534198,35.308740,-1.898938,1.17509,-0.240089
150456526535128,35.318741,-2.222301,1.388688,-0.163586
150456536536265,35.328742,-1.436897,1.55335,0.220347
150456546537193,35.338743,-0.133363,1.466835,0.601231
150456556538181,35.348744,1.031471,1.427747,0.533414
150456566539104,35.358745,1.765141,1.761556,0.053799
150456576540267,35.368746,1.694616,2.158676,-0.572869
150456586541193,35.378747,1.212773,1.899677,-0.849973
150456596542209,35.388748,0.927321,1.452793,-0.378928
150456606543356,35.398749,1.131747,0.681787,0.544143
150456616544279,35.408750,1.533864,0.052163,1.596888
150456626545281,35.418751,2.038204,0.569983,2.016971
150456636546433,35.428752,2.483592,1.048138,2.02439
150456646547356,35.438753,1.992329,0.61565,1.761735
150456656548362,35.448754,0.845166,-0.174873,1.549793
150456666549287,35.458755,-0.621158,-0.700778,1.337759
150456676550201,35.468756,-1.956058,-0.889291,1.142135
150456686551349,35.478757,-2.433593,-1.102511,1.109136
150456696552345,35.488758,-2.215862,-1.346714,1.108239
150456706553273,35.498759,-1.980983,-1.298885,0.727787
150456716554441,35.508760,-1.798576,-1.298808,0.399491
150456726555424,35.518761,-2.177993,-1.511904,-0.058373
150456736556350,35.528762,-3.081313,-1.956557,-0.182934
150456746557269,35.538763,-4.132318,-2.090696,-0.304
150456756558473,35.548764,-4.718402,-2.169273,-0.424304
150456766559399,35.558765,-4.502795,-2.271431,-0.366693
150456776560545,35.568767,-3.378172,-2.482872,-0.392636
150456786561545,35.578768,-2.151536,-2.652674,-0.469369
150456796562471,35.588768,-1.400739,-2.795184,-0.647958
150456806563622,35.598770,-0.981721,-2.959333,-0.857547
150456816564541,35.608771,-0.955651,-3.194024,-1.012625
150456826565536,35.618772,-0.988529,-3.447873,-0.98164
150456836566461,35.628772,-0.875112,-3.612753,-0.644894
150456846567627,35.638774,-1.084463,-3.817978,-0.397015
150456856568627,35.648775,-1.645806,-3.890273,-0.281974
150456866569562,35.658776,-2.047126,-3.972811,-0.329277
150456876570485,35.668776,-2.181348,-3.911967,-0.405321
150456886571639,35.678778,-2.168047,-3.731741,-0.579702
150456896572574,35.688779,-2.147548,-3.495292,-0.753413
150456906573815,35.698780,-2.063319,-3.151576,-0.725631
150456916574738,35.708781,-2.330161,-2.739941,-0.721756
150456926575661,35.718782,-2.513702,-2.32996,-0.627113
150456936576673,35.728783,-2.787712,-2.089304,-0.458806
150456946577820,35.738784,-3.166318,-2.047058,-0.302156
150456956578733,35.748785,-3.295173,-2.114511,0.065299
150456966579656,35.758786,-2.87076,-2.18891,0.426153
150456976580887,35.768787,-1.387142,-2.281137,0.738604
150456986581824,35.778788,0.494895,-2.479462,0.864488
150456996582834,35.788789,2.004035,-2.578638,0.837766
150457006583978,35.798790,3.724151,-2.661581,1.057655
150457016584896,35.808791,4.444115,-2.512211,1.202387
150457026585819,35.818792,4.03935,-2.07599,1.051874
150457036586821,35.828793,2.147786,-1.407967,0.497255
150457046587973,35.838794,0.233727,-0.605814,0.026214
150457056588968,35.848795,-0.803335,0.584405,-0.17586
150457066589825,35.858796,-1.390787,1.896349,-0.34436
150457076590825,35.868797,-1.630707,3.167474,-0.420809
150457086591958,35.878798,-1.3393,4.401304,-0.495285
150457096592881,35.888799,-0.788617,5.381428,-0.644897
150457106593868,35.898800,0.314935,5.592633,-0.511309
150457116594796,35.908801,1.426872,5.115832,-0.283074
150457126595965,35.918802,2.581663,4.54099,0.033166
150457136596979,35.928803,3.615646,4.741101,-0.024427
150457146597902,35.938804,4.072588,5.505741,-0.443521
150457156599061,35.948805,3.309701,5.856175,-0.75332
150457166600049,35.958806,1.422242,5.402049,-0.580243
150457176600969,35.968807,-0.320622,4.69774,-0.406805
150457186602128,35.978808,-1.143035,3.958991,0.204304
150457196603039,35.988809,-0.076758,2.854727,1.184667
150457206604041,35.998810,2.160406,2.264072,1.696038
150457216604960,36.008811,4.787014,1.861335,1.730161
150457226606099,36.018812,7.546292,1.711342,1.101776
150457236607073,36.028813,9.090333,1.399337,0.476413
150457246607993,36.038814,9.058559,0.974975,-0.037547
150457256609142,36.048815,7.47076,0.92639,-0.140688
150457266610155,36.058816,4.729998,0.813752,0.011614
150457276611094,36.068817,2.111132,0.68093,0.076312
150457286612241,36.078818,-0.250468,0.383102,-0.001661
150457296613164,36.088819,-2.349862,0.16635,-0.2027
150457306614174,36.098820,-3.77727,-0.094373,-0.399378
150457316615099,36.108821,-4.449151,-0.364363,-0.549138
150457326616243,36.118822,-4.140573,-0.776821,-0.52323
150457336617232,36.128823,-3.005036,-1.22079,-0.256296
150457346618166,36.138824,-2.033865,-1.53071,-0.117492
150457356619314,36.148825,-1.310276,-1.605448,-0.052464
150457366620237,36.158826,-0.597357,-1.679492,0.04511
150457376621160,36.168827,-0.7047,-1.741488,-0.111966
150457386622382,36.178828,-1.128735,-1.783261,-0.381243
150457396623323,36.188829,-1.798732,-1.879237,-0.599767
150457406624337,36.198830,-2.439314,-1.916439,-0.848258
150457416625253,36.208831,-2.667813,-1.813478,-0.891519
150457426626185,36.218832,-2.367356,-1.599714,-0.702018
150457436627314,36.228833,-1.735584,-1.480656,-0.379404
150457446628237,36.238834,-1.225141,-1.43516,-0.121073
150457456629472,36.248835,-0.622637,-1.389711,0.144751
150457466630409,36.258836,-0.395416,-1.195521,0.271102
150457476631409,36.268837,-0.440416,-0.892441,0.389652
150457486632549,36.278839,-0.847501,-0.55659,0.477293
150457496633468,36.288839,-1.394004,-0.266467,0.455453
150457506634400,36.298840,-1.881419,0.020587,0.375132
150457516635402,36.308841,-2.308221,0.213718,0.171045
150457526636330,36.318842,-2.496634,0.206232,0.080209
150457536637487,36.328843,-2.338849,0.108622,0.069442
150457546638501,36.338845,-1.803346,0.186967,-0.008031
150457556639441,36.348845,-0.89765,0.383881,-0.008575
150457566640605,36.358847,-0.126484,0.465808,0.081231
150457576641526,36.368848,0.164642,0.525351,0.034527
150457586642527,36.378849,0.065113,0.535516,0.022186
150457596643451,36.388849,-0.242677,0.48036,-0.064145
150457606644614,36.398851,-0.400748,0.573455,-0.19731
150457616645536,36.408852,-0.462794,0.77118,-0.391282
150457626646533,36.418853,-0.613939,0.906213,-0.638285
150457636647657,36.428854,-0.699924,0.925645,-0.760553
150457646648655,36.438855,-0.758829,1.027254,-0.799736
150457656649577,36.448856,-0.892366,1.040836,-0.716479
150457666650728,36.458857,-0.689984,0.954266,-0.364561
150457676651660,36.468858,-0.195816,1.111642,-0.15429
150457686652589,36.478859,0.311584,1.304476,-0.11607
150457696653599,36.488860,0.557614,1.337161,-0.128893
150457706654744,36.498861,0.625268,1.295378,-0.231295
150457716655661,36.508862,0.588437,1.322005,-0.359522
150457726656663,36.518863,0.588391,1.351521,-0.359466
150457736657557,36.528864,0.510237,1.202857,-0.160938
150457746658709,36.538865,0.498358,1.244721,-0.018446
150457756659618,36.548866,0.4728,1.455457,0.020608
150457766660629,36.558867,0.590043,1.365887,0.323879
150457776661796,36.568868,0.835588,1.248469,0.422848
150457786662714,36.578869,0.850161,1.05784,0.738323
150457796663709,36.588870,0.733984,1.086234,0.908454
150457806664648,36.598871,0.794518,0.901174,1.309981
150457816665800,36.608872,1.029989,0.75993,1.50287
150457826666738,36.618873,1.15179,0.84554,1.266223
150457836667738,36.628874,0.799219,1.019125,0.642092
150457846668663,36.638875,-0.105393,0.983205,-0.159592
150457856669815,36.648876,-1.092874,0.768357,-0.762985
150457866670815,36.658877,-1.823048,0.701483,-1.184862
150457876671724,36.668878,-2.425877,0.662337,-1.383926
150457886672891,36.678879,-2.555578,0.495089,-1.319855
150457896673818,36.688880,-2.240017,0.330595,-0.948423
150457906674820,36.698881,-1.818672,0.370638,-0.822027
150457916675758,36.708882,-1.639378,0.391756,-0.771713
150457926676910,36.718883,-1.683403,0.255045,-0.755075
150457936677833,36.728884,-1.773147,0.210126,-0.851522
150457946678761,36.738885,-1.740206,0.306117,-0.951136
150457956679743,36.748886,-1.77815,0.443504,-0.995204
150457966680907,36.758887,-1.86057,0.300703,-0.644531
150457976681842,36.768888,-1.537568,0.167253,-0.019939
150457986682830,36.778889,-0.749727,0.109653,0.536072
150457996683748,36.788890,-0.037838,0.210335,0.699997
150458006684902,36.798891,0.661879,0.226786,0.767446
150458016685823,36.808892,1.031648,0.427729,0.662271
150458026686815,36.818893,0.560204,0.680137,0.251969
150458036687738,36.828894,-0.557289,0.750787,-0.005755
150458046688892,36.838895,-1.680524,0.796904,-0.023553
150458056689819,36.848896,-2.209282,0.795307,0.234045
150458066690814,36.858897,-1.862494,0.743947,0.64839
150458076691734,36.868898,-1.019623,0.657687,0.981892
150458086692874,36.878899,-0.069233,0.458288,1.140253
150458096693795,36.888900,0.651204,0.32639,1.085197
150458106694809,36.898901,0.78998,0.416684,0.611171
150458116695965,36.908902,0.245941,0.485616,-0.031931
150458126696891,36.918903,-0.739866,0.50138,-0.548387
150458136697814,36.928904,-1.782779,0.401126,-0.730846
150458146698778,36.938905,-2.322979,0.375662,-0.7739
150458156699702,36.948906,-2.512959,0.314115,-0.723444
150458166700857,36.958907,-2.032129,0.258739,-0.544775
150458176701864,36.968908,-1.44896,0.249082,-0.476968
150458186702793,36.978909,-0.929611,0.295522,-0.59144
150458196703939,36.988910,-0.863658,0.338496,-0.831778
150458206704887,36.998911,-1.192539,0.422292,-1.097486
150458216705810,37.008912,-1.728263,0.713649,-1.311776
150458226706812,37.018913,-1.99658,0.761867,-1.172075
150458236707959,37.028914,-1.949567,0.73462,-0.806203
150458246708887,37.038915,-1.42344,0.900947,-0.405502
150458256709810,37.048916,-0.72523,0.821575,0.001649
150458266710812,37.058917,-0.022788,0.599729,0.230147
150458276711735,37.068918,0.693682,0.600956,0.206331
150458286712874,37.078919,1.336605,0.690715,0.107701
150458296713800,37.088920,1.577355,0.571988,-0.019784
150458306714797,37.098921,1.53964,0.578673,-0.105955
150458316715749,37.108922,1.528873,0.665289,-0.112144
150458326716915,37.118923,1.409691,0.853121,0.048923
150458336717838,37.128924,1.126988,1.023997,0.207588
150458346718840,37.138925,0.612149,1.065248,0.253479
150458356719763,37.148926,0.080565,1.156653,0.143244
150458366720930,37.158927,-0.426033,1.287399,-7.61E-4
150458376721871,37.168928,-0.993416,1.266772,-0.14745
150458386722862,37.178929,-1.328084,1.157189,-0.271703
150458396723787,37.188930,-1.338875,0.945215,-0.180589
150458406724938,37.198931,-0.984488,0.631606,0.155029
150458416725861,37.208932,-0.078722,0.396278,0.680873
150458426726771,37.218933,0.774298,0.246841,0.999809
150458436727794,37.228934,1.208755,0.401214,0.908466
150458446728719,37.238935,1.020813,0.720214,0.472052
150458456729864,37.248936,0.184216,0.906599,-0.124435
150458466730785,37.258937,-1.011248,0.990236,-0.63795
150458476731707,37.268938,-2.029612,0.877693,-0.823931
150458486732712,37.278939,-2.473383,0.620368,-0.687281
150458496733629,37.288940,-2.230039,0.450725,-0.261554
150458506734766,37.298941,-1.118945,0.332036,0.223685
150458516735684,37.308942,0.225295,0.416706,0.465865
150458526736701,37.318943,1.112931,0.674253,0.304292
150458536737824,37.328944,1.342288,0.848445,-0.026672
150458546738747,37.338945,0.335179,0.963755,-0.550609
150458556739656,37.348946,-0.836403,0.765174,-0.623106
150458566740656,37.358947,-1.669416,0.392969,-0.328643
150458576741581,37.368948,-1.615515,0.217772,0.159583
150458586742489,37.378948,-0.236772,0.045712,0.803976
150458596743648,37.388950,1.193821,0.012022,0.877806
150458606744583,37.398951,2.152202,-0.081697,0.869386
150458616745571,37.408952,2.601718,0.247495,0.518548
150458626746498,37.418952,1.263679,0.59706,-0.279131
150458636747441,37.428953,-0.671281,0.655153,-0.730655
150458646748595,37.438955,-2.271927,0.604465,-1.058965
150458656749516,37.448956,-3.368313,0.479768,-1.117377
150458666750517,37.458957,-3.503169,0.335886,-0.697067
150458676751440,37.468957,-2.505614,0.454402,-0.028395
150458686752378,37.478958,-1.130017,0.716564,0.263693
150458696753520,37.488960,-0.287024,0.656779,-0.014751
150458706754429,37.498960,0.159429,0.393312,-0.314404
150458716755443,37.508961,-0.117511,0.366328,-0.781476
150458726756363,37.518962,-0.637029,0.082965,-0.852806
150458736757272,37.528963,-1.113654,-0.147262,-0.645183
150458746758426,37.538964,-0.784464,-0.229857,-0.012747
150458756759424,37.548965,0.144362,-0.123302,0.518045
150458766760349,37.558966,0.622011,0.134313,0.47506
150458776761272,37.568967,1.117422,0.46498,0.083816
150458786762186,37.578968,0.898396,0.645297,-0.549791
150458796763358,37.588969,-0.08844,0.587666,-0.923273
150458806764280,37.598970,-0.751257,0.393683,-0.730051
150458816765271,37.608971,-0.933664,0.376643,-0.266919
150458826766186,37.618972,-0.433728,0.483513,0.282966
150458836767114,37.628973,0.413573,0.548031,0.564614
150458846768027,37.638974,0.59835,0.575797,0.305426
150458856769181,37.648975,0.264658,0.766245,-0.14882
150458866770194,37.658976,-0.419768,1.025034,-0.596053
150458876771119,37.668977,-1.398433,1.117992,-0.910903
150458886772042,37.678978,-2.014913,1.01481,-0.823625
150458896773200,37.688979,-2.585974,1.161798,-0.791234
150458906774126,37.698980,-2.450451,0.834252,-0.323856
150458916775037,37.708981,-1.567911,0.605542,0.169048
150458926776052,37.718982,-0.329013,0.722196,0.162636
150458936776970,37.728983,0.777953,0.943299,-0.264401
150458946777888,37.738984,1.15707,0.946464,-0.673633
150458956779040,37.748985,0.777186,0.681307,-0.851679
150458966779978,37.758986,0.162624,0.375929,-0.694162
150458976780963,37.768987,-0.168335,0.398834,-0.383616
150458986781888,37.778988,0.001928,0.39193,-0.038457
150458996782816,37.788989,0.243632,0.337248,0.075937
150459006783956,37.798990,0.349367,0.443377,-0.115029
150459016784891,37.808991,-0.064456,0.686395,-0.487106
150459026785820,37.818992,-0.669703,0.637213,-0.711292
150459036786834,37.828993,-1.338416,0.231535,-0.566681
150459046787745,37.838994,-1.51208,0.008174,-0.317547
150459056788682,37.848995,-1.146821,0.040772,-0.028418
150459066789834,37.858996,-0.478899,0.045628,0.162096
150459076790752,37.868997,0.058033,0.051585,0.15638
150459086791690,37.878998,0.198881,0.06561,0.009528
150459096792690,37.888999,-0.083692,0.09135,-0.161417
150459106793615,37.899000,-0.775783,0.017157,-0.273728
150459116794766,37.909001,-1.341301,-0.077252,-0.347061
150459126795689,37.919002,-1.432062,-0.033691,-0.276074
150459136796603,37.929003,-1.123131,0.062722,-0.180845
150459146797540,37.939004,-0.759242,0.113019,-0.172214
150459156798537,37.949005,-0.412096,0.196288,-0.250453
150459166799460,37.959005,-0.236637,0.251681,-0.385442
150459176800393,37.969006,-0.429714,0.279082,-0.470214
150459186801547,37.979008,-0.897666,-0.078897,-0.308983
150459196802449,37.989008,-1.11854,-0.367501,-0.115682
150459206803357,37.999009,-0.672209,-0.37779,0.0768
150459216804386,38.009010,-0.050155,-0.248816,0.003038
150459226805298,38.019011,0.160835,-0.326754,-0.255742
150459236806221,38.029012,-0.059772,-0.28436,-0.651582
150459246807392,38.039013,-0.662407,-0.092518,-1.011363
150459256808315,38.049014,-1.29815,-0.129363,-1.169876
150459266809238,38.059015,-1.674225,-0.358583,-1.081759
150459276810162,38.069016,-1.746196,-0.338264,-0.804564
150459286811167,38.079017,-1.250046,-0.18773,-0.390222
150459296812095,38.089018,-0.610437,-0.094764,-0.229081
150459306813027,38.099019,-0.024694,-0.161469,-0.222316
150459316813936,38.109020,0.240914,0.060653,-0.445044
150459326815094,38.119021,0.208528,0.391434,-0.677274
150459336816015,38.129022,-0.068951,0.310742,-0.797498
150459346816940,38.139023,-0.423996,-0.00807,-0.624656
150459356817917,38.149024,-0.332669,-0.02773,-0.204487
150459366818840,38.159025,-0.127395,0.121309,0.081735
150459376820008,38.169026,0.584303,0.143323,0.282215
150459386820929,38.179027,1.046102,0.503276,-6.64E-4
150459396821834,38.189028,1.408745,0.751266,-0.100322
150459406822743,38.199029,1.001941,0.73526,-0.165291
150459416823666,38.209030,0.429864,0.383041,0.069269
150459426824661,38.219031,0.030794,0.143827,0.451011
150459436825581,38.229032,0.356682,0.135844,0.759031
150459446826504,38.239033,1.186426,0.212315,0.988348
150459456827656,38.249034,1.38383,0.509055,0.759884
150459466828579,38.259035,1.209982,0.819817,0.293567
150459476829488,38.269035,0.26274,1.161583,-0.419613
150459486830411,38.279036,-0.783277,0.954214,-0.890915
150459496831329,38.289037,-1.469656,0.939963,-1.060749
150459506832336,38.299038,-1.870709,1.18753,-1.173824
150459516833254,38.309039,-1.798318,1.025561,-0.796644
150459526834177,38.319040,-1.059631,1.034082,-0.436751
150459536835109,38.329041,-0.17816,1.28705,-0.307007
150459546836033,38.339042,0.448333,1.226504,-0.314948
150459556837186,38.349043,0.779857,0.721972,-0.207773
150459566838118,38.359044,0.970614,0.327407,-0.032377
150459576839118,38.369045,1.309159,0.160573,0.19565
150459586840029,38.379046,1.800336,0.205024,0.359093
150459596840950,38.389047,1.952851,0.332578,0.413851
150459606841875,38.399048,1.668335,0.745243,0.107095
150459616843031,38.409049,0.77463,1.134842,-0.408329
150459626843959,38.419050,-0.614764,0.883798,-0.570656
150459636844882,38.429051,-1.418079,0.412589,-0.381931
150459646845819,38.439052,-1.567416,0.055885,0.130247
150459656846759,38.449053,-0.546741,0.002542,0.646607
150459666847672,38.459054,0.787749,-0.062298,0.863223
150459676848672,38.469055,1.47743,-0.038544,0.467556
150459686849600,38.479056,1.059383,0.113165,-0.288443
150459696850518,38.489057,-0.19818,0.114367,-0.923592
150459706851677,38.499058,-1.387476,-0.088151,-1.090287
150459716852612,38.509059,-2.109421,-0.252611,-1.070937
150459726853522,38.519060,-2.592847,-0.455596,-0.977489
150459736854440,38.529060,-2.212394,-0.516182,-0.654568
150459746855440,38.539061,-1.297061,-0.248847,-0.36514
150459756856389,38.549062,-0.510141,-0.071697,-0.205497
150459766857312,38.559063,-0.078757,-0.27232,-0.190743
150459776858249,38.569064,-0.128,-0.581237,-0.228233
150459786859168,38.579065,-0.09437,-0.759546,-0.107928
150459796860070,38.589066,-0.033752,-0.821075,0.26335
150459806860993,38.599067,0.528314,-0.727897,0.697834
150459816862147,38.609068,1.064032,-0.408976,1.089808
150459826863054,38.619069,1.069768,0.037868,1.020942
150459836863996,38.629070,0.285856,0.314066,0.696201
150459846864982,38.639071,-0.637314,0.15604,0.342225
150459856865907,38.649072,-1.156946,0.026146,0.077024
150459866866831,38.659073,-1.393376,0.106854,-0.080701
150459876867754,38.669074,-1.023526,0.244489,0.136388
150459886868662,38.679075,-0.816962,0.631379,0.080975
150459896869843,38.689076,-0.891128,0.712442,-0.012475
150459906870537,38.699077,-1.208788,0.555879,-0.175389
150459916871689,38.709078,-1.553444,0.555571,-0.354812
150459926872612,38.719079,-1.253233,0.484946,-0.4218
150459936873554,38.729080,-1.028773,0.713375,-0.565367
150459946874462,38.739080,-0.554278,0.758958,-0.491704
150459956875395,38.749081,0.019797,0.844215,-0.285955
150459966876411,38.759082,0.569829,0.855227,-0.076545
150459976877334,38.769083,0.787908,0.624162,0.23804
150459986878262,38.779084,0.555373,0.552214,0.323127
150459996879414,38.789085,0.834441,0.709646,0.248819
150460006880332,38.799086,0.992195,0.842455,-0.018525
150460016881271,38.809087,1.046549,0.715289,-0.204501
150460026882198,38.819088,0.955762,0.687931,-0.322096
150460036883131,38.829089,0.683306,0.558171,-0.275967
150460046884054,38.839090,0.891974,0.323401,-0.041643
150460056884967,38.849091,1.350026,0.262008,0.098969
150460066885890,38.859092,1.838024,0.220509,0.171411
150460076886876,38.869093,1.775839,0.117344,0.1497
150460086887722,38.879094,1.594482,0.084919,0.156789
150460096888731,38.889095,1.114911,0.132137,0.102359
150460106889642,38.899096,-0.036256,0.061955,0.055292
150460116890565,38.909097,-0.987362,-0.032962,0.10635
150460126891484,38.919097,-1.484868,0.024547,0.119483
150460136892402,38.929098,-1.555427,0.100523,0.191065
150460146893325,38.939099,-1.251021,0.074062,0.214241
150460156894468,38.949100,-0.854697,0.065169,0.115145
150460166895167,38.959101,-0.72172,0.185171,-0.104654
150460176896318,38.969102,-0.769678,0.098781,-0.238435
150460186897237,38.979103,-0.854793,-0.043747,-0.28899
150460196898155,38.989104,-0.626399,-0.096715,-0.277298
150460206899073,38.999105,-0.285795,-0.273716,-0.114123
150460216899996,39.009106,0.338897,-0.405137,0.014302
150460226901022,39.019107,0.645517,-0.261983,-0.192185
150460236901940,39.029108,0.582771,-0.2498,-0.348904
150460246902863,39.039109,0.286066,-0.441812,-0.398653
150460256903802,39.049110,0.145805,-0.31868,-0.391593
150460266904715,39.059111,0.213167,-0.161394,-0.18715
150460276905867,39.069112,0.10777,-0.046848,-0.157664
150460286906561,39.079113,-0.064822,0.079283,-0.265295
150460296907723,39.089114,-0.249375,0.301798,-0.486056
150460306908421,39.099114,-0.344717,0.260022,-0.419805
150460316909344,39.109115,-0.19023,0.059916,-0.272506
150460326910488,39.119116,0.159231,-0.093436,-0.076804
150460336911405,39.129117,0.758114,-0.173966,0.063756
150460346912328,39.139118,1.241389,-0.036515,-0.059972
150460356913251,39.149119,1.438829,0.38871,-0.534163
150460366914164,39.159120,0.462452,0.599918,-0.951475
150460376915164,39.169121,-0.723727,0.494186,-1.128805
150460386916095,39.179122,-1.70225,0.195861,-0.887131
150460396917018,39.189123,-1.896133,0.078222,-0.583815
150460406917941,39.199124,-0.853485,0.022359,-0.184196
150460416918864,39.209125,0.509946,0.247764,-0.161098
150460426919759,39.219126,1.211998,0.427479,-0.475542
150460436920677,39.229127,0.644,0.32713,-0.813339
150460446921600,39.239128,-0.166018,0.258459,-0.843134
150460456922533,39.249129,-0.896416,0.31793,-0.715109
150460466923456,39.259129,-1.44641,0.252551,-0.550065
150460476924600,39.269131,-1.181155,0.157134,-0.273561
150460486925515,39.279132,-0.362288,0.322934,-0.244325
150460496926438,39.289132,-0.04253,0.420325,-0.398872
150460506927377,39.299133,-0.341951,0.29828,-0.627918
150460516928304,39.309134,-0.83728,0.222253,-0.777264
150460526929213,39.319135,-1.051703,0.061755,-0.686266
150460536930150,39.329136,-1.178807,-0.173187,-0.30317
150460546931083,39.339137,-0.542518,-0.336377,0.15352
150460556932006,39.349138,-0.069767,-0.164718,0.282483
150460566932924,39.359139,0.20253,-0.032052,0.238248
150460576933833,39.369140,-0.248077,0.030685,-0.058539
150460586934775,39.379141,-0.942428,-0.055212,-0.265071
150460596935777,39.389142,-1.5146,0.022914,-0.449855
150460606936709,39.399143,-1.452727,0.055899,-0.294504
150460616937633,39.409144,-1.546163,0.153978,-0.307557
150460626938571,39.419145,-1.242107,0.129262,-0.277772
150460636939489,39.429145,-1.247366,0.153282,-0.216084
150460646940417,39.439146,-1.040424,0.057631,-0.231607
150460656941344,39.449147,-0.909923,-0.085206,-0.355607
150460666942267,39.459148,-0.713162,-0.225634,-0.367883
150460676943190,39.469149,-0.40033,-0.193814,-0.368505
150460686944109,39.479150,-0.049819,0.008074,-0.460921
150460696945046,39.489151,0.161431,0.054241,-0.575015
150460706946198,39.499152,-0.004691,-0.100836,-0.567445
150460716947121,39.509153,0.188754,-0.309721,-0.367367
150460726947804,39.519154,0.772289,-0.502985,-0.094686
150460736948944,39.529155,1.143422,-0.477743,0.202895
150460746949638,39.539156,1.667897,-0.271428,0.170809
150460756950776,39.549157,2.068077,-0.191951,-0.091685
150460766951695,39.559158,2.357047,-0.45182,-0.211613
150460776952622,39.569159,2.291287,-0.523624,-0.242174
150460786953554,39.579160,1.700726,-0.474828,-0.186849
150460796954464,39.589160,1.363405,-0.423876,-0.07558
150460806955379,39.599161,1.743458,-0.504315,0.12236
150460816956295,39.609162,2.259179,-0.332564,0.14748
150460826957220,39.619163,2.024598,-0.403945,0.038801
150460836958128,39.629164,1.147696,-0.411385,-0.088306
150460846959051,39.639165,0.835159,-0.274993,-0.229798
150460856960052,39.649166,-0.046424,-0.224981,-0.35928
150460866960980,39.659167,-0.569101,-0.19947,-0.365589
150460876961903,39.669168,-0.729508,-0.199426,-0.252389
150460886962826,39.679169,-0.561502,-0.216952,-0.132661
150460896963672,39.689170,-0.655272,-0.392888,0.077867
150460906964670,39.699171,-0.530541,-0.437614,0.275428
150460916965532,39.709172,-0.40334,-0.342102,0.260339
150460926966537,39.719173,-0.244334,-0.312018,0.173558
150460936967469,39.729173,-0.404213,-0.066724,-0.264872
150460946968407,39.739174,-0.872402,0.113722,-0.682943
150460956969340,39.749175,-1.596282,0.136507,-0.802134
150460966970263,39.759176,-1.813475,-0.044946,-0.485285
150460976971186,39.769177,-1.538995,-0.134504,-0.070521
150460986972113,39.779178,-0.620012,-0.122025,0.268678
150460996973032,39.789179,0.58389,-0.275784,0.454767
150461006973940,39.799180,1.315568,-0.288208,0.313462
150461016974878,39.809181,1.604526,-0.185049,0.133497
150461026975801,39.819182,1.491624,-0.118059,0.067896
150461036976953,39.829183,1.31513,-0.265808,0.122487
150461046977885,39.839184,0.753375,-0.333281,0.242663
150461056978566,39.849185,0.280342,-0.165134,0.397076
150461066979503,39.859186,0.127481,0.354461,0.32349
150461076980655,39.869187,-0.052888,0.618899,0.111554
150461086981593,39.879188,-0.322623,0.541519,-0.069283
150461096982511,39.889189,-1.053856,0.570806,-0.057262
150461106983203,39.899189,-1.428852,0.505152,0.301185
150461116984352,39.909190,-1.461592,0.602609,0.504409
150461126985265,39.919191,-0.569628,0.731843,0.368711
150461136985946,39.929192,0.171363,0.713015,0.026795
150461146987097,39.939193,0.392435,0.631419,-0.374638
150461156988020,39.949194,0.736537,0.624433,-0.691235
150461166988949,39.959195,0.357773,0.591333,-1.010072
150461176989886,39.969196,-0.127623,0.298338,-0.959174
150461186990578,39.979197,-0.109557,0.195764,-0.821392
150461196991718,39.989198,0.237453,0.310768,-0.678179
150461206992641,39.999199,1.085885,0.120069,-0.609129
150461216993545,40.009200,1.186446,-0.048787,-0.680509
150461226994468,40.019200,0.966656,-0.099096,-0.759254
150461236995391,40.029201,0.938488,-0.109879,-0.678048
150461246996295,40.039202,0.87298,-0.141809,-0.702549
150461256996974,40.049203,0.69862,-0.247764,-0.607453
150461266998128,40.059204,0.108969,-0.298092,-0.601113
150461276999065,40.069205,-0.459167,-0.460881,-0.509614
150461286999988,40.079206,-0.96317,-0.444692,-0.235464
150461297000901,40.089207,-1.088707,-0.425426,-0.156765
150461307001819,40.099208,-1.112114,-0.707572,-0.007753
150461317002747,40.109209,-0.891709,-0.793234,0.057905
150461327003656,40.119210,-0.82956,-0.754882,-0.130836
150461337004579,40.129211,-1.202309,-0.673203,-0.593528
150461347005502,40.139212,-1.368251,-0.626017,-0.85581
150461357006419,40.149212,-1.69975,-0.51917,-1.408976
150461367007343,40.159213,-1.495555,-0.612274,-1.420245
150461377008280,40.169214,-1.90397,-0.588443,-1.442998
150461387009189,40.179215,-1.7308,-0.80545,-1.013621
150461397010112,40.189216,-0.736393,-0.891103,-0.683645
150461407011059,40.199217,0.205987,-0.704769,-0.420039
150461417011972,40.209218,0.546853,-0.589426,-0.382171
150461427012890,40.219219,0.700083,-0.542782,-0.28328
150461437013818,40.229220,0.720008,-0.309666,-0.168734
150461447014722,40.239221,0.759557,-0.186885,-0.00392
150461457015646,40.249222,0.594736,-0.308054,0.250109
150461467016574,40.259223,0.543047,-0.535429,0.64388
150461477017516,40.269224,0.814813,-0.312968,0.711093
150461487018439,40.279224,1.396406,-0.043636,0.790017
150461497019371,40.289225,1.816056,0.394162,0.567588
150461507020294,40.299226,1.558605,0.490395,0.368634
150461517021217,40.309227,0.525234,0.422071,0.234504
150461527022146,40.319228,-0.371028,0.581319,0.319002
150461537023069,40.329229,-1.096755,0.893709,0.344526
150461547023997,40.339230,-1.363364,1.295949,0.391939
150461557024929,40.349231,-1.237731,1.712599,0.055032
150461567025852,40.359232,-0.909873,1.775622,-0.304581
150461577026767,40.369233,-1.177111,1.161678,-0.311354
150461587027695,40.379234,-1.136739,0.725751,0.016809
150461597028631,40.389235,-0.117314,0.925714,0.144585
150461607029554,40.399236,0.953002,1.132388,0.134036
150461617030482,40.409236,1.613045,1.338144,-0.174107
150461627031409,40.419237,1.444454,1.245352,-0.489845
150461637032323,40.429238,0.932032,0.794632,-0.594641
150461647033246,40.439239,0.554474,0.38797,-0.519711
150461657034156,40.449240,0.65438,0.184277,-0.34356
150461667035102,40.459241,0.775909,0.34026,-0.217058
150461677035997,40.469242,1.070716,0.36342,0.061491
150461687036916,40.479243,1.15823,0.178557,0.248402
150461697037843,40.489244,1.289593,-0.062772,0.551124
150461707038766,40.499245,1.503682,-0.296385,0.832606
150461717039685,40.509246,1.554288,-0.355151,0.979708
150461727040627,40.519247,1.453188,-0.512016,1.092455
150461737041555,40.529248,1.285016,-0.622382,1.214045
150461747042264,40.539248,1.272198,-0.521123,1.121719
150461757043192,40.549249,0.381596,-0.392051,0.934965
150461767044115,40.559250,-0.741332,-0.278061,0.601081
150461777045023,40.569251,-1.241939,-0.318954,0.420705
150461787045937,40.579252,-1.967799,-0.474489,0.481789
150461797046860,40.589253,-2.189216,-0.530412,0.680671
150461807047792,40.599254,-1.900058,-0.567686,0.857202
150461817048715,40.609255,-1.257588,-0.556581,0.675593
150461827049638,40.619256,-0.650852,-0.627738,0.384439
150461837050553,40.629257,-0.768376,-0.509233,-0.100648
150461847051485,40.639257,-1.135249,-0.460416,-0.480092
150461857052413,40.649258,-1.369955,-0.550462,-0.627201
150461867053330,40.659259,-1.586388,-0.464797,-0.687065
150461877054249,40.669260,-1.625326,-0.484188,-0.564463
150461887055186,40.679261,-1.434805,-0.460635,-0.433505
150461897056094,40.689262,-0.687828,-0.61262,-0.237064
150461907057017,40.699263,-0.046498,-0.797586,-0.1099
150461917057945,40.709264,0.401311,-0.704999,0.015353
150461927058868,40.719265,0.62314,-0.622122,-0.001739
150461937059797,40.729266,0.528164,-0.755771,0.048731
150461947060720,40.739267,0.563776,-0.774789,0.093991
150461957061569,40.749268,0.488842,-0.692852,0.166565
150461967062576,40.759269,0.647299,-0.408303,0.086501
150461977063484,40.769269,0.139928,-0.073322,-0.182844
150461987064407,40.779270,-0.720207,-0.003135,-0.509549
150461997065265,40.789271,-1.505429,0.078588,-0.694049
150462007066198,40.799272,-1.65781,0.171083,-0.635451
150462017067121,40.809273,-1.495288,0.097414,-0.307099
150462027068055,40.819274,-0.890164,0.079935,-0.090717
150462037068980,40.829275,-0.21979,0.259663,-0.132218
150462047069896,40.839276,0.131762,0.279997,-0.232019
150462057070838,40.849277,0.155098,0.19505,-0.280034
150462067071824,40.859278,0.116567,0.085963,-0.152623
150462077072660,40.869279,0.171466,-0.046308,0.100331
150462087073583,40.879280,0.382669,-0.075287,0.399222
150462097074487,40.889280,0.617346,0.099947,0.445984
150462107075410,40.899281,0.556941,0.289033,0.401689
150462117076328,40.909282,0.413822,0.489065,0.261947
150462127077237,40.919283,0.381158,0.471192,0.221406
150462137078151,40.929284,0.118998,0.202787,0.447355
150462147079074,40.939285,0.221651,0.041314,0.789838
150462157080011,40.949286,0.592102,0.182192,1.060722
150462167080705,40.959287,0.918273,0.270226,1.073516
150462177081613,40.969288,1.378321,0.213901,1.253606
150462187082527,40.979289,1.284717,0.371291,1.13192
150462197083445,40.989289,0.426449,0.515071,0.826488
150462207084364,40.999290,-0.745236,0.644999,0.365956
150462217085293,41.009291,-1.524878,0.697349,0.093457
150462227086197,41.019292,-1.718299,0.601852,0.120283
150462237087120,41.029293,-1.431768,0.53468,0.430011
150462247088052,41.039294,-0.736463,0.53389,0.721169
150462257088970,41.049295,0.159179,0.495101,0.758804
150462267089898,41.059296,0.714302,0.40085,0.631119
150462277090749,41.069297,0.850656,0.440007,0.381308
150462287091672,41.079298,0.538871,0.704887,0.021973
150462297092599,41.089299,0.021891,0.908126,-0.330561
150462307093538,41.099300,-0.732257,0.768492,-0.435087
150462317094469,41.109300,-1.294694,0.583666,-0.337946
150462327095392,41.119301,-1.303327,0.62296,-0.186771
150462337096405,41.129302,-0.566284,0.32631,0.224428
150462347097238,41.139303,0.587181,-0.147379,0.658897
150462357098161,41.149304,1.666619,-0.426116,0.808933
150462367099074,41.159305,2.085456,-0.479065,0.712782
150462377099997,41.169306,1.949374,-0.43399,0.387638
150462387100914,41.179307,0.819861,-0.257283,-0.214549
150462397101843,41.189308,-0.623734,-0.075635,-0.770442
150462407102766,41.199309,-1.859913,-0.051413,-0.952334
150462417103460,41.209309,-2.921251,0.006134,-1.099476
150462427104388,41.219310,-3.329991,-0.458155,-0.760938
150462437105311,41.229311,-2.238381,-0.693002,0.020445
150462447106234,41.239312,-0.405477,-0.70112,0.670671
150462457107157,41.249313,0.961721,-0.928235,1.083012
150462467108081,41.259314,2.319937,-1.11586,1.313421
150462477109018,41.269315,2.87022,-0.861609,1.047931
150462487109936,41.279316,2.129793,-0.518601,0.72569
150462497110864,41.289317,0.676942,-0.245625,0.408772
150462507111679,41.299318,-0.607508,-0.035346,0.309073
150462517112617,41.309319,-1.385893,0.264086,0.368982
150462527113617,41.319320,-1.79178,0.354044,0.590866
150462537114463,41.329320,-1.595462,0.401166,0.841598
150462547115414,41.339321,-0.82148,0.16923,1.086728
150462557116338,41.349322,0.353816,-0.340415,1.362037
150462567117252,41.359323,1.19662,-0.730872,1.562582
150462577118175,41.369324,1.98574,-0.866751,1.771893
150462587119098,41.379325,2.655154,-0.746637,1.802248
150462597119787,41.389326,2.706789,-0.625914,1.774126
150462607120710,41.399327,1.955609,-0.387352,1.532276
150462617121633,41.409328,0.567989,-0.244977,1.441604
150462627122551,41.419329,-0.536227,-0.325985,1.328745
150462637123470,41.429329,-1.203988,-0.335056,1.225261
150462647124379,41.439330,-1.367969,-0.227058,1.144594
150462657125302,41.449331,-0.843956,-0.098199,1.068747
150462667126220,41.459332,-0.362748,0.068521,0.805128
150462677127152,41.469333,-0.488693,-0.097714,0.454243
150462687128075,41.479334,-0.878417,-0.404171,0.319309
150462697128921,41.489335,-0.558094,-0.654031,0.48478
150462707129818,41.499336,0.04187,-0.815541,0.640376
150462717130741,41.509337,0.702261,-0.862767,0.718401
150462727131651,41.519338,1.395606,-0.915994,0.77575
150462737132589,41.529339,1.404069,-0.813632,0.543905
150462747133512,41.539340,0.624384,-0.802448,0.325974
150462757134435,41.549340,-0.165663,-0.870704,0.228425
150462767135358,41.559341,-0.754954,-1.000565,0.373606
150462777136281,41.569342,-0.589237,-1.120658,0.524341
150462787136987,41.579343,-0.483343,-1.077835,0.462642
150462797137917,41.589344,0.280159,-1.122292,0.49545
150462807138841,41.599345,1.166777,-1.099356,0.516599
150462817139769,41.609346,1.239208,-1.003844,0.444683
150462827140678,41.619347,1.057107,-0.95367,0.44247
150462837141605,41.629348,0.62652,-1.027484,0.57049
150462847142526,41.639349,0.488357,-1.157215,0.746715
150462857143363,41.649349,0.930635,-1.120213,0.926986
150462867144286,41.659350,1.106488,-1.016354,1.058458
150462877145215,41.669351,1.129147,-0.929148,1.054107
150462887146127,41.679352,0.947858,-0.729942,1.029031
150462897147051,41.689353,0.493525,-0.465383,0.854688
150462907147988,41.699354,0.231763,-0.379197,0.801108
150462917148911,41.709355,0.326057,-0.526162,0.946008
150462927149834,41.719356,0.625335,-0.706134,1.288354
150462937150543,41.729357,0.96655,-0.65991,1.48364
150462947151680,41.739358,1.418247,-0.562589,1.48786
150462957152374,41.749358,1.416891,-0.484024,1.295799
150462967153283,41.759359,1.168241,-0.46334,1.122356
150462977154202,41.769360,0.718345,-0.329808,1.03043
150462987155120,41.779361,-0.153223,-0.09784,0.912955
150462997156062,41.789362,-0.790697,0.075183,0.807427
150463007156980,41.799363,-1.234025,0.131614,0.639649
150463017157901,41.809364,-1.297596,0.201359,0.509191
150463027158764,41.819365,-1.15318,0.305642,0.483255
150463037159764,41.829366,-0.584225,0.184454,0.523517
150463047160608,41.839367,-0.238593,-0.033647,0.619215
150463057161540,41.849368,0.480762,-0.103418,0.867556
150463067162469,41.859368,1.299292,-0.265707,1.183875
150463077163396,41.869369,1.476384,-0.44951,1.308373
150463087164319,41.879370,1.495777,-0.629613,1.411724
150463097165256,41.889371,1.343468,-0.599898,1.36603
150463107165943,41.899372,1.188063,-0.500798,1.106794
150463117166868,41.909373,0.89594,-0.408391,0.683759
150463127167801,41.919374,0.260639,-0.453817,0.57986
150463137168725,41.929375,0.10627,-0.575217,0.556945
150463147169648,41.939376,0.430494,-0.69915,0.605653
150463157170581,41.949377,0.782382,-0.647073,0.525885
150463167171417,41.959377,0.596399,-0.641325,0.438983
150463177172417,41.969378,0.332333,-0.67452,0.319469
150463187173338,41.979379,-0.075809,-0.592528,0.075292
150463197174246,41.989380,-0.590527,-0.439727,-0.0764
150463207175092,41.999381,-1.243112,-0.242243,-0.23357
150463217176015,42.009382,-1.41673,0.029109,-0.452738
150463227176938,42.019383,-1.737192,0.260946,-0.818219
150463237177641,42.029384,-2.137738,-0.127758,-0.898243
150463247178556,42.039385,-1.643247,-0.570503,-0.325599
150463257179484,42.049385,-0.21328,-0.815346,0.441579
150463267180384,42.059386,1.124796,-0.809311,0.81293
150463277181288,42.069387,2.437292,-0.863167,1.101871
150463287182225,42.079388,3.526134,-0.689974,1.106964
150463297183148,42.089389,3.865619,-0.49208,0.827669
150463307184072,42.099390,3.449073,-0.623061,0.624289
150463317184918,42.109391,2.071368,-0.600852,0.561334
150463327185841,42.119392,0.844278,-0.258725,0.55319
150463337186762,42.129393,-0.273284,0.019785,0.624739
150463347187685,42.139394,-0.886016,0.143967,0.513707
150463357188603,42.149395,-1.440848,0.117744,0.602775
150463367189541,42.159396,-1.886238,0.215198,0.597198
150463377190464,42.169396,-1.803694,0.292448,0.569616
150463387191391,42.179397,-1.724353,0.311114,0.464124
150463397192082,42.189398,-1.762926,0.330523,0.338784
150463407192995,42.199399,-1.643267,0.18944,0.461692
150463417193913,42.209400,-1.427786,0.438238,0.327168
150463427194836,42.219401,-1.130268,0.329984,0.338854
150463437195759,42.229402,-0.677177,0.023153,0.355721
150463447196692,42.239403,0.038643,-0.25175,0.545862
150463457197624,42.249404,0.627777,-0.679614,0.94382
150463467198547,42.259405,1.180289,-0.996415,1.263857
150463477199382,42.269405,1.779506,-0.974507,1.349361
150463487200291,42.279406,2.380622,-0.808977,1.314772
150463497201214,42.289407,2.189271,-0.433096,0.853692
150463507202151,42.299408,1.191893,-0.122997,0.284264
150463517203074,42.309409,-0.174389,0.017069,0.002475
150463527203988,42.319410,-1.14108,-0.14681,0.128936
150463537204896,42.329411,-1.846903,-0.24128,0.395442
150463547205575,42.339412,-1.483781,-0.506613,1.153741
150463557206500,42.349413,0.048836,-0.519632,1.836898
150463567207423,42.359413,1.148184,-0.426786,1.827349
150463577208355,42.369414,1.777827,-0.617958,1.67857
150463587209278,42.379415,1.623332,-0.601743,1.372434
150463597210129,42.389416,0.573709,-0.339127,0.854418
150463607211044,42.399417,-0.685655,-0.331016,0.542591
150463617211953,42.409418,-1.280624,-0.384706,0.502797
150463627212866,42.419419,-1.783504,-0.080779,0.238989
150463637213790,42.429420,-2.182299,0.061414,0.041206
150463647214708,42.439421,-2.081275,0.098598,-0.014328
150463657215655,42.449422,-1.916735,0.369125,-0.213332
150463667216349,42.459422,-1.61508,0.340098,-0.418754
150463677217263,42.469423,-1.356412,0.053132,-0.468861
150463687218181,42.479424,-0.645175,-0.240509,-0.236829
150463697219118,42.489425,0.139621,-0.281129,0.175222
150463707220041,42.499426,0.859269,-0.195563,0.468409
150463717220901,42.509427,1.724178,-0.115428,0.654909
150463727221833,42.519428,2.406279,-0.335821,0.784446
150463737222751,42.529429,2.524875,-0.552669,0.845792
150463747223436,42.539429,2.841314,-0.676599,0.913808
150463757224573,42.549431,2.896948,-0.624403,0.956395
150463767225267,42.559431,3.217562,-0.645559,1.237024
150463777226196,42.569432,3.040916,-0.455892,1.161019
150463787227134,42.579433,2.246412,-0.253259,0.885304
150463797228052,42.589434,0.796481,0.025319,0.455156
150463807228961,42.599435,-0.554325,0.183297,-0.078107
150463817229889,42.609436,-1.526037,0.194649,-0.475056
150463827230802,42.619437,-2.444957,0.178193,-0.84581
150463837231646,42.629438,-2.965136,0.082178,-0.98717
150463847232550,42.639439,-2.615066,-0.157419,-0.59295
150463857233473,42.649439,-1.437162,-0.244884,0.05778
150463867234415,42.659440,0.005157,-0.432661,0.632759
150463877235339,42.669441,0.917006,-0.668326,0.90744
150463887236031,42.679442,2.050351,-0.84649,1.123467
150463897236956,42.689443,2.507855,-0.704378,0.912475
150463907237865,42.699444,1.99795,-0.635729,0.472668
150463917238788,42.709445,1.146739,-0.815419,0.324308
150463927239725,42.719446,0.322582,-0.874498,0.342769
150463937240662,42.729447,-0.094433,-0.842035,0.568331
150463947241522,42.739448,0.053369,-0.722722,0.907284
150463957242445,42.749448,0.493703,-0.634137,1.121066
150463967243382,42.759449,0.672173,-0.520381,1.092488
150463977244315,42.769450,0.554995,-0.643913,0.995609
150463987245243,42.779451,0.534296,-0.839993,1.118877
150463997245935,42.789452,0.770354,-0.976585,1.393521
150464007246864,42.799453,1.071518,-0.973025,1.68028
150464017247788,42.809454,1.405664,-0.84479,1.756268
150464027248721,42.819455,1.275091,-0.865444,1.624631
150464037249634,42.829456,0.846055,-0.78874,1.300328
150464047250538,42.839457,0.24115,-0.646614,0.828106
150464057251459,42.849457,-0.424881,-0.571865,0.511258
150464067252319,42.859458,-0.987923,-0.49635,0.305607
150464077253257,42.869459,-1.178259,-0.493106,0.243245
150464087253969,42.879460,-0.809131,-0.705423,0.480166
150464097255117,42.889461,0.128175,-1.022571,0.877343
150464107255798,42.899462,1.272139,-1.109011,1.18471
150464117256711,42.909463,2.128734,-0.94442,1.198994
150464127257639,42.919464,2.428788,-0.730603,0.988024
150464137258548,42.929465,2.053091,-0.734528,0.842394
150464147259398,42.939465,1.383696,-0.941724,0.862349
150464157260319,42.949466,0.67626,-1.038503,0.995633
150464167261238,42.959467,0.387831,-0.846362,1.090879
150464177262157,42.969468,0.514641,-0.614088,1.036112
150464187263089,42.979469,0.51262,-0.54321,0.802961
150464197263781,42.989470,0.220757,-0.447277,0.420421
150464207264706,42.999471,-0.10534,-0.405671,0.127704
150464217265658,43.009472,-0.326345,-0.481683,0.057477
150464227266586,43.019473,-0.34771,-0.622604,0.175791
150464237267408,43.029473,0.168058,-0.760417,0.479651
150464247268330,43.039474,0.928236,-0.753102,0.701411
150464257269253,43.049475,1.697362,-0.661125,0.818425
150464267270147,43.059476,1.990334,-0.573617,0.712416
150464277271050,43.069477,1.853792,-0.482584,0.497517
150464287271744,43.079478,1.376232,-0.417586,0.286666
150464297272892,43.089479,0.851964,-0.595977,0.389991
150464307273581,43.099480,0.782092,-0.697349,0.610773
150464317274504,43.109481,1.364408,-0.647782,0.96232
150464327275413,43.119481,1.824858,-0.611929,1.06894
150464337276243,43.129482,1.943049,-0.647953,1.021944
150464347277161,43.139483,2.06782,-0.573425,1.020863
150464357278079,43.149484,2.032953,-0.471383,1.136257
150464367279002,43.159485,1.703562,-0.536515,1.299086
150464377279925,43.169486,1.262104,-0.711721,1.347349
150464387280617,43.179487,1.179463,-0.730625,1.509697
150464397281529,43.189488,1.064232,-0.51559,1.336025
150464407282433,43.199488,0.691462,-0.470485,1.079263
150464417283370,43.209489,0.432436,-0.469017,0.720656
150464427284293,43.219490,0.017734,-0.3819,0.430376
150464437285151,43.229491,-0.383306,-0.271372,0.223069
150464447286084,43.239492,-0.848716,-0.334855,0.167785
150464457286784,43.249493,-1.037886,-0.414736,0.215746
150464467287924,43.259494,-0.685028,-0.463431,0.423142
150464477288619,43.269495,-0.129686,-0.495188,0.592706
150464487289542,43.279496,0.4303,-0.651921,0.746138
150464497290480,43.289496,1.068763,-0.89841,0.897492
150464507291352,43.299497,1.624388,-1.070947,0.950398
150464517292280,43.309498,2.001018,-1.064763,0.902131
150464527293193,43.319499,2.061729,-0.943413,0.816092
150464537294126,43.329500,1.707831,-0.83073,0.725164
150464547295044,43.339501,0.853952,-0.776329,0.655189
150464557295737,43.349502,0.32352,-0.816421,0.677185
150464567296662,43.359503,0.220821,-0.805911,0.675663
150464577297614,43.369504,0.168235,-0.758069,0.643586
150464587298474,43.379504,0.31895,-0.672459,0.519513
150464597299381,43.389505,0.404534,-0.760212,0.522798
150464607300304,43.399506,0.561009,-0.86731,0.556905
150464617301232,43.409507,0.792408,-0.835843,0.594598
150464627301927,43.419508,0.801748,-0.825225,0.738434
150464637302859,43.429509,0.71598,-0.771676,0.836099
150464647303796,43.439510,0.536043,-0.610543,0.824381
150464657304734,43.449511,0.338461,-0.481269,0.861945
150464667305585,43.459512,0.071423,-0.503294,0.835394
150464677306570,43.469513,-0.178659,-0.663281,0.853937
150464687307417,43.479513,-0.190978,-0.669112,0.823508
150464697308329,43.489514,0.052644,-0.573615,0.779712
150464707309247,43.499515,0.245197,-0.55718,0.751441
150464717309946,43.509516,0.461547,-0.604702,0.72295
150464727310869,43.519517,0.527817,-0.620286,0.719825
150464737311792,43.529518,0.41758,-0.681059,0.731571
150464747312701,43.539519,0.237285,-0.851761,0.842453
150464757313534,43.549520,0.311006,-0.923992,0.96032
150464767314464,43.559520,0.495195,-0.94004,1.035606
150464777315387,43.569521,0.621779,-0.981971,1.055506
150464787316310,43.579522,0.535021,-1.050918,1.006872
150464797317238,43.589523,0.219924,-1.053868,0.836586
150464807317931,43.599524,-0.083223,-1.002302,0.678568
150464817318826,43.609525,-0.523975,-0.943839,0.481866
150464827319668,43.619526,-0.922724,-0.939291,0.343003
150464837320584,43.629527,-1.149149,-0.893107,0.237134
150464847321507,43.639528,-1.121659,-0.7826,0.199732
150464857322416,43.649528,-0.771872,-0.694648,0.150045
150464867323339,43.659529,-0.521331,-0.703779,-0.022556
150464877324045,43.669530,-0.316,-0.887136,-0.086642
150464887324960,43.679531,0.026334,-1.157234,-0.009136
150464897325883,43.689532,0.525765,-1.303884,0.11488
150464907326801,43.699533,0.93749,-1.238801,0.116215
150464917327726,43.709534,1.088538,-1.058636,-0.009141
150464927328574,43.719535,1.003534,-0.975282,-0.131093
150464937329517,43.729536,0.779591,-1.034585,-0.120338
150464947330196,43.739536,0.701307,-1.086316,0.010076
150464957331119,43.749537,0.730111,-1.009597,0.252384
150464967332042,43.759538,1.021584,-0.939769,0.489799
150464977332949,43.769539,1.360807,-1.046231,0.670842
150464987333901,43.779540,1.667913,-1.107067,0.708926
150464997334752,43.789541,1.78429,-1.465492,1.097958
150465007335675,43.799542,2.244596,-1.410906,1.282287
150465017336598,43.809543,2.417554,-1.393136,1.374845
150465027337516,43.819544,2.33199,-1.43281,1.460208
150465037338228,43.829544,1.48461,-1.14189,1.319732
150465047339153,43.839545,0.487793,-1.152175,1.235548
150465057340090,43.849546,-0.479831,-1.133185,1.015612
150465067340929,43.859547,-1.198206,-0.929868,0.659663
150465077341857,43.869548,-1.686401,-0.745102,0.282392
150465087342780,43.879549,-2.170288,-0.50374,-0.178649
150465097343463,43.889549,-2.712734,-0.35376,-0.630631
150465107344374,43.899550,-3.073448,-0.644932,-0.879689
150465117345312,43.909551,-2.719223,-1.092731,-0.815348
150465127346155,43.919552,-1.408648,-1.289531,-0.39292
150465137347155,43.929553,0.062343,-1.23171,0.066176
150465147348001,43.939554,1.127862,-1.304664,0.482251
150465157348924,43.949555,1.837375,-1.49748,0.726291
150465167349833,43.959556,2.266386,-1.633529,0.992042
150465177350513,43.969557,2.154637,-1.580493,1.056751
150465187351436,43.979557,1.900455,-1.520167,0.977633
150465197352280,43.989558,1.678824,-1.255245,0.751753
150465207353194,43.999559,1.330609,-0.915128,0.479918
150465217354117,44.009560,0.827427,-0.778305,0.255586
150465227355030,44.019561,0.277688,-0.782235,0.208125
150465237355953,44.029562,0.052298,-0.752863,0.400203
150465247356653,44.039563,0.11623,-0.764696,0.730411
150465257357576,44.049564,0.502387,-0.794395,1.07728
150465267358523,44.059565,0.910258,-0.713718,1.253094
150465277359367,44.069565,1.032192,-0.557975,1.17176
150465287360280,44.079566,0.73021,-0.45623,0.870547
150465297361218,44.089567,0.167297,-0.391904,0.472227
150465307362136,44.099568,-0.463681,-0.278831,0.078094
150465317362814,44.109569,-0.850958,-0.329767,-0.161936
150465327363755,44.119570,-0.878157,-0.398947,-0.277906
150465337364599,44.129571,-0.646873,-0.452493,-0.398653
150465347365536,44.139572,-0.173075,-0.500442,-0.44003
150465357366464,44.149572,0.425552,-0.554035,-0.350999
150465367367162,44.159573,1.11508,-0.626631,-0.070324
150465377368085,44.169574,1.708128,-0.677998,0.322637
150465387369013,44.179575,2.167353,-0.659067,0.696903
150465397369936,44.189576,2.326236,-0.685843,1.016513
150465407370795,44.199577,2.720868,-0.663106,1.161566
150465417371718,44.209578,2.798802,-0.691967,1.083749
150465427372636,44.219579,2.622743,-0.821121,1.086778
150465437373312,44.229579,2.821246,-0.99072,1.26038
150465447374220,44.239580,2.620878,-0.815643,1.114143
150465457375154,44.249581,2.234667,-0.767161,0.962372
150465467375969,44.259582,1.329974,-0.616977,0.739863
150465477376897,44.269583,0.413277,-0.35823,0.591503
150465487377820,44.279584,-0.357366,-0.083335,0.497431
150465497378753,44.289585,-0.984298,0.151454,0.446821
150465507379444,44.299585,-1.33108,0.326144,0.448821
150465517380365,44.309586,-1.53075,0.438678,0.567451
150465527381289,44.319587,-1.469996,0.422402,0.699869
150465537382123,44.329588,-0.975416,0.212538,0.820685
150465547383046,44.339589,-0.209426,0.009243,0.892729
150465557383740,44.349590,0.573002,-0.066907,0.803342
150465567384649,44.359591,1.061632,-0.007546,0.569651
150465577385567,44.369592,1.019161,0.147084,0.1722
150465587386495,44.379592,0.397001,0.24138,-0.243286
150465597387418,44.389593,-0.405244,0.295988,-0.56343
150465607388277,44.399594,-0.86241,0.334576,-0.650127
150465617389200,44.409595,-0.665959,0.510603,-0.588834
150465627390108,44.419596,-0.171139,0.671577,-0.507808
150465637390815,44.429597,0.39468,0.74072,-0.427421
150465647391740,44.439598,0.678802,0.692452,-0.469242
150465657392585,44.449599,1.003016,0.794445,-0.53479
150465667393512,44.459600,1.449949,0.885895,-0.565742
150465677394420,44.469600,1.824409,0.92405,-0.555992
150465687395112,44.479601,2.107509,0.947652,-0.410821
150465697396037,44.489602,2.203056,1.086335,-0.178817
150465707396965,44.499603,2.15363,1.151517,0.207861
150465717397807,44.509604,2.00204,1.158592,0.491961
150465727398713,44.519605,1.663812,1.365024,0.707791
150465737399422,44.529605,1.214384,1.47045,0.907298
150465747400574,44.539607,0.650529,1.492725,0.953512
150465757401273,44.549607,0.213422,1.503642,0.947712
150465767402191,44.559608,-0.279539,1.61538,0.758466
150465777403022,44.569609,-0.575585,1.641639,0.571779
150465787404035,44.579610,-0.664998,1.544946,0.397066
150465797404867,44.589611,-0.448586,1.368664,0.291103
150465807405576,44.599612,0.002826,1.095129,0.264647
150465817406499,44.609612,0.4994,0.792753,0.296437
150465827407431,44.619613,0.938232,0.558966,0.402158
150465837408275,44.629614,1.05313,0.412711,0.464065
150465847409198,44.639615,0.563747,0.345652,0.336618
150465857410122,44.649616,-0.276051,0.330665,0.053913
150465867411035,44.659617,-1.298163,0.249999,-0.290252
150465877411742,44.669618,-1.707348,0.063449,-0.435623
150465887412590,44.679619,-1.801487,-0.116517,-0.721284
150465897413607,44.689620,-1.719253,-0.464124,-0.805026
150465907414469,44.699620,-0.8148,-0.535128,-0.676882
150465917415376,44.709621,0.430902,-0.721813,-0.331274
150465927416064,44.719622,1.330833,-0.746206,-0.073837
150465937416989,44.729623,1.510677,-0.698336,-0.056833
150465947417849,44.739624,1.006703,-0.793923,-0.248722
150465957418770,44.749625,0.331241,-0.940481,-0.257703
150465967419679,44.759626,-0.499205,-1.122172,-0.208421
150465977420616,44.769627,-1.126751,-1.407389,-0.052675
150465987421305,44.779627,-1.230571,-1.777984,0.316827
150465997422230,44.789628,-0.872313,-1.926097,0.669958
150466007423069,44.799629,-0.230262,-2.02417,0.935943
150466017423992,44.809630,0.165909,-2.248754,0.997508
150466027424945,44.819631,0.072242,-2.358514,0.926863
150466037425654,44.829632,-0.312096,-2.271092,0.775586
150466047426548,44.839633,-0.645813,-2.252807,0.847305
150466057427394,44.849633,-1.105909,-2.217338,1.037112
150466067428296,44.859634,-1.470386,-2.160904,1.291642
150466077429219,44.869635,-1.469737,-2.058109,1.481655
150466087430142,44.879636,-1.323081,-1.975032,1.484327
150466097430850,44.889637,-1.179641,-1.8944,1.343423
150466107431769,44.899638,-1.485005,-1.841581,1.142599
150466117432618,44.909639,-1.774082,-1.865861,0.849534
150466127433541,44.919640,-2.237953,-2.021024,0.70986
150466137434464,44.929640,-2.762955,-2.104068,0.587999
150466147435387,44.939641,-3.058447,-2.186978,0.58865
150466157436084,44.949642,-3.191258,-2.317698,0.590595
150466167436933,44.959643,-3.206074,-2.425414,0.500681
150466177437844,44.969644,-3.161416,-2.478034,0.377226
150466187438767,44.979645,-3.24316,-2.583598,0.239537
150466197439676,44.989646,-3.408609,-2.745564,0.171032
150466207440353,44.999646,-3.793343,-2.855982,-0.110958
150466217441297,45.009647,-4.045308,-3.031157,-0.071829
150466227442141,45.019648,-4.199307,-2.986938,-0.185915
150466237443065,45.029649,-4.29983,-2.86736,-0.366637
150466247444007,45.039650,-4.39615,-2.649087,-0.688229
150466257444708,45.049651,-4.305745,-2.435062,-0.932962
150466267445633,45.059652,-4.63073,-2.050612,-1.567157
150466277446561,45.069653,-4.663062,-1.894382,-1.689835
150466287447400,45.079653,-4.087329,-1.63417,-1.572399
150466297448305,45.089654,-3.059961,-1.511892,-1.227383
150466307448998,45.099655,-1.979202,-1.312472,-0.913298
150466317449923,45.109656,-1.083542,-0.803605,-0.680373
150466327450769,45.119657,-0.168735,0.140063,-0.851725
150466337451690,45.129658,0.887856,1.172807,-1.345601
150466347452384,45.139658,1.574833,1.997974,-1.985369
150466357453308,45.149659,1.649239,2.403573,-2.377105
150466367454231,45.159660,1.698175,2.932527,-2.29429
150466377455177,45.169661,1.758782,3.945327,-2.357722
150466387456023,45.179662,2.13171,4.602842,-1.633378
150466397456944,45.189663,1.931417,5.197772,-1.360266
150466407457867,45.199664,1.734618,5.527062,-1.059262
150466417458547,45.209665,1.509722,5.140319,-0.575198
150466427459466,45.219665,1.77302,4.439016,0.415842
150466437460308,45.229666,2.831997,3.731407,1.332131
150466447461229,45.239667,4.616399,3.192258,2.201267
150466457461922,45.249668,7.041557,2.926347,2.444242
150466467462845,45.259669,9.642494,2.414131,2.946151
150466477463768,45.269670,11.416927,2.204468,3.208534
150466487464613,45.279671,11.910806,2.30808,3.049205
150466497465536,45.289672,11.254312,2.257899,3.221443
150466507466228,45.299672,9.145667,2.471263,3.252117
150466517467144,45.309673,6.141919,2.433145,2.942638
150466527468067,45.319674,3.406586,1.825726,3.195915
150466537468911,45.329675,1.250907,1.576766,2.812918
150466547469833,45.339676,-0.367038,1.357899,2.393537
150466557470533,45.349677,-1.555853,1.280614,1.744
150466567471451,45.359677,-2.088831,1.016748,1.224554
150466577472283,45.369678,-2.121425,0.486857,0.97004
150466587473190,45.379679,-1.97908,-0.113105,0.825781
150466597474108,45.389680,-1.905636,-0.620011,0.910366
150466607474806,45.399681,-1.729239,-1.07841,1.021788
150466617475730,45.409682,-1.772229,-1.406412,0.888916
150466627476574,45.419683,-2.150098,-1.664079,0.519664
150466637477497,45.429683,-2.102694,-1.871072,0.283794
150466647478420,45.439684,-2.432294,-2.039405,-0.078873
150466657479110,45.449685,-2.770369,-2.123688,-0.30076
150466667480029,45.459686,-3.28868,-2.143241,-0.448205
150466677480860,45.469687,-3.677176,-2.075274,-0.683717
150466687481781,45.479688,-3.833964,-1.872932,-1.002552
150466697482488,45.489688,-3.666523,-1.567007,-1.184603
150466707483413,45.499689,-3.196858,-1.3806,-1.13534
150466717484259,45.509690,-2.87045,-1.297226,-1.020305
150466727485152,45.519691,-2.959958,-1.333703,-0.864834
150466737486075,45.529692,-3.143051,-1.345341,-0.688641
150466747486778,45.539693,-3.159327,-1.295398,-0.44299
150466757487716,45.549694,-2.765166,-1.198432,-0.209027
150466767488562,45.559695,-2.162881,-1.035299,-0.071313
150466777489473,45.569695,-1.610327,-0.807803,-0.145687
150466787490396,45.579696,-1.179189,-0.655854,-0.343124
150466797491084,45.589697,-0.729867,-0.466828,-0.468097
150466807492004,45.599698,-0.471915,-0.093787,-0.47302
150466817492865,45.609699,-0.720994,0.257355,-0.492111
150466827493790,45.619700,-1.102051,0.66822,-0.434485
150466837494502,45.629701,-1.463881,1.044662,-0.427619
150466847495428,45.639701,-1.531306,1.376701,-0.398054
150466857496349,45.649702,-1.285236,1.742007,-0.438226
150466867497197,45.659703,-1.099683,2.044527,-0.648969
150466877498113,45.669704,-0.936467,2.21635,-0.931763
150466887498807,45.679705,-0.628249,2.325776,-1.114958
150466897499740,45.689706,-0.50035,2.456194,-1.274258
150466907500658,45.699707,-0.325118,2.518114,-1.256877
150466917501498,45.709707,-0.039319,2.576623,-1.157065
150466927502192,45.719708,0.314851,2.687253,-1.127417
150466937503115,45.729709,0.632342,2.591122,-0.939596
150466947503956,45.739710,1.100083,2.44703,-0.71863
150466957504892,45.749711,1.48933,2.248054,-0.497743
150466967505596,45.759712,1.997587,1.958774,-0.19147
150466977506529,45.769713,3.052729,1.647944,0.23992
150466987507437,45.779713,4.023215,1.501533,0.410713
150466997508269,45.789714,4.987991,1.527395,0.467942
150467007509175,45.799715,5.339642,1.42861,0.411546
150467017510122,45.809716,4.727086,1.327201,0.183352
150467027510815,45.819717,3.5349,1.298266,0.107852
150467037511740,45.829718,2.203873,1.28432,0.178624
150467047512584,45.839719,1.151965,1.100942,0.271761
150467057513512,45.849720,0.40653,1.015335,0.331885
150467067514189,45.859720,-0.255218,1.027129,0.273431
150467077515114,45.869721,-1.046413,1.103997,0.111227
150467087516042,45.879722,-1.898423,1.168912,-0.273094
150467097516910,45.889723,-2.759545,0.9893,-0.667496
150467107517617,45.899724,-3.500114,0.888314,-1.060307
150467117518542,45.909725,-3.944038,0.940931,-1.357602
150467127519451,45.919725,-3.83314,0.972956,-1.574159
150467137520275,45.929726,-3.248495,0.972018,-1.692687
150467147521214,45.939727,-2.573236,1.012614,-1.876048
150467157521920,45.949728,-2.086663,0.936697,-1.886324
150467167522782,45.959729,-1.835789,0.753966,-1.818723
150467177523703,45.969730,-1.523332,0.651434,-1.614372
150467187524617,45.979731,-1.259822,0.650602,-1.459429
150467197525300,45.989731,-0.994819,0.565578,-1.22433
150467207526211,45.999732,-0.475156,0.324071,-0.883198
150467217527050,46.009733,0.14904,0.340044,-0.674738
150467227527730,46.019734,0.789347,0.498567,-0.542406
150467237528643,46.029735,1.509799,0.468998,-0.278652
150467247529580,46.039736,1.841634,0.469995,-0.007336
150467257530427,46.049736,1.623191,0.431748,0.156115
150467267531334,46.059737,0.960761,0.534596,0.216661
150467277532013,46.069738,-0.031837,0.755538,0.117983
150467287532951,46.079739,-0.949619,0.918888,-0.16159
150467297533809,46.089740,-1.636582,1.01367,-0.424319
150467307534746,46.099741,-2.196271,0.931103,-0.683594
150467317535640,46.109742,-2.74452,0.963126,-1.083458
150467327536333,46.119742,-3.263408,1.166089,-1.47005
150467337537181,46.129743,-3.550758,1.243206,-1.755181
150467347538112,46.139744,-3.397085,1.24747,-2.02801
150467357539035,46.149745,-2.841523,1.150975,-2.096198
150467367539728,46.159746,-2.122089,1.130778,-2.074131
150467377540672,46.169747,-1.438149,1.086812,-1.934118
150467387541526,46.179748,-0.735755,1.076541,-1.785853
150467397542239,46.189748,-0.1553,0.993882,-1.669833
150467407543176,46.199749,0.184658,0.804568,-1.628015
150467417544085,46.209750,0.514826,0.673392,-1.448344
150467427544944,46.219751,0.897785,0.861777,-1.293306
150467437545862,46.229752,1.207631,1.021591,-1.211674
150467447546555,46.239753,1.181371,1.049022,-1.277833
150467457547384,46.249753,1.068055,1.153228,-1.324734
150467467548319,46.259754,0.950248,1.246211,-1.202923
150467477549242,46.269755,0.804526,1.118695,-0.882691
150467487549937,46.279756,0.723478,1.032859,-0.436234
150467497550874,46.289757,0.853483,1.129493,-0.137622
150467507551725,46.299758,0.855146,1.226952,0.027036
150467517552660,46.309759,0.640733,1.492769,-0.132072
150467527553352,46.319759,-0.250285,1.618328,-0.508281
150467537554277,46.329760,-1.276771,1.525477,-0.791587
150467547555119,46.339761,-2.131043,1.327183,-0.919164
150467557555802,46.349762,-2.409012,1.176826,-0.757333
150467567556720,46.359763,-1.923923,0.970314,-0.373882
150467577557564,46.369764,-0.881355,0.700454,-0.021705
150467587558501,46.379765,0.202769,0.403653,0.218504
150467597559410,46.389765,0.667207,0.230769,0.185943
150467607560108,46.399766,0.30481,0.21038,-0.322371
150467617561018,46.409767,-0.625136,0.246006,-0.918509
150467627561853,46.419768,-1.569801,0.327562,-1.502726
150467637562533,46.429769,-2.198288,0.302458,-1.732706
150467647563456,46.439769,-2.453618,0.485475,-1.992202
150467657564298,46.449770,-2.608393,0.290054,-2.067133
150467667565214,46.459771,-2.154317,0.214099,-1.81587
150467677565902,46.469772,-1.49325,0.265828,-1.544213
150467687566822,46.479773,-0.933741,0.233187,-1.298595
150467697567740,46.489774,-0.49559,0.28693,-1.129401
150467707568579,46.499775,-0.366282,0.413677,-1.193624
150467717569489,46.509775,-0.416701,0.55063,-1.362737
150467727570200,46.519776,-0.327545,0.522634,-1.346518
150467737571033,46.529777,0.008672,0.322818,-0.946202
150467747571941,46.539778,0.538404,0.175066,-0.426306
150467757572634,46.549779,0.863975,0.332439,-0.202037
150467767573542,46.559780,1.245172,0.298995,0.169648
150467777574388,46.569780,1.644609,0.427085,0.238783
150467787575309,46.579781,1.427173,0.520872,-0.051434
150467797576003,46.589782,0.684574,0.661287,-0.444645
150467807576849,46.599783,-0.225484,0.726098,-0.628669
150467817577773,46.609784,-1.045714,0.670154,-0.598099
150467827578699,46.619785,-1.26101,0.602743,-0.358536
150467837579391,46.629785,-1.102509,0.579136,-0.066677
150467847580316,46.639786,-0.935655,0.613953,0.062144
150467857581237,46.649787,-0.98284,0.711843,-0.120938
150467867582059,46.659788,-1.13427,0.643654,-0.358548
150467877582759,46.669789,-1.649583,0.661064,-0.726707
150467887583686,46.679790,-2.119723,0.724458,-0.984733
150467897584559,46.689791,-2.469384,0.805436,-1.241572
150467907585234,46.699791,-2.681263,0.796407,-1.353296
150467917586171,46.709792,-2.19864,0.481948,-1.105048
150467927587018,46.719793,-1.270636,0.327505,-0.828557
150467937587939,46.729794,-0.119453,0.297096,-0.565879
150467947588633,46.739795,0.669124,0.248684,-0.476734
150467957589556,46.749796,1.016748,0.287656,-0.527789
150467967590479,46.759796,1.169643,0.433904,-0.685962
150467977591338,46.769797,1.010458,0.540553,-0.908656
150467987592042,46.779798,0.603701,0.205858,-0.794821
150467997592965,46.789799,0.561324,0.0202,-0.348145
150468007593795,46.799800,1.185652,-0.002851,0.073084
150468017594723,46.809801,1.719662,0.069862,0.149562
150468027595414,46.819801,2.097557,0.149097,0.272966
150468037596355,46.829802,1.940539,0.460609,-0.009621
150468047597184,46.839803,0.716074,0.793014,-0.592382
150468057598107,46.849804,-0.791947,1.119474,-1.157704
150468067598790,46.859805,-1.876702,1.035193,-1.254255
150468077599655,46.869806,-2.587297,0.907366,-1.223643
150468087600578,46.879807,-2.352868,0.801969,-0.818799
150468097601506,46.889808,-1.431716,1.031939,-0.597456
150468107602199,46.899808,-0.668657,1.222232,-0.830012
150468117603136,46.909809,-0.524017,1.237913,-1.480426
150468127603997,46.919810,-0.989199,1.27606,-2.161677
150468137604705,46.929811,-1.633424,1.371558,-2.519705
150468147605547,46.939812,-1.821814,0.976116,-2.333898
150468157606475,46.949812,-2.090166,0.685763,-2.534333
150468167607382,46.959813,-1.305609,0.273296,-1.930876
150468177608078,46.969814,0.319023,0.233217,-1.194916
150468187609003,46.979815,1.532819,0.381598,-0.94492
150468197609843,46.989816,2.691462,0.334214,-0.790492
150468207610752,46.999817,3.133471,0.495856,-1.09785
150468217611430,47.009817,2.29115,0.674376,-1.81237
150468227612292,47.019818,1.015225,0.37312,-1.994049
150468237613220,47.029819,0.192649,-0.036371,-1.678334
150468247613902,47.039820,0.724941,-0.185585,-0.878216
150468257614812,47.049821,1.844845,-0.169635,-0.280095
150468267615646,47.059822,2.465651,-0.275228,-0.048846
150468277616360,47.069822,2.266129,-0.189393,-0.371397
150468287617283,47.079823,1.700211,-0.112417,-0.596934
150468297618190,47.089824,0.312105,0.27327,-1.061686
150468307619038,47.099825,-1.216045,0.348328,-1.29009
150468317619716,47.109826,-2.204548,0.083636,-1.088302
150468327620630,47.119827,-2.849981,-0.028039,-0.754537
150468337621488,47.129827,-2.337377,-2.73E-4,-0.149074
150468347622197,47.139828,-1.260602,0.169152,0.152988
150468357623129,47.149829,-0.502094,0.07166,0.066641
150468367624058,47.159830,-0.301879,-0.021921,-0.310181
150468377624923,47.169831,-0.63894,0.039178,-0.875289
150468387625630,47.179832,-1.195999,-0.038066,-1.222023
150468397626553,47.189833,-1.656096,-0.225276,-1.265204
150468407627399,47.199833,-1.719709,-0.235459,-1.072231
150468417628315,47.209834,-1.284717,-0.16811,-0.696891
150468427629014,47.219835,-0.788233,-0.12364,-0.498708
150468437629937,47.229836,-0.558953,-0.037836,-0.547634
150468447630791,47.239837,-0.733112,0.159235,-0.880512
150468457631708,47.249838,-1.214726,0.358375,-1.28494
150468467632401,47.259838,-1.779821,0.326159,-1.572282
150468477633249,47.269839,-2.083437,0.168036,-1.395052
150468487634184,47.279840,-1.729587,0.186146,-0.916486
150468497634891,47.289841,-0.673843,0.173028,-0.38265
150468507635787,47.299842,0.222479,0.198408,-0.186182
150468517636640,47.309843,0.793206,0.480742,-0.546192
150468527637569,47.319844,0.969367,0.802233,-1.033092
150468537638261,47.329844,0.074577,0.937014,-1.600546
150468547639186,47.339845,-1.007917,0.79424,-1.814817
150468557640025,47.349846,-1.533122,0.519367,-1.663908
150468567640713,47.359847,-1.137927,0.46864,-1.225717
150468577641639,47.369848,-0.297344,0.623828,-0.779818
150468587642483,47.379848,0.375056,0.721793,-0.629996
150468597643163,47.389849,0.645651,0.780083,-0.748512
150468607644086,47.399850,0.649055,0.878689,-1.016876
150468617644932,47.409851,0.48452,0.749583,-1.09697
150468627645848,47.419852,0.473461,0.483635,-0.884576
150468637646543,47.429853,0.573265,0.476775,-0.398396
150468647647452,47.439853,1.06903,0.511558,0.125377
150468657648298,47.449854,1.128174,0.471813,0.351127
150468667649200,47.459855,0.898162,0.572985,0.376361
150468677649896,47.469856,0.402569,0.886467,-0.103821
150468687650748,47.479857,-0.624424,0.967956,-0.727746
150468697651657,47.489858,-1.676114,0.736508,-1.19048
150468707652330,47.499858,-1.966756,0.466738,-1.150934
150468717653255,47.509859,-1.450098,0.26426,-0.879265
150468727654084,47.519860,-0.08738,0.164083,-0.454453
150468737654779,47.529861,1.055585,0.114259,-0.330462
150468747655707,47.539862,1.599968,0.118819,-0.517591
150468757656553,47.549863,1.328984,0.145215,-0.981191
150468767657474,47.559863,0.448899,-0.049143,-1.294284
150468777658175,47.569864,-0.159284,-0.399115,-1.138193
150468787659024,47.579865,-0.442135,-0.533953,-0.737659
150468797659960,47.589866,0.010803,-0.482689,-0.319031
150468807660658,47.599867,0.687076,-0.329,-0.100953
150468817661601,47.609868,0.831855,-0.147546,-0.237709
150468827662445,47.619868,0.170254,0.082755,-0.624246
150468837663139,47.629869,-0.906414,0.072583,-0.972094
150468847664082,47.639870,-1.788207,-0.215484,-0.996364
150468857664923,47.649871,-1.553124,-0.482718,-0.471019
150468867665849,47.659872,-0.828195,-0.470618,0.044109
150468877666531,47.669873,-0.027698,-0.33604,0.421883
150468887667466,47.679873,0.505099,-0.123687,0.342437
150468897668320,47.689874,0.149011,0.186354,-0.201744
150468907669014,47.699875,-0.639687,0.336436,-0.92783
150468917669942,47.709876,-1.551321,0.259093,-1.357341
150468927670800,47.719877,-2.245779,0.188047,-1.455517
150468937671723,47.729878,-2.088277,0.218879,-1.147934
150468947672416,47.739878,-1.45533,0.422058,-0.81009
150468957673272,47.749879,-1.174724,0.746803,-0.658218
150468967673966,47.759880,-0.937837,1.040318,-0.757246
150468977674875,47.769881,-0.795329,1.005792,-1.113967
150468987675715,47.779882,-0.888805,0.712725,-1.31182
150468997676632,47.789883,-0.842056,0.489682,-1.252491
150469007677326,47.799883,-0.339821,0.281,-0.834015
150469017678158,47.809884,0.604936,0.325427,-0.387973
150469027679093,47.819885,1.406697,0.636252,-0.195031
150469037679787,47.829886,1.707017,0.931254,-0.243654
150469047680711,47.839887,1.626593,0.886738,-0.387433
150469057681574,47.849888,1.316628,0.579397,-0.390495
150469067682497,47.859888,0.890707,0.527627,-0.316871
150469077683208,47.869889,0.769342,0.518823,-0.041014
150469087684054,47.879890,0.550851,0.61047,0.136959
150469097684987,47.889891,0.065832,1.033933,-0.032769
150469107685665,47.899892,-0.811978,1.353878,-0.439356
150469117686590,47.909893,-1.425678,1.311619,-1.046454
150469127687415,47.919893,-2.256688,0.857792,-1.497462
150469137688107,47.929894,-2.743344,0.465632,-1.502427
150469147688956,47.939895,-1.845177,0.145436,-1.089053
150469157689877,47.949896,-0.532908,0.113493,-0.517063
150469167690571,47.959897,0.344099,0.397862,-0.519041
150469177691494,47.969897,0.789546,0.448604,-0.835146
150469187692328,47.979898,0.754278,0.249971,-1.265491
150469197693251,47.989899,0.145262,0.038854,-1.590031
150469207693932,47.999900,-0.363863,-0.02511,-1.647752
150469217694782,48.009901,-0.51756,0.027865,-1.388409
150469227695703,48.019902,-0.297761,0.087289,-0.97991
150469237696395,48.029902,0.191961,0.129427,-0.487651
150469247697300,48.039903,0.56796,-0.012453,-0.095922
150469257697918,48.049904,0.699125,-0.181143,0.065482
150469267698827,48.059905,0.695923,-0.349602,0.136678
150469277699687,48.069906,1.045568,-0.488536,0.312416
150469287700608,48.079907,0.610939,-0.368775,0.295143
150469297701315,48.089907,0.085595,-0.18395,0.071683
150469307702177,48.099908,-0.814612,0.062199,-0.308432
150469317703098,48.109909,-1.864219,0.137854,-0.721918
150469327703778,48.119910,-2.148153,0.040681,-0.954429
150469337704701,48.129911,-2.315361,0.202909,-1.246147
150469347705545,48.139912,-2.506098,0.418396,-1.465278
150469357706231,48.149912,-2.126086,0.425963,-1.357546
150469367707072,48.159913,-1.48574,0.630521,-1.37771
150469377707979,48.169914,-1.101789,0.612315,-1.36089
150469387708902,48.179915,-0.906446,0.336097,-1.223386
150469397709594,48.189916,-0.291682,-0.008802,-0.97125
150469407710440,48.199916,0.733305,-0.193288,-0.599297
150469417711139,48.209917,1.381558,-0.149447,-0.268892
150469427712062,48.219918,1.871335,0.178462,-0.198992
150469437712906,48.229919,2.189585,0.519296,-0.307887
150469447713815,48.239920,1.606656,0.636734,-0.631553
150469457714519,48.249921,0.650528,0.367098,-0.660635
150469467715365,48.259921,-0.166141,0.046178,-0.298815
150469477716286,48.269922,-0.141266,0.114261,0.236458
150469487716969,48.279923,0.575548,0.330307,0.656164
150469497717830,48.289924,0.950465,0.779102,0.569887
150469507718527,48.299925,0.588919,1.095368,0.082495
150469517719461,48.309925,-0.496437,1.204309,-0.591764
150469527720317,48.319926,-1.645439,0.915233,-1.005161
150469537721238,48.329927,-2.365654,0.325682,-0.95066
150469547721945,48.339928,-2.606707,0.337763,-0.958777
150469557722793,48.349929,-1.808797,0.753464,-0.906409
150469567723700,48.359930,-0.86947,1.02036,-1.106889
150469577724392,48.369930,-0.49647,0.806397,-1.371067
150469587725225,48.379931,-0.568361,0.530704,-1.717961
150469597726151,48.389932,-0.284529,0.054887,-1.666019
150469607726832,48.399933,0.232027,-0.343078,-1.454466
150469617727678,48.409934,0.860621,-0.213858,-1.193663
150469627728370,48.419934,1.30516,0.144989,-0.939837
150469637729283,48.429935,1.900353,0.120633,-0.565755
150469647730130,48.439936,2.141535,-0.129942,-0.320889
150469657731046,48.449937,1.518938,-0.146432,-0.245047
150469667731738,48.459938,0.779603,-0.013411,-0.282432
150469677732663,48.469939,0.863276,0.02649,-0.303275
150469687733502,48.479940,0.674615,0.118506,-0.246108
150469697734188,48.489940,0.222824,-0.08364,0.062781
150469707735034,48.499941,0.147455,-0.243131,0.347944
150469717735735,48.509942,0.121382,0.025887,0.275411
150469727736644,48.519943,-0.37564,0.496637,-0.441818
150469737737504,48.529944,-1.576443,0.77376,-1.185268
150469747738426,48.539944,-2.243305,0.794241,-1.641514
150469757739133,48.549945,-2.809262,0.466513,-1.607091
150469767739976,48.559946,-3.605313,0.586672,-2.280187
150469777740907,48.569947,-3.244598,-0.016063,-2.118297
150469787741599,48.579948,-1.561706,-0.239136,-1.519306
150469797742520,48.589949,-0.220765,0.447374,-1.312774
150469807743364,48.599949,0.876416,0.936832,-1.244777
150469817744060,48.609950,1.182594,0.687024,-1.460436
150469827744908,48.619951,0.550235,0.345707,-1.83801
150469837745587,48.629952,-0.252957,0.01115,-1.549098
150469847746510,48.639953,-0.317346,0.036904,-1.49077
150469857747361,48.649953,0.184522,0.181288,-1.042008
150469867748282,48.659954,0.404104,0.352517,-0.520006
150469877748978,48.669955,0.722136,0.41942,-0.279087
150469887749817,48.679956,0.733908,0.063591,-0.023201
150469897750524,48.689957,1.346755,-0.439927,0.373554
150469907751370,48.699957,2.164158,-0.514472,0.611582
150469917752291,48.709958,2.140725,-0.242132,0.510623
150469927753214,48.719959,1.384407,0.218097,0.139889
150469937753892,48.729960,0.177891,0.340408,-0.265435
150469947754736,48.739961,-1.330459,0.709465,-0.798269
150469957755676,48.749962,-2.111382,0.901008,-1.149487
150469967756298,48.759962,-3.087018,0.783484,-1.618887
150469977757224,48.769963,-3.251058,0.417783,-1.705869
150469987757914,48.779964,-2.134778,0.595834,-1.167676
150469997758837,48.789965,-0.415568,0.721463,-0.511964
150470007759700,48.799966,0.465047,0.509731,-0.248666
150470017760399,48.809966,1.304849,0.176877,0.031824
150470027761316,48.819967,2.147283,0.136651,-0.075537
150470037762160,48.829968,2.149555,0.470171,-0.587314
150470047762855,48.839969,1.168253,0.434205,-0.958325
150470057763774,48.849970,0.081048,0.20624,-1.023377
150470067764636,48.859971,-0.389403,0.127449,-0.888734
150470077765559,48.869972,-0.249973,0.107716,-0.454535
150470087766254,48.879972,0.469746,0.079194,-0.151895
150470097767098,48.889973,1.092004,0.289334,-0.103342
150470107767802,48.899974,1.071119,0.452165,-0.274565
150470117768638,48.909975,0.509449,0.221776,-0.281133
150470127769317,48.919975,0.41685,-0.160766,-0.074842
150470137770231,48.929976,0.272467,-0.239451,0.216654
150470147771152,48.939977,0.23853,0.087017,0.305278
150470157771998,48.949978,-0.499372,0.613857,-0.035498
150470167772690,48.959979,-1.336748,0.805666,-0.521126
150470177773536,48.969980,-1.868801,0.491296,-0.738689
150470187774217,48.979980,-1.622706,0.073051,-0.806268
150470197775067,48.989981,-1.239617,0.001309,-0.703762
150470207775990,48.999982,-0.747302,0.160846,-0.494823
150470217776677,49.009983,-0.388216,0.356409,-0.383559
150470227777586,49.019984,0.197802,0.289451,-0.479944
150470237778426,49.029984,0.420828,0.333179,-0.655564
150470247779118,49.039985,0.082904,0.687839,-1.07087
150470257779961,49.049986,0.03899,0.780055,-1.310738
150470267780669,49.059987,-0.746735,0.860781,-1.276575
150470277781592,49.069988,-0.78225,0.862811,-1.03226
150470287782524,49.079989,-0.416889,0.351446,-0.270832
150470297783368,49.089989,0.29076,-0.044494,0.502191
150470307784065,49.099990,1.226037,0.021532,0.638016
150470317784913,49.109991,2.189899,-0.092887,0.770368
150470327785843,49.119992,2.541401,-0.218267,0.550013
150470337786538,49.129993,2.50183,-0.155201,0.261095
150470347787384,49.139993,2.059991,-0.084798,-0.147915
150470357788076,49.149994,1.112805,-0.064259,-0.36115
150470367788999,49.159995,-0.665743,0.276497,-0.666033
150470377789859,49.169996,-1.401115,0.482863,-0.773714
150470387790586,49.179997,-1.822358,0.314473,-0.545842
150470397791509,49.189998,-1.810417,0.108582,0.154901
150470407792353,49.199998,-0.663322,0.011988,0.857566
150470417793046,49.209999,0.757396,-0.332754,1.344386
150470427793909,49.220000,1.849902,-0.652189,1.462291
150470437794815,49.230001,2.532001,-1.044812,1.623558
150470447795526,49.240002,2.648193,-0.908858,1.325812
150470457796379,49.250002,1.381989,-0.532616,0.745296
150470467797291,49.260003,0.24901,-0.486115,0.204662
150470477797969,49.270004,-1.07715,-0.76589,-0.154379
150470487798817,49.280005,-2.019028,-1.114556,-0.208836
150470497799514,49.290006,-1.933009,-1.497626,0.127972
150470507800437,49.300006,-1.24955,-1.605318,0.623592
150470517801267,49.310007,-0.295878,-1.405234,0.763804
150470527801976,49.320008,0.767722,-1.174766,0.595535
150470537802807,49.330009,0.472191,-0.812814,0.171817
150470547803699,49.340010,-0.381237,-0.641556,-0.232051
150470557804607,49.350011,-1.383773,-0.792755,-0.211147
150470567805295,49.360011,-1.495971,-0.885274,0.169541
150470577806141,49.370012,-1.17518,-1.029234,0.663829
150470587806840,49.380013,-0.727538,-1.340714,1.141441
150470597807662,49.390014,0.282047,-1.569588,1.452958
150470607808355,49.400014,0.863351,-1.708053,1.516564
150470617809264,49.410015,1.745935,-1.945347,1.64271
150470627810110,49.420016,2.524326,-1.953055,1.546977
150470637810802,49.430017,2.987203,-1.938316,1.328834
150470647811734,49.440018,2.216277,-1.797682,1.166409
150470657812594,49.450019,1.418299,-1.725442,1.152047
150470667813271,49.460019,0.627552,-1.489667,1.015368
150470677814090,49.470020,0.061139,-1.058429,0.616971
150470687815026,49.480021,-0.439898,-0.636011,0.044606
150470697815705,49.490022,-1.311642,-0.172332,-0.466082
150470707816639,49.500023,-2.036173,-0.034171,-0.799188
150470717817503,49.510024,-2.424783,-0.475647,-0.64574
150470727818195,49.520024,-2.175394,-0.874129,-0.03937
150470737819033,49.530025,-1.211723,-0.893553,0.753332
150470747819954,49.540026,0.456835,-1.049401,1.42459
150470757820633,49.550027,1.633891,-1.255516,1.460467
150470767821476,49.560027,2.743363,-1.513355,1.483608
150470777822192,49.570028,3.144808,-1.249494,0.964273
150470787823052,49.580029,2.351422,-1.076483,0.35879
150470797823973,49.590030,1.170804,-1.148739,0.021895
150470807824678,49.600031,-0.059473,-1.182566,0.015344
150470817825524,49.610032,-0.769136,-1.006568,0.281374
150470827826211,49.620032,-0.427397,-0.947656,0.749587
150470837827134,49.630033,0.173676,-0.882383,0.911603
150470847827981,49.640034,0.571229,-0.942115,0.915945
150470857828673,49.650035,0.977517,-1.094208,1.009375
150470867829519,49.660036,0.955997,-1.337551,1.24904
150470877830440,49.670036,1.112419,-1.411791,1.462468
150470887831133,49.680037,1.275394,-1.248401,1.470074
150470897831976,49.690038,0.946813,-0.956608,1.190387
150470907832911,49.700039,0.293641,-0.719541,0.729653
150470917833605,49.710040,-0.453079,-0.337046,-0.026723
150470927834466,49.720040,-1.206585,-0.077932,-0.573399
150470937835159,49.730041,-1.256959,0.202395,-0.966132
150470947836072,49.740042,-1.481864,0.211233,-1.21888
150470957836979,49.750043,-1.208094,0.005944,-0.985844
150470967837596,49.760044,-0.238892,-0.288513,-0.299052
150470977838509,49.770045,0.848831,-0.366254,0.430661
150470987839111,49.780045,1.789916,-0.309585,0.93621
150470997840034,49.790046,2.665568,-0.239092,1.156166
150471007840899,49.800047,3.546639,-0.189942,1.180131
150471017841605,49.810048,3.705356,-0.30255,1.066854
150471027842543,49.820049,3.740156,-0.567887,1.132883
150471037843390,49.830049,3.694206,-0.736424,1.200932
150471047844067,49.840050,4.01301,-0.350849,1.353894
150471057844918,49.850051,3.947797,0.343674,1.197699
150471067845824,49.860052,2.482702,0.930488,0.641
150471077846502,49.870053,0.778216,1.137242,0.097823
150471087847440,49.880053,-0.850209,1.116617,-0.105809
150471097848285,49.890054,-1.732118,0.761871,0.172478
150471107848977,49.900055,-1.914844,0.694242,0.454616
150471117849819,49.910056,-1.197301,0.793396,0.703152
150471127850512,49.920057,-0.026744,0.836095,0.77556
150471137851360,49.930057,0.83076,0.669045,0.686334
150471147852276,49.940058,1.268463,0.260604,0.680233
150471157852982,49.950059,1.577426,0.066113,0.77078
150471167853846,49.960060,1.393457,-0.216949,0.903369
150471177854752,49.970061,1.058967,-0.687712,1.156597
150471187855459,49.980061,1.02166,-1.131194,1.407048
150471197856290,49.990062,0.905923,-1.259139,1.403107
150471207857213,50.000063,0.240133,-1.139814,0.94991
150471217857845,50.010064,-0.221694,-1.182134,0.496576
150471227858766,50.020065,-0.838519,-1.315031,0.197217
150471237859488,50.030065,-1.215839,-1.377337,0.127068
150471247860349,50.040066,-1.657623,-1.309093,0.033513
150471257861042,50.050067,-1.810908,-1.265102,0.261773
150471267861861,50.060068,-2.049437,-0.805072,-0.021114
150471277862767,50.070069,-2.260686,-0.329241,-0.401982
150471287863464,50.080069,-2.390891,-0.200407,-0.785869
150471297864312,50.090070,-2.771425,-0.328382,-1.054016
150471307865233,50.100071,-2.012268,-1.203288,-0.716284
150471317865931,50.110072,-0.788808,-1.812214,0.193651
150471327866760,50.120073,0.591921,-1.854299,0.980035
150471337867452,50.130073,2.060168,-1.806812,1.634656
150471347868379,50.140074,3.514491,-1.557944,1.753861
150471357869210,50.150075,4.13591,-1.357906,1.24133
150471367869931,50.160076,3.205961,-1.124905,0.362878
150471377870772,50.170077,1.370822,-1.157753,0.0308
150471387871695,50.180078,-0.223152,-0.800385,-0.102823
150471397872388,50.190078,-1.457814,-0.605378,-0.283196
150471407873248,50.200079,-1.834601,-0.820314,0.144728
150471417873926,50.210080,-0.733948,-0.784134,0.655145
150471427874787,50.220081,0.393975,-0.595529,0.751149
150471437875723,50.230082,0.93771,-0.605903,0.516232
150471447876430,50.240082,0.831612,-0.507061,0.360876
150471457877276,50.250083,0.261734,-0.144528,0.358372
150471467877965,50.260084,-0.358536,0.117548,0.442899
150471477878811,50.270085,-1.088178,0.286766,0.448948
150471487879490,50.280085,-1.433658,0.497464,0.330494
150471497880418,50.290086,-1.713415,0.636924,0.059292
150471507881249,50.300087,-1.553036,0.45125,-0.124005
150471517881941,50.310088,-0.800428,-0.018918,-0.089577
150471527882869,50.320089,0.623443,-0.467624,0.324448
150471537883700,50.330090,1.934541,-0.657251,0.77794
150471547884378,50.340090,2.80489,-0.481389,1.012346
150471557885229,50.350091,3.772444,-0.287943,1.041559
150471567886152,50.360092,3.617821,0.133543,0.607607
150471577886829,50.370093,2.187475,0.292072,0.0
150471587887676,50.380094,0.791069,0.199679,-0.200851
150471597888354,50.390094,-0.261408,0.222757,-0.174099
150471607889195,50.400095,-0.975495,0.399229,-0.147245
150471617889889,50.410096,-0.701387,0.217746,0.388214
150471627890731,50.420097,0.383381,-0.018836,0.800433
150471637891657,50.430098,1.376542,-0.179006,1.094402
150471647892349,50.440098,2.193205,-0.475332,1.456463
150471657893197,50.450099,2.742756,-0.467985,1.579582
150471667893904,50.460100,2.164562,-0.336355,1.454445
150471677894827,50.470101,0.73711,-0.264372,1.231324
150471687895687,50.480102,-0.234722,-0.150575,0.891972
150471697896355,50.490102,-1.32915,0.030014,0.196581
150471707897216,50.500103,-2.282553,0.09866,-0.536632
150471717898138,50.510104,-2.713939,-0.087405,-0.897124
150471727898830,50.520105,-2.653051,-0.184228,-1.07077
150471737899680,50.530106,-1.771097,-0.523015,-0.679582
150471747900368,50.540106,-0.493224,-1.130102,0.053087
150471757901293,50.550107,0.608107,-1.553556,0.885821
150471767902132,50.560108,1.842416,-1.723352,1.536944
150471777902819,50.570109,2.750041,-1.714825,1.820127
150471787903665,50.580110,2.461738,-1.337453,1.546741
150471797904583,50.590111,0.943476,-0.965344,0.93741
150471807905276,50.600111,-0.654343,-0.731348,0.296317
150471817905907,50.610112,-1.838333,-0.313643,-0.487602
150471827907064,50.620113,-3.027251,0.014609,-1.223464
150471837907679,50.630114,-3.686669,-0.038073,-1.500362
150471847908360,50.640114,-4.414021,0.087471,-1.50529
150471857909283,50.650115,-3.391138,-0.13189,-1.067548
150471867910141,50.660116,-1.722359,-0.393113,-0.262744
150471877910833,50.670117,-0.186072,-0.534995,0.28969
150471887911766,50.680118,1.402887,-0.641827,0.922146
150471897912616,50.690119,2.412429,-0.446529,1.058358
150471907913228,50.700119,3.296025,-0.534587,1.270589
150471917914228,50.710120,3.440034,-0.6164,1.285446
150471927915079,50.720121,2.735503,-0.589236,1.197945
150471937915776,50.730122,1.881925,-0.501364,1.113814
150471947916614,50.740123,0.994877,-0.345243,0.894579
150471957917324,50.750123,0.437005,-0.299637,0.687036
150471967918175,50.760124,0.098327,-0.328303,0.697159
150471977919088,50.770125,-0.143108,-0.344095,0.731307
150471987919753,50.780126,0.022498,-0.529093,0.816122
150471997920594,50.790127,0.185617,-0.364614,0.834507
150472007921282,50.800127,-0.077301,-0.151259,0.814883
150472017922128,50.810128,-0.52058,-0.025297,0.691174
150472027922830,50.820129,-1.001452,0.048018,0.502471
150472037923748,50.830130,-1.620671,-0.059974,0.250831
150472047924599,50.840131,-2.175421,-0.256697,0.044759
150472057925286,50.850131,-2.294694,-0.275417,-0.101567
150472067926113,50.860132,-1.455574,-0.339435,-0.106189
150472077926806,50.870133,-0.459557,-0.504588,-0.102998
150472087927652,50.880134,0.053997,-0.807169,-0.008651
150472097928344,50.890134,0.443465,-1.154818,0.313346
150472107929267,50.900135,0.706066,-1.357263,0.730263
150472117930118,50.910136,1.047958,-1.425751,1.071872
150472127930806,50.920137,1.663404,-1.535662,1.320934
150472137931657,50.930138,1.914416,-1.301336,1.283015
150472147932363,50.940138,1.513747,-0.968374,1.021745
150472157933300,50.950139,0.604569,-0.65782,0.576136
150472167934147,50.960140,-0.467687,-0.629671,0.24687
150472177934841,50.970141,-1.29908,-0.659678,0.082573
150472187935685,50.980142,-1.687533,-0.508649,0.080549
150472197936636,50.990143,-1.796427,-0.313455,0.25316
150472207937271,51.000143,-1.51804,-0.126275,0.353995
150472217937963,51.010144,-1.152785,-0.066462,0.415739
150472227938867,51.020145,-0.894862,-0.068646,0.454463
150472237939708,51.030146,-0.675036,-0.166179,0.458236
150472247940401,51.040146,-0.444474,-0.144668,0.486233
150472257941247,51.050147,-0.214621,-0.130899,0.544011
150472267942170,51.060148,0.161315,-0.15829,0.579926
150472277942862,51.070149,0.496774,-0.141803,0.560646
150472287943708,51.080150,0.82506,-0.093269,0.396364
150472297944401,51.090150,0.889719,0.097758,0.014938
150472307945238,51.100151,0.781876,0.223773,-0.317238
150472317946161,51.110152,0.709248,0.131801,-0.312783
150472327946853,51.120153,0.838103,-0.050959,-0.099908
150472337947699,51.130154,1.006621,-0.280725,0.248452
150472347948393,51.140154,1.570398,-0.332653,0.595252
150472357949242,51.150155,2.416621,-0.334553,0.734634
150472367949926,51.160156,2.951886,-0.354614,0.80117
150472377950757,51.170157,3.047029,-0.271503,0.732403
150472387951667,51.180158,3.022684,-0.501945,0.856797
150472397952373,51.190158,2.219428,-0.492692,0.815952
150472407953214,51.200159,1.349372,-0.593552,0.927978
150472417953916,51.210160,0.66202,-0.66834,1.022941
150472427954763,51.220161,0.262565,-0.573309,0.992542
150472437955676,51.230162,-0.101668,-0.384103,0.770574
150472447956368,51.240162,-0.464366,-0.274325,0.44137
150472457957209,51.250163,-0.837722,-0.02759,-0.05543
150472467957901,51.260164,-1.532698,0.090857,-0.432964
150472477958752,51.270165,-2.495509,0.24928,-0.776963
150472487959435,51.280165,-3.132404,0.301327,-0.878318
150472497960281,51.290166,-3.109718,0.148219,-0.592453
150472507960973,51.300167,-1.987003,-0.006336,-0.145234
150472517961896,51.310168,-0.749872,-0.00505,0.134669
150472527962742,51.320169,0.476975,0.044397,0.216023
150472537963429,51.330169,1.192687,0.068794,0.132218
150472547964290,51.340170,1.44663,0.048124,-0.056895
150472557964988,51.350171,0.951694,0.052259,-0.249079
150472567965824,51.360172,0.279775,-0.079222,-0.159414
150472577966766,51.370173,0.250463,-0.280977,0.304217
150472587967458,51.380173,0.897795,-0.39173,0.928301
150472597968323,51.390174,1.471376,-0.361218,0.99756
150472607969017,51.400175,1.962851,-0.465045,1.149706
150472617969867,51.410176,2.680835,-0.273418,1.033625
150472627970564,51.420177,2.462587,0.013017,0.554764
150472637971425,51.430177,1.550993,-0.091154,0.350988
150472647972113,51.440178,0.550079,-0.367855,0.486521
150472657973050,51.450179,-0.003973,-0.517976,0.733027
150472667973680,51.460180,-0.165565,-0.441787,0.959126
150472677974600,51.470181,-0.122601,-0.340513,0.968693
150472687975445,51.480181,-0.17438,-0.24688,0.660091
150472697976062,51.490182,-0.63196,-0.063926,0.174137
150472707976983,51.500183,-1.405466,-0.040021,-0.311673
150472717977670,51.510184,-1.975908,-0.10772,-0.572627
150472727978278,51.520184,-2.345389,-0.253553,-0.613839
150472737979416,51.530185,-2.538585,-0.409137,-0.548454
150472747980119,51.540186,-1.863651,-0.253594,-0.292719
150472757980720,51.550187,-0.694957,-0.18289,-0.127303
150472767981552,51.560188,0.148356,-0.186235,-0.195809
150472777982460,51.570188,0.579123,-0.164006,-0.222526
150472787983157,51.580189,0.808942,-0.340781,-0.113489
150472797984005,51.590190,1.212488,-0.563428,0.22193
150472807984926,51.600191,1.388172,-0.4296,0.477286
150472817985529,51.610192,1.5131,-0.414323,0.694797
150472827986221,51.620192,1.881126,-0.586914,0.987809
150472837987067,51.630193,2.056212,-0.457298,1.036102
150472847987974,51.640194,2.306018,-0.34071,0.9886
150472857988592,51.650195,1.660706,-0.255705,0.759557
150472867989513,51.660196,0.935206,-0.151894,0.605972
150472877990436,51.670196,0.21933,-0.106608,0.523917
150472887991055,51.680197,-0.378494,-0.100704,0.515248
150472897991739,51.690198,-0.64483,0.1989,0.486065
150472907992585,51.700199,-0.848989,0.32702,0.526932
150472917993288,51.710199,-1.116823,0.255833,0.468312
150472927994134,51.720200,-1.31157,0.263082,0.302866
150472937995041,51.730201,-1.368551,0.324399,0.138345
150472947995734,51.740202,-1.215858,0.373495,-0.023971
150472957996594,51.750203,-0.955571,0.485055,-0.187471
150472967997272,51.760203,-0.661985,0.495668,-0.254404
150472977998113,51.770204,-0.350262,0.299334,-0.083194
150472987998805,51.780205,-0.011513,0.142104,0.134537
150472997999653,51.790206,0.279604,0.02219,0.38888
150473008000345,51.800206,0.749041,-0.078495,0.603328
150473018001206,51.810207,1.257641,-0.148541,0.708645
150473028002146,51.820208,1.748743,-0.248855,0.751785
150473038002834,51.830209,2.095834,-0.404464,0.868287
150473048003675,51.840210,2.093333,-0.436113,0.893927
150473058004367,51.850210,1.837825,-0.356785,0.927619
150473068005291,51.860211,1.272705,-0.137869,0.786686
150473078005906,51.870212,0.36696,0.165884,0.455945
150473088006754,51.880213,-0.60492,0.504545,-0.044264
150473098007422,51.890213,-1.484097,0.681963,-0.512007
150473108008283,51.900214,-1.991853,0.615368,-0.716706
150473118008975,51.910215,-2.515787,0.700393,-0.853767
150473128009821,51.920216,-2.061041,0.553136,-0.633303
150473138010761,51.930217,-1.157843,0.559854,-0.34442
150473148011467,51.940217,-0.165475,0.794175,-0.343763
150473158012322,51.950218,0.707212,0.77843,-0.338783
150473168013014,51.960219,1.028754,0.398088,-0.252716
150473178013875,51.970220,1.128826,0.368516,-0.255964
150473188014553,51.980221,1.238031,0.427631,-0.170175
150473198015375,51.990221,1.220794,0.357748,-0.027124
150473208016057,52.000222,1.315197,0.208233,0.101784
150473218017000,52.010223,1.509069,0.126493,0.31921
150473228017834,52.020224,1.793354,0.199405,0.40495
150473238018527,52.030225,1.479816,0.473882,0.137497
150473248019373,52.040225,0.693979,0.651464,-0.160596
150473258020065,52.050226,-0.209728,0.587078,-0.408256
150473268020930,52.060227,-0.951983,0.485409,-0.48729
150473278021825,52.070228,-1.273104,0.400569,-0.432994
150473288022442,52.080228,-1.394851,0.337919,-0.377048
150473298023134,52.090229,-1.543831,0.325622,-0.417314
150473308024057,52.100230,-1.580738,0.453245,-0.638074
150473318024897,52.110231,-1.834425,0.459738,-0.888338
150473328025585,52.120232,-2.162339,0.253005,-1.174072
150473338026421,52.130232,-2.176651,0.071012,-1.326595
150473348027096,52.140233,-1.552726,-0.13873,-1.095722
150473358027952,52.150234,-0.69078,-0.299312,-0.755754
150473368028652,52.160235,0.251159,-0.450646,-0.303804
150473378029479,52.170235,1.120845,-0.556896,-0.0156
150473388030392,52.180236,1.631437,-0.581657,0.083378
150473398031104,52.190237,2.050654,-0.525275,0.092269
150473408031721,52.200238,1.893103,-0.414506,-0.098687
150473418032644,52.210239,1.451052,-0.685711,0.031119
150473428033483,52.220239,1.310563,-0.945599,0.463046
150473438034186,52.230240,1.63842,-1.006365,1.054679
150473448035027,52.240241,1.66887,-0.921379,1.243745
150473458035659,52.250242,1.829001,-0.739837,0.927717
150473468036582,52.260243,0.968913,-0.556892,0.319717
150473478037275,52.270243,-0.070046,-0.342005,-0.144581
150473488038119,52.280244,-1.185923,-0.340531,-0.276808
150473498038812,52.290245,-1.840402,-0.585785,-0.024022
150473508039658,52.300246,-1.973963,-0.481946,0.192574
150473518040351,52.310246,-1.637697,-0.270724,0.418444
150473528041274,52.320247,-1.241306,-0.153694,0.334145
150473538042123,52.330248,-0.962194,-0.211774,0.039122
150473548042817,52.340249,-0.856182,-0.156649,-0.319357
150473558043678,52.350250,-0.891266,-0.163628,-0.504594
150473568044364,52.360250,-0.8539,-0.253825,-0.391739
150473578045205,52.370251,-0.77213,-0.187,-0.227241
150473588045899,52.380252,-0.361314,-0.070699,-0.031283
150473598046769,52.390253,0.134153,-0.043056,0.077926
150473608047465,52.400253,0.429445,0.002275,0.076785
150473618048390,52.410254,0.505044,0.06442,0.060954
150473628049005,52.420255,0.462871,0.021462,0.150385
150473638049937,52.430256,0.631155,-0.126226,0.360374
150473648050567,52.440257,0.966596,-0.133474,0.554001
150473658051490,52.450257,1.140687,-0.003092,0.57897
150473668052119,52.460258,1.210247,-0.044416,0.616429
150473678053038,52.470259,1.161777,-0.173127,0.606938
150473688053897,52.480260,1.096906,-0.154676,0.507012
150473698054594,52.490261,0.799047,-0.015135,0.289542
150473708055440,52.500261,0.343267,0.128875,0.03442
150473718056131,52.510262,-0.196427,0.256129,-0.224202
150473728056974,52.520263,-0.802867,0.360198,-0.500255
150473738057666,52.530264,-1.266879,0.338627,-0.595625
150473748058514,52.540265,-1.383027,0.280639,-0.511918
150473758059201,52.550265,-1.072951,0.365257,-0.469457
150473768060048,52.560266,-0.620967,0.501743,-0.587427
150473778060738,52.570267,-0.130696,0.491549,-0.672574
150473788061586,52.580268,0.148927,0.456386,-0.746068
150473798062292,52.590268,0.234318,0.373707,-0.633964
150473808063149,52.600269,0.26769,0.212841,-0.355485
150473818064074,52.610270,0.690873,0.016887,0.069598
150473828064662,52.620271,1.158224,-0.125751,0.426718
150473838065340,52.630271,1.301499,-0.171844,0.590449
150473848066269,52.640272,1.628928,-0.070987,0.807657
150473858067103,52.650273,1.730012,-0.074614,0.8977
150473868067781,52.660274,1.534243,-0.021925,0.684501
150473878068627,52.670275,0.826368,0.185044,0.3358
150473888069315,52.680275,0.00357,0.213096,0.148447
150473898070166,52.690276,-0.719418,0.018149,0.145708
150473908070860,52.700277,-1.124164,-0.107381,0.228743
150473918071701,52.710278,-1.023697,-0.032862,0.229689
150473928072380,52.720278,-0.806032,0.126585,0.013772
150473938073229,52.730279,-0.626421,0.15289,-0.337416
150473948073934,52.740280,-0.673018,0.066117,-0.71249
150473958074782,52.750281,-0.772781,-0.058458,-0.967293
150473968075450,52.760281,-1.018015,-0.167511,-1.059783
150473978076370,52.770282,-0.705324,-0.178523,-0.997839
150473988076985,52.780283,-0.295546,-0.323395,-0.795805
150473998077899,52.790284,0.390164,-0.454712,-0.419828
150474008078757,52.800285,1.011495,-0.433526,-0.033899
150474018079450,52.810285,1.44337,-0.433984,0.226159
150474028080281,52.820286,1.723085,-0.410027,0.314528
150474038080954,52.830287,1.638477,-0.488116,0.370055
150474048081814,52.840288,1.394067,-0.566978,0.452014
150474058082512,52.850289,1.03288,-0.566213,0.537508
150474068083353,52.860289,0.454815,-0.437424,0.617501
150474078084050,52.870290,0.136238,-0.363828,0.709944
150474088084668,52.880291,-0.220791,-0.34372,0.719937
150474098085600,52.890292,-0.589729,-0.359023,0.628646
150474108086441,52.900292,-0.917858,-0.39944,0.514433
150474118087119,52.910293,-1.17554,-0.423604,0.396884
150474128087963,52.920294,-1.289706,-0.507925,0.342157
150474138088661,52.930295,-1.087887,-0.632431,0.39081
150474148089507,52.940296,-0.657593,-0.722901,0.470063
150474158090210,52.950296,-0.274163,-0.875887,0.487431
150474168091071,52.960297,0.033138,-1.142686,0.554205
150474178091762,52.970298,0.201813,-1.328074,0.555289
150474188092613,52.980299,0.485369,-1.437741,0.522849
150474198093319,52.990299,0.815892,-1.386012,0.333132
150474208094177,53.000300,0.841662,-1.194672,0.014557
150474218094882,53.010301,0.442708,-0.920268,-0.338941
150474228095730,53.020302,-0.246739,-0.624465,-0.630725
150474238096412,53.030302,-0.873725,-0.464821,-0.666541
150474248097258,53.040303,-1.059269,-0.644114,-0.330438
150474258097942,53.050304,-0.733847,-1.124972,0.305656
150474268098867,53.060305,0.188994,-1.496782,1.072224
150474278099704,53.070306,1.520354,-1.694945,1.704738
150474288100401,53.080306,2.620831,-1.758657,1.835888
150474298101005,53.090307,3.281981,-1.623727,1.612773
150474308101869,53.100308,3.51294,-1.389355,1.227043
150474318102561,53.110309,2.36996,-0.872452,0.554039
150474328103389,53.120309,0.681943,-0.585352,0.078166
150474338104306,53.130310,-0.656697,-0.545976,-0.062635
150474348104998,53.140311,-1.799224,-0.27263,-0.285164
150474358105825,53.150312,-2.384555,-0.212007,-0.239936
150474368106526,53.160313,-2.281267,-0.151145,0.022554
150474378107378,53.170313,-1.313151,-0.101393,0.33053
150474388108056,53.180314,-0.198891,-0.289798,0.570473
150474398108887,53.190315,0.757947,-0.536865,0.775197
150474408109589,53.200316,1.425964,-0.562484,0.913116
150474418110193,53.210316,1.674436,-0.434893,0.837541
150474428111120,53.220317,1.503724,-0.252749,0.597212
150474438111964,53.230318,1.071943,-0.092497,0.339912
150474448112656,53.240319,0.526792,-0.014293,-0.027695
150474458113532,53.250320,0.163262,0.010628,-0.351464
150474468114205,53.260320,0.156847,-0.026776,-0.47045
150474478115051,53.270321,0.509958,-0.102515,-0.462616
150474488115654,53.280322,0.966995,-0.096071,-0.295056
150474498116585,53.290323,1.54203,0.042469,-0.099727
150474508117279,53.300323,1.708781,0.187399,-0.026843
150474518118125,53.310324,1.458367,0.156829,0.019936
150474528118826,53.320325,1.335569,0.021508,0.164758
150474538119662,53.330326,1.293112,-0.154552,0.396798
150474548120340,53.340326,1.314781,-0.189339,0.530065
150474558121186,53.350327,1.493886,-0.090058,0.546714
150474568121878,53.360328,1.439886,-0.089305,0.434922
150474578122722,53.370329,1.031563,-0.153395,0.285302
150474588123426,53.380329,0.469786,-0.0669,0.219492
150474598124282,53.390330,-0.067897,0.080115,0.200412
150474608124975,53.400331,-0.510326,0.232353,0.163359
150474618125821,53.410332,-0.908559,0.259897,0.123042
150474628126498,53.420332,-1.108718,0.092155,0.142793
150474638127346,53.430333,-1.016768,-0.156755,0.239086
150474648128037,53.440334,-0.529165,-0.278386,0.364727
150474658128883,53.450335,0.082449,-0.339894,0.445944
150474668129585,53.460336,0.616294,-0.497412,0.508336
150474678130437,53.470336,0.740732,-0.699955,0.53572
150474688131128,53.480337,0.709201,-0.907038,0.618879
150474698131979,53.490338,0.426723,-1.043816,0.650625
150474708132671,53.500339,-0.041916,-1.042311,0.493867
150474718133517,53.510340,-0.405166,-0.889391,0.16721
150474728134225,53.520340,-0.770128,-0.713462,-0.317344
150474738134842,53.530341,-1.040847,-0.737879,-0.664325
150474748135774,53.540342,-1.044915,-0.86986,-0.843185
150474758136613,53.550343,-0.886689,-0.949595,-0.746743
150474768137306,53.560343,-0.55741,-1.034132,-0.422208
150474778138166,53.570344,-0.0713,-1.055899,0.030146
150474788138846,53.580345,0.543095,-1.029758,0.420061
150474798139690,53.590346,0.88095,-0.921349,0.507175
150474808140308,53.600346,0.585886,-0.82921,0.288811
150474818141243,53.610347,0.826123,-0.867125,0.186573
150474828141935,53.620348,0.514354,-0.730193,-0.015679
150474838142781,53.630349,0.186807,-0.681896,-0.047193
150474848143460,53.640349,-0.025486,-0.681512,0.079185
150474858144316,53.650350,0.01267,-0.687422,0.226816
150474868145008,53.660351,0.094689,-0.62822,0.281757
150474878145854,53.670352,0.075355,-0.611485,0.262131
150474888146541,53.680353,-0.087565,-0.564501,0.205396
150474898147372,53.690353,-0.369671,-0.584199,0.126586
150474908148064,53.700354,-0.624142,-0.560282,0.017824
150474918148687,53.710355,-0.650297,-0.471776,0.021243
150474928149605,53.720356,-0.705807,-0.46392,0.065083
150474938150220,53.730356,-0.830404,-0.522784,0.106827
150474948151129,53.740357,-0.834554,-0.573607,0.12294
150474958151774,53.750358,-0.730138,-0.493778,0.034132
150474968152697,53.760359,-0.819143,-0.326447,-0.186287
150474978153307,53.770359,-1.028163,-0.161835,-0.530768
150474988154153,53.780360,-1.300067,-0.069917,-0.811681
150474998154841,53.790361,-1.426631,-0.080517,-0.942404
150475008155687,53.800362,-1.22205,-0.258334,-0.949932
150475018156364,53.810362,-0.700651,-0.499893,-0.834888
150475028157194,53.820363,0.029383,-0.664093,-0.677029
150475038157884,53.830364,0.88654,-0.742771,-0.502321
150475048158735,53.840365,1.465613,-0.813999,-0.277896
150475058159417,53.850365,1.701916,-0.720386,-0.253983
150475068160273,53.860366,1.668929,-0.63788,-0.341086
150475078160964,53.870367,1.600304,-0.550582,-0.439132
150475088161810,53.880368,1.321934,-0.558743,-0.46435
150475098162502,53.890369,1.055777,-0.520718,-0.361572
150475108163350,53.900369,0.889756,-0.393119,-0.217515
150475118164041,53.910370,0.879528,-0.246612,-0.08314
150475128164887,53.920371,0.853609,-0.113621,0.005563
150475138165564,53.930372,0.705532,-0.064613,0.056324
150475148166401,53.940372,0.476142,-0.059181,0.104529
150475158167094,53.950373,0.339113,0.019433,0.197227
150475168167942,53.960374,0.273921,0.023701,0.351913
150475178168627,53.970375,0.265842,-0.037586,0.482591
150475188169473,53.980375,0.361958,0.02072,0.535396
150475198170110,53.990376,0.376925,0.129745,0.488907
150475208170797,54.000377,0.254339,0.222095,0.332655
150475218171720,54.010378,0.053799,0.239411,0.260501
150475228172554,54.020379,-0.173418,0.273921,0.249314
150475238173202,54.030379,-0.244827,0.365595,0.326288
150475248173885,54.040380,-0.419663,0.421825,0.392501
150475258175032,54.050381,-0.604347,0.27966,0.405403
150475268175661,54.060382,-0.576692,0.221759,0.334817
150475278176369,54.070382,-0.374574,0.324078,0.176566
150475288177215,54.080383,-0.213064,0.335942,-0.04099
150475298177911,54.090384,-0.026671,0.319685,-0.208111
150475308178529,54.100385,0.121208,0.360177,-0.293001
150475318179457,54.110385,0.221812,0.284944,-0.230985
150475328180316,54.120386,0.343948,-0.070742,-0.024114
150475338181008,54.130387,0.725304,-0.428843,0.329476
150475348181635,54.140388,1.454962,-0.588617,0.720972
150475358182558,54.150389,1.986345,-0.493673,0.887091
150475368183168,54.160389,1.995015,-0.33322,0.811431
150475378184014,54.170390,1.756125,-0.226887,0.561582
150475388184940,54.180391,1.622746,-0.399705,0.594656
150475398185563,54.190392,0.912006,-0.060952,0.295616
150475408186239,54.200392,0.144762,0.072029,0.183908
150475418187162,54.210393,-0.419376,0.043983,0.269504
150475428188022,54.220394,-0.568698,-0.013005,0.389448
150475438188656,54.230395,-0.39033,-0.114551,0.418129
150475448189564,54.240396,0.00534,-0.186014,0.376913
150475458190252,54.250396,0.428843,-0.253856,0.318309
150475468190865,54.260397,0.747043,-0.320855,0.223013
150475478191800,54.270398,0.873327,-0.386633,0.198794
150475488192646,54.280399,0.832884,-0.503807,0.21452
150475498193338,54.290399,0.730053,-0.610186,0.293343
150475508194185,54.300400,0.634007,-0.63105,0.277921
150475518194877,54.310401,0.473685,-0.52738,0.10422
150475528195704,54.320402,0.276852,-0.436042,-0.082268
150475538196410,54.330402,-0.017028,-0.329483,-0.268142
150475548197257,54.340403,-0.18317,-0.251952,-0.286772
150475558197949,54.350404,-0.3288,-0.316915,-0.325128
150475568198800,54.360405,-0.460568,-0.487253,-0.115669
150475578199494,54.370405,-0.268384,-0.635273,0.186882
150475588200334,54.380406,0.4061,-0.620656,0.44502
150475598201040,54.390407,0.941014,-0.868562,0.72833
150475608201872,54.400408,0.985688,-0.980891,0.7207
150475618202564,54.410409,0.817904,-0.926539,0.57226
150475628203411,54.420409,0.523489,-0.836009,0.377383
150475638204108,54.430410,0.03099,-0.790525,0.295042
150475648204949,54.440411,-0.557895,-0.716465,0.265512
150475658205627,54.450412,-0.85279,-0.652519,0.293393
150475668206483,54.460412,-0.869197,-0.675972,0.386735
150475678207185,54.470413,-1.009115,-0.73292,0.341836
150475688208031,54.480414,-1.03761,-0.729525,0.301119
150475698208723,54.490415,-0.767574,-0.743296,0.216257
150475708209575,54.500416,-0.561804,-0.86395,0.261791
150475718210262,54.510416,-0.439848,-0.952483,0.361286
150475728211098,54.520417,-0.336986,-0.913643,0.404925
150475738211776,54.530418,-0.318778,-0.906364,0.358705
150475748212623,54.540419,-0.37906,-0.898417,0.240344
150475758213319,54.550419,-0.530797,-0.895697,0.089354
150475768214165,54.560420,-0.583495,-0.925975,0.010371
150475778214849,54.570421,-0.605876,-0.9068,-0.06946
150475788215696,54.580422,-0.539402,-0.834015,-0.144632
150475798216388,54.590422,-0.53112,-0.719824,-0.305437
150475808217324,54.600423,-0.436412,-0.636887,-0.437078
150475818218189,54.610424,-0.442919,-0.562777,-0.509528
150475828218882,54.620425,-0.337545,-0.594497,-0.517478
150475838219497,54.630425,-0.296867,-0.692362,-0.467289
150475848220415,54.640426,-0.167693,-0.694025,-0.440609
150475858221261,54.650427,-0.08479,-0.493569,-0.525578
150475868221969,54.660428,-0.047191,-0.273636,-0.61938
150475878222829,54.670429,0.024848,-0.123799,-0.674446
150475888223511,54.680430,0.02908,0.133794,-0.811295
150475898224362,54.690430,0.086005,0.239446,-0.837935
150475908225065,54.700431,0.05276,0.183184,-0.931208
150475918225940,54.710432,0.474821,-0.087686,-0.697281
150475928226627,54.720433,1.169163,-0.309362,-0.290256
150475938227468,54.730433,2.015909,-0.392807,0.169873
150475948228142,54.740434,2.95886,-0.61646,0.642692
150475958228983,54.750435,3.556294,-0.683141,0.783477
150475968229675,54.760436,3.86573,-0.709708,0.697315
150475978230584,54.770437,4.39777,-0.833776,0.744194
150475988231406,54.780437,4.013701,-0.608098,0.451121
150475998232099,54.790438,3.103216,-0.57826,0.389969
150476008232945,54.800439,2.311049,-0.609172,0.686273
150476018233623,54.810440,2.154839,-0.472218,1.135375
150476028234463,54.820440,2.166955,-0.41079,1.406971
150476038235127,54.830441,1.927452,-0.425233,1.472136
150476048235973,54.840442,1.311756,-0.35233,1.463822
150476058236661,54.850443,0.485768,-0.213298,1.41663
150476068237584,54.860444,-0.385863,-0.120431,1.318293
150476078238416,54.870444,-1.007086,-0.012752,1.356821
150476088239094,54.880445,-1.619059,0.244102,1.32031
150476098239944,54.890446,-2.247348,0.564837,1.197985
150476108240638,54.900447,-2.593529,0.765281,1.156335
150476118241483,54.910447,-2.837297,1.091536,0.939507
150476128242190,54.920448,-2.731279,1.292008,0.728079
150476138243119,54.930449,-2.120885,1.3241,0.4813
150476148243963,54.940450,-1.269952,1.027835,0.356085
150476158244656,54.950451,-0.279329,0.742777,0.450228
150476168245512,54.960452,0.542518,0.578657,0.589813
150476178246204,54.970452,1.060973,0.66086,0.696053
150476188247050,54.980453,1.522145,0.867154,0.709326
150476198247743,54.990454,1.91952,1.076213,0.562635
150476208248668,55.000455,1.903101,1.403821,0.182017
150476218249512,55.010456,1.43888,1.567577,-0.228372
150476228250204,55.020456,0.718058,1.498239,-0.481881
150476238251055,55.030457,0.504092,1.2938,-0.464392
150476248251762,55.040458,0.9375,1.205202,-0.272851
150476258252704,55.050459,1.756928,0.774126,-0.041021
150476268253545,55.060460,2.570222,0.385364,0.027724
150476278254237,55.070460,2.85844,0.253707,-0.406146
150476288255083,55.080461,3.308127,0.151659,-0.702155
150476298255776,55.090462,3.244437,0.035883,-0.84242
150476308256617,55.100463,2.356505,0.316491,-0.717694
150476318257300,55.110463,0.571361,0.38525,-0.110714
150476328258225,55.120464,-1.192359,0.003767,0.853805
150476338259075,55.130465,-2.306641,-0.259128,1.686098
150476348259776,55.140466,-2.369844,-0.274235,2.455311
150476358260622,55.150467,-1.657167,-0.168044,2.621272
150476368261545,55.160468,-0.720493,-0.161613,2.070727
150476378262238,55.170468,-0.234702,-0.033085,0.919648
150476388263098,55.180469,-0.651655,0.077825,-0.24019
150476398263776,55.190470,-1.566427,0.004608,-0.796939
150476408264680,55.200471,-2.32813,-0.190147,-0.733973
150476418265502,55.210472,-2.683239,-0.447487,-0.484933
150476428266204,55.220472,-2.496477,-0.707667,-0.014418
150476438267040,55.230473,-1.8161,-0.958518,0.259766
150476448267718,55.240474,-1.196059,-1.26658,0.132842
150476458268641,55.250475,-0.730909,-1.641183,-0.092336
150476468269487,55.260475,-0.610416,-1.864136,-0.386053
150476478270187,55.270476,-0.68731,-2.049493,-0.753618
150476488271113,55.280477,-1.019138,-2.295289,-0.956821
150476498271954,55.290478,-1.331916,-2.516594,-0.945222
150476508272643,55.300479,-1.63084,-2.674037,-0.751416
150476518273478,55.310479,-1.986647,-2.782369,-0.62768
150476528274401,55.320480,-2.177751,-2.816073,-0.580816
150476538275093,55.330481,-2.221305,-2.789138,-0.630561
150476548275939,55.340482,-2.591134,-2.938176,-0.56047
150476558276849,55.350483,-2.64428,-2.879674,-0.531031
150476568277465,55.360483,-2.638532,-2.899608,-0.412398
150476578278388,55.370484,-3.051015,-2.939285,-0.567497
150476588279088,55.380485,-3.243593,-3.044958,-0.43376
150476598279934,55.390486,-3.414591,-3.032554,-0.381195
150476608280829,55.400487,-3.613014,-3.046386,-0.256282
150476618281539,55.410488,-3.659331,-3.053048,-0.18366
150476628282488,55.420488,-3.547388,-3.021165,-0.055492
150476638283334,55.430489,-3.381046,-2.945328,-0.024626
150476648284023,55.440490,-3.255078,-2.9774,0.036494
150476658284868,55.450491,-3.17638,-2.887929,-0.028593
150476668285569,55.460492,-2.975008,-2.62158,-0.133563
150476678286478,55.470492,-2.821225,-2.357352,-0.266045
150476688287324,55.480493,-2.822791,-2.13486,-0.436499
150476698288247,55.490494,-2.562346,-1.904656,-0.421794
150476708288942,55.500495,-2.049183,-1.6248,-0.299218
150476718289786,55.510496,-1.307824,-1.288555,-0.266446
150476728290487,55.520496,-0.556582,-0.965405,-0.303419
150476738291412,55.530497,0.281249,-0.692254,-0.27156
150476748292271,55.540498,1.07028,-0.478833,-0.147443
150476758293208,55.550499,1.661456,-0.082182,-0.058598
150476768293911,55.560500,2.133635,0.477118,-0.069952
150476778294766,55.570501,2.404734,1.273825,-0.271967
150476788295444,55.580501,2.430393,2.307956,-0.824822
150476798296353,55.590502,1.999642,3.449573,-1.586897
150476808297281,55.600503,1.436386,4.178232,-2.209866
150476818298128,55.610504,0.815336,4.801317,-2.788562
150476828298827,55.620505,0.826661,5.585491,-3.305778
150476838299661,55.630506,0.846898,6.118544,-3.286213
150476848300584,55.640507,0.639252,6.214494,-2.982076
150476858301297,55.650507,0.860522,6.069558,-2.721976
150476868302215,55.660508,1.452854,5.770144,-1.931438
150476878303061,55.670509,2.089374,4.950012,-0.889782
150476888303753,55.680510,2.227804,3.569527,0.27803
150476898304652,55.690511,2.868393,2.629554,1.605871
150476908305507,55.700512,4.014926,1.973402,3.03453
150476918306186,55.710512,5.885517,1.288652,4.531584
150476928307109,55.720513,8.185081,0.684024,5.330261
150476938307945,55.730514,10.091716,0.255012,5.432452
150476948308868,55.740515,11.122209,0.4407,4.575172
150476958309566,55.750516,11.304259,0.961595,3.321347
150476968310503,55.760517,10.296565,1.42882,2.175755
150476978311354,55.770517,8.009087,1.669549,1.436939
150476988312277,55.780518,5.307049,1.649006,1.308638
150476998312964,55.790519,2.915354,1.599077,1.277241
150477008313820,55.800520,0.646974,1.333218,1.349133
150477018314758,55.810521,-1.052852,1.299817,1.198809
150477028315462,55.820521,-2.391706,1.300327,0.870443
150477038316296,55.830522,-3.335598,1.176358,0.307912
150477048317214,55.840523,-3.784357,0.874658,-0.265614
150477058318133,55.850524,-3.978914,0.535,-0.885594
150477068318830,55.860525,-3.886581,0.2036,-1.461677
150477078319667,55.870526,-3.472598,-0.191582,-1.957951
150477088320604,55.880527,-2.850059,-0.543748,-2.347351
150477098321296,55.890527,-2.133957,-0.82651,-2.577736
150477108322214,55.900528,-1.740519,-0.84299,-2.791155
150477118323060,55.910529,-1.630708,-0.827891,-2.833296
150477128323989,55.920530,-1.982332,-0.752446,-2.837805
150477138324693,55.930531,-2.640723,-0.626806,-2.786896
150477148325546,55.940532,-2.816274,-0.555837,-2.429126
150477158326484,55.950532,-3.348304,-0.250278,-2.466429
150477168327411,55.960533,-3.613148,-0.130901,-2.221585
150477178328102,55.970534,-3.358242,0.001976,-1.782848
150477188329037,55.980535,-2.557527,0.187156,-1.313609
150477198329869,55.990536,-1.397937,0.195222,-0.973917
150477208330577,56.000537,-0.149359,0.005821,-0.622007
150477218331510,56.010538,0.853419,-0.089698,-0.41336
150477228332431,56.020538,1.93494,-0.158422,-0.079165
150477238333268,56.030539,2.76928,-0.15147,0.203171
150477248334201,56.040540,3.040015,-0.126745,0.339375
150477258334914,56.050541,2.675838,0.029288,0.301621
150477268335835,56.060542,1.58641,0.269461,0.217585
150477278336758,56.070543,0.55777,0.365445,0.320228
150477288337609,56.080544,-0.060933,0.428846,0.536505
150477298338294,56.090544,-0.385185,0.593748,0.593137
150477308339205,56.100545,-0.425297,0.7475,0.585483
150477318340037,56.110546,-0.287294,0.866808,0.425434
150477328340945,56.120547,-0.325336,1.003774,-0.015567
150477338341868,56.130548,-0.71957,1.061993,-0.522101
150477348342553,56.140549,-1.027914,0.98065,-0.780367
150477358343474,56.150549,-1.3146,1.044896,-0.946369
150477368344383,56.160550,-1.476677,1.199106,-1.02336
150477378345220,56.170551,-1.607374,1.285591,-1.081667
150477388346147,56.180552,-1.590785,1.314495,-1.130896
150477398346820,56.190553,-1.441485,1.324148,-1.213888
150477408347758,56.200554,-1.21028,1.331788,-1.309811
150477418348590,56.210555,-0.92747,1.176443,-1.244033
150477428349504,56.220556,-0.476224,0.845669,-0.972607
150477438350426,56.230556,-0.054555,0.732804,-0.725445
150477448351121,56.240557,0.329829,0.776169,-0.557707
150477458352042,56.250558,0.787256,0.708501,-0.422654
150477468352878,56.260559,1.264979,0.561183,-0.36475
150477478353816,56.270560,1.563618,0.439027,-0.292398
150477488354739,56.280561,1.634254,0.426038,-0.159661
150477498355428,56.290561,1.562037,0.424776,0.108864
150477508356349,56.300562,1.390175,0.290985,0.367661
150477518357181,56.310563,1.117859,0.287258,0.505869
150477528358104,56.320564,0.666455,0.504494,0.481719
150477538359012,56.330565,-0.037074,0.60287,0.376021
150477548359731,56.340566,-0.706573,0.592361,0.241226
150477558360662,56.350567,-1.353963,0.541908,0.099337
150477568361604,56.360568,-1.826109,0.572988,0.040402
150477578362445,56.370568,-2.049169,0.629692,-0.052065
150477588363396,56.380569,-2.037437,0.535511,-0.086044
150477598364091,56.390570,-1.91373,0.421086,-0.183854
150477608365012,56.400571,-1.693479,0.479447,-0.44931
150477618365950,56.410572,-1.512499,0.548543,-0.787818
150477628366873,56.420573,-1.415121,0.532437,-1.155624
150477638367718,56.430574,-1.660173,0.422462,-1.499194
150477648368656,56.440575,-1.927671,0.330182,-1.635694
150477658369336,56.450575,-1.828736,0.199105,-1.41123
150477668370272,56.460576,-1.576819,0.050933,-1.077989
150477678371190,56.470577,-1.21252,0.03304,-0.921344
150477688372065,56.480578,-0.80297,0.040442,-0.837429
150477698372973,56.490579,-0.510478,0.024134,-0.871183
150477708373925,56.500580,-0.377255,0.058332,-0.922079
150477718374829,56.510581,-0.50056,0.182336,-1.039277
150477728375507,56.520582,-0.673891,0.28636,-1.087196
150477738376430,56.530582,-0.780909,0.287308,-1.101902
150477748377281,56.540583,-0.777385,0.322963,-1.095116
150477758378175,56.550584,-0.538248,0.382344,-1.10349
150477768379117,56.560585,-0.389565,0.468935,-1.191246
150477778380021,56.570586,-0.252057,0.41678,-1.211548
150477788380715,56.580587,-0.098522,0.357021,-1.162842
150477798381637,56.590588,-0.109255,0.397878,-1.123605
150477808382560,56.600589,-0.185359,0.42658,-1.033067
150477818383392,56.610589,-0.290522,0.521009,-1.045611
150477828384315,56.620590,-0.424808,0.656062,-1.170768
150477838385233,56.630591,-0.670672,0.701024,-1.262306
150477848386161,56.640592,-0.82852,0.727314,-1.18317
150477858386839,56.650593,-0.821583,0.824873,-1.146241
150477868387791,56.660594,-0.53432,0.905025,-1.115575
150477878388623,56.670595,-0.352344,0.888008,-0.864481
150477888389546,56.680596,0.161527,0.657661,-0.670014
150477898390483,56.690596,0.545705,0.430627,-0.451661
150477908391406,56.700597,0.63686,0.318439,-0.354123
150477918392110,56.710598,1.09723,0.453624,-0.164704
150477928393031,56.720599,1.054298,0.656026,-0.348799
150477938393983,56.730600,0.327569,0.444837,-0.579142
150477948394887,56.740601,-0.346778,0.310672,-0.662059
150477958395738,56.750602,-0.762125,0.292821,-0.623408
150477968396661,56.760603,-0.888748,0.198992,-0.464769
150477978397589,56.770604,-0.599107,0.016607,-0.282076
150477988398512,56.780605,-0.085091,-0.035709,-0.207796
150477998399444,56.790605,0.32869,-0.063003,-0.255973
150478008400137,56.800606,0.306097,-0.064576,-0.418232
150478018401041,56.810607,-0.199039,0.10639,-0.676651
150478028401959,56.820608,-0.902997,0.146426,-0.890936
150478038402810,56.830609,-1.400709,0.057193,-1.065384
150478048403704,56.840610,-1.842047,0.199628,-1.334592
150478058404627,56.850611,-2.191045,0.352213,-1.519124
150478068405540,56.860612,-2.476286,0.244149,-1.575307
150478078406240,56.870612,-2.152854,0.044359,-1.464562
150478088407163,56.880613,-1.436192,-0.117514,-1.219258
150478098408070,56.890614,-0.684052,-0.195387,-0.933393
150478108408993,56.900615,-0.164672,-0.035453,-0.809427
150478118409901,56.910616,0.202039,0.070342,-0.702997
150478128410752,56.920617,0.342871,0.135728,-0.669858
150478138411675,56.930618,0.299513,0.198799,-0.707473
150478148412617,56.940619,0.003463,0.139369,-0.626227
150478158413288,56.950619,-0.154619,-0.105782,-0.321013
150478168414214,56.960620,-0.045014,-0.148025,-0.014985
150478178415153,56.970621,0.255213,-0.104205,0.174379
150478188416074,56.980622,0.52638,-0.150522,0.288497
150478198417032,56.990623,0.523459,0.014773,0.209017
150478208417955,57.000624,0.626853,0.338198,0.002538
150478218418796,57.010625,-0.030411,0.397389,-0.290642
150478228419738,57.020626,-0.803692,0.415614,-0.457878
150478238420657,57.030627,-1.47208,0.595024,-0.479917
150478248421580,57.040628,-1.56863,0.562281,-0.215232
150478258422508,57.050629,-1.290197,0.403048,0.135061
150478268423202,57.060629,-0.711773,0.31518,0.406673
150478278424113,57.070630,0.005742,0.066174,0.547689
150478288425036,57.080631,0.528203,-0.016028,0.382167
150478298425945,57.090632,0.715535,0.171049,8.62E-4
150478308426869,57.100633,0.368833,0.214502,-0.278741
150478318427715,57.110634,-0.349034,0.227345,-0.442853
150478328428715,57.120635,-1.026138,0.329385,-0.51049
150478338429570,57.130636,-1.21208,0.246073,-0.36603
150478348430493,57.140636,-0.987063,0.055194,-0.192567
150478358431388,57.150637,-0.401743,0.058626,-0.129889
150478368432296,57.160638,0.205352,0.020778,-0.143848
150478378433199,57.170639,0.539458,0.00405,-0.375453
150478388433906,57.180640,0.49389,0.190711,-0.668424
150478398435056,57.190641,-0.006151,0.250038,-0.939184
150478408435754,57.200642,-0.744836,0.165448,-1.108642
150478418436675,57.210643,-1.161508,0.123169,-0.981587
150478428437598,57.220644,-0.955345,-0.096831,-0.593101
150478438438512,57.230645,-0.204247,-0.289415,-0.179071
150478448439435,57.240645,0.693704,-0.209058,-0.03172
150478458440372,57.250646,1.181645,-0.158292,-0.123478
150478468441295,57.260647,1.08113,0.129559,-0.451156
150478478442156,57.270648,0.618789,0.533608,-0.938571
150478488443065,57.280649,-0.180585,0.538354,-1.24839
150478498443974,57.290650,-0.880953,0.567704,-1.349708
150478508444897,57.300651,-1.308534,0.544052,-1.061363
150478518445815,57.310652,-1.061268,0.232816,-0.346424
150478528446752,57.320653,-0.141355,0.02851,0.379386
150478538447690,57.330654,1.069628,0.055181,0.604397
150478548448385,57.340654,1.750753,-0.070039,0.547414
150478558449313,57.350655,1.946151,0.146588,0.298889
150478568450446,57.360656,1.799745,0.4107,-0.073093
150478578451145,57.370657,0.964041,0.475855,-0.309772
150478588452066,57.380658,-0.075656,0.579547,-0.306163
150478598452989,57.390659,-1.047888,0.574646,-0.101412
150478608453914,57.400660,-1.556782,0.263032,0.322356
150478618454835,57.410661,-1.352205,-0.029512,0.738598
150478628455758,57.420662,-0.367864,0.03757,0.817108
150478638456695,57.430663,0.582117,6.64E-4,0.686084
150478648457619,57.440664,0.730959,-0.021524,0.303719
150478658458465,57.450664,0.021495,0.232244,-0.224911
150478668459465,57.460665,-1.052864,0.452546,-0.682145
150478678460388,57.470666,-1.992992,0.470827,-0.93006
150478688461234,57.480667,-2.505153,0.198081,-0.958842
150478698462166,57.490668,-2.647587,-0.08588,-0.67522
150478708463103,57.500669,-1.992497,-0.170741,-0.28279
150478718464026,57.510670,-0.886239,0.024921,-0.164172
150478728464935,57.520671,0.122668,0.155947,-0.270818
150478738465863,57.530672,0.357346,0.244407,-0.645356
150478748466786,57.540673,0.046321,0.365608,-1.030924
150478758467704,57.550674,-0.403095,0.363268,-1.217125
150478768468627,57.560675,-0.770127,0.360153,-1.15494
150478778469565,57.570676,-0.819353,0.222211,-0.630859
150478788470488,57.580676,-0.151871,0.148225,-0.048781
150478798471411,57.590677,0.454414,0.280233,0.2349
150478808472315,57.600678,0.950716,0.521032,0.309611
150478818472990,57.610679,1.844287,0.384773,0.402664
150478828473923,57.620680,2.284904,0.66186,0.055027
150478838475075,57.630681,2.195613,1.035761,-0.397091
150478848475998,57.640682,1.29439,1.009242,-0.472834
150478858476682,57.650683,0.342304,0.830896,-0.141911
150478868477600,57.660684,-0.089812,0.612713,0.459684
150478878478523,57.670685,-0.141206,0.572239,1.047716
150478888479459,57.680685,0.216506,0.786187,1.234939
150478898480382,57.690686,0.360105,0.820595,0.99779
150478908481321,57.700687,-0.041889,0.705109,0.339344
150478918482243,57.710688,-0.74767,0.675805,-0.360513
150478928483156,57.720689,-1.314692,0.656993,-0.830059
150478938484079,57.730690,-1.764924,0.533947,-1.047519
150478948484998,57.740691,-1.949215,0.325784,-1.100593
150478958485921,57.750692,-1.758527,0.13238,-0.930248
150478968486829,57.760693,-0.949106,0.001166,-0.562917
150478978487766,57.770694,-0.091783,-0.099538,-0.234639
150478988488699,57.780695,0.522686,-0.135939,-0.147202
150478998489622,57.790696,0.798983,-0.077738,-0.326269
150479008490546,57.800697,0.378804,0.082409,-0.754363
150479018491474,57.810697,-0.366636,0.179159,-1.103683
150479028492397,57.820698,-1.232884,0.15836,-1.183222
150479038493320,57.830699,-1.594341,-0.022028,-0.910709
150479048494243,57.840700,-1.269902,-0.124768,-0.489075
150479058495147,57.850701,-0.520387,-0.048959,-0.21447
150479068496065,57.860702,0.141763,0.003558,-0.127557
150479078497003,57.870703,0.384885,-0.084204,-0.227053
150479088497912,57.880704,0.275096,-0.088154,-0.400297
150479098498830,57.890705,-0.148488,0.056064,-0.592936
150479108499754,57.900706,-0.846776,0.209107,-0.729432
150479118500609,57.910707,-1.342974,0.215001,-0.67998
150479128501595,57.920708,-1.417533,0.098924,-0.380479
150479138502532,57.930709,-1.172239,-0.074376,0.019356
150479148503364,57.940709,-0.46072,-0.137264,0.454227
150479158504287,57.950710,0.384678,-0.042166,0.61093
150479168505282,57.960711,0.788665,0.107935,0.355522
150479178506205,57.970712,0.533439,0.215842,6.45E-4
150479188507128,57.980713,-0.150009,0.298719,-0.266249
150479198507969,57.990714,-0.976028,0.23176,-0.35032
150479208508984,58.000715,-1.348326,0.032466,-0.133331
150479218509907,58.010716,-1.183109,0.11305,0.036455
150479228510835,58.020717,-0.694021,0.257111,0.011674
150479238511667,58.030718,-0.321466,0.27389,-0.149488
150479248512595,58.040719,-0.257928,0.232546,-0.382487
150479258513513,58.050720,-0.497814,0.268357,-0.577645
150479268514436,58.060720,-0.854499,0.337402,-0.658169
150479278515450,58.070721,-0.873132,0.230923,-0.457696
150479288516296,58.080722,-0.503481,-0.045542,-0.098329
150479298517201,58.090723,0.208129,-0.218468,0.36375
150479308518124,58.100724,0.849379,-0.31167,0.749984
150479318519033,58.110725,1.020245,-0.332478,0.833596
150479328519970,58.120726,1.029603,-0.054251,0.464322
150479338520907,58.130727,0.846665,0.147442,0.115902
150479348521835,58.140728,-0.224738,0.523113,-0.50318
150479358522753,58.150729,-1.536201,0.581141,-0.826514
150479368523686,58.160730,-2.42929,0.368162,-0.779763
150479378524609,58.170731,-2.922322,0.658362,-0.925846
150479388525527,58.180732,-2.885697,0.781868,-0.799643
150479398526437,58.190732,-2.138674,0.733376,-0.570986
150479408527364,58.200733,-1.293179,0.722623,-0.567668
150479418528282,58.210734,-0.524135,0.717579,-0.674408
150479428529205,58.220735,-0.069348,0.741692,-0.840391
150479438530138,58.230736,0.123313,0.637082,-0.867406
150479448531061,58.240737,0.142809,0.237678,-0.566511
150479458532007,58.250738,0.143805,-0.005789,-0.252307
150479468532930,58.260739,0.562605,-0.110219,0.15615
150479478533853,58.270740,1.16634,0.062621,0.32386
150479488534785,58.280741,1.740105,0.218324,0.380547
150479498535709,58.290742,1.930435,0.61121,0.091013
150479508536619,58.300743,1.059714,1.19081,-0.54271
150479518537542,58.310744,-0.364115,1.243213,-0.93969
150479528538465,58.320744,-1.552436,0.985424,-0.924402
150479538539383,58.330745,-1.848807,0.834065,-0.574236
150479548540306,58.340746,-1.071723,0.735887,0.024436
150479558541224,58.350747,0.223366,0.616234,0.472906
150479568542147,58.360748,1.437305,0.578838,0.550936
150479578543084,58.370749,1.61513,0.808875,0.202001
150479588543993,58.380750,1.619677,1.028206,0.028168
150479598544917,58.390751,0.323525,1.129455,-0.303897
150479608545845,58.400752,-0.881816,0.760151,-0.200467
150479618546753,58.410753,-1.455636,0.563415,0.157054
150479628547652,58.420754,-0.826344,0.584033,0.594187
150479638548575,58.430755,0.34775,0.668254,0.748608
150479648549498,58.440755,1.239152,0.712881,0.459055
150479658550183,58.450756,1.323337,0.854591,-0.175186
150479668551106,58.460757,0.678335,0.907132,-0.695388
150479678552248,58.470758,-0.144053,0.62702,-0.812716
150479688553171,58.480759,-0.521776,0.337844,-0.503064
150479698554100,58.490760,-0.241816,0.211701,-0.035228
150479708555028,58.500761,0.333773,0.165351,0.350673
150479718555946,58.510762,0.798741,0.199612,0.449615
150479728556638,58.520763,0.401306,0.453989,0.175516
150479738557806,58.530764,-0.146765,0.770226,-0.269519
150479748558498,58.540764,-1.107005,0.955203,-0.605326
150479758559426,58.550765,-1.793216,0.749139,-0.51195
150479768560349,58.560766,-1.838281,0.46896,-0.017688
150479778561503,58.570768,-0.986585,0.401215,0.52837
150479788562198,58.580768,0.225452,0.391282,0.791932
150479798563124,58.590769,1.008777,0.352162,0.839813
150479808564066,58.600770,0.850852,0.591139,0.541733
150479818564994,58.610771,0.873565,0.748478,0.362984
150479828565921,58.620772,-0.025583,0.786343,0.053387
150479838566844,58.630773,-0.765771,0.533681,0.100648
150479848567785,58.640774,-1.056943,0.232019,0.360366
150479858568718,58.650775,-0.834563,0.067471,0.620443
150479868569636,58.660776,-0.212655,0.038699,0.77146
150479878570555,58.670777,0.250494,0.041656,0.598733
150479888571478,58.680777,0.191421,0.143238,0.067863
150479898572411,58.690778,-0.531999,0.31451,-0.517606
150479908573334,58.700779,-1.343625,0.217093,-0.757789
150479918574247,58.710780,-1.94449,0.103685,-0.715223
150479928575170,58.720781,-2.24622,-2.64E-4,-0.463303
150479938576012,58.730782,-2.2078,0.017518,-0.219787
150479948577027,58.740783,-1.257714,-0.062142,0.143972
150479958577955,58.750784,-0.278363,0.126178,0.209425
150479968578806,58.760785,0.355256,0.431363,-0.054153
150479978579720,58.770786,0.412043,0.424864,-0.231003
150479988580643,58.780787,0.061234,0.153338,-0.108567
150479998581566,58.790788,-0.111191,0.022393,0.271906
150480008582484,58.800788,-0.153257,0.104254,0.596221
150480018583421,58.810789,0.222129,0.141709,0.959079
150480028584340,58.820790,0.597145,0.289119,0.968133
150480038585234,58.830791,0.620397,0.608799,0.683051
150480048586152,58.840792,0.264435,0.830015,0.361257
150480058587065,58.850793,-0.439431,0.713418,0.243148
150480068587989,58.860794,-1.002333,0.571191,0.366189
150480078588903,58.870795,-1.087843,0.55209,0.606086
150480088589830,58.880796,-0.792793,0.628444,0.778695
150480098590749,58.890797,-0.368824,0.779244,0.69772
150480108591441,58.900797,-0.212002,0.934565,0.371192
150480118592609,58.910799,-0.433798,1.071405,0.045864
150480128593303,58.920799,-0.91679,1.018708,-0.136024
150480138594227,58.930800,-1.408736,0.843574,-0.159203
150480148595131,58.940801,-1.54971,0.689065,0.016544
150480158596052,58.950802,-1.263313,0.683951,0.208108
150480168596989,58.960803,-0.834264,0.714931,0.23202
150480178597912,58.970804,-0.473934,0.822565,0.027858
150480188598821,58.980805,-0.457246,1.021255,-0.346185
150480198599744,58.990806,-0.840074,1.083926,-0.590369
150480208600681,59.000807,-1.209957,0.771589,-0.502722
150480218601594,59.010808,-1.09055,0.31021,-0.098488
150480228602440,59.020808,-0.107822,0.074734,0.58447
150480238603456,59.030809,0.962477,0.005252,1.001136
150480248604282,59.040810,1.08025,0.182313,0.779989
150480258605220,59.050811,1.792645,0.18534,1.0944
150480268606128,59.060812,1.991132,0.607692,0.986483
150480278607056,59.070813,1.122695,0.709132,0.662191
150480288607993,59.080814,-0.235915,0.256225,0.652181
150480298608887,59.090815,-1.154861,0.007757,0.902611
150480308609805,59.100816,-1.169986,0.19377,1.297944
150480318610728,59.110817,-0.480458,0.415047,1.574312
150480328611651,59.120818,0.129843,0.513894,1.477619
150480338612555,59.130819,-0.028635,0.641367,1.271032
150480348613249,59.140819,-0.487494,0.533083,1.160378
150480358614201,59.150820,-1.192111,0.262194,1.145205
150480368615122,59.160821,-1.407706,-0.146236,1.196695
150480378616045,59.170822,-1.318815,-0.316437,1.207973
150480388616968,59.180823,-0.776076,-0.24483,1.187686
150480398617922,59.190824,-0.150294,-0.092928,1.110781
150480408618830,59.200825,0.040927,0.135984,0.733878
150480418619743,59.210826,-0.533633,0.32496,0.244828
150480428620594,59.220827,-1.364268,0.294653,-0.174246
150480438621517,59.230828,-1.726158,0.02619,-0.198911
150480448622517,59.240829,-2.185547,-0.011434,-0.183361
150480458623348,59.250829,-2.492759,-0.015834,0.060629
150480468624287,59.260830,-2.060319,-0.022515,0.305643
150480478625200,59.270831,-0.98469,0.259284,0.325343
150480488626123,59.280832,-0.189539,0.493215,0.140208
150480498627061,59.290833,0.251238,0.215569,0.012964
150480508627984,59.300834,0.18882,-0.132917,0.077502
150480518628898,59.310835,0.163538,-0.302138,0.221097
150480528629577,59.320836,0.390931,-0.319398,0.574864
150480538630498,59.330836,0.862997,-0.129712,0.655348
150480548631423,59.340837,1.059969,0.186796,0.460408
150480558632359,59.350838,0.721277,0.515673,0.204295
150480568633267,59.360839,-0.145698,0.724336,-0.058269
150480578634206,59.370840,-1.247372,0.738847,-0.126167
150480588635129,59.380841,-2.048332,0.531205,0.080972
150480598635965,59.390842,-2.223868,0.368841,0.426556
150480608636888,59.400843,-1.4583,0.293742,0.810218
150480618637825,59.410844,-0.402356,0.460773,0.913529
150480628638748,59.420845,0.243412,0.710155,0.685376
150480638639667,59.430846,0.390563,0.860016,0.364108
150480648640590,59.440847,-0.093873,0.747916,0.230685
150480658641508,59.450848,-0.853968,0.672221,0.226785
150480668642436,59.460848,-1.440776,0.901057,0.206996
150480678643126,59.470849,-1.821137,1.127871,0.210667
150480688644061,59.480850,-2.033413,1.257568,0.078031
150480698644984,59.490851,-2.062069,1.371499,-0.031366
150480708645912,59.500852,-1.834107,1.174225,0.059162
150480718646840,59.510853,-1.235502,0.67426,0.414857
150480728647734,59.520854,-0.128076,0.289887,0.772527
150480738648576,59.530855,1.048731,0.197826,0.891719
150480748649499,59.540855,1.847116,0.454213,0.729031
150480758650412,59.550856,2.511786,0.629828,0.706414
150480768651350,59.560857,2.529863,0.779497,0.524155
150480778652277,59.570858,1.754892,0.59392,0.483858
150480788653200,59.580859,0.875539,0.090044,0.784429
150480798653880,59.590860,0.439478,-0.102399,1.102695
150480808654801,59.600861,0.644507,0.096584,1.244267
150480818655719,59.610862,0.910518,0.427426,1.12023
150480828656657,59.620863,0.457976,0.905755,0.623007
150480838657503,59.630864,-0.655097,1.328796,0.108761
150480848658502,59.640865,-1.842243,1.222988,-0.062796
150480858659348,59.650865,-2.742704,0.618241,0.218834
150480868660271,59.660866,-3.18223,0.449413,0.416439
150480878661190,59.670867,-2.646853,0.447003,0.838123
150480888662103,59.680868,-1.214003,0.565386,1.0475
150480898663021,59.690869,0.122741,0.813279,0.766911
150480908663959,59.700870,0.632578,0.968026,0.278424
150480918664644,59.710871,0.182704,1.018003,-0.20765
150480928665584,59.720872,-0.7273,0.715591,-0.291851
150480938666504,59.730873,-1.368335,0.41545,0.018473
150480948667334,59.740873,-1.393403,0.384595,0.431761
150480958668338,59.750874,-0.663654,0.467035,0.91223
150480968669199,59.760875,0.383337,0.527394,1.22555
150480978670128,59.770876,1.259902,0.467579,1.248467
150480988671051,59.780877,1.322327,0.564465,0.906516
150480998671979,59.790878,1.688213,0.612297,0.891375
150481008672902,59.800879,1.296729,0.844486,0.70833
150481018673601,59.810880,0.494764,0.930163,0.754652
150481028674510,59.820881,-0.239418,1.014106,0.936464
150481038675431,59.830881,-0.691477,1.179799,1.108196
150481048676359,59.840882,-0.647447,1.12987,1.294608
150481058677287,59.850883,-0.446947,0.976021,1.359201
150481068678128,59.860884,-0.093035,0.92592,1.229774
150481078679037,59.870885,0.179554,0.958811,1.029982
150481088679989,59.880886,0.003161,1.095686,0.676782
150481098680673,59.890887,-0.484185,1.32356,0.352319
150481108681587,59.900888,-1.127656,1.445617,0.193249
150481118682523,59.910889,-1.674422,1.335942,0.145254
150481128683448,59.920889,-1.902169,1.184005,0.183094
150481138684383,59.930890,-1.525459,1.148015,0.288623
150481148685234,59.940891,-0.786202,1.190459,0.326211
150481158686234,59.950892,0.117601,1.039109,0.330406
150481168687075,59.960893,0.699189,0.868813,0.219124
150481178687989,59.970894,0.828593,0.78854,0.04038
150481188688907,59.980895,0.657694,0.632238,-0.029227
150481198689616,59.990896,0.707632,0.197384,0.217168
150481208690534,60.000897,1.027702,-0.127171,0.566522
150481218691451,60.010897,1.44435,-0.100053,0.871642
150481228692374,60.020898,1.768301,0.0335,1.047922
150481238693306,60.030899,1.921515,-0.049448,1.169916
150481248694152,60.040900,1.280715,-0.084052,1.036851
150481258695080,60.050901,0.115625,0.043781,0.789631
150481268696003,60.060902,-0.87358,0.146194,0.630394
150481278696931,60.070903,-1.450827,0.181466,0.596447
150481288697639,60.080904,-1.804962,0.3058,0.563018
150481298698562,60.090905,-1.887451,0.231876,0.702238
150481308699469,60.100905,-1.755299,-0.04087,1.003398
150481318700296,60.110906,-1.360263,-0.387418,1.318475
150481328701214,60.120907,-0.786311,-0.69961,1.526467
150481338702137,60.130908,-0.147732,-0.841135,1.578067
150481348703061,60.140909,0.315021,-0.744503,1.409847
150481358703984,60.150910,0.207381,-0.370861,0.957188
150481368704676,60.160911,-0.8358,-0.025136,0.357587
150481378705595,60.170912,-2.246802,0.159908,-0.055739
150481388706522,60.180913,-2.460686,-0.096124,0.289656
150481398707436,60.190913,-2.861528,-0.240837,0.272571
150481408708282,60.200914,-2.662628,-0.578986,0.707722
150481418709206,60.210915,-1.49923,-0.720842,1.260026
150481428710114,60.220916,-0.107249,-0.727571,1.473957
150481438711032,60.230917,0.932231,-0.679527,1.375196
150481448711726,60.240918,1.888567,-0.731871,1.316799
150481458712566,60.250919,2.150762,-0.552215,1.095642
150481468713566,60.260920,1.61653,-0.626368,0.941032
150481478714397,60.270920,0.804343,-1.057004,1.192353
150481488715321,60.280921,0.072371,-1.24606,1.489623
150481498716244,60.290922,0.008477,-1.186734,1.774155
150481508717153,60.300923,0.553938,-1.2506,1.999621
150481518717847,60.310924,1.151579,-1.341108,1.965978
150481528718782,60.320925,1.474674,-1.107017,1.675909
150481538719705,60.330926,1.098036,-0.732531,1.163643
150481548720638,60.340927,-0.005078,-0.510089,0.719616
150481558721485,60.350927,-1.146736,-0.358268,0.574095
150481568722422,60.360928,-1.900265,-0.168803,0.56034
150481578723345,60.370929,-2.188269,-0.117576,0.743818
150481588724037,60.380930,-2.160478,-0.130052,0.834649
150481598724950,60.390931,-1.718389,-0.258757,0.948787
150481608725825,60.400932,-0.869797,-0.334764,0.998732
150481618726840,60.410933,-0.015914,-0.23132,0.928177
150481628727682,60.420934,0.520892,-0.297969,0.796604
150481638728595,60.430935,0.767545,-0.604359,0.812436
150481648729303,60.440935,0.83924,-0.935816,0.839087
150481658730210,60.450936,0.994804,-1.080001,1.014938
150481668731147,60.460937,1.201308,-0.901605,1.069333
150481678732070,60.470938,1.359771,-0.501154,1.004467
150481688732917,60.480939,1.237647,-0.160631,0.799543
150481698733835,60.490940,0.620152,0.058147,0.51412
150481708734529,60.500941,-0.189374,0.246683,0.302226
150481718735452,60.510941,-0.857677,0.511105,0.231698
150481728736368,60.520942,-1.309763,0.754938,0.332163
150481738737291,60.530943,-1.407693,0.940062,0.576586
150481748738133,60.540944,-1.164722,0.994565,0.901116
150481758739057,60.550945,-0.728076,0.829097,1.248073
150481768739999,60.560946,-0.105061,0.461823,1.519003
150481778740893,60.570947,0.632166,0.17613,1.687804
150481788741563,60.580948,1.327106,-0.007842,1.721038
150481798742484,60.590948,1.670122,-0.123777,1.643712
150481808743339,60.600949,1.564573,-0.235221,1.535445
150481818744262,60.610950,1.135635,-0.393149,1.447758
150481828745196,60.620951,0.556743,-0.580668,1.422067
150481838746119,60.630952,0.092805,-0.753769,1.457225
150481848746811,60.640953,-0.21671,-0.81528,1.517709
150481858747748,60.650954,-0.478487,-0.871286,1.494165
150481868748609,60.660955,-0.730703,-0.879107,1.442122
150481878749537,60.670956,-0.939103,-0.939694,1.344383
150481888750232,60.680956,-1.09695,-1.000407,1.160631
150481898751384,60.690957,-1.212575,-0.98767,0.924262
150481908752076,60.700958,-1.357856,-0.940045,0.643678
150481918752999,60.710959,-1.529342,-0.864182,0.419317
150481928753845,60.720960,-1.742548,-0.767565,0.23642
150481938754753,60.730961,-1.770024,-0.671376,0.129458
150481948755463,60.740961,-1.696246,-0.647434,0.030097
150481958756379,60.750962,-1.605295,-0.692212,-0.108263
150481968757302,60.760963,-1.384745,-0.741499,-0.286935
150481978758220,60.770964,-1.319974,-0.727416,-0.518409
150481988759066,60.780965,-1.280505,-0.615024,-0.758972
150481998759989,60.790966,-1.166552,-0.465571,-0.958403
150482008760917,60.800967,-0.937334,-0.408214,-1.065493
150482018761607,60.810968,-0.766249,-0.499259,-0.987829
150482028762528,60.820969,-0.641828,-0.696273,-0.824491
150482038763344,60.830969,-0.127471,-0.966139,-0.522398
150482048764267,60.840970,0.583879,-1.100682,-0.194752
150482058764973,60.850971,1.351778,-1.092085,0.009537
150482068765893,60.860972,2.09524,-1.02754,0.052928
150482078766813,60.870973,2.809297,-0.907642,0.009929
150482088767738,60.880974,2.990248,-0.864833,-0.099152
150482098768599,60.890975,2.521514,-0.818655,-0.139756
150482108769522,60.900976,1.714337,-0.677938,-0.097677
150482118770445,60.910976,0.823749,-0.355455,-0.057696
150482128771151,60.920977,-0.018752,-0.041766,-0.05614
150482138772088,60.930978,-0.736695,0.210545,-0.085363
150482148772940,60.940979,-1.178442,0.251902,-0.026551
150482158773868,60.950980,-1.273213,0.062521,0.082175
150482168774791,60.960981,-0.972664,0.125578,0.079502
150482178775480,60.970981,-0.430915,0.413452,-0.031782
150482188776391,60.980982,-0.085693,0.596533,-0.261054
150482198777223,60.990983,-0.103883,0.517397,-0.409961
150482208778162,61.000984,-0.314297,0.399994,-0.507568
150482218778847,61.010985,-0.440607,0.435498,-0.516011
150482228779749,61.020986,-0.328117,0.507589,-0.528432
150482238780597,61.030987,-0.096073,0.52966,-0.59692
150482248781522,61.040988,0.323943,0.470923,-0.620777
150482258782215,61.050988,0.711812,0.451132,-0.626067
150482268783140,61.060989,0.986302,0.530386,-0.74605
150482278784032,61.070990,1.106154,0.598856,-0.851219
150482288784957,61.080991,1.092711,0.561997,-0.909363
150482298785854,61.090992,1.029689,0.503992,-0.886644
150482308786700,61.100993,1.097034,0.415253,-0.698184
150482318787614,61.110994,1.436059,0.334301,-0.49386
150482328788321,61.120994,1.973372,0.33621,-0.259265
150482338789153,61.130995,2.37334,0.380039,-0.116456
150482348790157,61.140996,2.479789,0.381676,-0.033604
150482358790801,61.150997,2.278284,0.24252,0.08295
150482368791970,61.160998,1.992762,0.100397,0.24021
150482378792662,61.170999,1.773794,0.005895,0.401351
150482388793587,61.181000,1.617383,-0.090061,0.531539
150482398794441,61.191000,1.500702,-0.124456,0.602684
150482408795369,61.201001,1.264156,-0.129345,0.530754
150482418796292,61.211002,0.830003,-0.137557,0.403015
150482428797005,61.221003,0.24903,-0.190688,0.240405
150482438797849,61.231004,-0.400869,-0.216584,0.036168
150482448798772,61.241005,-0.962166,-0.235652,-0.054435
150482458799457,61.251005,-1.228929,-0.309999,-0.016132
150482468800404,61.261006,-1.190141,-0.39786,0.172183
150482478801248,61.271007,-1.019282,-0.359375,0.477039
150482488802180,61.281008,-0.942853,-0.27424,0.702879
150482498802859,61.291009,-1.006372,-0.305227,0.757217
150482508804026,61.301010,-1.089089,-0.402983,0.697813
150482518804721,61.311011,-1.083923,-0.542025,0.545966
150482528805642,61.321012,-0.86618,-0.679788,0.413703
150482538806474,61.331012,-0.54002,-0.811417,0.354209
150482548807392,61.341013,-0.15519,-0.875956,0.326169
150482558808010,61.351014,0.105882,-0.856377,0.282538
150482568809008,61.361015,0.218337,-0.8976,0.193042
150482578809859,61.371016,0.262962,-1.053682,0.127952
150482588810786,61.381017,0.248709,-1.234908,0.058104
150482598811467,61.391017,0.351021,-1.444074,0.130851
150482608812394,61.401018,0.626332,-1.458451,0.197862
150482618813324,61.411019,0.982048,-1.281385,0.190883
150482628814171,61.421020,1.149138,-1.060478,0.05527
150482638814873,61.431021,1.155536,-1.064817,-0.015531
150482648815798,61.441022,1.097895,-1.228237,0.052987
150482658816721,61.451023,1.101429,-1.495276,0.284694
150482668817565,61.461024,1.067241,-1.791544,0.712233
150482678818488,61.471024,0.898674,-1.944087,1.171423
150482688819392,61.481025,1.898705,-2.070975,1.702326
150482698820008,61.491026,2.17127,-1.883753,1.57416
150482708821008,61.501027,2.780111,-2.137798,1.810528
150482718821931,61.511028,2.733552,-1.830734,1.616528
150482728822777,61.521029,1.845233,-1.603766,1.29951
150482738823469,61.531029,0.756858,-1.530419,1.282905
150482748824402,61.541030,-0.274819,-1.36655,1.352113
150482758825248,61.551031,-0.874592,-1.201163,1.419775
150482768826176,61.561032,-1.150922,-1.171975,1.482558
150482778826884,61.571033,-1.238787,-1.125677,1.498761
150482788827800,61.581034,-1.126536,-1.145679,1.447595
150482798828651,61.591035,-1.041806,-1.210722,1.293495
150482808829575,61.601036,-0.80289,-1.256315,1.103492
150482818830255,61.611036,-0.53217,-1.243945,0.947402
150482828831176,61.621037,-0.513375,-1.153381,0.761531
150482838831793,61.631038,-0.526483,-0.95016,0.519356
150482848832931,61.641039,-0.438381,-0.799002,0.294601
150482858833644,61.651040,-0.815452,-0.665983,-0.057069
150482868834565,61.661041,-1.126487,-0.670613,-0.203759
150482878835411,61.671041,-1.253753,-0.879061,-0.178188
150482888836334,61.681042,-0.687025,-1.258647,0.119689
150482898837017,61.691043,0.311418,-1.60389,0.505143
150482908837927,61.701044,1.42611,-1.881498,0.980788
150482918838772,61.711045,2.337681,-2.069582,1.372899
150482928839666,61.721046,3.09488,-2.234342,1.618412
150482938840351,61.731046,3.950374,-2.335136,1.815722
150482948841257,61.741047,4.450306,-2.311987,1.838766
150482958842103,61.751048,4.29211,-2.282365,1.708465
150482968843026,61.761049,3.309686,-2.237194,1.611869
150482978843734,61.771050,2.145717,-2.096324,1.537872
150482988844654,61.781051,1.323712,-1.763578,1.43937
150482998845498,61.791051,0.650422,-1.481953,1.267055
150483008846421,61.801052,0.119209,-1.345136,1.100999
150483018847098,61.811053,-0.388361,-1.271404,0.992521
150483028848024,61.821054,-0.975584,-1.46185,1.171318
150483038848868,61.831055,-1.273085,-1.781242,1.501182
150483048849787,61.841056,-0.984607,-1.825832,1.797644
150483058850479,61.851056,-0.290587,-1.767678,1.946186
150483068851418,61.861057,0.410759,-1.740645,1.933212
150483078852277,61.871058,0.953703,-1.789495,1.797973
150483088853201,61.881059,1.022656,-1.921452,1.509552
150483098853908,61.891060,1.071543,-1.953286,1.317245
150483108854833,61.901061,0.881785,-1.95078,1.166858
150483118855667,61.911062,0.450145,-1.946087,0.926859
150483128856590,61.921063,0.180923,-1.857543,0.743836
150483138857283,61.931063,0.040846,-1.728809,0.575992
150483148858203,61.941064,-0.040303,-1.635775,0.420051
150483158859032,61.951065,0.119939,-1.608383,0.37567
150483168859946,61.961066,-0.008446,-1.426462,0.116403
150483178860645,61.971067,-0.250428,-1.586146,-0.014204
150483188861575,61.981068,-0.154293,-1.765584,-0.006437
150483198862436,61.991068,0.165756,-1.578716,-0.185812
150483208863359,62.001069,0.626861,-1.236926,-0.46773
150483218863976,62.011070,0.871431,-0.836203,-0.893196
150483228864974,62.021071,0.63481,-0.581357,-1.271064
150483238865578,62.031072,0.276682,-0.584782,-1.354808
150483248866729,62.041073,-0.11273,-0.602849,-1.301472
150483258867409,62.051073,-0.387849,-0.669046,-1.213371
150483268868345,62.061074,-0.135358,-0.607936,-1.039776
150483278868945,62.071075,0.364658,-0.193362,-0.968189
150483288870099,62.081076,0.618679,0.134726,-1.098978
150483298870725,62.091077,0.76396,0.21964,-1.197387
150483308871662,62.101078,0.821577,0.429019,-1.243926
150483318872359,62.111078,0.953147,0.672769,-1.284119
150483328873284,62.121079,0.963655,0.664141,-1.071202
150483338874147,62.131080,1.153023,0.523853,-0.760727
150483348875066,62.141081,1.265156,0.253859,-0.188827
150483358875756,62.151082,1.645397,0.56964,-0.095302
150483368876664,62.161083,2.11346,0.549454,0.148352
150483378877508,62.171084,2.268713,0.638734,0.358473
150483388878427,62.181084,2.400304,1.088216,0.041727
150483398879121,62.191085,2.288943,1.248528,-0.045557
150483408880044,62.201086,1.989628,1.045125,-0.096755
150483418880688,62.211087,1.797772,0.641767,-0.025902
150483428881840,62.221088,1.659751,0.436438,0.011295
150483438882542,62.231089,1.934496,0.230784,0.098701
150483448883436,62.241089,2.576199,0.156679,0.139166
150483458884068,62.251090,2.932211,0.368108,-0.202323
150483468885006,62.261091,3.082822,0.416702,-0.452822
150483478885919,62.271092,2.638107,0.487909,-0.998275
150483488886840,62.281093,1.691517,0.456796,-1.44262
150483498887469,62.291093,0.503418,0.750592,-1.85375
150483508888375,62.301094,-0.807449,0.704484,-1.6999
150483518889220,62.311095,-1.163784,0.754781,-0.967142
150483528890225,62.321096,-0.845377,0.993161,-0.214649
150483538890854,62.331097,-0.566634,1.524892,0.224666
150483548891779,62.341098,-0.377275,1.663604,0.636494
150483558892632,62.351099,-0.065956,2.080274,0.708697
150483568893560,62.361100,-0.116724,2.178245,0.558348
150483578894241,62.371100,-0.418091,1.955354,0.375227
150483588895162,62.381101,-0.582599,1.747197,-0.040409
150483598895777,62.391102,-0.317206,1.234047,-0.319408
150483608896922,62.401103,0.475937,0.683359,-0.60163
150483618897552,62.411104,1.278953,0.399896,-0.93825
150483628898474,62.421104,1.85578,0.664664,-1.989239
150483638899162,62.431105,1.836597,0.871789,-2.907783
150483648900312,62.441106,1.651292,0.890484,-3.205832
150483658900927,62.451107,1.007358,0.836403,-2.714808
150483668901821,62.461108,-0.275379,0.686673,-1.797487
150483678902523,62.471109,-1.485783,0.408653,-0.647897
150483688903446,62.481109,-1.885721,0.246708,0.271049
150483698904073,62.491110,-1.321127,0.315808,0.852045
150483708904996,62.501111,-0.454745,0.40408,0.970736
150483718905835,62.511112,-0.092882,0.073542,0.970161
150483728906835,62.521113,-0.425516,-0.498354,0.949488
150483738907437,62.531113,-1.11669,-1.038102,0.977749
150483748908357,62.541114,-1.369364,-1.37023,1.146258
150483758909201,62.551115,-1.19782,-1.750788,1.387114
150483768910128,62.561116,-0.975477,-2.151888,1.518951
150483778910836,62.571117,-0.980743,-2.313567,1.647905
150483788911756,62.581118,-1.017558,-2.357281,1.425492
150483798912614,62.591119,-1.279107,-2.61708,1.483736
150483808913528,62.601120,-1.888067,-2.556019,1.346474
150483818914140,62.611120,-2.420286,-2.479743,1.27765
150483828915138,62.621121,-2.99184,-2.713501,1.226241
150483838915768,62.631122,-3.347249,-2.921196,1.111973
150483848916703,62.641123,-3.488692,-3.045737,1.14045
150483858917547,62.651124,-3.504377,-3.128876,1.235637
150483868918470,62.661124,-3.299598,-3.178068,1.232059
150483878919154,62.671125,-3.230227,-3.252062,1.106124
150483888920078,62.681126,-3.093887,-3.441531,0.960506
150483898920698,62.691127,-2.991438,-3.541142,0.647201
150483908921864,62.701128,-3.32793,-3.634947,0.389077
150483918922474,62.711128,-3.54419,-3.890458,0.375242
150483928923397,62.721129,-4.080119,-3.880265,0.186479
150483938924080,62.731130,-4.390807,-3.984199,0.258605
150483948925003,62.741131,-4.754279,-4.037798,0.145651
150483958925853,62.751132,-4.909996,-4.064066,0.11808
150483968926757,62.761133,-4.573739,-3.66576,-0.211044
150483978927375,62.771133,-3.914535,-3.333441,-0.648108
150483988928311,62.781134,-3.36923,-3.09034,-1.169474
150483998929007,62.791135,-3.108287,-2.888041,-1.673884
150484008930161,62.801136,-3.131312,-2.400355,-2.140282
150484018930776,62.811137,-2.928209,-1.700856,-2.290251
150484028931699,62.821138,-2.270548,-0.740638,-2.17912
150484038932317,62.831138,-1.541926,0.410898,-2.38214
150484048933320,62.841139,-1.187078,1.867384,-3.237007
150484058933937,62.851140,-0.673145,2.893184,-4.202252
150484068934860,62.861141,0.085562,3.661118,-4.698898
150484078935704,62.871142,0.979903,4.563372,-4.859153
150484088936623,62.881143,2.152054,5.147841,-4.515948
150484098937305,62.891143,2.907281,5.317256,-3.987598
150484108938230,62.901144,3.440016,5.103957,-3.220499
150484118938851,62.911145,3.59337,5.125982,-2.452819
150484128939989,62.921146,4.175346,5.130721,-1.437758
150484138940606,62.931147,5.262874,4.655115,-0.125109
150484148941532,62.941148,6.963591,4.060255,1.104043
150484158942215,62.951148,8.727128,3.18706,1.968322
150484168943138,62.961149,10.20207,2.249325,2.403005
150484178943756,62.971150,11.306626,1.728793,2.445015
150484188944679,62.981151,11.939815,1.542839,2.448912
150484198945520,62.991152,11.912045,1.439706,2.637918
150484208946450,63.001152,10.960726,1.563622,2.913821
150484218947142,63.011153,9.144141,1.755689,2.977335
150484228948056,63.021154,6.546145,1.477361,2.880186
150484238948903,63.031155,4.022705,0.93702,2.854917
150484248949831,63.041156,1.727361,0.606813,2.729884
150484258950527,63.051157,-0.10382,0.259997,2.453707
150484268951465,63.061157,-1.662992,-0.121944,1.939583
150484278952081,63.071158,-2.74257,-0.506989,1.344052
150484288953006,63.081159,-3.39688,-0.802286,0.822503
150484298953878,63.091160,-3.709009,-1.028221,0.353086
150484308954815,63.101161,-3.832149,-1.150691,-0.001025
150484318955427,63.111161,-3.977444,-1.273869,-0.243637
150484328956420,63.121162,-4.229569,-1.460267,-0.308632
150484338957036,63.131163,-4.490483,-1.662929,-0.190144
150484348957957,63.141164,-4.742708,-1.842681,0.020277
150484358958807,63.151165,-4.665295,-2.087311,-0.148415
150484368959733,63.161166,-4.3176,-2.3089,-0.521863
150484378960327,63.171166,-3.749205,-2.46643,-0.954787
150484388961312,63.181167,-3.281117,-2.380989,-1.448321
150484398961935,63.191168,-3.018773,-2.267523,-1.770125
150484408962845,63.201169,-3.018994,-2.199902,-1.912219
150484418963462,63.211169,-3.135503,-2.146262,-2.023119
150484428964614,63.221171,-3.018565,-2.081918,-1.904485
150484438965227,63.231171,-2.805405,-2.039154,-1.590057
150484448966129,63.241172,-2.554165,-1.844974,-1.109827
150484458966835,63.251173,-2.326464,-1.516214,-0.792098
150484468967744,63.261174,-1.728219,-1.136839,-0.39615
150484478968575,63.271175,-1.209505,-0.978224,-0.064881
150484488969504,63.281176,-0.970523,-0.911988,0.087724
150484498970106,63.291176,-0.745721,-0.853916,0.27424
150484508971013,63.301177,-0.45605,-0.901818,0.563746
150484518971705,63.311178,-0.152517,-0.896344,0.733173
150484528972626,63.321179,0.496395,-0.671996,0.810027
150484538973222,63.331179,1.208771,-0.312258,0.803801
150484548974154,63.341180,1.714737,-0.163819,0.63113
150484558975015,63.351181,1.783591,-0.039765,0.479643
150484568975931,63.361182,1.320154,0.265339,0.124755
150484578976624,63.371183,0.733096,0.433818,-0.113136
150484588977561,63.381184,0.274884,0.62149,-0.384079
150484598978178,63.391184,0.026613,0.862058,-0.664434
150484608979330,63.401185,-0.035428,1.046791,-0.853428
150484618979962,63.411186,0.339929,1.111723,-0.941829
150484628980869,63.421187,0.596281,1.118712,-1.174274
150484638981549,63.431188,0.990559,1.085358,-1.388127
150484648982465,63.441188,1.374097,1.057475,-1.48942
150484658983080,63.451189,1.690999,1.279881,-1.714605
150484668984008,63.461190,1.644574,1.455532,-1.758843
150484678984855,63.471191,1.417941,1.388759,-1.717701
150484688985778,63.481192,1.29325,1.321441,-1.555988
150484698986400,63.491192,1.370974,1.167801,-1.316535
150484708987398,63.501193,1.774916,0.836857,-0.886233
150484718988016,63.511194,2.615656,0.609925,-0.683792
150484728988958,63.521195,3.392961,0.439223,-0.602839
150484738989787,63.531196,4.082723,0.274699,-0.493903
150484748990715,63.541197,4.633214,-0.019044,-0.424215
150484758991316,63.551197,5.064739,-0.126094,-0.261432
150484768992239,63.561198,5.357069,-0.274248,0.043697
150484778992917,63.571199,5.004053,-0.26898,0.350955
150484788993842,63.581200,3.904173,-0.201795,0.602113
150484798994457,63.591200,2.285193,-0.062551,0.56293
150484808995394,63.601201,0.830811,-0.153694,0.386468
150484818996239,63.611202,-0.327438,-0.263611,0.2386
150484828997167,63.621203,-1.596645,-0.098341,-0.083452
150484838997784,63.631204,-2.342975,-0.057844,-0.241487
150484848998777,63.641205,-2.773874,-0.014689,-0.576005
150484858999393,63.651205,-3.286997,-0.188926,-1.019452
150484869000318,63.661206,-3.598694,-0.106069,-1.477333
150484879000943,63.671207,-3.662938,0.024571,-1.9355
150484889002095,63.681208,-3.201444,-0.070017,-2.135024
150484899002696,63.691209,-2.257953,-0.220431,-2.343528
150484909003638,63.701210,-1.566484,-0.399366,-2.533735
150484919004331,63.711210,-1.164296,-0.476819,-2.628122
150484929005268,63.721211,-0.740695,-0.399693,-2.44448
150484939005883,63.731212,-0.354296,-0.27148,-2.133929
150484949006820,63.741213,-0.083259,-0.259741,-1.846485
150484959007667,63.751214,0.099963,-0.307301,-1.454309
150484969008595,63.761215,0.189905,-0.480805,-0.982603
150484979009212,63.771215,0.568525,-0.695222,-0.454786
150484989010133,63.781216,1.170969,-0.654407,-0.198418
150484999010832,63.791217,1.846205,-0.480224,-0.122008
150485009011754,63.801218,2.203976,-0.268651,-0.273264
150485019012381,63.811218,2.407093,-0.115536,-0.452099
150485029013316,63.821219,1.721139,0.089317,-0.647924
150485039014162,63.831220,0.491064,0.287835,-0.757216
150485049015075,63.841221,-0.608551,0.278704,-0.639295
150485059015682,63.851222,-1.275618,0.329833,-0.382088
150485069016590,63.861223,-1.402243,0.538816,-0.207328
150485079017287,63.871223,-1.350372,0.713727,-0.164254
150485089018205,63.881224,-1.304721,0.758064,-0.368085
150485099018823,63.891225,-1.246456,0.679959,-0.765952
150485109019975,63.901226,-1.251603,0.645347,-1.250011
150485119020581,63.911227,-1.032681,0.577913,-1.588846
150485129021504,63.921228,-0.467464,0.429065,-1.748417
150485139022122,63.931228,-0.005715,0.420163,-1.767535
150485149023027,63.941229,0.224537,0.575011,-1.706436
150485159023644,63.951230,0.1126,0.679439,-1.617444
150485169024633,63.961231,0.02495,0.793159,-1.662406
150485179025233,63.971231,-0.053859,0.850025,-1.769798
150485189026164,63.981232,-0.158758,0.888106,-1.833174
150485199027008,63.991233,-0.099735,0.752609,-1.640175
150485209027936,64.001234,0.173011,0.505467,-1.405283
150485219028551,64.011235,0.842381,0.4087,-1.130245
150485229029498,64.021235,1.366141,0.261239,-0.827342
150485239030191,64.031236,1.782921,0.076055,-0.40477
150485249031125,64.041237,2.238872,0.197788,-0.363596
150485259031730,64.051238,2.371093,0.360281,-0.238457
150485269032658,64.061239,2.108468,0.420244,-0.172742
150485279033274,64.071239,1.096223,0.627146,-0.315763
150485289034192,64.081240,0.049829,0.512586,-0.395932
150485299035036,64.091241,-0.683958,0.341876,-0.239958
150485309035954,64.101242,-1.104866,0.40752,-0.195275
150485319036648,64.111243,-1.086624,0.524418,-0.122038
150485329037488,64.121243,-0.901227,0.636086,-0.224468
150485339038185,64.131244,-0.998957,0.712986,-0.486637
150485349039110,64.141245,-1.346139,0.77984,-0.877772
150485359039739,64.151246,-1.64449,0.777899,-1.144129
150485369040891,64.161247,-1.660687,0.651973,-1.226999
150485379041507,64.171248,-1.584703,0.602603,-1.313735
150485389042426,64.181248,-1.162496,0.469612,-1.089934
150485399043041,64.191249,-0.766081,0.355479,-0.875429
150485409043959,64.201250,-0.500447,0.484911,-0.822939
150485419044567,64.211251,-0.562963,0.59842,-0.992552
150485429045565,64.221252,-0.848827,0.653991,-1.341852
150485439046175,64.231252,-1.131772,0.720342,-1.736661
150485449047100,64.241253,-1.232045,0.53757,-1.923604
150485459047731,64.251254,-1.465298,0.245217,-1.827588
150485469048883,64.261255,-1.222368,0.29596,-1.755335
150485479049498,64.271255,-0.596604,0.259405,-1.418386
150485489050440,64.281256,0.22025,0.166278,-1.184918
150485499051072,64.291257,0.731201,0.231538,-1.134011
150485509051994,64.301258,0.897286,0.401216,-1.235215
150485519052674,64.311259,0.573107,0.647031,-1.382726
150485529053590,64.321260,0.032049,0.520064,-1.36103
150485539054205,64.331260,-0.34135,0.100814,-0.99912
150485549055130,64.341261,-0.364523,0.008982,-0.506786
150485559055746,64.351262,0.089802,0.233083,-0.120833
150485569056869,64.361263,0.576371,0.387609,0.034405
150485579057484,64.371263,0.858885,0.460679,-0.025935
150485589058407,64.381264,0.890071,0.427332,-0.093764
150485599059039,64.391265,0.505097,0.408414,-0.238142
150485609059960,64.401266,0.100245,0.106235,-0.136268
150485619060657,64.411267,-0.037233,-0.361156,0.104886
150485629061580,64.421268,0.394792,-0.568048,0.314196
150485639062184,64.431268,1.11442,-0.655148,0.476185
150485649063121,64.441269,1.472573,-0.625473,0.419003
150485659063955,64.451270,1.137796,-0.436483,0.248018
150485669064878,64.461271,0.149707,-0.136041,-0.148825
150485679065498,64.471271,-1.178009,0.193314,-0.742077
150485689066422,64.481272,-1.856948,0.164287,-1.095648
150485699067039,64.491273,-2.788841,-0.040442,-1.220151
150485709067960,64.501274,-3.225944,-0.214772,-1.262044
150485719068652,64.511275,-3.331432,-0.253089,-1.125842
150485729069561,64.521276,-2.794468,-0.096315,-1.008141
150485739070177,64.531276,-1.682801,-0.04895,-0.881592
150485749071129,64.541277,-0.797181,-0.104544,-1.006032
150485759071736,64.551278,-0.141779,-0.124492,-1.239096
150485769072659,64.561279,0.340416,-0.347404,-1.291542
150485779073275,64.571279,0.631271,-0.466779,-1.248638
150485789074422,64.581280,0.814571,-0.361236,-1.161278
150485799075030,64.591281,0.923046,-0.330503,-0.967775
150485809075979,64.601282,0.944937,-0.294124,-0.852058
150485819076597,64.611283,0.870886,-0.160823,-0.883387
150485829077275,64.621283,0.690645,0.089524,-1.100669
150485839078187,64.631284,0.435306,0.178032,-1.2453
150485849079110,64.641285,0.062691,0.053329,-1.336228
150485859079724,64.651286,-0.016265,-0.147039,-1.307723
150485869080892,64.661287,0.253524,-0.183538,-0.998052
150485879081281,64.671287,0.688849,-0.216196,-0.621499
150485889082450,64.681288,0.763209,-0.286194,-0.504066
150485899083079,64.691289,0.786509,-0.156168,-0.426
150485909084012,64.701290,0.892992,-0.056049,-0.439498
150485919084613,64.711291,0.51936,-0.134742,-0.371639
150485929085551,64.721292,0.027421,-0.403379,-0.236213
150485939086233,64.731292,-0.173466,-0.499292,-0.033485
150485949087080,64.741293,-0.022139,-0.391796,0.19281
150485959087758,64.751294,0.071635,-0.39959,0.354768
150485969088676,64.761295,-0.169974,-0.282409,0.218016
150485979089293,64.771295,-0.661429,-0.054542,-0.235308
150485989090216,64.781296,-1.341661,0.089642,-0.744342
150485999091061,64.791297,-1.77416,0.063653,-1.245691
150486009091678,64.801298,-1.957207,-0.015342,-1.512871
150486019092589,64.811299,-1.954937,0.028063,-1.684678
150486029093512,64.821300,-1.535479,0.088963,-1.695831
150486039094135,64.831300,-1.018623,0.221006,-1.6103
150486049095051,64.841301,-0.674378,0.467978,-1.54603
150486059095658,64.851302,-0.445505,0.537449,-1.43917
150486069096565,64.861303,-0.423561,0.429656,-1.158331
150486079097258,64.871303,0.016929,0.145773,-0.615778
150486089098171,64.881304,0.349961,0.017312,-0.334355
150486099098786,64.891305,0.933385,-0.212576,0.050958
150486109099709,64.901306,1.913278,-0.234484,0.22524
150486119100565,64.911307,2.768409,0.197121,0.008286
150486129101274,64.921307,3.436981,0.479589,-0.239945
150486139102123,64.931308,3.624191,0.42148,-0.31113
150486149102829,64.941309,3.488731,0.289084,-0.286359
150486159103661,64.951310,3.163055,0.236665,-0.08266
150486169104584,64.961311,2.760896,0.454422,0.158562
150486179105214,64.971311,2.360575,0.759863,0.367913
150486189106137,64.981312,1.724924,1.080133,0.433946
150486199106754,64.991313,0.730727,1.320822,0.464803
150486209107667,65.001314,-0.165453,1.415329,0.478174
150486219108363,65.011314,-0.868707,1.542992,0.331349
150486229109205,65.021315,-1.282936,1.606827,0.137681
150486239109911,65.031316,-1.528759,1.590416,-0.19823
150486249110758,65.041317,-1.046321,1.429756,-0.536245
150486259111450,65.051317,-0.165791,1.31499,-0.787703
150486269112389,65.061318,0.549035,1.138604,-0.803155
150486279113004,65.071319,1.019713,0.73173,-0.662779
150486289113927,65.081320,1.244011,0.305996,-0.363778
150486299114529,65.091321,1.36676,-0.165146,-0.019588
150486309115686,65.101322,1.65797,-0.483498,0.326254
150486319116301,65.111322,2.031312,-0.540595,0.566077
150486329117238,65.121323,2.092159,-0.425294,0.660781
150486339117842,65.131324,1.548714,-0.290241,0.645381
150486349118753,65.141325,0.529283,-0.349616,0.571197
150486359119395,65.151325,-0.594474,-0.451336,0.406706
150486369120316,65.161326,-1.206158,-0.514653,0.354434
150486379120924,65.171327,-1.221726,-0.511865,0.383111
150486389121840,65.181328,-1.091494,-0.380218,0.142621
150486399122542,65.191329,-1.130264,-0.284401,-0.297064
150486409123373,65.201329,-1.327645,-0.186419,-0.789586
150486419124068,65.211330,-1.767251,-0.144209,-1.236739
150486429124991,65.221331,-2.126577,-0.409172,-1.41704
150486439125602,65.231332,-2.357082,-0.530954,-1.60308
150486449126525,65.241333,-1.994399,-0.563237,-1.596303
150486459127155,65.251333,-1.197432,-0.502001,-1.47927
150486469128321,65.261334,-0.533911,-0.320088,-1.523605
150486479128919,65.271335,-0.12758,-0.196141,-1.636345
150486489129826,65.281336,-0.043429,-0.338439,-1.613773
150486499130412,65.291336,-0.052573,-0.694545,-1.334163
150486509131336,65.301337,0.196253,-0.90241,-0.985749
150486519131946,65.311338,0.573863,-0.738921,-0.725149
150486529132859,65.321339,0.95795,-0.331542,-0.773562
150486539133472,65.331339,1.158062,-0.060797,-0.968709
150486549134403,65.341340,1.131268,-0.253611,-1.066294
150486559135030,65.351341,0.794338,-0.729697,-0.914397
150486569135941,65.361342,0.511644,-0.964406,-0.730857
150486579136633,65.371343,0.441173,-0.849318,-0.551467
150486589137495,65.381343,0.581142,-0.588374,-0.426916
150486599138182,65.391344,0.446455,-0.138916,-0.523062
150486609139034,65.401345,-0.24934,0.332459,-0.696452
150486619139712,65.411346,-1.31923,0.590106,-0.859254
150486629140624,65.421347,-2.382653,0.684516,-0.877898
150486639141244,65.431347,-2.990764,0.555118,-0.569441
150486649142167,65.441348,-3.260288,0.622292,-0.437671
150486659142782,65.451349,-2.683749,0.72278,-0.31745
150486669143708,65.461350,-1.672211,0.799236,-0.430591
150486679144566,65.471351,-0.713261,0.979165,-0.749367
150486689145273,65.481351,-0.013154,0.828519,-0.925735
150486699146119,65.491352,0.335504,0.350856,-1.02238
150486709146812,65.501353,0.727491,0.025129,-1.112688
150486719147664,65.511354,1.051051,0.085396,-1.114614
150486729148345,65.521354,1.199398,0.244042,-1.075731
150486739149186,65.531355,1.237555,0.2536,-1.027317
150486749149876,65.541356,1.463592,0.209223,-1.020379
150486759150722,65.551357,1.360582,0.240085,-0.988848
150486769151400,65.561357,1.199934,0.341149,-0.958365
150486779152246,65.571358,0.993945,0.31851,-0.863916
150486789153167,65.581359,0.955065,0.09089,-0.648699
150486799153785,65.591360,1.095562,-0.015882,-0.493401
150486809154701,65.601361,1.06352,0.164732,-0.179272
150486819155383,65.611361,1.412591,0.383354,0.001697
150486829156316,65.621362,1.442441,0.479563,0.085338
150486839156946,65.631363,1.111346,0.654404,-0.014713
150486849157874,65.641364,0.328941,0.842138,-0.080592
150486859158489,65.651364,-0.388682,0.779841,-0.098706
150486869159417,65.661365,-0.934562,0.763832,-0.159239
150486879160028,65.671366,-1.003821,0.85374,-0.296936
150486889160951,65.681367,-0.903669,0.727022,-0.394305
150486899161566,65.691368,-0.6667,0.357658,-0.432049
150486909162433,65.701368,-0.131527,0.125276,-0.431764
150486919163126,65.711369,0.456967,0.03054,-0.429871
150486929164063,65.721370,0.763937,0.034193,-0.514138
150486939164922,65.731371,0.686656,0.03055,-0.623396
150486949165544,65.741372,0.296115,-0.153748,-0.647628
150486959166237,65.751372,-0.270149,-0.382319,-0.491271
150486969167178,65.761373,-0.628386,-0.496286,-0.288678
150486979167793,65.771374,-0.608558,-0.605685,-0.041579
150486989168725,65.781375,-0.233415,-0.637291,0.076313
150486999169332,65.791375,-0.01157,-0.477056,-0.0737
150487009170489,65.801376,-0.199354,-0.203627,-0.379381
150487019171104,65.811377,-0.826663,-0.221271,-0.586514
150487029171777,65.821378,-1.422754,-0.532222,-0.577799
150487039172619,65.831379,-1.769,-0.75275,-0.529013
150487049173316,65.841379,-1.766007,-0.836463,-0.546371
150487059173918,65.851380,-1.366093,-0.690523,-0.707151
150487069175070,65.861381,-0.758599,-0.358129,-1.019492
150487079175697,65.871382,-0.487607,-0.196163,-1.176222
150487089176614,65.881383,-0.759269,-0.140835,-1.285848
150487099177219,65.891383,-1.119056,-0.212682,-1.116429
150487109177913,65.901384,-1.366671,-0.290648,-0.853658
150487119178758,65.911385,-1.052453,-0.329138,-0.516346
150487129179676,65.921386,-0.539436,-0.232839,-0.423583
150487139180291,65.931386,0.223743,-0.119156,-0.445541
150487149180966,65.941387,0.808437,-0.126953,-0.479765
150487159181803,65.951388,1.032144,-0.270394,-0.475013
150487169182522,65.961389,0.878895,-0.316403,-0.471691
150487179183375,65.971389,0.621747,-0.292573,-0.38686
150487189184300,65.981390,0.273943,-0.262609,-0.26605
150487199185010,65.991391,0.115203,-0.101016,-0.130233
150487209185854,66.001392,0.038695,3.92E-4,0.020651
150487219186471,66.011392,0.007304,0.041799,-0.009223
150487229187406,66.021393,0.254405,0.19829,-0.005694
150487239188024,66.031394,0.375403,0.199079,0.137161
150487249188927,66.041395,0.450575,0.288129,0.211106
150487259189542,66.051396,0.441726,0.635467,0.186802
150487269190478,66.061396,0.221172,0.734734,0.175814
150487279191096,66.071397,0.048238,0.474563,0.244295
150487289191788,66.081398,-0.047964,0.152853,0.228809
150487299192726,66.091399,0.11261,0.203748,0.088232
150487309193633,66.101400,0.572713,0.380581,-0.085915
150487319194258,66.111400,0.837292,0.42665,-0.207702
150487329195104,66.121401,0.92946,0.221459,-0.17384
150487339195707,66.131402,0.962515,-0.027157,-0.033488
150487349196628,66.141403,0.960786,-0.004605,-0.006981
150487359197302,66.151403,0.854304,0.200979,-0.112018
150487369198148,66.161404,0.670661,0.385895,-0.25882
150487379198840,66.171405,0.173572,0.570501,-0.401049
150487389199691,66.181406,-0.469457,0.74689,-0.460367
150487399200384,66.191406,-1.000776,0.559578,-0.215038
150487409201215,66.201407,-1.198723,0.338237,0.137743
150487419201904,66.211408,-0.733743,0.158645,0.499205
150487429202836,66.221409,0.368476,-0.146691,0.764618
150487439203441,66.231409,1.06415,-0.008626,0.827635
150487449204282,66.241410,1.492359,0.022243,0.800565
150487459204974,66.251411,1.612016,0.113907,0.732022
150487469205810,66.261412,1.614722,0.184076,0.577959
150487479206505,66.271413,0.843185,0.11733,0.387839
150487489207368,66.281413,-0.253733,0.259374,0.188716
150487499208060,66.291414,-1.072429,0.232036,0.185737
150487509208911,66.301415,-1.428313,0.173701,0.273295
150487519209604,66.311416,-1.243388,0.135594,0.334549
150487529210221,66.321416,-0.625099,-0.026112,0.380263
150487539211149,66.331417,-0.058402,-0.042551,0.223143
150487549211993,66.341418,0.064953,0.069235,-0.015463
150487559212681,66.351419,-0.207574,0.199439,-0.260562
150487569213522,66.361420,-0.829991,0.211039,-0.327507
150487579214234,66.371420,-1.163909,-0.00818,-0.217196
150487589215085,66.381421,-1.402804,-0.324712,0.042805
150487599215773,66.391422,-1.427891,-0.171177,-0.078651
150487609216696,66.401423,-1.059836,-0.203126,-0.097617
150487619217316,66.411423,-0.434019,-0.540317,-0.095081
150487629218152,66.421424,0.256883,-0.819123,-0.101158
150487639218756,66.431425,0.752089,-1.056114,-0.004232
150487649219686,66.441426,0.86236,-1.09297,0.058261
150487659220303,66.451426,1.02592,-0.933764,0.130695
150487669221196,66.461427,0.735868,-0.581617,0.099228
150487679221889,66.471428,0.096926,-0.238725,0.058039
150487689222730,66.481429,-0.660248,-0.041376,-0.01112
150487699223426,66.491429,-1.240682,-0.016095,0.039646
150487709224272,66.501430,-1.43437,-0.26439,0.32686
150487719224965,66.511431,-1.144164,-0.512291,0.555363
150487729225807,66.521432,-0.355971,-0.588345,0.651664
150487739226499,66.531432,0.496244,-0.401171,0.449595
150487749227334,66.541433,0.95822,0.103821,-0.090829
150487759227952,66.551434,0.746255,0.447506,-0.476182
150487769228868,66.561435,-0.104823,0.409265,-0.575608
150487779229560,66.571436,-1.06502,0.171368,-0.285114
150487789230178,66.581436,-1.55404,-0.084069,0.23067
150487799231034,66.591437,-1.410146,0.129165,0.469013
150487809231726,66.601438,-0.694463,0.644303,0.323966
150487819232584,66.611439,0.161697,0.686074,0.20282
150487829233298,66.621439,0.495369,0.405831,-0.092763
150487839234159,66.631440,0.509902,-0.275085,-0.046689
150487849234851,66.641441,0.710541,-0.777269,0.202884
150487859235697,66.651442,1.225709,-0.495349,0.232118
150487869236619,66.661443,1.703369,0.232424,-0.017203
150487879237231,66.671443,1.601713,0.816093,-0.375126
150487889237935,66.681444,0.572111,1.038334,-0.610745
150487899238788,66.691445,-0.671366,0.932142,-0.536659
150487909239715,66.701446,-1.422577,0.67803,-0.17919
150487919240336,66.711446,-1.530185,0.790299,0.022533
150487929241026,66.721447,-0.990798,0.922606,0.249755
150487939241877,66.731448,0.043633,0.624358,0.469611
150487949242570,66.741449,1.074167,0.397077,0.378764
150487959243407,66.751449,2.002934,0.365989,0.293068
150487969244315,66.761450,2.623351,0.236077,0.43214
150487979244918,66.771451,2.67063,0.213561,0.572612
150487989245535,66.781452,2.322996,0.257462,0.658159
150487999246227,66.791452,1.678627,0.327726,0.715066
150488009247073,66.801453,0.942492,0.628446,0.57946
150488019247766,66.811454,0.097197,0.921601,0.203077
150488029248607,66.821455,-0.654784,0.916813,-0.184278
150488039249299,66.831455,-1.059866,0.761504,-0.374882
150488049250135,66.841456,-1.268766,0.311595,-0.346365
150488059250814,66.851457,-0.753809,-0.163518,-0.138521
150488069251735,66.861458,0.323168,0.031852,-0.011036
150488079252352,66.871458,1.073209,0.510275,-0.157361
150488089253182,66.881459,1.079051,0.730256,-0.417193
150488099253875,66.891460,0.456136,0.592875,-0.566049
150488109254726,66.901461,-0.329965,0.267902,-0.382383
150488119255416,66.911461,-0.778964,-0.008435,-0.030987
150488129256259,66.921462,-0.617534,0.028432,0.199271
150488139256964,66.931463,0.078215,0.073364,0.320749
150488149257822,66.941464,0.742857,0.108511,0.263579
150488159258512,66.951465,1.006526,0.10365,0.129578
150488169259116,66.961465,0.972002,-0.24425,0.249667
150488179260039,66.971466,0.80583,-0.632569,0.45232
150488189260892,66.981467,0.652915,-0.592721,0.547157
150488199261589,66.991468,0.670012,-0.385597,0.58637
150488209262436,67.001468,0.563943,-0.191502,0.51682
150488219263053,67.011469,0.093943,-0.062264,0.290177
150488229263745,67.021470,-0.544085,0.00397,0.087343
150488239264576,67.031471,-1.140219,0.066567,-0.033118
150488249265498,67.041471,-1.454395,0.02071,-0.096274
150488259266135,67.051472,-1.541355,-0.064515,-0.084246
150488269266827,67.061473,-1.556675,0.268268,-0.321385
150488279267662,67.071474,-1.361846,0.394101,-0.363763
150488289268357,67.081474,-1.038976,0.252059,-0.276268
150488299269230,67.091475,-0.623545,0.032446,-0.135597
150488309269924,67.101476,-0.153218,-0.337725,0.109576
150488319270758,67.111477,0.443046,-0.516188,0.159768
150488329271453,67.121477,1.098889,-0.207884,-0.093294
150488339272282,67.131478,1.375778,0.016384,-0.391058
150488349272960,67.141479,1.108167,0.047253,-0.724645
150488359273568,67.151480,0.492857,0.064838,-0.871506
150488369274491,67.161480,0.005663,-0.186821,-0.656022
150488379275092,67.171481,-0.064817,-0.327751,-0.316897
150488389276015,67.181482,0.512716,-0.127037,-0.010521
150488399276631,67.191483,1.047497,0.20942,0.167945
150488409277477,67.201483,1.066331,0.544607,0.117612
150488419278186,67.211484,0.531143,0.634486,0.115334
150488429279125,67.221485,-0.235698,0.571415,0.182228
150488439279737,67.231486,-0.726291,0.534122,0.254406
150488449280583,67.241487,-0.843163,0.439966,0.459192
150488459281508,67.251488,-0.58122,0.33362,0.584215
150488469282123,67.261488,-0.122678,0.427636,0.528276
150488479282823,67.271489,0.109262,0.494426,0.338543
150488489283667,67.281490,0.172737,0.512236,-0.020891
150488499284390,67.291490,-0.205089,0.606643,-0.452484
150488509285220,67.301491,-0.640753,0.469715,-0.702067
150488519285852,67.311492,-1.076742,0.060997,-0.660604
150488529286786,67.321493,-1.087529,-0.275115,-0.544862
150488539287390,67.331493,-0.449324,-0.352554,-0.340186
150488549288320,67.341494,0.49375,-0.255383,-0.180704
150488559288938,67.351495,1.104194,-0.217957,-0.189425
150488569289644,67.361496,1.063617,-0.353191,-0.346612
150488579290552,67.371497,0.523209,-0.494633,-0.497471
150488589291168,67.381497,-0.171046,-0.628838,-0.521639
150488599292004,67.391498,-0.788897,-0.763851,-0.41236
150488609292676,67.401499,-1.042334,-0.764091,-0.301229
150488619293524,67.411500,-1.054195,-0.59937,-0.300812
150488629294215,67.421500,-0.982425,-0.490075,-0.309263
150488639295046,67.431501,-0.883151,-0.484016,-0.310891
150488649295709,67.441502,-0.85601,-0.521827,-0.34225
150488659296548,67.451503,-0.970188,-0.433726,-0.36066
150488669297222,67.461503,-1.220673,-0.24484,-0.358224
150488679298085,67.471504,-1.38014,-0.380544,-0.115176
150488689298693,67.481505,-1.175919,-0.676554,0.27338
150488699299371,67.491505,-0.648013,-0.779144,0.499106
150488709300294,67.501506,-0.163457,-0.486588,0.423823
150488719301148,67.511507,0.210306,-0.043941,0.145844
150488729301850,67.521508,0.165938,0.007153,-0.1172
150488739302696,67.531509,-0.352376,-0.405907,-0.08397
150488749303299,67.541509,-0.921233,-0.644728,0.004312
150488759304006,67.551510,-0.929206,-0.366951,0.009422
150488769304854,67.561511,-0.612111,0.206215,-0.209059
150488779305549,67.571512,-0.618154,0.866709,-0.837343
150488789306385,67.581512,-1.134705,0.839271,-1.136428
150488799307067,67.591513,-1.529759,-0.027953,-0.761324
150488809307926,67.601514,-1.383309,-0.609818,-0.299472
150488819308628,67.611515,-0.498911,-0.453577,0.010612
150488829309494,67.621515,0.402159,0.220257,-0.124478
150488839310192,67.631516,0.756527,0.565689,-0.464202
150488849311036,67.641517,0.597128,0.114663,-0.573366
150488859311710,67.651518,0.328145,-0.54725,-0.305785
150488869312337,67.661518,0.375093,-0.748849,0.007806
150488879313207,67.671519,0.573615,-0.470231,0.116824
150488889313909,67.681520,0.378693,0.038689,-0.058314
150488899314750,67.691521,-0.208686,0.433466,-0.418854
150488909315428,67.701521,-0.961937,0.610622,-0.621594
150488919316288,67.711522,-1.675701,0.352603,-0.501966
150488929316986,67.721523,-1.465212,-0.363145,-0.046005
150488939317827,67.731524,-1.213802,-0.66265,0.37255
150488949318519,67.741525,-0.072416,-0.403297,0.433874
150488959319395,67.751525,0.952852,-0.015485,0.303771
150488969320095,67.761526,1.350902,0.510844,-0.202181
150488979320937,67.771527,0.679972,0.943842,-0.781311
150488989321629,67.781528,-0.465103,0.789397,-0.931771
150488999322227,67.791528,-1.299409,0.119462,-0.606633
150489009323073,67.801529,-1.169744,-0.201172,-0.001975
150489019323994,67.811530,-0.548588,0.503023,-0.011082
150489029324715,67.821531,0.822094,0.576341,0.15277
150489039325333,67.831531,1.714218,0.495123,0.019899
150489049326169,67.841532,2.205716,0.246082,-0.047691
150489059326842,67.851533,2.508923,-0.411141,0.229729
150489069327688,67.861534,2.375892,-0.501172,0.398896
150489079328391,67.871534,2.186466,0.088421,0.38243
150489089329237,67.881535,1.720201,0.829429,0.207321
150489099329922,67.891536,0.804533,1.34046,-0.059083
150489109330758,67.901537,-0.371345,1.073734,-0.071325
150489119331456,67.911537,-1.11028,0.432083,0.214102
150489129332289,67.921538,-1.14522,0.126648,0.443452
150489139332994,67.931539,-0.442502,0.225733,0.454008
150489149333840,67.941540,0.417691,0.549156,0.131621
150489159334538,67.951541,0.822019,0.842536,-0.41037
150489169335163,67.961541,0.149616,0.941255,-0.888197
150489179336078,67.971542,-0.746958,0.743924,-0.918507
150489189336694,67.981543,-1.190323,-0.129326,-0.492538
150489199337520,67.991544,-0.734376,-0.922137,0.09164
150489209338217,68.001544,0.450831,-0.814734,0.274839
150489219339061,68.011545,1.849005,-0.665641,0.426481
150489229339770,68.021546,2.279645,-0.366649,0.127617
150489239340614,68.031547,1.836015,-0.120018,-0.386234
150489249341317,68.041547,0.456722,-0.220735,-0.764404
150489259342161,68.051548,-0.921178,-0.515007,-0.887027
150489269342850,68.061549,-1.807252,-0.604566,-0.863016
150489279343710,68.071550,-2.408432,0.026319,-1.13606
150489289344402,68.081550,-2.504348,0.553123,-1.128042
150489299345000,68.091551,-2.003147,0.036231,-0.666036
150489309345846,68.101552,-0.995807,-0.844327,-0.11934
150489319346524,68.111553,0.126372,-1.217879,0.245538
150489329347370,68.121553,1.421971,-1.128916,0.351607
150489339348058,68.131554,2.412858,-0.566227,0.151016
150489349348912,68.141555,2.632441,0.031013,-0.331856
150489359349604,68.151556,1.452854,0.366549,-0.71503
150489369350455,68.161556,-0.245121,0.267347,-0.530347
150489379351143,68.171557,-1.393738,-0.469043,0.214687
150489389351989,68.181558,-1.777059,-0.948134,0.734456
150489399352611,68.191559,-0.990138,-0.596048,0.853387
150489409353517,68.201560,0.462994,-0.043241,0.556316
150489419354191,68.211560,1.340036,0.27921,-0.209733
150489429355037,68.221561,1.109945,0.085488,-0.743713
150489439355668,68.231562,0.282917,-0.220496,-0.905236
150489449356361,68.241562,-0.660954,-0.157879,-0.730293
150489459357217,68.251563,-1.281038,0.019667,-0.328597
150489469357909,68.261564,-1.447462,0.330452,-0.101972
150489479358763,68.271565,-1.121061,0.48598,0.098359
150489489359381,68.281565,-0.314681,-0.018032,0.690713
150489499360293,68.291566,0.402938,-0.279819,1.044162
150489509360914,68.301567,1.40502,-0.157737,0.842588
150489519361597,68.311568,2.106931,-0.208034,0.627107
150489529362535,68.321569,1.996322,-0.188899,0.180298
150489539363379,68.331569,1.577825,-0.26139,0.051363
150489549364071,68.341570,0.943701,-0.493762,0.189386
150489559364694,68.351571,0.633306,-0.636367,0.534951
150489569365540,68.361572,0.460598,-0.674166,0.751967
150489579366245,68.371572,0.548535,-0.577272,0.923018
150489589367096,68.381573,0.790678,-0.629385,0.98711
150489599367774,68.391574,0.813692,-0.739412,0.850603
150489609368624,68.401575,0.650098,-0.856674,0.704756
150489619369307,68.411575,0.142073,-0.804293,0.455578
150489629370153,68.421576,-0.267529,-0.694674,0.406929
150489639370775,68.431577,-0.763677,-0.6421,0.467339
150489649371467,68.441577,-0.971851,-0.478168,0.573792
150489659372323,68.451578,-0.969872,-0.377791,0.711579
150489669373015,68.461579,-1.10511,-0.49673,0.688683
150489679373857,68.471580,-1.010993,-0.803071,0.688275
150489689374549,68.481581,-0.48558,-1.164266,0.824647
150489699375393,68.491581,0.265735,-1.435105,0.894353
150489709376082,68.501582,0.848927,-1.540383,0.892614
150489719376913,68.511583,1.395837,-1.465745,0.867538
150489729377525,68.521584,1.442161,-1.344509,0.809817
150489739378198,68.531584,1.058747,-1.400506,0.779001
150489749379045,68.541585,0.410054,-1.479087,0.735661
150489759379751,68.551586,-0.071169,-1.553847,0.760582
150489769380595,68.561587,-0.326409,-1.557287,0.771359
150489779381303,68.571587,-0.51958,-1.489719,0.752586
150489789382134,68.581588,-0.224578,-1.401849,0.633762
150489799382850,68.591589,-0.063068,-1.228867,0.486025
150489809383467,68.601589,-0.151847,-0.85211,0.22808
150489819384380,68.611590,-0.358367,-0.55007,0.130864
150489829385225,68.621591,-0.708938,-0.553377,0.299655
150489839385847,68.631592,-0.861683,-0.726789,0.576109
150489849386542,68.641593,-0.537324,-0.911947,0.855146
150489859387384,68.651593,0.127504,-0.955357,1.061024
150489869388076,68.661594,0.966474,-0.858378,0.910006
150489879388922,68.671595,1.468637,-0.872843,0.693697
150489889389544,68.681596,1.334144,-1.022566,0.584318
150489899390474,68.691596,1.199272,-1.104345,0.537328
150489909391166,68.701597,1.252772,-1.131055,0.63187
150489919391798,68.711598,1.352022,-1.064543,0.70105
150489929392721,68.721599,1.608058,-1.041474,0.678774
150489939393332,68.731599,1.629582,-1.086019,0.555239
150489949394164,68.741600,1.279234,-0.843956,0.361299
150489959394858,68.751601,0.593203,-0.379976,0.128866
150489969395691,68.761602,-0.190102,0.053683,0.003775
150489979396304,68.771602,-0.581172,0.236759,-0.01193
150489989396996,68.781603,-0.929465,0.202921,0.183589
150489999397842,68.791604,-1.103447,0.076262,0.518479
150490009398535,68.801605,-0.62863,-0.202457,0.911248
150490019399367,68.811605,0.408494,-0.422984,1.052217
150490029400049,68.821606,1.315263,-0.729517,1.042384
150490039400898,68.831607,2.003352,-0.857967,0.828511
150490049401516,68.841608,2.643439,-0.761122,0.476712
150490059402437,68.851608,2.359748,-0.399916,0.137098
150490069403083,68.861609,1.604122,0.044681,-0.099083
150490079403980,68.871610,0.619101,0.049013,0.057895
150490089404597,68.881611,-0.307296,-0.003176,0.163272
150490099405285,68.891611,-0.955998,0.062498,0.407416
150490109406133,68.901612,-1.085589,0.266779,0.549737
150490119406775,68.911613,-0.819884,0.40629,0.494196
150490129407692,68.921614,-0.177295,0.136399,0.450597
150490139408384,68.931614,0.395795,0.016748,0.352361
150490149409002,68.941615,0.678824,0.217006,0.259398
150490159409852,68.951616,0.888069,0.043439,0.280963
150490169410544,68.961617,1.077958,-0.391255,0.509996
150490179411383,68.971617,1.041467,-0.774596,0.744409
150490189412090,68.981618,1.056881,-0.900518,0.750331
150490199412716,68.991619,1.234925,-0.954497,0.591574
150490209413577,69.001620,1.289459,-1.10971,0.488875
150490219414255,69.011620,1.43589,-1.387512,0.340631
150490229415088,69.021621,0.684877,-1.32934,0.119126
150490239415763,69.031622,-0.344666,-1.362247,-0.080676
150490249416628,69.041623,-1.206329,-1.371666,-0.045295
150490259417246,69.051623,-1.75869,-1.165063,0.014673
150490269418167,69.061624,-1.877978,-1.0321,0.098968
150490279418775,69.071625,-1.964983,-0.970741,0.19865
150490289419462,69.081625,-2.103987,-0.904245,0.23305
150490299420297,69.091626,-2.099183,-0.924859,0.297281
150490309420989,69.101627,-1.961505,-0.996385,0.500285
150490319421837,69.111628,-1.520734,-0.980989,0.49202
150490329422523,69.121629,-0.942048,-1.127618,0.559133
150490339423374,69.131629,-0.751462,-1.303749,0.491355
150490349423996,69.141630,-0.420636,-1.343985,0.346174
150490359424688,69.151631,-0.175383,-1.072977,0.129211
150490369425530,69.161632,-0.627141,-0.700362,-0.267144
150490379426206,69.171632,-0.973171,-0.634718,-0.423781
150490389427066,69.181633,-1.164526,-0.858642,-0.329706
150490399427773,69.191634,-1.267654,-0.795805,-0.441433
150490409428391,69.201634,-1.073994,-0.770213,-0.399345
150490419429237,69.211635,-0.577486,-0.619692,-0.369562
150490429429922,69.221636,-0.145912,-0.329563,-0.437869
150490439430769,69.231637,0.628323,-0.270973,-0.486854
150490449431415,69.241637,0.771837,-0.259451,-0.516699
150490459432111,69.251638,0.783695,-0.150542,-0.412399
150490469432957,69.261639,0.772737,-0.14317,-0.184301
150490479433650,69.271640,0.767226,-0.103297,0.11855
150490489434494,69.281640,1.122095,-0.009367,0.384966
150490499435172,69.291641,1.053958,0.333829,0.399722
150490509436003,69.301642,1.102221,0.414306,0.643445
150490519436696,69.311643,0.764932,0.244261,0.993999
150490529437542,69.321644,0.441834,0.303652,1.181707
150490539438149,69.331644,0.215085,0.610399,1.227004
150490549438840,69.341645,-0.213407,1.052841,0.911093
150490559439702,69.351646,-0.57894,1.142115,0.508684
150490569440407,69.361646,-1.076362,0.918607,0.214854
150490579441025,69.371647,-1.316843,0.511128,-0.002287
150490589441871,69.381648,-0.605005,0.259775,-0.155173
150490599442548,69.391649,0.257057,0.550209,-0.333304
150490609443407,69.401649,0.681788,0.815472,-0.423311
150490619444071,69.411650,0.463623,0.845098,-0.622559
150490629444912,69.421651,-0.332796,0.634682,-0.552235
150490639445589,69.431652,-0.676802,0.101737,-0.275013
150490649446435,69.441652,-0.487645,-0.399953,0.158805
150490659447053,69.451653,0.226217,-0.686088,0.446347
150490669447745,69.461654,1.261712,-0.97143,0.872963
150490679448618,69.471655,1.769621,-0.96329,0.945654
150490689449326,69.481655,2.489312,-1.022652,1.073013
150490699449939,69.491656,2.471471,-1.051013,0.936554
150490709450794,69.501657,1.422745,-0.842752,0.555464
150490719451478,69.511657,0.121809,-0.645236,0.217426
150490729452293,69.521658,-1.066602,-0.443,0.020103
150490739452970,69.531659,-2.329867,-0.081475,-0.295655
150490749453587,69.541660,-3.433683,0.0537,-0.505145
150490759454511,69.551661,-3.605096,-0.231307,-0.418583
150490769455131,69.561661,-3.080314,-0.572666,-0.143997
150490779455962,69.571662,-1.413592,-0.590634,0.126088
150490789456652,69.581663,0.056802,-0.487393,0.261005
150490799457280,69.591663,1.087607,-0.432446,0.268751
150490809458160,69.601664,1.748101,-0.490549,0.21274
150490819458852,69.611665,1.247906,-0.307655,0.0429
150490829459692,69.621666,0.320976,-0.133717,0.081308
150490839460386,69.631666,-0.514395,-0.323521,0.287081
150490849461217,69.641667,-1.016054,-0.609588,0.732721
150490859461887,69.651668,-0.652565,-0.745255,0.941079
150490869462510,69.661669,0.500979,-1.117878,1.295072
150490879463354,69.671669,1.39256,-1.120696,1.261729
150490889464048,69.681670,1.836129,-0.746955,1.019384
150490899464918,69.691671,1.589878,-0.233979,0.77514
150490909465633,69.701672,-0.096714,0.221412,0.426601
150490919466479,69.711672,-1.318128,0.612233,0.197524
150490929467096,69.721673,-2.155571,0.973264,-0.012321
150490939467782,69.731674,-2.712346,0.886199,0.198753
150490949468623,69.741675,-2.557154,0.227834,0.535701
150490959469317,69.751675,-1.661679,-0.069103,0.989506
150490969470166,69.761676,-0.213136,0.263643,1.228611
150490979470779,69.771677,0.983532,0.564157,1.187423
150490989471457,69.781677,1.817284,0.435572,1.069249
150490999472320,69.791678,1.70751,0.574873,0.714793
150491009473013,69.801679,0.827825,0.754839,0.530686
150491019473859,69.811680,-0.210617,0.562321,0.533867
150491029474476,69.821680,-0.474716,0.631097,0.583127
150491039475183,69.831681,-0.404939,0.93636,0.576584
150491049476027,69.841682,0.16927,0.623413,0.892363
150491059476719,69.851683,0.96989,0.007608,1.148485
150491069477308,69.861683,1.807847,-0.13709,1.200731
150491079478141,69.871684,2.427344,0.137505,1.196119
150491089478823,69.881685,2.907354,0.694753,0.96118
150491099479669,69.891686,2.238404,1.033947,0.700959
150491109480360,69.901686,0.633839,1.010316,0.791847
150491119481211,69.911687,-0.552165,0.427615,1.231294
150491129481842,69.921688,-0.805411,-0.105422,1.698516
150491139482532,69.931689,0.159407,-0.210748,1.959456
150491149483386,69.941689,1.2966,-0.395136,2.007032
150491159484078,69.951690,1.979382,-0.510555,1.694491
150491169484693,69.961691,1.75394,-0.435662,1.063385
150491179485521,69.971692,0.409826,-0.102134,0.391849
150491189486227,69.981692,-0.844532,0.220912,0.051479
150491199487071,69.991693,-2.100542,0.181955,-0.160665
150491209487763,70.001694,-3.13706,-0.217273,-0.2782
150491219488610,70.011695,-3.643775,-0.331221,-0.455919
150491229489227,70.021695,-3.145515,-0.440852,-0.3136
150491239489942,70.031696,-1.946569,-0.683546,0.021799
150491249490786,70.041697,-0.47426,-0.863983,0.191309
150491259491494,70.051697,0.929257,-1.031964,0.33773
150491269492335,70.061698,1.824913,-1.091843,0.317792
150491279493027,70.071699,2.032214,-0.940999,0.385242
150491289493649,70.081700,1.430331,-0.732696,0.458329
150491299494493,70.091700,0.142792,-0.791926,0.650018
150491309495106,70.101701,-0.792599,-0.943635,0.949217
150491319495808,70.111702,-0.805892,-0.834623,1.187892
150491329496649,70.121703,-0.277538,-0.449683,1.059488
150491339497339,70.131703,0.419839,-0.315105,0.802621
150491349498178,70.141704,0.463422,-0.560851,0.644595
150491359498855,70.151705,0.101789,-0.719028,0.41084
150491369499472,70.161705,-0.078242,-0.567505,0.335447
150491379500332,70.171706,-0.360406,-0.061788,0.246064
150491389501023,70.181707,-0.402204,0.465289,0.203538
150491399501866,70.191708,-0.691369,0.833835,0.200854
150491409502528,70.201709,-1.059648,0.912834,0.390226
150491419503145,70.211709,-1.410951,0.562291,0.613003
150491429503987,70.221710,-1.018295,0.145048,0.970318
150491439504667,70.231711,-0.119779,0.10081,1.053968
150491449505284,70.241711,1.065187,0.503378,0.799656
150491459506127,70.251712,1.791889,0.949501,0.236746
150491469506818,70.261713,2.066999,0.760306,0.083109
150491479507655,70.271714,1.603486,0.278073,0.338324
150491489508330,70.281714,1.143304,-0.164954,0.84611
150491499509182,70.291715,1.426935,0.018198,1.239899
150491509509869,70.301716,2.077209,0.482712,1.343262
150491519510501,70.311717,2.105712,0.971625,1.086806
150491529511348,70.321717,1.606814,1.310275,0.663088
150491539512043,70.331718,0.428898,1.079785,0.45854
150491549512860,70.341719,-0.6285,0.538562,0.760176
150491559513477,70.351719,-0.838104,0.126677,1.145511
150491569514175,70.361720,-0.329787,0.046197,1.442905
150491579515040,70.371721,0.558733,-0.090205,1.468299
150491589515734,70.381722,1.12776,-0.430485,1.316206
150491599516357,70.391722,0.664978,-0.563398,0.882346
150491609517218,70.401723,0.077862,-0.536545,0.422676
150491619517908,70.411724,-0.576969,-0.633348,0.334152
150491629518751,70.421725,-1.264299,-0.918804,0.31972
150491639519442,70.431725,-1.662857,-0.986874,0.246134
150491649520059,70.441726,-2.058368,-0.763629,0.005586
150491659520919,70.451727,-1.892785,-0.573909,-0.044094
150491669521596,70.461728,-2.043116,-0.212821,-0.395172
150491679522427,70.471728,-2.145766,-0.034364,-0.717844
150491689523049,70.481729,-1.745565,-0.418194,-0.60773
150491699523737,70.491730,-1.313882,-1.073021,-0.187889
150491709524564,70.501731,-0.466683,-1.465392,0.385037
150491719525270,70.511731,0.65857,-1.192615,0.750646
150491729525885,70.521732,1.21298,-0.599481,0.700214
150491739526718,70.531733,1.520988,-0.179288,0.621408
150491749527419,70.541733,0.635829,0.097055,0.233876
150491759528270,70.551734,-0.490729,0.0771,0.200819
150491769528960,70.561735,-1.341111,-0.288367,0.566482
150491779529578,70.571736,-1.744248,-0.545498,0.885313
150491789530424,70.581736,-1.22206,-0.388774,0.963422
150491799531116,70.591737,-0.037904,-0.02241,0.767335
150491809531718,70.601738,0.878989,0.119892,0.516055
150491819532559,70.611739,1.18689,-0.001072,0.279438
150491829533236,70.621739,1.039608,-0.265254,0.361604
150491839534102,70.631740,0.440506,-0.313068,0.585129
150491849534793,70.641741,-0.225676,-0.165483,0.759678
150491859535410,70.651741,-0.348843,0.079823,0.896125
150491869536275,70.661742,-0.940409,0.156177,0.685438
150491879536966,70.671743,-1.33212,0.472573,0.577186
150491889537814,70.681744,-1.629626,0.608279,0.176543
150491899538438,70.691744,-1.238552,0.189867,0.417993
150491909539131,70.701745,-1.182617,-0.050724,0.420439
150491919539977,70.711746,-1.001307,-0.150107,0.575149
150491929540653,70.721747,-0.549541,-0.222286,0.672209
150491939541247,70.731747,-0.096771,-0.027641,0.410196
150491949542093,70.741748,0.026615,0.11253,0.255168
150491959542790,70.751749,0.054137,0.235954,0.155898
150491969543626,70.761750,0.085371,0.081073,0.134576
150491979544322,70.771750,0.153368,-0.015402,0.204015
150491989544944,70.781751,0.04916,0.140203,-0.00703
150491999545804,70.791752,0.097473,0.341346,-0.191075
150492009546415,70.801752,0.216588,0.555845,-0.346436
150492019547350,70.811753,0.018918,0.825513,-0.359029
150492029547977,70.821754,0.154413,0.57438,0.255211
150492039548655,70.831755,0.41553,0.08676,0.827448
150492049549509,70.841756,1.172899,-0.392564,1.299637
150492059550126,70.851756,2.584657,-0.730843,1.648309
150492069550809,70.861757,3.839249,-0.596047,1.537479
150492079551658,70.871758,4.233855,-0.306164,1.120869
150492089552350,70.881758,3.568118,-0.010105,0.759277
150492099553196,70.891759,2.097072,-0.005172,0.798968
150492109553813,70.901760,0.48162,-0.296123,1.146892
150492119554521,70.911761,-0.67286,-0.317963,1.2866
150492129555379,70.921761,-1.652891,0.068481,1.324289
150492139556086,70.931762,-2.245965,0.745609,1.183505
150492149556699,70.941763,-2.390453,1.152684,1.056964
150492159557545,70.951764,-3.261821,1.091141,0.812897
150492169558235,70.961764,-3.550406,0.816486,0.787368
150492179558838,70.971765,-3.459539,0.649829,0.855696
150492189559679,70.981766,-2.570904,0.565163,0.986525
150492199560374,70.991766,-1.3856,0.233654,1.110102
150492209561220,71.001767,-0.206794,-0.052641,0.93639
150492219561903,71.011768,1.066405,-0.256491,0.792463
150492229562520,71.021769,1.847999,-0.490767,0.855852
150492239563369,71.031769,2.213742,-0.658266,0.831327
150492249564048,71.041770,2.434585,-0.803737,0.855128
150492259564674,71.051771,2.43244,-0.79871,0.80326
150492269565525,71.061772,2.107093,-0.791691,0.794076
150492279566231,71.071772,1.519442,-0.621864,0.637075
150492289567076,71.081773,0.769945,-0.23648,0.385066
150492299567693,71.091774,-0.240633,0.21691,-0.088195
150492309568385,71.101774,-0.612038,0.414363,-0.147483
150492319569225,71.111775,-0.677077,0.287844,-0.034681
150492329569842,71.121776,-0.441245,-0.220733,0.393998
150492339570763,71.131777,0.355867,-0.536587,0.847846
150492349571385,71.141777,1.233552,-0.810552,1.186607
150492359572076,71.151778,1.757041,-0.840179,1.38659
150492369572940,71.161779,2.337173,-0.59163,1.328704
150492379573548,71.171780,2.373441,-0.363137,1.215592
150492389574227,71.181780,1.283462,-0.039941,0.817459
150492399575073,71.191781,-0.038015,0.093504,0.526887
150492409575688,71.201782,-0.878589,0.13877,0.416002
150492419576395,71.211782,-1.235613,0.309085,0.346997
150492429577239,71.221783,-1.419416,0.343131,0.277247
150492439577856,71.231784,-0.931413,0.427596,0.221884
150492449578781,71.241785,-0.61032,0.651054,0.014222
150492459579395,71.251785,-0.407064,0.712593,-0.021205
150492469580057,71.261786,-0.217876,0.159997,0.353267
150492479580688,71.271787,0.167637,-0.431976,0.942591
150492489581535,71.281788,0.619689,-0.335835,1.390092
150492499582211,71.291788,0.622981,0.084652,1.429716
150492509583059,71.301789,0.77888,0.258871,1.526603
150492519583689,71.311790,0.57333,0.375374,1.243053
150492529584366,71.321790,0.067848,0.113062,0.988687
150492539585212,71.331791,-0.165683,-0.090349,0.820273
150492549585823,71.341792,-0.04739,-0.205695,0.66448
150492559586516,71.351793,-0.093563,-0.187312,0.494029
150492569587374,71.361793,-0.122502,0.010086,0.289842
150492579588068,71.371794,-0.319887,0.139621,0.067366
150492589588912,71.381795,-0.423049,-0.041162,0.044296
150492599589544,71.391796,-0.602325,-0.473945,0.109498
150492609590238,71.401796,-0.457229,-0.632224,0.067928
150492619590872,71.411797,-0.137804,-0.420458,-0.08535
150492629591795,71.421798,0.181164,-0.122517,-0.215713
150492639592405,71.431798,-0.062724,0.095766,-0.398796
150492649593251,71.441799,-0.291258,0.312279,-0.547743
150492659593951,71.451800,-0.621259,0.423305,-0.410905
150492669594554,71.461801,-0.863338,0.279272,-0.135625
150492679595409,71.471801,-0.363331,-0.151696,0.221873
150492689596110,71.481802,0.604629,-0.411453,0.435857
150492699596956,71.491803,1.276116,-0.364762,0.373821
150492709597588,71.501804,2.133595,-0.501235,0.552006
150492719598274,71.511804,2.907748,-0.671095,0.576531
150492729599120,71.521805,2.962111,-0.769299,0.474116
150492739599722,71.531806,2.522202,-0.64128,0.411424
150492749600414,71.541806,1.802991,-0.178421,0.155397
150492759601259,71.551807,0.850879,0.342195,-0.065912
150492769601951,71.561808,-0.490552,0.714166,-0.236668
150492779602554,71.571809,-1.60186,1.001853,-0.332803
150492789603401,71.581809,-2.616464,0.924786,-0.223055
150492799604016,71.591810,-3.205723,0.734113,-0.05467
150492809604698,71.601811,-2.899507,0.232162,0.254412
150492819605314,71.611811,-1.298693,-0.053098,0.433684
150492829606227,71.621812,0.294625,-0.034559,0.331726
150492839607076,71.631813,1.554098,-0.243486,0.19777
150492849607693,71.641814,1.754098,-0.468236,0.164518
150492859608375,71.651814,1.812902,-0.535527,0.153334
150492869608992,71.661815,1.449667,-0.689464,0.210818
150492879609840,71.671816,0.572122,-0.883583,0.407258
150492889610545,71.681817,-0.088369,-0.971393,0.493274
150492899611374,71.691817,-0.108632,-1.033506,0.53492
150492909611996,71.701818,-0.025691,-0.96487,0.440105
150492919612702,71.711819,0.086635,-0.702572,0.201629
150492929613538,71.721820,-0.237176,-0.457189,-0.015638
150492939614155,71.731820,-0.633283,-0.267015,-0.177017
150492949614847,71.741821,-1.029749,-0.248611,-0.275455
150492959615677,71.751822,-1.228102,-0.09199,-0.333584
150492969616384,71.761822,-1.05606,-0.055619,-0.197742
150492979617011,71.771823,-0.39491,-0.161355,0.078144
150492989617851,71.781824,0.45969,-0.625023,0.791981
150492999618468,71.791824,1.529967,-1.214339,1.558552
150493009619160,71.801825,2.657421,-1.631007,1.981888
150493019620019,71.811826,3.922333,-2.052368,2.482765
150493029620635,71.821827,4.692136,-2.306717,2.775582
150493039621341,71.831827,4.947683,-2.497552,2.813393
150493049622185,71.841828,4.630617,-2.462316,2.534567
150493059622794,71.851829,3.16078,-2.155999,1.990006
150493069623486,71.861829,1.254909,-1.621264,1.394699
150493079624349,71.871830,-0.23274,-1.18688,1.068167
150493089625042,71.881831,-1.891107,-0.775407,0.855555
150493099625640,71.891832,-3.432184,-0.474718,0.622088
150493109626486,71.901832,-4.396203,-0.465581,0.45338
150493119627196,71.911833,-4.469498,-0.788829,0.504456
150493129628037,71.921834,-3.087702,-1.179515,0.913983
150493139628664,71.931835,-1.361971,-1.301206,1.100788
150493149629339,71.941835,-0.061282,-1.297827,1.132975
150493159630186,71.951836,0.707937,-1.20773,0.992512
150493169630803,71.961837,1.05665,-0.922662,0.820394
150493179631495,71.971837,0.6435,-0.723823,0.641988
150493189632107,71.981838,-0.319224,-0.816778,0.717974
150493199632948,71.991839,-1.06979,-0.917388,0.726527
150493209633638,72.001840,-1.26803,-0.924675,0.569467
150493219634456,72.011840,-0.706709,-0.906097,0.210883
150493229635074,72.021841,-0.108314,-0.822773,-0.237234
150493239635764,72.031842,0.082009,-0.818266,-0.255888
150493249636612,72.041843,0.380327,-0.875994,-0.099861
150493259637298,72.051843,0.812173,-0.949155,0.268029
150493269637900,72.061844,0.800457,-0.88571,0.577458
150493279638759,72.071845,1.084633,-0.898322,0.807697
150493289639372,72.081845,0.995246,-0.874014,0.908895
150493299640052,72.091846,0.469541,-0.359734,0.591501
150493309640903,72.101847,-0.27395,-0.119323,0.253693
150493319641596,72.111848,-0.712933,0.070438,0.068558
150493329642218,72.121848,-1.098012,0.087498,0.101596
150493339643054,72.131849,-1.521871,-0.110182,0.313039
150493349643670,72.141850,-1.238103,-0.349066,0.367302
150493359644376,72.151850,-0.192489,-0.566824,0.285635
150493369645225,72.161851,0.767254,-0.596201,0.059614
150493379645922,72.171852,1.216576,-0.285229,-0.023052
150493389646525,72.181853,0.97929,-0.010234,-0.27954
150493399647384,72.191853,0.024011,-0.07683,-0.063641
150493409648076,72.201854,-0.628288,-0.124377,0.168465
150493419648694,72.211855,-0.827499,-0.110446,0.375109
150493429649538,72.221856,-0.421062,-0.177805,0.385411
150493439650150,72.231856,0.437246,-0.491088,0.272868
150493449650867,72.241857,1.209555,-0.493476,0.142801
150493459651727,72.251858,1.909617,-0.400346,0.103012
150493469652422,72.261858,2.105096,-0.6442,0.26452
150493479653030,72.271859,2.264691,-0.830378,0.477244
150493489653879,72.281860,2.039846,-0.764408,0.580113
150493499654482,72.291860,1.186788,-0.51367,0.562463
150493509655174,72.301861,0.333127,-0.209742,0.388005
150493519656006,72.311862,-0.494288,-0.00613,0.239647
150493529656607,72.321863,-1.128465,0.490371,-0.217427
150493539657294,72.331863,-1.511371,0.671004,-0.621723
150493549657910,72.341864,-1.736283,0.221514,-0.675834
150493559658756,72.351865,-1.566196,-0.258183,-0.626926
150493569659446,72.361865,-0.330477,-0.904735,-0.079027
150493579660294,72.371866,0.898377,-1.1225,0.36324
150493589660910,72.381867,1.901331,-0.894393,0.261431
150493599661602,72.391868,2.496204,-0.677745,0.231703
150493609662218,72.401868,2.499578,-0.30921,0.204932
150493619663064,72.411869,1.407104,-0.241303,0.290969
150493629663740,72.421870,0.189809,-0.354286,0.292961
150493639664588,72.431871,-0.80428,-0.410649,0.279433
150493649665218,72.441871,-1.47244,-0.429102,0.468493
150493659665905,72.451872,-1.132586,-0.353708,0.332455
150493669666515,72.461873,-0.219762,-0.372597,0.278925
150493679667372,72.471873,0.174226,-0.464763,-0.06635
150493689668064,72.481874,0.329229,-0.401919,-0.569968
150493699668679,72.491875,-0.227752,-0.304698,-0.421771
150493709669540,72.501876,-0.740133,-0.208301,-0.252029
150493719670232,72.511876,-1.138909,-0.040184,0.193627
150493729670852,72.521877,-1.511854,-0.083558,0.434625
150493739671698,72.531878,-1.107519,-0.19886,0.166355
150493749672389,72.541878,-0.112845,-0.349003,-0.225797
150493759673248,72.551879,1.076809,-0.577707,-0.412505
150493769673865,72.561880,1.979633,-0.668699,-0.365196
150493779674558,72.571881,2.348043,-0.959116,-0.175946
150493789675173,72.581881,2.175684,-1.303729,-0.083972
150493799676019,72.591882,1.946591,-1.082112,-0.108724
150493809676710,72.601883,1.708209,-1.177249,0.026519
150493819677314,72.611883,1.163724,-0.848724,0.014285
150493829678143,72.621884,0.258261,-0.555765,0.103455
150493839678836,72.631885,-0.275915,-0.391705,0.254938
150493849679463,72.641885,-0.725859,-0.276503,0.24172
150493859680307,72.651886,-0.75803,-0.254011,0.058064
150493869681004,72.661887,-0.708734,-0.469968,-1.74E-4
150493879681615,72.671888,-0.920976,-0.530104,-0.27294
150493889682463,72.681888,-0.902398,-0.661713,-0.45934
150493899683153,72.691889,-1.257372,-0.862714,-0.559128
150493909683771,72.701890,-1.402643,-0.754112,-0.797663
150493919684386,72.711890,-1.566124,-1.005155,-0.718794
150493929685232,72.721891,-1.213646,-0.811106,-0.64739
150493939685923,72.731892,-0.496702,-0.704813,-0.414107
150493949686540,72.741893,0.080519,-0.718232,-0.604841
150493959687389,72.751893,0.023989,-0.710757,-0.884994
150493969688084,72.761894,-0.227987,-0.549967,-1.149874
150493979688928,72.771895,-0.728498,-0.725853,-1.006227
150493989689545,72.781896,-1.153944,-0.859167,-0.897335
150493999690242,72.791896,-1.170049,-1.175863,-0.401666
150494009691072,72.801897,-0.646437,-1.346582,-0.106673
150494019691703,72.811898,0.298273,-1.401153,0.060328
150494029692397,72.821898,0.859292,-1.345926,0.29657
150494039693015,72.831899,1.63077,-1.138605,0.680865
150494049693871,72.841900,2.113302,-1.153522,1.120479
150494059694481,72.851900,1.772072,-1.126597,1.100382
150494069695403,72.861901,1.250823,-1.072238,0.875884
150494079695789,72.871902,0.311737,-0.773064,0.559399
150494089696712,72.881903,-0.256993,-0.456491,0.112066
150494099697328,72.891903,-0.725204,-0.160828,-0.170428
150494109697957,72.901904,-1.296701,0.317235,-0.364856
150494119698880,72.911905,-1.475299,0.348342,-0.327137
150494129699496,72.921905,-1.278469,0.181118,-0.121039
150494139700335,72.931906,-0.685906,-0.0581,0.189866
150494149700952,72.941907,0.145091,-0.346153,0.52641
150494159701648,72.951908,1.069676,-0.339596,0.592734
150494169702265,72.961908,1.673896,-0.308638,0.532605
150494179703106,72.971909,2.271455,-0.185146,0.340077
150494189703736,72.981910,2.418361,-0.071547,0.150303
150494199704414,72.991910,1.906449,0.034285,-0.007578
150494209705260,73.001911,1.250435,0.143903,-0.004964
150494219705950,73.011912,0.598685,0.175493,0.14492
150494229706568,73.021913,0.60312,0.068545,0.568
150494239707404,73.031913,1.338113,-0.071928,0.885989
150494249708089,73.041914,1.662242,0.178636,0.784449
150494259708722,73.051915,2.179521,0.599057,0.432755
150494269709566,73.061916,2.064298,0.886725,0.166769
150494279710183,73.071916,1.240324,1.076525,0.103025
150494289710876,73.081917,0.551881,1.043109,0.408418
150494299711476,73.091917,-0.059206,0.762784,0.629027
150494309712399,73.101918,0.379313,0.308691,0.920027
150494319713248,73.111919,1.705965,-0.086259,1.201421
150494329713864,73.121920,2.451472,-0.188418,1.188391
150494339714476,73.131920,3.186095,-0.645365,1.220303
150494349715171,73.141921,3.785198,-1.045934,1.28091
150494359715789,73.151922,3.816878,-1.075534,1.178446
150494369716635,73.161923,2.767686,-0.93297,1.000138
150494379717556,73.171924,1.230073,-0.838569,0.770912
150494389717936,73.181924,0.052177,-0.810746,0.612186
150494399718846,73.191925,-1.078435,-0.742239,0.151448
150494409719458,73.201925,-2.241078,-0.419457,-0.335114
150494419720072,73.211926,-2.859499,-0.110283,-0.850243
150494429720932,73.221927,-3.117452,0.275469,-1.326583
150494439721535,73.231928,-3.285895,0.657297,-1.525603
150494449722226,73.241928,-3.128351,0.689102,-1.555644
150494459722843,73.251929,-2.544435,0.215343,-1.279694
150494469723674,73.261930,-1.362985,-0.38063,-0.763722
150494479724581,73.271931,0.238586,-0.828989,-0.299268
150494489725199,73.281931,1.456812,-0.990311,0.151422
150494499725821,73.291932,2.622223,-1.178051,0.282472
150494509726515,73.301933,3.571199,-1.459967,0.449653
150494519727131,73.311933,4.162084,-1.52823,0.504345
150494529727970,73.321934,4.257027,-1.542388,0.522866
150494539728648,73.331935,3.394092,-1.460021,0.51653
150494549729266,73.341935,2.127452,-1.34037,0.422795
150494559730098,73.351936,1.159024,-1.42968,0.534239
150494569730794,73.361937,0.29075,-1.388467,0.583349
150494579731423,73.371937,-0.453432,-1.201922,0.360379
150494589732274,73.381938,-0.917372,-1.125283,0.121698
150494599732891,73.391939,-1.188172,-0.995473,-0.075559
150494609733582,73.401940,-1.56776,-0.833286,-0.147997
150494619734199,73.411940,-2.067955,-0.764979,-0.214803
150494629735044,73.421941,-2.564466,-0.661601,-0.151013
150494639735960,73.431942,-2.68812,-0.470758,-0.444982
150494649736592,73.441943,-2.36445,-0.757969,0.156897
150494659737207,73.451943,-1.818547,-0.537003,0.019031
150494669737892,73.461944,-1.334491,-0.487498,-0.155982
150494679738510,73.471945,-0.688636,-1.01592,-0.082706
150494689739125,73.481945,0.389525,-1.184617,-0.154162
150494699739971,73.491946,1.202309,-1.004145,-0.445653
150494709740664,73.501947,1.853117,-0.918907,-0.644153
150494719741587,73.511948,1.892702,-0.809252,-0.81409
150494729742221,73.521948,1.459372,-0.820215,-0.925223
150494739742852,73.531949,0.743748,-0.909009,-1.059001
150494749743698,73.541950,0.250971,-0.929268,-1.031532
150494759744313,73.551950,0.111904,-0.737388,-1.051427
150494769745006,73.561951,0.163553,-0.428346,-0.923269
150494779745845,73.571952,0.430653,-0.135654,-0.69178
150494789746462,73.581952,0.79998,-0.238797,-0.408718
150494799747383,73.591953,1.024906,-0.621033,-0.015834
150494809748001,73.601954,1.206725,-0.520185,-0.06724
150494819748606,73.611955,0.99474,0.051989,0.017181
150494829749296,73.621955,0.801332,0.735466,-0.047942
150494839750162,73.631956,0.102983,0.684235,-0.174695
150494849750779,73.641957,-0.464252,0.140857,-0.015255
150494859751476,73.651957,-0.44611,0.206578,-0.031676
150494869752321,73.661958,0.214235,0.777762,-0.03923
150494879753013,73.671959,0.816304,1.0304,-0.053433
150494889753859,73.681960,0.983443,0.864476,-0.086327
150494899754239,73.691960,1.021695,0.478066,-0.084135
150494909755082,73.701961,1.214478,-0.029842,0.001131
150494919755769,73.711962,1.386001,-0.339874,0.072623
150494929756371,73.721962,1.738739,-0.595331,0.178487
150494939757215,73.731963,1.705426,-0.536627,-0.103745
150494949757909,73.741964,1.294797,-0.578285,-0.366185
150494959758758,73.751965,0.47409,-0.515418,-0.643955
150494969759448,73.761965,-0.661875,-0.43364,-0.911748
150494979760061,73.771966,-1.883991,-0.549651,-1.043221
150494989760678,73.781967,-2.313891,-0.528301,-1.086919
150494999761525,73.791968,-2.320142,-0.36229,-1.155039
150495009762155,73.801968,-2.183172,-0.202968,-1.315973
150495019763071,73.811969,-1.316648,-0.534264,-1.141598
150495029763682,73.821970,-0.381044,-0.859395,-1.087938
150495039764605,73.831971,0.555389,-0.944179,-1.137969
150495049765193,73.841971,1.099278,-0.694726,-1.359049
150495059765787,73.851972,0.896,-0.342401,-1.660182
150495069766480,73.861972,0.252244,0.267079,-1.990478
150495079767321,73.871973,-0.674192,0.703331,-2.218852
150495089767948,73.881974,-1.782225,0.793777,-2.134625
150495099768653,73.891975,-2.937547,0.858447,-2.313884
150495109769280,73.901975,-2.568682,0.441873,-1.620819
150495119770203,73.911976,-0.953671,-0.221297,-0.757785
150495129770833,73.921977,1.194942,-0.763006,-0.249594
150495139771677,73.931978,4.249629,-1.072838,-0.002879
150495149772294,73.941978,7.381905,-0.945239,0.023734
150495159772990,73.951979,9.39297,-0.753147,0.836563
150495169773607,73.961980,9.926904,-0.555889,2.376882
150495179774439,73.971980,8.058158,-0.135071,3.29979
150495189775131,73.981981,4.240962,0.073795,2.988989
150495199776074,73.991982,1.101829,0.090197,2.565869
150495209776689,74.001983,-1.450709,0.725831,1.605931
150495219777304,74.011983,-3.567981,0.989044,0.114817
150495229778144,74.021984,-4.784491,0.872832,-1.259455
150495239778775,74.031985,-4.538232,0.538642,-1.749145
150495249779486,74.041985,-2.712136,0.092794,-0.832507
150495259780334,74.051986,-1.073437,0.140359,0.231885
150495269781022,74.061987,0.427252,0.162419,0.808244
150495279781859,74.071988,1.606337,0.622434,0.98307
150495289782553,74.081989,0.535278,2.363832,-0.442914
150495299783162,74.091989,-1.073252,2.800752,-1.467173
150495309783779,74.101990,-3.811433,2.242035,-2.065084
150495319784612,74.111991,-6.286484,1.455573,-2.902039
150495329785305,74.121991,-7.877484,0.931757,-3.511303
150495339786144,74.131992,-6.121015,0.478852,-3.424844
150495349786761,74.141993,-3.000168,-0.769918,-2.220954
150495359787696,74.151994,1.240373,-2.420591,-1.300501
150495369788403,74.161994,5.368422,-4.676959,0.27102
150495379788936,74.171995,8.699212,-5.734285,2.144291
150495389789615,74.181996,10.060995,-5.287718,3.302147
150495399790462,74.191996,9.567963,-4.526455,3.826282
150495409791159,74.201997,7.781412,-3.531982,3.751816
150495419791774,74.211998,4.900884,-2.822728,2.765174
150495429792621,74.221999,2.378588,-2.717076,2.193218
150495439793542,74.232000,0.272371,-2.444954,1.575843
150495449794145,74.242000,-1.641526,-2.305664,0.940394
150495459794835,74.252001,-3.599831,-2.533178,0.471938
150495469795433,74.262001,-5.040762,-2.93951,0.53395
150495479796275,74.272002,-5.689309,-3.194544,0.907164
150495489796964,74.282003,-5.623722,-3.410672,1.271665
150495499797592,74.292004,-5.023391,-3.509143,1.329434
150495509798438,74.302004,-4.327828,-3.626343,1.128347
150495519799364,74.312005,-3.967585,-3.855858,0.843472
150495529800058,74.322006,-3.708655,-3.833649,0.345876
150495539800643,74.332007,-3.917629,-3.2549,-0.576107
150495549801260,74.342007,-3.986791,-1.825744,-1.878673
150495559802110,74.352008,-4.009519,0.558256,-3.419061
150495569802803,74.362009,-4.349381,2.070921,-4.307038
150495579803648,74.372010,-5.445427,1.655211,-4.612354
150495589804256,74.382010,-6.770233,0.88186,-4.720669
150495599805177,74.392011,-6.665383,0.172888,-3.50455
150495609805870,74.402012,-5.100286,-0.074793,-1.972238
150495619806501,74.412013,-2.666577,-0.522161,-0.682275
150495629807103,74.422013,2.00009,-1.091437,0.5892
150495639807977,74.432014,7.642608,-1.337808,1.140443
150495649808682,74.442015,11.623482,-0.991722,0.651696
150495659809537,74.452016,12.384032,-0.495484,0.276096
150495669810155,74.462016,10.491646,-0.079437,0.26265
150495679811076,74.472017,7.730761,0.185268,0.760306
150495689811773,74.482018,5.772673,0.661508,1.26255
150495699812399,74.492018,4.294897,1.28312,1.103505
150495709813246,74.502019,3.020705,1.648119,0.64284
150495719813936,74.512020,1.8148,1.86536,0.109988
150495729814549,74.522021,0.719426,2.038918,-0.382687
150495739815456,74.532021,-0.115307,1.958022,-0.907327
150495749816072,74.542022,-0.528535,1.680377,-1.309284
150495759816931,74.552023,-0.563112,1.496316,-1.649719
150495769817625,74.562024,0.03184,1.130574,-1.749705
150495779818250,74.572024,1.572153,0.485432,-1.672545
150495789819111,74.582025,3.19254,0.058874,-1.730629
150495799819793,74.592026,4.301518,-0.182318,-1.813173
150495809820637,74.602027,4.915615,-0.40314,-1.665717
150495819821345,74.612027,4.742911,-0.194062,-1.318283
150495829821952,74.622028,3.598531,0.241569,-1.083019
150495839822885,74.632029,1.478752,0.302684,-0.82785
150495849823730,74.642030,-0.303256,0.299222,-0.515905
150495859824359,74.652030,-1.50614,0.201097,-0.11536
150495869825051,74.662031,-2.179748,0.123032,0.343322
150495879825664,74.672032,-1.375823,-0.162238,0.681615
150495889826585,74.682033,-0.092781,-0.346124,0.66359
150495899827217,74.692033,0.720836,-0.368961,0.384466
150495909828061,74.702034,1.003444,-0.223857,0.171503
150495919828763,74.712035,0.693911,-0.143719,0.198983
150495929829616,74.722036,-0.21262,-0.25814,0.221864
150495939830291,74.732036,-1.092236,-0.539097,0.179963
150495949830909,74.742037,-1.733923,-0.834,0.15131
150495959831755,74.752038,-2.044927,-1.116475,-0.028221
150495969832431,74.762038,-2.139832,-1.1716,-0.601131
150495979833025,74.772039,-1.76472,-1.330215,-0.9727
150495989833852,74.782040,-1.193668,-1.392985,-1.201474
150495999834773,74.792041,-0.833652,-1.361766,-1.25154
150496009835455,74.802041,-1.084096,-1.398826,-1.194945
150496019836035,74.812042,-1.416397,-1.338054,-0.869056
150496029836874,74.822043,-1.686283,-1.10419,-0.549565
150496039837462,74.832043,-1.893716,-0.989275,-0.228418
150496049838154,74.842044,-1.809311,-0.796689,-0.120651
150496059838987,74.852045,-1.677219,-0.451911,-0.208405
150496069839672,74.862046,-1.608766,-0.252344,-0.242664
150496079840606,74.872047,-1.371791,-0.181021,-0.301501
150496089841450,74.882047,-1.191744,-0.151575,-0.160075
150496099841830,74.892048,-0.944216,-0.386602,0.155307
150496109842684,74.902049,-0.289959,-0.771599,0.604406
150496119843376,74.912049,0.320981,-1.012177,0.813255
150496129844238,74.922050,1.374981,-1.071595,0.917773
150496139844908,74.932051,2.47848,-1.0264,0.857622
150496149845766,74.942052,3.201377,-0.872459,0.631732
150496159846461,74.952052,3.018304,-0.56651,0.300727
150496169847310,74.962053,2.032679,-0.695658,0.312735
150496179847925,74.972054,1.06745,-0.793837,0.485084
150496189848621,74.982055,0.470427,-0.549688,0.657117
150496199849503,74.992056,0.338531,-0.33405,0.732035
150496209850191,75.002056,0.357506,-0.177088,0.636204
150496219851037,75.012057,0.402833,0.093009,0.323084
150496229851739,75.022058,0.371698,0.345373,-0.065845
150496239852600,75.032059,-0.119545,0.450657,-0.144485
150496249853306,75.042059,-0.814392,0.674878,-0.127734
150496259853914,75.052060,-1.322804,0.939452,-0.063463
150496269854762,75.062061,-1.234351,0.803105,0.11948
150496279855467,75.072061,-0.740585,0.64304,0.163955
150496289856311,75.082062,-0.200779,0.572203,0.009312
150496299856929,75.092063,0.468226,0.344227,-0.058085
150496309857622,75.102064,1.206407,0.102271,-0.071285
150496319858564,75.112065,1.663465,-0.004748,0.014241
150496329859420,75.122065,1.907309,-0.045238,0.127546
150496339860040,75.132066,2.060318,-0.341834,0.293525
150496349860761,75.142067,2.419283,-0.619582,0.497932
150496359861591,75.152068,2.424305,-0.631327,0.481047
150496369862290,75.162068,2.283116,-0.50631,0.354389
150496379862906,75.172069,1.944703,-0.247325,0.058086
150496389863742,75.182070,0.924204,0.214988,-0.423353
150496399864673,75.192071,-0.13066,0.564769,-0.89287
150496409865367,75.202071,-1.220558,0.734069,-1.245248
150496419865983,75.212072,-1.84102,1.000986,-1.416176
150496429866812,75.222073,-2.455781,1.126136,-1.548084
150496439867504,75.232074,-2.690664,0.985682,-1.555093
150496449868345,75.242074,-2.381119,0.907011,-1.533286
150496459869024,75.252075,-1.520948,0.766316,-1.301184
150496469869641,75.262076,-0.406186,0.426513,-1.049567
150496479870548,75.272077,0.559985,-0.189878,-0.700523
150496489871476,75.282077,1.437995,-0.628815,-0.186595
150496499872023,75.292078,2.543084,-0.860151,0.157081
150496509872710,75.302079,3.381344,-0.818925,0.131739
150496519873556,75.312080,3.837924,-0.633689,-0.126407
150496529874235,75.322080,3.46878,0.095012,-0.699102
150496539875109,75.332081,1.628532,0.425664,-1.431309
150496549875801,75.342082,0.060718,0.32869,-1.57659
150496559876642,75.352083,-1.264977,0.479853,-1.791517
150496569877565,75.362084,-2.289825,0.779675,-1.696856
150496579877950,75.372084,-2.409873,0.581353,-1.351263
150496589878798,75.382085,-1.457881,0.193657,-0.728751
150496599879491,75.392085,-0.086356,0.055605,-0.378612
150496609880335,75.402086,1.137644,0.073077,-0.279422
150496619881029,75.412087,1.850698,0.156242,-0.216103
150496629881873,75.422088,1.328348,0.308973,-0.548268
150496639882796,75.432089,0.13673,0.519172,-1.058449
150496649883496,75.442089,-1.006579,0.667135,-1.527424
150496659884109,75.452090,-1.779953,0.726323,-1.776225
150496669884955,75.462091,-2.372761,0.696908,-1.87418
150496679885563,75.472092,-2.65712,0.716889,-2.087679
150496689886475,75.482092,-1.935978,0.765821,-2.05078
150496699887092,75.492093,-0.777199,0.864347,-2.022158
150496709888013,75.502094,0.294678,0.827914,-2.02473
150496719888687,75.512095,0.822926,0.799148,-1.967764
150496729889535,75.522096,1.211261,0.691147,-1.661874
150496739890141,75.532096,1.013702,0.655656,-1.504444
150496749890816,75.542097,1.040089,0.489275,-1.039324
150496759891658,75.552098,1.093496,0.44964,-0.582456
150496769892350,75.562098,1.155255,0.407594,-0.210394
150496779893198,75.572099,1.663649,0.435106,0.00101
150496789893889,75.582100,1.727353,0.595862,-0.286345
150496799894735,75.592101,1.268088,0.65293,-0.565952
150496809895429,75.602101,0.577815,0.430465,-0.537884
150496819896273,75.612102,-0.239296,0.097224,-0.282495
150496829896961,75.622103,-0.523441,0.089434,-0.04928
150496839897583,75.632104,-0.390885,0.213916,-0.015197
150496849898415,75.642104,-0.48998,0.285741,-0.204656
150496859899121,75.652105,-0.665299,0.432656,-0.588058
150496869899978,75.662106,-0.994678,0.484438,-0.881012
150496879900899,75.672107,-1.376407,0.457329,-1.011624
150496889901591,75.682108,-1.675201,0.28118,-1.043345
150496899902208,75.692108,-1.968161,-0.058073,-0.969892
150496909903043,75.702109,-1.862048,-0.188294,-0.863051
150496919903745,75.712110,-1.252857,-0.145419,-0.784643
150496929904605,75.722111,-0.71112,-0.06284,-0.870736
150496939905233,75.732111,-0.450051,0.121735,-1.158939
150496949906158,75.742112,-0.622517,0.05298,-1.284095
150496959906850,75.752113,-0.777333,-0.28441,-1.030238
150496969907698,75.762114,-0.763851,-0.720223,-0.489128
150496979908314,75.772114,-0.106693,-0.875675,-0.021118
150496989909006,75.782115,0.552849,-0.776025,0.100324
150496999909852,75.792116,0.976556,-0.537198,-0.074573
150497009910549,75.802117,0.921511,-0.17108,-0.519289
150497019911478,75.812117,-0.165717,0.116005,-1.029788
150497029912093,75.822118,-1.419352,0.287628,-1.377386
150497039912953,75.832119,-2.335698,0.130403,-1.298768
150497049913855,75.842120,-2.855231,-0.191467,-1.053671
150497059914473,75.852120,-2.845638,-0.458173,-0.686266
150497069915168,75.862121,-1.891466,-0.674578,-0.201482
150497079916016,75.872122,-0.459383,-0.678168,-0.079128
150497089916706,75.882123,0.580156,-0.611852,-0.187516
150497099917567,75.892124,1.2624,-0.447063,-0.239212
150497109918259,75.902124,0.855603,-0.094002,-0.40836
150497119919100,75.912125,-0.415319,0.070914,-0.624666
150497129919775,75.922126,-1.500732,-0.008509,-0.807908
150497139920615,75.932127,-2.202233,-0.023557,-0.989
150497149921293,75.942127,-2.492826,0.04678,-1.118774
150497159922139,75.952128,-1.977512,-0.139725,-0.944906
150497169922757,75.962129,-1.057721,-0.225261,-0.722884
150497179923682,75.972130,-0.152244,-0.182129,-0.513687
150497189924299,75.982130,0.519525,-0.179276,-0.368797
150497199925293,75.992131,0.844192,-0.26266,-0.24027
150497209925911,76.002132,0.714993,-0.374908,-0.124996
150497219926511,76.012133,0.344683,-0.535073,0.055417
150497229927362,76.022133,0.026549,-0.777408,0.326216
150497239928064,76.032134,-0.168313,-0.924275,0.479266
150497249928901,76.042135,-0.062088,-0.693553,0.386347
150497259929591,76.052136,-0.174554,-0.263191,-0.023646
150497269930437,76.062136,-0.658042,0.005782,-0.520684
150497279931131,76.072137,-1.152732,0.091506,-0.817411
150497289932055,76.082138,-1.615254,0.308456,-1.007986
150497299932675,76.092139,-1.849442,0.421331,-0.927084
150497309933610,76.102140,-1.848558,0.275617,-0.742389
150497319934232,76.112140,-1.500839,0.219502,-0.617593
150497329935098,76.122141,-0.748563,0.248456,-0.46915
150497339935776,76.132142,-0.070633,0.079189,-0.324622
150497349936626,76.142143,0.636122,-0.164749,-0.164985
150497359937316,76.152143,1.037164,-0.134666,-0.19895
150497369938237,76.162144,0.987185,0.061465,-0.376823
150497379938848,76.172145,0.740334,0.200584,-0.609619
150497389939703,76.182146,0.045246,0.265778,-0.878224
150497399940423,76.192146,-0.694422,0.444698,-1.115677
150497409941271,76.202147,-1.046614,0.181848,-0.937046
150497419941958,76.212148,-0.836291,-0.42365,-0.529322
150497429942778,76.222149,-0.050298,-0.701514,0.110973
150497439943492,76.232149,1.020296,-0.613676,0.476595
150497449944415,76.242150,1.6719,-0.286749,0.548136
150497459945016,76.252151,1.534614,0.276913,0.153783
150497469945876,76.262152,0.610708,0.648706,-0.373151
150497479946557,76.272153,-0.509224,0.847923,-0.893262
150497489947403,76.282153,-2.115615,0.700298,-1.360507
150497499948020,76.292154,-2.878643,0.276594,-1.379399
150497509948932,76.302155,-2.939078,0.117086,-1.277199
150497519949617,76.312156,-2.096897,0.174716,-0.909897
150497529950540,76.322157,-0.50376,0.420719,-0.632627
150497539951150,76.332157,0.547089,0.509708,-0.728483
150497549951980,76.342158,0.818143,0.297696,-0.698501
150497559952673,76.352159,0.93001,-0.087479,-0.464924
150497569953511,76.362160,0.551536,-0.450239,-0.268003
150497579954181,76.372160,0.384605,-0.376482,-0.139103
150497589954994,76.382161,0.600041,-0.04346,-0.204476
150497599955706,76.392162,0.854878,0.315267,-0.194952
150497609956550,76.402163,0.844531,0.554352,-0.387114
150497619957145,76.412163,0.084478,0.561837,-0.322836
150497629957843,76.422164,-0.695263,0.499655,-0.237398
150497639958794,76.432165,-1.341209,0.655155,-0.220458
150497649959396,76.442165,-1.661623,0.961832,-0.194864
150497659960242,76.452166,-1.60827,1.135135,-0.063529
150497669961153,76.462167,-1.311999,1.021698,0.112122
150497679961776,76.472168,-0.995183,0.80242,0.121376
150497689962699,76.482169,-0.429029,0.497382,0.280653
150497699963391,76.492169,0.099507,0.166673,0.40384
150497709964243,76.502170,0.832765,0.047856,0.326272
150497719964936,76.512171,1.258424,0.198818,-0.021379
150497729965553,76.522172,1.429405,0.443828,-0.443002
150497739966414,76.532172,0.854714,0.829663,-0.822896
150497749967097,76.542173,-0.146702,0.974841,-0.832643
150497759967943,76.552174,-1.306753,0.890255,-0.820383
150497769968885,76.562175,-2.023113,0.702588,-0.573437
150497779969563,76.572176,-1.3971,0.607945,-0.469095
150497789970198,76.582176,-0.29561,0.627833,-0.354666
150497799971035,76.592177,0.860785,0.522177,-0.686551
150497809971727,76.602178,1.658748,0.349353,-0.895474
150497819972539,76.612179,1.898358,0.284618,-0.88846
150497829973232,76.622179,1.335506,0.22074,-0.763968
150497839974150,76.632180,0.64665,0.0124,-0.351251
150497849975030,76.642181,0.16118,-0.10672,0.047037
150497859975640,76.652182,-0.064241,-0.072034,0.178078
150497869976350,76.662182,0.376883,-0.255082,0.087735
150497879977198,76.672183,-0.069074,0.373897,0.074133
150497889977910,76.682184,0.058394,0.519279,-0.041377
150497899978746,76.692185,-0.068913,0.075866,0.149597
150497909979434,76.702185,-0.495793,-0.077871,0.044781
150497919980275,76.712186,-0.565804,-0.308784,0.083627
150497929981196,76.722187,-0.754051,-0.564834,0.153111
150497939981813,76.732188,-0.663013,-0.492419,0.129797
150497949982511,76.742189,0.207412,-0.318381,0.051137
150497959983342,76.752189,0.719749,0.007741,0.155579
150497969984034,76.762190,0.225907,0.351604,-0.030097
150497979984890,76.772191,-0.39751,0.389706,-0.012706
150497989985583,76.782192,-0.785229,0.249114,0.254176
150497999986443,76.792192,-0.877138,0.259477,0.544048
150498009987350,76.802193,-0.051054,0.223491,0.750726
150498019987957,76.812194,0.97988,0.087923,0.849038
150498029988636,76.822195,1.665252,-0.064122,0.821641
150498039989481,76.832195,2.173613,-0.328814,0.911137
150498049990159,76.842196,2.499124,-0.290325,0.78728
150498059990991,76.852197,1.839071,-0.013973,0.707632
150498069991684,76.862198,1.165726,0.172593,0.629383
150498079992544,76.872199,0.249932,0.28451,0.462078
150498089993472,76.882199,-0.395533,0.263575,0.248237
150498099994077,76.892200,-0.759947,0.220791,-0.11319
150498109994780,76.902201,-1.135059,0.281789,-0.394251
150498119995639,76.912202,-0.92474,0.481392,-0.710083
150498129996331,76.922202,-1.195409,0.721533,-1.126688
150498139997145,76.932203,-1.360426,0.805249,-1.361477
150498149997838,76.942204,-1.442413,0.730969,-1.302931
150498159998670,76.952205,-1.662402,0.441974,-1.305332
150498169999576,76.962206,-1.510335,0.060014,-0.983731
150498180000189,76.972206,-0.855594,-0.315853,-0.578931
150498190000896,76.982207,0.406415,-0.675795,-0.268181
150498200001742,76.992208,1.466565,-0.746936,-0.202847
150498210002429,77.002208,2.086869,-0.58137,-0.290059
150498220003275,77.012209,2.753744,-0.512167,-0.184202
150498230003954,77.022210,2.45936,-0.198725,-0.360364
150498240004798,77.032211,1.334314,-0.225624,-0.301304
150498250005721,77.042212,0.510934,-0.596942,0.068169
150498260006338,77.052212,0.189503,-0.700757,0.242756
150498270007026,77.062213,0.463017,-0.667881,0.361513
150498280007886,77.072214,0.857288,-0.568689,0.218567
150498290008597,77.082215,0.787745,-0.249113,-0.049967
150498300009451,77.092215,0.400816,-0.015631,-0.178191
150498310010173,77.102216,-0.641338,-0.120365,-0.151777
150498320011021,77.112217,-0.948738,-0.279361,0.032525
150498330011951,77.122218,-1.079431,-0.386276,0.193851
150498340012584,77.132219,-0.883001,-0.289261,0.270541
150498350013293,77.142219,-0.697719,0.021634,-0.114591
150498360014144,77.152220,-0.644409,0.21543,-0.436886
150498370014850,77.162221,-0.913748,0.393975,-0.666426
150498380015712,77.172222,-1.386615,0.467417,-0.759892
150498390016406,77.182222,-1.647881,0.334188,-0.653589
150498400017254,77.192223,-1.879889,0.135518,-0.483322
150498410018192,77.202224,-1.402085,0.115201,-0.375332
150498420018810,77.212225,-0.593583,0.245508,-0.376322
150498430019485,77.222225,0.094468,0.115688,-0.369679
150498440020102,77.232226,0.87722,-0.203703,-0.262125
150498450021044,77.242227,1.882375,-0.26474,-0.228393
150498460021889,77.252228,2.187482,-0.103111,-0.227806
150498470022567,77.262229,2.398556,0.212225,0.034967
150498480023490,77.272229,1.938835,0.392112,0.185229
150498490024311,77.282230,1.277907,0.451052,0.308505
150498500024924,77.292231,0.536498,0.48455,0.403103
150498510025619,77.302232,0.252356,0.333289,0.585786
150498520026452,77.312232,0.13898,0.224567,0.760717
150498530027142,77.322233,0.264376,0.294978,0.735803
150498540027984,77.332234,0.257315,0.215247,0.681058
150498550028676,77.342235,0.572933,0.337888,0.428882
150498560029265,77.352235,0.424483,0.517908,0.057151
150498570030402,77.362236,-0.46109,0.556858,-0.349514
150498580031015,77.372237,-1.012401,0.60552,-0.660508
150498590031691,77.382238,-1.86852,0.894383,-0.97702
150498600032522,77.392239,-2.091801,1.206933,-1.318197
150498610033243,77.402239,-2.320163,1.090097,-1.314307
150498620033861,77.412240,-2.687008,1.02473,-1.581653
150498630034770,77.422241,-2.801707,0.942408,-1.651356
150498640035599,77.432242,-1.61138,0.564626,-1.324263
150498650036522,77.442243,-0.240278,0.273026,-0.993986
150498660037140,77.452243,0.586901,-0.119032,-0.607201
150498670037855,77.462244,1.294966,-0.439608,-0.218903
150498680038691,77.472245,1.682741,-0.165411,-0.060409
150498690039314,77.482245,2.273764,0.261257,-0.023115
150498700040235,77.492246,2.053633,0.243831,0.005304
150498710040929,77.502247,1.044511,-0.346135,0.312613
150498720041768,77.512248,0.455571,-0.870821,0.655737
150498730042687,77.522249,0.454847,-0.855809,0.806733
150498740043319,77.532249,0.879288,-0.803221,0.886543
150498750044019,77.542250,0.913337,-0.659105,0.729706
150498760044640,77.552251,0.379677,-0.335932,0.380863
150498770045579,77.562252,-0.935685,-0.101594,-0.024498
150498780046437,77.572252,-2.323642,-0.140855,-0.30635
150498790047115,77.582253,-2.817053,-0.383348,-0.226062
150498800047961,77.592254,-3.291134,-0.502059,-0.175177
150498810048889,77.602255,-3.343717,-0.302924,-0.273744
150498820049507,77.612256,-2.711293,0.051155,-0.324588
150498830050206,77.622256,-2.07935,0.266478,-0.54717
150498840050823,77.632257,-2.000173,0.299964,-0.800826
150498850051722,77.642258,-1.982401,0.325707,-1.004683
150498860052590,77.652259,-2.210272,0.030129,-0.980362
150498870053282,77.662259,-1.911236,-0.3053,-0.666797
150498880054109,77.672260,-1.385534,-0.182308,-0.448209
150498890054813,77.682261,-0.637489,-0.132548,-0.234255
150498900055674,77.692262,0.122113,-0.191797,-0.165133
150498910056373,77.702262,0.449775,-0.14862,-0.188496
150498920057219,77.712263,0.762464,-0.068911,-0.16452
150498930057912,77.722264,1.121657,-0.364484,-0.01968
150498940058751,77.732265,1.626412,-0.63456,0.117742
150498950059443,77.742265,2.042269,-0.781084,0.338916
150498960060289,77.752266,2.73853,-0.726663,0.578322
150498970061210,77.762267,3.038758,-0.347022,0.689948
150498980061828,77.772268,3.035974,-0.094613,0.638913
150498990062513,77.782269,1.80006,0.186495,0.452409
150499000063359,77.792269,0.198674,0.306221,0.279861
150499010064054,77.802270,-1.279143,0.411411,0.146334
150499020064905,77.812271,-1.839277,0.476466,0.246268
150499030065585,77.822272,-2.324072,0.718913,0.160633
150499040066441,77.832272,-2.629848,0.933351,-0.023826
150499050067111,77.842273,-2.504969,0.973854,-0.278982
150499060067957,77.852274,-2.195506,0.984637,-0.735888
150499070068649,77.862275,-2.018775,1.111371,-1.271636
150499080069498,77.872275,-1.947743,1.058242,-1.62763
150499090070184,77.882276,-2.094056,0.825082,-1.703177
150499100071030,77.892277,-1.940124,0.628266,-1.793796
150499110071736,77.902278,-1.041214,0.327882,-1.733582
150499120072582,77.912279,-0.285627,0.016573,-1.559577
150499130073287,77.922279,0.580284,-0.085536,-1.293777
150499140074207,77.932280,1.207358,-0.203135,-0.892408
150499150074822,77.942281,1.584478,-0.381293,-0.726181
150499160075731,77.952282,1.717397,-0.709595,-0.363224
150499170076560,77.962283,2.358958,-0.988838,-0.043084
150499180077178,77.972283,2.867795,-1.085645,0.22375
150499190078104,77.982284,2.975227,-1.009261,0.427583
150499200078707,77.992285,2.752301,-0.6975,0.504701
150499210079653,78.002286,1.379018,-0.281282,0.25449
150499220080350,78.012286,-0.188645,-0.092648,0.030412
150499230081211,78.022287,-1.244714,-0.022083,-0.097004
150499240081842,78.032288,-2.347576,0.194505,-0.288843
150499250082764,78.042289,-3.302335,0.286655,-0.366723
150499260083456,78.052289,-3.632772,0.541769,-0.478085
150499270084304,78.062290,-3.731135,0.680684,-0.543123
150499280084994,78.072291,-3.075123,0.752694,-0.350798
150499290085832,78.082292,-1.972778,0.753356,-0.257446
150499300086524,78.092293,-0.842574,0.612086,-0.202936
150499310087374,78.102293,-0.19547,0.502237,-0.158632
150499320088066,78.112294,0.238384,0.516184,-0.098173
150499330088899,78.122295,0.362455,0.489349,-0.006619
150499340089607,78.132296,0.424259,0.416467,0.068913
150499350090466,78.142296,0.658112,0.436367,0.084172
150499360091160,78.152297,0.751063,0.439015,-0.027248
150499370091988,78.162298,0.880536,0.352365,-0.034095
150499380092687,78.172299,1.010741,0.153243,0.04934
150499390093516,78.182300,1.372421,0.035138,0.096213
150499400094437,78.192300,1.471016,0.002796,0.12808
150499410095069,78.202301,1.783159,0.163288,0.045227
150499420095761,78.212302,1.637604,0.430575,-0.144216
150499430096622,78.222303,0.823101,0.528195,-0.320192
150499440097314,78.232303,-0.048506,0.360254,-0.222672
150499450098156,78.242304,-0.560503,0.200636,-0.047791
150499460099077,78.252305,-0.588377,0.023921,0.223908
150499470099769,78.262306,-0.602376,-0.004451,0.291146
150499480100610,78.272307,-0.434379,-0.035723,0.228658
150499490101233,78.282307,-0.098256,0.075195,0.085313
150499500101910,78.292308,-0.535402,0.272116,-0.338491
150499510102848,78.302309,-1.086429,0.270174,-0.589147
150499520103677,78.312310,-1.568974,0.177692,-0.703814
150499530104377,78.322310,-2.022459,0.182246,-0.789525
150499540105223,78.332311,-1.850811,0.073642,-0.725963
150499550105929,78.342312,-1.456942,0.063649,-0.731502
150499560106785,78.352313,-0.866768,0.135044,-0.780236
150499570107476,78.362313,0.052899,0.135838,-0.723345
150499580108322,78.372314,0.369806,-0.134312,-0.451255
150499590108994,78.382315,0.639478,-0.504469,0.043777
150499600109837,78.392316,1.308718,-0.837578,0.503497
150499610110515,78.402317,1.844613,-0.691671,0.648238
150499620111361,78.412317,2.429329,-0.280272,0.589521
150499630112053,78.422318,2.685568,-0.06358,0.441355
150499640112904,78.432319,1.620576,0.002543,0.216471
150499650113597,78.442320,0.777862,0.039863,0.111868
150499660114520,78.452321,-0.348452,0.283572,0.065011
150499670115116,78.462321,-1.045409,0.29211,0.033755
150499680116039,78.472322,-1.118944,0.404441,0.061088
150499690116883,78.482323,-1.314974,0.415326,0.080698
150499700117515,78.492324,-1.276844,0.087397,0.271397
150499710118446,78.502324,-0.958888,0.184017,0.20632
150499720119140,78.512325,-0.340855,0.397147,-0.082462
150499730119984,78.522326,-0.129057,0.606524,-0.396977
150499740120677,78.532327,-0.732761,0.743515,-0.623591
150499750121503,78.542328,-1.052871,0.420271,-0.572192
150499760122202,78.552328,-1.270303,0.332424,-0.383108
150499770123036,78.562329,-0.981369,0.439908,-0.445835
150499780123731,78.572330,-0.320334,0.432283,-0.521642
150499790124577,78.582331,0.187469,0.315351,-0.554856
150499800125274,78.592331,0.364007,0.16406,-0.596739
150499810126197,78.602332,0.646303,-0.093019,-0.585758
150499820127057,78.612333,0.850718,-0.377583,-0.463983
150499830127734,78.622334,1.055983,-0.510459,-0.336258
150499840128580,78.632335,1.048062,-0.336514,-0.354186
150499850129198,78.642335,1.160009,-0.202301,-0.332882
150499860130134,78.652336,0.646655,0.007726,-0.511277
150499870130736,78.662337,-0.170609,0.405584,-0.796965
150499880131657,78.672338,-0.853304,0.506908,-0.850702
150499890132340,78.682338,-1.329461,0.171018,-0.480725
150499900133203,78.692339,-1.107449,-0.289362,-0.068999
150499910133883,78.702340,0.042797,-0.577977,0.405644
150499920134729,78.712341,1.25453,-0.692249,0.711445
150499930135407,78.722341,2.115769,-0.57969,0.508024
150499940136343,78.732342,2.377819,-0.384987,0.112101
150499950136958,78.742343,1.525962,-0.263953,-0.220702
150499960137813,78.752344,0.406984,-0.289285,-0.255345
150499970138505,78.762345,-1.060499,-0.400721,0.002238
150499980139347,78.772345,-1.918579,-0.46757,0.435977
150499990140030,78.782346,-1.705781,-0.420588,0.639311
150500000140876,78.792347,-0.679557,-0.287533,0.831104
150500010141568,78.802348,0.432591,-0.208848,0.688688
150500020142501,78.812349,0.978361,-0.546785,0.590112
150500030143116,78.822349,1.125083,-0.947956,0.655192
150500040143953,78.832350,0.799775,-1.104041,0.922024
150500050144902,78.842351,0.486528,-1.007456,0.950396
150500060145520,78.852352,0.402042,-0.932767,0.938494
150500070146432,78.862352,0.326835,-0.620145,0.725184
150500080147119,78.872353,0.30464,-0.294864,0.401978
150500090147974,78.882354,-0.671452,-0.07288,0.07076
150500100148667,78.892355,-1.832429,-0.20126,-0.059127
150500110149528,78.902356,-2.252204,-0.639784,0.050595
150500120150229,78.912356,-1.916563,-0.913689,0.232518
150500130151086,78.922357,-0.793081,-0.943396,0.398452
150500140151774,78.932358,0.494285,-0.890774,0.24391
150500150152636,78.942359,1.313682,-0.678366,-0.182261
150500160153328,78.952359,1.506753,-0.541373,-0.668734
150500170154174,78.962360,0.835619,-0.682176,-0.762136
150500180154872,78.972361,0.152318,-0.632015,-0.836162
150500190155795,78.982362,-0.673493,-0.536012,-0.660982
150500200156425,78.992362,-0.673535,-0.578691,-0.318814
150500210157367,79.002363,-0.152219,-0.709238,0.070974
150500220158225,79.012364,0.797759,-0.918164,0.422283
150500230158899,79.022365,1.567612,-0.998908,0.514571
150500240159516,79.032366,2.189092,-1.203961,0.614218
150500250160347,79.042366,2.566394,-1.344595,0.669135
150500260161259,79.052367,2.096208,-1.052963,0.360645
150500270161944,79.062368,1.316906,-0.743895,0.148298
150500280162788,79.072369,0.482188,-0.390318,-0.025212
150500290163475,79.082369,-0.737113,-0.159564,-0.065337
150500300164323,79.092370,-1.627672,0.009098,-0.017691
150500310165007,79.102371,-2.141591,0.123354,0.055002
150500320165853,79.112372,-2.700223,0.119153,0.026152
150500330166528,79.122373,-2.304154,0.156872,0.182698
150500340167361,79.132373,-1.132966,-0.115014,0.494133
150500350168055,79.142374,-0.342954,-0.121867,0.445407
150500360168905,79.152375,0.29219,-0.121469,0.26779
150500370169593,79.162376,0.896497,-0.40517,0.403203
150500380170420,79.172376,0.985771,-0.64541,0.5656
150500390171322,79.182377,0.922545,-0.526476,0.50959
150500400171934,79.192378,1.491157,-0.302703,0.533024
150500410172626,79.202379,1.721836,-0.308677,0.530648
150500420173530,79.212380,1.38596,-0.55419,0.751969
150500430174380,79.222380,1.610471,-0.851057,0.983918
150500440175088,79.232381,1.565002,-0.867888,1.045076
150500450175963,79.242382,1.629424,-0.629707,0.841711
150500460176565,79.252383,1.944093,-0.406464,0.671808
150500470177490,79.262383,1.45422,-0.013894,0.16195
150500480178182,79.272384,0.281921,0.239198,-0.168114
150500490179028,79.282385,-0.816986,0.484835,-0.412898
150500500179736,79.292386,-1.516068,0.511164,-0.317009
150500510180579,79.302387,-1.780691,0.596762,-0.23402
150500520181280,79.312387,-1.331951,0.5718,-0.061393
150500530182126,79.322388,-0.273974,0.558989,-0.008791
150500540182815,79.332389,0.710559,0.63546,-0.083287
150500550183659,79.342390,1.37261,0.479709,-0.151722
150500560184338,79.352390,1.851733,0.130905,-0.236958
150500570185194,79.362391,1.928828,0.129097,-0.266687
150500580185896,79.372392,2.074432,0.333699,-0.339519
150500590186820,79.382393,1.908093,0.391473,-0.24507
150500600187435,79.392393,1.470632,0.213397,-0.153877
150500610188281,79.402394,1.117542,0.230738,-0.010527
150500620188973,79.412395,0.95211,0.1083,0.17077
150500630189906,79.422396,0.989678,-0.29532,0.361819
150500640190726,79.432397,0.977587,-0.523519,0.400008
150500650191447,79.442397,0.908502,-0.558154,0.422125
150500660192065,79.452398,0.568087,-0.460665,0.209875
150500670192988,79.462399,-0.208937,-0.165564,-0.099793
150500680193608,79.472400,-1.250844,0.066814,-0.277859
150500690194463,79.482400,-2.278186,-0.113956,-0.199702
150500700195389,79.492401,-2.938425,-0.398314,0.12138
150500710196084,79.502402,-3.061341,-0.590937,0.36841
150500720196928,79.512403,-2.444414,-0.722505,0.495915
150500730197607,79.522404,-1.266485,-0.722794,0.407878
150500740198468,79.532404,-0.228589,-0.90348,0.256526
150500750199149,79.542405,0.054536,-0.971303,-0.01598
150500760199997,79.552406,-0.00139,-0.911943,-0.396007
150500770200689,79.562407,-0.439061,-0.769728,-0.648551
150500780201535,79.572408,-1.052421,-0.635139,-0.782082
150500790202237,79.582408,-1.764964,-0.517709,-0.766287
150500800203079,79.592409,-2.015599,-0.413456,-0.657966
150500810203766,79.602410,-1.967109,-0.184857,-0.801336
150500820204624,79.612411,-1.736757,-0.06298,-0.965604
150500830205534,79.622412,-1.106212,-0.187345,-0.966411
150500840206226,79.632412,-0.355722,-0.605206,-0.74349
150500850206843,79.642413,0.440621,-1.0053,-0.262536
150500860207766,79.652414,0.999098,-1.142966,0.160893
150500870208372,79.662414,1.522126,-0.980037,0.233977
150500880209208,79.672415,2.179259,-0.686593,0.221759
150500890210129,79.682416,2.033244,-0.184812,-0.136409
150500900210821,79.692417,1.030814,-0.080915,-0.546539
150500910211668,79.702418,-0.355227,-0.376491,-0.532791
150500920212370,79.712418,-1.024773,-0.414474,-0.333321
150500930212973,79.722419,-1.33412,0.122718,-0.427021
150500940213833,79.732420,-1.160337,0.197891,-0.195957
150500950214521,79.742421,-0.81303,-0.073881,0.01714
150500960215439,79.752421,-0.270474,-0.213353,0.126979
150500970216290,79.762422,0.156717,-0.231066,0.146653
150500980216982,79.772423,0.396036,-0.010746,0.016251
150500990217841,79.782424,0.225487,0.261208,-0.101495
150501000218529,79.792425,-0.468467,0.523082,-0.326924
150501010219355,79.802425,-1.110972,0.628894,-0.573156
150501020220035,79.812426,-1.415688,0.338421,-0.3898
150501030220867,79.822427,-1.816992,0.344032,-0.501891
150501040221559,79.832428,-1.277574,0.231095,-0.443129
150501050222405,79.842428,-0.288228,-0.041162,-0.158556
150501060223102,79.852429,0.498238,-0.143998,-0.062192
150501070223947,79.862430,1.241586,-0.095717,-0.159227
150501080224639,79.872431,1.33482,0.048877,-0.482893
150501090225557,79.882432,1.215533,0.358158,-0.734737
150501100226408,79.892432,0.394861,0.432232,-0.829284
150501110227040,79.902433,-0.530322,0.17011,-0.644101
150501120227732,79.912434,-0.686699,-0.026504,-0.280654
150501130228583,79.922435,-0.101321,-0.012446,0.051406
150501140229523,79.932436,0.697597,-0.101114,0.234244
150501150230216,79.942436,1.175083,-0.195776,0.266519
150501160231062,79.952437,1.168957,-0.00502,0.165522
150501170231740,79.962438,1.273534,0.177194,0.019538
150501180232581,79.972439,1.014996,0.228695,-0.083198
150501190233218,79.982439,0.457813,0.306854,-0.06476
150501200233910,79.992440,-0.165789,0.45873,0.012461
150501210234766,80.002441,-0.996623,0.742009,-0.145086
150501220235703,80.012442,-1.530274,0.976291,-0.325373
150501230236396,80.022442,-2.30963,1.056447,-0.496084
150501240237235,80.032443,-2.720867,0.668467,-0.25808
150501250237927,80.042444,-2.799218,0.238515,0.270406
150501260238770,80.052445,-1.641028,0.158818,0.877297
150501270239472,80.062445,-0.201158,-0.012994,1.317273
150501280240318,80.072446,0.454051,-0.314044,1.274182
150501290241008,80.082447,1.416484,-0.112623,0.938925
150501300241843,80.092448,2.011952,0.12146,0.460203
150501310242534,80.102449,1.637241,-0.089442,0.202224
150501320243382,80.112449,0.540697,-0.58007,0.361762
150501330244059,80.122450,-0.702562,-0.655736,0.644395
150501340244966,80.132451,-1.345287,-0.652734,0.599585
150501350245589,80.142452,-1.31281,-0.607268,0.547856
150501360246439,80.152452,-0.273413,-0.024012,-0.69713
150501370247131,80.162453,1.031299,-0.983342,1.507477
150501380248040,80.172454,0.804019,-0.382245,1.737795
150501390248884,80.182455,-0.1115,-0.271603,0.96658
150501400249497,80.192455,-1.086039,-0.518951,0.750406
150501410250413,80.202456,-1.972381,-0.4791,-0.006371
150501420251110,80.212457,-3.771362,-0.991278,-0.579087
150501430251728,80.222458,-4.710943,-0.777204,-0.516907
150501440252584,80.232459,-4.093931,-0.86051,0.586301
150501450253485,80.242459,-1.366137,-0.9959,1.371807
150501460254179,80.252460,4.282759,-1.109365,1.308414
150501470255024,80.262461,8.535396,-1.478834,0.683008
150501480255736,80.272462,9.547253,-1.816354,0.260987
150501490256582,80.282463,7.808195,-1.694703,0.406703
150501500257264,80.292463,4.278462,-1.54822,0.95348
150501510258113,80.302464,1.278362,-1.291424,1.05204
150501520258815,80.312465,-1.083792,-1.123204,0.750378
150501530259646,80.322466,-2.666048,-0.90234,0.588706
150501540260322,80.332466,-2.596024,-0.66515,0.087552
150501550261197,80.342467,-0.949453,-0.707965,-0.561052
150501560261880,80.352468,-0.522904,-0.715176,-1.087449
150501570262731,80.362469,-0.315779,-0.347467,-0.652133
150501580263425,80.372469,0.4389,-0.403415,0.192172
150501590264276,80.382470,1.147053,-0.428384,0.838067
150501600264963,80.392471,1.690593,-0.482034,0.953892
150501610265809,80.402472,1.115377,-0.669472,0.830482
150501620266492,80.412472,0.596558,-0.544264,0.649899
150501630267337,80.422473,0.705537,-0.51352,0.685732
150501640268269,80.432474,-0.083509,-0.363877,0.668648
150501650268891,80.442475,0.51905,-0.366876,0.733454
150501660269812,80.452476,1.028289,-0.351746,0.502537
150501670270430,80.462476,0.613622,-0.429831,0.187717
150501680271122,80.472477,1.455311,-0.385394,0.431258
150501690271968,80.482478,2.378156,-0.346994,0.648568
150501700272894,80.492479,3.263154,-0.440989,0.575482
150501710273577,80.502480,2.565059,-0.909354,0.267868
150501720274438,80.512480,0.685308,-1.288496,-0.26726
150501730275064,80.522481,-0.95511,-1.312079,-0.90701
150501740275737,80.532482,-1.922482,-0.877078,-1.403512
150501750276661,80.542483,-3.47999,-0.190938,-2.056261
150501760277515,80.552484,-3.765506,0.284041,-2.064192
150501770278202,80.562484,-2.597143,0.303103,-0.939454
150501780279043,80.572485,-0.496077,-0.298039,0.140264
150501790279741,80.582486,3.15307,-0.903409,0.362505
150501800280571,80.592487,4.020683,-1.42189,-0.102015
150501810281263,80.602487,2.587536,-1.388445,-1.008244
150501820281872,80.612488,0.637251,-1.052667,-1.707596
150501830282799,80.622489,-0.468988,-0.680083,-1.335794
150501840283639,80.632490,-0.463849,-0.387435,-0.69804
150501850284331,80.642490,-0.480306,-0.188816,-0.043187
150501860285186,80.652491,-0.597872,-0.166819,0.486267
150501870285869,80.662492,0.227261,-0.126739,0.37717
150501880286715,80.672493,1.186749,-0.33228,0.224509
150501890287400,80.682493,1.517671,-0.578158,-0.149343
150501900288260,80.692494,1.102519,-0.4864,-0.328932
150501910288939,80.702495,0.278839,-0.287816,-0.618165
150501920289789,80.712496,-0.939703,-0.163566,-0.736817
150501930290484,80.722496,-1.562947,0.036734,-0.534631
150501940291330,80.732497,-0.670185,0.051639,-0.065905
150501950292028,80.742498,0.643074,0.016607,0.231552
150501960292879,80.752499,1.284281,-0.145785,0.864546
150501970293573,80.762500,1.635464,-0.191194,1.532257
150501980294419,80.772500,2.490182,-0.261384,1.898296
150501990295127,80.782501,1.877815,-0.418964,1.454997
150502000295992,80.792502,0.863392,-0.685501,0.905887
150502010296668,80.802503,0.594926,-1.118888,0.210486
150502020297593,80.812504,0.526083,-1.542459,-0.464036
150502030298209,80.822504,-0.0468,-1.698776,-1.041814
150502040299055,80.832505,-1.16103,-1.423265,-1.490939
150502050299732,80.842506,-2.227832,-0.819103,-1.48542
150502060300588,80.852507,-1.829857,-0.470474,-0.862739
150502070301295,80.862507,0.148808,-0.491684,0.195702
150502080302139,80.872508,1.601535,-0.447148,0.582166
150502090303062,80.882509,1.952072,-0.680144,0.475639
150502100303754,80.892510,1.935388,-0.872295,0.029252
150502110304372,80.902510,1.954255,-0.98576,-0.455916
150502120305218,80.912511,1.322079,-0.761074,-0.845967
150502130306130,80.922512,-0.01882,-0.335844,-1.104843
150502140306821,80.932513,-0.974927,-0.027446,-1.069324
150502150307668,80.942514,-1.299944,0.340287,-0.601739
150502160308300,80.952514,-0.557129,0.351316,0.053196
150502170309221,80.962515,0.211226,0.091615,0.286815
150502180309828,80.972516,1.00622,-0.258216,0.225049
150502190310521,80.982517,1.055409,-0.381468,-0.181619
150502200311439,80.992517,-0.016939,-0.238806,-0.768976
150502210312274,81.002518,-0.618976,-0.206545,-1.350726
150502220312966,81.012519,-1.946851,-0.140214,-0.118924
150502230313584,81.022520,-2.2508,0.222227,0.439303
150502240314492,81.032520,-2.170005,0.077011,0.492558
150502250315336,81.042521,-1.644588,0.379664,0.312198
150502260316028,81.052522,-1.02572,0.674286,0.281993
150502270316894,81.062523,-0.22867,0.758468,0.708139
150502280317586,81.072524,1.092234,0.736722,1.117948
150502290318432,81.082524,1.986249,0.293101,1.323423
150502300319124,81.092525,1.699482,-0.109062,1.076532
150502310319981,81.102526,0.504373,-0.287953,0.494741
150502320320598,81.112527,-0.608052,-0.163543,-0.17263
150502330321519,81.122528,-1.468939,0.159682,-0.457981
150502340322197,81.132528,-1.302176,0.397916,-0.17047
150502350323044,81.142529,-0.095385,0.511425,0.339394
150502360323750,81.152530,0.556829,0.361849,0.625948
150502370324624,81.162531,1.117776,0.150582,0.520114
150502380325316,81.172531,1.841153,-0.421108,0.480414
150502390326156,81.182532,1.283832,-0.674867,0.301064
150502400326857,81.192533,-0.136757,-0.67073,-0.050572
150502410327703,81.202534,-0.519208,-0.479378,-0.155365
150502420328409,81.212534,-0.790816,-0.202023,-0.193976
150502430329269,81.222535,-0.518688,0.033359,-0.055584
150502440329946,81.232536,0.021895,0.169188,0.113478
150502450330792,81.242537,0.788642,0.304924,0.0317
150502460331496,81.252537,1.346266,0.220781,-0.16359
150502470332338,81.262538,1.8564,0.235634,-0.024198
150502480333040,81.272539,1.90322,0.237289,-0.126196
150502490333871,81.282540,2.108574,0.284281,0.119925
150502500334559,81.292541,2.175684,0.019741,0.07533
150502510335403,81.302541,1.467311,-0.177498,-0.042729
150502520336126,81.312542,0.231366,-0.437942,-0.007731
150502530336972,81.322543,-0.756205,-0.576354,-0.184756
150502540337680,81.332544,-2.056306,-0.575408,-0.381466
150502550338521,81.342545,-3.002525,-0.303123,-0.48562
150502560339197,81.352545,-2.427533,-0.041821,-0.429535
150502570340052,81.362546,-1.463122,-0.030249,-0.289652
150502580340745,81.372547,-0.366813,-0.073923,-0.060686
150502590341593,81.382548,0.442287,-0.04833,0.108283
150502600342285,81.392548,0.949775,-0.11772,0.164739
150502610343131,81.402549,1.57106,-0.170569,0.241311
150502620343795,81.412550,2.071196,-0.237291,0.456112
150502630344656,81.422551,2.560502,-0.349492,0.535574
150502640345562,81.432552,2.183607,-0.675763,0.465195
150502650346184,81.442552,1.326035,-0.900684,0.126755
150502660346863,81.452553,-0.260786,-0.854613,-0.448075
150502670347723,81.462554,-1.252856,-0.833238,-0.743062
150502680348415,81.472554,-2.046873,-0.638412,-0.881383
150502690349251,81.482555,-1.879991,-0.430142,-0.743132
150502700349925,81.492556,-0.684576,-0.512068,-0.46835
150502710350834,81.502557,0.110489,-0.486376,-0.486251
150502720351648,81.512558,0.474028,-0.451342,-0.539891
150502730352270,81.522558,1.209328,-0.411223,-0.531117
150502740352948,81.532559,1.460768,-0.335181,-0.444972
150502750353876,81.542560,1.373494,-0.316095,-0.354019
150502760354710,81.552561,0.783681,-0.32806,-0.201865
150502770355402,81.562561,0.450128,-0.37696,-0.167286
150502780356015,81.572562,0.242781,-0.512302,-0.301318
150502790356876,81.582563,-0.483269,-0.608552,-0.505856
150502800357568,81.592564,-1.096509,-0.534019,-0.873862
150502810358505,81.602565,-1.752466,-0.370353,-1.133473
150502820359121,81.612565,-2.055038,-0.150659,-1.240998
150502830359967,81.622566,-1.296567,-0.038921,-0.788036
150502840360893,81.632567,-0.033442,0.097271,-0.478646
150502850361585,81.642568,0.889008,0.042847,-0.240242
150502860362445,81.652568,2.191398,-0.167717,-0.270763
150502870363138,81.662569,2.253915,-0.37893,-0.164519
150502880363994,81.672570,1.646771,-0.364701,-0.163166
150502890364698,81.682571,1.083428,-0.245972,-0.01732
150502900365542,81.692572,0.406967,-0.015455,0.149017
150502910366225,81.702572,0.208802,-0.031377,0.310164
150502920367086,81.712573,0.323869,-0.157097,0.417596
150502930367782,81.722574,0.220948,-0.512756,0.486241
150502940368410,81.732574,-0.093237,-0.621157,0.108148
150502950369328,81.742575,-0.059968,-0.855066,-0.086158
150502960370182,81.752576,-0.510435,-0.819778,-0.111758
150502970370874,81.762577,-0.804792,-0.742661,0.099503
150502980371721,81.772578,-0.956441,-0.586471,0.260915
150502990372398,81.782578,-0.607116,-0.585664,0.432107
150503000373246,81.792579,-0.091172,-0.759083,0.393216
150503010373938,81.802580,0.278462,-0.899081,0.31584
150503020374790,81.812581,0.302507,-1.011555,0.351364
150503030375480,81.822581,0.012848,-0.992747,0.438185
150503040376331,81.832582,-0.036671,-0.81776,0.659802
150503050377025,81.842583,-0.438583,-0.672122,0.780289
150503060377860,81.852584,-0.562199,-0.749209,0.793454
150503070378567,81.862585,-0.086991,-0.585294,0.534336
150503080379419,81.872585,0.031474,-0.604441,0.436255
150503090380121,81.882586,0.816387,-0.597938,0.588132
150503100380958,81.892587,1.645776,-0.240064,0.637492
150503110381639,81.902588,1.518682,-0.211708,0.913974
150503120382485,81.912588,1.210218,-0.154314,1.064629
150503130383193,81.922589,1.335012,-0.203249,1.274706
150503140384030,81.932590,1.432573,-0.46513,1.330942
150503150384717,81.942591,2.128243,-0.597597,1.343056
150503160385559,81.952592,2.405602,-0.675558,1.401572
150503170386265,81.962592,1.15767,-0.597568,1.236656
150503180387107,81.972593,-0.280991,-0.20956,0.885736
150503190387797,81.982594,-1.00727,-0.258574,0.654571
150503200388717,81.992595,-1.064884,-0.141063,0.124429
150503210389332,82.002595,-0.523484,-0.470461,0.372058
150503220390170,82.012596,0.054776,-0.160521,-0.088865
150503230390862,82.022597,1.510469,0.463317,-0.516139
150503240391712,82.032598,2.541417,-0.632605,0.184499
150503250392384,82.042598,2.356541,-1.059746,0.776021
150503260393227,82.052599,1.535925,-0.923764,1.194031
150503270393910,82.062600,1.051192,-0.789348,1.383094
150503280394852,82.072601,0.469814,-0.626036,1.000788
150503290395472,82.082601,0.330505,-0.365507,0.367628
150503300396304,82.092602,-0.479799,-0.230999,-0.165306
150503310396996,82.102603,-1.28905,-0.160997,-0.465831
150503320397857,82.112604,-0.860197,-0.063806,-0.361573
150503330398532,82.122605,0.644698,0.010309,0.06493
150503340399463,82.132605,1.858377,-0.22044,0.505
150503350400059,82.142606,2.400351,-0.395439,0.71718
150503360400914,82.152607,2.567953,-0.546701,0.900371
150503370401622,82.162608,1.935222,-0.466893,0.765912
150503380402549,82.172609,1.032748,-0.348563,0.391075
150503390403393,82.182609,0.756885,-0.233372,0.044454
150503400404071,82.192610,0.382294,-0.170241,0.076385
150503410404679,82.202611,0.37468,-0.374302,0.171137
150503420405520,82.212612,-0.195052,-0.492416,0.24907
150503430406217,82.222612,-0.446612,-0.379047,0.732231
150503440407069,82.232613,-0.462549,-0.28378,1.421088
150503450407762,82.242614,-0.30931,-0.297505,1.897581
150503460408680,82.252615,-0.165462,-0.367132,1.933655
150503470409529,82.262616,0.031351,-0.385905,1.633979
150503480410160,82.272616,0.019158,-0.493839,1.023077
150503490410839,82.282617,-0.154011,-0.367385,0.51772
150503500411685,82.292618,-0.21512,-0.213383,0.347279
150503510412606,82.302619,-0.187581,-0.154192,0.501827
150503520413237,82.312619,-0.163919,-0.116295,0.881922
150503530414144,82.322620,0.128805,-0.244619,1.117505
150503540414842,82.332621,0.498266,-0.398457,1.193464
150503550415454,82.342621,0.32359,-0.709828,1.006185
150503560416276,82.352622,-0.289632,-0.688016,0.398114
150503570416969,82.362623,-0.986733,-0.677334,-0.029197
150503580417887,82.372624,-1.306613,-0.393551,-0.242013
150503590418745,82.382625,-1.119848,-0.375009,0.002865
150503600419452,82.392625,-0.519845,-0.351121,0.255823
150503610420302,82.402626,0.102128,-0.49672,0.283397
150503620421005,82.412627,0.296107,-0.605263,0.11219
150503630421851,82.422628,0.211218,-0.706748,-0.041922
150503640422543,82.432629,0.107057,-0.804683,-0.129122
150503650423151,82.442629,-0.002185,-0.636453,-0.060513
150503660424055,82.452630,0.314851,-0.518251,0.117952
150503670424656,82.462631,0.468557,-0.399288,0.008913
150503680425502,82.472632,0.88507,-0.610153,0.110759
150503690426437,82.482632,1.213089,-0.723182,0.024991
150503700427135,82.492633,1.090999,-0.966609,-0.220245
150503710427981,82.502634,0.602786,-0.926012,-0.324304
150503720428687,82.512635,0.09717,-0.877906,-0.014094
150503730429305,82.522635,-0.054233,-0.757654,0.19628
150503740430228,82.532636,-0.053411,-0.689858,0.264981
150503750431069,82.542637,0.322111,-0.688956,0.409403
150503760431761,82.552638,0.642867,-0.684023,0.351662
150503770432377,82.562638,0.812576,-0.824007,0.277234
150503780433300,82.572639,1.044626,-0.9174,0.459164
150503790433915,82.582640,0.58758,-0.897228,0.538875
150503800434838,82.592641,0.112822,-0.813873,0.388268
150503810435440,82.602641,-0.258139,-0.673254,0.294047
150503820436377,82.612642,-0.068855,-0.60535,0.424342
150503830437235,82.622643,0.452774,-0.587693,0.534632
150503840437932,82.632644,1.201625,-0.656415,0.616498
150503850438778,82.642645,1.510649,-0.741824,0.452093
150503860439396,82.652645,1.373194,-0.787233,0.207513
150503870440088,82.662646,1.100883,-0.682358,0.099589
150503880441001,82.672647,0.6721,-0.484034,0.238221
150503890441846,82.682648,0.464197,-0.2493,0.488828
150503900442538,82.692649,0.619992,-0.138447,0.658873
150503910443155,82.702649,1.177608,-0.129882,0.827735
150503920444078,82.712650,1.659883,-0.271404,0.76392
150503930444694,82.722651,1.767159,-0.477025,0.550761
150503940445555,82.732652,1.204937,-0.532719,0.145935
150503950446476,82.742652,0.257423,-0.341937,0.091815
150503960447163,82.752653,-0.140061,-0.206196,0.229801
150503970448015,82.762654,0.111746,-0.026037,0.413209
150503980448692,82.772655,0.123495,-0.106001,0.618906
150503990449300,82.782655,0.612255,-0.12708,0.745442
150504000450223,82.792656,0.596774,-0.310734,0.692046
150504010451053,82.802657,0.529461,-0.301752,0.600774
150504020451731,82.812658,0.655128,-0.3574,0.732715
150504030452348,82.822658,0.595181,-0.348449,0.680818
150504040453266,82.832659,0.658995,-0.371983,0.782007
150504050454111,82.842660,0.497164,-0.43934,0.959599
150504060454728,82.852661,0.297603,-0.507655,0.908331
150504070455420,82.862661,0.306269,-0.498608,0.678794
150504080456343,82.872662,0.302334,-0.512223,0.407157
150504090457188,82.882663,0.439052,-0.464504,0.273543
150504100457805,82.892664,0.674135,-0.446153,0.323372
150504110458497,82.902664,0.781286,-0.384076,0.578174
150504120459348,82.912665,0.994449,-0.359479,0.826187
150504130460269,82.922666,1.248492,-0.386218,0.741854
150504140460886,82.932667,1.391719,-0.425283,0.615853
150504150461578,82.942668,1.300131,-0.501122,0.593134
150504160462511,82.952669,1.117579,-0.548363,0.696676
150504170463127,82.962669,0.671236,-0.570492,0.940178
150504180463987,82.972670,0.282168,-0.557426,1.042099
150504190464659,82.982671,-0.003729,-0.438032,0.827318
150504200465520,82.992672,0.10284,-0.370495,0.549216
150504210466427,83.002672,0.446256,-0.342065,0.417008
150504220467054,83.012673,0.694405,-0.39946,0.451015
150504230467746,83.022674,0.675908,-0.477282,0.634402
150504240468670,83.032675,0.565986,-0.508097,0.797432
150504250469302,83.042675,0.152334,-0.572292,0.918461
150504260470135,83.052676,-0.101869,-0.611854,0.745381
150504270470827,83.062677,-0.02695,-0.618643,0.611056
150504280471672,83.072678,0.071806,-0.684982,0.588328
150504290472381,83.082678,0.211948,-0.656987,0.624784
150504300473222,83.092679,0.201595,-0.693716,0.361863
150504310473926,83.102680,0.009317,-0.663802,0.23718
150504320474768,83.112681,-0.029303,-0.722478,0.323483
150504330475460,83.122681,0.254906,-0.753063,0.440037
150504340476308,83.132682,0.402558,-0.761908,0.400871
150504350476986,83.142683,0.675943,-0.791517,0.319017
150504360477819,83.152684,0.854791,-0.820782,0.448256
150504370478531,83.162685,0.905277,-0.829659,0.642044
150504380479382,83.172685,0.798723,-0.817139,0.634474
150504390480101,83.182686,0.354878,-0.764513,0.571769
150504400480942,83.192687,0.180185,-0.729648,0.492841
150504410481634,83.202688,0.432979,-0.660904,0.589871
150504420482463,83.212688,0.442841,-0.603349,0.800786
150504430483171,83.222689,0.600237,-0.53405,1.013797
150504440484018,83.232690,0.825852,-0.560034,1.169976
150504450484622,83.242691,1.052483,-0.527133,1.015684
150504460485538,83.252692,1.012742,-0.523538,0.948583
150504470486217,83.262692,1.036806,-0.554047,0.999857
150504480487077,83.272693,1.084068,-0.544615,1.201264
150504490487750,83.282694,1.485398,-0.615648,1.427142
150504500488601,83.292695,1.274448,-0.700218,1.351402
150504510489219,83.302695,0.591884,-0.709773,1.080814
150504520489920,83.312696,-0.023684,-0.776862,1.009737
150504530490843,83.322697,0.095073,-0.800149,1.155914
150504540491701,83.332698,-0.324127,-0.751986,1.216143
150504550492394,83.342698,-0.648091,-0.674405,1.295501
150504560493007,83.352699,-0.513842,-0.617864,1.456451
150504570493915,83.362700,0.239938,-0.651472,1.497463
150504580494759,83.372701,0.911849,-0.668456,1.484879
150504590495387,83.382701,1.296581,-0.705852,1.496073
150504600496097,83.392702,1.469501,-0.716547,1.508107
150504610496925,83.402703,1.533289,-0.592695,1.573341
150504620497846,83.412704,1.508332,-0.489242,1.559294
150504630498477,83.422704,1.522471,-0.405408,1.5708
150504640499169,83.432705,1.353915,-0.402956,1.607546
150504650500015,83.442706,1.326384,-0.462897,1.469182
150504660500680,83.452707,1.256774,-0.58615,1.284355
150504670501531,83.462708,1.076899,-0.60995,1.021383
150504680502228,83.472708,0.800653,-0.595644,0.937895
150504690503158,83.482709,0.303599,-0.551055,0.887137
150504700503762,83.492710,0.052576,-0.499398,0.82469
150504710504608,83.502711,-0.149696,-0.484526,0.729974
150504720505294,83.512711,-0.188359,-0.3956,0.695839
150504730506138,83.522712,0.050707,-0.331055,0.803204
150504740506819,83.532713,0.432154,-0.207095,1.012187
150504750507677,83.542714,0.90308,-0.163676,1.099966
150504760508356,83.552714,1.598549,-0.175392,1.062754
150504770509191,83.562715,1.883407,-0.242604,0.942233
150504780509871,83.572716,1.93784,-0.402537,0.762758
150504790510715,83.582717,1.580794,-0.462074,0.717323
150504800511417,83.592717,0.98645,-0.425516,0.804867
150504810512034,83.602718,0.324025,-0.372594,0.920202
150504820512958,83.612719,-0.060348,-0.197521,0.948934
150504830513789,83.622720,-0.238956,-0.086016,0.967646
150504840514479,83.632720,0.380434,-0.080251,1.086262
150504850515325,83.642721,1.16851,-0.081532,1.251504
150504860515943,83.652722,1.781493,-0.06553,1.249582
150504870516635,83.662723,2.104862,-0.141005,1.126416
150504880517558,83.672724,2.101039,-0.221009,1.118809
150504890518412,83.682724,1.484667,-0.276931,1.210462
150504900519025,83.692725,0.717079,-0.287745,1.221158
150504910519717,83.702726,-0.209202,-0.263095,1.019441
150504920520578,83.712727,-0.875446,-0.196844,0.815429
150504930521251,83.722727,-1.28893,-0.135299,0.723721
150504940522110,83.732728,-1.679775,0.109666,0.602271
150504950523033,83.742729,-1.149339,0.104832,0.519838
150504960523635,83.752730,-0.514095,0.102733,0.389938
150504970524315,83.762730,0.161589,0.05482,0.208895
150504980525165,83.772731,0.567383,-0.014276,0.101112
150504990525843,83.782732,0.857697,-0.039076,0.106921
150505000526692,83.792733,0.923871,8.11E-4,0.125044
150505010527396,83.802733,0.595712,-0.008722,0.187734
150505020528025,83.812734,0.200623,0.103059,0.285936
150505030528948,83.822735,0.026694,0.226427,0.407595
150505040529792,83.832736,0.129064,0.263471,0.558795
150505050530485,83.842736,0.48879,0.174058,0.561957
150505060531084,83.852737,0.647097,0.051967,0.093499
150505070531930,83.862738,0.664274,-0.100755,-0.43739
150505080532855,83.872739,0.259248,-0.21808,-0.552673
150505090533538,83.882740,-0.257118,-0.233307,-0.311362
150505100534140,83.892740,-0.719611,-0.280091,-0.100775
150505110535054,83.902741,-0.93708,-0.279703,-0.05745
150505120535670,83.912742,-1.218344,-0.251217,-0.219355
150505130536593,83.922743,-1.340614,-0.205617,-0.404904
150505140537222,83.932743,-1.17382,-0.138289,-0.466327
150505150538153,83.942744,-0.739221,-0.076811,-0.493124
150505160539013,83.952745,-0.443051,0.014215,-0.617689
150505170539645,83.962746,-0.328698,0.09452,-0.719783
150505180540342,83.972746,-0.025618,0.165699,-0.727909
150505190541203,83.982747,0.29265,0.21215,-0.701138
150505200541889,83.992748,0.320741,0.295222,-0.755736
150505210542742,84.002749,0.161367,0.411123,-0.646055
150505220543419,84.012749,-0.214181,0.643725,-0.467077
150505230544265,84.022750,-0.424709,1.017983,-0.327801
150505240544961,84.032751,-0.589567,1.248677,-0.326816
150505250545583,84.042752,-0.271768,1.379646,-0.132778
150505260546501,84.052753,0.343997,1.333742,0.14467
150505270547132,84.062753,0.768405,1.058869,0.296059
150505280548065,84.072754,0.911007,0.697113,0.094218
150505290548909,84.082755,0.418233,0.395326,-0.50515
150505300549615,84.092756,-0.109149,0.163975,-1.076504
150505310550224,84.102756,-0.690713,0.047782,-1.305587
150505320551137,84.112757,-0.892246,0.04444,-1.106807
150505330552000,84.122758,-0.777447,0.074897,-0.646735
150505340552663,84.132759,-0.663398,-0.028601,-0.183919
150505350553267,84.142759,-0.90397,-0.175954,-0.19415
150505360554108,84.152760,-1.425771,-0.326591,-0.385773
150505370554800,84.162761,-2.193172,-0.503056,-0.583264
150505380555634,84.172762,-2.604405,-0.616876,-0.569369
150505390556347,84.182762,-2.96877,-0.423874,-0.874748
150505400557190,84.192763,-3.1616,-0.339023,-1.173579
150505410557894,84.202764,-2.603483,-0.029338,-1.304967
150505420558750,84.212765,-1.700567,0.223752,-1.223449
150505430559443,84.222765,-0.613931,0.367614,-0.942191
150505440560279,84.232766,0.238533,0.535043,-0.866258
150505450560971,84.242767,0.958255,0.60183,-1.111477
150505460561811,84.252768,1.602366,0.834933,-1.237235
150505470562444,84.262768,2.104635,1.082183,-0.98583
150505480563141,84.272769,2.781003,1.381735,-0.579378
150505490563982,84.282770,3.312791,1.771281,-0.446731
150505500564689,84.292771,3.362894,2.053142,-0.293404
150505510565535,84.302772,2.992495,2.137917,-0.047093
150505520566208,84.312772,2.950703,1.90306,0.366485
150505530567063,84.322773,2.768481,1.3599,0.502938
150505540567756,84.332774,2.352757,0.63282,-0.00186
150505550568617,84.342775,1.25726,0.145254,-0.968243
150505560569309,84.352775,-0.146961,0.010211,-1.397911
150505570570143,84.362776,-1.207364,0.20144,-1.158053
150505580570838,84.372777,-1.404059,0.264838,-0.02295
150505590571684,84.382778,-0.818035,0.243165,1.536183
150505600572374,84.392778,0.295526,-0.191186,2.710942
150505610573220,84.402779,0.549558,-0.878958,2.633209
150505620573843,84.412780,-0.88514,-1.325841,1.265808
150505630574549,84.422781,-3.697306,-1.384475,-0.744437
150505640575463,84.432781,-6.775277,-1.176132,-2.247697
150505650576302,84.442782,-8.692566,-0.413468,-2.427579
150505660576920,84.452783,-9.004856,0.161987,-0.995277
150505670577607,84.462784,-7.65605,0.39211,0.151205
150505680578462,84.472784,-5.210644,-0.071468,0.838606
150505690579379,84.482785,-2.847701,0.044649,0.686672
150505700580004,84.492786,-0.138381,0.075186,0.118583
150505710580703,84.502787,2.669413,0.044055,-0.453414
150505720581578,84.512788,5.536698,0.086046,-0.126855
150505730582254,84.522788,7.956052,0.020918,0.896951
150505740583095,84.532789,9.239693,0.019028,2.159726
150505750583787,84.542790,8.716726,-0.089455,2.837658
150505760584400,84.552790,6.195096,-0.217755,2.784294
150505770585552,84.562792,2.965583,-0.368783,2.454898
150505780586165,84.572792,0.227934,-0.61112,1.825951
150505790586855,84.582793,-1.513969,-0.760262,1.133276
150505800587452,84.592793,-2.106951,-1.064153,0.443491
150505810588295,84.602794,-1.962228,-1.467966,0.005307
150505820588994,84.612795,-1.549876,-1.848632,-0.096359
150505830589842,84.622796,-1.309934,-2.328616,0.168485
150505840590515,84.632797,-1.534499,-2.640372,0.653044
150505850591451,84.642797,-1.6781,-2.985562,1.260821
150505860592297,84.652798,-1.547324,-3.356045,1.897672
150505870592909,84.662799,-1.716738,-3.623149,2.210466
150505880593521,84.672800,-2.254627,-3.878811,2.070021
150505890594208,84.682800,-2.757728,-3.939116,1.66816
150505900595121,84.692801,-3.283252,-3.970635,1.311863
150505910595965,84.702802,-3.797364,-3.860505,0.727087
150505920596593,84.712803,-4.417,-3.747261,0.037136
150505930597520,84.722804,-5.191428,-3.197854,-0.832111
150505940598203,84.732804,-6.356857,-2.192661,-2.058538
150505950599047,84.742805,-8.067201,-1.058698,-2.829002
150505960599670,84.752806,-8.935463,-0.048514,-2.472959
150505970600362,84.762806,-7.621689,1.066235,-1.174372
150505980601220,84.772807,-4.759215,1.874308,-0.22341
150505990602148,84.782808,-1.045566,2.497639,-0.261346
150506000602764,84.792809,2.58571,2.611312,-0.97136
150506010603456,84.802809,4.906888,2.53362,-1.959579
150506020604318,84.812810,5.844848,2.573993,-2.460368
150506030604979,84.822811,5.406149,2.842368,-2.225571
150506040605845,84.832812,3.466663,3.319593,-1.920378
150506050606481,84.842812,1.147927,3.876955,-1.506073
150506060607402,84.852813,-0.420574,4.298265,-1.009945
150506070608094,84.862814,-1.248824,4.53608,-0.692017
150506080608946,84.872815,-1.247401,4.310909,-0.513666
150506090609633,84.882816,-0.427352,3.832543,-0.570289
150506100610443,84.892816,0.258397,3.269847,-0.807462
150506110611059,84.902817,1.081393,2.659972,-1.118276
150506120611761,84.912818,1.474253,2.175313,-1.409026
150506130612609,84.922819,1.286508,1.805389,-1.529966
150506140613301,84.932819,0.170059,1.619412,-1.433556
150506150614134,84.942820,-1.19426,1.442463,-1.134733
150506160614826,84.952821,-2.081551,1.319007,-0.662082
150506170615672,84.962822,-2.43244,1.25977,-0.2676
150506180616361,84.972822,-3.00595,1.210692,0.305722
150506190617212,84.982823,-3.018278,1.028697,0.459586
150506200617904,84.992824,-2.177131,0.812838,0.374328
150506210618535,85.002825,-0.902173,0.528161,0.45413
150506220619363,85.012825,0.107012,0.49905,0.228538
150506230620055,85.022826,0.808312,0.30205,-0.124804
150506240620870,85.032827,1.134329,0.247644,-0.355355
150506250621808,85.042828,0.614231,0.245059,-0.264635
150506260622471,85.052828,-0.143415,0.306704,0.086592
150506270623074,85.062829,-0.7283,0.327257,0.524296
150506280623935,85.072830,-0.883668,0.383749,0.77777
150506290624610,85.082831,-0.518618,0.320594,0.953566
150506300625228,85.092831,-0.682052,0.237628,0.808609
150506310626060,85.102832,-0.849816,0.171675,0.473158
150506320626985,85.112833,-1.425054,0.114647,0.041343
150506330627894,85.122834,-2.056469,-0.002866,-0.118907
150506340628512,85.132835,-2.072708,-0.063647,0.071096
150506350629141,85.142835,-1.217474,-0.29085,0.405988
150506360629833,85.152836,-0.251049,-0.508733,0.562511
150506370630685,85.162837,0.279933,-0.582715,0.45476
150506380631377,85.172837,0.286255,-0.659409,0.200437
150506390632228,85.182838,-0.659188,-0.703193,-0.057129
150506400632920,85.192839,-1.541563,-0.670132,-0.185794
150506410633843,85.202840,-2.659248,-0.808226,0.086059
150506420634697,85.212841,-3.181483,-0.569088,0.436004
150506430635327,85.222841,-3.107384,-0.484454,0.792118
150506440636000,85.232842,-2.665277,-0.411964,0.761675
150506450636861,85.242843,-1.878528,-0.30038,0.486381
150506460637558,85.252844,-1.177612,-0.221573,0.267943
150506470638418,85.262844,-0.503312,-0.128225,0.154546
150506480639064,85.272845,-0.256978,-0.101121,0.332704
150506490639986,85.282846,0.033368,-0.131716,0.560115
150506500640692,85.292847,0.295305,-0.260227,0.728781
150506510641307,85.302847,0.728055,-0.277462,0.747799
150506520642242,85.312848,0.91948,-0.35144,0.584017
150506530642858,85.322849,0.896783,-0.361354,0.349173
150506540643699,85.332850,0.447542,-0.352388,0.139535
150506550644389,85.342850,-0.803912,-0.226333,-0.245824
150506560645236,85.352851,-1.734082,-0.086562,-0.398011
150506570645930,85.362852,-2.343782,-0.005114,-0.527085
150506580646834,85.372853,-2.460342,0.171708,-0.542696
150506590647447,85.382853,-2.118068,0.3782,-0.570639
150506600648274,85.392854,-1.161872,0.319406,-0.4632
150506610648971,85.402855,-0.321311,0.30568,-0.508045
150506620649588,85.412856,0.281669,0.360658,-0.520669
150506630650434,85.422856,0.776676,0.334148,-0.530875
150506640651156,85.432857,0.693318,0.430673,-0.543822
150506650652074,85.442858,-0.050278,0.530864,-0.493405
150506660652915,85.452859,-1.144275,0.68506,-0.509667
150506670653530,85.462860,-1.826036,0.826001,-0.507413
150506680654452,85.472860,-2.192266,0.999146,-0.54151
150506690655058,85.482861,-2.479677,1.077331,-0.579898
150506700655754,85.492862,-2.018575,1.201916,-0.774735
150506710656602,85.502863,-1.197941,0.990851,-0.749414
150506720657293,85.512863,-0.110468,0.846399,-0.742377
150506730658159,85.522864,0.969459,0.696002,-0.767813
150506740658853,85.532865,1.948904,0.530556,-0.966191
150506750659473,85.542865,2.48037,0.381214,-1.14637
150506760660334,85.552866,2.549636,0.275187,-1.127272
150506770661019,85.562867,2.213034,0.167016,-1.003182
150506780661886,85.572868,1.465174,0.177591,-0.84327
150506790662579,85.582869,0.57179,0.19501,-0.687825
150506800663406,85.592869,-0.225089,0.14858,-0.592346
150506810664317,85.602870,-1.039437,0.128243,-0.489892
150506820664992,85.612871,-1.844103,0.240696,-0.630559
150506830665608,85.622872,-1.806273,0.215688,-0.769358
150506840666534,85.632873,-1.696967,0.278413,-0.825816
150506850667149,85.642873,-1.617348,0.222208,-0.852379
150506860667767,85.652874,-1.424098,0.168889,-0.787315
150506870668618,85.662875,-1.060729,0.113227,-0.503714
150506880669310,85.672875,-0.462204,-0.074969,-0.044577
150506890670223,85.682876,0.557493,-0.290379,0.355423
150506900671038,85.692877,1.505032,-0.450047,0.523387
150506910671646,85.702878,2.243685,-0.526747,0.337032
150506920672324,85.712878,2.180471,-0.574265,0.072502
150506930673165,85.722879,0.926671,-0.464081,-0.251739
150506940673868,85.732880,-0.638855,-0.255072,-0.460443
150506950674719,85.742881,-1.458353,-0.110233,-0.326332
150506960675411,85.752881,-1.573733,0.224883,-0.064311
150506970676341,85.762882,-0.77816,0.257207,0.181887
150506980677198,85.772883,0.803745,0.116531,0.224528
150506990677827,85.782884,2.205133,0.099098,-0.073194
150507000678510,85.792885,2.852925,0.039132,-0.646755
150507010679370,85.802885,2.466185,-0.093225,-1.092331
150507020680063,85.812886,1.136654,0.047852,-1.226776
150507030680909,85.822887,-0.550825,0.24713,-1.014481
150507040681507,85.832888,-1.693556,0.389134,-0.6203
150507050682423,85.842888,-2.216689,0.696061,-0.292112
150507060683101,85.852889,-1.758578,0.778886,-0.107724
150507070683943,85.862890,-0.689938,0.644144,-0.167822
150507080684584,85.872891,0.305392,0.584312,-0.436451
150507090685281,85.882891,0.953087,0.479025,-0.71634
150507100686140,85.892892,1.326347,0.272034,-0.865813
150507110686833,85.902893,1.18242,0.209934,-0.83705
150507120687677,85.912894,0.506413,0.198041,-0.740036
150507130688361,85.922894,-0.352455,0.293527,-0.705904
150507140689281,85.932895,-1.392336,0.354378,-0.731767
150507150689865,85.942896,-2.016942,0.427324,-0.616203
150507160690488,85.952896,-2.233408,0.446721,-0.277539
150507170691411,85.962897,-1.755745,0.584189,0.022302
150507180692026,85.972898,-0.986918,0.521206,-0.146753
150507190692886,85.982899,-0.186275,0.471142,-0.410125
150507200693793,85.992900,0.233358,0.434142,-0.638973
150507210694491,86.002900,0.781742,0.296308,-0.603424
150507220695339,86.012901,1.174777,0.219195,-0.401927
150507230695952,86.022902,1.359098,0.176573,-0.216131
150507240696654,86.032903,1.49885,0.09163,-0.060308
150507250697500,86.042904,1.453912,-0.037287,0.119422
150507260698207,86.052904,0.897854,-0.081521,0.327041
150507270699057,86.062905,0.130681,-0.127161,0.342921
150507280699752,86.072906,-0.803111,-0.207787,0.052936
150507290700592,86.082907,-1.63677,-0.292953,-0.343755
150507300701270,86.092907,-2.422265,-0.275562,-0.659243
150507310701872,86.102908,-3.299505,-0.207133,-0.780564
150507320702795,86.112909,-3.472682,-0.239137,-0.535163
150507330703663,86.122910,-2.731334,-0.091777,-0.315963
150507340704280,86.132910,-1.125052,-0.363535,0.241807
150507350704973,86.142911,0.268687,-0.477652,0.16358
150507360705819,86.152912,1.186961,-0.631066,-0.091643
150507370706754,86.162913,1.384637,-0.869648,-0.333915
150507380707462,86.172913,0.795346,-0.959379,-0.4986
150507390708057,86.182914,-0.680784,-0.815716,-0.693274
150507400708896,86.192915,-1.840247,-0.735959,-0.7332
150507410709586,86.202916,-2.621691,-0.464981,-0.74842
150507420710408,86.212916,-3.145498,-0.178784,-0.826569
150507430711016,86.222917,-2.872344,-7.09E-4,-0.874667
150507440711679,86.232918,-1.639905,-0.052482,-0.707708
150507450712836,86.242919,-0.30883,-0.027413,-0.612218
150507460713453,86.252919,1.18072,-0.042685,-0.691576
150507470714059,86.262920,2.744243,-0.196483,-0.662561
150507480714767,86.272921,3.836195,-0.338093,-0.427129
150507490715627,86.282922,4.163399,-0.408733,-0.282312
150507500716334,86.292922,3.556072,-0.532358,-0.146741
150507510717169,86.302923,2.174675,-0.423706,-0.256805
150507520717846,86.312924,0.48693,-0.34588,-0.363241
150507530718771,86.322925,-1.049305,-0.250168,-0.583444
150507540719615,86.332926,-2.562743,-7.4E-4,-0.880446
150507550720212,86.342926,-3.600576,0.271257,-1.132376
150507560720904,86.352927,-3.812655,0.434248,-1.08665
150507570721760,86.362928,-3.062377,0.502495,-0.842979
150507580722467,86.372928,-1.874925,0.436707,-0.790915
150507590723069,86.382929,-0.773132,0.320075,-0.930702
150507600724021,86.392930,0.024343,0.268471,-0.915799
150507610724880,86.402931,0.437874,0.095434,-0.797112
150507620725575,86.412932,0.674216,-0.059374,-0.448988
150507630726188,86.422932,0.518797,0.048178,-0.270928
150507640727019,86.432933,-0.161407,0.115611,-0.264174
150507650727724,86.442934,-0.978526,0.265425,-0.430185
150507660728564,86.452935,-1.257452,0.40516,-0.577651
150507670729254,86.462935,-0.834407,0.478122,-0.566573
150507680730090,86.472936,0.004698,0.654616,-0.603814
150507690731008,86.482937,1.196836,0.75417,-0.826951
150507700731713,86.492938,2.404182,0.768973,-0.93999
150507710732326,86.502938,3.115096,0.76851,-0.923679
150507720732948,86.512939,3.449914,0.739427,-0.608084
150507730733872,86.522940,2.833976,0.766811,-0.334646
150507740734487,86.532940,1.631732,0.796998,-0.170543
150507750735338,86.542941,0.418649,0.835454,-0.089811
150507760736259,86.552942,-0.749916,0.884529,-0.089619
150507770736967,86.562943,-1.544703,0.928301,-0.117206
150507780737800,86.572944,-1.955779,0.875745,-0.184973
150507790738395,86.582944,-1.766536,0.807912,-0.297132
150507800739117,86.592945,-1.286991,0.687908,-0.378739
150507810739961,86.602946,-1.046906,0.528615,-0.443135
150507820740653,86.612947,-0.91998,0.43202,-0.490434
150507830741491,86.622947,-0.826057,0.25324,-0.459295
150507840742107,86.632948,-0.665645,0.07963,-0.434736
150507850743014,86.642949,-0.365338,-0.077983,-0.37474
150507860743708,86.652950,-0.124382,-0.219271,-0.26924
150507870744328,86.662950,-0.079718,-0.335402,-0.245
150507880745194,86.672951,-0.304809,-0.411379,-0.303246
150507890745886,86.682952,-0.56592,-0.503365,-0.454584
150507900746717,86.692953,-0.838303,-0.462468,-0.549206
150507910747380,86.702953,-0.885654,-0.443694,-0.500035
150507920748228,86.712954,-0.540462,-0.475316,-0.432896
150507930749148,86.722955,-0.012389,-0.519608,-0.340693
150507940749812,86.732956,0.071393,-0.430562,-0.2295
150507950750439,86.742956,-0.255908,-0.368777,-0.382958
150507960751283,86.752957,-0.722771,-0.386559,-0.542814
150507970751966,86.762958,-1.236176,-0.294527,-0.532575
150507980752583,86.772959,-1.644632,-0.214764,-0.266582
150507990753521,86.782960,-1.638332,-0.153585,-0.07666
150508000754131,86.792960,-1.249896,-0.087716,0.032385
150508010755294,86.802961,-0.512615,-0.150147,0.183044
150508020755906,86.812962,0.321378,-0.161242,0.184522
150508030756592,86.822963,0.835402,-0.260874,0.051635
150508040757209,86.832963,1.143321,-0.293861,-0.107224
150508050758040,86.842964,0.818701,-0.326879,-0.256382
150508060758721,86.852965,0.086664,-0.221796,-0.414992
150508070759577,86.862966,-0.7224,-0.170608,-0.392807
150508080760305,86.872966,-1.448557,-0.069058,-0.275005
150508090761226,86.882967,-1.630876,-0.017738,0.059047
150508100762072,86.892968,-1.014516,-0.038506,0.230264
150508110762673,86.902969,-0.087838,-0.057669,0.116274
150508120763305,86.912969,0.35801,-0.196651,-0.003106
150508130764216,86.922970,0.429628,-0.190078,-0.24818
150508140764849,86.932971,-0.216351,-0.248846,-0.594148
150508150765765,86.942972,-1.305184,-0.132604,-0.878912
150508160766387,86.952972,-2.267055,-0.029586,-0.916716
150508170767321,86.962973,-2.896915,-0.03693,-0.628947
150508180768016,86.972974,-2.636098,0.094651,-0.213145
150508190768643,86.982975,-1.279266,0.008516,0.192839
150508200769511,86.992976,0.154277,-0.119782,0.270975
150508210770198,87.002976,1.099032,-0.012876,-0.178491
150508220771030,87.012977,1.818633,-0.10901,-0.747107
150508230771725,87.022978,1.80678,-0.136669,-1.032212
150508240772571,87.032979,1.076366,-0.066418,-0.880229
150508250773268,87.042979,0.451333,0.082021,-0.405117
150508260774112,87.052980,0.221041,0.255911,-0.022482
150508270774788,87.062981,0.084343,0.406118,-0.016085
150508280775643,87.072982,0.056828,0.571695,-0.321233
150508290776350,87.082982,0.006248,0.65906,-0.688412
150508300776982,87.092983,-0.242547,0.792076,-0.933135
150508310777905,87.102984,-0.328276,0.878609,-0.818182
150508320778525,87.112985,-0.445233,0.999332,-0.588435
150508330779448,87.122985,-0.289212,1.101865,-0.247528
150508340780276,87.132986,-0.105011,1.133508,0.040444
150508350780896,87.142987,0.344468,1.00167,0.212843
150508360781564,87.152988,0.810848,0.89416,0.283057
150508370782411,87.162988,1.100584,0.845229,0.216611
150508380783106,87.172989,0.893013,0.806388,-0.003865
150508390783723,87.182990,-0.190821,0.875175,-0.395041
150508400784660,87.192991,-1.312892,1.001531,-0.688862
150508410785602,87.202992,-1.989365,1.007318,-0.687569
150508420786219,87.212992,-1.961757,0.964968,-0.377106
150508430787058,87.222993,-0.939403,0.908038,0.053343
150508440787750,87.232994,0.453574,0.606847,0.35067
150508450788602,87.242995,1.553975,0.500803,0.141184
150508460789223,87.252995,2.082553,0.314974,-0.186376
150508470789915,87.262996,2.039656,0.08709,-0.354793
150508480790762,87.272997,1.180833,0.057292,-0.327862
150508490791674,87.282998,0.017803,0.077713,-0.181031
150508500792366,87.292998,-0.787918,0.05234,0.096413
150508510792978,87.302999,-0.962214,0.068038,0.306535
150508520793837,87.313000,-0.561765,0.063364,0.323854
150508530794523,87.323001,-0.098686,-0.055642,0.045416
150508540795381,87.333001,0.289523,-0.111716,-0.3344
150508550796057,87.343002,0.261506,-0.239577,-0.521654
150508560796906,87.353003,-0.029571,-0.356487,-0.488299
150508570797822,87.363004,-0.465548,-0.450844,-0.387955
150508580798515,87.373005,-0.827376,-0.60574,-0.181868
150508590799018,87.383005,-1.199565,-0.619472,-0.077218
150508600799708,87.393006,-1.533848,-0.687865,-0.083902
150508610800559,87.403007,-1.771722,-0.71381,-0.231614
150508620801265,87.413007,-1.870245,-0.7192,-0.520145
150508630802101,87.423008,-1.85735,-0.682635,-0.741273
150508640802790,87.433009,-2.187983,-0.621609,-0.914055
150508650803718,87.443010,-2.245831,-0.611446,-0.929711
150508660804559,87.453011,-2.04269,-0.531142,-0.778513
150508670805161,87.463011,-1.333083,-0.634449,-0.402988
150508680805837,87.473012,-0.423533,-0.708602,-0.057339
150508690806685,87.483013,0.32536,-0.82591,0.053114
150508700807377,87.493013,1.073569,-0.851645,-0.121984
150508710808232,87.503014,1.560539,-0.932561,-0.272091
150508720808924,87.513015,1.591501,-0.886188,-0.443957
150508730809789,87.523016,0.730439,-0.711953,-0.609479
150508740810483,87.533016,-0.376191,-0.589488,-0.671093
150508750811089,87.543017,-1.267244,-0.344997,-0.532124
150508760812022,87.553018,-1.719375,-0.218919,-0.339172
150508770812856,87.563019,-1.631945,-0.128838,-0.190413
150508780813478,87.573019,-1.119313,-0.083796,-0.152503
150508790814171,87.583020,-0.394707,-0.102305,-0.178659
150508800815017,87.593021,0.460226,-0.222144,-0.199388
150508810815716,87.603022,0.693635,-0.276927,-0.268421
150508820816641,87.613023,0.508235,-0.321548,-0.298973
150508830817238,87.623023,-0.231018,-0.292038,-0.196984
150508840818093,87.633024,-1.028214,-0.209657,-0.046701
150508850818793,87.643025,-1.469743,-0.148526,0.124979
150508860819640,87.653026,-1.610621,-0.092176,0.247375
150508870820252,87.663026,-1.505991,0.028396,0.058582
150508880820939,87.673027,-1.072037,0.046757,-0.285519
150508890821867,87.683028,-0.769369,0.028546,-0.53491
150508900822705,87.693029,-0.345189,0.024116,-0.556424
150508910823380,87.703029,0.117598,-0.033872,-0.259638
150508920824026,87.713030,0.494901,-0.036541,-0.015185
150508930824882,87.723031,0.903198,-0.020088,0.236501
150508940825589,87.733032,1.192321,0.030791,0.281368
150508950826435,87.743032,1.43674,0.038157,0.225261
150508960827117,87.753033,1.578061,0.164809,0.160126
150508970827959,87.763034,1.24515,0.37604,0.063076
150508980828890,87.773035,0.504645,0.57231,0.002755
150508990829500,87.783036,-0.085063,0.792889,-0.034735
150509000830211,87.793036,-0.515165,1.039155,0.054539
150509010831058,87.803037,-0.42085,1.246528,0.143688
150509020831774,87.813038,-0.002529,1.334601,0.235955
150509030832634,87.823039,0.614045,1.40454,0.24114
150509040833331,87.833039,1.156763,1.409589,0.294599
150509050833949,87.843040,1.462235,1.451595,0.236743
150509060834867,87.853041,1.496849,1.404331,0.15773
150509070835688,87.863042,1.2565,1.391365,0.103367
150509080836318,87.873042,0.784265,1.459928,0.01207
150509090836981,87.883043,0.185254,1.461947,-0.089865
150509100837829,87.893044,-0.516191,1.565415,-0.282222
150509110838521,87.903045,-1.123372,1.636328,-0.459111
150509120839365,87.913045,-1.367261,1.65827,-0.591761
150509130840058,87.923046,-0.934885,1.553808,-0.491967
150509140840978,87.933047,-0.369291,1.362937,-0.210908
150509150841584,87.943048,0.982689,1.214219,0.048555
150509160842434,87.953048,1.990119,0.979554,0.209596
150509170843120,87.963049,2.640075,0.851737,0.274413
150509180843962,87.973050,3.195841,0.518124,0.416606
150509190844641,87.983051,3.525223,0.182502,0.747751
150509200845485,87.993051,3.265119,0.010374,0.916836
150509210846178,88.003052,1.908566,-0.12105,0.724142
150509220847011,88.013053,0.643156,-0.183152,0.465022
150509230847630,88.023054,-0.510651,-0.347173,0.30994
150509240848567,88.033055,-1.645464,-0.419415,0.160446
150509250849184,88.043055,-2.732314,-0.455358,-0.051818
150509260849885,88.053056,-3.427099,-0.495755,-0.312756
150509270850736,88.063057,-3.392556,-0.515876,-0.491087
150509280851429,88.073057,-3.003568,-0.587472,-0.668781
150509290852278,88.083058,-2.343114,-0.649256,-0.733427
150509300853196,88.093059,-1.73381,-0.733686,-0.74275
150509310853813,88.103060,-1.461891,-0.810866,-0.734631
150509320854427,88.113060,-1.19651,-0.894804,-0.738719
150509330855350,88.123061,-1.285077,-0.977509,-0.733603
150509340856047,88.133062,-1.206415,-1.059073,-0.514383
150509350856888,88.143063,-0.760761,-1.015851,-0.179682
150509360857596,88.153064,-0.059197,-0.992869,0.21023
150509370858213,88.163064,0.649365,-0.805931,0.349574
150509380859355,88.173065,1.342239,-0.813509,0.326815
150509390859757,88.183066,2.142945,-0.727261,0.068907
150509400860685,88.193067,2.567305,-0.623619,-0.293685
150509410861300,88.203067,2.246656,-0.62042,-0.497983
150509420862160,88.213068,1.382791,-0.433394,-0.575827
150509430863077,88.223069,0.058313,-0.147117,-0.685289
150509440863699,88.233070,-0.910142,0.014313,-0.742042
150509450864380,88.243070,-1.662828,0.240861,-0.856618
150509460865286,88.253071,-2.381966,0.494936,-0.994091
150509470865892,88.263072,-2.707116,0.67132,-1.056269
150509480866746,88.273073,-2.734071,0.891205,-0.984029
150509490867438,88.283073,-2.497935,1.003298,-0.885434
150509500868046,88.293074,-1.753646,1.01449,-0.734823
150509510868959,88.303075,-0.935726,0.906317,-0.42388
150509520869808,88.313076,-0.341421,0.931362,-0.332187
150509530870485,88.323076,0.411499,0.910172,-0.310734
150509540871333,88.333077,0.794374,0.923028,-0.467986
150509550871930,88.343078,0.50543,1.051405,-0.762746
150509560872861,88.353079,0.537141,1.01093,-0.768778
150509570873487,88.363079,0.684272,1.152001,-0.670446
150509580874173,88.373080,1.041024,1.198669,-0.422031
150509590875017,88.383081,1.40674,1.139122,-0.13606
150509600875709,88.393082,1.703394,1.031462,-0.037576
150509610876553,88.403083,2.104097,0.762162,0.058357
150509620877476,88.413083,2.336734,0.530832,-0.005428
150509630878113,88.423084,1.937316,0.432421,-0.266185
150509640878805,88.433085,0.859839,0.370214,-0.578354
150509650879649,88.443086,-0.409861,0.357755,-0.753712
150509660880356,88.453086,-1.327829,0.372576,-0.648093
150509670881202,88.463087,-1.875905,0.341522,-0.253388
150509680881843,88.473088,-1.933325,0.392104,0.260683
150509690882769,88.483089,-0.830372,0.230653,0.673262
150509700883464,88.493089,0.592064,-0.031232,0.806153
150509710884324,88.503090,1.390523,-0.278371,0.653876
150509720885034,88.513091,1.743483,-0.380136,0.342245
150509730885651,88.523092,1.577969,-0.685628,0.19365
150509740886487,88.533092,0.936912,-0.838799,0.151498
150509750887179,88.543093,0.114117,-0.843874,0.154087
150509760888025,88.553094,-0.867854,-0.916238,0.064959
150509770888718,88.563095,-2.013487,-0.766261,-0.232867
150509780889641,88.573096,-2.840186,-0.534181,-0.580545
150509790890246,88.583096,-3.628383,-0.427752,-0.898345
150509800891095,88.593097,-4.025313,-0.194141,-0.912968
150509810891774,88.603098,-3.630971,-0.005977,-0.734388
150509820892405,88.613098,-2.49304,-0.086435,-0.333616
150509830893233,88.623099,-1.061455,-0.1071,0.096462
150509840894156,88.633100,0.00103,-0.188168,0.205205
150509850894818,88.643101,0.987504,-0.347672,0.317865
150509860895661,88.653102,1.683657,-0.443794,0.417398
150509870896276,88.663102,1.465537,-0.363936,0.319576
150509880897168,88.673103,0.81405,-0.1763,0.005476
150509890897861,88.683104,-0.397887,-0.02882,-0.315981
150509900898478,88.693104,-1.141434,0.168146,-0.224306
150509910899339,88.703105,-1.084165,0.216958,0.244357
150509920900032,88.713106,-0.358763,0.231567,0.644244
150509930900959,88.723107,0.532707,0.115241,0.674554
150509940901574,88.733108,0.575361,0.099993,0.220908
150509950902423,88.743108,0.450015,0.043067,-0.285308
150509960903140,88.753109,-0.129363,-0.08562,-0.5598
150509970903981,88.763110,-0.761789,-0.149647,-0.579063
150509980904688,88.773111,-1.079732,-0.222284,-0.429767
150509990905529,88.783112,-1.534952,-0.131299,-0.081234
150510000906226,88.793112,-2.014618,0.005793,0.121776
150510010906858,88.803113,-1.908115,-0.06571,0.136777
150510020907795,88.813114,-1.353845,-0.108753,-0.041355
150510030908629,88.823115,-0.781403,-0.230903,-0.329575
150510040909538,88.833116,-0.079976,-0.2773,-0.626682
150510050910164,88.843116,0.35567,-0.342528,-0.822116
150510060910858,88.853117,0.508444,-0.342923,-0.796574
150510070911464,88.863117,0.528741,-0.368793,-0.549986
150510080912308,88.873118,0.583862,-0.370327,-0.13825
150510090912986,88.883119,0.915494,-0.36613,0.246588
150510100913834,88.893120,0.950097,-0.273435,0.324261
150510110914522,88.903121,0.787775,-0.082157,-0.051268
150510120915353,88.913121,0.103412,0.096209,-0.601326
150510130916260,88.923122,-0.271194,0.179877,-0.722397
150510140916882,88.933123,-0.29241,0.301627,-0.515722
150510150917575,88.943124,0.069815,0.456588,-0.007254
150510160918430,88.953124,0.393398,0.578286,0.330122
150510170919137,88.963125,0.742369,0.5942,0.535464
150510180919983,88.973126,0.831183,0.703753,0.523329
150510190920584,88.983127,0.655498,0.761003,0.58462
150510200921582,88.993128,0.260147,0.825491,0.64194
150510210922136,89.003128,0.041159,0.815283,0.764152
150510220923057,89.013129,-0.141725,0.825692,0.89625
150510230923666,89.023130,-0.423841,0.837515,0.892501
150510240924367,89.033130,-0.561155,0.791405,0.793009
150510250925276,89.043131,-0.590013,0.780565,0.653476
150510260926105,89.053132,-0.554124,0.677371,0.513632
150510270926812,89.063133,-0.208771,0.562274,0.458798
150510280927429,89.073133,0.093403,0.310739,0.52053
150510290928289,89.083134,0.475242,0.071889,0.752014
150510300928982,89.093135,0.604405,-0.151512,0.811823
150510310929905,89.103136,0.403481,-0.28223,0.520859
150510320930518,89.113137,-0.519901,-0.346698,-0.082921
150510330931361,89.123137,-1.763478,-0.265184,-0.665859
150510340932054,89.133138,-2.618496,-0.304792,-0.888076
150510350932891,89.143139,-3.142357,-0.163681,-0.995882
150510360933812,89.153140,-3.174599,-0.108906,-0.661873
150510370934427,89.163140,-2.035668,-0.151269,0.006646
150510380935120,89.173141,-0.436462,-0.352349,0.560275
150510390935977,89.183142,0.695053,-0.346202,0.432642
150510400936687,89.193143,1.466829,-0.38335,-0.034991
150510410937518,89.203144,0.971681,-0.489034,-0.557479
150510420938136,89.213144,0.036042,-0.498205,-0.763588
150510430938828,89.223145,-0.622483,-0.520652,-0.527754
150510440939660,89.233146,-0.533289,-0.382237,-0.046369
150510450940571,89.243147,-0.285348,-0.139121,0.158753
150510460941189,89.253147,-0.353724,0.077265,0.055234
150510470942110,89.263148,-0.725469,0.24289,-0.417911
150510480942722,89.273149,-1.144223,0.336291,-0.870356
150510490943415,89.283149,-1.313707,0.438486,-1.045993
150510500944266,89.293150,-0.995529,0.479789,-0.788401
150510510944956,89.303151,-0.266809,0.599644,-0.380948
150510520945876,89.313152,0.402413,0.690595,-0.140179
150510530946482,89.323152,0.946172,0.738501,-0.043707
150510540947328,89.333153,0.975261,0.716774,0.117707
150510550948020,89.343154,0.680396,0.678224,0.266239
150510560948860,89.353155,0.585662,0.672937,0.430968
150510570949562,89.363156,0.22542,0.62139,0.420997
150510580950194,89.373156,0.03227,0.549125,0.35066
150510590951117,89.383157,-0.174136,0.407826,0.266826
150510600951975,89.393158,-0.597707,0.382794,-0.092008
150510610952618,89.403159,-1.098959,0.244448,-0.389462
150510620953295,89.413159,-1.778677,0.111565,-0.599214
150510630954156,89.423160,-1.766833,-0.128365,-0.351208
150510640955077,89.433161,-0.752549,-0.293986,4.02E-4
150510650955760,89.443162,0.463989,-0.57362,0.237455
150510660956606,89.453163,1.298458,-0.828795,0.240783
150510670957204,89.463163,1.361488,-1.052045,0.042328
150510680958115,89.473164,0.561573,-1.228991,-0.244173
150510690958731,89.483165,-0.414443,-1.275367,-0.372069
150510700959435,89.493165,-1.381962,-1.189137,-0.446368
150510710960279,89.503166,-1.800333,-1.220414,-0.207959
150510720960974,89.513167,-1.709128,-1.019294,0.055199
150510730961810,89.523168,-1.219716,-0.804094,0.209198
150510740962512,89.533169,-0.622199,-0.821492,0.078137
150510750963343,89.543169,-0.213738,-0.564216,-0.287003
150510760964030,89.553170,0.060786,-0.452231,-0.41459
150510770964890,89.563171,-0.021593,-0.279497,-0.244835
150510780965574,89.573172,-0.292958,-0.047091,-0.03782
150510790966418,89.583172,-0.86485,0.155072,0.22053
150510800967111,89.593173,-1.131087,0.399913,0.335651
150510810967943,89.603174,-1.373539,0.58316,0.220863
150510820968565,89.613175,-1.515904,0.745832,-0.087652
150510830969248,89.623175,-1.494876,0.829467,-0.376465
150510840970171,89.633176,-1.519224,0.952106,-0.512332
150510850970786,89.643177,-0.791209,1.094928,-0.524043
150510860971714,89.653178,0.05453,1.248529,-0.438722
150510870972329,89.663178,0.609311,1.579895,-0.310385
150510880973252,89.673179,1.545023,1.551055,-0.004322
150510890974106,89.683180,2.345559,1.604652,0.275032
150510900974742,89.693181,2.892465,1.57137,0.648054
150510910975435,89.703181,3.092981,1.609319,0.890703
150510920976276,89.713182,2.889306,1.544736,0.901831
150510930976973,89.723183,2.274999,1.448987,0.766083
150510940977798,89.733184,1.997723,1.214191,0.790006
150510950978491,89.743184,1.999189,0.92723,0.752118
150510960979351,89.753185,1.899081,0.691371,0.64041
150510970980045,89.763186,1.251648,0.509904,0.343881
150510980980899,89.773187,-0.031066,0.403891,-0.14587
150510990981592,89.783188,-1.498864,0.354401,-0.548261
150511000982524,89.793189,-2.93868,0.348843,-0.783967
150511010983144,89.803189,-4.179196,0.420048,-0.994876
150511020983992,89.813190,-4.525931,0.36192,-0.751462
150511030984690,89.823191,-3.917554,0.525507,-0.42495
150511040985534,89.833192,-2.744348,0.304287,0.092201
150511050986226,89.843192,-1.375217,0.062577,0.292828
150511060987062,89.853193,-0.231527,-0.161569,0.299929
150511070987671,89.863194,0.642387,-0.471417,0.279626
150511080988587,89.873195,1.27831,-0.822467,0.508962
150511090989284,89.883195,1.815431,-0.935863,0.809184
150511100990115,89.893196,1.922658,-0.99135,0.902354
150511110990738,89.903197,1.597084,-0.834346,0.761999
150511120991430,89.913197,0.770015,-0.776716,0.668124
150511130992353,89.923198,0.116006,-0.74326,0.850205
150511140992969,89.933199,0.477429,-0.785022,1.16992
150511150993815,89.943200,0.78863,-0.793676,1.241512
150511160994736,89.953201,0.60016,-0.614989,0.690299
150511170995353,89.963201,-0.367728,-0.432507,-0.189833
150511180996051,89.973202,-1.618506,-0.241456,-0.888142
150511190996911,89.983203,-2.683584,-0.111506,-1.02279
150511200997601,89.993204,-3.429811,-0.015272,-0.665933
150511210998449,90.003204,-3.715108,0.366587,0.100374
150511220999140,90.013205,-3.098445,0.628931,0.71938
150511231000000,90.023206,-2.158926,0.69707,0.907177
150511241000692,90.033207,-1.243235,0.537125,0.821595
150511251001529,90.043208,-0.25516,0.347179,0.780804
150511261002226,90.053208,1.063023,0.100944,0.900734
150511271003074,90.063209,2.29258,0.001738,0.994883
150511281003779,90.073210,2.858765,0.113836,0.825577
150511291004610,90.083211,2.274918,0.189859,0.487033
150511301005303,90.093211,0.738484,0.357556,0.008289
150511311006149,90.103212,-0.651262,0.447974,-0.193209
150511321006836,90.113213,-0.727987,0.440908,-0.116491
150511331007687,90.123214,-0.389362,0.446225,-0.01708
150511341008380,90.133214,-0.109268,0.606642,-0.271525
150511351008997,90.143215,-0.425123,0.615887,-0.806781
150511361009843,90.153216,-1.30125,0.828556,-1.412572
150511371010536,90.163217,-1.722499,0.734609,-1.486633
150511381011377,90.173217,-1.586445,0.594144,-1.19371
150511391012298,90.183218,-1.076353,0.680465,-0.647612
150511401012896,90.193219,-0.072319,0.598291,-0.113878
150511411013589,90.203220,0.64511,0.503388,0.050595
150511421014435,90.213220,1.030813,0.45283,-0.0079
150511431015141,90.223221,1.271681,0.275449,0.123776
150511441015983,90.233222,1.94507,0.106226,0.356544
150511451016674,90.243223,2.648127,0.005259,0.549995
150511461017520,90.253224,3.008848,0.054359,0.423136
150511471018212,90.263224,2.322296,0.100462,-0.057755
150511481019125,90.273225,0.682542,0.387912,-0.664925
150511491019762,90.283226,-0.938933,0.635263,-0.982019
150511501020608,90.293227,-2.378842,0.783806,-0.920319
150511511021298,90.303227,-2.923715,0.91215,-0.31731
150511521022130,90.313228,-2.333955,1.19864,0.270533
150511531022820,90.323229,-1.135676,1.147848,0.609326
150511541023664,90.333230,0.017194,1.07363,0.364067
150511551024361,90.343230,0.780742,0.984624,0.26059
150511561024983,90.353231,1.288936,0.783132,0.406814
150511571025916,90.363232,1.615315,0.502006,0.90523
150511581026536,90.373233,1.821625,0.500188,1.267151
150511591027459,90.383233,1.621511,0.378223,1.419076
150511601028293,90.393234,1.17599,0.36691,1.112468
150511611028916,90.403235,0.00494,0.439173,0.597467
150511621029832,90.413236,-1.028605,0.490237,0.023228
150511631030538,90.423237,-2.227189,0.528268,-0.453801
150511641031399,90.433237,-3.159119,0.559352,-0.699951
150511651032087,90.443238,-3.676109,0.683174,-0.604543
150511661032918,90.453239,-3.330949,0.79821,-0.213079
150511671033535,90.463240,-1.849889,0.68803,0.29814
150511681034214,90.473240,-0.223561,0.42312,0.568984
150511691035089,90.483241,1.128237,0.249312,0.398166
150511701035786,90.493242,2.204942,-0.102278,0.212512
150511711036632,90.503243,2.524441,-0.470309,-0.045274
150511721037320,90.513243,2.136604,-0.655091,-0.17808
150511731038171,90.523244,0.730769,-0.59699,-0.352376
150511741038836,90.533245,-1.03599,-0.371516,-0.565696
150511751039761,90.543246,-2.19409,-0.334377,-0.503287
150511761040382,90.553246,-2.744653,-0.231074,-0.21685
150511771041233,90.563247,-1.77266,-0.226305,0.269175
150511781041934,90.573248,0.113286,-0.459702,0.689176
150511791042788,90.583249,1.99185,-0.55667,0.634363
150511801043478,90.593249,3.17481,-0.606009,0.066308
150511811044308,90.603250,3.326862,-0.805938,-0.605028
150511821045009,90.613251,2.018712,-0.758558,-1.072486
150511831045857,90.623252,-0.221536,-0.431243,-1.164186
150511841046550,90.633253,-1.588168,-0.447358,-0.722271
150511851047394,90.643253,-2.541983,-0.095892,0.05561
150511861048086,90.653254,-2.347855,0.162122,0.766375
150511871048923,90.663255,-0.875932,0.075114,1.03673
150511881049622,90.673256,0.23084,-0.041454,0.559619
150511891050466,90.683256,0.915274,0.014804,-0.458874
150511901051139,90.693257,1.092455,-0.16365,-1.270841
150511911052000,90.703258,0.182134,-0.001528,-1.858013
150511921052678,90.713259,-0.724245,0.305086,-1.790886
150511931053290,90.723259,-1.527715,0.319358,-1.084429
150511941054141,90.733260,-1.850778,0.523554,-0.100596
150511951055044,90.743261,-1.069694,0.666153,0.764916
150511961055746,90.753262,0.286199,0.441743,1.092699
150511971056592,90.763263,1.351194,0.43761,0.756963
150511981057213,90.773263,2.341248,0.197433,0.149843
150511991057891,90.783264,2.141043,0.023549,-0.738134
150512001058742,90.793265,0.518332,0.13383,-1.487667
150512011059648,90.803266,-1.408086,0.315666,-1.723065
150512021060265,90.813266,-3.016938,0.39096,-1.402634
150512031061216,90.823267,-3.837097,0.511193,-0.455385
150512041061828,90.833268,-2.67649,0.652758,0.745272
150512051062515,90.843269,-0.413983,0.279284,1.300207
150512061063361,90.853269,1.264643,0.224786,1.067013
150512071064054,90.863270,2.646091,-0.141279,0.676821
150512081064915,90.873271,2.923622,-0.620084,0.245466
150512091065621,90.883272,2.203076,-0.832072,-0.032181
150512101066477,90.893272,0.585391,-0.656805,-0.33157
150512111067168,90.903273,-1.409492,-0.44212,-0.53297
150512121068016,90.913274,-3.11787,-0.134807,-0.464419
150512131068711,90.923275,-4.36499,0.005602,-0.251351
150512141069544,90.933276,-3.88544,-0.021446,0.325873
150512151070237,90.943276,-1.694944,-0.165318,0.832885
150512161071098,90.953277,0.019538,-0.153593,0.692421
150512171071788,90.963278,0.944977,-0.001159,-0.178172
150512181072649,90.973279,1.222873,-0.27786,-0.878306
150512191073341,90.983279,0.689371,-0.467107,-0.833913
150512201074163,90.993280,0.078886,-0.531282,-0.210367
150512211074855,91.003281,-0.213419,-0.416251,0.474053
150512221075688,91.013282,-0.722476,-0.241518,0.730545
150512231076378,91.023282,-1.425973,-0.041446,0.489197
150512241077222,91.033283,-1.898656,0.117887,-0.035385
150512251077918,91.043284,-1.99506,0.150753,-0.415818
150512261078751,91.053285,-1.3841,-0.058479,-0.241897
150512271079443,91.063285,-0.1267,-0.238515,0.282614
150512281080296,91.073286,1.121024,-0.393367,0.745638
150512291080986,91.083287,1.815016,-0.382156,0.632342
150512301081838,91.093288,1.315481,-0.424134,0.086077
150512311082529,91.103289,0.256208,-0.606945,-0.23413
150512321083371,91.113289,-0.498149,-0.71143,-0.058229
150512331083987,91.123290,-0.343426,-0.844854,0.415854
150512341084924,91.133291,0.069428,-0.822332,0.872319
150512351085616,91.143292,0.13348,-0.669601,0.762491
150512361086233,91.153292,-0.220156,-0.579656,0.149593
150512371087151,91.163293,-1.150837,-0.312162,-0.723546
150512381087767,91.173294,-2.13,-0.042938,-1.379488
150512391088700,91.183295,-3.093291,-0.039274,-1.613046
150512401089329,91.193295,-3.278127,0.160099,-1.339263
150512411090195,91.203296,-3.02522,0.493505,-0.802576
150512421091116,91.213297,-2.231463,0.396732,-0.079355
150512431091714,91.223298,-1.153691,0.072966,0.644721
150512441092406,91.233298,0.38133,-0.087694,0.863146
150512451093239,91.243299,2.122014,-0.161614,0.558181
150512461093919,91.253300,3.372506,-0.164543,-0.049631
150512471094849,91.263301,3.112735,0.145181,-0.992491
150512481095459,91.273301,1.4539,0.400887,-1.526773
150512491096306,91.283302,0.045212,0.679152,-1.181531
150512501097241,91.293303,-0.350041,1.01969,-0.25192
150512511097858,91.303304,0.874019,1.287949,0.75292
150512521098550,91.313305,2.430822,1.279434,1.275544
150512531099392,91.323305,3.582705,1.274296,1.186827
150512541100084,91.333306,4.019178,1.216809,0.830432
150512551100935,91.343307,3.29766,1.072838,0.16686
150512561101627,91.353308,1.472501,1.221719,-0.577634
150512571102549,91.363309,-0.552969,1.27848,-0.878254
150512581103166,91.373309,-2.699527,1.378956,-0.776329
150512591104012,91.383310,-4.134959,1.571381,-0.196002
150512601104675,91.393311,-3.801098,1.587818,0.773765
150512611105527,91.403312,-1.456445,1.237514,1.45806
150512621106248,91.413312,0.289927,0.936708,1.171805
150512631107113,91.423313,1.754995,0.491856,0.660107
150512641107800,91.433314,3.099515,-0.20801,0.064409
150512651108647,91.443315,3.937064,-0.867435,-0.10049
150512661109334,91.453315,3.962792,-1.249574,-0.018334
150512671110178,91.463316,2.784724,-1.390134,-0.009398
150512681110870,91.473317,1.522476,-1.510617,0.104315
150512691111708,91.483318,0.40565,-1.466304,0.070705
150512701112416,91.493318,-1.025403,-1.409303,-0.072818
150512711113247,91.503319,-2.320439,-1.266341,-0.387084
150512721113922,91.513320,-3.244063,-1.139704,-0.71033
150512731114757,91.523321,-3.439975,-1.062969,-0.952149
150512741115453,91.533321,-3.314013,-0.915561,-1.230135
150512751116297,91.543322,-3.209494,-0.66255,-1.388719
150512761116978,91.553323,-2.369185,-0.469639,-1.240144
150512771117824,91.563324,-1.888714,-0.350587,-0.869169
150512781118525,91.573325,-1.423547,-0.307917,-0.466282
150512791119367,91.583325,-0.727485,-0.421975,0.09838
150512801120038,91.593326,-0.379115,-0.349641,0.414395
150512811120875,91.603327,0.054101,-0.258353,0.475435
150512821121581,91.613328,0.639404,-0.213,0.448832
150512831122429,91.623328,1.3998,-0.499941,0.837905
150512841123120,91.633329,2.677326,-0.556715,1.077428
150512851123968,91.643330,3.283955,-0.353065,1.088173
150512861124644,91.653331,3.205485,-0.184409,0.807921
150512871125260,91.663331,2.300441,0.046718,0.055364
150512881126170,91.673332,0.524605,0.566416,-0.922141
150512891127020,91.683333,-1.095192,0.838995,-1.468042
150512901127726,91.693334,-2.094715,0.939835,-1.304085
150512911128587,91.703335,-2.125251,1.299959,-0.637528
150512921129280,91.713335,-1.399365,1.561782,0.416494
150512931129882,91.723336,0.130296,1.418939,1.14401
150512941130820,91.733337,1.374667,1.094382,1.384042
150512951131664,91.743338,2.66934,0.811819,1.408516
150512961132349,91.753338,3.648236,0.388453,1.192558
150512971133178,91.763339,3.779392,0.091531,0.88596
150512981133861,91.773340,2.330297,0.190298,0.121634
150512991134484,91.783340,0.047268,0.481279,-0.787119
150513001135407,91.793341,-1.862811,0.714473,-1.31509
150513011136267,91.803342,-3.878577,1.003447,-1.850467
150513021136957,91.813343,-5.329974,1.14877,-2.031281
150513031137817,91.823344,-4.952785,1.24904,-1.651228
150513041138510,91.833345,-2.519602,1.044247,-0.601493
150513051139113,91.843345,-0.486386,0.941524,-0.173383
150513061140036,91.853346,1.580144,0.719333,-0.180262
150513071140880,91.863347,2.985264,0.208967,-0.523946
150513081141583,91.873348,3.529266,-0.132278,-0.808234
150513091142443,91.883348,2.66043,-0.314311,-0.858636
150513101143130,91.893349,1.518181,-0.365201,-0.571637
150513111143777,91.903350,1.416019,-0.377024,-0.01366
150513121144700,91.913351,1.777197,-0.437365,0.565258
150513131145553,91.923352,1.607789,-0.625908,0.430779
150513141146245,91.933352,1.865585,-0.757672,-0.026118
150513151146882,91.943353,1.590458,-0.956242,-0.761173
150513161147814,91.953354,0.648809,-1.014751,-1.471753
150513171148434,91.963354,-0.773729,-0.97396,-1.927934
150513181149372,91.973355,-1.892587,-1.002992,-1.676578
150513191150196,91.983356,-2.910277,-1.064738,-0.913567
150513201150814,91.993357,-3.279911,-1.015097,0.157886
150513211151735,92.003358,-2.510689,-1.022006,0.8736
150513221152413,92.013358,-1.746328,-1.051361,0.884526
150513231153259,92.023359,-1.251559,-1.079247,0.239881
150513241153891,92.033360,-1.741239,-0.903411,-0.652734
150513251154805,92.043361,-2.208493,-0.865477,-1.038125
150513261155487,92.053361,-2.099645,-0.862567,-0.95984
150513271156323,92.063362,-1.902322,-0.866566,-0.428851
150513281157014,92.073363,-1.452154,-0.582688,0.073064
150513291157855,92.083364,-1.293309,-0.587028,0.482879
150513301158547,92.093365,-1.133251,-0.348387,0.423087
150513311159379,92.103365,-0.400967,-0.202819,0.447528
150513321160086,92.113366,0.825121,-0.205692,0.531931
150513331160928,92.123367,1.541338,-0.245323,0.672306
150513341161619,92.133368,2.117066,-0.15327,0.828837
150513351162456,92.143368,3.24741,-0.141108,0.91908
150513361163134,92.153369,3.374645,-0.080775,0.810696
150513371163980,92.163370,3.25379,0.156523,0.396846
150513381164694,92.173371,2.439427,0.540916,-0.074426
150513391165538,92.183372,1.162525,0.942239,-0.532407
150513401166156,92.193372,-0.113358,1.158718,-0.586537
150513411167088,92.203373,-0.426568,0.949818,0.268132
150513421167795,92.213374,0.697402,0.851963,1.255545
150513431168643,92.223375,2.671177,0.758318,2.057112
150513441169567,92.233376,4.038182,0.693391,1.918916
150513451170184,92.243376,4.040087,0.569576,1.527156
150513461170866,92.253377,2.046929,0.571739,0.359648
150513471171718,92.263378,-0.158722,0.635906,-0.514429
150513481172381,92.273378,-2.071071,0.571274,-0.795125
150513491173237,92.283379,-3.82179,0.515954,-0.771672
150513501174153,92.293380,-4.569802,0.61111,-0.205559
150513511174771,92.303381,-3.365499,0.450505,0.988845
150513521175697,92.313382,-0.804357,-0.04517,2.024952
150513531176333,92.323382,1.375643,-0.384953,2.205405
150513541177254,92.333383,3.491469,-0.86662,2.040322
150513551177946,92.343384,4.834896,-1.394096,1.338887
150513561178764,92.353385,4.204088,-1.630488,0.474079
150513571179447,92.363385,1.784604,-1.428065,-0.415174
150513581180307,92.373386,-0.155233,-1.384419,-0.351482
150513591180984,92.383387,-1.955474,-1.162468,-0.197857
150513601181822,92.393388,-3.291073,-1.130899,0.498126
150513611182514,92.403389,-3.18723,-0.75108,0.879267
150513621183350,92.413389,-1.892695,-0.768494,0.996257
150513631184043,92.423390,-0.89454,-0.720778,0.396235
150513641184879,92.433391,-0.472166,-0.570452,-0.54751
150513651185588,92.443392,0.015403,-0.639914,-1.019153
150513661186453,92.453392,0.169462,-0.8203,-0.771817
150513671187151,92.463393,0.467607,-0.908401,0.027912
150513681187997,92.473394,0.89425,-0.980792,1.069577
150513691188669,92.483395,1.721201,-0.976879,1.692393
150513701189530,92.493396,2.335824,-0.861092,1.840984
150513711190451,92.503396,2.787076,-0.845217,1.424168
150513721191050,92.513397,3.130293,-0.848033,0.766739
150513731191742,92.523398,2.896527,-0.65565,-0.098562
150513741192607,92.533399,2.190423,-0.645903,-0.441593
150513751193314,92.543399,1.250485,-0.549516,-0.409396
150513761194242,92.553400,0.700541,-0.376414,-0.062303
150513771195105,92.563401,0.707413,-0.427219,0.329762
150513781195799,92.573402,0.938046,-0.431463,0.492806
150513791196643,92.583403,1.02105,-0.483971,0.414098
150513801197353,92.593403,1.009067,-0.649477,0.144389
150513811198197,92.603404,0.937803,-0.747275,0.030365
150513821198903,92.613405,0.608984,-0.668268,-0.174127
150513831199812,92.623406,0.066771,-0.668857,-0.205255
150513841200648,92.633407,-0.554132,-0.51834,-0.19471
150513851201266,92.643407,-1.033009,-0.467605,-0.149259
150513861202187,92.653408,-1.340111,-0.392957,-0.159396
150513871202895,92.663409,-1.334165,-0.478075,0.067086
150513881203725,92.673410,-0.990439,-0.554974,0.227591
150513891204418,92.683410,-0.32222,-0.70244,0.388204
150513901205025,92.693411,0.509152,-0.763013,0.329637
150513911205935,92.703412,0.937254,-0.879171,0.235735
150513921206765,92.713413,1.244817,-0.862915,0.213468
150513931207452,92.723413,1.6126,-0.971968,0.294366
150513941208300,92.733414,1.392487,-0.97571,0.380884
150513951208973,92.743415,0.705938,-0.873058,0.412672
150513961209882,92.753416,0.471096,-0.755631,0.31527
150513971210722,92.763417,-0.139759,-0.687716,0.174184
150513981211428,92.773417,-0.304658,-0.557192,0.030614
150513991212288,92.783418,-0.211753,-0.612943,-0.008407
150514001212982,92.793419,0.091794,-0.698615,0.1595
150514011213584,92.803420,0.408042,-0.772725,0.346596
150514021214512,92.813421,0.930779,-0.831141,0.638296
150514031215361,92.823421,1.100766,-0.899436,0.855853
150514041216055,92.833422,1.280454,-0.972205,0.840174
150514051216902,92.843423,1.225967,-1.050377,0.697245
150514061217594,92.853424,0.790328,-0.986033,0.403449
150514071218517,92.863425,0.307701,-0.923095,0.146251
150514081219375,92.873425,-0.198529,-0.79629,0.039913
150514091220068,92.883426,-0.590002,-0.661459,-0.071534
150514101220919,92.893427,-1.115652,-0.598525,-0.105273
150514111221611,92.903428,-1.180982,-0.445905,0.054583
150514121222454,92.913428,-1.113124,-0.36744,0.053688
150514131223147,92.923429,-0.853064,-0.46699,-0.141661
150514141224078,92.933430,-0.683879,-0.452369,-0.383286
150514151224693,92.943431,-0.495758,-0.41248,-0.390246
150514161225526,92.953432,-0.178847,-0.471808,-0.079567
150514171226219,92.963432,0.058189,-0.539251,0.294919
150514181227065,92.973433,0.320114,-0.596768,0.698322
150514191227986,92.983434,0.816384,-0.7209,0.987094
150514201228673,92.993435,1.301328,-0.721615,0.967667
150514211229521,93.003436,1.64061,-0.603642,0.750494
150514221230219,93.013436,1.746645,-0.557972,0.585722
150514231231051,93.023437,1.43626,-0.512335,0.417253
150514241231743,93.033438,0.89753,-0.403443,0.340607
150514251232670,93.043439,0.36763,-0.312069,0.388474
150514261233272,93.053439,0.209099,-0.236041,0.400398
150514271234185,93.063440,0.311066,-0.197755,0.303619
150514281235034,93.073441,0.067257,-0.05348,0.141
150514291235726,93.083442,-0.06261,0.048191,2.16E-4
150514301236592,93.093443,-0.18204,-0.06127,0.004368
150514311237299,93.103443,-0.040915,-0.0977,0.217123
150514321238132,93.113444,-0.029678,-0.205574,0.552616
150514331239053,93.123445,0.381058,-0.275413,0.732009
150514341239746,93.133446,0.608188,-0.401224,0.7742
150514351240334,93.143446,0.799135,-0.415646,0.74751
150514361241180,93.153447,0.668884,-0.477294,0.647247
150514371242116,93.163448,0.511145,-0.464894,0.622997
150514381242811,93.173449,0.284117,-0.546061,0.596851
150514391243655,93.183450,0.189567,-0.563149,0.694537
150514401244344,93.193450,0.058136,-0.560637,0.633967
150514411245204,93.203451,0.042366,-0.640533,0.488625
150514421245892,93.213452,0.145464,-0.655922,0.345951
150514431246825,93.223453,0.181094,-0.773483,0.457175
150514441247454,93.233453,0.414992,-0.819726,0.653083
150514451248392,93.243454,0.545933,-0.870597,0.87819
150514461249238,93.253455,0.865813,-0.792606,0.868539
150514471249924,93.263456,0.956746,-0.745683,0.756924
150514481250752,93.273457,0.694721,-0.595201,0.56102
150514491251444,93.283457,0.202583,-0.525367,0.31666
150514501252372,93.293458,-0.042352,-0.380848,0.056298
150514511252988,93.303459,-0.326811,-0.450921,0.244481
150514521253911,93.313460,-0.247317,-0.398449,0.590185
150514531254755,93.323461,0.508327,-0.497501,1.057048
150514541255457,93.333461,1.451888,-0.555679,1.295687
150514551256305,93.343462,1.975373,-0.489761,0.960469
150514561257010,93.353463,2.302838,-0.464029,0.568312
150514571257858,93.363464,2.504572,-0.484695,0.224938
150514581258550,93.373465,1.988056,-0.403357,0.011305
150514591259396,93.383465,1.244738,-0.203697,-0.041143
150514601260313,93.393466,0.57907,-0.019754,0.148088
150514611261005,93.403467,0.225618,0.107877,0.49468
150514621261834,93.413468,0.595093,0.165111,0.814761
150514631262512,93.423469,1.245885,0.143838,1.066945
150514641263357,93.433469,1.734928,0.109494,1.058048
150514651264078,93.443470,2.059806,0.19012,0.857622
150514661265012,93.453471,1.720676,0.272837,0.513366
150514671265856,93.463472,0.930531,0.305608,0.16894
150514681266474,93.473472,0.119816,0.300383,0.020208
150514691267166,93.483473,-0.306309,0.254558,0.243839
150514701268103,93.493474,-0.411829,0.258974,0.568791
150514711268944,93.503475,-0.235465,0.216649,0.749642
150514721269637,93.513476,0.151076,0.006467,0.765765
150514731270483,93.523476,0.67856,-0.151675,0.676165
150514741271404,93.533477,1.139004,-0.247664,0.323529
150514751272096,93.543478,1.256614,-0.327226,0.05516
150514761272714,93.553479,0.648948,-0.360826,-0.168954
150514771273559,93.563480,0.127614,-0.309718,-0.18017
150514781274482,93.573480,-0.333099,-0.258656,0.032548
150514791275170,93.583481,-0.600203,-0.287833,0.347324
150514801276035,93.593482,-0.170813,-0.265347,0.825587
150514811276747,93.603483,0.506132,-0.436909,1.222588
150514821277675,93.613484,1.463134,-0.707596,1.480658
150514831278521,93.623485,2.509332,-0.842235,1.527324
150514841279208,93.633485,3.076663,-0.997379,1.366668
150514851280039,93.643486,3.169761,-1.154766,1.072708
150514861280730,93.653487,2.504589,-1.224478,0.738744
150514871281578,93.663488,1.341136,-1.126232,0.486798
150514881282270,93.673488,0.151585,-0.974982,0.353728
150514891283117,93.683489,-0.743936,-0.88764,0.341334
150514901284043,93.693490,-1.386081,-0.714212,0.291625
150514911284735,93.703491,-1.763006,-0.598081,0.220192
150514921285583,93.713492,-1.698899,-0.610953,0.123977
150514931286261,93.723492,-1.308022,-0.555917,0.013726
150514941287190,93.733493,-0.707803,-0.557416,-0.119024
150514951288034,93.743494,-0.184837,-0.532425,-0.178499
150514961288740,93.753495,0.042006,-0.508386,-0.063095
150514971289586,93.763496,-0.069592,-0.475309,0.149882
150514981290260,93.773496,0.01847,-0.486835,0.511736
150514991291115,93.783497,0.316257,-0.497699,0.836768
150515001291800,93.793498,0.883926,-0.482346,1.04836
150515011292617,93.803499,1.505299,-0.455633,1.027151
150515021293538,93.813500,2.009536,-0.397666,0.707022
150515031294231,93.823500,2.2044,-0.423564,0.299695
150515041295091,93.833501,2.00171,-0.476913,-0.024961
150515051295783,93.843502,1.43401,-0.381214,-0.219442
150515061296615,93.853503,0.415729,-0.181823,-0.303838
150515071297315,93.863503,-0.458848,-0.03727,-0.311206
150515081298224,93.873504,-0.775537,-0.067859,0.039734
150515091299068,93.883505,-0.708819,0.059785,0.235442
150515101299760,93.893506,-0.492989,0.263269,0.281346
150515111300587,93.903507,-0.459696,0.305915,0.227703
150515121301279,93.913507,-0.485318,0.261744,0.251138
150515131302113,93.923508,-0.242877,0.077836,0.537081
150515141303020,93.933509,0.337963,-0.037572,0.874843
150515151303652,93.943510,0.78063,-0.210607,1.210184
150515161304578,93.953511,1.11611,-0.266532,1.270972
150515171305255,93.963511,1.413086,-0.333055,1.18856
150515181306101,93.973512,1.075753,-0.393974,0.887362
150515191306803,93.983513,0.298096,-0.379755,0.602237
150515201307666,93.993514,-0.233186,-0.412854,0.455441
150515211308587,94.003515,-0.537453,-0.527112,0.540949
150515221309219,94.013515,-0.639188,-0.532722,0.61466
150515231310140,94.023516,-0.711595,-0.410667,0.552918
150515241310833,94.033517,-0.654106,-0.442258,0.370589
150515251311663,94.043518,-0.959168,-0.468954,0.044114
150515261312355,94.053518,-1.061163,-0.437891,-0.169949
150515271313218,94.063519,-0.974962,-0.435761,-0.397897
150515281313915,94.073520,-0.819549,-0.502834,-0.308582
150515291314838,94.083521,-0.718191,-0.452379,-0.105785
150515301315682,94.093522,-0.403447,-0.558732,0.152154
150515311316389,94.103522,0.139818,-0.602042,0.272967
150515321317237,94.113523,0.650694,-0.632636,0.375346
150515331317930,94.123524,0.924611,-0.585647,0.245224
150515341318867,94.133525,0.923703,-0.520072,0.054319
150515351319706,94.143526,0.70668,-0.493466,-0.01122
150515361320398,94.153526,0.62177,-0.446272,0.037306
150515371321240,94.163527,0.31213,-0.312719,0.059917
150515381321932,94.173528,0.300816,-0.303692,0.117918
150515391322870,94.183529,0.694182,-0.313775,0.226797
150515401323706,94.193530,1.204287,-0.309257,0.342712
150515411324324,94.203530,1.423477,-0.304877,0.387836
150515421325245,94.213531,1.691951,-0.273025,0.350631
150515431325949,94.223532,1.38257,-0.202922,0.220751
150515441326795,94.233533,0.657089,0.022309,0.036035
150515451327487,94.243533,-0.093986,0.048312,-1.3E-4
150515461328329,94.253534,-0.580361,0.216107,0.02298
150515471329250,94.263535,-0.687158,0.285322,0.166406
150515481329944,94.273536,-0.336962,0.296752,0.255073
150515491330793,94.283537,0.342985,0.269675,0.191841
150515501331488,94.293537,0.763845,0.331521,-0.023906
150515511332319,94.303538,0.997806,0.31029,0.01424
150515521332997,94.313539,1.268154,0.281382,0.098068
150515531333910,94.323540,1.592495,0.129784,0.374815
150515541334754,94.333541,1.889555,0.072672,0.614796
150515551335449,94.343541,2.308768,0.090297,0.708689
150515561336300,94.353542,2.761602,0.153617,0.591859
150515571337206,94.363543,2.724599,0.188176,0.249611
150515581337823,94.373544,2.17627,0.212553,-0.161313
150515591338739,94.383545,1.522042,0.24749,-0.350287
150515601339432,94.393545,0.963916,0.281869,-0.207047
150515611340269,94.403546,0.730928,0.264019,0.169334
150515621341201,94.413547,1.028838,0.121956,0.625247
150515631341893,94.423548,1.506805,-0.034652,0.870715
150515641342740,94.433549,1.574247,-0.199233,0.705983
150515651343432,94.443549,1.128885,-0.24261,0.297823
150515661344283,94.453550,0.353314,-0.202003,-0.169149
150515671344975,94.463551,-0.472208,-0.20437,-0.517369
150515681345824,94.473552,-1.236125,-0.268406,-0.539901
150515691346759,94.483553,-1.655521,-0.329013,-0.30925
150515701347451,94.493553,-1.481247,-0.364581,0.051696
150515711348312,94.503554,-0.547445,-0.438395,0.367169
150515721349235,94.513555,0.814497,-0.687234,0.662254
150515731349858,94.523556,1.726955,-0.69163,0.777153
150515741350543,94.533557,2.453891,-0.833162,0.720771
150515751351468,94.543557,2.597032,-1.069295,0.623647
150515761352312,94.553558,2.448229,-1.056171,0.569491
150515771353005,94.563559,2.102936,-1.046655,0.640454
150515781353853,94.573560,1.507251,-0.928094,0.699178
150515791354535,94.583561,1.234362,-0.859051,0.880037
150515801355458,94.593561,1.10981,-0.785559,0.885352
150515811356287,94.603562,1.012244,-0.748084,0.718824
150515821356985,94.613563,1.106248,-0.706272,0.47619
150515831357833,94.623564,1.128839,-0.711937,0.346333
150515841358530,94.633565,1.114623,-0.714549,0.327586
150515851359453,94.643565,1.186739,-0.73072,0.421432
150515861360069,94.653566,1.19827,-0.746181,0.464537
150515871360987,94.663567,1.093828,-0.768832,0.483875
150515881361819,94.673568,0.841726,-0.708556,0.426664
150515891362509,94.683569,0.35731,-0.651923,0.327649
150515901363420,94.693569,-0.134274,-0.558045,0.202971
150515911364264,94.703570,-0.372196,-0.514488,0.063292
150515921364956,94.713571,-0.717206,-0.416991,-0.056366
150515931365802,94.723572,-0.755635,-0.326784,-0.141918
150515941366493,94.733572,-0.483323,-0.361364,-0.09956
150515951367411,94.743573,-0.06635,-0.437165,-0.16955
150515961368255,94.753574,0.19462,-0.511609,-0.268722
150515971368956,94.763575,0.712199,-0.584254,-0.207987
150515981369802,94.773576,1.185693,-0.632794,-0.15322
150515991370512,94.783577,1.578807,-0.700543,0.010392
150516001371353,94.793577,1.864461,-0.728086,0.120533
150516011372030,94.803578,2.048572,-0.724579,0.171434
150516021372953,94.813579,2.037941,-0.789672,0.255026
150516031373799,94.823580,2.002032,-0.787622,0.299181
150516041374492,94.833580,2.01628,-0.696916,0.262483
150516051375329,94.843581,2.085545,-0.621297,0.114491
150516061376035,94.853582,1.774555,-0.533628,-0.099551
150516071376958,94.863583,1.207971,-0.433208,-0.286027
150516081377834,94.873584,0.599095,-0.317103,-0.300555
150516091378535,94.883585,0.090315,-0.231446,-0.291022
150516101379458,94.893585,-0.302258,-0.223453,-0.125267
150516111380307,94.903586,-0.438317,-0.205156,0.137747
150516121381019,94.913587,-0.334747,-0.172911,0.287623
150516131381875,94.923588,-0.00366,-0.128786,0.252087
150516141382569,94.933589,0.027942,-0.124826,0.011381
150516151383492,94.943589,-0.298092,-0.119176,-0.253677
150516161384341,94.953590,-0.802664,-0.111763,-0.369817
150516171385029,94.963591,-0.975297,-0.163225,-0.338715
150516181385889,94.973592,-0.807315,-0.246799,-0.09693
150516191386581,94.983593,-0.408111,-0.187776,0.217687
150516201387506,94.993594,0.07746,-0.26648,0.288794
150516211388350,95.003594,0.683318,-0.342642,0.273992
150516221389062,95.013595,1.281521,-0.392018,0.215952
150516231389910,95.023596,1.663782,-0.474639,0.192401
150516241390588,95.033597,1.778015,-0.496546,0.185476
150516251391434,95.043597,1.521987,-0.444982,0.179435
150516261392337,95.053598,0.657677,-0.392909,0.067077
150516271393014,95.063599,-0.189394,-0.300457,-0.088516
150516281393844,95.073600,-0.796748,-0.192381,-0.221694
150516291394751,95.083601,-1.02916,-0.17505,-0.115424
150516301395447,95.093601,-0.750862,-0.140752,0.065338
150516311396294,95.103602,0.105658,-0.246382,0.318221
150516321397016,95.113603,1.100525,-0.282631,0.45433
150516331397939,95.123604,1.706911,-0.385258,0.321216
150516341398789,95.133605,1.620002,-0.332398,0.057188
150516351399487,95.143605,1.165022,-0.280506,-0.066949
150516361400313,95.153606,0.485454,-0.188702,-0.030024
150516371401017,95.163607,-0.220919,-0.04629,0.127039
150516381401866,95.173608,-0.508211,-0.051015,0.355598
150516391402561,95.183609,-0.270699,-0.097325,0.605162
150516401403479,95.193609,0.602271,-0.163189,0.740385
150516411404325,95.203610,1.613815,-0.325604,0.792554
150516421405029,95.213611,2.104062,-0.291168,0.497917
150516431405877,95.223612,2.108119,-0.313131,0.110686
150516441406799,95.233613,1.546869,-0.316537,-0.122616
150516451407488,95.243613,0.513836,-0.229361,-0.111881
150516461408349,95.253614,-0.198117,-0.238681,0.16872
150516471409041,95.263615,-0.338232,-0.286606,0.641114
150516481409968,95.273616,-0.271443,-0.250147,0.878547
150516491410794,95.283617,0.049152,-0.264457,0.834943
150516501411486,95.293617,0.34552,-0.405785,0.612055
150516511412320,95.303618,0.360294,-0.415039,0.326022
150516521413241,95.313619,0.158262,-0.454146,0.103879
150516531413934,95.323620,-0.208374,-0.466267,-0.002773
150516541414785,95.333621,-0.658465,-0.418207,0.003658
150516551415479,95.343621,-0.956907,-0.495545,0.17338
150516561416402,95.353622,-1.128683,-0.478173,0.390803
150516571417231,95.363623,-0.868662,-0.460481,0.601289
150516581417910,95.373624,-0.142254,-0.595384,0.726343
150516591418758,95.383625,0.625374,-0.723218,0.673247
150516601419454,95.393625,1.281085,-0.722537,0.445747
150516611420300,95.403626,1.754432,-0.826451,0.231684
150516621420998,95.413627,1.923628,-0.921937,0.116596
150516631421926,95.423628,1.592688,-0.866675,0.070652
150516641422834,95.433629,1.070796,-0.795714,0.208452
150516651423449,95.443629,0.443953,-0.643275,0.308531
150516661424372,95.453630,0.070303,-0.533324,0.380659
150516671425222,95.463631,0.12486,-0.509702,0.523612
150516681425914,95.473632,0.429741,-0.55367,0.719697
150516691426760,95.483633,1.078809,-0.598216,0.85481
150516701427672,95.493634,1.533361,-0.686867,0.92348
150516711428365,95.503634,1.675841,-0.649422,0.783045
150516721429216,95.513635,1.293999,-0.646733,0.642942
150516731429915,95.523636,0.584371,-0.536927,0.469706
150516741430756,95.533637,-0.305141,-0.415549,0.366879
150516751431677,95.543638,-0.818308,-0.305102,0.432946
150516761432380,95.553638,-1.243768,-0.194849,0.59743
150516771433237,95.563639,-1.483457,-0.002999,0.64608
150516781433925,95.573640,-1.547071,0.032629,0.559141
150516791434843,95.583641,-1.162236,-0.071973,0.492485
150516801435687,95.593642,-0.466765,-0.158097,0.539132
150516811436396,95.603642,0.338526,-0.234522,0.630386
150516821437336,95.613643,1.165826,-0.287718,0.720617
150516831438182,95.623644,1.822227,-0.342109,0.766678
150516841438874,95.633645,2.229473,-0.407582,0.733049
150516851439707,95.643646,2.327959,-0.398747,0.767486
150516861440401,95.653646,2.145271,-0.383853,0.792408
150516871441319,95.663647,1.948019,-0.338001,0.8227
150516881442168,95.673648,1.533989,-0.319511,0.809325
150516891442847,95.683649,1.096358,-0.306521,0.770743
150516901443772,95.693650,0.714698,-0.304269,0.693375
150516911444382,95.703650,0.332358,-0.359543,0.498423
150516921445305,95.713651,0.012412,-0.387015,0.284157
150516931446149,95.723652,-0.203369,-0.386451,0.108601
150516941446849,95.733653,-0.450681,-0.369522,0.046363
150516951447790,95.743654,-0.535971,-0.372314,0.158216
150516961448639,95.753655,-0.523021,-0.376405,0.386634
150516971449322,95.763655,-0.309505,-0.315947,0.567698
150516981450168,95.773656,-0.12102,-0.358356,0.57465
150516991450863,95.783657,0.094796,-0.381967,0.497859
150517001451695,95.793658,0.369338,-0.381585,0.508095
150517011452611,95.803659,0.544755,-0.412162,0.530953
150517021453303,95.813659,0.662598,-0.472243,0.606572
150517031454228,95.823660,0.781325,-0.469352,0.572434
150517041455073,95.833661,0.891648,-0.480387,0.544766
150517051455770,95.843662,0.884956,-0.418012,0.437257
150517061456695,95.853663,0.656526,-0.39561,0.295459
150517071457524,95.863664,0.418637,-0.367166,0.195494
150517081458236,95.873664,0.111685,-0.306553,0.152081
150517091459082,95.883665,-0.230442,-0.251327,0.181869
150517101459776,95.893666,-0.343622,-0.206125,0.254165
150517111460622,95.903667,-0.314469,-0.184331,0.280335
150517121461543,95.913668,-0.044959,-0.196045,0.289327
150517131462216,95.923668,0.358165,-0.230645,0.306894
150517141463064,95.933669,0.762006,-0.214217,0.261959
150517151463771,95.943670,0.835939,-0.157879,0.168274
150517161464703,95.953671,0.667335,-0.149622,0.112451
150517171465552,95.963672,0.325711,-0.130155,0.115
150517181466247,95.973672,0.088828,-0.154888,0.228075
150517191467170,95.983673,0.130242,-0.172968,0.43639
150517201468014,95.993674,0.545076,-0.223013,0.611102
150517211468706,96.003675,0.880455,-0.262626,0.546884
150517221469555,96.013676,1.016136,-0.276956,0.281664
150517231470247,96.023676,0.984446,-0.27169,0.049933
150517241471098,96.033677,0.631169,-0.239425,-0.158144
150517251472033,96.043678,-0.126785,-0.205916,-0.229374
150517261472722,96.053679,-0.841408,-0.041539,-0.282088
150517271473570,96.063680,-1.280611,0.023795,-0.211167
150517281474486,96.073680,-1.455402,0.048122,-0.061151
150517291475168,96.083681,-1.18724,0.167536,0.081651
150517301476014,96.093682,-0.518954,0.123577,0.30308
150517311476937,96.103683,0.18218,0.028353,0.495228
150517321477637,96.113684,0.690515,-0.01501,0.550964
150517331478469,96.123684,0.85132,-0.064414,0.373873
150517341479161,96.133685,0.834555,-0.010913,0.239594
150517351480007,96.143686,0.462466,-5.1E-5,0.200119
150517361480924,96.153687,-0.080845,0.147402,0.228518
150517371481616,96.163688,-0.490932,0.292185,0.317569
150517381482539,96.173689,-0.648256,0.437444,0.359353
150517391483385,96.183689,-0.688941,0.580066,0.256956
150517401484078,96.193690,-0.766311,0.634911,0.038438
150517411484924,96.203691,-0.766274,0.675388,-0.063114
150517421485623,96.213692,-0.525163,0.598767,0.002095
150517431486527,96.223693,0.059356,0.455591,0.160233
150517441487371,96.233693,0.695505,0.471163,0.204754
150517451488061,96.243694,1.187553,0.521222,0.256233
150517461488984,96.253695,1.293211,0.551903,0.22093
150517471489828,96.263696,0.903146,0.545671,0.104092
150517481490529,96.273697,0.228866,0.508747,0.055239
150517491491375,96.283697,-0.31613,0.543909,0.146645
150517501492295,96.293698,-0.692359,0.526076,0.227937
150517511492987,96.303699,-0.843019,0.567368,0.154855
150517521493835,96.313700,-1.067396,0.585196,-0.101555
150517531494770,96.323701,-1.615631,0.59027,-0.347276
150517541495462,96.333701,-2.207809,0.578877,-0.553738
150517551496311,96.343702,-2.540594,0.560039,-0.662619
150517561497227,96.353703,-2.587739,0.547539,-0.706815
150517571497920,96.363704,-2.32225,0.481034,-0.771728
150517581498760,96.373705,-1.516842,0.368525,-0.72872
150517591499455,96.383705,-0.636344,0.298402,-0.620429
150517601500311,96.393706,-0.277779,0.257542,-0.466652
150517611501232,96.403707,-0.213805,0.347346,-0.370528
150517621501939,96.413708,-0.234056,0.365257,-0.284273
150517631502850,96.423709,-0.202632,0.337089,-0.086324
150517641503696,96.433710,0.281147,0.348596,0.185355
150517651504391,96.443710,1.232554,0.288793,0.39328
150517661505324,96.453711,2.136074,0.414884,0.323476
150517671506170,96.463712,3.075986,0.674128,0.020675
150517681506867,96.473713,3.785434,1.030182,-0.396867
150517691507790,96.483714,3.594261,1.426149,-0.778241
150517701508649,96.493715,2.539454,1.720018,-0.821805
150517711509341,96.503715,1.223326,1.89746,-0.454328
150517721510175,96.513716,0.005121,1.922084,0.031583
150517731511096,96.523717,-0.659444,1.85005,0.443991
150517741511791,96.533718,-0.622617,1.80475,0.716981
150517751512728,96.543719,-0.264505,1.465904,0.679798
150517761513577,96.553720,0.476165,1.083424,0.307453
150517771514254,96.563720,0.977576,0.788163,-0.27937
150517781515179,96.573721,1.133383,0.535699,-0.869462
150517791516010,96.583722,1.411445,0.410946,-0.982089
150517801516694,96.593723,1.442156,0.372855,-0.632539
150517811517632,96.603724,1.059269,0.396453,-0.123308
150517821518478,96.613724,0.515283,0.378627,0.655012
150517831519165,96.623725,-0.295985,0.559162,1.095382
150517841520080,96.633726,-1.356735,0.884563,1.08296
150517851520924,96.643727,-2.43399,1.306748,0.333213
150517861521847,96.653728,-3.43217,1.979565,-0.836369
150517871522527,96.663729,-4.066195,2.375251,-1.792645
150517881523377,96.673729,-4.237438,2.734049,-2.314819
150517891524056,96.683730,-3.666823,3.144058,-2.204657
150517901524979,96.693731,-2.600653,3.456764,-1.63147
150517911525825,96.703732,-1.500955,3.643053,-1.412506
150517921526741,96.713733,-0.892571,3.54727,-1.202887
150517931527440,96.723733,-0.408537,3.347435,-0.798267
150517941528363,96.733734,-0.127335,3.108358,-0.280203
150517951529222,96.743735,-0.518304,2.740604,0.122728
150517961529916,96.753736,-1.510427,2.34959,0.401344
150517971530767,96.763737,-1.599447,1.735036,0.852357
150517981531711,96.773738,-1.105558,1.194868,1.121463
150517991532619,96.783739,-0.46397,0.451382,1.12865
150518001533312,96.793739,0.209162,-0.130823,0.761627
150518011534237,96.803740,1.135565,-0.752551,0.085757
150518021535086,96.813741,2.139453,-1.303829,-0.56105
150518031535785,96.823742,2.592802,-1.524032,-0.980684
150518041536708,96.833743,2.533321,-1.956538,-0.849599
150518051537563,96.843744,1.733263,-2.03948,-0.388356
150518061538486,96.853744,0.495453,-2.218705,0.108955
150518071539394,96.863745,-0.842796,-2.420699,0.465686
150518081540011,96.873746,-1.760261,-2.588051,0.458463
150518091540927,96.883747,-2.458239,-2.808976,0.302558
150518101541620,96.893748,-3.142672,-3.063063,-0.03757
150518111542550,96.903749,-3.548267,-3.321245,-0.257075
150518121543375,96.913749,-3.682897,-3.693692,-0.318289
150518131544288,96.923750,-3.5513,-3.973907,-0.46096
150518141544995,96.933751,-3.230623,-4.181735,-0.537083
150518151545920,96.943752,-2.992318,-4.504477,-0.528996
150518161546750,96.953753,-2.858517,-4.699479,-0.382847
150518171547474,96.963753,-2.810032,-4.885898,-0.191047
150518181548383,96.973754,-2.882767,-5.148899,-0.016993
150518191549227,96.983755,-3.016283,-5.27554,0.027572
150518201550140,96.993756,-3.233165,-5.233756,-0.039033
150518211551063,97.003757,-3.233963,-5.277679,-0.010357
150518221551758,97.013758,-2.90704,-5.212606,0.320918
150518231552594,97.023759,-2.78188,-4.903907,0.395022
150518241553267,97.033759,-2.581184,-4.459973,0.1995
150518251554200,97.043760,-2.252061,-3.747224,-0.337087
150518261555051,97.053761,-2.001246,-2.686298,-1.066847
150518271555972,97.063762,-2.293841,-1.350335,-1.763693
150518281556895,97.073763,-3.016707,-0.400332,-2.142002
150518291557597,97.083764,-3.48155,0.325786,-2.078057
150518301558522,97.093765,-2.62095,0.588873,-1.318274
150518311559361,97.103765,-0.419078,1.057383,-0.248164
150518321560294,97.113766,1.928853,1.834617,0.285575
150518331560984,97.123767,3.611832,2.515434,0.237511
150518341561907,97.133768,3.941984,2.925606,-0.495683
150518351562736,97.143769,2.659245,3.540636,-1.630216
150518361563428,97.153769,0.766634,4.636873,-2.484843
150518371564374,97.163770,-0.787291,5.742312,-2.75038
150518381565220,97.173771,-2.488282,6.581608,-2.553721
150518391566126,97.183772,-4.057441,7.098468,-2.01576
150518401567044,97.193773,-5.218642,7.512826,-1.477944
150518411567736,97.203774,-5.806645,7.77064,-1.054526
150518421568592,97.213775,-5.407712,7.578722,-0.737765
150518431569519,97.223776,-4.090325,6.856796,-0.47642
150518441570439,97.233776,-2.361711,5.640875,-0.553477
150518451571131,97.243777,-0.709623,4.487518,-1.01049
150518461572039,97.253778,0.611611,3.532421,-1.681926
150518471572866,97.263779,1.272384,2.578253,-1.991719
150518481573556,97.273780,1.664668,1.862074,-1.885711
150518491574479,97.283780,1.538558,1.440321,-1.672779
150518501575320,97.293781,1.201685,1.125243,-1.334015
150518511576241,97.303782,0.725908,0.953307,-0.952558
150518521577164,97.313783,0.138697,0.74056,-0.515204
150518531577856,97.323784,-0.019644,0.488572,-0.017162
150518541578690,97.333785,-0.149214,0.227435,0.177382
150518551579613,97.343786,0.399478,-0.077105,0.100882
150518561580538,97.353787,0.93222,-0.350695,-0.12236
150518571581256,97.363787,1.244543,-0.573017,-0.404105
150518581582179,97.373788,0.960879,-0.760348,-0.487175
150518591583052,97.383789,0.379642,-0.802373,-0.449995
150518601583757,97.393790,-0.364034,-0.935381,-0.307856
150518611584680,97.403791,-1.140379,-0.937401,-0.062912
150518621585603,97.413792,-2.103665,-0.89823,-0.0254
150518631586454,97.423792,-2.938629,-0.922843,-0.013618
150518641587384,97.433793,-3.413767,-0.914691,0.028899
150518651588086,97.443794,-3.454165,-0.874744,-0.093094
150518661588925,97.453795,-3.244039,-0.903158,-0.204811
150518671589832,97.463796,-2.798688,-0.977744,-0.475717
150518681590750,97.473797,-2.205114,-1.071097,-0.660385
150518691591668,97.483798,-1.696626,-1.098825,-0.801258
150518701592355,97.493798,-1.394967,-1.054025,-0.850152
150518711593219,97.503799,-1.478738,-0.920799,-0.736489
150518721594141,97.513800,-1.724202,-0.647643,-0.65771
150518731594828,97.523801,-1.994988,-0.421007,-0.560773
150518741595729,97.533802,-2.01375,-0.176016,-0.464909
150518751596652,97.543803,-1.856132,-0.035524,-0.153822
150518761597486,97.553803,-1.416561,0.076887,0.166493
150518771598399,97.563804,-0.7532,0.195683,0.389025
150518781599102,97.573805,0.054685,0.184432,0.518033
150518791600027,97.583806,0.817896,0.222886,0.571476
150518801600873,97.593807,1.478754,0.511865,0.333476
150518811601799,97.603808,1.968448,0.547985,0.412437
150518821602722,97.613809,1.889419,0.831971,0.36981
150518831603420,97.623809,1.294065,0.926549,0.368578
150518841604268,97.633810,0.498843,1.090182,0.40416
150518851605203,97.643811,-0.145368,1.300016,0.604137
150518861605897,97.653812,-0.395023,1.369937,0.720917
150518871606810,97.663813,-0.599736,1.431075,0.544676
150518881607733,97.673814,-0.687585,1.490629,-0.023264
150518891608583,97.683815,-0.742713,1.442992,-0.636859
150518901609506,97.693816,-0.858583,1.410593,-1.029312
150518911610429,97.703816,-0.778915,1.361344,-1.059701
150518921611121,97.713817,-0.458556,1.25535,-0.979353
150518931612046,97.723818,0.006945,1.190239,-0.842401
150518941612904,97.733819,0.262524,1.076568,-0.874874
150518951613599,97.743820,0.245022,1.027452,-1.018354
150518961614513,97.753821,0.035205,1.017382,-1.046269
150518971615407,97.763821,-0.17906,0.912911,-0.828053
150518981616330,97.773822,-0.132816,0.937651,-0.739553
150518991617179,97.783823,-0.015751,0.979449,-0.691719
150519001618102,97.793824,0.007711,1.083692,-0.703032
150519011618799,97.803825,-0.020877,1.103217,-0.651621
150519021619724,97.813826,-0.085913,1.16421,-0.590513
150519031620565,97.823827,-0.205549,1.234124,-0.559596
150519041621486,97.833827,-0.013361,1.313299,-0.54157
150519051622175,97.843828,0.262813,1.421129,-0.480522
150519061623113,97.853829,0.348178,1.57433,-0.453497
150519071623960,97.863830,0.175138,1.586516,-0.359435
150519081624881,97.873831,-0.028039,1.581434,-0.270801
150519091625794,97.883832,-0.377327,1.552693,-0.165421
150519101626483,97.893832,-0.556379,1.488056,0.011613
150519111627421,97.903833,-0.603052,1.367493,0.244127
150519121628267,97.913834,-0.372317,1.263979,0.260248
150519131629188,97.923835,-0.325904,1.160292,0.06579
150519141629902,97.933836,-0.461847,1.076223,-0.292409
150519151630844,97.943837,-0.794442,0.951935,-0.713969
150519161631767,97.953838,-1.204553,0.828797,-1.050079
150519171632608,97.963839,-1.315719,0.627242,-1.111869
150519181633529,97.973840,-1.342859,0.360973,-0.962426
150519191634215,97.983840,-1.29691,0.265777,-0.787547
150519201635138,97.993841,-1.241626,0.201731,-0.721138
150519211635988,98.003842,-1.083254,0.115846,-0.780326
150519221636924,98.013843,-1.104999,0.06165,-0.982423
150519231637618,98.023844,-1.340285,-0.041885,-1.166616
150519241638541,98.033845,-1.421711,-0.188922,-1.17432
150519251639388,98.043845,-1.53098,-0.379508,-1.024302
150519261640311,98.053846,-1.588527,-0.420792,-0.917755
150519271641246,98.063847,-1.760946,-0.385703,-0.91601
150519281642183,98.073848,-1.874274,-0.407548,-0.972285
150519291642866,98.083849,-1.895899,-0.425662,-1.076617
150519301643776,98.093850,-1.869,-0.458934,-1.173366
150519311644621,98.103851,-1.575689,-0.529133,-1.215497
150519321645515,98.113852,-1.186652,-0.582929,-1.257324
150519331646207,98.123852,-0.626174,-0.618939,-1.258708
150519341647128,98.133853,-0.249136,-0.569732,-1.324326
150519351648065,98.143854,-0.147645,-0.497616,-1.442339
150519361648904,98.153855,-0.342821,-0.456215,-1.437291
150519371649813,98.163856,-0.927166,-0.369465,-1.404707
150519381650741,98.173857,-1.182395,-0.211997,-1.336985
150519391651438,98.183857,-0.967644,-0.09611,-1.249841
150519401652363,98.193858,-0.924708,0.033555,-1.146546
150519411653207,98.203859,-0.651876,0.136353,-1.036596
150519421653906,98.213860,-0.336748,0.19664,-1.012597
150519431654830,98.223861,-0.242084,0.333619,-1.083959
150519441655676,98.233862,0.036718,0.413581,-1.187663
150519451656662,98.243863,0.005109,0.53205,-1.414311
150519461657501,98.253864,-0.461715,0.725195,-1.71395
150519471658433,98.263864,-1.02306,0.886109,-1.878265
150519481659125,98.273865,-1.436879,0.944989,-1.842333
150519491660060,98.283866,-1.631806,1.041979,-1.799698
150519501660989,98.293867,-1.514683,1.125171,-1.754545
150519511661861,98.303868,-1.268714,1.187885,-1.888468
150519521662779,98.313869,-1.243098,1.264344,-2.124585
150519531663459,98.323869,-1.192129,1.280648,-2.276018
150519541664387,98.333870,-1.110378,1.320969,-2.468933
150519551665242,98.343871,-0.851306,1.286511,-2.578651
150519561666164,98.353872,-0.849393,1.246262,-2.480643
150519571667083,98.363873,-0.671185,1.21396,-2.182205
150519581667758,98.373874,-0.495462,1.122222,-1.875082
150519591668676,98.383875,-0.315366,1.131212,-1.646672
150519601669520,98.393876,-0.145813,1.129439,-1.54356
150519611670443,98.403876,-0.174918,1.115847,-1.686172
150519621671152,98.413877,-0.290191,1.258159,-2.003295
150519631672075,98.423878,-0.45959,1.387721,-2.333348
150519641672998,98.433879,-0.762233,1.51904,-2.416729
150519651673852,98.443880,-1.067919,1.521217,-2.28855
150519661674775,98.453881,-1.039868,1.519455,-1.937911
150519671675702,98.463882,-0.687377,1.494062,-1.57114
150519681676386,98.473882,-0.288611,1.393566,-1.401776
150519691677217,98.483883,0.079798,1.265935,-1.493736
150519701678142,98.493884,0.458362,1.061284,-1.484751
150519711679063,98.503885,0.775752,1.031135,-1.548639
150519721679755,98.513886,0.919128,0.823686,-1.445694
150519731680680,98.523887,1.09982,0.506011,-1.22592
150519741681537,98.533888,1.27208,0.355089,-0.970627
150519751682537,98.543889,1.323784,0.165713,-0.827529
150519761683395,98.553889,1.17016,0.026548,-0.823704
150519771684093,98.563890,0.726354,-0.069879,-0.884093
150519781685016,98.573891,0.055461,-0.151549,-0.948831
150519791685925,98.583892,-0.827079,-0.18996,-1.146396
150519801686834,98.593893,-1.778183,-0.278721,-1.165137
150519811687684,98.603894,-2.417038,-0.361468,-1.118971
150519821688378,98.613894,-2.736577,-0.548477,-0.870475
150519831689281,98.623895,-2.655677,-0.584648,-0.610791
150519841690205,98.633896,-2.306871,-0.671875,-0.443167
150519851691126,98.643897,-1.892964,-0.792227,-0.586582
150519861691976,98.653898,-1.552478,-0.86612,-0.845447
150519871692676,98.663899,-1.589561,-0.863822,-1.162746
150519881693589,98.673900,-1.765666,-0.887788,-1.338992
150519891694512,98.683901,-1.930256,-0.920751,-1.295846
150519901695356,98.693901,-1.703865,-0.842406,-1.110936
150519911696275,98.703902,-1.360892,-0.780492,-0.960095
150519921697193,98.713903,-1.065284,-0.666899,-0.887131
150519931697907,98.723904,-0.866665,-0.574056,-0.931613
150519941698830,98.733905,-0.706766,-0.46676,-1.031905
150519951699671,98.743906,-0.741255,-0.433714,-1.225365
150519961700592,98.753907,-0.943574,-0.287593,-1.311556
150519971701329,98.763907,-1.006484,-0.20514,-1.125301
150519981702252,98.773908,-0.701416,-0.275592,-0.722278
150519991703171,98.783909,-0.108928,-0.189283,-0.503579
150520001704005,98.793910,0.470112,-0.129316,-0.458583
150520011704933,98.803911,0.879998,-0.103364,-0.472768
150520021705641,98.813912,1.124802,-0.152096,-0.544224
150520031706578,98.823913,0.844971,-0.108366,-0.572324
150520041707501,98.833914,0.334458,0.024394,-0.544076
150520051708348,98.843914,-0.295594,0.135928,-0.47176
150520061709269,98.853915,-0.731303,0.312147,-0.384872
150520071709983,98.863916,-1.079484,0.573287,-0.404328
150520081710891,98.873917,-1.352964,0.728079,-0.478584
150520091711732,98.883918,-1.777338,0.894744,-0.560583
150520101712644,98.893919,-1.993423,1.028625,-0.593082
150520111713568,98.903920,-2.114481,1.11179,-0.601764
150520121714476,98.913920,-1.704161,0.989269,-0.437517
150520131715163,98.923921,-0.82302,0.835603,-0.239769
150520141716093,98.933922,0.152369,0.654038,-0.109465
150520151716939,98.943923,0.899335,0.492686,-0.174243
150520161717846,98.953924,1.329534,0.427486,-0.38456
150520171718541,98.963925,1.41607,0.343603,-0.682594
150520181719469,98.973925,0.6366,0.381969,-1.007795
150520191720388,98.983926,-0.355676,0.359085,-1.143098
150520201721232,98.993927,-1.28118,0.391746,-1.112493
150520211722155,99.003928,-1.877237,0.292749,-0.903717
150520221723034,99.013929,-2.104599,0.379913,-0.712897
150520231723727,99.023930,-1.952438,0.375185,-0.632584
150520241724643,99.033931,-1.477207,0.185871,-0.616406
150520251725493,99.043931,-0.81148,0.097332,-0.815526
150520261726429,99.053932,-0.459451,0.047381,-1.023995
150520271727347,99.063933,-0.006453,-0.181993,-0.95292
150520281728049,99.073934,0.408879,-0.335893,-0.898053
150520291728983,99.083935,0.246731,-0.354291,-0.741691
150520301729828,99.093936,5.01E-4,-0.368483,-0.464038
150520311730756,99.103937,-0.114126,-0.394467,-0.291087
150520321731679,99.113938,-0.369392,-0.321937,-0.316721
150520331732587,99.123939,-0.91831,-0.125407,-0.569534
150520341733275,99.133939,-1.242909,-0.053384,-0.790556
150520351734127,99.143940,-1.221408,0.024483,-0.903513
150520361735049,99.153941,-1.523924,0.102266,-0.988869
150520371735743,99.163942,-1.594527,0.04337,-0.802302
150520381736671,99.173943,-1.300521,0.020583,-0.538605
150520391737594,99.183944,-0.892356,0.067981,-0.510547
150520401738532,99.193945,-0.447159,0.03957,-0.515989
150520411739390,99.203945,0.215084,-0.019205,-0.580467
150520421740313,99.213946,0.11961,0.049147,-0.762027
150520431741012,99.223947,-0.052114,0.11502,-0.657679
150520441741931,99.233948,-0.153592,0.144591,-0.586958
150520451742777,99.243949,-0.438106,0.173386,-0.620008
150520461743723,99.253950,-0.398168,0.27225,-0.590665
150520471744639,99.263951,-1.074963,0.551462,-0.574663
150520481745334,99.273951,-1.073047,0.666813,-0.480873
150520491746219,99.283952,-0.531641,0.594065,-0.55448
150520501747142,99.293953,-0.290961,0.6343,-0.66953
150520511747974,99.303954,0.00519,0.666939,-0.751553
150520521748900,99.313955,0.38419,0.666922,-0.738564
150520531749828,99.323956,0.442808,0.645099,-0.618771
150520541750518,99.333957,0.831018,0.634102,-0.450352
150520551751364,99.343957,0.60849,0.597345,-0.187226
150520561752285,99.353958,0.745736,0.555633,-0.036143
150520571753198,99.363959,1.050119,0.626795,-0.102761
150520581754126,99.373960,1.676757,0.647546,-0.037848
150520591754803,99.383961,1.290772,0.867774,-0.106641
150520601755667,99.393962,0.496614,0.848759,-0.124505
150520611756650,99.403963,-0.311265,0.925409,-0.191697
150520621757477,99.413963,-0.978229,0.812635,-0.170098
150520631758400,99.423964,-1.521523,0.856129,-0.112013
150520641759089,99.433965,-1.344352,0.67833,0.001278
150520651760003,99.443966,-1.268822,0.568735,-0.016383
150520661760851,99.453967,-0.864707,0.398098,0.094578
150520671761775,99.463968,-0.444093,0.17095,0.095952
150520681762713,99.473969,-0.832136,0.060649,0.035305
150520691763405,99.483969,-0.852306,-0.165801,0.146025
150520701764325,99.493970,-0.392749,-0.458162,0.182121
150520711765169,99.503971,-0.40525,-0.580138,-0.06701
150520721766092,99.513972,-0.904014,-0.356372,-0.684206
150520731767005,99.523973,-1.490927,-0.206913,-1.259111
150520741767700,99.533974,-1.970188,-0.045894,-1.714354
150520751768633,99.543975,-2.921432,-0.145739,-1.719316
150520761769469,99.553975,-3.279902,-0.134111,-1.371265
150520771770405,99.563976,-2.516332,-0.230588,-0.613594
150520781771084,99.573977,-0.689863,-0.43075,-0.006569
150520791772008,99.583978,0.9847,-0.667666,0.426005
150520801772946,99.593979,2.261794,-0.587529,0.195736
150520811773897,99.603980,3.119979,-0.638063,-0.195573
150520821774732,99.613981,2.321391,-0.483358,-0.588229
150520831775669,99.623982,0.77126,-0.081518,-0.820768
150520841776347,99.633982,-0.834431,0.276084,-0.995923
150520851777286,99.643983,-2.336671,0.274434,-0.644609
150520861778210,99.653984,-2.883557,0.496582,-0.130387
150520871779068,99.663985,-1.952436,0.53241,0.303007
150520881779991,99.673986,-0.643271,0.203627,0.424282
150520891780683,99.683987,1.160339,0.052547,0.059255
150520901781608,99.693988,2.220439,0.003807,-0.445753
150520911782550,99.703989,2.776271,-0.098057,-0.724711
150520921783395,99.713989,2.74561,-0.192167,-0.692739
150520931784318,99.723990,1.707105,-0.034151,-0.389869
150520941785016,99.733991,0.719675,-0.065311,-0.102088
150520951785939,99.743992,-0.076106,-0.194056,0.402572
150520961786785,99.753993,-0.443049,0.116758,0.384084
150520971787708,99.763994,-0.632626,0.094384,0.084231
150520981788611,99.773995,-0.65228,0.061605,-0.511278
150520991789306,99.783995,-0.828895,0.022387,-0.955227
150521001790247,99.793996,-0.708937,-0.126828,-1.172818
150521011791075,99.803997,-0.264458,-0.284843,-1.110857
150521021792089,99.813998,0.347136,-0.267196,-0.929416
150521031792691,99.823999,0.637975,-0.24445,-0.754063
150521041793614,99.834000,0.146307,-0.094143,-0.708671
150521051794537,99.844001,-0.563953,-0.012306,-0.556315
150521061795450,99.854001,-0.984195,0.08566,-0.529701
150521071796294,99.864002,-1.06886,-0.013535,-0.336874
150521081797227,99.874003,-1.404209,0.074759,-0.386572
150521091798150,99.884004,-1.028543,0.104546,-0.481198
150521101798845,99.894005,0.145778,-0.073522,-0.555271
150521111799782,99.904006,1.010358,-0.181064,-0.746047
150521121800628,99.914007,1.492512,-0.295438,-0.845979
150521131801544,99.924008,1.449968,-0.401697,-0.497556
150521141802467,99.934008,1.703392,-0.372701,-0.357562
150521151803161,99.944009,1.850758,-0.371485,-0.203586
150521161804084,99.954010,1.90294,-0.231686,-0.060843
150521171804931,99.964011,0.671992,0.064201,-0.123759
150521181805847,99.974012,-0.167047,0.198188,-0.200609
150521191806541,99.984013,-0.845477,0.444554,-0.159129
150521201807464,99.994013,-1.140784,0.604269,-0.190309
150521211808401,100.004014,-1.270239,0.569286,-0.228059
150521221809324,100.014015,-0.746526,0.72295,-0.088793
150521231810169,100.024016,-0.263801,0.83133,-0.096457
150521241811083,100.034017,-0.143127,0.834836,-0.260983
150521251811784,100.044018,-0.244554,0.904819,-0.402561
150521261812709,100.054019,-0.37822,0.810843,-0.338643
150521271813632,100.064020,0.249669,0.668538,0.006764
150521281814462,100.074020,1.089509,0.594491,0.219163
150521291815370,100.084021,1.499809,0.538528,0.326483
150521301816048,100.094022,1.218045,0.684059,0.12709
150521311816973,100.104023,1.685281,0.764816,-0.084958
150521321817901,100.114024,1.30545,0.852792,-0.260566
150521331818759,100.124025,1.047563,1.005396,-0.466797
150521341819678,100.134026,-0.161798,1.076432,-0.558864
150521351820377,100.144026,-0.664253,0.98869,-0.3051
150521361821296,100.154027,-0.562729,1.036311,-0.102253
150521371822219,100.164028,0.26365,0.799301,0.187104
150521381823055,100.174029,0.963068,0.748505,0.063815
150521391823976,100.184030,1.484186,0.497565,0.115707
150521401824684,100.194031,1.318282,0.6537,-0.300957
150521411825608,100.204032,0.199145,0.631219,-0.569753
150521421826546,100.214033,-0.749392,0.876732,-0.785473
150521431827375,100.224033,-1.604025,0.882846,-0.83067
150521441828308,100.234034,-2.332628,0.772877,-0.599732
150521451829231,100.244035,-2.100659,0.793847,-0.221639
150521461829925,100.254036,-1.067051,0.426606,0.469506
150521471830862,100.264037,0.423671,0.125954,0.880594
150521481831786,100.274038,1.493643,-0.011183,0.803262
150521491832712,100.284039,2.058203,-0.131438,0.34653
150521501833563,100.294040,1.643553,-0.485226,-0.078783
150521511834243,100.304040,0.933734,-0.605196,-0.399286
150521521835166,100.314041,-0.25418,-0.558836,-0.467062
150521531836012,100.324042,-1.531378,-0.611244,-0.437146
150521541836934,100.334043,-2.081934,-0.612668,-0.285871
150521551837866,100.344044,-1.968371,-0.527065,-0.347399
150521561838793,100.354045,-2.113049,-0.613322,-0.403195
150521571839474,100.364045,-1.713314,-0.714265,-0.495641
150521581840401,100.374046,-0.865166,-0.937157,-0.456969
150521591841245,100.384047,0.069935,-1.032236,-0.56542
150521601842164,100.394048,0.807825,-1.177665,-0.520264
150521611842845,100.404049,0.987413,-1.304916,-0.537729
150521621843782,100.414050,0.702753,-1.279643,-0.397467
150521631844690,100.424051,0.086978,-0.946495,-0.605522
150521641845599,100.434052,-0.880543,-0.750977,-0.795272
150521651846457,100.444052,-1.863868,-0.436838,-1.032021
150521661847380,100.454053,-2.405643,-0.218663,-1.017357
150521671848073,100.464054,-2.513745,0.002541,-0.958085
150521681848916,100.474055,-1.685702,0.152103,-0.834413
150521691849895,100.484056,-1.413117,0.250655,-0.923169
150521701850741,100.494057,-1.083312,0.328945,-1.043702
150521711851669,100.504058,-0.345553,0.348395,-1.088052
150521721852363,100.514058,-0.142469,0.297374,-0.937888
150521731853277,100.524059,0.222625,0.21371,-0.722976
150521741854205,100.534060,0.947153,0.05388,-0.344159
150521751855049,100.544061,1.768509,0.147197,-0.181521
150521761855982,100.554062,1.958639,0.088056,-0.018151
150521771856914,100.564063,2.170529,0.043531,0.069186
150521781857606,100.574064,2.366204,-0.091405,-0.068073
150521791858460,100.584064,1.659804,0.061154,-0.404688
150521801859381,100.594065,0.266428,0.241154,-0.814662
150521811860299,100.604066,-0.74297,0.477759,-1.039112
150521821861212,100.614067,-1.582941,0.661858,-1.289911
150521831861904,100.624068,-1.955444,0.777689,-1.291258
150521841862800,100.634069,-2.264641,0.979501,-1.135601
150521851863723,100.644070,-1.941126,0.975811,-0.938703
150521861864567,100.654071,-1.149461,0.878379,-0.697848
150521871865490,100.664071,-0.149138,0.653236,-0.458144
150521881866192,100.674072,0.463543,0.482898,-0.361129
150521891867117,100.684073,0.955549,0.545574,-0.364806
150521901868050,100.694074,1.447166,0.401484,-0.231812
150521911868879,100.704075,2.183587,0.159215,0.061223
150521921869813,100.714076,2.150333,0.127716,0.17049
150521931870721,100.724077,2.052185,-0.072764,0.394143
150521941871418,100.734077,1.649481,-0.008502,0.537883
150521951872334,100.744078,1.013637,0.124129,0.44853
150521961873180,100.754079,0.232624,0.174832,0.114576
150521971874105,100.764080,-0.307976,0.172019,-0.104353
150521981875043,100.774081,-1.104778,0.159324,-0.288915
150521991875740,100.784082,-1.174046,0.029037,-0.084362
150522001876675,100.794083,-1.047481,0.02744,0.161355
150522011877598,100.804084,-0.659624,0.087845,0.28371
150522021878533,100.814085,-0.134354,-0.042069,0.32692
150522031879165,100.824085,-0.242814,-0.075992,0.230585
150522041880075,100.834086,-0.622787,-0.082522,0.089246
150522051880998,100.844087,-0.823986,-0.26483,0.107437
150522061881926,100.854088,-1.076603,-0.272054,0.088005
150522071882763,100.864089,-1.267538,-0.197446,0.1628
150522081883684,100.874090,-1.013602,-0.15971,0.03806
150522091884597,100.884091,-0.800438,-0.131419,-0.136464
150522101885548,100.894092,-0.740276,-0.013044,-0.47049
150522111886250,100.904092,-1.1794,0.013363,-0.718117
150522121887183,100.914093,-1.115332,-0.019223,-0.836059
150522131888096,100.924094,-1.10489,-0.115924,-0.622196
150522141888937,100.934095,-0.608954,-0.1869,-0.248714
150522151889631,100.944096,0.347952,-0.357775,0.122399
150522161890569,100.954097,1.315387,-0.267761,0.07251
150522171891482,100.964097,2.144065,-0.229762,-0.279793
150522181892329,100.974098,1.860138,-0.178685,-0.720653
150522191893255,100.984099,1.295277,-0.327272,-0.62481
150522201894178,100.994100,1.135777,-0.303583,-0.292307
150522211894858,101.004101,1.007524,-0.26297,-0.008592
150522221895780,101.014102,0.941502,-0.130566,0.127971
150522231896641,101.024103,0.483821,0.151972,-0.133298
150522241897563,101.034104,-0.388886,0.474565,-0.583261
150522251898471,101.044104,-1.526911,0.529084,-0.804321
150522261899161,101.054105,-2.236184,0.421765,-0.681287
150522271900084,101.064106,-2.806065,0.449279,-0.443227
150522281900909,101.074107,-1.6656,0.427921,0.144567
150522291901834,101.084108,-0.131512,0.144702,0.435063
150522301902741,101.094109,0.933905,0.133762,0.37064
150522311903419,101.104109,1.004179,0.132263,0.009604
150522321904334,101.114110,0.666342,0.013605,-0.143974
150522331905257,101.124111,0.039621,-0.220379,-0.113868
150522341906094,101.134112,-0.599765,-0.263811,-0.030596
150522351907015,101.144113,-0.361722,-0.430433,0.183631
150522361907710,101.154114,-0.38114,-0.481194,0.404288
150522371908628,101.164115,0.088162,-0.621362,0.446998
150522381909551,101.174116,0.326777,-0.645433,0.096946
150522391910472,101.184116,0.122055,-0.475214,-0.467816
150522401911320,101.194117,-0.910141,-0.19939,-1.167883
150522411912236,101.204118,-2.034013,-0.148143,-1.395518
150522421912929,101.214119,-2.202829,-0.345067,-1.194412
150522431913869,101.224120,-2.086291,-0.440662,-0.673393
150522441914792,101.234121,-1.246365,-0.392553,-0.167628
150522451915638,101.244122,-0.038967,-0.648094,0.036752
150522461916563,101.254123,0.542136,-0.755375,-0.096781
150522471917486,101.264123,0.931041,-0.625104,-0.406511
150522481918193,101.274124,1.115904,-0.830174,-0.602707
150522491919133,101.284125,0.780809,-0.837893,-0.793361
150522501920071,101.294126,-0.097725,-0.502051,-0.96668
150522511920895,101.304127,-0.907566,-0.297015,-0.879742
150522521921818,101.314128,-1.16781,-0.237782,-0.606636
150522531922512,101.324129,-1.086796,-0.13751,-0.490292
150522541923426,101.334129,-0.436449,-0.229673,-0.31668
150522551924349,101.344130,0.115139,-0.154722,-0.441728
150522561925208,101.354131,0.644547,-0.25113,-0.583428
150522571926131,101.364132,1.167314,-0.290868,-0.876221
150522581927059,101.374133,1.769435,-0.430336,-1.016867
150522591927736,101.384134,1.962435,-0.365889,-1.003297
150522601928661,101.394135,1.379756,-0.110792,-0.893813
150522611929594,101.404136,0.410636,0.260591,-0.878142
150522621930439,101.414136,-0.610332,0.640965,-0.93337
150522631931362,101.424137,-1.297638,0.718513,-0.835937
150522641932054,101.434138,-1.298445,0.737956,-0.594386
150522651932984,101.444139,-0.861686,0.88396,-0.513364
150522661933892,101.454140,-0.169836,0.915496,-0.522263
150522671934736,101.464141,0.458762,0.926495,-0.679047
150522681935661,101.474142,0.904013,0.915624,-0.866975
150522691936598,101.484143,1.188375,0.979792,-0.94887
150522701937292,101.494143,1.212076,0.925069,-0.764253
150522711938219,101.504144,1.041363,1.045929,-0.376995
150522721939157,101.514145,0.745401,0.995976,0.0699
150522731940003,101.524146,0.866576,0.737632,0.565086
150522741940924,101.534147,1.469244,0.504669,0.788195
150522751941847,101.544148,1.982165,0.531182,0.748275
150522761942553,101.554149,2.246759,0.501166,0.634833
150522771943473,101.564149,1.93864,0.270497,0.453788
150522781944311,101.574150,1.181151,0.022523,0.387215
150522791945232,101.584151,0.347542,-0.10574,0.341018
150522801946155,101.594152,1.32E-4,-0.224879,0.344533
150522811946848,101.604153,-0.052423,-0.238765,0.310846
150522821947773,101.614154,-0.159834,-0.312812,0.169442
150522831948696,101.624155,-0.602363,-0.326953,-0.127976
150522841949540,101.634156,-1.217975,-0.268137,-0.412931
150522851950448,101.644156,-1.624134,-0.287096,-0.552168
150522861951366,101.654157,-2.11309,-0.280728,-0.532809
150522871952059,101.664158,-1.931761,-0.344281,-0.341405
150522881952979,101.674159,-1.508074,-0.349251,-0.14161
150522891953818,101.684160,-0.924391,-0.457165,-0.111825
150522901954727,101.694161,-0.595825,-0.652376,-0.168734
150522911955415,101.704161,-0.037726,-0.785471,-0.133004
150522921956324,101.714162,0.536387,-0.878972,-0.288177
150522931957247,101.724163,0.569995,-1.032561,-0.340512
150522941958175,101.734164,0.425784,-1.022229,-0.311343
150522951959021,101.744165,0.311432,-1.01317,-0.291658
150522961959962,101.754166,0.185972,-0.968823,-0.313399
150522971960885,101.764167,0.59258,-0.951775,-0.292846
150522981961593,101.774168,0.665591,-1.01709,-0.356743
150522991962516,101.784169,0.720772,-1.069391,-0.448866
150523001963353,101.794169,0.783594,-0.989656,-0.659321
150523011964274,101.804170,0.237021,-0.831538,-0.856576
150523021965197,101.814171,-0.470556,-0.470626,-1.174723
150523031965889,101.824172,-1.364741,-0.059227,-1.354762
150523041966819,101.834173,-2.358812,0.128677,-1.32823
150523051967742,101.844174,-2.813918,-0.093957,-1.016246
150523061968655,101.854175,-2.457175,-0.065185,-0.706438
150523071969510,101.864176,-1.393286,0.040553,-0.450309
150523081970439,101.874176,0.001785,-0.063609,-0.355754
150523091971376,101.884177,1.016992,-0.063528,-0.576275
150523101972070,101.894178,1.649746,-0.093988,-0.727694
150523111972993,101.904179,1.528979,-0.179593,-0.841566
150523121973837,101.914180,1.043571,-0.224793,-0.77653
150523131974741,101.924181,0.378072,-0.111666,-0.644207
150523141975431,101.934181,0.211603,0.067765,-0.563896
150523151976564,101.944183,0.063077,0.317003,-0.625336
150523161977253,101.954183,0.283332,0.489243,-0.823223
150523171978181,101.964184,0.356328,0.676224,-1.206601
150523181979039,101.974185,0.399296,0.687674,-1.381321
150523191979952,101.984186,0.583285,0.538218,-1.150157
150523201980880,101.994187,1.371895,0.497818,-0.873506
150523211981804,102.004188,2.4242,0.643527,-0.50298
150523221982496,102.014188,2.849275,0.773525,-0.349761
150523231983431,102.024189,2.194395,0.932996,-0.352906
150523241984267,102.034190,1.047896,0.936434,-0.418036
150523251985193,102.044191,0.407967,0.859428,-0.225908
150523261985886,102.054192,0.086998,0.856149,-0.003121
150523271986811,102.064193,0.260274,0.930181,0.142155
150523281987719,102.074194,0.724799,0.920137,0.010689
150523291988565,102.084195,0.77645,0.893606,-0.413639
150523301989486,102.094195,0.508983,0.822903,-0.782883
150523311990414,102.104196,0.472638,0.724459,-0.944849
150523321991114,102.114197,0.042806,0.707152,-1.027008
150523331992042,102.124198,-0.251241,0.716983,-0.899933
150523341992965,102.134199,-0.313858,0.725414,-0.715389
150523351993811,102.144200,-0.272158,0.643474,-0.51809
150523361994818,102.154201,-0.227874,0.513121,-0.445687
150523371995435,102.164201,0.264496,0.141969,-0.15196
150523381996349,102.174202,1.154518,-0.260541,0.251908
150523391997268,102.184203,1.885605,-0.568813,0.526468
150523401998181,102.194204,2.456432,-0.761666,0.560528
150523411999025,102.204205,2.342536,-1.006135,0.330388
150523421999948,102.214206,1.684567,-1.03011,-0.104874
150523432000866,102.224207,0.06572,-0.718713,-0.805567
150523442001556,102.234208,-1.707101,-0.44044,-1.398089
150523452002493,102.244208,-3.655294,-0.329086,-1.480344
150523462003427,102.254209,-5.065728,-0.409173,-0.989843
150523472004273,102.264210,-5.148772,-0.152572,-0.758303
150523482005203,102.274211,-2.9151,-0.586814,-0.016574
150523492006121,102.284212,0.152778,-1.038001,0.179865
150523502006813,102.294213,2.381321,-1.139297,-0.166546
150523512007738,102.304214,3.478029,-1.433302,-0.347955
150523522008676,102.314215,3.856571,-1.695702,-0.354315
150523532009516,102.324216,2.515606,-1.507152,-0.3823
150523542010439,102.334216,0.231174,-1.042835,-0.577991
150523552011362,102.344217,-1.842124,-0.913035,-0.364193
150523562012295,102.354218,-2.666926,-0.941481,0.183625
150523572012987,102.364219,-2.479719,-0.877707,0.5784
150523582013926,102.374220,-0.685073,-1.062284,0.549558
150523592014785,102.384221,0.882669,-1.104989,0.042432
150523602015707,102.394222,1.418552,-0.722891,-0.973898
150523612016622,102.404223,0.677852,-0.678802,-1.775519
150523622017316,102.414223,-0.792059,-0.566574,-1.998831
150523632018229,102.424224,-1.942039,-0.307238,-1.605759
150523642019162,102.434225,-2.698479,-0.372768,-0.772636
150523652020006,102.444226,-2.29223,0.056633,-0.199913
150523662020920,102.454227,-1.3432,0.230929,0.035637
150523672021630,102.464228,-0.076949,-0.107141,0.020396
150523682022771,102.474229,1.024246,-0.163192,-0.264321
150523692023478,102.484229,2.330068,-0.421639,-0.453665
150523702024388,102.494230,2.951351,-0.74304,-0.637704
150523712025236,102.504231,2.920157,-0.779498,-0.604914
150523722026159,102.514232,2.388009,-0.7771,-0.559298
150523732027083,102.524233,1.276645,-0.651493,-0.656211
150523742027777,102.534234,-0.193756,-0.442983,-1.008216
150523752028714,102.544235,-1.051202,-0.548204,-1.155873
150523762029546,102.554236,-1.700005,-0.577753,-1.172095
150523772030469,102.564236,-2.109179,-0.434255,-1.167958
150523782031390,102.574237,-1.182762,-0.488806,-1.243634
150523792032111,102.584238,-0.698534,-0.430014,-1.452743
150523802033041,102.594239,-0.557538,-0.441887,-1.775554
150523812033964,102.604240,-0.721894,-0.651359,-1.705462
150523822034814,102.614241,0.009119,-0.925107,-1.122977
150523832035735,102.624242,0.213029,-1.150651,-0.601806
150523842036646,102.634243,1.132648,-1.331864,-0.106965
150523852037596,102.644244,1.702045,-1.4087,0.126821
150523862038276,102.654244,1.773104,-1.27463,-0.103513
150523872039122,102.664245,1.105708,-1.092544,-0.639756
150523882040122,102.674246,0.081033,-1.04366,-1.190946
150523892040976,102.684247,-1.654779,-0.764345,-1.632497
150523902041899,102.694248,-2.633949,-0.494386,-1.635198
150523912042822,102.704249,-3.376425,-0.327573,-1.437709
150523922043740,102.714250,-3.273297,0.03926,-1.270275
150523932044419,102.724250,-2.15342,0.097153,-1.167265
150523942045358,102.734251,-0.780785,-0.078561,-1.013975
150523952046204,102.744252,0.151207,-0.094965,-0.842089
150523962047111,102.754253,1.070863,-0.114811,-0.778059
150523972048029,102.764254,2.067798,-0.060558,-0.808547
150523982048724,102.774255,2.00676,0.252221,-0.837249
150523992049632,102.784256,1.076836,0.443289,-0.799125
150524002050555,102.794257,0.21585,0.381761,-0.394622
150524012051397,102.804257,0.21156,0.41574,0.182339
150524022052318,102.814258,1.459307,0.231361,0.506222
150524032053213,102.824259,2.505477,0.363712,0.373707
150524042053907,102.834260,3.884197,0.509048,0.305312
150524052054821,102.844261,4.781801,0.827373,-0.148025
150524062055734,102.854262,4.301968,0.952245,-0.447734
150524072056580,102.864263,2.121803,1.352037,-0.961913
150524082057501,102.874264,-0.077029,1.657004,-1.089173
150524092058429,102.884264,-1.222128,1.746283,-0.765465
150524102059347,102.894265,-1.806215,2.04238,-0.346971
150524112060039,102.904266,-1.528827,1.993242,0.109429
150524122060954,102.914267,0.079699,1.51146,0.614139
150524132061796,102.924268,2.019813,1.039628,0.696292
150524142062717,102.934269,3.422635,1.001405,0.103262
150524152063640,102.944270,4.171233,0.801072,-0.501309
150524162064567,102.954271,3.545739,0.67848,-0.960265
150524172065274,102.964271,1.600486,0.650999,-1.036359
150524182066200,102.974272,0.336458,0.424705,-0.770701
150524192067050,102.984273,-0.136396,0.077616,-0.395254
150524202067986,102.994274,0.138718,0.064788,-0.227622
150524212068911,103.004275,0.970014,-0.148299,-0.395104
150524222069856,103.014276,1.785453,-0.587674,-0.644216
150524232070553,103.024277,1.971373,-0.774001,-0.93416
150524242071478,103.034277,1.839614,-0.977359,-1.070808
150524252072397,103.044278,1.070917,-1.072135,-1.091962
150524262073236,103.054279,0.222937,-1.097753,-0.981338
150524272074159,103.064280,-0.681405,-1.216625,-0.731753
150524282075087,103.074281,-1.657635,-1.235338,-0.52375
150524292075776,103.084282,-2.484936,-1.035959,-0.286064
150524302076704,103.094283,-2.942492,-0.912704,-0.284744
150524312077627,103.104284,-2.842001,-0.907938,-0.427789
150524322078551,103.114285,-2.790432,-0.695911,-0.906897
150524332079375,103.124285,-2.689774,-0.697529,-1.221672
150524342080298,103.134286,-2.327326,-0.790609,-1.154707
150524352080992,103.144287,-1.379556,-0.939241,-0.747222
150524362081920,103.154288,-0.186193,-1.25461,-0.179391
150524372082833,103.164289,1.030438,-1.29874,0.30676
150524382083704,103.174290,2.171721,-1.171206,0.468743
150524392084704,103.184291,2.757614,-1.108402,0.424382
150524402085534,103.194292,2.257804,-1.186038,0.188475
150524412086452,103.204292,1.333765,-1.184576,0.071967
150524422087144,103.214293,0.475703,-0.846982,0.040596
150524432088084,103.224294,-0.239148,-0.430041,0.183113
150524442089011,103.234295,-0.845201,-0.081971,0.094884
150524452089944,103.244296,-1.161299,0.11238,-0.103193
150524462090779,103.254297,-1.323251,0.186986,-0.331494
150524472091702,103.264298,-1.146441,0.023555,-0.335236
150524482092396,103.274298,-0.344217,0.006494,-0.267354
150524492093310,103.284299,0.58573,-0.035327,-0.172632
150524502094228,103.294300,1.294431,-0.076135,-0.038765
150524512095151,103.304301,1.824786,-0.346528,0.134107
150524522095996,103.314302,2.035406,-0.729931,0.392218
150524532096919,103.324303,2.23164,-0.832095,0.53636
150524542097608,103.334304,2.393895,-0.806159,0.386353
150524552098526,103.344305,1.961962,-0.557582,-0.142495
150524562099444,103.354305,0.578808,-0.16379,-0.95709
150524572100382,103.364306,-0.996673,0.444581,-1.782342
150524582101303,103.374307,-2.107843,0.556862,-2.067311
150524592102145,103.384308,-2.813276,0.067281,-1.75181
150524602103053,103.394309,-2.503265,0.225539,-1.448463
150524612103738,103.404310,-0.601888,0.312734,-1.021506
150524622104661,103.414311,1.018755,0.402812,-1.187216
150524632105572,103.424312,1.522333,0.883685,-1.688112
150524642106444,103.434312,1.202096,0.317346,-1.700848
150524652107371,103.444313,0.660729,-0.462677,-1.113122
150524662108309,103.454314,0.780567,-0.415578,-0.549782
150524672109232,103.464315,1.911776,-0.505453,-0.101259
150524682109924,103.474316,2.880114,-0.663903,0.022922
150524692110863,103.484317,4.076058,-0.606452,-0.072631
150524702111772,103.494318,4.715317,-0.870161,-0.063979
150524712112618,103.504319,4.054186,-0.722984,-0.232933
150524722113541,103.514320,1.946013,-0.195174,-0.696924
150524732114463,103.524320,-0.36195,0.141143,-1.136081
150524742115146,103.534321,-2.219894,0.331747,-1.237308
150524752116051,103.544322,-3.855255,0.650154,-1.079701
150524762116974,103.554323,-3.91098,0.638823,-0.637551
150524772117835,103.564324,-2.085064,0.326061,0.005027
150524782118741,103.574325,0.375446,-0.382184,0.599251
150524792119670,103.584326,2.597761,-0.509795,0.433063
150524802120593,103.594327,4.377904,-0.714241,0.121667
150524812121516,103.604328,4.554273,-0.67823,-0.273973
150524822122198,103.614328,2.565311,-0.316209,-0.63826
150524832123046,103.624329,0.101509,0.081555,-0.907356
150524842123969,103.634330,-1.781665,-0.215666,-0.36577
150524852124880,103.644331,-3.026216,0.046312,0.002248
150524862125800,103.654332,-2.996406,0.683918,0.215865
150524872126513,103.664333,-1.104602,0.396414,0.554394
150524882127436,103.674333,0.653328,0.197227,0.323253
150524892128344,103.684334,2.231202,0.109001,-0.109051
150524902129190,103.694335,3.480171,-0.365375,-0.347137
150524912130116,103.704336,4.146471,-0.395694,-0.349933
150524922131044,103.714337,3.687619,-0.135759,-0.307778
150524932131973,103.724338,2.355,-0.09069,-0.073681
150524942132896,103.734339,1.44722,0.085189,0.185075
150524952133575,103.744340,1.050003,0.391935,0.378977
150524962134513,103.754341,0.893292,0.664379,0.464719
150524972135354,103.764341,0.722225,0.651914,0.366909
150524982136261,103.774342,0.783248,0.584557,0.030913
150524992137184,103.784343,1.244381,0.61438,-0.341949
150525002138092,103.794344,1.362358,0.537427,-0.496214
150525012138770,103.804345,1.361972,0.346438,-0.501644
150525022139709,103.814346,1.42026,0.161243,-0.50288
150525032140550,103.824347,1.161446,0.170492,-0.59989
150525042141454,103.834347,0.718751,0.313134,-0.891869
150525052142375,103.844348,-0.132585,0.235196,-1.092587
150525062143312,103.854349,-1.046734,0.239491,-1.135896
150525072144231,103.864350,-1.628749,0.257083,-1.025444
150525082145154,103.874351,-1.344946,0.160546,-0.720582
150525092145846,103.884352,-0.415973,0.096543,-0.461901
150525102146690,103.894353,0.208469,-0.03368,-0.44219
150525112147690,103.904354,1.05441,-0.44524,-0.406197
150525122148562,103.914355,1.777039,-0.84831,-0.300097
150525132149485,103.924355,2.654852,-1.256922,-0.012181
150525142150178,103.934356,3.155687,-1.492856,0.244113
150525152151361,103.944357,3.049319,-1.570636,0.563777
150525162152060,103.954358,2.162504,-1.466495,0.521065
150525172152998,103.964359,0.503638,-1.023173,-0.030681
150525182153935,103.974360,-1.530623,-0.531126,-0.727194
150525192154779,103.984361,-3.433481,-0.264946,-1.13958
150525202155711,103.994362,-4.943423,-0.216645,-1.222527
150525212156650,104.004363,-5.613801,-0.163508,-1.057069
150525222157344,104.014363,-4.074592,-0.252427,-0.522103
150525232158267,104.024364,-1.301113,-0.572321,0.079054
150525242159180,104.034365,1.012115,-0.560335,0.0265
150525252160034,104.044366,2.939656,-0.722774,-0.058667
150525262160957,104.054367,3.94621,-1.218989,0.051315
150525272161899,104.064368,3.925424,-1.39311,0.335519
150525282162818,104.074369,2.485791,-1.060649,0.279497
150525292163496,104.084369,0.448895,-0.676512,0.057911
150525302164421,104.094370,-1.296765,-0.487129,0.045005
150525312165343,104.104371,-2.425384,-0.499928,0.339771
150525322166260,104.114372,-2.302871,-0.557527,0.580584
150525332167103,104.124373,-0.668149,-0.713346,0.614172
150525342168020,104.134374,0.860224,-0.758398,0.245704
150525352168714,104.144375,1.285143,-0.674218,-0.502662
150525362169637,104.154376,0.448641,-0.62537,-1.221299
150525372170560,104.164377,-1.049225,-0.433742,-1.525795
150525382171420,104.174377,-2.142197,-0.392892,-1.304705
150525392172418,104.184378,-2.552237,-0.8316,-0.678802
150525402173262,104.194379,-2.70698,-0.683514,-0.433512
150525412174193,104.204380,-2.054091,-0.549204,-0.08586
150525422175126,104.214381,-0.763245,-0.756289,0.088743
150525432175820,104.224382,0.091636,-0.888901,-0.054805
150525442176723,104.234383,0.624945,-0.68812,-0.57538
150525452177651,104.244384,0.637131,-0.671808,-0.998365
150525462178497,104.254384,0.334379,-0.718475,-1.304374
150525472179406,104.264385,-0.450327,-0.67557,-1.371075
150525482180328,104.274386,-1.269147,-0.471986,-1.071347
150525492181022,104.284387,-0.896698,-0.500437,-0.464589
150525502181935,104.294388,0.357479,-0.601604,0.173921
150525512182872,104.304389,1.683325,-0.891181,0.54689
150525522183806,104.314390,2.770779,-0.803178,0.208253
150525532184657,104.324391,3.388096,-0.857665,-0.21566
150525542185573,104.334392,3.483849,-1.039195,-0.54266
150525552186482,104.344392,2.594102,-1.02283,-0.625295
150525562187400,104.354393,1.394544,-0.811493,-0.444785
150525572188104,104.364394,0.63976,-0.693303,-0.118487
150525582189032,104.374395,-0.038378,-0.560825,0.093781
150525592189950,104.384396,-0.661495,-0.344486,0.065354
150525602190873,104.394397,-1.112731,-0.127686,-0.179164
150525612191794,104.404398,-1.422141,0.098083,-0.569128
150525622192648,104.414399,-1.533273,0.257261,-0.903137
150525632193574,104.424400,-1.869991,0.457708,-1.182122
150525642194497,104.434400,-1.815244,0.443935,-0.998245
150525652195203,104.444401,-1.356996,0.26636,-0.402384
150525662196123,104.454402,-0.450501,0.141236,0.186781
150525672197051,104.464403,0.689811,-0.022923,0.693812
150525682197945,104.474404,1.630895,-0.075798,0.868705
150525692198770,104.484405,2.359095,-0.054898,0.823795
150525702199688,104.494406,2.832032,-0.157408,0.713167
150525712200372,104.504406,2.568208,-0.182758,0.442369
150525722201295,104.514407,1.403948,-0.073882,0.128297
150525732202238,104.524408,0.051833,0.045386,-0.05257
150525742203161,104.534409,-0.825592,0.207052,-0.189285
150525752204079,104.544410,-1.05916,0.159146,-0.067922
150525762204914,104.554411,-0.820862,0.230937,-0.003389
150525772205909,104.564412,-0.189023,0.324272,-0.042601
150525782206741,104.574413,0.419121,0.219608,-0.188309
150525792207664,104.584414,0.820738,0.115468,-0.310141
150525802208353,104.594414,1.167226,0.004803,-0.251732
150525812209276,104.604415,1.298379,-0.142553,0.016909
150525822210213,104.614416,1.553976,-0.007418,0.253053
150525832211065,104.624417,1.697522,0.015874,0.481461
150525842211983,104.634418,1.642408,0.043673,0.536067
150525852212904,104.644419,1.513663,0.100495,0.463475
150525862213842,104.654420,1.406001,0.030649,0.497272
150525872214563,104.664421,1.082133,0.029724,0.390868
150525882215474,104.674421,0.75624,0.033211,0.226913
150525892216426,104.684422,0.455373,0.216335,-0.044892
150525902217350,104.694423,-0.419227,0.434215,-0.409255
150525912218181,104.704424,-1.41935,0.585045,-0.695185
150525922219104,104.714425,-1.843052,0.373141,-0.56485
150525932220030,104.724426,-1.790129,0.093152,-0.195021
150525942220934,104.734427,-1.031541,-0.066596,0.156936
150525952221871,104.744428,-0.027499,-0.212927,0.223795
150525962222565,104.754429,0.912384,-0.510836,0.079338
150525972223489,104.764429,1.070589,-0.794756,-0.259976
150525982224412,104.774430,0.892022,-0.965343,-0.528201
150525992225253,104.784431,0.405494,-1.102336,-0.627865
150526002226150,104.794432,-0.755295,-1.127313,-0.632066
150526012227068,104.804433,-1.723639,-1.078832,-0.546414
150526022228001,104.814434,-2.304783,-1.005483,-0.375779
150526032228690,104.824435,-2.513088,-0.832511,-0.381183
150526042229828,104.834436,-2.640787,-0.632056,-0.524288
150526052230523,104.844437,-2.791119,-0.759873,-0.638566
150526062231431,104.854437,-2.418486,-0.793053,-0.630459
150526072232349,104.864438,-1.8774,-0.812376,-0.533626
150526082233195,104.874439,-1.288805,-0.812273,-0.406993
150526092234116,104.884440,-0.759481,-0.965764,-0.234567
150526102234825,104.894441,-0.125272,-1.205209,-0.070142
150526112235977,104.904442,0.687558,-1.475106,0.246368
150526122236686,104.914443,0.940878,-1.578567,0.346222
150526132237609,104.924444,0.860156,-1.632782,0.33914
150526142238532,104.934445,0.376032,-1.561197,0.101536
150526152239362,104.944445,-0.456195,-1.401777,-0.196735
150526162240368,104.954446,-1.53591,-1.152357,-0.497442
150526172241224,104.964447,-2.296489,-0.845895,-0.687256
150526182242145,104.974448,-2.670276,-0.576844,-0.662627
150526192243068,104.984449,-2.951298,-0.39347,-0.610788
150526202243747,104.994450,-2.598839,-0.470746,-0.253359
150526212244676,105.004451,-1.59611,-0.68393,0.245699
150526222245599,105.014452,-0.017857,-1.041597,0.792028
150526232246522,105.024453,1.377185,-1.246845,0.869645
150526242247440,105.034453,2.376061,-1.244528,0.603208
150526252248275,105.044454,2.554908,-1.348013,0.238821
150526262249207,105.054455,1.33197,-1.334252,-0.086302
150526272250127,105.064456,-0.306999,-1.006954,-0.410966
150526282251050,105.074457,-1.828265,-0.58469,-0.620212
150526292251958,105.084458,-2.976966,-0.274718,-0.510784
150526302252650,105.094459,-3.484365,-0.088285,-0.18246
150526312253575,105.104460,-3.130128,0.006431,0.260419
150526322254440,105.114460,-1.648461,-0.071363,0.401377
150526332255349,105.124461,-0.056927,-0.303968,0.22081
150526342256271,105.134462,1.05731,-0.196921,-0.335152
150526352257194,105.144463,1.739207,-0.157035,-0.880351
150526362258122,105.154464,1.506691,-0.141015,-1.111124
150526372258818,105.164465,0.431676,0.102369,-0.909746
150526382259987,105.174466,-1.200496,0.126547,-0.311027
150526392260695,105.184467,-1.449963,0.155319,0.405605
150526402261618,105.194468,-0.11453,0.339067,0.856596
150526412262547,105.204469,1.206888,0.503273,0.731149
150526422263400,105.214469,1.640724,0.476496,0.256057
150526432264309,105.224470,1.239639,0.79698,-0.476189
150526442265224,105.234471,0.471623,0.907238,-0.956207
150526452266145,105.244472,-0.731353,1.045459,-1.013912
150526462267073,105.254473,-1.297054,1.189469,-0.542857
150526472267767,105.264474,-0.936259,1.127065,0.278769
150526482268691,105.274475,0.127387,0.932187,1.002735
150526492269605,105.284476,1.550221,0.842893,1.113032
150526502270528,105.294477,2.27459,0.902525,0.567475
150526512271465,105.304477,1.895206,1.223646,-0.254729
150526522272294,105.314478,0.823814,1.085142,-0.76363
150526532273213,105.324479,-0.318128,1.014138,-0.610404
150526542274136,105.334480,-1.04564,1.054946,-0.095061
150526552275030,105.344481,-0.599012,0.912319,0.75132
150526562275725,105.354482,0.305151,0.902049,0.936284
150526572276648,105.364483,1.148328,0.759227,0.705096
150526582277571,105.374484,1.567701,0.643519,0.126483
150526592278494,105.384484,1.518595,0.637358,-0.487819
150526602279342,105.394485,0.615103,0.761891,-1.071487
150526612280256,105.404486,-0.734176,0.867611,-1.363349
150526622281174,105.414487,-1.626771,1.095213,-1.488215
150526632282097,105.424488,-2.015045,0.971795,-1.122628
150526642283045,105.434489,-1.742119,0.814662,-0.716598
150526652283742,105.444490,-0.79178,0.758741,-0.391927
150526662284896,105.454491,0.415588,0.595675,-0.356623
150526672285585,105.464492,1.11854,0.711215,-0.756512
150526682286508,105.474493,1.079693,0.539711,-1.041111
150526692287450,105.484493,1.035778,-0.00578,-0.920696
150526702288304,105.494494,1.462821,-0.635031,-0.465673
150526712289228,105.504495,2.30716,-0.767467,-0.132575
150526722290151,105.514496,3.253899,-0.749061,-0.082219
150526732291083,105.524497,3.879936,-0.604822,-0.16077
150526742292006,105.534498,2.731167,-0.157048,-0.512198
150526752292695,105.544499,0.468354,0.164317,-0.722471
150526762293618,105.554500,-1.398391,0.120337,-0.557076
150526772294541,105.564501,-2.229012,-0.088026,-0.108239
150526782295478,105.574501,-2.166109,0.102047,0.300912
150526792296411,105.584502,-1.098511,0.123554,0.612949
150526802297320,105.594503,0.263138,-0.133078,0.756454
150526812298156,105.604504,1.126883,-0.284172,0.415524
150526822299073,105.614505,1.408396,-0.435479,0.043845
150526832300000,105.624506,0.594261,-0.439098,-0.38107
150526842300918,105.634507,-0.541454,-0.404774,-0.452908
150526852301856,105.644508,-1.013302,-0.360047,-0.295011
150526862302788,105.654509,-1.567412,-0.335864,0.080622
150526872303483,105.664509,-1.931246,-0.197959,0.481655
150526882304416,105.674510,-1.655786,-0.145605,0.766339
150526892305339,105.684511,-1.043005,-0.236516,0.915336
150526902306276,105.694512,-0.407207,-0.258266,0.752796
150526912307204,105.704513,0.198269,-0.290053,0.504177
150526922308055,105.714514,0.345215,-0.178366,0.157451
150526932308981,105.724515,0.042684,0.007948,-0.213714
150526942309906,105.734516,-0.197125,0.265306,-0.435634
150526952310597,105.744517,-0.376315,0.510035,-0.421263
150526962311517,105.754518,-0.801948,0.546835,-0.246261
150526972312469,105.764518,-0.601506,0.405491,-0.008081
150526982313387,105.774519,0.282287,0.080137,0.499206
150526992314310,105.784520,1.368908,-0.350471,0.752034
150527002315237,105.794521,3.138944,-0.547219,0.655714
150527012316160,105.804522,4.717016,-0.62952,0.207154
150527022317012,105.814523,5.807818,-0.44891,-0.093366
150527032317935,105.824524,4.414459,-0.022253,-0.415279
150527042318842,105.834525,1.258518,0.751018,-0.854395
150527052319755,105.844526,-1.606336,0.97048,-0.619383
150527062320678,105.854527,-3.513522,1.035344,-0.007874
150527072321587,105.864528,-3.878645,1.262693,0.576126
150527082322515,105.874529,-2.383033,1.318343,1.140829
150527092323210,105.884529,0.191833,0.986942,1.156498
150527102324114,105.894530,1.797088,0.852851,0.342985
150527112325037,105.904531,2.306247,1.000827,-0.594157
150527122325960,105.914532,1.274201,0.721337,-1.217897
150527132326883,105.924533,-0.496452,0.440837,-1.239469
150527142327712,105.934534,-1.557322,0.412094,-0.887634
150527152328635,105.944535,-1.200532,0.063183,-0.134954
150527162329558,105.954536,-0.38339,0.08879,0.530495
150527172330486,105.964536,0.073877,0.093141,0.690009
150527182331386,105.974537,0.34918,-0.172208,0.446047
150527192332304,105.984538,-0.248941,-0.243182,-0.241459
150527202332984,105.994539,-0.81707,-0.367881,-0.608453
150527212333907,106.004540,-1.289116,-0.578431,-0.659006
150527222334839,106.014541,-1.879935,-0.75137,-0.528671
150527232335753,106.024542,-1.463391,-0.785208,-0.127625
150527242336671,106.034543,-0.559572,-0.738866,0.258308
150527252337594,106.044544,0.127306,-0.599942,0.321976
150527262338430,106.054544,-0.077621,-0.451793,0.007168
150527272339428,106.064545,-0.60074,-0.267693,-0.275999
150527282340289,106.074546,-1.207645,-0.416827,-0.222915
150527292341212,106.084547,-1.376005,-0.651245,0.222206
150527302342130,106.094548,-0.63938,-0.928965,0.936439
150527312343062,106.104549,0.765021,-1.132384,1.497086
150527322343985,106.114550,1.875156,-1.164707,1.444371
150527332344669,106.124551,2.323358,-0.857513,0.944364
150527342345594,106.134552,2.165627,-0.819554,0.365353
150527352346512,106.144553,1.020866,-0.62263,0.032701
150527362347450,106.154553,-0.810677,-0.431247,-0.006342
150527372348387,106.164554,-1.676071,-0.561265,0.720873
150527382349310,106.174555,-1.420275,-0.489079,1.359749
150527392350231,106.184556,-0.864561,-0.080311,1.498915
150527402351084,106.194557,-0.506955,0.018349,1.058883
150527412351992,106.204558,-0.526243,-0.068063,0.417976
150527422352924,106.214559,-1.005854,0.026601,-0.155551
150527432353847,106.224560,-1.375277,0.037264,-0.307985
150527442354760,106.234561,-1.96802,0.210507,-0.273444
150527452355683,106.244562,-1.856041,0.058754,0.127778
150527462356601,106.254563,-1.306495,0.206097,0.459147
150527472357295,106.264563,-0.671905,0.289479,0.812955
150527482358218,106.274564,-0.014029,0.068335,0.91102
150527492359141,106.284565,0.580467,-0.252554,0.990075
150527502360056,106.294566,1.086394,-0.517354,1.000847
150527512360988,106.304567,1.976459,-0.702353,0.995475
150527522361926,106.314568,2.498877,-0.811568,0.819431
150527532362849,106.324569,2.046896,-0.870461,0.470688
150527542363770,106.334570,0.627752,-0.692139,0.129568
150527552364695,106.344571,-0.877531,-0.394299,-0.17969
150527562365553,106.354572,-2.210716,-0.23787,-0.369003
150527572366476,106.364572,-3.252851,-0.179504,-0.374913
150527582367394,106.374573,-3.721426,-0.131638,-0.086663
150527592368332,106.384574,-3.240687,-0.139022,0.105824
150527602369255,106.394575,-1.279772,-0.608604,0.722976
150527612370183,106.404576,0.599381,-0.784529,1.07081
150527622371106,106.414577,1.972956,-0.737416,0.855052
150527632372029,106.424578,2.423095,-0.931381,0.594247
150527642372721,106.434579,1.666443,-0.957363,0.200171
150527652373646,106.444580,-0.36713,-0.662727,-0.095332
150527662374556,106.454581,-1.693595,-0.558059,0.183769
150527672375469,106.464581,-2.353465,-0.46903,0.851259
150527682376378,106.474582,-2.104804,-0.208824,1.711735
150527692377301,106.484583,-0.732485,-0.176293,2.264799
150527702378127,106.494584,0.728569,-0.470425,2.267086
150527712379050,106.504585,1.560374,-0.408772,1.471422
150527722379971,106.514586,1.478904,-0.406384,0.556096
150527732380894,106.524587,0.948721,-0.47064,-0.026698
150527742381805,106.534588,-0.187226,-0.296815,-0.037431
150527752382726,106.544589,-1.001123,-0.119693,0.448231
150527762383650,106.554590,-1.149951,-0.296622,1.31425
150527772384558,106.564591,-0.484994,-0.239965,1.841012
150527782385481,106.574591,0.420007,-0.285007,1.77834
150527792386404,106.584592,0.805808,-0.403875,1.193402
150527802387327,106.594593,0.300816,-0.16188,0.347
150527812388270,106.604594,-0.610897,-0.20492,0.001206
150527822388964,106.614595,-1.34017,-0.188673,0.060907
150527832389879,106.624596,-1.602008,-0.121379,0.518514
150527842390816,106.634597,-1.300887,-0.078584,0.965365
150527852391739,106.644598,-0.56957,-0.148543,1.307598
150527862392672,106.654599,0.079307,-0.136898,1.239507
150527872393595,106.664600,0.153363,-0.086912,0.86424
150527882394518,106.674601,0.137495,-0.149462,0.519526
150527892395445,106.684601,-0.183128,-0.164146,0.300263
150527902396368,106.694602,-0.267286,-0.175725,0.223193
150527912397294,106.704603,-0.259904,-0.179485,0.237931
150527922398143,106.714604,0.243935,-0.298545,0.490938
150527932399064,106.724605,0.545118,-0.265814,0.514184
150527942399987,106.734606,0.622277,-0.242815,0.464468
150527952400910,106.744607,0.706863,-0.156379,0.334714
150527962401833,106.754608,0.856462,0.034836,0.180363
150527972402742,106.764609,0.242031,0.141247,0.32519
150527982403669,106.774610,-0.529867,0.111543,0.653239
150527992404587,106.784611,-0.107211,-0.005171,1.152042
150528002405510,106.794612,1.004653,-0.114269,1.541023
150528012406418,106.804612,1.728881,0.13156,1.178831
150528022407113,106.814613,2.048604,0.251928,0.800604
150528032408036,106.824614,1.639215,0.348892,0.356682
150528042408959,106.834615,0.409359,0.660403,0.140479
150528052409887,106.844616,-0.670296,0.87257,0.481778
150528062410824,106.854617,-0.947508,0.810096,1.155539
150528072411743,106.864618,0.061975,0.596071,1.802546
150528082412666,106.874619,1.875146,0.440899,2.101846
150528092413564,106.884620,3.515747,0.367415,2.017173
150528102414488,106.894620,4.091038,0.511496,1.695407
150528112415402,106.904621,3.493231,0.54068,1.288507
150528122416320,106.914622,1.317813,0.953929,0.823236
150528132417243,106.924623,-0.813116,1.295929,0.6946
150528142418164,106.934624,-2.392237,1.220289,1.020188
150528152419029,106.944625,-3.138266,1.220808,1.668181
150528162420017,106.954626,-2.542257,1.503381,1.798799
150528172420861,106.964627,-0.576361,1.114281,1.712254
150528182421789,106.974628,0.708332,1.060059,1.188394
150528192422733,106.984629,0.835747,1.075224,0.70173
150528202423665,106.994630,0.747001,0.786929,0.659418
150528212424583,107.004631,0.72614,0.522097,1.000185
150528222425521,107.014632,0.531267,0.485272,1.445671
150528232426448,107.024632,0.521756,0.251076,1.830103
150528242427357,107.034633,0.743887,0.167207,1.933837
150528252428280,107.044634,0.454257,0.178133,1.626007
150528262428979,107.054635,0.098647,0.121009,1.270018
150528272430121,107.064636,-0.45354,0.135183,0.893636
150528282431054,107.074637,-1.286794,0.295832,0.605673
150528292431773,107.084638,-1.710621,0.441096,0.457376
150528302432686,107.094639,-1.878332,0.510541,0.578818
150528312433614,107.104640,-1.672113,0.401675,0.784063
150528322434537,107.114641,-0.757008,0.200972,1.145737
150528332435460,107.124641,0.538206,-0.063908,1.392828
150528342436378,107.134642,1.67886,-0.164784,1.416769
150528352437311,107.144643,2.26996,0.03195,1.188062
150528362438239,107.154644,2.221538,0.073833,1.035683
150528372439158,107.164645,0.987757,0.300535,0.660739
150528382440095,107.174646,-0.674129,0.584317,0.595943
150528392441008,107.184647,-1.650446,0.850671,0.872633
150528402441931,107.194648,-1.956461,1.052396,1.3466
150528412442864,107.204649,-1.081403,1.118281,1.75193
150528422443787,107.214650,0.543266,0.864162,2.098263
150528432444631,107.224651,1.886538,0.675431,1.863997
150528442445556,107.234652,3.336972,0.633925,1.342674
150528452446568,107.244653,4.213415,0.708661,0.780812
150528462447420,107.254653,3.122558,0.995365,0.493994
150528472448407,107.264654,0.783155,1.376053,0.465838
150528482449251,107.274655,-0.869644,1.483915,1.012473
150528492450189,107.284656,-1.774935,1.321925,1.631148
150528502451102,107.294657,-1.836104,1.529252,1.935648
150528512452025,107.304658,-0.913364,1.425151,1.700441
150528522452943,107.314659,0.329901,1.241674,1.1525
150528532453871,107.324660,0.889595,1.081918,0.471945
150528542454774,107.334661,0.364688,0.903846,0.163706
150528552455697,107.344662,-0.354581,0.79024,0.257587
150528562456621,107.354663,-0.797966,0.635675,0.735878
150528572457530,107.364664,-0.660427,0.386789,1.273637
150528582458453,107.374664,0.349865,0.111917,1.59084
150528592459376,107.384665,1.906369,-0.340734,1.835983
150528602460299,107.394666,2.524607,-0.548245,1.795319
150528612461207,107.404667,2.56485,-0.691647,1.429701
150528622462130,107.414668,1.546727,-0.681965,0.937683
150528632463053,107.424669,-0.588901,-0.297626,0.553839
150528642463976,107.434670,-2.54822,-0.125437,0.615858
150528652464899,107.444671,-3.678675,0.071349,0.986217
150528662465823,107.454672,-4.008215,0.414899,1.068196
150528672466515,107.464673,-3.397532,0.6969,1.125081
150528682467440,107.474673,-1.866751,0.740681,1.130141
150528692468597,107.484675,-0.552629,0.51845,1.269148
150528702469295,107.494675,0.439698,0.570735,1.189038
150528712470218,107.504676,1.46975,0.378248,1.332767
150528722471132,107.514677,2.472474,0.088073,1.653006
150528732472065,107.524678,2.969576,0.022453,1.924605
150528742472993,107.534679,2.98889,0.065907,1.981843
150528752473916,107.544680,2.277836,0.476778,1.740952
150528762474839,107.554681,0.734599,0.815318,1.405047
150528772475991,107.564682,-1.128587,1.103294,1.262337
150528782476685,107.574683,-1.564968,1.182914,1.453888
150528792477613,107.584684,-1.308901,1.302475,1.61255
150528802478536,107.594685,0.26496,1.326284,1.615369
150528812479464,107.604685,1.862435,1.061263,1.590771
150528822480387,107.614686,2.65799,0.957321,1.297049
150528832481315,107.624687,2.685543,0.775441,0.907717
150528842482238,107.634688,1.59935,0.765083,0.549934
150528852483161,107.644689,-0.366293,0.81916,0.445257
150528862484084,107.654690,-1.497096,0.618865,0.652803
150528872485007,107.664691,-1.767991,0.263909,1.073094
150528882485853,107.674692,-1.464284,0.191708,1.407558
150528892486856,107.684693,-0.451019,-0.097602,1.628491
150528902487767,107.694694,0.558694,-0.363163,1.375157
150528912488690,107.704695,0.32289,-0.505118,0.897272
150528922489618,107.714696,-0.636993,-0.492409,0.44092
150528932490454,107.724696,-1.85323,-0.444732,0.233542
150528942491379,107.734697,-2.477633,-0.430233,0.369999
150528952492319,107.744698,-3.105851,-0.524858,0.677521
150528962493319,107.754699,-3.09155,-0.551535,1.109882
150528972494167,107.764700,-2.179624,-0.717716,1.465276
150528982495165,107.774701,-0.884696,-0.860433,1.565968
150528992496088,107.784702,-0.097212,-1.01119,1.495735
150529002496993,107.794703,0.121014,-0.801829,1.021826
150529012497916,107.804704,-0.49305,-0.629789,0.578307
150529022498833,107.814705,-2.346696,-0.269608,0.235548
150529032499694,107.824706,-3.555963,0.00822,0.302619
150529042500679,107.834707,-3.613994,0.202172,0.605913
150529052501602,107.844708,-3.094088,0.164887,1.01872
150529062502429,107.854708,-1.775853,0.080411,1.472211
150529072503349,107.864709,-0.430208,0.014604,1.766249
150529082504253,107.874710,0.549141,0.308861,1.675142
150529092505193,107.884711,1.857394,0.266508,1.542626
150529102506116,107.894712,2.221941,0.266701,1.300302
150529112507039,107.904713,1.840099,0.472602,1.088069
150529122508049,107.914714,1.288704,0.819125,1.130685
150529132508975,107.924715,0.76264,0.874543,1.40929
150529142509828,107.934716,0.234653,1.194319,1.558244
150529152510751,107.944717,0.291643,1.335243,1.636946
150529162511674,107.954718,0.313636,1.554725,1.510178
150529172512612,107.964719,0.473042,1.621979,1.40308
150529182513535,107.974720,0.773619,1.313106,1.409181
150529192514458,107.984720,1.661629,1.10418,1.560194
150529202515458,107.994721,2.66216,1.227982,1.615263
150529212516383,108.004722,3.141465,1.453048,1.299193
150529222517213,108.014723,1.640733,1.617956,1.096574
150529232518151,108.024724,-0.587834,1.845144,1.024593
150529242519092,108.034725,-1.744022,1.630282,1.404901
150529252520015,108.044726,-1.271086,1.310032,2.101156
150529262520952,108.054727,-0.02179,1.228961,2.441978
150529272521890,108.064728,1.226542,0.988775,2.133142
150529282522895,108.074729,1.898769,0.995315,1.400389
150529292523742,108.084730,0.851056,0.943055,0.491077
150529302524644,108.094731,-1.222567,0.937461,0.113042
150529312525567,108.104732,-2.352855,0.883942,0.192663
150529322526491,108.114732,-2.779271,0.571582,0.78636
150529332527400,108.124733,-2.636706,0.568768,1.464469
150529342528323,108.134734,-1.362583,0.312002,2.002441
150529352529255,108.144735,0.685037,-0.295663,2.383906
150529362530241,108.154736,2.358802,-0.441371,2.134125
150529372531166,108.164737,3.325427,-0.836412,1.915233
150529382532015,108.174738,3.283088,-1.016859,1.514922
150529392532938,108.184739,1.67108,-0.750705,1.032857
150529402533861,108.194740,-0.62111,0.053621,0.490214
150529412534779,108.204741,-3.077004,0.616964,0.15553
150529422535703,108.214742,-5.315665,1.006518,0.277839
150529432536626,108.224743,-6.215919,0.713564,0.888591
150529442537631,108.234744,-4.448734,0.509201,1.896379
150529452538477,108.244744,-0.64784,-0.041985,2.526909
150529462539391,108.254745,2.671002,0.181339,1.888145
150529472540314,108.264746,5.297363,-0.214614,1.33307
150529482541250,108.274747,5.699995,-0.372745,0.858359
150529492542173,108.284748,3.634945,-0.384997,0.988381
150529502542868,108.294749,1.442246,-0.252225,1.290247
150529512544019,108.304750,-0.032682,-0.014405,1.845068
150529522545019,108.314751,-1.241584,0.340223,2.130896
150529532545940,108.324752,-1.854851,0.581939,1.994935
150529542546784,108.334753,-1.369038,0.592037,1.513537
150529552547707,108.344754,-0.352783,0.509851,0.950729
150529562548640,108.354755,0.096167,0.512728,0.387193
150529572549563,108.364756,-0.244199,0.724997,0.183621
150529582550500,108.374757,-0.578996,0.843083,0.288478
150529592551438,108.384757,-0.879395,0.86341,0.570819
150529602552442,108.394758,-1.075922,0.814011,0.900832
150529612553358,108.404759,-0.719363,0.687132,1.245814
150529622554188,108.414760,-0.051061,0.470359,1.323662
150529632555111,108.424761,0.447958,0.372536,1.099198
150529642556034,108.434762,0.826396,0.358393,0.844
150529652556957,108.444763,0.615657,0.288949,0.418562
150529662557880,108.454764,0.729675,0.138875,0.383367
150529672558803,108.464765,0.907276,-0.033314,0.657137
150529682559803,108.474766,0.94845,-0.248486,0.925394
150529692560723,108.484767,1.137595,-0.35898,0.989007
150529702561553,108.494768,1.121944,-0.374399,0.744974
150529712562462,108.504768,0.647412,-0.283325,0.36678
150529722563386,108.514769,-0.27235,-0.206823,-0.05517
150529732564309,108.524770,-1.401702,-0.040781,-0.381988
150529742565246,108.534771,-2.408461,0.076362,-0.557545
150529752566160,108.544772,-3.185774,0.002538,-0.329531
150529762567146,108.554773,-3.139209,0.031497,0.080676
150529772568061,108.564774,-1.951629,-0.117744,0.445712
150529782568920,108.574775,-0.383409,-0.263577,0.654923
150529792569852,108.584776,0.824354,-0.462903,0.56744
150529802570775,108.594777,1.167617,-0.601722,0.372853
150529812571698,108.604778,1.138327,-0.71564,0.439841
150529822572622,108.614779,0.262798,-0.54329,0.549169
150529832573631,108.624780,-0.65624,-0.358955,0.569305
150529842574556,108.634781,-1.231758,-0.194578,0.613004
150529852575474,108.644781,-1.689247,-0.169883,0.946258
150529862576318,108.654782,-1.251531,-0.29816,1.3884
150529872577232,108.664783,0.273834,-0.496965,1.574919
150529882578252,108.674784,1.464942,-0.405855,1.31856
150529892579096,108.684785,2.165726,-0.089854,0.656117
150529902580006,108.694786,1.892199,-0.103487,0.076973
150529912580935,108.704787,0.806069,0.017933,-0.119165
150529922581936,108.714788,-0.504834,0.241814,0.077489
150529932582855,108.724789,-1.125159,0.559786,0.286587
150529942583699,108.734790,-1.35145,0.918852,0.333731
150529952584701,108.744791,-1.337343,1.066055,0.328503
150529962585624,108.754792,-0.617288,0.765558,0.494142
150529972586455,108.764792,0.651726,0.466744,0.823565
150529982587378,108.774793,2.015892,0.387257,0.891067
150529992588285,108.784794,3.331589,0.557706,0.742448
150530002589511,108.794796,4.076337,0.610007,0.485035
150530012590186,108.804796,3.596137,0.57329,0.193999
150530022591110,108.814797,1.865863,0.771825,-0.159
150530032592023,108.824798,0.331968,0.967945,-0.338443
150530042592946,108.834799,-0.661561,0.889141,-0.207756
150530052593869,108.844800,-1.05205,0.920531,0.095935
150530062594802,108.854801,-0.379767,0.705128,0.364545
150530072595715,108.864802,0.808738,0.339816,0.444416
150530082596867,108.874803,1.671562,0.121399,0.084638
150530092597790,108.884804,1.69822,-0.037924,-0.440015
150530102598465,108.894804,0.739844,-0.134968,-0.824134
150530112599612,108.904806,-0.047108,-0.203883,-0.841731
150530122600535,108.914807,-0.932288,-0.563885,-0.448085
150530132601230,108.924807,-1.730268,-0.644005,-0.192666
150530142602153,108.934808,-2.172505,-0.743032,0.053704
150530152603076,108.944809,-2.268643,-0.872114,0.082716
150530162604228,108.954810,-1.906752,-1.000738,-0.227059
150530172605228,108.964811,-1.416869,-1.156785,-0.524338
150530182606078,108.974812,-1.350336,-1.308365,-0.548502
150530192606799,108.984813,-1.292749,-1.371779,-0.506274
150530202607938,108.994814,-1.075882,-1.460092,-0.235369
150530212608875,109.004815,-1.299308,-1.512306,-0.096921
150530222609803,109.014816,-1.383465,-1.574666,-0.035713
150530232610726,109.024817,-1.410373,-1.582052,-0.126987
150530242611731,109.034818,-1.381453,-1.61709,-0.244053
150530252612647,109.044819,-1.061964,-1.675251,-0.259164
150530262613496,109.054819,-0.466012,-1.727648,-0.352216
150530272614438,109.064820,-0.199638,-1.651283,-0.468985
150530282615371,109.074821,-0.22777,-1.404359,-0.61194
150530292616294,109.084822,-0.22922,-1.142773,-0.762227
150530302617217,109.094823,-1.143687,-0.794242,-0.92576
150530312618140,109.104824,-2.000172,-0.505689,-1.030362
150530322619149,109.114825,-2.082121,-0.477542,-0.736837
150530332620089,109.124826,-1.419488,-0.483011,-0.314578
150530342621012,109.134827,-0.262785,-0.510415,0.013656
150530352621945,109.144828,0.693831,-0.528993,0.010807
150530362622868,109.154829,1.46682,-0.414193,-0.244526
150530372623786,109.164830,2.003596,-0.240326,-0.590124
150530382624685,109.174831,1.711464,-0.198397,-0.680556
150530392625539,109.184832,1.054435,-0.069675,-0.607713
150530402626534,109.194833,0.477114,0.084498,-0.357618
150530412627683,109.204834,0.002206,0.207938,-0.068102
150530422628377,109.214834,0.22004,0.32659,0.070344
150530432629310,109.224835,0.635531,0.409909,-0.041058
150530442630238,109.234836,0.929686,0.513304,-0.398057
150530452631142,109.244837,0.675301,0.641743,-0.811907
150530462632065,109.254838,0.564947,0.575549,-0.824197
150530472632979,109.264839,0.455875,0.613851,-0.633774
150530482634123,109.274840,0.643356,0.608872,-0.118328
150530492635034,109.284841,0.962347,0.671523,0.093677
150530502635927,109.294842,1.069438,0.636938,0.033939
150530512636833,109.304843,1.135392,0.579299,-0.067788
150530522637771,109.314844,1.229376,0.409424,-0.056971
150530532638698,109.324845,1.55678,0.298738,0.109489
150530542639621,109.334846,2.194934,0.17888,0.391659
150530552640563,109.344847,2.733274,0.105244,0.496218
150530562641572,109.354848,2.703015,0.101088,0.433993
150530572642503,109.364849,1.845134,0.088962,0.286625
150530582643355,109.374849,0.520214,0.123326,-0.001887
150530592644348,109.384850,-0.482643,0.087543,-0.205579
150530602645273,109.394851,-0.840586,0.011939,-0.227165
150530612646103,109.404852,-0.830703,0.03638,-0.139286
150530622647100,109.414853,-0.564991,0.150538,-0.275787
150530632648018,109.424854,-0.243188,0.138295,-0.388109
150530642649170,109.434855,-0.043902,0.144695,-0.423634
150530652650088,109.444856,-0.009316,0.153289,-0.403764
150530662650796,109.454857,-0.25507,0.05129,-0.209883
150530672651729,109.464858,-0.133064,-0.060145,-0.039629
150530682652881,109.474859,0.399745,-0.342389,0.220709
150530692653823,109.484860,1.563007,-0.671477,0.562307
150530702654518,109.494861,2.690703,-0.790749,0.544823
150530712655651,109.504862,3.395407,-0.822719,0.10445
150530722656646,109.514863,3.483892,-0.871039,-0.474343
150530732657547,109.524864,2.409762,-0.864158,-0.873906
150530742658388,109.534864,0.956083,-0.735489,-1.039299
150530752659294,109.544865,-0.006828,-0.766415,-0.921363
150530762660202,109.554866,-0.431183,-0.767702,-0.811558
150530772661125,109.564867,-0.398183,-0.590279,-0.873934
150530782662039,109.574868,-0.115622,-0.491488,-1.175346
150530792663060,109.584869,-0.127437,-0.55979,-1.555898
150530802663981,109.594870,0.070362,-0.684853,-1.646033
150530812664902,109.604871,0.232762,-0.8351,-1.494498
150530822665825,109.614872,0.250551,-0.902821,-1.256434
150530832666753,109.624873,0.146958,-0.852125,-1.237338
150530842667676,109.634874,-0.315777,-0.717404,-1.439306
150530852668599,109.644875,-1.152644,-0.552671,-1.73551
150530862669536,109.654876,-1.83198,-0.491454,-1.88286
150530872670474,109.664876,-2.128666,-0.585247,-1.789741
150530882671611,109.674878,-1.94538,-0.565484,-1.436485
150530892672525,109.684879,-0.98997,-0.528123,-1.109764
150530902673209,109.694879,0.207146,-0.70295,-0.951772
150530912674366,109.704880,1.111411,-0.779472,-1.116263
150530922675279,109.714881,1.563983,-0.784029,-1.452831
150530932676203,109.724882,1.602881,-0.840721,-1.673563
150530942677214,109.734883,1.000066,-0.776403,-1.582903
150530952678074,109.744884,-0.157253,-0.556352,-1.404266
150530962679088,109.754885,-0.502461,-0.611729,-0.891148
150530972680009,109.764886,-0.226532,-0.696098,-0.375389
150530982680878,109.774887,0.863873,-0.852555,-0.095495
150530992681868,109.784888,1.913701,-1.038902,-0.208896
150531002682791,109.794889,2.287857,-1.106414,-0.581888
150531012683724,109.804890,2.137752,-1.172709,-0.9027
150531022684647,109.814891,1.511467,-1.280314,-0.995108
150531032685546,109.824892,0.736195,-1.211806,-0.876412
150531042686698,109.834893,-0.149248,-1.047085,-0.713394
150531052687612,109.844894,-0.77385,-0.970138,-0.505177
150531062688552,109.854895,-1.464893,-0.801468,-0.488661
150531072689482,109.864895,-1.802631,-0.690214,-0.606522
150531082690405,109.874896,-1.866398,-0.714803,-0.775197
150531092691337,109.884897,-1.34557,-0.741464,-0.840397
150531102692265,109.894898,-0.42876,-0.843633,-0.831692
150531112693217,109.904899,0.691228,-0.961593,-0.699277
150531122694219,109.914900,1.216939,-1.033154,-0.573809
150531132695356,109.924901,1.420739,-0.983547,-0.527346
150531142696045,109.934902,1.326898,-1.004008,-0.543696
150531152696968,109.944903,0.711931,-0.761937,-0.749104
150531162697882,109.954904,-0.204576,-0.647736,-0.892922
150531172698806,109.964905,-0.985856,-0.574964,-0.856213
150531182699976,109.974906,-0.779082,-0.627814,-0.571056
150531192700671,109.984907,0.303579,-0.697392,-0.335447
150531202701823,109.994908,1.451719,-0.685507,-0.446617
150531212702741,110.004909,2.106431,-0.464825,-0.93523
150531222703671,110.014910,2.312014,-0.391512,-1.377157
150531232704587,110.024911,1.785451,-0.338418,-1.472266
150531242705510,110.034912,0.794635,-0.021353,-1.363192
150531252706433,110.044912,-0.445438,0.298586,-1.187446
150531262707361,110.054913,-1.006335,0.514218,-0.986553
150531272708284,110.064914,-1.244859,0.72941,-0.855676
150531282709529,110.074916,-1.068409,0.950433,-0.852777
150531292710209,110.084916,-0.209726,0.917349,-0.81444
150531302711123,110.094917,0.727853,0.847242,-0.769571
150531312712060,110.104918,1.740517,0.782376,-0.658002
150531322712993,110.114919,2.556633,0.561056,-0.489244
150531332714147,110.124920,3.292229,0.22754,-0.362829
150531342715068,110.134921,3.827107,-0.08704,-0.027989
150531352715991,110.144922,4.076414,-0.178732,0.259974
150531362716986,110.154923,3.404283,-0.28394,0.062424
150531372717925,110.164924,1.581093,-0.165677,-0.511133
150531382718776,110.174925,-0.120071,-0.123572,-0.988142
150531392719697,110.184926,-1.31045,-0.312832,-1.157177
150531402720707,110.194927,-1.772342,-0.337685,-1.144562
150531412721632,110.204928,-1.345369,-0.371309,-1.043179
150531422722555,110.214929,-0.514614,-0.425255,-1.095187
150531432723479,110.224929,0.042639,-0.500025,-1.422363
150531442724630,110.234931,0.216665,-0.653684,-1.684756
150531452725534,110.244932,-0.101573,-0.74742,-1.744259
150531462726438,110.254932,-0.156424,-0.827928,-1.617088
150531472727376,110.264933,0.117003,-0.966064,-1.218464
150531482728314,110.274934,0.501336,-1.029905,-0.870194
150531492729237,110.284935,1.159561,-1.261569,-0.429081
150531502730160,110.294936,1.680391,-1.351698,-0.233295
150531512731083,110.304937,1.788052,-1.505838,-0.244969
150531522732078,110.314938,1.775994,-1.530984,-0.416203
150531532732984,110.324939,1.540578,-1.665874,-0.572693
150531542733892,110.334940,1.586688,-1.663152,-0.769235
150531552734816,110.344941,1.24651,-1.618299,-0.930475
150531562735740,110.354942,0.92275,-1.505447,-1.03935
150531572736663,110.364943,0.44736,-1.250318,-1.231484
150531582737800,110.374944,-0.229501,-0.922918,-1.530083
150531592738494,110.384944,-1.253036,-0.555502,-1.848314
150531602739637,110.394946,-2.311871,-0.236983,-1.9636
150531612740619,110.404947,-2.870691,-0.161522,-1.848256
150531622741468,110.414947,-2.284776,-0.192271,-1.28775
150531632742396,110.424948,-0.995122,-0.177507,-0.778767
150531642743324,110.434949,0.572595,-0.467154,-0.357284
150531652744249,110.444950,1.749029,-0.560194,-0.296411
150531662745155,110.454951,2.692576,-0.706703,-0.286989
150531672746155,110.464952,3.387086,-0.946867,-0.445555
150531682747300,110.474953,3.489904,-0.848407,-0.636708
150531692748213,110.484954,2.772083,-0.618742,-0.83406
150531702748898,110.494955,1.2464,-0.236519,-1.083746
150531712750069,110.504956,-0.113735,0.116276,-1.196876
150531722750992,110.514957,-0.757917,0.118836,-0.982193
150531732751930,110.524958,-0.464011,0.139337,-0.800581
150531742752853,110.534959,0.594221,0.168197,-0.922135
150531752753780,110.544960,1.679673,0.029469,-1.289414
150531762754790,110.554961,2.235202,0.03589,-1.733315
150531772755701,110.564962,2.40514,-0.004281,-2.06783
150531782756633,110.574963,2.068496,-0.026713,-2.131811
150531792757575,110.584964,1.166422,0.102445,-2.03496
150531802758498,110.594964,0.322692,0.256769,-1.780863
150531812759426,110.604965,-0.313313,0.214541,-1.415241
150531822760365,110.614966,-0.370899,0.266187,-0.986376
150531832761518,110.624968,0.217762,0.382339,-0.841652
150531842762511,110.634969,1.141564,0.381339,-0.928355
150531852763437,110.644969,1.589611,0.485437,-1.234925
150531862764283,110.654970,1.863413,0.482845,-1.389673
150531872765276,110.664971,2.374986,0.30597,-1.200498
150531882766206,110.674972,3.04981,0.167122,-0.826934
150531892767143,110.684973,3.393458,0.11754,-0.749082
150531902768061,110.694974,4.008493,0.132791,-0.728723
150531912769218,110.704975,4.188972,0.22223,-0.990797
150531922770141,110.714976,3.139523,0.410903,-1.319001
150531932771054,110.724977,1.714958,0.586141,-1.497416
150531942771963,110.734978,0.699004,0.838056,-1.487013
150531952772900,110.744979,-0.057314,1.067925,-1.308105
150531962773818,110.754980,-0.49428,1.268053,-1.053159
150531972774742,110.764981,-0.202187,1.234001,-0.644499
150531982775665,110.774982,0.671954,1.022446,-0.252063
150531992776662,110.784983,2.380004,0.673853,0.124492
150532002777814,110.794984,3.685299,0.487768,0.109847
150532012778737,110.804985,4.419913,0.252123,-0.037194
150532022779436,110.814985,4.400894,-0.017859,-0.100345
150532032780603,110.824987,2.94189,-0.151257,-0.353182
150532042781540,110.834988,1.024991,-0.214105,-0.636805
150532052782540,110.844989,-0.716385,-0.366341,-0.92204
150532062783386,110.854989,-2.085565,-0.383795,-1.151865
150532072784391,110.864990,-2.813563,-0.438425,-1.376683
150532082785535,110.874992,-2.86469,-0.702894,-1.443105
150532092786449,110.884992,-1.977641,-0.955927,-1.452453
150532102787143,110.894993,-0.663265,-1.364047,-1.421797
150532112788057,110.904994,1.070186,-1.765615,-1.468988
150532122789009,110.914995,2.098409,-1.971003,-1.758618
150532132790166,110.924996,2.009107,-2.045501,-2.085043
150532142791093,110.934997,0.84656,-2.003285,-2.181355
150532152792016,110.944998,-0.586388,-1.712252,-2.078916
150532162793016,110.954999,-1.691842,-1.36817,-1.764345
150532172794172,110.965000,-2.174101,-1.149521,-1.371208
150532182795088,110.975001,-2.176491,-0.974289,-0.994721
150532192795780,110.985002,-1.288125,-1.283967,-0.510737
150532202796700,110.995003,0.565059,-1.566583,-0.051179
150532212797614,111.005004,2.40779,-1.633059,-0.040783
150532222798766,111.015005,4.215159,-1.717717,-0.38916
150532232799689,111.025006,5.458303,-1.823968,-0.679165
150532242800689,111.035007,5.161123,-1.745417,-0.883676
150532252801609,111.045008,3.494374,-1.637916,-0.97056
150532262802541,111.055009,1.68756,-1.250963,-0.806562
150532272803391,111.065009,0.376777,-0.946257,-0.465992
150532282804393,111.075010,-0.548001,-0.786114,-0.072473
150532292805540,111.085012,-0.846172,-0.492917,0.028062
150532302806478,111.095012,-0.544763,-0.427253,-0.231447
150532312807162,111.105013,0.12271,-0.474528,-0.66437
150532322808382,111.115014,0.443934,-0.500779,-1.001953
150532332809292,111.125015,0.723336,-0.684762,-0.956501
150532342810133,111.135016,1.186426,-0.796086,-0.609596
150532352811133,111.145017,1.757297,-0.714637,-0.276549
150532362812056,111.155018,1.907279,-0.576534,-0.270688
150532372812998,111.165019,1.195073,-0.300683,-0.583117
150532382813921,111.175020,-0.259928,0.087256,-1.016214
150532392815088,111.185021,-1.307928,0.348023,-1.30347
150532402816077,111.195022,-1.630934,0.268063,-1.096684
150532412816988,111.205023,-1.074762,0.240289,-0.762318
150532422817835,111.215024,0.437367,0.036081,-0.405497
150532432818756,111.225025,2.186591,-0.176749,-0.390831
150532442819772,111.235026,3.573986,-0.157884,-0.801305
150532452820695,111.245027,4.54885,-0.396237,-1.175139
150532462821623,111.255028,4.529041,-0.540766,-1.183359
150532472822551,111.265029,3.282464,-0.377909,-1.015028
150532482823698,111.275030,1.614106,-0.161655,-0.651878
150532492824679,111.285031,0.598928,0.092498,-0.218374
150532502825527,111.295032,0.279922,0.104459,0.235846
150532512826544,111.305033,0.618107,-0.055488,0.458471
150532522827472,111.315033,1.907497,-0.237943,0.53844
150532532828397,111.325034,3.217121,-0.454158,0.433291
150532542829320,111.335035,4.002645,-0.549464,0.19784
150532552830472,111.345036,4.326218,-0.665399,0.065175
150532562831462,111.355037,3.561989,-0.753949,-5.87E-4
150532572832373,111.365038,1.826013,-0.452515,-0.118943
150532582833210,111.375039,0.095471,-0.271422,-0.228726
150532592834229,111.385040,-1.418322,-0.209424,-0.203882
150532602835165,111.395041,-2.260292,-0.146167,-0.052721
150532612836013,111.405042,-2.190578,-0.329821,0.102618
150532622837013,111.415043,-0.682527,-0.687505,0.323425
150532632838136,111.425044,1.22811,-1.060088,0.46945
150532642839039,111.435045,2.558868,-1.249404,0.356947
150532652840035,111.445046,3.343173,-1.340387,0.130639
150532662840950,111.455047,3.016739,-1.472322,-0.065654
150532672841900,111.465048,1.265794,-1.182306,-0.346378
150532682842825,111.475049,-0.842872,-0.944959,-0.645769
150532692843748,111.485050,-2.839981,-0.782319,-0.744517
150532702844666,111.495051,-4.170423,-0.401875,-0.716814
150532712845834,111.505052,-4.748745,-0.276229,-0.638117
150532722846827,111.515053,-3.86519,-0.250925,-0.476724
150532732847738,111.525054,-1.877167,-0.465619,-0.256501
150532742848575,111.535055,0.021789,-0.677833,-0.246776
150532752849564,111.545056,1.864155,-0.796276,-0.384348
150532762850504,111.555057,3.225775,-1.091144,-0.48582
150532772851413,111.565057,3.869696,-1.159775,-0.53173
150532782852321,111.575058,2.731144,-1.036223,-0.540223
150532792853475,111.585059,0.829134,-0.817892,-0.33677
150532802854473,111.595060,-0.645357,-0.61285,0.055926
150532812855412,111.605061,-0.843485,-0.59352,0.647324
150532822856335,111.615062,0.055281,-0.614254,1.054641
150532832857268,111.625063,1.270612,-0.673133,1.12552
150532842858205,111.635064,2.21569,-0.76621,0.998022
150532852859128,111.645065,3.038489,-0.825722,0.787247
150532862860051,111.655066,3.436073,-1.132116,0.720033
150532872861210,111.665067,2.876579,-1.0506,0.800377
150532882862208,111.675068,1.559022,-0.870818,0.869622
150532892863119,111.685069,0.182265,-0.672067,0.882221
150532902863956,111.695070,-1.008601,-0.691956,0.983486
150532912864956,111.705071,-1.769954,-0.629729,1.073519
150532922866131,111.715072,-1.898137,-0.624025,1.168582
150532932867069,111.725073,-1.328547,-0.69467,1.161245
150532942867992,111.735074,-0.51256,-0.788917,0.981814
150532952868992,111.745075,-0.258455,-0.917126,0.636215
150532962869925,111.755076,-0.816502,-0.967206,0.229607
150532972870850,111.765077,-1.438837,-0.936108,-0.076642
150532982871758,111.775078,-2.047173,-0.97373,-0.239841
150532992872681,111.785079,-2.53785,-0.830114,-0.442274
150533002873619,111.795080,-3.060444,-0.729,-0.471017
150533012874766,111.805081,-2.806248,-0.706675,-0.206108
150533022875766,111.815082,-1.973245,-0.772725,0.193826
150533032876602,111.825083,-0.98033,-0.891168,0.409613
150533042877833,111.835084,-0.222244,-1.040148,0.370907
150533052878751,111.845085,0.157857,-1.107432,0.182838
150533062879670,111.855086,0.333405,-1.245054,-0.015704
150533072880583,111.865087,0.441206,-1.419928,0.056742
150533082881307,111.875087,0.350443,-1.410478,0.182175
150533092882454,111.885088,0.235025,-1.311681,0.361928
150533102883379,111.895089,0.019854,-1.050818,0.371417
150533112884358,111.905090,-0.365161,-0.801833,0.262716
150533122885507,111.915092,-0.821029,-0.532101,0.035058
150533132886430,111.925092,-1.188502,-0.182815,-0.175701
150533142887341,111.935093,-1.357235,0.042394,-0.035973
150533152888262,111.945094,-1.028726,0.013178,0.666854
150533162889199,111.955095,-0.103041,-0.32004,1.592904
150533172890199,111.965096,1.632316,-0.562311,2.215861
150533182891127,111.975097,3.822951,-0.665042,2.491489
150533192892047,111.985098,5.173304,-0.445686,2.242525
150533202893199,111.995099,3.842719,-0.353035,1.682749
150533212894213,112.005100,0.006774,0.183662,0.690116
150533222895047,112.015101,-3.074885,0.158251,0.525342
150533232895958,112.025102,-5.124377,0.226965,0.934084
150533242896886,112.035103,-5.318083,0.48427,1.496615
150533252897897,112.045104,-3.702128,0.325469,1.840129
150533262898807,112.055105,-1.846625,0.044766,1.441347
150533272899735,112.065106,-1.01068,-0.163106,0.383565
150533282900963,112.075107,-1.369421,-0.151878,-0.919809
150533292901893,112.085108,-2.333207,-0.085893,-1.688429
150533302902802,112.095109,-3.205887,-0.041651,-1.796783
150533312903730,112.105110,-3.519704,3.19E-4,-1.422165
150533322904657,112.115111,-3.2997,0.120426,-1.001146
150533332905580,112.125112,-2.58644,-0.038092,-0.610478
150533342906489,112.135112,-1.190844,-0.441024,-0.113226
150533352907636,112.145114,0.513415,-0.747549,0.252414
150533362908629,112.155115,2.740073,-1.176181,0.58504
150533372909776,112.165116,5.223294,-1.707684,0.831423
150533382910470,112.175116,7.519872,-2.249063,1.3063
150533392911383,112.185117,8.704271,-2.70455,2.019944
150533402912552,112.195119,8.515473,-2.890075,2.437641
150533412913487,112.205119,6.60694,-2.919771,2.528203
150533422914397,112.215120,3.472373,-2.529765,1.934189
150533432915397,112.225121,0.458931,-1.026948,0.555052
150533442916561,112.235123,-3.666673,2.087941,-1.882946
150533452917468,112.245123,-8.65964,4.606984,-3.713247
150533462918376,112.255124,-11.546798,4.732729,-3.379258
150533472919312,112.265125,-11.379141,6.7826,-2.046485
150533482920268,112.275126,-6.869447,5.736706,0.639748
150533492921191,112.285127,0.232618,3.341244,2.98122
150533502922187,112.295128,7.967984,2.248848,3.06498
150533512923124,112.305129,12.916058,3.035916,2.001583
150533522924290,112.315130,14.5201,4.401163,2.368635
150533532925297,112.325131,12.299213,5.050845,3.837177
150533542926143,112.335132,8.220657,5.373365,4.543063
150533552927158,112.345133,4.229774,6.035175,4.217008
150533562928080,112.355134,1.11199,6.264117,3.817005
150533572928999,112.365135,-0.256165,5.54757,3.660566
150533582930151,112.375136,0.291003,4.430269,3.107516
150533592931069,112.385137,1.534594,3.422744,1.803478
150533602932071,112.395138,1.997489,2.463251,0.308873
150533612933008,112.405139,2.293762,1.590797,-0.632051
150533622933907,112.415140,2.301391,1.164248,-1.466165
150533632934844,112.425141,1.647355,0.881244,-1.699118
150533642936011,112.435142,0.411583,0.721138,-1.245895
150533652936949,112.445143,-1.370863,0.725373,-0.742189
150533662937949,112.455144,-3.188211,0.590548,-0.288665
150533672938855,112.465145,-4.532342,0.438466,-0.054877
150533682940008,112.475146,-4.870352,0.42206,-0.301639
150533692941001,112.485147,-4.075426,0.038961,-0.481175
150533702941836,112.495148,-2.692621,-0.290133,-0.727387
150533712942757,112.505149,-1.598533,-0.722745,-0.753646
150533722943686,112.515150,-0.804226,-1.090109,-0.468108
150533732944672,112.525151,-0.402033,-1.562435,0.062678
150533742945595,112.535152,-0.461054,-1.976471,0.549925
150533752946518,112.545153,-0.897274,-2.263084,0.912411
150533762947763,112.555154,-1.390209,-2.425995,1.069469
150533772948686,112.565155,-1.557353,-2.27085,0.897303
150533782949605,112.575156,-1.773329,-1.786605,0.449671
150533792950528,112.585157,-2.502866,-1.116197,-0.258542
150533802951451,112.595157,-3.580677,-0.460564,-0.745727
150533812952603,112.605159,-5.276795,-0.231637,-1.014903
150533822953528,112.615160,-6.292078,-0.010614,-0.954046
150533832954436,112.625160,-5.007729,-0.055955,0.176337
150533842955422,112.635161,-2.334402,-0.347932,1.619824
150533852956569,112.645163,0.533163,-0.397944,2.338605
150533862957486,112.655163,3.272256,-0.483888,2.425222
150533872958181,112.665164,5.071353,-0.826696,2.409428
150533882959348,112.675165,5.229072,-0.729916,1.912302
150533892960272,112.685166,2.827815,-0.517519,1.287817
150533902961272,112.695167,0.261923,-0.135843,1.113333
150533912962195,112.705168,-1.024451,0.137336,1.579795
150533922963357,112.715169,-1.811518,0.479499,1.936281
150533932964349,112.725170,-1.876243,0.755987,2.085888
150533942965258,112.735171,-1.06986,0.83211,1.727722
150533952966099,112.745172,-0.365328,0.776442,1.037614
150533962967123,112.755173,-0.117706,0.7694,0.636506
150533972968041,112.765174,0.072364,0.852858,0.681797
150533982968964,112.775175,0.214048,0.760257,0.873032
150533992970118,112.785176,0.220765,0.790583,0.988523
150534002971118,112.795177,-0.072212,0.87111,1.001231
150534012972054,112.805178,-0.351217,1.003334,0.765771
150534022972964,112.815179,-0.898221,1.018775,0.508952
150534032973877,112.825180,-1.108445,1.141935,0.299305
150534042975040,112.835181,-0.954624,1.215408,0.192269
150534052975953,112.845182,-0.161355,1.270914,0.213557
150534062976950,112.855183,0.633589,1.234292,0.092718
150534072977871,112.865184,1.076756,1.09373,0.036816
150534082979025,112.875185,1.52736,1.016314,0.078516
150534092979963,112.885186,2.112593,0.917768,0.577052
150534102980963,112.895187,2.900633,0.83296,1.008914
150534112981821,112.905188,3.629897,0.653115,1.296815
150534122982744,112.915189,4.023861,0.559279,1.333228
150534132983730,112.925190,3.860534,0.431869,1.293558
150534142984882,112.935191,3.317676,0.412973,1.100251
150534152985814,112.945192,2.710883,0.406112,1.069043
150534162986831,112.955193,2.058844,0.534881,1.260433
150534172987988,112.965194,1.64638,0.526399,1.517839
150534182988911,112.975195,1.391305,0.428961,1.681372
150534192989605,112.985196,1.312791,0.316172,1.706708
150534202990776,112.995197,1.039025,0.200661,1.65488
150534212991694,113.005198,0.562842,0.113697,1.53335
150534222992617,113.015199,-0.051455,0.065549,1.337557
150534232993550,113.025200,-0.82949,-0.032069,1.177804
150534242994781,113.035201,-1.566165,-0.017775,0.993005
150534252995704,113.045202,-2.212659,0.020221,0.732055
150534262996699,113.055203,-2.474289,0.135777,0.254955
150534272997516,113.065204,-2.848078,0.245859,-0.120862
150534282998448,113.075204,-3.278764,0.229687,-0.435863
150534292999450,113.085205,-3.22939,0.166931,-0.580897
150534303000369,113.095206,-2.385411,-0.052597,-0.309814
150534313001527,113.105208,-1.133042,-0.32693,0.014117
150534323002540,113.115209,0.398017,-0.570444,0.336423
150534333003463,113.125209,1.631585,-0.697697,0.438086
150534343004612,113.135211,2.54093,-0.882524,0.309877
150534353005297,113.145211,2.981669,-0.994607,0.074567
150534363006449,113.155212,2.106686,-0.986121,-0.292885
150534373007367,113.165213,0.777843,-0.828336,-0.54309
150534383008290,113.175214,0.039501,-0.666485,-0.57309
150534393009292,113.185215,-0.660853,-0.412444,-0.438418
150534403010444,113.195216,-1.019982,-0.250039,-0.27924
150534413011372,113.205217,-0.862739,-0.212826,-0.151074
150534423012358,113.215218,-0.712214,-0.142821,-0.252818
150534433013204,113.225219,-0.212044,-0.216159,-0.312451
150534443014210,113.235220,0.08101,-0.3027,-0.404986
150534453015131,113.245221,0.434433,-0.35139,-0.456845
150534463016066,113.255222,0.601169,-0.359326,-0.481807
150534473017215,113.265223,0.638122,-0.326159,-0.553657
150534483018218,113.275224,0.513556,-0.265501,-0.64094
150534493019136,113.285225,-0.013401,-0.165563,-0.709503
150534503020290,113.295226,-0.238929,-0.077817,-0.511161
150534513021203,113.305227,-0.435182,0.098588,-0.289423
150534523022121,113.315228,-0.400415,0.095955,-0.177098
150534533023049,113.325229,-0.395687,0.083283,-0.2164
150534543024056,113.335230,-0.094271,-0.166623,-0.290882
150534553024979,113.345231,0.257235,-0.41536,-0.318943
150534563026141,113.355232,0.917183,-0.702027,-0.026529
150534573027155,113.365233,1.359402,-0.847782,0.271051
150534583028075,113.375234,1.351011,-0.980907,0.549919
150534593028905,113.385235,0.790369,-1.073866,0.601254
150534603029916,113.395236,-0.098979,-1.050018,0.350654
150534613030839,113.405237,-0.826446,-1.081768,0.008951
150534623032008,113.415238,-1.851676,-1.061349,-0.355802
150534633032924,113.425239,-2.590816,-1.036598,-0.502587
150534643033919,113.435240,-2.859266,-1.109182,-0.490797
150534653034849,113.445241,-2.615985,-1.19895,-0.253348
150534663036003,113.455242,-1.683132,-1.299545,-0.030102
150534673036910,113.465243,-0.500906,-1.437445,-0.012831
150534683037813,113.475244,0.154414,-1.443667,-0.251106
150534693038736,113.485245,0.002717,-1.266017,-0.572504
150534703039738,113.495246,-0.58739,-1.02577,-0.736016
150534713040661,113.505247,-1.124692,-0.853614,-0.72851
150534723041890,113.515248,-1.616774,-0.722388,-0.558053
150534733042813,113.525249,-1.446982,-0.746613,-0.292539
150534743043733,113.535250,-0.655661,-0.724327,-0.056393
150534753044664,113.545251,-0.15295,-0.704065,-0.189598
150534763045575,113.555252,0.321859,-0.667079,-0.490337
150534773046719,113.565253,0.267887,-0.480774,-0.776437
150534783047660,113.575254,0.223218,-0.531334,-0.654182
150534793048583,113.585255,0.2071,-0.666153,-0.069823
150534803049790,113.595256,0.285974,-0.597172,0.413623
150534813050713,113.605257,0.681198,-0.612396,0.566685
150534823051703,113.615258,0.725002,-0.532735,0.28302
150534833052541,113.625259,0.422745,-0.386176,-0.079778
150534843053459,113.635259,0.047046,-0.331608,-0.226502
150534853054473,113.645260,-0.16957,-0.307859,-0.158576
150534863055398,113.655261,-0.266039,-0.234426,0.162022
150534873056567,113.665263,-0.231052,-0.278229,0.483941
150534883057564,113.675264,0.236467,-0.444252,0.700561
150534893058473,113.685264,0.749779,-0.666542,0.857474
150534903059624,113.695266,1.086267,-0.647975,0.752028
150534913060302,113.705266,0.824455,-0.568917,0.373575
150534923061463,113.715267,0.471457,-0.448556,-0.035863
150534933062386,113.725268,-0.436662,-0.252846,-0.358954
150534943063374,113.735269,-1.077492,-0.064429,-0.624313
150534953064311,113.745270,-1.480887,0.012252,-0.675669
150534963065463,113.755271,-1.259856,0.01321,-0.668882
150534973066381,113.765272,-0.775964,-0.19485,-0.472501
150534983067383,113.775273,0.158737,-0.345765,-0.285285
150534993068316,113.785274,0.97957,-0.635634,-0.159243
150535003069234,113.795275,1.529323,-0.717019,-0.172544
150535013070415,113.805276,1.809136,-0.634422,-0.331558
150535023071357,113.815277,1.601318,-0.716898,-0.460744
150535033072285,113.825278,0.914865,-0.658177,-0.562563
150535043073530,113.835280,0.184504,-0.524417,-0.569407
150535053074453,113.845280,-0.354306,-0.36058,-0.462795
150535063075347,113.855281,-0.632618,-0.178207,-0.281064
150535073076256,113.865282,-0.563575,-0.066298,-0.196768
150535083077182,113.875283,-0.265281,-0.051534,-0.168418
150535093078172,113.885284,-0.124688,-0.075474,-0.162233
150535103079095,113.895285,-0.011389,-0.028117,-0.153098
150535113080033,113.905286,-0.011492,0.018375,-0.239486
150535123081252,113.915287,-0.178282,0.135149,-0.426326
150535133082405,113.925288,-0.481154,0.219095,-0.673352
150535143083309,113.935289,-0.65591,0.239048,-0.853707
150535153084018,113.945290,-0.722249,0.201623,-0.940995
150535163085170,113.955291,-0.58359,0.170899,-0.814742
150535173086098,113.965292,-0.302428,0.131869,-0.762961
150535183087013,113.975293,0.094963,-0.010858,-0.697307
150535193087987,113.985294,0.544127,-0.079905,-0.712242
150535203089136,113.995295,0.77879,-0.109705,-0.638675
150535213090136,114.005296,0.804564,-0.067987,-0.556768
150535223091061,114.015297,0.685882,-0.116402,-0.456326
150535233091949,114.025298,0.438279,-0.218536,-0.266401
150535243092903,114.035299,0.324441,-0.24179,-0.103226
150535253094055,114.045300,0.372498,-0.32559,0.021421
150535263094997,114.055301,0.305151,-0.309448,0.013418
150535273095920,114.065302,0.197941,-0.298929,-0.121962
150535283097151,114.075303,0.008752,-0.365335,-0.290231
150535293098074,114.085304,-0.349302,-0.518034,-0.34342
150535303099066,114.095305,-0.461139,-0.709505,-0.266767
150535313099891,114.105306,-0.144509,-0.787704,-0.019629
150535323100910,114.115307,0.162104,-0.841737,0.186637
150535333101835,114.125308,0.223901,-0.916093,0.363432
150535343102774,114.135309,0.057119,-0.824245,0.416332
150535353103927,114.145310,-0.416769,-0.75311,0.377287
150535363104929,114.155311,-0.952318,-0.684771,0.176997
150535373106083,114.165312,-1.480166,-0.624314,-0.040693
150535383107001,114.175313,-1.794945,-0.552046,-0.257464
150535393107910,114.185314,-2.09613,-0.414768,-0.535872
150535403108834,114.195315,-2.098442,-0.363835,-0.736553
150535413109776,114.205316,-2.025333,-0.352354,-0.91402
150535423110778,114.215317,-1.779852,-0.42267,-0.82986
150535433111701,114.225318,-0.78769,-0.557021,-0.487305
150535443112867,114.235319,0.062092,-0.56374,-0.107596
150535453113850,114.245320,0.448697,-0.542082,-0.057346
150535463114997,114.255321,0.344615,-0.37992,-0.2635
150535473115687,114.265322,0.15942,-0.24788,-0.608563
150535483116853,114.275323,-0.075454,-0.111604,-0.61363
150535493117781,114.285324,-0.330348,0.029708,-0.482572
150535503118783,114.295325,-0.35581,0.130323,-0.170189
150535513119706,114.305326,-0.024598,0.068176,0.108585
150535523120629,114.315327,0.472749,-0.237908,0.339208
150535533121843,114.325328,1.191974,-0.481585,0.331389
150535543122734,114.335329,1.954189,-0.60361,0.184459
150535553123667,114.345330,2.44005,-0.764161,-0.069988
150535563124602,114.355331,2.476023,-0.706289,-0.281976
150535573125773,114.365332,1.510351,-0.592391,-0.452114
150535583126699,114.375333,0.657613,-0.504975,-0.473827
150535593127622,114.385334,-0.202733,-0.38927,-0.406745
150535603128619,114.395335,-0.534145,-0.322388,-0.331529
150535613129771,114.405336,-0.659703,-0.04238,-0.453966
150535623130773,114.415337,-0.821934,0.22793,-0.711015
150535633131626,114.425338,-1.142103,0.382477,-0.896106
150535643132646,114.435339,-1.334998,0.300367,-0.906005
150535653133571,114.445340,-1.00328,0.060626,-0.444603
150535663134725,114.455341,-0.032746,-0.195493,0.099287
150535673135646,114.465342,1.405798,-0.352794,0.43156
150535683136655,114.475343,2.198392,-0.340769,0.321776
150535693137809,114.485344,2.43738,-0.273619,-0.005602
150535703138718,114.495345,1.696847,-0.240808,-0.475846
150535713139612,114.505346,0.434121,0.146759,-0.892608
150535723140564,114.515347,-0.757099,0.465607,-1.031956
150535733141559,114.525348,-1.374562,0.493102,-0.735379
150535743142484,114.535348,-1.386599,0.371191,-0.21258
150535753143412,114.545349,-0.370371,0.18763,0.423267
150535763144546,114.555351,1.183376,-0.14993,0.634579
150535773145775,114.565352,2.10876,-0.230239,0.406153
150535783146669,114.575353,2.115985,0.004652,-0.202032
150535793147349,114.585353,1.148056,0.214695,-0.685328
150535803148511,114.595355,-0.523289,0.46438,-0.964434
150535813149448,114.605355,-1.755205,0.374441,-0.704048
150535823150453,114.615356,-2.162909,0.046673,-0.10636
150535833151368,114.625357,-1.511678,0.115021,0.329623
150535843152512,114.635359,-0.264379,-9.89E-4,0.19109
150535853153510,114.645360,0.808834,-0.085628,-0.20037
150535863154671,114.655361,1.159071,0.001445,-0.698559
150535873155334,114.665361,0.973998,-0.113653,-0.814698
150535883156501,114.675363,0.216906,-0.23246,-0.542432
150535893157449,114.685363,-0.724118,-0.19851,-0.189959
150535903158449,114.695364,-1.003585,-0.406508,0.082687
150535913159374,114.705365,-0.595419,-0.383588,0.18963
150535923160521,114.715367,-0.203288,-0.410306,0.181674
150535933161516,114.725368,-0.209046,-0.437409,-0.090449
150535943162422,114.735368,-0.360297,-0.329774,-0.451475
150535953163343,114.745369,-1.006192,-0.104734,-0.69466
150535963164301,114.755370,-1.409199,-0.026658,-0.66186
150535973165477,114.765371,-1.644503,-0.230034,-0.174766
150535983166376,114.775372,-1.077375,-0.665277,0.62539
150535993167369,114.785373,0.049637,-1.006348,1.113084
150536003168521,114.795375,1.176024,-1.166022,1.159135
150536013169434,114.805375,1.707329,-0.875359,0.588651
150536023170436,114.815376,1.023625,-0.654984,-0.127726
150536033171370,114.825377,-0.64703,-0.312674,-0.731712
150536043172293,114.835378,-2.19631,0.067292,-0.925261
150536053173469,114.845379,-3.057358,-0.066948,-0.710269
150536063174392,114.855380,-3.26664,-0.053054,-0.370889
150536073175302,114.865381,-2.689357,0.246059,-0.085674
150536083176230,114.875382,-1.450301,0.138792,0.16765
150536093177466,114.885383,-0.505859,-0.011655,0.23112
150536103178466,114.895384,0.55408,-0.307793,0.434018
150536113179305,114.905385,1.675053,-0.856437,1.072446
150536123180312,114.915386,2.769644,-1.058285,1.50333
150536133181478,114.925387,3.28211,-0.770625,1.571407
150536143182417,114.935388,2.987479,-0.679046,1.445715
150536153183334,114.945389,1.833279,-0.494592,1.00338
150536163184336,114.955390,-0.004439,-0.161762,0.398122
150536173185490,114.965391,-0.937477,0.085633,-0.061124
150536183186425,114.975392,-1.389013,0.371474,-0.234587
150536193187329,114.985393,-1.826624,0.652102,-0.22582
150536203188335,114.995394,-1.811908,0.576708,0.131159
150536213189273,115.005395,-0.755421,0.214001,0.706313
150536223190420,115.015396,0.605213,-0.021659,1.070156
150536233191343,115.025397,1.437711,-0.053912,1.039678
150536243192350,115.035398,1.769586,0.1319,1.000058
150536253193502,115.045400,1.42595,0.266802,0.835764
150536263194425,115.055400,0.527688,0.382939,0.666606
150536273195425,115.065401,-0.433096,0.490057,0.596029
150536283196282,115.075402,-1.077074,0.628201,0.506964
150536293197287,115.085403,-1.068917,0.828465,0.348442
150536303198441,115.095404,-0.906931,0.930002,0.183011
150536313199350,115.105405,-0.721302,0.901435,0.064193
150536323200273,115.115406,-0.216375,0.6519,0.248603
150536333201273,115.125407,0.282865,0.439759,0.485747
150536343202412,115.135408,0.997213,0.261889,0.758541
150536353203330,115.145409,1.263292,0.077944,0.847017
150536363204330,115.155410,1.440192,-0.033673,0.702952
150536373205259,115.165411,1.224072,-0.029928,0.411043
150536383206182,115.175412,0.785219,0.009988,0.183557
150536393207343,115.185413,0.090131,0.206416,-0.079966
150536403208349,115.195414,-0.561812,0.36167,-0.145492
150536413209283,115.205415,-1.080848,0.436212,-0.156553
150536423210206,115.215416,-1.152211,0.207389,0.272078
150536433211353,115.225417,-0.351407,-0.129554,0.863612
150536443212293,115.235418,0.724804,-0.527363,1.252453
150536453213215,115.245419,1.578136,-0.857531,1.286451
150536463214196,115.255420,1.575325,-0.956537,0.848814
150536473215372,115.265421,0.62426,-0.828701,0.236074
150536483216302,115.275422,-0.957088,-0.457102,-0.599778
150536493217317,115.285423,-2.557685,-0.255366,-1.068982
150536503218225,115.295424,-3.905499,0.186141,-1.369231
150536513219402,115.305425,-5.031512,0.422127,-1.634804
150536523220320,115.315426,-5.299149,0.27928,-1.430035
150536533221335,115.325427,-4.399947,0.196709,-0.842071
150536543222277,115.335428,-2.547554,-0.306384,-0.031988
150536553223429,115.345429,-0.442201,-0.642897,0.513626
150536563224325,115.355430,1.330055,-0.740111,0.489049
150536573225325,115.365431,2.612115,-1.033352,0.332762
150536583226243,115.375432,3.455085,-1.068015,0.269651
150536593227382,115.385433,2.643485,-0.760763,-0.086372
150536603228307,115.395434,0.628142,-0.660904,-0.134866
150536613229292,115.405435,-0.675618,-0.417331,0.060346
150536623230200,115.415436,-1.351088,-0.254687,0.364495
150536633231357,115.425437,-1.069374,-0.172018,0.520148
150536643232272,115.435438,-0.135322,-0.114534,0.517906
150536653233272,115.445439,0.563101,-0.299174,0.425338
150536663234190,115.455440,0.914603,-0.486399,0.435533
150536673235342,115.465441,1.209791,-0.703238,0.737579
150536683236277,115.475442,1.113306,-0.634147,0.993065
150536693237267,115.485443,1.006187,-0.48968,1.108278
150536703238421,115.495444,0.597157,-0.277958,0.786815
150536713239089,115.505445,-0.668772,0.18239,0.140015
150536723240243,115.515446,-1.729892,0.881409,-0.616335
150536733241238,115.525447,-2.330603,1.182309,-1.0536
150536743242180,115.535448,-3.321707,1.349343,-1.139245
150536753243344,115.545449,-3.722858,1.516652,-0.989199
150536763244349,115.555450,-2.497233,1.122385,-0.187208
150536773245286,115.565451,-0.537249,0.757234,0.557338
150536783246224,115.575452,1.450999,0.588036,0.739225
150536793247377,115.585453,3.126812,0.509473,0.428419
150536803248316,115.595454,4.269156,0.419586,0.035989
150536813249330,115.605455,4.075317,0.6359,-0.386086
150536823250470,115.615456,2.618249,0.644117,-0.381528
150536833251407,115.625457,1.159422,0.781752,0.052642
150536843252330,115.635458,0.662151,0.91448,0.507397
150536853253325,115.645459,1.201397,1.025656,0.767077
150536863254248,115.655460,1.767855,1.166788,0.615328
150536873255402,115.665461,1.632174,1.100833,0.277083
150536883256320,115.675462,1.394964,1.008015,0.176366
150536893257330,115.685463,0.850123,1.113977,0.139066
150536903258267,115.695464,0.389433,1.125216,0.408402
150536913259434,115.705465,-0.155208,1.128478,0.685216
150536923260354,115.715466,-0.905778,1.195413,0.762934
150536933261354,115.725467,-1.581548,1.165146,0.651071
150536943262277,115.735468,-1.90145,1.11409,0.40948
150536953263421,115.745469,-2.071817,1.149964,-0.023207
150536963264421,115.755470,-2.241563,1.216677,-0.5298
150536973265335,115.765471,-2.053996,1.093908,-0.742687
150536983266482,115.775472,-1.922766,0.884641,-0.846486
150536993267407,115.785473,-1.36712,0.562163,-0.440184
150537003268407,115.795474,-0.627721,0.303795,0.080348
150537013269312,115.805475,0.259034,0.211026,0.42821
150537023270466,115.815476,0.694456,0.11339,0.546256
150537033271393,115.825477,0.512353,0.103197,0.342743
150537043272393,115.835478,0.219098,0.009481,0.130989
150537053273316,115.845479,-0.198775,-0.038537,-0.092352
150537063274459,115.855480,-0.866238,-0.060563,-0.183274
150537073275374,115.865481,-1.159875,-0.082944,-0.154647
150537083276355,115.875482,-1.104059,-0.153414,-0.121739
150537093277268,115.885483,-0.549208,-0.429166,0.08973
150537103278422,115.895484,0.086943,-0.697003,0.303149
150537113279340,115.905485,0.808452,-0.917301,0.507886
150537123280340,115.915486,1.169879,-1.054902,0.483868
150537133281487,115.925487,1.09871,-1.004217,0.259273
150537143282407,115.935488,0.232968,-0.832473,-0.087194
150537153283331,115.945489,-1.113108,-0.465771,-0.474611
150537163284335,115.955490,-2.190982,-0.234044,-0.507866
150537173285482,115.965491,-2.867499,-0.176113,-0.3593
150537183286419,115.975492,-2.756328,-0.048898,-0.17763
150537193287426,115.985493,-1.790524,-0.047862,0.127146
150537203288349,115.995494,-0.76459,-0.366668,0.402451
150537213289496,116.005495,0.213191,-0.685801,0.628496
150537223290421,116.015496,1.416112,-0.867495,0.719781
150537233291426,116.025497,1.858655,-0.855722,0.471263
150537243292363,116.035498,1.541442,-0.694001,0.165326
150537253293520,116.045500,0.592108,-0.297255,-0.238023
150537263294464,116.055500,-0.66003,-0.004495,-0.49678
150537273295445,116.065501,-1.77069,0.305833,-0.69598
150537283296369,116.075502,-2.030817,0.411332,-0.513208
150537293297505,116.085504,-1.828847,0.608644,-0.318403
150537303298431,116.095504,-1.318989,0.585159,-0.129841
150537313299422,116.105505,-0.580562,0.409362,0.084947
150537323300349,116.115506,0.102674,0.198712,0.293791
150537333301501,116.125508,1.130576,-0.023066,0.607921
150537343302503,116.135509,1.893366,0.021578,0.728418
150537353303432,116.145509,2.087266,0.094904,0.765788
150537363304598,116.155511,1.520278,0.31027,0.61406
150537373305523,116.165512,0.302292,0.665189,0.328275
150537383306509,116.175513,-0.919546,1.012244,-0.143336
150537393307446,116.185513,-1.794991,1.160119,-0.266485
150537403308600,116.195515,-2.022708,1.121931,-0.210484
150537413309595,116.205516,-1.533799,0.885478,0.16683
150537423310533,116.215517,-0.4604,0.581626,0.493521
150537433311456,116.225517,0.955052,0.185795,0.705578
150537443312603,116.235519,1.777432,0.174526,0.555279
150537453313605,116.245520,1.519593,0.391447,0.122609
150537463314542,116.255521,0.388687,0.509403,-0.39045
150537473315474,116.265521,-1.170624,0.801361,-0.90644
150537483316628,116.275523,-2.084653,0.768216,-1.00591
150537493317561,116.285524,-2.805404,0.590593,-0.710041
150537503318561,116.295525,-2.395942,0.443996,-0.1912
150537513319712,116.305526,-0.87094,0.045764,0.340575
150537523320637,116.315527,0.634918,-0.422694,0.526557
150537533321623,116.325528,1.563768,-0.616386,0.251112
150537543322532,116.335529,1.754517,-0.85102,0.015442
150537553323698,116.345530,1.390679,-1.113279,-0.049416
150537563324700,116.355531,0.195338,-1.038592,-0.107886
150537573325623,116.365532,-0.961166,-0.970865,-0.101295
150537583326546,116.375533,-1.718055,-1.018967,-0.128751
150537593327700,116.385534,-2.495091,-0.915295,-0.387828
150537603328685,116.395535,-3.33483,-0.623497,-0.750135
150537613329604,116.405536,-3.523595,-0.462619,-1.083623
150537623330756,116.415537,-3.670982,-0.454484,-1.095414
150537633331681,116.425538,-3.121057,-0.633247,-0.755347
150537643332681,116.435539,-2.264114,-0.879509,-0.298609
150537653333618,116.445540,-0.960886,-1.128662,0.326547
150537663334772,116.455541,0.219667,-1.39746,0.605331
150537673335777,116.465542,0.745324,-1.470027,0.589277
150537683336700,116.475543,0.758434,-1.240139,0.09132
150537693337842,116.485544,-0.526174,-0.910794,-0.6215
150537703338767,116.495545,-2.335563,-0.386077,-1.418574
150537713339772,116.505546,-3.349001,0.002538,-1.744018
150537723340690,116.515547,-3.889118,-0.019183,-1.504676
150537733341837,116.525548,-3.703667,0.033279,-1.044871
150537743342834,116.535549,-2.133708,0.024394,-0.367859
150537753343757,116.545550,-0.443176,-0.055232,0.092888
150537763344909,116.555551,0.691822,0.230206,0.004891
150537773345832,116.565552,1.740302,0.043474,0.050092
150537783346844,116.575553,2.361991,-0.116922,0.235149
150537793347762,116.585554,2.804914,0.003831,0.397171
150537803348914,116.595555,2.713508,0.143342,0.651959
150537813349902,116.605556,2.64647,0.39589,0.745687
150537823350829,116.615557,2.372537,0.767251,0.57075
150537833351739,116.625558,1.192274,1.173497,0.154478
150537843352892,116.635559,-0.046883,1.456142,-0.152975
150537853353815,116.645560,-1.223006,1.605122,-0.187942
150537863354816,116.655561,-1.391789,1.616607,0.181409
150537873355959,116.665562,-0.973152,1.651153,0.458411
150537883356959,116.675563,-0.300858,1.679871,0.631123
150537893357888,116.685564,0.111093,1.772692,0.447347
150537903358830,116.695565,0.085071,1.942539,0.028749
150537913359972,116.705566,-0.414036,1.979487,-0.233454
150537923360893,116.715567,-0.615199,1.709189,-0.091654
150537933361893,116.725568,-0.18472,1.431126,0.281819
150537943363039,116.735569,0.51367,1.417384,0.339033
150537953363965,116.745570,0.77367,1.4108,0.076894
150537963364965,116.755571,0.665948,1.458522,-0.544271
150537973366113,116.765572,0.191944,1.419068,-1.03447
150537983367027,116.775573,-0.186449,1.155028,-1.056496
150537993368027,116.785574,-0.124187,0.759597,-0.729811
150538003368965,116.795575,0.5403,0.396862,-0.126979
150538013369888,116.805576,1.796429,0.138807,0.164938
150538023371047,116.815577,2.671517,-2.05E-4,-0.048868
150538033371984,116.825578,2.234241,0.161737,-0.706355
150538043373215,116.835579,1.147742,0.202846,-1.153636
150538053374128,116.845580,-0.600493,0.399278,-1.220326
150538063375066,116.855581,-1.543223,0.321485,-0.76869
150538073376297,116.865582,-1.475537,-0.022464,-0.022301
150538083377189,116.875583,-0.708975,0.063416,0.493414
150538093378114,116.885584,0.68304,-0.383304,0.656161
150538103379114,116.895585,1.575618,-0.600732,0.351671
150538113380042,116.905586,1.549907,-0.505147,-0.02155
150538123381198,116.915587,0.709508,-0.452343,-0.212126
150538133382123,116.925588,-0.538663,-0.451344,0.07192
150538143383123,116.935589,-1.209746,-0.449188,0.418663
150538153384275,116.945590,-0.880324,-0.550893,0.871881
150538163385215,116.955591,-0.481753,-0.316696,0.766155
150538173386224,116.965592,-0.34515,-0.141428,0.409889
150538183387133,116.975593,-0.733119,-0.30842,-0.091551
150538193388277,116.985594,-1.029442,-0.254036,-0.391624
150538203389248,116.995595,-1.185114,-0.335107,-0.388918
150538213390171,117.005596,-0.931328,-0.440668,-0.107241
150538223391323,117.015597,-0.424508,-0.484473,0.254543
150538233392345,117.025598,0.20401,-0.581813,0.325352
150538243393268,117.035599,0.708523,-0.517022,0.09871
150538253394410,117.045600,0.460557,-0.419237,-0.287321
150538263395345,117.055601,-0.130751,-0.25133,-0.612076
150538273396359,117.065602,-0.845494,0.009896,-0.862886
150538283397287,117.075603,-1.35783,0.193837,-0.683196
150538293398426,117.085604,-1.304929,0.279428,-0.371828
150538303399426,117.095605,-1.11017,-0.020037,0.126172
150538313400349,117.105606,-0.385893,0.042781,0.366586
150538323401501,117.115608,0.48744,-0.055088,0.309706
150538333402426,117.125608,1.122811,0.003939,-0.087429
150538343403421,117.135609,0.77404,0.072504,-0.378844
150538353404595,117.145611,0.585395,0.099432,-0.479337
150538363405532,117.155612,0.322167,0.181352,-0.443168
150538373406532,117.165613,-0.468547,0.325135,-0.513049
150538383407464,117.175613,-0.783458,0.526924,-0.572739
150538393408616,117.185615,-0.703837,0.669083,-0.661971
150538403409527,117.195616,-0.659249,0.60021,-0.723055
150538413410522,117.205617,-0.409491,0.517764,-0.577649
150538423411669,117.215618,-0.100193,0.45477,-0.323638
150538433412624,117.225619,0.751389,0.243176,0.078235
150538443413614,117.235620,1.645709,0.138918,0.278457
150538453414766,117.245621,1.756329,0.372298,0.055677
150538463415691,117.255622,1.194167,0.490376,-0.136497
150538473416691,117.265623,0.717555,0.528577,-0.140554
150538483417629,117.275624,0.191498,0.553459,0.006306
150538493418768,117.285625,0.246352,0.243542,0.507565
150538503419773,117.295626,0.80999,0.157101,0.83247
150538513420682,117.305627,1.167321,0.033917,0.863882
150538523421838,117.315628,1.199074,0.085347,0.563135
150538533422763,117.325629,0.325339,0.291718,-0.028214
150538543423763,117.335630,-1.2163,0.489938,-0.589006
150538553424681,117.345631,-2.118432,0.466184,-0.618987
150538563425831,117.355632,-2.813691,0.443579,-0.520339
150538573426845,117.365633,-2.604388,0.497121,-0.260875
150538583427778,117.375634,-1.965417,0.693844,-0.411981
150538593428927,117.385635,-1.568976,0.676915,-0.641429
150538603429936,117.395636,-1.13148,0.473437,-0.685147
150538613430839,117.405637,-0.35899,0.043269,-0.252057
150538623431991,117.415638,0.73092,-0.573575,0.513073
150538633432935,117.425639,2.077337,-1.07301,1.190931
150538643433945,117.435640,3.131707,-1.075061,1.189575
150538653435099,117.445641,3.881106,-1.155016,0.860009
150538663436008,117.455642,2.479574,-1.043754,0.286414
150538673437022,117.465643,0.683949,-0.943301,0.076632
150538683437945,117.475644,-0.577935,-0.791339,0.018714
150538693439097,117.485645,-1.264488,-0.701155,0.016154
150538703440109,117.495646,-1.975208,-0.310354,-0.079483
150538713441027,117.505647,-2.31693,0.083374,-0.447717
150538723442164,117.515648,-2.519668,0.504137,-1.037812
150538733443065,117.525649,-2.694309,0.8046,-1.511525
150538743444065,117.535650,-2.916646,0.891931,-1.849218
150538753445219,117.545651,-2.77918,1.009698,-1.502021
150538763446142,117.555652,-1.579304,1.034296,-0.88979
150538773447147,117.565653,-0.341223,0.642206,-0.111062
150538783448304,117.575654,0.300353,0.283465,0.508247
150538793449229,117.585655,2.183229,-0.121038,0.966177
150538803450219,117.595656,3.924936,-0.905912,1.081397
150538813451137,117.605657,5.407996,-1.304493,0.959339
150538823452277,117.615658,6.229428,-1.429419,0.366035
150538833453277,117.625659,5.594825,-1.094778,-0.482383
150538843454200,117.635660,3.743711,-0.39544,-1.269779
150538853455366,117.645661,0.758819,0.264277,-1.5711
150538863456291,117.655662,-1.315492,0.511736,-1.212063
150538873457272,117.665663,-2.184842,0.527267,-0.656364
150538883458431,117.675664,-1.915345,0.845118,-0.034536
150538893459349,117.685665,-1.294525,1.381898,0.134783
150538903460363,117.695666,-0.288431,1.262657,0.179149
150538913461287,117.705667,0.038887,1.152824,0.007819
150538923462455,117.715668,0.363856,1.067854,0.044664
150538933463455,117.725669,0.091356,0.87809,0.328938
150538943464379,117.735670,0.208265,0.98724,0.652438
150538953465529,117.745672,0.020369,1.272769,0.738412
150538963466460,117.755672,-0.324828,1.404457,0.643262
150538973467460,117.765673,-0.169379,1.227339,0.453918
150538983468611,117.775675,-0.266987,0.66605,0.581617
150538993469552,117.785676,0.822653,0.264533,0.781392
150539003470552,117.795677,2.08983,-0.003305,0.83971
150539013471699,117.805678,2.969215,-0.182739,0.696749
150539023472629,117.815679,3.320493,-0.592266,0.508585
150539033473629,117.825680,2.521343,-0.671581,0.189182
150539043474552,117.835681,1.260212,-0.707082,1.05E-4
150539053475706,117.845682,-0.018438,-0.645762,-0.217458
150539063476706,117.855683,-0.843801,-0.897826,-0.16687
150539073477855,117.865684,-1.425759,-0.835544,0.023855
150539083478783,117.875685,-1.62241,-0.70156,0.132995
150539093479769,117.885686,-1.697323,-0.740142,-0.070222
150539103480692,117.895687,-2.183986,-0.656101,-0.48495
150539113481828,117.905688,-2.423512,-0.71151,-0.653491
150539123482754,117.915689,-2.602363,-0.740425,-0.739177
150539133483740,117.925690,-2.345261,-0.681005,-0.824912
150539143484888,117.935691,-1.653362,-0.565174,-0.751046
150539153485802,117.945692,-1.07636,-0.46922,-0.884975
150539163486802,117.955693,-0.639024,-0.271134,-0.930815
150539173487955,117.965694,-0.216423,-0.27253,-0.795236
150539183488879,117.975695,-0.266191,-0.361721,-0.601919
150539193489884,117.985696,0.480878,-0.256449,-0.33822
150539203490802,117.995697,1.533293,-0.211599,0.008044
150539213491956,118.005698,2.457663,-0.288537,0.299868
150539223492971,118.015699,3.737432,-0.520061,0.480532
150539233494143,118.025700,4.376946,-0.728485,0.670055
150539243495055,118.035701,4.180386,-0.775359,0.743427
150539253496057,118.045702,3.443186,-0.690516,0.873672
150539263496985,118.055703,2.541817,-0.268062,0.954163
150539273498132,118.065704,1.25001,0.22883,0.944293
150539283499134,118.075705,0.100731,0.479912,0.93743
150539293500300,118.085706,-1.20325,0.583327,1.060346
150539303501229,118.095707,-2.345438,0.744766,1.254452
150539313502168,118.105708,-2.339686,0.727753,1.693467
150539323503168,118.115709,-1.623896,0.661511,1.878561
150539333504322,118.125710,-0.581794,0.637174,1.730647
150539343505245,118.135711,0.09015,0.474701,1.347972
150539353506239,118.145712,0.022078,0.454752,0.862572
150539363507391,118.155713,-0.247807,0.39189,0.545424
150539373508316,118.165714,-0.590573,0.374322,0.290067
150539383509316,118.175715,-1.049599,0.424938,0.039662
150539393510465,118.185716,-1.372727,0.201346,-0.077154
150539403511374,118.195717,-1.060657,0.015499,-0.206645
150539413512364,118.205718,-0.296075,-0.198808,-0.3555
150539423513316,118.215719,0.494947,-0.485561,-0.462097
150539433514470,118.225720,1.028197,-0.415471,-0.865879
150539443515393,118.235721,0.923261,-0.289505,-1.367719
150539453516393,118.245722,0.670359,-0.192042,-1.499736
150539463517537,118.255724,-0.358529,-0.162976,-1.240509
150539473518446,118.265724,-1.14132,-0.321505,-0.538416
150539483519441,118.275725,-0.622686,-0.52687,0.183148
150539493520593,118.285727,0.387506,-0.702981,0.517513
150539503521518,118.295728,1.122978,-0.99523,0.563504
150539513522518,118.305729,2.135149,-1.346684,0.463578
150539523523677,118.315730,2.221571,-1.420319,0.125267
150539533524591,118.325731,1.582173,-1.276157,0.017162
150539543525820,118.335732,0.126226,-0.890619,-0.249173
150539553526745,118.345733,-1.482909,-0.459656,-0.517011
150539563527745,118.355734,-2.276124,-0.335618,-0.540655
150539573528658,118.365735,-2.902557,-0.155267,-0.485493
150539583529576,118.375736,-3.261451,0.088925,-0.421537
150539593530744,118.385737,-2.290789,-0.033739,-0.305946
150539603531735,118.395738,-1.115156,-0.362562,-0.090146
150539613532889,118.405739,0.245579,-0.654618,0.189202
150539623533812,118.415740,1.369053,-0.403106,0.078202
150539633534807,118.425741,2.093607,-0.313741,0.027497
150539643535961,118.435742,2.401971,-0.206913,-0.042853
150539653536898,118.445743,2.133837,0.016463,0.059202
150539663537898,118.455744,1.05677,-0.006452,0.268972
150539673539038,118.465745,0.422882,0.007551,0.555844
150539683539966,118.475746,0.940454,0.175172,0.808134
150539693540966,118.485747,1.865593,0.271282,0.772041
150539703542124,118.495748,1.825182,0.400129,0.527714
150539713543047,118.505749,1.897761,0.224868,0.51421
150539723543985,118.515750,2.083313,0.330725,0.411883
150539733544985,118.525751,1.417636,0.744835,0.526597
150539743546137,118.535752,0.8373,0.879421,0.731963
150539753547139,118.545753,0.414388,0.742849,1.012654
150539763548293,118.555754,0.517148,0.739536,1.211813
150539773549216,118.565755,0.710754,0.941535,1.129613
150539783550216,118.575756,0.685963,0.9211,0.891433
150539793551129,118.585757,0.360572,0.862504,0.571244
150539803552296,118.595758,-0.07413,0.91173,0.380861
150539813553302,118.605759,-0.011018,1.028313,0.192505
150539823554240,118.615760,-0.559087,1.150847,-0.014093
150539833555392,118.625761,-0.796006,0.950852,0.131717
150539843556317,118.635762,-0.643722,0.549608,0.445449
150539853557317,118.645763,-0.226126,0.049963,0.738842
150539863558253,118.655764,0.891065,-0.504142,1.019059
150539873559422,118.665765,2.528434,-0.96003,1.14856
150539883560422,118.675766,2.983653,-1.136435,0.77211
150539893561574,118.685768,2.378576,-0.991889,0.133553
150539903562508,118.695769,0.562353,-0.573712,-0.728064
150539913563508,118.705770,-1.50479,0.036675,-1.420331
150539923564676,118.715771,-3.77636,0.357082,-1.625624
150539933565614,118.725772,-4.945022,0.284105,-1.469321
150539943566604,118.735773,-5.522461,0.406387,-1.280622
150539953567756,118.745774,-4.920793,0.037885,-0.843533
150539963568749,118.755775,-1.805447,-0.865611,0.185682
150539973569676,118.765776,0.84557,-1.513596,0.540981
150539983570819,118.775777,3.262368,-1.951898,0.6526
150539993571734,118.785778,5.588356,-2.357361,0.640035
150540003572729,118.795779,5.470372,-2.050975,0.501575
150540013573652,118.805780,2.358758,-0.881736,-0.351102
150540023574883,118.815781,-1.03483,-0.009665,-1.103075
150540033575806,118.825782,-3.615014,-0.064046,-0.875311
150540043576944,118.835783,-5.440244,-0.220426,-0.338342
150540053577869,118.845784,-4.820975,-0.091469,0.346595
150540063578864,118.855785,-1.094435,-0.859507,1.306642
150540073580018,118.865786,2.079733,-1.093358,1.181777
150540083581004,118.875787,4.315044,-1.25075,0.711656
150540093581927,118.885788,4.25347,-1.245133,0.06869
150540103583065,118.895789,2.22897,-0.756389,0.042989
150540113583975,118.905790,-0.309954,-0.397032,0.27998
150540123584990,118.915791,-1.375073,-0.684194,1.246422
150540133585913,118.925792,-1.588666,-0.277706,1.818398
150540143587067,118.935793,-0.843892,0.202526,1.979676
150540153588067,118.945794,0.186004,-0.341186,1.848477
150540163589216,118.955795,1.429508,-0.905805,1.431021
150540173590240,118.965796,1.543878,-0.925737,0.753553
150540183591167,118.975797,1.204611,-0.887177,0.362306
150540193592305,118.985798,0.112885,-0.614456,0.316928
150540203593216,118.995799,-1.08718,-0.105314,0.277468
150540213594211,119.005800,-2.450528,0.190172,0.291264
150540223595365,119.015801,-3.21096,0.241197,0.33697
150540233596274,119.025802,-3.549249,0.239297,0.344346
150540243597274,119.035803,-3.249477,0.628375,-0.177684
150540253598426,119.045804,-2.43429,0.70036,-0.373559
150540263599350,119.055805,-1.581148,0.656167,-0.618976
150540273600350,119.065806,-1.160331,0.334824,-0.49345
150540283601273,119.075807,-0.132739,-0.107144,-0.096816
150540293602512,119.085809,0.802251,-0.444942,0.272367
150540303603437,119.095809,1.766985,-0.536634,0.347428
150540313604360,119.105810,2.552497,-0.392616,0.195361
150540323605591,119.115812,2.969175,-0.360263,0.133252
150540333606499,119.125812,2.62969,-0.353281,0.101572
150540343607632,119.135814,2.292852,-0.270977,-0.14359
150540353608555,119.145815,1.747332,-0.080278,-0.180262
150540363609557,119.155816,1.520392,0.010169,-0.1068
150540373610721,119.165817,0.994685,0.185595,-0.077007
150540383611653,119.175818,0.671289,0.413357,0.032135
150540393612672,119.185819,0.333283,0.8368,-0.006816
150540403613824,119.195820,-0.670099,1.261561,-0.16837
150540413614764,119.205821,-1.218958,1.108707,0.451541
150540423615764,119.215822,-0.706237,0.39807,1.487036
150540433616923,119.225823,1.274828,-0.030719,2.257518
150540443617846,119.235824,2.829317,-0.186633,2.235375
150540453618846,119.245825,3.018233,-0.158209,1.931813
150540463619988,119.255826,2.406737,-0.11086,1.71413
150540473620913,119.265827,0.651697,0.061686,1.287283
150540483621913,119.275828,-1.08865,0.113598,1.049277
150540493623067,119.285829,-2.308862,0.038784,1.092729
150540503623988,119.295830,-3.077609,0.089361,1.0341
150540513625004,119.305831,-2.969064,0.178878,0.700887
150540523626149,119.315832,-2.318382,0.117781,0.445588
150540533627081,119.325833,-1.708203,-0.010535,0.171016
150540543628086,119.335834,-1.188687,-0.163746,-0.076955
150540553629243,119.345835,-0.806115,-0.298735,-0.151422
150540563630216,119.355836,-0.595634,-0.36134,-0.104667
150540573631139,119.365837,-0.672918,-0.532319,0.028184
150540583632296,119.375838,-0.643658,-0.499198,0.084872
150540593633221,119.385839,-0.384543,-0.50663,0.035278
150540603634221,119.395840,-0.010766,-0.853527,0.180113
150540613635370,119.405841,0.240447,-1.177587,0.466427
150540623636293,119.415842,1.317258,-1.527317,0.749732
150540633637293,119.425843,2.741063,-1.702793,0.725443
150540643638460,119.435844,3.415279,-1.730674,0.399681
150540653639462,119.445845,2.807321,-1.434386,-0.127307
150540663640385,119.455846,0.73088,-0.42534,-1.029614
150540673641532,119.465848,-1.667941,0.496658,-1.444166
150540683642534,119.475849,-3.105086,0.175845,-0.789907
150540693643471,119.485849,-2.908383,-0.117913,0.184843
150540703644613,119.495851,-0.966897,0.108092,1.265377
150540713645538,119.505852,1.501417,-0.328973,1.82711
150540723646543,119.515853,3.589522,-0.294171,1.3602
150540733647711,119.525854,4.403242,-0.486983,1.033102
150540743648710,119.535855,3.815578,-0.741839,1.041615
150540753649629,119.545856,3.346635,-0.732656,1.319714
150540763650781,119.555857,2.500085,-0.380956,1.515983
150540773651783,119.565858,0.895062,0.375952,1.183345
150540783652702,119.575859,0.078551,1.000046,0.706622
150540793653849,119.585860,-0.769414,1.065709,0.385476
150540803654851,119.595861,-1.627909,0.811805,0.416296
150540813656017,119.605862,-0.623662,0.226377,0.925267
150540823656936,119.615863,1.418172,-0.392581,1.71397
150540833657933,119.625864,2.810677,-0.446449,1.823519
150540843658860,119.635865,4.153163,-0.587781,1.68143
150540853660011,119.645866,4.453267,-0.527686,1.556255
150540863661010,119.655867,2.970976,-0.058468,1.389985
150540873662163,119.665868,0.874166,0.443398,1.012981
150540883663085,119.675869,-0.404632,0.45039,0.900986
150540893664086,119.685870,-1.661596,0.820075,0.723996
150540903665005,119.695871,-2.127691,1.226631,0.458836
150540913666160,119.705872,-2.383058,1.280957,0.194098
150540923667163,119.715873,-1.596371,1.044036,0.105284
150540933668316,119.725874,-0.295917,0.641098,0.232154
150540943669224,119.735875,0.405156,0.203349,0.516462
150540953670229,119.745876,1.023157,-0.096192,0.901639
150540963671383,119.755877,1.603841,-0.235422,1.238253
150540973672310,119.765878,2.249551,-0.304959,1.347994
150540983673310,119.775879,2.155383,-0.446258,1.257351
150540993674450,119.785880,1.642381,-0.414418,1.066674
150541003675378,119.795881,0.909557,-0.416838,0.882097
150541013676382,119.805882,-0.088978,-0.305208,0.704888
150541023677551,119.815884,-0.674798,-0.16851,0.596655
150541033678464,119.825884,-0.857027,-0.182033,0.63335
150541043679464,119.835885,-0.919391,-0.395333,0.833134
150541053680611,119.845887,-1.067846,-0.548537,1.023618
150541063681541,119.855888,-0.535365,-0.706081,1.098399
150541073682541,119.865889,-0.092498,-0.758558,0.96566
150541083683693,119.875890,-0.687212,-0.601224,0.563462
150541093684700,119.885891,-1.026858,-0.592074,0.170575
150541103685632,119.895892,-1.557298,-0.641109,-0.104541
150541113686784,119.905893,-1.789774,-0.592245,-0.287051
150541123687801,119.915894,-1.875494,-0.505935,-0.37104
150541133688709,119.925895,-1.758445,-0.54842,-0.32669
150541143689863,119.935896,-1.078359,-0.695011,-0.241096
150541153690859,119.945897,-0.037504,-0.929113,0.164976
150541163692027,119.955898,0.869734,-1.179225,0.562429
150541173692945,119.965899,1.528609,-1.371987,0.727262
150541183693931,119.975900,2.088424,-1.625006,0.827633
150541193695069,119.985901,2.632277,-1.821342,0.694875
150541203696006,119.995902,3.016214,-1.760824,0.458109
150541213697013,120.005903,2.413406,-1.579632,0.090012
150541223697945,120.015904,1.112494,-1.346174,-0.118649
150541233699171,120.025905,-0.113959,-1.088892,0.025411
150541243700094,120.035906,-0.756748,-1.050734,0.418368
150541253701246,120.045907,-1.037889,-1.027149,0.759515
150541263702167,120.055908,-1.189066,-0.758818,0.738358
150541273703167,120.065909,-0.88006,-0.700542,0.518741
150541283704335,120.075910,-0.700649,-0.694036,0.245457
150541293705335,120.085911,-0.575517,-0.675081,0.113788
150541303706272,120.095912,-0.397195,-0.669184,0.211383
150541313707409,120.105913,-0.398479,-0.657483,0.192775
150541323708416,120.115914,-0.483098,-0.400156,-0.036285
150541333709330,120.125915,-0.893452,-0.063266,-0.350586
150541343710472,120.135916,-1.4161,0.251909,-0.560059
150541353711474,120.145917,-1.595334,0.301835,-0.471098
150541363712638,120.155919,-1.269922,0.163815,-0.17114
150541373713565,120.165920,-0.282803,-0.021455,0.270906
150541383714565,120.175921,0.972024,-0.133543,0.603607
150541393715705,120.185922,2.065126,0.072235,0.415622
150541403716633,120.195923,3.014416,0.196853,0.146064
150541413717633,120.205924,3.303516,0.121599,-0.005575
150541423718785,120.215925,2.842744,0.222424,0.192758
150541433719773,120.225926,2.239699,0.102767,0.623988
150541443720696,120.235927,2.378029,-0.043804,1.058095
150541453721590,120.245928,3.016188,-0.271877,1.417564
150541463722806,120.255929,3.217856,-0.380358,1.540652
150541473723729,120.265930,3.048087,-0.555048,1.472356
150541483724881,120.275931,2.351406,-0.850073,1.332438
150541493725898,120.285932,1.190209,-0.940347,1.240653
150541503727047,120.295933,0.190856,-1.005603,1.231637
150541513727965,120.305934,-0.662752,-1.154614,1.172816
150541523728979,120.315935,-1.521075,-1.104185,0.945641
150541533730152,120.325936,-2.301852,-0.875995,0.494128
150541543731071,120.335937,-3.193289,-0.576454,-0.234182
150541553732056,120.345938,-3.964051,-0.215656,-0.743135
150541563733208,120.355939,-4.154268,-0.18014,-0.831342
150541573734138,120.365940,-4.065014,-0.271038,-0.733013
150541583735138,120.375941,-2.42909,-0.605799,-0.033474
150541593736287,120.385942,-0.509153,-0.857517,0.563549
150541603737210,120.395943,0.735632,-0.778376,0.506033
150541613738195,120.405944,1.7475,-0.836212,0.203859
150541623739349,120.415945,2.134217,-0.784371,-0.312965
150541633740288,120.425946,1.320371,-0.593495,-0.675153
150541643741302,120.435947,-0.16289,-0.565161,-0.51242
150541653742456,120.445948,-1.072014,-0.492389,-0.045962
150541663743456,120.455949,-0.339725,-0.422578,0.574959
150541673744389,120.465950,1.028025,-0.538044,0.910519
150541683745556,120.475952,1.973235,-0.573135,0.85921
150541693746556,120.485953,2.675696,-0.585166,0.705308
150541703747701,120.495954,2.721245,-0.678551,0.595607
150541713748705,120.505955,2.229763,-0.677523,0.765387
150541723749628,120.515956,0.919007,-0.484204,0.717746
150541733750780,120.525957,-0.239566,-0.397695,0.633078
150541743751792,120.535958,-0.800463,-0.288485,0.65958
150541753752701,120.545959,-0.917109,-0.120064,0.675068
150541763753853,120.555960,-0.697309,-0.060548,0.657351
150541773754859,120.565961,-0.359444,-0.006311,0.573579
150541783755792,120.575962,-0.399248,0.004196,0.48607
150541793756960,120.585963,-0.684811,-0.028742,0.537234
150541803757975,120.595964,-0.798244,-0.152283,0.676312
150541813759122,120.605965,-0.764609,-0.285893,0.872699
150541823760045,120.615966,-0.380961,-0.453293,1.059556
150541833761018,120.625967,0.422623,-0.617711,1.201617
150541843762172,120.635968,0.868787,-0.583104,0.846448
150541853763090,120.645969,0.647941,-0.492946,0.247443
150541863764305,120.655970,0.074904,-0.297249,-0.302335
150541873765230,120.665971,-0.704657,-0.22993,-0.42431
150541883766220,120.675972,-1.306404,-0.189317,-0.315396
150541893767153,120.685973,-1.274089,-0.295607,0.103674
150541903768319,120.695974,-0.802537,-0.369225,0.481683
150541913769321,120.705975,0.02634,-0.488977,0.722654
150541923770458,120.715976,0.696302,-0.445042,0.497824
150541933771374,120.725977,0.623507,-0.357981,0.132332
150541943772374,120.735978,0.255007,-0.226197,-0.244091
150541953773518,120.745980,-0.345594,-0.211494,-0.457549
150541963774427,120.755980,-0.645467,-0.262333,-0.3838
150541973775427,120.765981,-0.35769,-0.394424,-0.124134
150541983776581,120.775983,0.584589,-0.449863,0.166987
150541993777524,120.785984,1.342166,-0.591355,0.341666
150542003778524,120.795985,1.868989,-0.71706,0.408328
150542013779663,120.805986,2.391384,-0.84929,0.595419
150542023780647,120.815987,2.908169,-1.132408,0.985644
150542033781806,120.825988,3.056895,-1.155616,1.196543
150542043782728,120.835989,2.860788,-1.211516,1.402478
150542053783730,120.845990,1.877641,-0.990057,1.129722
150542063784888,120.855991,0.118503,-0.573764,0.354222
150542073785798,120.865992,-1.502254,-0.192341,-0.299566
150542083786793,120.875993,-2.756024,-0.006513,-0.592051
150542093787939,120.885994,-3.556799,0.006779,-0.34996
150542103788953,120.895995,-2.983679,-0.248918,0.457364
150542113789884,120.905996,-1.030933,-0.444688,1.365208
150542123791035,120.915997,1.022228,-0.836722,1.787948
150542133792037,120.925998,2.062119,-0.933096,1.538383
150542143793204,120.935999,2.347221,-0.879409,0.949154
150542153794129,120.946000,1.422837,-0.87932,0.266282
150542163795129,120.956001,-0.629149,-0.498344,-0.316749
150542173796038,120.966002,-2.328296,-0.181575,-0.527572
150542183797203,120.976003,-3.181837,-0.227978,-0.313149
150542193798234,120.986004,-3.063385,-0.095059,0.083282
150542203799397,120.996005,-1.920359,-0.010853,0.470903
150542213800393,121.006006,-0.096701,-0.51932,0.851822
150542223801316,121.016007,1.402641,-0.606478,0.701104
150542233802460,121.026008,2.591776,-0.958779,0.689426
150542243803453,121.036009,3.454171,-1.272489,0.812897
150542253804628,121.046011,4.387636,-1.419519,1.100177
150542263805553,121.056012,3.95624,-1.381806,1.19733
150542273806555,121.066013,2.793597,-1.087289,1.121681
150542283807719,121.076014,1.118236,-0.583839,0.616305
150542293808719,121.086015,-0.403707,-0.298128,0.114508
150542303809642,121.096016,-1.241469,-0.104417,-0.05411
150542313810796,121.106017,-1.781867,-0.099842,0.10095
150542323811794,121.116018,-1.506526,-0.217956,0.542325
150542333812705,121.126019,-0.250747,-0.535254,1.021015
150542343813858,121.136020,1.028448,-0.72769,1.136987
150542353814859,121.146021,1.855799,-0.870195,0.954834
150542363815996,121.156022,1.93946,-0.811038,0.591665
150542373816926,121.166023,1.015469,-0.57386,0.11017
150542383817914,121.176024,-0.263882,-0.199076,-0.243219
150542393819070,121.186025,-1.490929,0.101583,-0.316168
150542403820092,121.196026,-1.850678,-0.044225,0.090714
150542413821258,121.206027,-1.520829,-0.148652,0.594312
150542423822169,121.216028,-0.198194,-0.338757,1.158643
150542433823171,121.226029,1.674118,-0.815381,1.665915
150542443824094,121.236030,3.298652,-0.92089,1.739197
150542453825248,121.246031,4.319165,-1.195,1.615158
150542463826248,121.256032,4.51994,-1.268101,1.578164
150542473827397,121.266033,3.431121,-0.936447,1.330327
150542483828381,121.276034,1.333463,-0.569783,0.90536
150542493829535,121.286036,-0.353483,-0.266187,0.518966
150542503830458,121.296036,-1.418642,-0.156522,0.379746
150542513831470,121.306037,-1.749641,0.014427,0.46311
150542523832393,121.316038,-1.233474,0.005202,0.746339
150542533833547,121.326040,0.034746,-0.28366,1.184497
150542543834542,121.336041,1.303296,-0.465332,1.385376
150542553835696,121.346042,2.002356,-0.613807,1.421569
150542563836699,121.356043,2.039372,-0.628205,1.32865
150542573837624,121.366044,1.440387,-0.463483,1.039285
150542583838756,121.376045,0.282333,-0.337518,0.699207
150542593839753,121.386046,-0.872993,-0.146738,0.328052
150542603840657,121.396047,-1.415641,-0.045903,0.093833
150542613841826,121.406048,-1.409902,0.042523,-0.046198
150542623842826,121.416049,-0.931692,0.178383,-0.136711
150542633843758,121.426050,-0.38675,-0.006789,-0.025557
150542643844901,121.436051,0.340989,-0.189182,0.25327
150542653845917,121.446052,1.130773,-0.513378,0.669656
150542663847071,121.456053,1.83908,-0.763524,1.068432
150542673848071,121.466054,2.441548,-0.901124,1.32762
150542683848989,121.476055,2.65391,-0.992623,1.266242
150542693850143,121.486056,2.139732,-0.958746,0.908987
150542703851141,121.496057,1.119608,-0.790153,0.512882
150542713852071,121.506058,0.096696,-0.588488,0.195479
150542723853208,121.516059,-0.764748,-0.242012,-0.028823
150542733854215,121.526060,-1.535494,-0.003429,-0.217999
150542743855364,121.536061,-2.19294,0.022466,-0.192924
150542753856364,121.546062,-2.043032,0.090333,0.052556
150542763857516,121.556064,-1.159825,-0.115016,0.482377
150542773858465,121.566064,0.080208,-0.301349,0.754922
150542783859449,121.576065,1.126949,-0.376151,0.834387
150542793860374,121.586066,1.71198,-0.379127,0.630807
150542803861540,121.596068,1.594307,-0.276099,0.247262
150542813862528,121.606069,0.693427,-0.13015,-0.104105
150542823863695,121.616070,-0.531588,0.139027,-0.347161
150542833864696,121.626071,-1.283198,0.278872,-0.323389
150542843865619,121.636072,-1.430235,0.355968,-0.010982
150542853866791,121.646073,-1.291101,0.334843,0.360027
150542863867724,121.656074,-0.236728,0.171583,0.666327
150542873868961,121.666075,0.87576,0.054345,0.578162
150542883869946,121.676076,1.216451,0.016702,0.211221
150542893870880,121.686077,0.893687,-0.059548,-0.206101
150542903872031,121.696078,0.089353,-0.156924,-0.448322
150542913873023,121.706079,-0.64584,-0.169275,-0.425089
150542923873947,121.716080,-0.488909,-0.32188,-0.034169
150542933875076,121.726081,0.172329,-0.54072,0.364045
150542943876076,121.736082,0.72012,-0.574605,0.361853
150542953876984,121.746083,0.622907,-0.524338,-0.309032
150542963878132,121.756084,-0.262152,-0.325372,-1.250365
150542973879119,121.766085,-1.377742,-0.234554,-1.7227
150542983880273,121.776086,-2.266321,-0.210237,-1.993197
150542993881196,121.786087,-2.429688,-0.321904,-1.778879
150543003882196,121.796088,-2.122724,-0.219666,-1.723697
150543013883336,121.806089,-1.156951,-0.354877,-1.482069
150543023884319,121.816090,-0.162094,-0.433754,-1.436197
150543033885470,121.826091,0.318421,-0.033974,-1.910039
150543043886463,121.836092,-0.046824,0.524514,-2.759068
150543053887388,121.846093,-1.074126,1.181367,-3.472971
150543063888546,121.856095,-2.278097,1.699909,-3.372687
150543073889547,121.866096,-3.409893,2.33594,-2.755926
150543083890475,121.876096,-2.893583,1.764864,-0.184937
150543093891648,121.886098,-0.227935,1.231066,1.786019
150543103892663,121.896099,4.280748,1.064636,2.838481
150543113893586,121.906100,8.44047,0.753346,3.669153
150543123894829,121.916101,10.534473,0.589879,3.958716
150543133895759,121.926102,10.303316,0.128594,4.28828
150543143896911,121.936103,6.949909,0.002487,3.184845
150543153897913,121.946104,2.702958,-0.014028,1.833046
150543163898836,121.956105,-1.804946,0.679381,0.205677
150543173899975,121.966106,-5.678356,1.814157,-1.349762
150543183900988,121.976107,-7.869304,2.299703,-2.321243
150543193902158,121.986108,-7.75292,2.443121,-2.474255
150543203903079,121.996109,-5.630735,2.508306,-1.922111
150543213904081,122.006110,-2.879221,2.158177,-0.999753
150543223905233,122.016111,-0.766815,2.022965,-0.863709
150543233906258,122.026112,1.207152,2.379177,-1.396109
150543243907410,122.036113,1.483031,2.976065,-2.6433
150543253908335,122.046114,-1.143408,3.289365,-3.787133
150543263909328,122.056115,-4.000024,2.701261,-3.346106
150543273910248,122.066116,-5.490451,1.77028,-2.053803
150543283911477,122.076117,-2.568783,0.794657,-0.417953
150543293912402,122.086118,1.961288,-0.690082,0.540661
150543303913554,122.096120,5.438017,-2.030627,0.999203
150543313914566,122.106121,7.835332,-2.854536,1.401714
150543323915705,122.116122,8.651248,-2.768068,1.681126
150543333916630,122.126123,8.233058,-2.497534,1.723394
150543343917638,122.136124,6.788251,-2.570889,1.601758
150543353918779,122.146125,4.681574,-2.748438,1.71853
150543363919777,122.156126,1.834101,-2.916004,2.014603
150543373920702,122.166127,-0.964175,-2.988945,1.955847
150543383921854,122.176128,-3.023608,-3.02795,1.528347
150543393922860,122.186129,-4.249079,-3.147027,1.303557
150543403924010,122.196130,-4.840958,-3.326319,1.169793
150543413924923,122.206131,-5.21929,-3.582242,1.46011
150543423925923,122.216132,-5.395704,-3.862656,1.791308
150543433927082,122.226133,-5.269657,-4.128504,1.965986
150543443928003,122.236134,-4.93628,-4.360329,1.715022
150543453929005,122.246135,-3.946506,-4.390792,1.159252
150543463930159,122.256136,-3.236655,-4.306188,0.308678
150543473931164,122.266137,-2.87646,-3.920568,-0.659671
150543483932082,122.276138,-3.252947,-3.269645,-1.33833
150543493933231,122.286139,-3.734845,-2.642826,-1.486176
150543503934245,122.296140,-4.852826,-1.996779,-1.691582
150543513935393,122.306141,-5.034055,-1.487826,-1.441091
150543523936382,122.316142,-3.987336,-0.69328,-1.044304
150543533937293,122.326143,-2.673917,0.055132,-0.600745
150543543938444,122.336144,-1.563591,0.616919,-0.618176
150543553939446,122.346145,-0.246601,0.976912,-0.781921
150543563940584,122.356147,0.868159,1.168907,-0.906884
150543573941504,122.366148,1.834723,1.604991,-0.878646
150543583942518,122.376149,2.281319,1.988588,-0.789102
150543593943672,122.386150,2.424957,2.061504,-0.699749
150543603944677,122.396151,2.667441,1.74381,-0.096148
150543613945826,122.406152,3.471629,1.918117,0.21631
150543623946824,122.416153,4.986289,1.820154,0.857381
150543633947744,122.426154,6.143362,1.937992,0.983169
150543643948883,122.436155,6.453474,1.93537,0.698315
150543653949869,122.446156,5.275336,1.973777,-0.166266
150543663951021,122.456157,3.463832,1.846032,-0.992976
150543673951932,122.466158,1.796572,1.454727,-1.257142
150543683952932,122.476159,0.535867,1.449184,-1.278832
150543693954091,122.486160,-0.225585,1.499233,-1.038738
150543703955012,122.496161,-0.647955,1.401648,-0.744484
150543713956244,122.506162,-0.410435,1.171106,-0.55341
150543723957180,122.516163,0.25366,0.987461,-0.478981
150543733958182,122.526164,0.725024,0.766085,-0.500657
150543743959124,122.536165,0.780358,0.513231,-0.520884
150543753960355,122.546166,0.749431,0.324337,-0.306188
150543763961507,122.556168,0.827175,0.162509,0.047346
150543773962422,122.566168,0.900141,0.030312,0.310526
150543783963422,122.576169,0.645672,-0.072898,0.325043
150543793964336,122.586170,0.108048,0.056779,0.066978
150543803965502,122.596172,-0.382926,0.170319,-0.251746
150543813966509,122.606173,-0.769632,0.180769,-0.457163
150543823967675,122.616174,-1.168566,0.188398,-0.522475
150543833968600,122.626175,-1.356544,0.13272,-0.473918
150543843969610,122.636176,-1.410996,-0.051935,-0.304727
150543853970783,122.646177,-1.092977,-0.183244,-0.03532
150543863971704,122.656178,-0.565594,-0.30597,0.327281
150543873972932,122.666179,-0.074596,-0.470468,0.534143
150543883973930,122.676180,0.368253,-0.742152,0.692474
150543893974855,122.686181,0.561753,-0.855053,0.670655
150543903976007,122.696182,0.415113,-0.773267,0.327895
150543913977009,122.706183,-0.319673,-0.524141,-0.38897
150543923977932,122.716184,-1.310276,-0.437912,-0.941933
150543933979067,122.726185,-2.199195,-0.481111,-1.038533
150543943980061,122.736186,-2.975445,-0.416267,-1.031207
150543953981220,122.746187,-3.132801,-0.471293,-0.515767
150543963982218,122.756188,-2.260352,-0.493616,0.116017
150543973983162,122.766189,-1.147133,-0.645342,0.524325
150543983984314,122.776190,-0.287643,-0.797197,0.645079
150543993985302,122.786191,0.457088,-0.863574,0.530748
150544003986453,122.796192,0.636997,-1.022028,0.368932
150544013987451,122.806193,0.182032,-0.867319,0.082048
150544023988369,122.816194,-0.562715,-0.748124,-0.259738
150544033989513,122.826196,-1.210869,-0.657696,-0.312789
150544043990513,122.836197,-1.451741,-0.505383,-0.050241
150544053991666,122.846198,-1.262896,-0.558589,0.319832
150544063992593,122.856199,-0.60315,-0.595012,0.545659
150544073993600,122.866200,0.236013,-0.544846,0.535048
150544083994767,122.876201,0.597874,-0.482363,0.185253
150544093995767,122.886202,0.410891,-0.43646,-0.292193
150544103996691,122.896203,-0.068396,-0.344896,-0.675852
150544113997858,122.906204,-0.365918,-0.219217,-0.698611
150544123998861,122.916205,-0.573794,-0.054597,-0.547137
150544134000013,122.926206,-0.585767,-0.057693,-0.241739
150544144000934,122.936207,-0.389825,-0.047178,-0.047773
150544154002153,122.946208,0.067655,-0.063729,0.03075
150544164003060,122.956209,0.5815,0.023208,-0.211718
150544174004066,122.966210,0.760035,0.216787,-0.529392
150544184005218,122.976211,0.742905,0.385309,-0.664399
150544194006220,122.986212,0.461954,0.357755,-0.521698
150544204007158,122.996213,0.237733,0.260436,-0.120271
150544214008302,123.006214,0.347184,0.171023,0.260683
150544224009292,123.016215,0.736479,0.200494,0.332515
150544234010432,123.026216,1.198494,0.263725,0.28818
150544244011411,123.036217,1.601542,0.3839,0.1086
150544254012336,123.046218,1.76563,0.408022,-0.088832
150544264013489,123.056219,1.602095,0.49158,-0.13676
150544274014490,123.066220,0.988616,0.592198,-0.192955
150544284015627,123.076222,0.428892,0.691796,-0.307245
150544294016552,123.086223,0.146672,0.619873,-0.281687
150544304017567,123.096224,0.175375,0.379382,-0.008199
150544314018725,123.106225,0.733482,0.255107,0.261202
150544324019709,123.116226,1.33751,0.187054,0.505696
150544334020634,123.126227,1.770632,0.152483,0.551767
150544344021863,123.136228,1.428507,0.186403,0.265047
150544354022788,123.146229,1.139742,0.051405,0.208519
150544364023935,123.156230,0.615518,0.208531,-0.120241
150544374024850,123.166231,-0.323566,0.214763,-0.46079
150544384026079,123.176232,-0.904386,0.028625,-0.489056
150544394027014,123.186233,-0.908684,-0.07456,-0.233575
150544404028017,123.196234,-0.42271,-0.169888,0.28427
150544414029187,123.206235,0.111573,-0.297481,0.574601
150544424030185,123.216236,0.32163,-0.259202,0.477281
150544434031129,123.226237,-0.239935,-0.193331,0.067145
150544444032267,123.236238,-1.114979,-0.213863,-0.414309
150544454033269,123.246239,-1.684758,-0.213741,-0.728488
150544464034418,123.256240,-1.732938,-0.417921,-0.520265
150544474035432,123.266241,-1.347962,-0.339282,-0.129885
150544484036351,123.276242,-0.77479,-0.15829,0.129559
150544494037589,123.286244,-0.30828,-0.071135,0.020351
150544504038514,123.296245,-0.171464,-0.018791,-0.350211
150544514039668,123.306246,-0.274305,-0.103916,-0.552403
150544524040589,123.316247,-0.257219,-0.281091,-0.342195
150544534041606,123.326248,0.175252,-0.340241,0.204707
150544544042745,123.336249,0.860977,-0.425579,0.750114
150544554043774,123.346250,1.441362,-0.475289,0.989372
150544564044927,123.356251,1.968307,-0.563093,0.929387
150544574045851,123.366252,2.040594,-0.540283,0.637863
150544584046856,123.376253,1.50411,-0.564959,0.288578
150544594048084,123.386254,0.513847,-0.448143,0.148764
150544604049009,123.396255,-0.271367,-0.35769,0.305614
150544614050163,123.406256,-0.756822,-0.310277,0.623461
150544624051175,123.416257,-0.961283,-0.125855,0.715786
150544634052090,123.426258,-0.998397,0.007335,0.526733
150544644053248,123.436259,-1.184491,0.145707,0.017379
150544654054172,123.446260,-1.367823,0.25466,-0.354699
150544664055398,123.456261,-1.358608,0.004267,-0.255022
150544674056398,123.466262,-1.022546,-0.298871,0.235162
150544684057307,123.476263,-0.304938,-0.334097,0.708229
150544694058461,123.486264,0.550048,-0.241722,0.836736
150544704059459,123.496265,0.810039,-0.13971,0.592752
150544714060615,123.506267,0.679838,-0.241662,0.360719
150544724061608,123.516268,0.507674,-0.543159,0.252032
150544734062552,123.526269,0.754708,-0.650721,0.331232
150544744063690,123.536270,0.954721,-0.619401,0.410328
150544754064682,123.546271,1.045699,-0.474028,0.288028
150544764065822,123.556272,0.859507,-0.236942,-0.054582
150544774066745,123.566273,0.134081,0.060173,-0.471431
150544784067745,123.576274,-0.787524,0.270785,-0.641915
150544794068894,123.586275,-1.302633,0.290772,-0.498413
150544804069892,123.596276,-1.363917,0.301798,-0.165924
150544814071053,123.606277,-1.004504,0.361028,0.306576
150544824071983,123.616278,-0.391316,0.515759,0.556775
150544834072976,123.626279,0.169821,0.514448,0.444951
150544844074134,123.636280,0.295798,0.546941,0.054454
150544854075125,123.646281,0.006264,0.616843,-0.362297
150544864076277,123.656282,-0.386444,0.638942,-0.551955
150544874077264,123.666283,-0.276678,0.44892,-0.243169
150544884078202,123.676284,0.175934,0.359507,0.23326
150544894079356,123.686285,0.975348,0.236819,0.716274
150544904080358,123.696286,1.62478,0.243826,0.872401
150544914081274,123.706287,2.034202,0.136411,0.826365
150544924082503,123.716289,2.238456,-0.167805,0.819954
150544934083428,123.726289,2.18958,-0.332732,0.771713
150544944084591,123.736291,1.624072,-0.311971,0.701001
150544954085586,123.746292,0.797188,-0.279131,0.63132
150544964086509,123.756293,-0.193316,-0.134403,0.355173
150544974087730,123.766294,-0.881403,-0.029674,0.093357
150544984088862,123.776295,-1.701035,-0.028413,-0.044902
150544994089798,123.786296,-2.381005,0.050581,-0.073788
150545004090798,123.796297,-2.631836,0.111364,-0.0126
150545014091721,123.806298,-2.31392,0.144678,0.079718
150545024092882,123.816299,-1.746294,0.088001,0.008504
150545034093864,123.826300,-1.35943,-0.044579,-0.234521
150545044095017,123.836301,-0.987834,-0.236496,-0.364116
150545054096032,123.846302,-0.573384,-0.547882,-0.220298
150545064096941,123.856303,-0.086179,-0.863489,0.078736
150545074098171,123.866304,0.637159,-0.99166,0.389473
150545084099309,123.876305,1.170807,-0.891612,0.329438
150545094100238,123.886306,1.140939,-0.690002,-0.143319
150545104101232,123.896307,0.496284,-0.551278,-0.670655
150545114102402,123.906308,-0.462143,-0.419124,-0.927152
150545124103415,123.916309,-0.959137,-0.430285,-0.620327
150545134104571,123.926311,-0.662421,-0.556684,0.19553
150545144105496,123.936311,0.238101,-0.629119,0.874243
150545154106513,123.946313,1.353078,-0.715943,1.111731
150545164107681,123.956314,1.67388,-0.463326,0.692678
150545174108667,123.966315,1.001987,-0.215091,0.019615
150545184109575,123.976316,-0.429943,-0.14227,-0.5064
150545194110806,123.986317,-1.759802,0.18209,-0.78268
150545204111729,123.996318,-2.611417,0.222098,-0.579239
150545214112888,124.006319,-2.880143,0.321899,-0.223615
150545224113911,124.016320,-2.506651,0.651585,-0.117941
150545234115067,124.026321,-1.658273,0.647637,-0.213381
150545244115988,124.036322,-0.71068,0.321783,-0.308678
150545254116990,124.046323,0.240446,0.014513,-0.338405
150545264118173,124.056324,1.212988,-0.077514,-0.290222
150545274119168,124.066325,2.03678,0.037582,-0.04296
150545284120095,124.076326,2.187585,0.309001,0.187587
150545294121249,124.086327,1.555152,0.379291,0.276824
150545304122249,124.096328,0.465568,0.353254,0.286362
150545314123389,124.106329,-0.063206,0.529054,0.232749
150545324124387,124.116330,-0.222805,0.7105,0.101712
150545334125543,124.126332,-0.053918,0.670909,0.070938
150545344126555,124.136333,0.296114,0.610955,0.241861
150545354127480,124.146333,0.515206,0.617467,0.442927
150545364128647,124.156335,0.289892,0.650209,0.479867
150545374129649,124.166336,-0.168929,0.743125,0.323095
150545384130557,124.176337,-0.531711,0.740416,0.169623
150545394131687,124.186338,-0.916529,0.453173,0.293761
150545404132687,124.196339,-1.0604,0.297735,0.499217
150545414133841,124.206340,-0.719793,0.244219,0.520507
150545424134856,124.216341,-0.392185,0.205517,0.241787
150545434136009,124.226342,-0.473964,0.232162,-0.366252
150545444136918,124.236343,-0.926866,0.227339,-0.906806
150545454138146,124.246344,-1.138389,0.103096,-1.078404
150545464139074,124.256345,-1.1836,-0.001595,-0.886246
150545474140081,124.266346,-0.902116,-0.101888,-0.504608
150545484141220,124.276347,-0.438681,-0.216229,-0.071109
150545494142161,124.286348,0.067516,-0.478611,0.382517
150545504143392,124.296349,0.527797,-0.827821,0.725857
150545514144377,124.306350,1.047682,-1.06462,0.93277
150545524145288,124.316351,1.275387,-1.164452,0.861327
150545534146442,124.326352,0.840064,-1.117069,0.51515
150545544147440,124.336353,-0.232578,-0.873347,-0.081978
150545554148581,124.346355,-1.661233,-0.528324,-0.872646
150545564149579,124.356356,-2.693642,-0.269779,-1.488352
150545574150504,124.366357,-3.47724,-0.224318,-1.629791
150545584151672,124.376358,-3.736003,-0.142857,-1.375511
150545594152671,124.386359,-3.254375,-0.138635,-0.879697
150545604153827,124.396360,-1.873841,-0.354342,-0.241792
150545614154749,124.406361,-0.462609,-0.338652,0.003023
150545624155964,124.416362,0.375508,-0.330491,-0.070524
150545634156889,124.426363,1.01486,-0.671832,-0.024848
150545644157892,124.436364,1.357159,-0.990118,0.187599
150545654159038,124.446365,1.669806,-0.98821,0.420078
150545664160036,124.456366,1.556169,-0.778374,0.403798
150545674161190,124.466367,1.077095,-0.421678,0.073065
150545684162108,124.476368,0.187956,-0.161994,-0.426272
150545694163110,124.486369,-0.809989,-0.010128,-0.772494
150545704164279,124.496370,-1.418552,0.095818,-0.625226
150545714165264,124.506371,-1.471204,0.267518,-0.240817
150545724166411,124.516372,-1.171936,0.368153,0.152752
150545734167413,124.526373,-0.901452,0.472604,0.398183
150545744168351,124.536374,-0.875313,0.613472,0.318493
150545754169505,124.546376,-1.079217,0.807333,0.015963
150545764170517,124.556377,-1.424322,0.836479,-0.160456
150545774171659,124.566378,-1.342197,0.595382,0.050484
150545784172642,124.576379,-0.920694,0.443524,0.431679
150545794173567,124.586380,-0.372808,0.340522,0.74656
150545804174731,124.596381,0.453073,0.198264,0.85241
150545814175731,124.606382,0.860827,0.331053,0.414895
150545824176874,124.616383,0.681305,0.466528,-0.305129
150545834177884,124.626384,0.142375,0.338721,-0.85051
150545844179036,124.636385,-0.563501,0.37835,-1.129502
150545854180033,124.646386,-1.146608,0.482749,-1.100585
150545864180941,124.656387,-1.402633,0.522315,-0.854167
150545874182095,124.666388,-1.023475,0.390059,-0.436675
150545884183088,124.676389,-0.032942,0.117024,-0.035652
150545894184247,124.686390,1.020521,-0.119868,0.323791
150545904185252,124.696391,1.77488,-0.137943,0.456702
150545914186408,124.706392,2.292426,-0.004036,0.307964
150545924187343,124.716393,2.03068,0.169832,0.005881
150545934188350,124.726394,0.764724,0.479701,-0.46499
150545944189497,124.736395,-0.613935,0.47725,-0.545755
150545954190499,124.746396,-1.207503,0.268235,-0.089924
150545964191666,124.756398,-0.927726,0.21959,0.555728
150545974192668,124.766399,0.212549,0.133157,1.000813
150545984193581,124.776400,1.274195,-0.036011,1.083481
150545994194735,124.786401,1.560519,-0.12979,0.903568
150546004195733,124.796402,1.149307,-0.076917,0.630035
150546014196663,124.806403,0.11813,0.021266,0.515682
150546024197810,124.816404,-1.025153,0.091589,0.5579
150546034198817,124.826405,-1.73576,0.099795,0.830381
150546044200000,124.836406,-2.052419,0.290221,0.882141
150546054201000,124.846407,-1.918993,0.542638,0.696888
150546064202158,124.856408,-1.634081,0.575044,0.315082
150546074203168,124.866409,-1.338083,0.535939,-0.053528
150546084204322,124.876410,-1.11152,0.5206,-0.056899
150546094205306,124.886411,-0.829116,0.509629,0.239193
150546104206226,124.896412,-0.354634,0.519197,0.584287
150546114207370,124.906413,0.07333,0.392091,0.942389
150546124208373,124.916414,0.741479,0.145449,1.223842
150546134209527,124.926416,1.25403,0.146165,1.120055
150546144210517,124.936417,1.293355,0.186432,0.86547
150546154211433,124.946417,1.15601,0.174314,0.54692
150546164212599,124.956419,1.170574,0.163054,0.279697
150546174213601,124.966420,0.916821,0.214783,0.119271
150546184214754,124.976421,0.521067,0.183305,0.226939
150546194215754,124.986422,0.680276,0.18802,0.285814
150546204216891,124.996423,0.664281,0.242618,0.203712
150546214217816,125.006424,0.418313,0.218757,0.007769
150546224218802,125.016425,0.011188,0.24611,-0.213405
150546234219956,125.026426,-0.455769,0.319391,-0.361507
150546244220949,125.036427,-0.891674,0.261621,-0.39172
150546254222105,125.046428,-0.811379,0.345693,-0.457941
150546264223103,125.056429,-0.965984,0.459165,-0.699676
150546274224047,125.066430,-1.28253,0.511876,-1.001434
150546284225192,125.076431,-1.424975,0.584713,-1.256712
150546294226182,125.086432,-1.627331,0.638363,-1.411501
150546304227336,125.096433,-1.365911,0.44393,-1.198043
150546314228336,125.106434,-0.838291,0.231551,-0.805992
150546324229268,125.116435,-0.092902,-0.02677,-0.194613
150546334230499,125.126436,0.94978,-0.164375,0.243736
150546344231661,125.136438,1.596666,-0.237121,0.345776
150546354232586,125.146439,1.794517,-0.221869,-0.00329
150546364233571,125.156440,1.205498,-0.284066,-0.456364
150546374234725,125.166441,-0.07146,-0.140394,-1.033084
150546384235656,125.176442,-1.391115,0.175263,-1.47139
150546394236875,125.186443,-2.403897,0.320996,-1.56244
150546404237796,125.196444,-2.845533,0.397483,-1.331819
150546414238812,125.206445,-2.823024,0.474984,-0.903014
150546424239971,125.216446,-1.952181,0.447972,-0.397607
150546434240971,125.226447,-0.642159,0.423141,-0.106143
150546444242123,125.236448,0.070965,0.323975,-0.165228
150546454243125,125.246449,0.739733,0.270983,-0.386803
150546464244077,125.256450,0.894594,0.394209,-0.675169
150546474245259,125.266451,-0.050096,0.492996,-0.942113
150546484246259,125.276452,-0.754418,0.421457,-0.817617
150546494247412,125.286453,-0.711918,0.636842,-0.740935
150546504248396,125.296454,-0.423176,0.717968,-0.62418
150546514249549,125.306456,-0.026078,0.608536,-0.514411
150546524250563,125.316457,0.486772,0.557555,-0.467448
150546534251490,125.326457,0.786503,0.694833,-0.548679
150546544252657,125.336459,1.19683,0.63152,-0.519181
150546554253652,125.346460,1.285954,0.803081,-0.605015
150546564254806,125.356461,0.530063,0.96932,-0.670054
150546574255809,125.366462,-0.056067,0.870605,-0.540082
150546584256734,125.376463,-0.108637,0.786485,-0.199153
150546594257888,125.386464,0.142707,0.84145,0.075881
150546604258869,125.396465,0.513557,0.929478,-0.022828
150546614260023,125.406466,0.422991,0.995484,-0.464163
150546624261035,125.416467,-0.104168,0.94113,-0.791325
150546634262189,125.426468,-0.348919,0.70527,-0.612263
150546644263098,125.436469,-0.269421,0.612117,-0.342626
150546654264081,125.446470,-0.396333,0.68281,-0.28322
150546664265310,125.456471,-0.393826,0.660019,-0.427181
150546674266235,125.466472,-0.692169,0.54371,-0.632493
150546684267383,125.476473,-0.88905,0.354753,-0.759861
150546694268396,125.486474,-1.155173,0.247248,-0.763029
150546704269535,125.496476,-1.249908,0.247961,-0.87975
150546714270552,125.506477,-1.50472,0.348713,-1.200273
150546724271689,125.516478,-1.827086,0.444375,-1.620174
150546734272617,125.526479,-2.159425,0.48949,-1.903278
150546744273619,125.536480,-2.119537,0.424533,-1.781007
150546754274771,125.546481,-1.544243,0.199076,-1.083255
150546764275802,125.556482,-0.210506,0.001457,-0.243999
150546774276939,125.566483,1.15392,-0.074319,0.232172
150546784277867,125.576484,2.088474,-0.028146,0.206855
150546794278869,125.586485,2.785301,-0.468667,0.154953
150546804280009,125.596486,3.190535,-0.627297,0.262658
150546814281009,125.606487,2.908908,-0.589854,0.293304
150546824282158,125.616488,1.852261,-0.530417,0.179055
150546834283158,125.626489,0.407873,-0.266044,-0.125571
150546844284086,125.636490,-0.871971,0.05118,-0.452538
150546854285225,125.646491,-2.046069,0.122041,-0.562112
150546864286231,125.656492,-2.720179,0.358586,-0.838549
150546874287384,125.666493,-3.048607,0.630674,-1.103585
150546884288389,125.676494,-3.013067,0.827221,-1.106451
150546894289543,125.686496,-2.477834,0.799586,-0.86101
150546904290526,125.696497,-1.798605,0.574778,-0.331941
150546914291465,125.706497,-0.751971,0.176011,0.238795
150546924292694,125.716499,0.505449,0.166335,0.382697
150546934293619,125.726500,1.113626,0.280005,0.021785
150546944294744,125.736501,0.716879,0.33124,-0.551243
150546954295759,125.746502,0.086864,0.379641,-1.129558
150546964296918,125.756503,-0.467508,0.322348,-1.202874
150546974297839,125.766504,-0.721486,0.129532,-0.863513
150546984298836,125.776505,-0.09259,0.168135,-0.575512
150546994300050,125.786506,0.616083,0.23076,-0.395273
150547004300961,125.796507,0.951745,0.234185,-0.448437
150547014302115,125.806508,1.140358,0.058767,-0.481606
150547024303115,125.816509,1.236146,0.021723,-0.527426
150547034304296,125.826510,0.876411,0.048867,-0.505442
150547044305290,125.836511,0.283682,0.101637,-0.557801
150547054306444,125.846512,-0.410905,0.148027,-0.606135
150547064307352,125.856513,-1.350171,0.2359,-0.718472
150547074308579,125.866515,-1.98218,0.267181,-0.835896
150547084309502,125.876516,-2.250097,0.427037,-1.040424
150547094310489,125.886516,-2.244345,0.488095,-1.094077
150547104311627,125.896518,-1.718888,0.476162,-0.967901
150547114312632,125.906519,-1.077875,0.315989,-0.655474
150547124313571,125.916520,-0.038817,-0.030287,-0.155897
150547134314725,125.926521,1.086872,-0.319424,0.299827
150547144315715,125.936522,1.785271,-0.33201,0.312938
150547154316869,125.946523,1.620873,-0.176854,0.017819
150547164317877,125.956524,1.071156,-0.325313,-0.323015
150547174319044,125.966525,0.350332,-0.311922,-0.570945
150547184320062,125.976526,-0.310305,-0.371462,-0.53195
150547194321213,125.986527,-0.307899,-0.377471,-0.280208
150547204322121,125.996528,0.097297,-0.352708,-0.209946
150547214323124,126.006529,0.042277,-0.400662,-0.260226
150547224324256,126.016530,-0.128108,-0.370804,-0.431081
150547234325262,126.026531,-0.075212,-0.383019,-0.578881
150547244326425,126.036532,-0.495029,-0.411151,-0.76351
150547254327425,126.046533,-0.842698,-0.467861,-0.720986
150547264328579,126.056535,-0.851264,-0.453986,-0.635563
150547274329502,126.066536,-1.249828,-0.323107,-0.711843
150547284330519,126.076537,-1.550811,-0.213132,-0.786756
150547294331673,126.086538,-1.556576,-0.180055,-0.828447
150547304332682,126.096539,-1.323837,-0.348006,-0.672906
150547314333834,126.106540,-0.54899,-0.543566,-0.326691
150547324334834,126.116541,0.461209,-0.809371,0.057498
150547334335993,126.126542,1.316218,-1.077815,0.301478
150547344336897,126.136543,2.170361,-0.982525,0.017205
150547354338133,126.146544,1.875318,-0.699387,-0.661466
150547364339041,126.156545,0.720776,-0.566406,-1.283789
150547374340043,126.166546,-0.718016,-0.341409,-1.57349
150547384341195,126.176547,-1.679374,-0.153461,-1.397693
150547394342209,126.186548,-2.271659,-0.156779,-0.835216
150547404343354,126.196549,-2.180369,0.213713,-0.329331
150547414344348,126.206550,-1.562378,0.473625,-0.186264
150547424345278,126.216551,-1.017628,0.206988,-0.203067
150547434346437,126.226552,-0.328652,0.010758,-0.197762
150547444347451,126.236553,0.508403,-0.093873,0.030661
150547454348605,126.246555,0.871263,0.006417,0.203499
150547464349619,126.256556,0.723699,0.25672,0.111453
150547474350766,126.266557,-0.08373,0.486894,-0.224289
150547484351747,126.276558,-0.996399,0.503675,-0.403968
150547494352667,126.286559,-1.574506,0.498689,-0.347402
150547504353836,126.296560,-1.560014,0.454631,-0.060823
150547514354831,126.306561,-0.835907,0.713734,-0.142696
150547524355982,126.316562,-0.096437,1.06517,-0.672647
150547534356996,126.326563,-0.248312,1.118129,-1.204304
150547544357903,126.336564,-0.268576,0.881686,-1.165436
150547554359145,126.346565,0.093779,0.760987,-0.784993
150547564360299,126.356566,0.44557,0.587519,-0.17701
150547574361222,126.366567,0.916293,0.460172,0.305022
150547584362463,126.376568,1.715104,0.628332,0.331797
150547594363386,126.386569,1.854335,0.635669,0.128686
150547604364392,126.396570,1.54037,0.497333,0.044182
150547614365317,126.406571,1.092702,0.480909,0.050818
150547624366541,126.416573,0.618031,0.411606,0.376746
150547634367695,126.426574,0.496599,0.176527,0.932763
150547644368613,126.436575,0.890047,-0.028583,1.266696
150547654369620,126.446576,1.675584,-0.261399,1.332119
150547664370764,126.456577,1.626755,-0.532267,1.062897
150547674371774,126.466578,1.135115,-0.679575,0.684991
150547684372913,126.476579,0.360154,-0.807272,0.384572
150547694373921,126.486580,-0.501164,-0.89709,0.073035
150547704375075,126.496581,-1.2645,-1.023917,-0.146858
150547714375998,126.506582,-2.156801,-0.831835,-0.698728
150547724377014,126.516583,-3.120663,-0.277453,-1.499169
150547734378168,126.526584,-3.900139,0.105081,-2.081776
150547744379180,126.536585,-4.269415,-0.086872,-2.119759
150547754380334,126.546586,-3.499148,-0.620646,-1.334027
150547764381338,126.556587,-1.697383,-0.87906,-0.211878
150547774382492,126.566588,0.625341,-0.873572,0.5089
150547784383473,126.576589,2.534057,-0.635447,0.518212
150547794384398,126.586590,3.256554,-0.829938,0.262898
150547804385621,126.596592,2.918865,-0.853413,-0.062192
150547814386761,126.606593,1.943293,-0.650395,-0.162352
150547824387689,126.616594,0.947335,-0.648973,0.274736
150547834388689,126.626595,0.659119,-0.524148,0.891942
150547844389857,126.636596,1.150373,-0.402155,1.299613
150547854390857,126.646597,1.584343,-0.269782,1.297877
150547864392006,126.656598,1.541936,-0.217982,0.854645
150547874393011,126.666599,1.288011,-0.106362,0.255706
150547884393936,126.676600,0.464768,0.216652,-0.372712
150547894395095,126.686601,-0.565202,0.43666,-0.419279
150547904396093,126.696602,-1.339371,0.533225,-0.057937
150547914397247,126.706603,-1.21194,0.355931,0.866574
150547924398237,126.716604,-0.583302,0.491397,1.51148
150547934399362,126.726605,0.339877,0.312978,1.724472
150547944400348,126.736606,1.316227,-0.033005,1.583098
150547954401273,126.746607,1.601182,-0.101921,1.277805
150547964402447,126.756608,1.770895,-0.134584,0.745135
150547974403432,126.766609,1.439393,-0.330451,0.431677
150547984404584,126.776611,0.924759,-0.301064,0.243393
150547994405589,126.786612,0.338498,-0.294541,0.121853
150548004406748,126.796613,0.019414,-0.374949,0.132881
150548014407733,126.806614,0.184597,-0.276731,-0.069729
150548024408887,126.816615,0.15156,-0.288694,-0.306133
150548034409810,126.826616,0.093334,-0.417649,-0.365566
150548044410812,126.836617,0.380052,-0.714073,-0.069815
150548054411966,126.846618,0.971859,-1.000112,0.235642
150548064412964,126.856619,1.34175,-0.958512,0.32451
150548074414115,126.866620,1.202049,-0.703885,0.069296
150548084415113,126.876621,0.22345,-0.454013,-0.494248
150548094416257,126.886622,-0.63208,-0.216653,-1.004776
150548104417181,126.896623,-1.566854,-0.358442,-1.234687
150548114418207,126.906624,-1.914551,-0.494033,-0.975986
150548124419379,126.916625,-1.360004,-0.312088,-0.584174
150548134420391,126.926626,-0.395137,-0.230656,-0.339196
150548144421547,126.936628,0.354835,-0.348904,-0.243296
150548154422545,126.946629,0.877881,-0.270094,-0.37548
150548164423713,126.956630,1.07301,-0.63553,-0.180096
150548174424648,126.966631,0.833835,-1.033627,0.178379
150548184425879,126.976632,1.413497,-1.204182,0.713711
150548194426781,126.986633,2.020801,-0.947064,0.83835
150548204427797,126.996634,2.05869,-0.703011,0.486089
150548214428956,127.006635,0.412256,-0.291592,-0.270287
150548224429954,127.016636,-0.816386,-0.253293,-0.680751
150548234431123,127.026637,-1.574109,-0.388638,-0.604159
150548244432125,127.036638,-1.642086,-0.513162,-0.04524
150548254433272,127.046639,-1.29828,-0.301064,0.657963
150548264434272,127.056640,-0.415804,-0.243117,1.100107
150548274435202,127.066641,0.157219,-0.197239,0.866838
150548284436431,127.076642,-0.151826,0.100288,-0.030267
150548294437356,127.086643,-1.389916,0.360612,-0.914183
150548304438500,127.096645,-2.484589,0.22904,-1.250888
150548314439495,127.106645,-2.597,-0.106951,-0.749047
150548324440642,127.116647,-1.723058,0.113119,-0.274691
150548334441565,127.126648,-0.994946,0.387192,0.020463
150548344442553,127.136649,-0.170087,-0.009275,0.154703
150548354443707,127.146650,0.508272,0.057546,-0.235166
150548364444920,127.156651,1.31981,0.088102,-0.606949
150548374445835,127.166652,1.345898,0.160055,-0.944006
150548384446851,127.176653,1.061257,0.157043,-0.990587
150548394448002,127.186654,0.919503,0.243467,-0.659831
150548404448999,127.196655,1.120093,0.194602,-0.01556
150548414450151,127.206656,1.573543,-0.039767,0.515606
150548424451132,127.216657,2.092723,-0.409143,0.83158
150548434452286,127.226658,2.80132,-0.534567,0.778123
150548444453209,127.236659,2.92446,-0.466584,0.655487
150548454454211,127.246660,1.664125,-0.340256,0.04262
150548464455358,127.256661,-0.111568,-0.146956,-0.521645
150548474456360,127.266662,-1.66532,0.100374,-0.922959
150548484457512,127.276664,-2.933968,0.321669,-1.104935
150548494458512,127.286665,-3.565891,0.576075,-1.235936
150548504459671,127.296666,-3.575343,0.556535,-0.97649
150548514460661,127.306667,-2.823797,0.593625,-0.733257
150548524461815,127.316668,-1.585773,0.265254,-0.107213
150548534462738,127.326669,-0.125038,-0.183225,0.502098
150548544463755,127.336670,0.853201,-0.423067,0.792023
150548554464909,127.346671,1.893733,-0.457424,0.844039
150548564465923,127.356672,2.153996,-0.436183,0.723915
150548574467075,127.366673,1.006871,-0.349122,0.525089
150548584468061,127.376674,-0.197579,-0.407216,0.313951
150548594469215,127.386675,-0.962733,-0.508732,0.229541
150548604470133,127.396676,-1.277967,-0.395377,0.102946
150548614471383,127.406677,-1.143811,-0.253814,-0.090222
150548624472306,127.416678,-1.045379,-0.108619,-0.4918
150548634473308,127.426679,-1.203224,-0.091421,-0.698846
150548644474462,127.436680,-1.054306,-0.366643,-0.432355
150548654475467,127.446681,-0.457273,-0.558574,0.119759
150548664476620,127.456683,0.116495,-0.650871,0.546433
150548674477614,127.466684,0.457801,-0.47706,0.506811
150548684478762,127.476685,0.15707,-0.336049,0.05205
150548694479776,127.486686,-0.46926,-0.202134,-0.720727
150548704480702,127.496687,-1.520645,-0.103529,-1.077281
150548714481855,127.506688,-1.910869,-0.20646,-0.920614
150548724482855,127.516689,-1.582487,-0.441646,-0.409999
150548734484009,127.526690,-0.465271,-0.307902,0.011317
150548744484993,127.536691,0.437783,-0.014222,-0.053086
150548754486147,127.546692,0.63661,0.178591,-0.515603
150548764487156,127.556693,-0.016321,0.46844,-1.075499
150548774488310,127.566694,-0.657818,0.427158,-1.124625
150548784489238,127.576695,-0.949282,0.433028,-0.648036
150548794490226,127.586696,-0.600445,0.304803,0.261663
150548804491455,127.596697,0.835962,0.174942,1.308536
150548814492377,127.606698,2.258454,0.201739,1.621682
150548824493531,127.616700,2.765413,0.472084,1.290558
150548834494531,127.626701,2.487629,0.3926,0.983453
150548844495685,127.636702,2.103369,0.380385,0.829106
150548854496690,127.646703,1.271149,0.795739,0.670603
150548864497846,127.656704,0.16557,1.171142,0.481378
150548874498844,127.666705,-0.514923,1.297159,0.47496
150548884499998,127.676706,-0.809079,1.185968,0.731869
150548894500921,127.686707,-0.576904,0.852959,1.17258
150548904501923,127.696708,0.39824,0.471668,1.575752
150548914503077,127.706709,1.210473,0.45309,1.284893
150548924504077,127.716710,0.944028,0.874025,0.278796
150548934505226,127.726711,-0.278521,1.137748,-0.789881
150548944506229,127.736712,-1.272103,1.263285,-1.388263
150548954507154,127.746713,-1.924559,0.752797,-1.062112
150548964508294,127.756714,-2.095803,0.049076,0.024621
150548974509522,127.766716,-0.697235,-0.025747,0.999174
150548984510459,127.776716,1.899878,-0.812903,1.907624
150548994511461,127.786717,3.417162,-1.085488,1.846914
150549004512615,127.796719,3.460987,-1.232512,1.474904
150549014513615,127.806720,2.575887,-1.491923,0.829887
150549024514783,127.816721,0.079921,-1.232846,-0.127369
150549034515783,127.826722,-2.080101,-1.031065,-0.970477
150549044516916,127.836723,-3.571022,-0.880231,-1.525615
150549054517916,127.846724,-4.847382,-0.606499,-1.87363
150549064518841,127.856725,-5.565522,-0.431572,-2.046631
150549074519995,127.866726,-4.835177,-0.55549,-1.724299
150549084520995,127.876727,-2.876122,-0.610555,-0.88193
150549094522149,127.886728,-1.339092,-0.8352,-0.320301
150549104523156,127.896729,-0.08191,-0.792591,-0.400655
150549114524324,127.906730,0.910439,-0.684705,-0.786353
150549124525324,127.916731,0.980037,-0.465765,-1.296398
150549134526480,127.926732,-0.087292,-0.134289,-1.784314
150549144527478,127.936733,-1.262796,-0.011077,-1.674668
150549154528632,127.946735,-1.709877,-0.035753,-0.864907
150549164529536,127.956736,-0.223605,0.020509,0.175549
150549174530767,127.966737,1.241548,0.127935,0.549039
150549184531690,127.976738,2.823726,0.273417,0.416912
150549194532692,127.986739,3.682396,0.280018,0.02217
150549204533841,127.996740,3.985552,0.12644,-0.197217
150549214534854,128.006741,3.507075,0.154944,-0.251071
150549224536009,128.016742,2.481369,0.310538,-0.15189
150549234537007,128.026743,1.377254,0.583324,0.115903
150549244538174,128.036744,0.293942,0.943144,0.395084
150549254539097,128.046745,-0.068912,0.884483,0.887845
150549264540328,128.056746,0.058,0.85959,1.061956
150549274541328,128.066747,-0.285984,1.211797,0.674457
150549284542258,128.076748,-0.944539,1.481156,0.018659
150549294543412,128.086749,-1.737501,1.54766,-0.393657
150549304544394,128.096750,-2.345573,1.385026,-0.385659
150549314545550,128.106752,-2.001756,1.053914,0.083042
150549324546482,128.116752,-1.035647,0.804676,0.935417
150549334547718,128.126754,0.685132,0.494794,1.527022
150549344548737,128.136755,1.862645,0.106362,1.513953
150549354549662,128.146756,2.082467,0.045114,1.10398
150549364550891,128.156757,1.690327,-0.008819,0.551762
150549374551816,128.166758,0.643526,-0.11616,-0.073206
150549384553031,128.176759,-0.731302,0.002597,-0.339216
150549394553941,128.186760,-1.643009,0.068545,-0.362336
150549404555095,128.196761,-1.722484,0.174529,-0.105002
150549414556090,128.206762,-1.37351,0.300007,0.20142
150549424557244,128.216763,-0.722757,0.205068,0.522421
150549434558242,128.226764,-0.04377,-0.130615,0.941736
150549444559397,128.236765,0.59354,-0.394536,1.320419
150549454560397,128.246766,1.12921,-0.580926,1.495629
150549464561336,128.256767,1.913383,-0.593631,1.521238
150549474562579,128.266769,1.989387,-0.671179,1.4761
150549484563519,128.276770,1.475174,-0.73811,1.391978
150549494564667,128.286771,0.899973,-0.896393,1.486589
150549504565666,128.296772,0.782034,-1.103104,1.715296
150549514566804,128.306773,0.74479,-1.136725,1.806906
150549524567785,128.316774,0.138635,-0.925452,1.493312
150549534568941,128.326775,-0.920874,-0.485549,0.671559
150549544569939,128.336776,-2.16355,-0.292847,-0.091745
150549554571093,128.346777,-3.518987,-0.108741,-0.632684
150549564572030,128.356778,-4.887655,-0.090136,-0.749005
150549574573266,128.366779,-4.960911,-0.038341,-0.543389
150549584574276,128.376780,-4.11146,-0.298436,0.280085
150549594575206,128.386781,-2.26827,-0.505963,0.932944
150549604576345,128.396782,-0.623192,-0.910195,1.243809
150549614577343,128.406783,0.463083,-1.007068,1.117695
150549624578499,128.416784,1.07644,-0.988881,0.724009
150549634579478,128.426785,0.987443,-1.190292,0.246076
150549644580632,128.436787,0.04472,-1.089079,-0.331383
150549654581555,128.446788,-1.203007,-0.658876,-0.938448
150549664582548,128.456789,-2.426983,-0.055378,-1.691633
150549674583697,128.466790,-3.126998,0.455485,-2.156454
150549684584931,128.476791,-3.695965,0.625975,-2.281445
150549694585854,128.486792,-3.779612,0.597034,-2.100453
150549704586869,128.496793,-2.951996,0.428965,-1.190028
150549714588026,128.506794,-1.341053,0.141367,0.063444
150549724589026,128.516795,0.361914,0.21909,0.54447
150549734590182,128.526796,1.697245,0.413377,0.423539
150549744591168,128.536797,2.508022,0.494295,0.102113
150549754592082,128.546798,2.409456,0.592099,-0.263347
150549764593310,128.556799,1.831167,0.648318,-0.426929
150549774594454,128.566800,1.491425,0.774534,-0.1397
150549784595377,128.576801,1.515074,0.698814,0.512702
150549794596374,128.586802,2.041539,0.490133,1.16126
150549804597543,128.596804,2.818049,0.445608,1.430592
150549814598541,128.606805,3.461498,0.388693,1.413861
150549824599704,128.616806,3.361738,0.066637,1.647019
150549834600692,128.626807,2.230422,0.425933,1.050995
150549844601846,128.636808,0.624979,0.796708,0.417369
150549854602849,128.646809,-0.886241,0.708224,0.26301
150549864603779,128.656810,-1.841978,0.6614,0.363262
150549874605007,128.666811,-2.068925,0.764009,0.707765
150549884606152,128.676812,-1.641482,0.691436,0.962002
150549894607152,128.686813,-0.975798,0.542848,1.106618
150549904608306,128.696814,-0.728442,0.593168,0.6998
150549914609224,128.706815,-1.03052,0.670161,0.035984
150549924610240,128.716816,-1.891525,0.798024,-0.627749
150549934611392,128.726817,-2.66773,0.778372,-0.713601
150549944612399,128.736818,-2.836811,0.784658,-0.572425
150549954613551,128.746820,-2.462127,0.683333,-0.190364
150549964614474,128.756820,-1.598789,0.527843,0.270408
150549974615711,128.766822,-0.484881,0.230954,0.651837
150549984616695,128.776823,0.53789,-0.172553,0.841478
150549994617833,128.786824,1.821461,-0.464068,0.936567
150550004618757,128.796825,2.638518,-0.669918,0.867312
150550014619740,128.806826,2.633141,-0.611386,0.495182
150550024620968,128.816827,1.216759,-0.28986,-0.183072
150550034621893,128.826828,-0.498673,0.179961,-0.772913
150550044623061,128.836829,-1.805568,0.427424,-0.927978
150550054624059,128.846830,-2.241905,0.205772,-0.464732
150550064625213,128.856831,-1.719205,0.139767,0.081774
150550074626218,128.866832,-0.30286,0.019123,0.556371
150550084627372,128.876833,0.96455,-0.235358,0.59897
150550094628280,128.886834,1.54953,-0.318197,0.22096
150550104629287,128.896835,1.401027,-0.267222,-0.303597
150550114630516,128.906837,0.758677,-0.425899,-0.559626
150550124631670,128.916838,-0.220795,-0.257102,-0.492805
150550134632670,128.926839,-0.807631,-0.056623,-0.285191
150550144633595,128.936840,-0.849444,0.068151,-0.105576
150550154634744,128.946841,-1.011916,0.439313,-0.323033
150550164635742,128.956842,-1.143113,0.698377,-0.673628
150550174636896,128.966843,-1.29956,0.697385,-0.834494
150550184637911,128.976844,-0.969586,0.708297,-0.857329
150550194639085,128.986845,-0.626555,0.590985,-0.603437
150550204640080,128.996846,0.196426,0.410999,-0.087211
150550214641229,129.006847,1.080377,0.287448,0.437952
150550224642152,129.016848,1.605792,0.288131,0.645792
150550234643368,129.026849,1.975516,0.358734,0.489048
150550244644296,129.036850,1.891044,0.347262,0.264452
150550254645298,129.046851,1.480564,0.423349,0.043259
150550264646451,129.056852,0.675299,0.692924,-0.21289
150550274647447,129.066853,-0.065744,0.938136,-0.246134
150550284648385,129.076854,-0.371795,0.864307,0.09823
150550294649613,129.086856,-0.293034,0.59636,0.645919
150550304650767,129.096857,0.442208,0.447212,0.981094
150550314651772,129.106858,1.336008,0.404547,1.00214
150550324652926,129.116859,1.038531,0.664105,0.480387
150550334653944,129.126860,0.038939,0.767018,0.018144
150550344655098,129.136861,-0.916101,0.889404,-0.469029
150550354656026,129.146862,-1.357031,0.751297,-0.414935
150550364657028,129.156863,-1.678072,0.719319,-0.15649
150550374658182,129.166864,-1.712023,0.680433,0.311999
150550384659392,129.176865,-0.948643,0.416143,0.677547
150550394660306,129.186866,-0.059425,0.266339,0.823243
150550404661317,129.196867,0.391491,0.287409,0.528412
150550414662464,129.206868,-0.016294,0.463487,-0.116003
150550424663469,129.216869,-0.865169,0.314142,-0.496819
150550434664623,129.226871,-1.53685,0.18393,-0.340094
150550444665636,129.236872,-1.074136,0.125464,0.031299
150550454666561,129.246873,-0.745401,0.161339,0.257855
150550464667711,129.256874,-0.796572,0.337173,0.174309
150550474668940,129.266875,-0.718225,0.341399,-0.08109
150550484669849,129.276876,-0.093965,0.080739,-0.13991
150550494670851,129.286877,-0.061693,0.011402,0.077322
150550504672005,129.296878,-0.129889,0.05277,0.4274
150550514672991,129.306879,0.430359,-0.212036,0.927368
150550524674134,129.316880,1.113682,-0.526527,1.203445
150550534675132,129.326881,1.934012,-0.71901,1.229941
150550544676286,129.336882,1.532901,-0.546073,0.631689
150550554677286,129.346883,0.656112,-0.497708,-0.129058
150550564678454,129.356884,-0.672689,-0.413808,-0.625209
150550574679396,129.366885,-1.785162,-0.177198,-0.825363
150550584680608,129.376887,-1.690853,0.007007,-0.826944
150550594681531,129.386888,-2.142878,0.068068,-0.785746
150550604682528,129.396889,-2.378839,0.144344,-0.689841
150550614683673,129.406890,-1.337699,-0.329455,-0.191742
150550624684673,129.416891,0.218653,-0.686481,0.142387
150550634685817,129.426892,1.056883,-0.705873,0.34365
150550644686820,129.436893,1.299927,-0.394344,0.031477
150550654687986,129.446894,1.206489,-0.425297,-0.185114
150550664688993,129.456895,0.721882,-0.406972,-0.276306
150550674690147,129.466896,-0.189054,-0.179405,-0.315964
150550684691133,129.476897,-0.615704,-0.129259,-0.159658
150550694692053,129.486898,-0.788218,0.173445,-0.01115
150550704693277,129.496899,-0.679646,0.295701,0.057014
150550714694216,129.506900,-0.851294,0.426199,-0.01305
150550724695436,129.516901,-0.699427,0.390551,-0.155201
150550734696375,129.526902,-0.389221,0.381843,-0.038448
150550744697529,129.536904,-0.024188,0.621429,-0.12976
150550754698518,129.546905,-0.138958,0.9925,-0.242346
150550764699673,129.556906,-0.171399,1.389235,-0.417456
150550774700687,129.566907,-0.785146,1.265122,-0.153203
150550784701834,129.576908,-0.368227,0.768812,0.649162
150550794702836,129.586909,0.519811,0.391166,1.445689
150550804703988,129.596910,1.893811,0.134828,1.875134
150550814704906,129.606911,3.340649,0.15656,1.768843
150550824706137,129.616912,3.174872,-0.079895,1.338826
150550834707055,129.626913,2.214925,-0.15882,0.598675
150550844708277,129.636914,0.819413,-0.049585,-0.007069
150550854709200,129.646915,-0.686882,0.058619,-0.247125
150550864710211,129.656916,-1.233357,0.004607,-0.263047
150550874711380,129.666917,-1.790731,0.25157,-0.203003
150550884712380,129.676918,-2.317471,0.550375,-0.163246
150550894713522,129.686920,-2.297958,0.415094,-0.098825
150550904714522,129.696921,-1.916676,0.238503,0.084772
150550914715681,129.706922,-1.597425,0.150099,0.087782
150550924716666,129.716923,-1.103399,0.222424,-0.240511
150550934717820,129.726924,-0.756189,0.176889,-0.495595
150550944718825,129.736925,-0.808,-0.104066,-0.390036
150550954719750,129.746926,-0.536053,-0.548921,0.017131
150550964720984,129.756927,0.371634,-0.805441,0.471578
150550974722151,129.766928,0.881951,-0.836816,0.755617
150550984723156,129.776929,1.032911,-0.574987,0.33765
150550994724077,129.786930,0.74077,-0.441304,-0.182229
150551004725240,129.796931,-0.148966,-0.483626,-0.496363
150551014726469,129.806932,-0.77128,-0.466488,-0.475131
150551024727382,129.816933,-1.008916,-0.379163,-0.234679
150551034728382,129.826934,-0.853011,-0.420147,0.283534
150551044729543,129.836936,0.006453,-0.543664,0.624755
150551054730546,129.846937,0.861785,-0.791988,0.830165
150551064731461,129.856937,1.27129,-0.796662,0.772435
150551074732615,129.866939,0.898942,-0.682209,0.432914
150551084733620,129.876940,-0.099708,-0.498837,0.109001
150551094734834,129.886941,-1.003503,-0.482255,0.032309
150551104735759,129.896942,-1.318539,-0.314615,0.101751
150551114736988,129.906943,-1.394485,0.010056,-0.050199
150551124737897,129.916944,-1.662532,0.288024,-0.277227
150551134739053,129.926945,-1.98084,0.560802,-0.672783
150551144740048,129.936946,-1.957127,0.645935,-0.893641
150551154741200,129.946947,-1.372111,0.146797,-0.452689
150551164742190,129.956948,-0.504526,-0.627168,0.522111
150551174743344,129.966949,1.10742,-1.020174,1.232277
150551184744340,129.976950,2.508125,-1.096719,1.319557
150551194745523,129.986952,3.201925,-0.359737,0.501006
150551204746450,129.996952,1.929131,0.099426,-0.697535
150551214747452,130.006953,-0.316989,0.517911,-1.563657
150551224748681,130.016955,-1.698522,0.742271,-1.596351
150551234749849,130.026956,-2.490591,0.484273,-0.919161
150551244750772,130.036957,-2.129104,0.708554,0.072222
150551254751765,130.046958,-0.377398,1.090608,0.780674
150551264752918,130.056959,0.460637,1.043495,0.758669
150551274753930,130.066960,1.064983,0.951614,0.547872
150551284755079,130.076961,1.854467,0.648828,0.656722
150551294756079,130.086962,2.219892,0.298247,0.853718
150551304757247,130.096963,2.57834,0.56698,1.050148
150551314758247,130.106964,2.693949,0.609032,1.17583
150551324759386,130.116965,2.059037,0.413448,1.420985
150551334760386,130.126966,2.016832,0.17199,1.506654
150551344761540,130.136968,1.807992,0.160055,1.402244
150551354762468,130.146968,1.155383,0.314506,0.941718
150551364763455,130.156969,-0.122912,0.602822,0.243473
150551374764684,130.166971,-1.171758,0.788085,-0.183021
150551384765580,130.176972,-2.133531,0.597661,-0.284577
150551394766734,130.186973,-2.753364,0.541502,-0.071901
150551404767744,130.196974,-2.065054,0.379654,0.289609
150551414768877,130.206975,-0.726478,0.132531,0.639414
150551424769872,130.216976,0.074827,0.03301,0.46785
150551434771026,130.226977,0.269702,0.166633,-0.210201
150551444772028,130.236978,0.157113,-0.010054,-0.847253
150551454773180,130.246979,-0.570409,-0.29248,-0.899799
150551464774166,130.256980,-0.728389,-0.233161,-0.797105
150551474775096,130.266981,-0.403955,-0.295539,-0.628691
150551484776320,130.276982,-0.356385,-0.136588,-0.779432
150551494777474,130.286983,-0.164891,-0.44926,-0.6346
150551504778406,130.296984,0.196974,-0.723495,-0.446822
150551514779408,130.306985,0.720374,-1.013454,-0.271754
150551524780567,130.316987,1.238856,-0.977567,-0.349006
150551534781581,130.326988,1.405306,-0.876131,-0.45363
150551544782754,130.336989,1.288514,-0.790483,-0.599151
150551554783754,130.346990,0.493284,-0.426769,-0.83817
150551564784897,130.356991,-0.46316,-0.041447,-0.746998
150551574785887,130.366992,-1.257817,0.054774,-0.400387
150551584787031,130.376993,-1.347667,-0.153043,0.240803
150551594788051,130.386994,-0.538246,0.02105,0.599339
150551604789205,130.396995,-0.0384,0.379419,0.525954
150551614790118,130.406996,0.13739,0.29404,0.528442
150551624791359,130.416997,0.584326,0.045948,0.644538
150551634792286,130.426998,0.688123,-0.042644,0.846612
150551644793308,130.436999,0.577342,-0.102586,0.986421
150551654794456,130.447000,0.557464,-0.221214,1.205072
150551664795461,130.457001,0.589946,-0.415965,1.301211
150551674796690,130.467003,0.928082,-0.414522,1.059024
150551684797619,130.477004,0.386875,-0.170602,0.48986
150551694798759,130.487005,-0.41553,-0.001676,-0.174849
150551704799757,130.497006,-1.048493,-0.045143,-0.258595
150551714800910,130.507007,-1.86996,-0.179093,-0.030799
150551724801898,130.517008,-1.559083,-0.407883,0.515028
150551734803061,130.527009,-0.726233,-0.48122,0.941538
150551744804059,130.537010,-0.451277,-0.358124,0.734677
150551754805213,130.547011,-0.280748,-0.177253,0.113244
150551764806151,130.557012,-0.836154,0.166633,-0.795645
150551774807153,130.567013,-1.82846,0.538851,-1.329086
150551784808292,130.577014,-2.556726,0.215527,-1.205075
150551794809536,130.587016,-2.442134,-0.354892,-0.563906
150551804810459,130.597016,-1.74328,-0.152429,0.118252
150551814811449,130.607017,-0.089789,-0.238697,0.397272
150551824812600,130.617019,0.541455,-0.054196,-0.03223
150551834813595,130.627020,0.52877,0.452108,-0.95869
150551844814759,130.637021,0.017346,0.571373,-1.307049
150551854815757,130.647022,-0.33444,0.245943,-1.108711
150551864816899,130.657023,-0.180459,-0.008924,-0.410463
150551874817894,130.667024,1.127137,-0.093033,0.498278
150551884819046,130.677025,2.430581,-0.007181,1.012421
150551894820061,130.687026,3.695985,-0.370446,1.166063
150551904821000,130.697027,3.793533,-0.655411,0.965886
150551914822149,130.707028,3.518887,-0.744327,0.774381
150551924823149,130.717029,3.472269,-0.949739,0.702962
150551934824303,130.727030,2.262074,-0.663038,0.536735
150551944825303,130.737031,0.799423,-0.594359,0.485288
150551954826456,130.747032,-0.29768,-0.767399,0.725741
150551964827457,130.757033,-1.051048,-0.578986,0.503895
150551974828685,130.767035,-1.771453,-0.100396,0.030007
150551984829610,130.777036,-2.347313,0.226271,-0.573157
150551994830773,130.787037,-3.638667,0.61946,-1.159237
150552004831773,130.797038,-3.971965,0.431996,-1.143948
150552014832911,130.807039,-3.692149,0.19144,-0.748788
150552024833820,130.817040,-2.787755,0.145303,-0.111286
150552034834811,130.827041,-0.653628,-0.23243,0.327877
150552044836050,130.837042,0.708706,-0.500633,0.446205
150552054837218,130.847043,1.211634,-0.211794,-0.171344
150552064838208,130.857044,1.764764,-0.205017,-0.468842
150552074839362,130.867045,1.666072,-0.301081,-0.787595
150552084840285,130.877046,0.871028,-0.083799,-1.030354
150552094841273,130.887047,0.164423,0.290149,-1.168872
150552104842432,130.897048,-0.413948,0.509138,-1.004073
150552114843417,130.907049,-0.25642,0.254816,-0.277541
150552124844586,130.917051,0.883962,-0.226988,0.549042
150552134845584,130.927052,2.104785,-0.285224,0.898346
150552144846740,130.937053,3.320072,-0.324901,0.818761
150552154847733,130.947054,3.421392,-0.494538,0.529927
150552164848892,130.957055,3.055542,-0.5979,0.360635
150552174849906,130.967056,1.629046,-0.360114,0.236668
150552184851064,130.977057,0.302824,-0.190677,0.126018
150552194852080,130.987058,-0.631019,-0.068596,0.105789
150552204853232,130.997059,-1.615956,0.384918,-0.289869
150552214854256,131.007060,-2.361796,0.819252,-0.784969
150552224855428,131.017061,-3.043656,1.167878,-1.220602
150552234856416,131.027062,-3.15439,1.33128,-1.327333
150552244857570,131.037064,-2.899867,1.062482,-0.984857
150552254858522,131.047065,-1.512702,0.509961,-0.218412
150552264859524,131.057066,0.101885,-0.026089,0.581117
150552274860676,131.067067,2.062354,-0.508107,1.22873
150552284861673,131.077068,3.802303,-0.905189,1.44188
150552294862827,131.087069,5.384733,-1.128182,1.431069
150552304863827,131.097070,5.14893,-0.997316,0.840434
150552314864981,131.107071,2.822089,-0.468311,-0.036098
150552324865979,131.117072,0.188134,0.103042,-0.824507
150552334867135,131.127073,-2.106331,0.34381,-1.104801
150552344868140,131.137074,-3.480617,0.29939,-1.017063
150552354869287,131.147075,-3.668165,0.317179,-0.581895
150552364870260,131.157076,-2.482273,0.459763,0.016518
150552374871188,131.167077,-0.759962,0.430039,0.145279
150552384872342,131.177078,-0.02266,0.144108,-0.023214
150552394873332,131.187079,0.225867,0.070046,-0.334061
150552404874550,131.197081,0.498688,-0.247878,-0.29231
150552414875462,131.207081,1.152785,-0.577456,-0.071912
150552424876690,131.217083,1.459696,-0.747107,0.27869
150552434877844,131.227084,1.645862,-0.685372,0.553651
150552444878767,131.237085,1.750648,-0.757614,0.590296
150552454879769,131.247086,1.271038,-0.794133,0.369036
150552464880913,131.257087,0.964338,-0.764895,0.075286
150552474881911,131.267088,0.306651,-0.438142,-0.228619
150552484883067,131.277089,-0.585939,0.015513,-0.715059
150552494884067,131.287090,-1.490903,0.214481,-0.863261
150552504885219,131.297091,-2.112593,0.117492,-0.699922
150552514886219,131.307092,-1.844747,-0.173183,-0.044448
150552524887368,131.317093,-1.035127,-0.133317,0.301724
150552534888368,131.327094,0.278934,-0.22894,0.427868
150552544889546,131.337096,1.12787,-0.257298,0.061112
150552554890460,131.347096,0.622982,-0.272651,-0.264854
150552564891462,131.357097,0.499984,-0.419214,-0.339418
150552574892686,131.367099,0.098962,-0.76794,0.081298
150552584893840,131.377100,0.242115,-0.823973,0.392973
150552594894763,131.387101,0.628013,-1.12957,0.705911
150552604895779,131.397102,1.031898,-1.355201,0.631406
150552614896933,131.407103,0.870756,-1.3187,0.09211
150552624897918,131.417104,0.084498,-1.149464,-0.727002
150552634899077,131.427105,-1.163097,-0.653492,-1.506878
150552644900087,131.437106,-2.183932,0.04863,-2.192706
150552654901238,131.447107,-3.103835,0.361628,-2.325022
150552664902240,131.457108,-3.635001,0.24393,-1.905502
150552674903392,131.467109,-3.268101,0.184329,-1.50302
150552684904394,131.477110,-2.104087,-0.266466,-0.827584
150552694905541,131.487112,-0.331217,-0.440072,-0.287901
150552704906550,131.497113,1.449818,-0.06187,-0.209241
150552714907704,131.507114,2.278822,0.052667,-0.265826
150552724908697,131.517115,2.765568,-0.504696,0.021993
150552734909834,131.527116,2.578289,-0.409309,0.032263
150552744910757,131.537117,2.547608,-0.167224,0.016736
150552754911988,131.547118,2.653648,-0.09898,-0.098894
150552764912911,131.557119,1.891679,0.216368,-0.493249
150552774914127,131.567120,1.705018,-0.055785,-0.218346
150552784915127,131.577121,2.038129,-0.120886,0.031663
150552794916052,131.587122,2.499841,-0.035648,0.310472
150552804917206,131.597123,2.1208,-0.040297,0.688738
150552814918206,131.607124,1.936429,-0.414942,1.038975
150552824919348,131.617125,1.789211,-0.462178,1.220409
150552834920350,131.627126,1.288831,-0.262254,0.903339
150552844921504,131.637128,0.279506,0.026846,0.410046
150552854922488,131.647128,-0.702363,0.402172,-0.152218
150552864923641,131.657130,-2.045148,0.599059,-0.722762
150552874924645,131.667131,-2.80942,0.536696,-0.638318
150552884925795,131.677132,-2.587481,0.40996,-0.277875
150552894926792,131.687133,-1.825178,0.283729,0.333223
150552904927953,131.697134,-0.687555,0.385944,0.489218
150552914928953,131.707135,-0.257516,0.494671,0.012061
150552924930098,131.717136,-0.327281,0.317753,-0.548067
150552934931098,131.727137,-0.869115,0.285487,-0.855649
150552944932023,131.737138,-0.341877,-0.157793,-0.394287
150552954933267,131.747139,0.138925,-0.126889,0.113214
150552964934207,131.757140,0.883933,-0.186838,0.659671
150552974935436,131.767141,1.303444,-0.367202,0.876169
150552984936344,131.777142,1.626937,-0.491609,1.043677
150552994937514,131.787144,1.96441,-0.729144,0.941916
150553004938519,131.797145,1.106583,-0.661472,0.590319
150553014939678,131.807146,-0.312887,-0.378873,0.089898
150553024940668,131.817147,-1.480282,-0.226282,-0.403821
150553034941811,131.827148,-2.582134,-0.253853,-0.721703
150553044942822,131.837149,-3.218984,-0.285964,-0.890363
150553054943974,131.847150,-2.86722,-0.435244,-0.846347
150553064944969,131.857151,-1.739528,-0.754159,-0.671505
150553074946139,131.867152,-0.427299,-1.203159,-0.343546
150553084947153,131.877153,0.983479,-1.625106,-0.049721
150553094948315,131.887154,2.292048,-1.869728,0.103369
150553104949328,131.897155,3.501265,-2.055674,0.270012
150553114950258,131.907156,4.148922,-2.119401,0.171818
150553124951412,131.917157,3.290276,-1.916462,-0.178006
150553134952641,131.927159,1.207989,-1.43739,-0.891132
150553144953641,131.937160,-0.911051,-1.006979,-1.393506
150553154954551,131.947161,-2.781333,-1.1757,-1.232779
150553164955720,131.957162,-2.76007,-1.230327,-1.025281
150553174956705,131.967163,-2.40724,-0.881455,-0.895637
150553184957859,131.977164,-1.509107,-0.373539,-0.798236
150553194958846,131.987165,-0.945984,-0.157979,-0.952106
150553204960000,131.997166,-0.697802,0.148152,-1.153676
150553214961004,132.007167,-0.784813,0.11092,-1.27481
150553224962233,132.017168,-0.997784,-0.017525,-0.660172
150553234963161,132.027169,-0.698289,-0.085609,-0.025006
150553244964319,132.037170,0.830609,-0.342728,0.729578
150553254965293,132.047171,2.406314,-0.039414,0.932611
150553264966445,132.057172,4.047107,0.125327,0.71128
150553274967445,132.067173,4.828848,-0.070036,0.657681
150553284968601,132.077175,3.736578,-0.071963,0.473184
150553294969599,132.087176,3.56646,-0.539916,0.98674
150553304970752,132.097177,4.073495,-0.729027,1.701199
150553314971676,132.107178,3.635583,-0.414545,1.729798
150553324972901,132.117179,3.618193,-0.498319,2.259654
150553334973903,132.127180,2.2165,0.617162,1.23825
150553344975059,132.137181,-0.393369,1.346554,0.026443
150553354975987,132.147182,-2.757876,1.819722,-0.80188
150553364977223,132.157183,-4.701671,1.935443,-1.134853
150553374978146,132.167184,-5.540623,1.79316,-0.732728
150553384979158,132.177185,-4.215619,1.609128,0.243207
150553394980326,132.187186,-0.89546,0.859977,1.571886
150553404981326,132.197187,1.687717,0.789784,1.727869
150553414982475,132.207188,4.26311,0.497296,1.649738
150553424983461,132.217189,5.129019,0.268245,1.441584
150553434984704,132.227191,3.197712,0.446974,0.800637
150553444985624,132.237192,0.966949,0.246687,0.335778
150553454986778,132.247193,-0.382565,0.018572,0.242073
150553464987762,132.257194,0.351618,0.121488,0.225667
150553474988918,132.267195,-0.142959,0.364178,-0.208213
150553484989918,132.277196,0.880243,0.334078,-0.470992
150553494991077,132.287197,1.161437,0.190028,-0.566151
150553504992082,132.297198,0.580696,0.262389,-0.908428
150553514993233,132.307199,0.361747,-0.388237,-0.82331
150553524994143,132.317200,0.777806,-0.701859,-0.048144
150553534995368,132.327201,1.981277,-0.913923,0.877594
150553544996349,132.337202,2.792406,-1.146539,1.206188
150553554997493,132.347203,2.247368,-1.299825,1.013025
150553564998493,132.357204,0.888838,-1.278088,0.486209
150553574999649,132.367206,-0.462148,-0.853966,-0.17723
150553585000642,132.377207,-1.896477,-0.582941,-0.739484
150553595001796,132.387208,-2.863646,-0.627423,-0.625117
150553605002738,132.397209,-3.82563,-0.865883,-0.246442
150553615003755,132.407210,-4.303803,-0.982238,0.094694
150553625004998,132.417211,-2.259517,-1.296271,1.188465
150553635005918,132.427212,-0.406706,-1.433108,1.582509
150553645007147,132.437213,0.821057,-1.51896,1.373388
150553655008082,132.447214,0.847678,-1.495317,0.604971
150553665009236,132.457215,-0.730326,-1.06003,-0.681547
150553675010236,132.467216,-2.421352,-0.239731,-1.766818
150553685011385,132.477217,-3.91751,0.094878,-2.091711
150553695012385,132.487218,-4.64556,0.224664,-1.971339
150553705013552,132.497220,-4.696243,0.239412,-1.836824
150553715014539,132.507221,-3.675411,-0.23888,-1.0276
150553725015705,132.517222,-1.4012,-0.624177,0.090865
150553735016709,132.527223,0.432358,-0.792737,0.422266
150553745017874,132.537224,2.303282,-0.944026,0.180548
150553755018872,132.547225,4.204032,-0.994169,-0.058203
150553765020031,132.557226,4.501912,-0.688807,-0.678325
150553775021033,132.567227,2.807237,-0.603893,-1.158352
150553785022172,132.577228,0.843455,-0.650759,-1.022962
150553795023172,132.587229,0.839005,-0.185402,-0.655806
150553805024311,132.597230,1.489049,0.015947,-0.188408
150553815025257,132.607231,2.028071,-0.261089,0.182006
150553825026488,132.617232,2.20121,-0.103135,-0.164962
150553835027488,132.627233,2.080851,-0.279951,-0.328883
150553845028403,132.637234,2.398545,-0.842038,-0.0824
150553855029632,132.647236,2.794186,-1.007422,0.271103
150553865030562,132.657237,2.66091,-1.087703,0.61161
150553875031716,132.667238,2.556255,-0.870313,0.712404
150553885032706,132.677239,1.713923,-0.122487,0.517012
150553895033935,132.687240,-0.103404,0.324272,0.161657
150553905034879,132.697241,-2.623396,0.529362,0.096323
150553915036108,132.707242,-3.954904,0.44088,0.361189
150553925037261,132.717243,-4.520402,0.768172,0.672609
150553935038195,132.727244,-2.977695,0.687008,1.432304
150553945039206,132.737245,-0.59299,0.148535,2.137666
150553955040354,132.747246,0.99081,0.294695,1.967634
150553965041345,132.757247,1.980731,0.343115,1.706059
150553975042499,132.767248,2.505769,0.463244,1.361965
150553985043499,132.777249,2.057313,0.550993,1.420433
150553995044653,132.787251,1.026945,0.639143,1.663252
150554005045636,132.797252,0.790049,0.45679,2.03146
150554015046785,132.807253,1.72191,0.171845,2.376551
150554025047785,132.817254,2.778873,-0.205746,2.376255
150554035048951,132.827255,3.081579,-0.275014,1.961618
150554045049946,132.837256,2.35725,-0.022244,0.963849
150554055051098,132.847257,0.442342,0.554613,-0.248974
150554065052104,132.857258,-1.621676,1.103165,-1.104391
150554075053267,132.867259,-2.976787,0.914211,-1.294896
150554085054265,132.877260,-3.64483,0.64025,-0.873118
150554095055417,132.887261,-1.796705,0.362863,-0.040657
150554105056340,132.897262,0.874957,-0.331515,1.057874
150554115057556,132.907264,2.787045,-0.586277,1.277295
150554125058551,132.917265,4.010204,-0.928494,1.128711
150554135059704,132.927266,4.041758,-1.203008,0.685805
150554145060633,132.937267,2.125139,-0.908574,-0.032263
150554155061873,132.947268,-0.337793,-0.558588,-0.550572
150554165062796,132.957269,-1.786656,-0.567311,-0.433353
150554175064027,132.967270,-2.47331,-0.326813,-0.32494
150554185065022,132.977271,-2.958778,-0.021892,-0.364492
150554195065966,132.987272,-2.530537,-0.054148,-0.394092
150554205067125,132.997273,-1.649002,-0.090357,-0.375535
150554215068101,133.007274,-0.510769,-0.247633,-0.408542
150554225069238,133.017275,0.030938,-0.318754,-0.571753
150554235070240,133.027276,0.018109,-0.42226,-0.560022
150554245071390,133.037277,-0.317258,-0.640462,-0.284315
150554255072385,133.047278,-0.403114,-0.63247,0.121204
150554265073532,133.057280,0.384562,-0.859165,0.541788
150554275074519,133.067281,0.63712,-0.836763,0.494007
150554285075673,133.077282,0.465996,-0.739053,-0.015325
150554295076673,133.087283,-0.678931,-0.498904,-0.915241
150554305077830,133.097284,-1.201594,-0.361848,-1.365616
150554315078813,133.107285,-1.464395,-0.216017,-1.487829
150554325079952,133.117286,-1.666524,-0.158602,-1.461258
150554335080950,133.127287,-1.565036,-0.114172,-1.276245
150554345082092,133.137288,-1.539238,-0.038425,-1.089272
150554355083090,133.147289,-0.911561,-0.080992,-0.780233
150554365084253,133.157290,0.519226,-0.382054,-0.380155
150554375085156,133.167291,0.672354,-0.293037,-0.276052
150554385086387,133.177292,1.154094,-0.49577,-0.110405
150554395087382,133.187293,1.543346,-0.47922,0.040254
150554405088536,133.197295,1.391315,-0.438035,0.037399
150554415089551,133.207296,1.336062,-0.520036,0.248581
150554425090705,133.217297,0.955976,-0.25292,0.19993
150554435091695,133.227298,0.821941,-0.221841,0.225244
150554445092854,133.237299,0.329824,0.091398,-0.174315
150554455093854,133.247300,-0.30611,0.684133,-0.733918
150554465095022,133.257301,-1.233124,0.964346,-1.075028
150554475095945,133.267302,-1.73573,0.672372,-0.618017
150554485097181,133.277303,-0.684241,0.266289,0.488627
150554495098210,133.287304,0.628987,0.076124,1.30839
150554505099149,133.297305,2.354366,-0.104435,1.677394
150554515100303,133.307306,2.709956,-0.004724,1.351124
150554525101532,133.317308,1.957521,0.420156,0.72141
150554535102547,133.327309,0.791966,0.727183,0.116153
150554545103700,133.337310,-0.684449,1.259982,-0.308626
150554555104614,133.347311,-1.631277,1.297942,-0.04704
150554565105621,133.357312,-1.73125,1.074324,0.794497
150554575106774,133.367313,-1.08958,1.043344,1.695814
150554585107785,133.377314,0.484377,0.510991,2.334824
150554595108941,133.387315,1.734548,-0.111884,2.496352
150554605109941,133.397316,2.694471,-0.275739,2.113605
150554615111093,133.407317,3.252435,-0.458173,1.883597
150554625112109,133.417318,1.920061,-0.146931,1.295563
150554635113261,133.427319,-0.59955,0.073609,0.761014
150554645114263,133.437320,-2.189459,-0.051364,0.72075
150554655115432,133.447321,-2.910394,0.056004,0.595165
150554665116651,133.457323,-3.388662,0.247468,0.427958
150554675117574,133.467324,-2.857123,0.064437,0.208702
150554685118548,133.477325,-2.637919,0.116543,-0.210665
150554695119702,133.487326,-2.186786,-0.150492,-0.704425
150554705120686,133.497327,-1.5619,-0.331483,-0.828258
150554715121825,133.507328,-1.141908,-0.492219,-0.938618
150554725122811,133.517329,-0.439393,-0.972177,-0.60509
150554735123969,133.527330,-0.113152,-1.063225,-0.306094
150554745124955,133.537331,0.85727,-1.077124,-0.10074
150554755126093,133.547332,1.269822,-1.019184,-0.273835
150554765127109,133.557333,0.515603,-0.740631,-0.807766
150554775128034,133.567334,-0.350474,-0.615602,-1.135261
150554785129257,133.577335,-0.679198,-0.358088,-1.329851
150554795130398,133.587336,-0.759094,-0.522142,-0.929653
150554805131381,133.597337,-0.27109,-0.904424,-0.037549
150554815132537,133.607339,0.641458,-1.0663,0.662829
150554825133460,133.617339,2.246421,-1.297232,1.124601
150554835134689,133.627341,3.159865,-1.438149,1.118491
150554845135675,133.637342,3.004528,-1.544764,0.953037
150554855136829,133.647343,2.13944,-1.515638,0.67762
150554865137766,133.657344,0.390411,-1.084951,0.134073
150554875138983,133.667345,-1.2876,-0.786739,-0.203621
150554885140012,133.677346,-2.582801,-0.392252,-0.307208
150554895141194,133.687347,-3.436201,0.146626,-0.45469
150554905142218,133.697348,-4.064289,0.236156,-0.539218
150554915143139,133.707349,-3.72681,0.242536,-0.425724
150554925144372,133.717350,-2.715142,0.265655,-0.187597
150554935145526,133.727352,-1.150921,-0.04359,0.068967
150554945146464,133.737352,-0.303161,-0.268151,0.238953
150554955147437,133.747353,0.669158,-0.399385,0.32161
150554965148581,133.757355,1.20743,-0.617674,0.477331
150554975149809,133.767356,1.543224,-0.626905,0.552264
150554985150824,133.777357,1.714179,-0.442429,0.433072
150554995151968,133.787358,1.238237,-0.085012,-0.008397
150555005152891,133.797359,0.260735,0.256723,-0.526041
150555015153893,133.807360,-0.879719,0.815011,-0.951915
150555025155108,133.817361,-1.481091,1.055572,-0.962124
150555035156047,133.827362,-1.022627,1.104255,-0.6711
150555045157262,133.837363,-0.473295,1.415365,-0.458148
150555055158187,133.847364,0.130713,1.133951,0.185058
150555065159326,133.857365,1.298801,0.684978,0.979163
150555075160312,133.867366,2.871518,0.166388,1.610407
150555085161451,133.877367,4.148136,-0.065854,1.588841
150555095162451,133.887368,5.435945,-0.190478,1.752744
150555105163625,133.897370,5.589504,-0.15919,1.728258
150555115164634,133.907371,4.114042,0.167883,1.409692
150555125165788,133.917372,1.514133,0.692528,0.750553
150555135166796,133.927373,-0.454385,0.608486,0.570067
150555145167966,133.937374,-1.655173,0.515092,0.493881
150555155168986,133.947375,-2.489831,0.714886,0.04937
150555165170219,133.957376,-2.428256,0.605597,-0.36043
150555175171375,133.967377,-1.561342,0.125762,-0.660074
150555185172301,133.977378,-0.583907,-0.223182,-0.532988
150555195173303,133.987379,0.619537,-0.267747,-0.243235
150555205174440,133.997380,1.36861,-0.338819,0.30397
150555215175437,134.007381,1.168089,-0.24931,0.872842
150555225176604,134.017383,0.291078,9.19E-4,1.20113
150555235177606,134.027384,-0.285799,0.010469,1.275585
150555245178760,134.037385,-0.617931,-0.002652,1.294576
150555255179758,134.047386,-0.819429,0.045731,1.177781
150555265180918,134.057387,-0.696595,-0.171784,1.237402
150555275181916,134.067388,0.126236,-0.356253,1.295905
150555285183058,134.077389,0.477363,-0.524929,1.329674
150555295184058,134.087390,-0.208533,-0.607321,1.067218
150555305185212,134.097391,-0.568837,-0.612802,0.73702
150555315186217,134.107392,-1.094217,-0.545959,0.429554
150555325187364,134.117393,-2.243094,-0.223395,-0.273018
150555335188366,134.127394,-3.058776,0.162766,-0.801125
150555345189513,134.137396,-3.445003,0.34538,-1.130251
150555355190520,134.147397,-3.580519,0.215638,-1.300963
150555365191656,134.157398,-3.235831,-0.123246,-1.044482
150555375192658,134.167399,-1.540298,-0.898318,-0.04439
150555385193837,134.177400,0.489554,-1.443786,0.702651
150555395194846,134.187401,2.227401,-1.828316,0.890202
150555405195984,134.197402,3.509127,-2.217257,0.704753
150555415196984,134.207403,3.410618,-2.121607,-0.067113
150555425198138,134.217404,1.047434,-1.265877,-1.662668
150555435199140,134.227405,-1.625882,-0.463568,-2.676146
150555445200292,134.237406,-3.724203,-0.193338,-2.83299
150555455201292,134.247407,-4.932361,-0.140567,-2.442082
150555465202446,134.257408,-4.13314,-0.026363,-1.473813
150555475203436,134.267409,-0.659431,-0.611871,0.17367
150555485204590,134.277411,1.781794,-0.808629,0.519648
150555495205597,134.287412,3.852795,-1.071443,0.536476
150555505206748,134.297413,5.026903,-0.945012,0.100802
150555515207744,134.307414,4.127822,-0.651745,-0.232987
150555525208897,134.317415,2.166918,-0.470053,-0.001933
150555535209900,134.327416,0.981312,-0.556896,0.761827
150555545211060,134.337417,1.038623,-0.480311,1.52038
150555555212050,134.347418,1.104997,0.103773,1.712165
150555565213204,134.357419,0.658198,0.436919,1.025618
150555575214123,134.367420,-0.018899,0.548388,0.150378
150555585215370,134.377421,-1.15411,0.990767,-0.58643
150555595216368,134.387422,-1.962986,1.090044,-0.398948
150555605217508,134.397424,-2.306641,0.989133,0.546282
150555615218507,134.407425,-1.449882,0.760035,1.655585
150555625219423,134.417425,0.271185,0.838861,2.160946
150555635220654,134.427427,1.027182,1.224199,1.486972
150555645221815,134.437428,0.490536,1.656364,0.396891
150555655222815,134.447429,-0.636074,1.61726,-0.408782
150555665223962,134.457430,-0.626589,0.977112,-0.183327
150555675224883,134.467431,-0.18604,1.019275,0.16282
150555685226114,134.477432,0.597622,1.567229,0.31466
150555695227114,134.487433,1.329365,1.696718,0.198075
150555705228253,134.497434,1.826775,1.26794,0.175037
150555715229253,134.507435,2.918551,0.856179,0.372542
150555725230397,134.517436,3.678119,0.387782,0.797373
150555735231403,134.527437,4.366399,-0.177359,1.3577
150555745232556,134.537439,5.474752,-0.625346,1.600289
150555755233556,134.547440,6.635822,-0.961467,2.004973
150555765234491,134.557440,5.965405,-0.597341,1.739498
150555775235733,134.567442,2.953724,0.304441,0.547258
150555785236904,134.577443,-0.19419,0.927627,-0.277442
150555795237887,134.587444,-3.339397,1.312692,-0.782681
150555805239037,134.597445,-5.836076,1.746824,-1.387422
150555815239955,134.607446,-5.906494,1.08039,-0.592276
150555825240966,134.617447,-3.105117,0.314033,0.720017
150555835242120,134.627448,0.668555,-0.481707,1.619033
150555845243344,134.637449,3.539655,-0.623693,1.584757
150555855244373,134.647450,4.199106,-0.512876,1.037543
150555865245527,134.657452,1.806983,-0.218669,0.317443
150555875246512,134.667453,-1.232318,-0.283478,0.265242
150555885247675,134.677454,-2.004253,-0.820739,1.116556
150555895248675,134.687455,-2.5032,-0.935774,1.737822
150555905249848,134.697456,-1.183757,-0.961592,2.304614
150555915250767,134.707457,0.022207,-1.254204,2.417425
150555925251769,134.717458,0.806164,-1.477767,1.692488
150555935253011,134.727459,0.157277,-1.368177,0.38127
150555945254170,134.737460,-2.050109,-0.829638,-1.164472
150555955255155,134.747461,-4.052208,-0.00594,-2.17956
150555965256309,134.757462,-5.472328,-0.11508,-2.253078
150555975257324,134.767463,-6.092636,-0.288077,-2.107807
150555985258492,134.777464,-5.834435,-0.448358,-1.326073
150555995259492,134.787465,-3.299742,-0.418581,-0.407598
150556005260651,134.797467,-0.965462,-0.390955,0.032854
150556015261627,134.807468,0.727778,-0.351664,-0.35167
150556025262786,134.817469,2.079869,-0.94448,-0.521536
150556035263773,134.827470,2.638692,-1.494965,-0.874638
150556045264920,134.837471,3.049358,-1.669358,-0.687834
150556055265935,134.847472,3.162566,-1.549336,-0.090886
150556065267089,134.857473,2.900199,-1.420899,0.487695
150556075268085,134.867474,2.751887,-1.145043,0.865941
150556085269239,134.877475,2.393496,-0.577139,0.467275
150556095270234,134.887476,1.400312,0.034822,-0.556821
150556105271373,134.897477,-0.109701,0.464121,-1.33804
150556115272358,134.907478,-1.338405,0.568488,-1.423745
150556125273284,134.917479,-1.783941,0.478246,-0.824668
150556135274512,134.927481,-0.329692,0.298571,0.432097
150556145275661,134.937482,1.298667,0.195163,1.307493
150556155276661,134.947483,2.684005,0.319847,1.144487
150556165277812,134.957484,2.437099,0.480655,0.541321
150556175278812,134.967485,1.097354,0.504876,0.140174
150556185279964,134.977486,0.134557,0.442669,0.302422
150556195280964,134.987487,0.105669,0.490885,0.652338
150556205282104,134.997488,-0.05634,0.715481,0.91002
150556215283099,135.007489,-0.391803,1.045014,0.679933
150556225284268,135.017490,-1.035095,1.024957,0.286433
150556235285284,135.027491,-1.303672,0.82394,0.129911
150556245286441,135.037492,-0.662728,0.775694,0.009482
150556255287441,135.047493,-0.003433,0.810208,0.015896
150556265288600,135.057495,-0.032758,0.896254,-0.12523
150556275289604,135.067496,0.152999,0.500991,0.1207
150556285290760,135.077497,0.846783,0.036578,0.553695
150556295291746,135.087498,1.555406,-0.260854,1.040914
150556305292897,135.097499,2.341547,-0.528106,1.360057
150556315293897,135.107500,3.056979,-0.828795,1.360782
150556325295051,135.117501,2.559086,-0.616112,0.937176
150556335296051,135.127502,1.287699,-0.518847,0.279875
150556345297190,135.137503,-0.5586,-0.148555,-0.382833
150556355298210,135.147504,-1.973503,0.025954,-0.697186
150556365299363,135.157505,-2.956872,-0.101562,-0.698132
150556375300363,135.167506,-3.343435,0.033426,-0.828259
150556385301532,135.177508,-3.140719,-0.099517,-0.768824
150556395302551,135.187509,-0.458703,-0.694775,-0.006544
150556405303705,135.197510,0.927594,-1.025555,0.538409
150556415304695,135.207511,2.07366,-1.061551,0.737446
150556425305837,135.217512,2.671138,-1.17822,0.519217
150556435306840,135.227513,2.825822,-1.06881,0.299653
150556445307994,135.237514,1.35728,-0.753204,-0.032895
150556455308984,135.247515,-0.499342,-0.534698,-0.285045
150556465310138,135.257516,-1.065331,-0.516687,-0.036796
150556475311152,135.267517,-1.40315,-0.463524,0.435982
150556485312305,135.277518,-0.923315,-0.43959,0.586591
150556495313305,135.287519,0.0864,-0.488519,0.478138
150556505314459,135.297520,0.877916,-0.391163,0.031566
150556515315469,135.307521,0.636883,-0.286311,-0.46913
150556525316638,135.317523,0.117607,-0.32865,-0.357586
150556535317638,135.327524,-0.362474,-0.309266,0.174928
150556545318779,135.337525,-0.195866,-0.548046,0.775938
150556555319783,135.347526,0.051457,-0.637939,1.19365
150556565320949,135.357527,0.515437,-0.638093,1.20344
150556575321954,135.367528,1.511329,-0.647451,0.892884
150556585323120,135.377529,0.84218,-0.439625,0.153365
150556595324120,135.387530,-0.984604,0.105058,-0.610415
150556605325274,135.397531,-1.8037,0.494489,-1.005083
150556615326274,135.407532,-2.305929,0.592566,-1.025747
150556625327427,135.417533,-2.962929,0.619182,-0.716154
150556635328413,135.427534,-2.549801,0.69011,-0.220769
150556645329577,135.437536,-1.103204,0.446252,0.311815
150556655330575,135.447537,-0.693529,0.166236,0.404297
150556665331758,135.457538,1.130994,-0.407482,0.761901
150556675332759,135.467539,2.305108,-0.748339,1.062998
150556685333910,135.477540,3.734698,-0.839396,1.317687
150556695334912,135.487541,3.705217,-0.777286,1.2288
150556705336057,135.497542,1.988826,-0.410642,0.595676
150556715337055,135.507543,0.049693,-0.190597,-0.262113
150556725338286,135.517544,-1.795125,0.050747,-0.730495
150556735339211,135.527545,-1.990788,-0.17725,-0.307247
150556745340374,135.537546,-2.552046,-0.236911,0.070221
150556755341355,135.547547,-1.856901,-0.182665,0.498172
150556765342499,135.557548,-0.376202,-0.409175,0.801902
150556775343738,135.567550,0.675385,-0.534263,0.699368
150556785344656,135.577551,0.634792,-0.769557,0.459681
150556795345673,135.587552,0.111485,-0.964235,0.238721
150556805346827,135.597553,-0.699876,-0.885101,-0.004925
150556815347825,135.607554,-1.607145,-0.681331,-0.323405
150556825348991,135.617555,-2.056151,-0.609882,-0.39795
150556835350214,135.627556,-2.491356,-0.586477,-0.361949
150556845351148,135.637557,-2.729938,-0.299573,-0.506976
150556855352135,135.647558,-2.489688,-0.004184,-0.711807
150556865353363,135.657559,-2.12136,-0.183175,-0.722249
150556875354517,135.667561,-1.203981,-0.7154,-0.314807
150556885355431,135.677561,-0.146946,-0.897469,0.171257
150556895356662,135.687563,1.478609,-0.861826,0.541742
150556905357570,135.697564,2.576028,-0.729791,0.529574
150556915358558,135.707565,2.734218,-0.341139,0.20339
150556925359678,135.717566,2.180119,0.019793,-0.13223
150556935360668,135.727567,0.809155,0.183832,-0.258987
150556945361902,135.737568,-0.014361,0.0433,0.320103
150556955362813,135.747569,0.713091,-0.162863,1.032061
150556965363952,135.757570,1.836583,0.059106,1.23149
150556975364952,135.767571,2.592144,0.41228,0.738973
150556985366177,135.777572,2.698163,0.359138,0.392165
150556995367106,135.787573,2.318181,0.211113,0.264996
150557005368260,135.797574,1.734521,0.066928,0.657146
150557015369488,135.807575,1.154061,0.199543,1.139757
150557025370465,135.817576,1.144449,0.21965,1.700686
150557035371419,135.827577,1.388768,-0.0667,2.004177
150557045372572,135.837579,1.441968,-0.118228,1.985569
150557055373587,135.847580,1.191321,-0.071531,1.379109
150557065374825,135.857581,0.284163,0.23199,0.509195
150557075375988,135.867582,-1.281824,0.747826,-0.409526
150557085377008,135.877583,-3.086751,1.035046,-0.92366
150557095378166,135.887584,-4.3384,1.218214,-1.109714
150557105379181,135.897585,-4.520925,1.206229,-0.860445
150557115380106,135.907586,-3.160263,0.97199,-0.34288
150557125381330,135.917587,-1.110157,0.514698,0.202404
150557135382484,135.927588,0.562355,0.142882,0.252503
150557145383498,135.937589,2.468414,-0.039612,0.084231
150557155384637,135.947591,3.519921,-0.429345,0.051438
150557165385574,135.957592,4.392191,-0.674754,0.401249
150557175386805,135.967593,4.089543,-0.631307,0.56203
150557185387805,135.977594,2.520635,-0.460531,0.408747
150557195388959,135.987595,1.153329,-0.303331,0.180422
150557205389988,135.997596,0.207231,-0.294385,-0.145395
150557215391136,136.007597,0.024449,-0.169427,-0.584847
150557225392117,136.017598,0.080888,-0.047621,-0.938112
150557235393273,136.027599,-0.079466,-0.065156,-1.217937
150557245394257,136.037600,-0.190872,-0.08178,-1.198812
150557255395411,136.047601,0.236737,-0.143602,-0.997773
150557265396410,136.057602,0.708722,-0.37054,-0.576568
150557275397560,136.067604,1.480048,-0.556251,-0.08611
150557285398581,136.077605,2.30729,-0.732049,0.249946
150557295399735,136.087606,2.795899,-0.70757,0.287156
150557305400730,136.097607,2.419403,-0.786618,0.225024
150557315401877,136.107608,1.774753,-1.069544,0.372042
150557325402872,136.117609,1.136077,-1.244336,0.399108
150557335404026,136.127610,0.346899,-1.051495,0.074682
150557345405028,136.137611,-0.432505,-0.504457,-0.653696
150557355406168,136.147612,-1.579279,0.025116,-1.363001
150557365407396,136.157613,-2.805663,-0.00354,-1.444084
150557375408320,136.167614,-3.461489,-0.234401,-1.023775
150557385409308,136.177615,-2.772749,-0.313604,-0.359701
150557395410452,136.187616,-0.968236,-0.595484,0.31869
150557405411461,136.197617,0.727799,-0.903346,0.613884
150557415412601,136.207619,1.836397,-1.165949,0.517788
150557425413830,136.217620,2.407541,-1.354987,0.29524
150557435414830,136.227621,1.513677,-1.29772,-0.098411
150557445415760,136.237622,-0.059332,-1.01022,-0.514873
150557455416913,136.247623,-1.294579,-0.763305,-0.760788
150557465417909,136.257624,-2.675065,-0.470238,-0.936246
150557475419138,136.267625,-3.292553,-0.341979,-0.998077
150557485420292,136.277626,-3.630547,-0.082746,-1.258929
150557495421224,136.287627,-3.123261,0.126502,-1.549735
150557505422231,136.297628,-2.267655,0.508737,-2.037863
150557515423390,136.307629,-1.963311,0.793936,-2.468693
150557525424374,136.317630,-1.723755,0.566576,-2.301989
150557535425529,136.327632,-1.473483,-0.403323,-1.259887
150557545426757,136.337633,0.31963,-0.993696,-0.096826
150557555427685,136.347634,2.783739,-0.840838,0.359383
150557565428910,136.357635,4.996769,-0.417855,-0.040321
150557575429912,136.367636,5.852261,0.039729,-0.59725
150557585431064,136.377637,3.630138,0.202054,-1.051396
150557595432059,136.387638,1.758996,-0.402943,-0.560084
150557605433213,136.397639,1.793052,-0.554737,0.292885
150557615434218,136.407640,2.231284,-0.148431,0.861864
150557625435379,136.417641,2.478507,-0.101616,1.101799
150557635436393,136.427642,1.783288,0.224508,0.78904
150557645437545,136.437644,0.030133,0.608234,0.159744
150557655438545,136.447645,-1.263883,0.942237,-0.184443
150557665439695,136.457646,-2.771398,1.435957,-0.122533
150557675440685,136.467647,-3.790226,1.191077,0.713863
150557685441853,136.477648,-2.657732,0.816598,1.903704
150557695442855,136.487649,-0.2948,0.372154,2.559632
150557705444039,136.497650,1.138228,-0.106682,2.519861
150557715445051,136.507651,1.580862,0.064599,1.630084
150557725446205,136.517652,2.062072,-0.125523,0.687412
150557735447202,136.527653,1.324798,-0.137969,0.048548
150557745448355,136.537654,-0.293695,0.279557,-0.560633
150557755449346,136.547655,-1.692224,0.411712,-0.683953
150557765450500,136.557657,-2.954013,0.268669,-0.8082
150557775451500,136.567658,-3.097973,-0.112439,-0.795958
150557785452663,136.577659,-2.174307,-0.063543,-0.96979
150557795453678,136.587660,-0.64959,-0.433243,-0.851354
150557805454822,136.597661,0.432256,-0.805792,-0.827378
150557815455822,136.607662,1.587507,-1.273038,-0.828071
150557825456962,136.617663,2.746036,-1.673993,-0.579351
150557835457962,136.627664,3.049986,-1.547113,-0.332961
150557845459200,136.637665,2.75964,-1.394734,-0.130471
150557855460359,136.647666,2.281472,-1.050037,-0.060422
150557865461253,136.657667,1.327872,-0.744905,-0.021756
150557875462484,136.667668,-0.052305,-0.274527,-0.187399
150557885463474,136.677669,-0.761711,0.14518,-0.278596
150557895464628,136.687671,-1.033126,-0.093194,0.184331
150557905465537,136.697672,-0.334837,-0.616755,0.792642
150557915466767,136.707673,1.607223,-1.228544,1.196329
150557925467767,136.717674,3.021235,-1.394952,0.977695
150557935468935,136.727675,3.538829,-1.306529,0.666699
150557945469931,136.737676,3.566882,-1.239296,0.786749
150557955471080,136.747677,1.742648,-0.462476,0.650495
150557965471993,136.757678,-1.091095,-0.134368,0.686052
150557975473210,136.767679,-2.837196,-0.389267,1.274485
150557985474217,136.777680,-3.472972,-0.243533,1.721703
150557995475371,136.787681,-2.81655,0.068605,1.779244
150558005476369,136.797682,-1.591432,0.330668,1.402316
150558015477522,136.807684,-0.943913,0.576014,0.681364
150558025478518,136.817685,-1.724438,1.018116,-0.232849
150558035479457,136.827685,-3.295212,0.906523,-0.401647
150558045480702,136.837687,-3.718939,0.437463,0.130836
150558055481856,136.847688,-2.480651,-0.220841,1.110643
150558065482850,136.857689,-0.497061,-0.59626,1.707567
150558075484001,136.867690,1.552287,-0.648425,1.656439
150558085485001,136.877691,2.546735,-0.304236,0.912077
150558095486168,136.887692,2.351518,-0.569821,0.369418
150558105487168,136.897693,2.321433,-0.929158,0.148172
150558115488397,136.907694,1.874381,-0.987244,0.135811
150558125489565,136.917696,0.843992,-0.693069,0.20583
150558135490492,136.927696,0.025332,-0.55687,0.432766
150558145491499,136.937697,-0.119719,-0.495912,0.793577
150558155492672,136.947699,-0.229281,-0.31334,0.643403
150558165493672,136.957700,-0.800256,-0.241853,0.2878
150558175494826,136.967701,-1.076806,-0.255012,0.018692
150558185496055,136.977702,-1.268082,-0.529735,0.126237
150558195497055,136.987703,-1.238221,-0.610474,0.508862
150558205497980,136.997704,-0.8868,-0.691925,0.825039
150558215499204,137.007705,-0.326149,-0.901578,0.967671
150558225500344,137.017706,0.108469,-1.056128,0.887673
150558235501358,137.027707,-0.092741,-1.257772,0.796664
150558245502516,137.037709,-0.313574,-0.993677,0.388205
150558255503517,137.047710,-0.683243,-0.805686,0.013378
150558265504442,137.057710,-1.451215,-0.536024,-0.445811
150558275505595,137.067712,-2.529998,-0.486632,-0.549117
150558285506812,137.077713,-2.841767,-0.492097,-0.550196
150558295507795,137.087714,-2.238057,-0.215911,-0.614898
150558305508935,137.097715,-1.854582,0.415082,-0.948094
150558315509939,137.107716,-1.459719,0.60445,-1.1108
150558325511100,137.117717,-0.890902,0.541214,-0.999803
150558335512091,137.127718,-0.399755,-0.040178,-0.411232
150558345513243,137.137719,0.56998,-0.599914,0.47176
150558355514245,137.147720,2.22953,-0.640292,1.085075
150558365515395,137.157721,3.908649,-0.27883,1.001625
150558375516624,137.167723,4.7187,0.07592,0.809172
150558385517542,137.177724,4.25815,0.250413,0.509843
150558395518549,137.187725,2.824738,0.320385,0.498936
150558405519716,137.197726,1.382898,0.270132,0.870664
150558415520698,137.207727,1.368496,0.37714,1.439588
150558425521852,137.217728,1.97024,0.639396,1.844381
150558435523075,137.227729,2.446361,0.67469,1.988112
150558445524075,137.237730,2.117602,0.688381,1.705146
150558455525000,137.247731,1.443527,0.884733,1.188662
150558465526229,137.257732,0.487164,1.142849,0.987167
150558475527388,137.267733,-0.795373,1.208047,1.149048
150558485528388,137.277734,-1.456679,1.031438,1.724436
150558495529537,137.287736,-1.701189,0.794641,2.366745
150558505530455,137.297736,-1.004049,0.664955,2.771818
150558515531457,137.307737,-0.078124,0.565835,2.586581
150558525532611,137.317739,0.62043,0.607004,1.698155
150558535533840,137.327740,-0.362546,0.905138,0.246479
150558545534858,137.337741,-2.085475,1.198724,-0.586968
150558555536012,137.347742,-3.05023,1.005561,-0.85447
150558565537017,137.357743,-3.663842,0.691634,-1.013044
150558575537942,137.367744,-3.49923,0.786859,-0.77012
150558585539159,137.377745,-2.366555,0.882149,-0.342848
150558595540312,137.387746,-0.74354,0.424534,0.219118
150558605541311,137.397747,0.691881,0.473389,0.091655
150558615542471,137.407748,1.891011,0.342136,0.0843
150558625543479,137.417749,2.619095,-0.18563,0.295223
150558635544635,137.427751,3.284245,-0.683146,0.756933
150558645545644,137.437752,4.390182,-0.966066,1.347078
150558655546798,137.447753,4.83484,-1.318932,1.828447
150558665547806,137.457754,5.456838,-1.504844,2.177659
150558675548965,137.467755,5.013477,-1.342737,2.166318
150558685549966,137.477756,2.513605,-0.768103,1.315217
150558695551120,137.487757,-0.409896,-0.398898,0.605645
150558705552125,137.497758,-3.192458,-0.375267,0.626435
150558715553270,137.507759,-4.789,-0.178987,0.949085
150558725554499,137.517760,-5.151655,-0.090298,1.441794
150558735555484,137.527761,-3.943532,-0.142338,1.909606
150558745556624,137.537763,-1.986291,-0.257921,2.041189
150558755557624,137.547764,-0.516589,-0.615191,1.627029
150558765558762,137.557765,-0.254993,-0.858408,0.9747
150558775559682,137.567766,-0.756822,-0.824682,0.271854
150558785560916,137.577767,-1.39525,-0.644422,-0.137682
150558795561916,137.587768,-1.897669,-0.344958,-0.41127
150558805563070,137.597769,-2.645445,0.029005,-0.638446
150558815564061,137.607770,-2.787828,-0.118789,-0.464804
150558825565217,137.617771,-2.232977,-0.041689,-0.45852
150558835566191,137.627772,-1.504498,-0.154481,-0.304397
150558845567332,137.637773,-0.037413,-0.239196,-0.241944
150558855568327,137.647774,1.186002,0.132386,-0.602872
150558865569479,137.657775,1.85091,0.720701,-1.300245
150558875570479,137.667776,1.773274,1.281817,-2.048754
150558885571635,137.677778,0.716415,1.563568,-2.18694
150558895572659,137.687779,-0.076589,1.797788,-1.443566
150558905573813,137.697780,0.223588,1.915531,-0.225673
150558915574813,137.707781,2.053051,1.698834,1.157187
150558925575980,137.717782,3.949857,1.103873,1.941418
150558935576982,137.727783,5.640479,0.538068,2.367916
150558945578238,137.737784,6.758178,0.389068,2.152077
150558955579182,137.747785,7.166233,0.592295,1.772203
150558965580411,137.757786,6.656838,0.984335,1.87209
150558975581560,137.767788,5.100454,1.35175,2.430842
150558985582555,137.777789,3.310008,1.80052,3.071302
150558995583709,137.787790,2.112242,1.899109,3.890814
150559005584709,137.797791,1.404318,1.884793,4.508959
150559015585892,137.807792,1.046564,1.90109,4.310673
150559025586906,137.817793,0.674852,1.662036,3.593706
150559035588076,137.827794,0.356731,1.322527,2.581621
150559045589074,137.837795,-0.026985,1.015821,1.701343
150559055590228,137.847796,-0.959033,0.843455,0.961367
150559065591229,137.857797,-2.261988,0.818983,0.291706
150559075592383,137.867798,-3.293715,0.971592,-0.412172
150559085593370,137.877799,-3.875116,0.84482,-0.869599
150559095594524,137.887801,-3.882814,0.560092,-1.013852
150559105595517,137.897802,-3.719968,0.303689,-1.034799
150559115596672,137.907803,-2.74802,-0.163329,-1.014411
150559125597670,137.917804,-1.613621,-0.657219,-1.15841
150559135598795,137.927805,-1.059845,-1.118124,-1.668455
150559145599783,137.937806,-0.546762,-1.512497,-2.312699
150559155600942,137.947807,-0.421998,-1.738081,-3.138868
150559165601947,137.957808,-0.531769,-1.91671,-3.244902
150559175603186,137.967809,-0.713846,-1.88194,-2.757182
150559185604111,137.977810,-0.979402,-1.703442,-2.084116
150559195605265,137.987811,-1.098813,-1.698043,-1.121667
150559205606265,137.997812,-1.109412,-1.508281,-0.400377
150559215607494,138.007813,-1.175438,-1.327777,-0.202661
150559225608619,138.017815,-1.152028,-1.205885,-0.355782
150559235609614,138.027816,-1.147483,-0.943598,-0.392989
150559245610768,138.037817,-1.017908,-0.898902,-0.046872
150559255611768,138.047818,-0.542376,-0.827412,0.569406
150559265612921,138.057819,0.091292,-0.725726,1.29281
150559275613845,138.067820,0.788271,-0.749519,1.837518
150559285615075,138.077821,1.636941,-0.646605,2.234675
150559295616082,138.087822,2.183002,-0.616044,2.445945
150559305617236,138.097823,2.422067,-0.577584,2.55995
150559315618248,138.107824,2.198011,-0.423337,2.522038
150559325619404,138.117825,1.305124,-0.320923,2.307253
150559335620404,138.127826,0.680068,-0.349262,2.150607
150559345621553,138.137828,0.668845,-0.240176,2.13096
150559355622543,138.147829,0.595022,-0.10418,2.149268
150559365623695,138.157830,0.020947,-0.064025,2.016318
150559375624709,138.167831,-0.458335,0.126161,1.999689
150559385625930,138.177832,-0.787618,0.265687,1.828858
150559395627080,138.187833,-0.868937,0.214191,1.69113
150559405628003,138.197834,-0.945836,0.35297,1.335627
150559415629009,138.207835,-0.96026,0.465013,1.05336
150559425630163,138.217836,-0.942871,0.516648,0.900969
150559435631396,138.227837,-1.00438,0.663622,0.71052
150559445632396,138.237838,-1.065411,0.704868,0.488774
150559455633555,138.247840,-1.042493,0.698372,0.284241
150559465634557,138.257841,-1.358532,0.723622,0.06878
150559475635711,138.267842,-1.175444,0.648417,-0.039906
150559485636709,138.277843,-0.642077,0.523415,-0.117642
150559495637867,138.287844,-0.191889,0.52002,-0.241133
150559505638867,138.297845,0.357657,0.561402,-0.428506
150559515640021,138.307846,0.445642,0.727771,-0.772332
150559525641007,138.317847,0.458778,0.604075,-0.752443
150559535642163,138.327848,0.691954,0.166597,-0.398052
150559545643173,138.337849,1.453492,-0.14354,0.213246
150559555644313,138.347850,2.38792,-0.399559,0.735182
150559565645313,138.357851,3.318666,-0.490102,0.773865
150559575646460,138.367852,3.536467,-0.431274,0.464073
150559585647457,138.377853,2.63708,-0.291067,0.035057
150559595648640,138.387855,1.150266,-0.132996,-0.258453
150559605649640,138.397856,-0.148647,-0.062973,-0.109229
150559615650802,138.407857,-0.797886,-0.01016,0.414536
150559625651802,138.417858,-1.077937,0.063395,0.842798
150559635652945,138.427859,-1.099354,0.040017,1.211818
150559645654178,138.437860,-1.082058,-0.049132,1.353943
150559655655094,138.447861,-0.812107,-0.231493,1.4588
150559665656082,138.457862,-0.812116,-0.275327,1.188512
150559675657306,138.467863,-1.29582,-0.259771,0.842015
150559685658460,138.477864,-2.186856,-0.213109,0.424049
150559695659455,138.487865,-2.913696,-0.107263,0.164887
150559705660618,138.497867,-3.177723,-0.134808,0.100948
150559715661614,138.507868,-3.016385,-0.287287,0.386754
150559725662770,138.517869,-2.350442,-0.496037,0.776322
150559735663747,138.527870,-1.213918,-0.870489,1.142111
150559745664897,138.537871,-0.265962,-1.178998,1.136629
150559755665897,138.547872,0.10374,-1.232244,0.732721
150559765667060,138.557873,0.410025,-1.225481,0.24526
150559775668041,138.567874,0.167714,-1.282648,-0.23115
150559785669194,138.577875,-0.629831,-1.135869,-0.547013
150559795670191,138.587876,-1.288005,-0.917473,-0.699202
150559805671345,138.597877,-1.826123,-0.59532,-0.868181
150559815672343,138.607878,-1.983209,-0.290509,-0.825311
150559825673490,138.617879,-2.092987,-0.019493,-0.736102
150559835674723,138.627881,-1.850976,0.021697,-0.52521
150559845675738,138.637882,-1.434779,-0.107636,-0.295206
150559855676653,138.647883,-0.784553,-0.220145,-0.033917
150559865677793,138.657884,-0.249012,-0.151896,-0.06081
150559875678793,138.667885,0.673824,-0.15162,-0.091713
150559885680017,138.677886,1.60714,-0.127106,-0.237285
150559895681176,138.687887,2.201199,-0.05081,-0.240218
150559905682176,138.697888,2.171089,-0.0503,-0.08534
150559915683121,138.707889,2.110096,0.043309,0.121963
150559925684275,138.717890,2.144706,0.03796,0.227701
150559935685490,138.727891,2.19346,-0.020239,0.235605
150559945686488,138.737892,2.164269,0.048187,0.183564
150559955687642,138.747894,1.931801,0.177457,0.279222
150559965688659,138.757895,1.602047,0.224751,0.594695
150559975689813,138.767896,1.256829,0.319046,0.967921
150559985690801,138.777897,0.869393,0.521194,1.222207
150559995691952,138.787898,0.409611,0.603178,1.448992
150560005692965,138.797899,-0.316658,0.847758,1.608124
150560015694106,138.807900,-0.856082,0.874952,1.666906
150560025695335,138.817901,-1.284252,0.848052,1.578298
150560035696335,138.827902,-1.451505,0.865461,1.372962
150560045697270,138.837903,-1.413395,0.925883,1.104954
150560055698438,138.847904,-1.340701,0.981571,0.693384
150560065699438,138.857905,-1.504894,0.983982,0.225008
150560075700677,138.867907,-1.529797,0.913867,-0.177468
150560085701844,138.877908,-1.351197,0.762418,-0.329934
150560095702845,138.887909,-0.879796,0.588398,-0.379071
150560105703765,138.897910,-0.321007,0.408207,-0.551376
150560115704998,138.907911,0.264412,0.355502,-0.850328
150560125705938,138.917912,0.721463,0.297159,-1.138161
150560135707180,138.927913,0.95999,0.210571,-1.254759
150560145708324,138.937914,1.154131,0.062401,-0.902657
150560155709339,138.947915,1.494753,-0.157847,-0.432553
150560165710493,138.957916,2.424634,-0.353637,0.115388
150560175711495,138.967917,3.0217,-0.423706,0.399738
150560185712653,138.977919,3.919624,-0.483881,0.450723
150560195713658,138.987920,4.331965,-0.775221,0.543321
150560205714810,138.997921,3.666416,-0.794955,0.525474
150560215715812,139.007922,2.766904,-0.744548,0.640601
150560225716959,139.017923,1.67775,-0.586809,0.623764
150560235717961,139.027924,0.710978,-0.555843,0.665863
150560245719115,139.037925,-0.162065,-0.442884,0.675179
150560255720115,139.047926,-0.771918,-0.3002,0.697073
150560265721250,139.057927,-1.320073,-0.203611,0.641027
150560275722250,139.067928,-1.726617,-0.101619,0.559745
150560285723398,139.077929,-2.063269,-0.067757,0.512978
150560295724398,139.087930,-1.906103,-0.091405,0.540633
150560305725627,139.097932,-1.689218,-0.011217,0.557518
150560315726772,139.107933,-1.529658,-0.079496,0.630529
150560325727788,139.117934,-1.106544,-0.314895,0.809473
150560335728930,139.127935,-0.437997,-0.615577,1.093149
150560345729930,139.137936,0.141544,-0.822258,1.089114
150560355731084,139.147937,0.454985,-0.965713,0.945973
150560365732070,139.157938,0.846588,-1.013551,0.707339
150560375733233,139.167939,0.661053,-0.994249,0.40581
150560385734221,139.177940,0.23288,-0.902212,0.150628
150560395735380,139.187941,-0.380814,-0.709245,-0.080616
150560405736385,139.197942,-0.956891,-0.604063,-0.22738
150560415737532,139.207944,-1.109572,-0.518321,-0.299367
150560425738532,139.217945,-1.213979,-0.566453,-0.306789
150560435739687,139.227946,-1.12207,-0.550673,-0.275536
150560445740692,139.237947,-0.692404,-0.608984,-0.277733
150560455741850,139.247948,-0.266548,-0.73496,-0.341383
150560465742856,139.257949,-0.250199,-0.712041,-0.546058
150560475744014,139.267950,-0.21972,-0.602859,-0.712749
150560485745010,139.277951,-0.115188,-0.53151,-0.652809
150560495746164,139.287952,-0.178037,-0.48401,-0.640848
150560505747373,139.297953,-0.405959,-0.414398,-0.663254
150560515748373,139.307954,-0.520107,-0.440777,-0.614368
150560525749529,139.317956,-0.388465,-0.472609,-0.631333
150560535750542,139.327957,-0.085051,-0.534009,-0.627482
150560545751696,139.337958,0.407415,-0.493768,-0.529344
150560555752681,139.347959,0.993834,-0.394605,-0.355904
150560565753840,139.357960,1.358848,-0.286706,-0.244598
150560575754842,139.367961,1.492116,-0.163627,-0.262902
150560585756010,139.377962,1.388122,-0.040028,-0.209803
150560595757008,139.387963,1.153916,0.097937,-0.141801
150560605758163,139.397964,0.709921,0.228929,0.061711
150560615759163,139.407965,0.387874,0.271196,0.352258
150560625760311,139.417966,0.554553,0.236981,0.690522
150560635761317,139.427967,0.846353,0.287393,0.96967
150560645762471,139.437968,0.88667,0.27784,1.07097
150560655763462,139.447969,0.805589,0.356974,1.104827
150560665764709,139.457971,0.558729,0.404852,0.937706
150560675765863,139.467972,0.173305,0.408626,0.715915
150560685766872,139.477973,-0.175807,0.435056,0.312285
150560695768027,139.487974,-0.628989,0.396529,0.099179
150560705769022,139.497975,-0.893312,0.477602,-0.04812
150560715769937,139.507976,-0.848015,0.461125,-0.075732
150560725771091,139.517977,-0.649255,0.305066,-0.039823
150560735772336,139.527978,-0.580259,0.193723,-0.09869
150560745773334,139.537979,-0.484863,-0.021196,-0.037119
150560755774483,139.547980,-0.268296,-0.179102,0.059192
150560765775484,139.557981,0.009215,-0.528884,0.188855
150560775776623,139.567983,0.742813,-0.839103,0.28938
150560785777629,139.577984,1.338533,-1.041312,0.329687
150560795778786,139.587985,1.30326,-1.130088,0.243305
150560805779790,139.597986,0.934615,-1.087526,-0.110294
150560815780946,139.607987,0.105191,-1.006626,-0.569297
150560825781946,139.617988,-1.078769,-0.905591,-0.847998
150560835783086,139.627989,-1.685294,-0.827075,-0.770028
150560845784074,139.637990,-1.773917,-0.801378,-0.513776
150560855785211,139.647991,-1.652877,-0.77544,-0.345188
150560865786197,139.657992,-1.237778,-0.718266,-0.376464
150560875787430,139.667993,-0.877364,-0.765887,-0.507305
150560885788570,139.677995,-0.645498,-0.766318,-0.734596
150560895789560,139.687996,-0.436786,-0.927085,-0.732509
150560905790485,139.697996,-0.209426,-1.077246,-0.453745
150560915791639,139.707998,0.093783,-1.047341,-0.175832
150560925792879,139.717999,0.312592,-0.997157,-0.036157
150560935793908,139.728000,0.338541,-1.044343,-0.008284
150560945795040,139.738001,0.322458,-0.860366,0.071307
150560955796045,139.748002,-0.020976,-0.655927,-0.018707
150560965797199,139.758003,-0.321897,-0.581583,0.080548
150560975798209,139.768004,-0.555666,-0.632009,0.283114
150560985799363,139.778005,-0.556285,-0.493762,0.621529
150560995800363,139.788006,-0.356258,-0.324723,0.674091
150561005801504,139.798008,-0.097786,-0.232899,0.496581
150561015802518,139.808009,0.042107,-0.119109,0.228874
150561025803688,139.818010,0.08695,0.083128,0.019653
150561035804922,139.828011,0.013388,0.187904,-0.026874
150561045805912,139.838012,-0.142501,0.370199,0.069402
150561055806847,139.848013,-0.402987,0.590966,0.276676
150561065808090,139.858014,-0.587618,0.80806,0.408293
150561075809243,139.868015,-0.406372,1.007512,0.508459
150561085810247,139.878016,-0.503083,0.964456,0.474528
150561095811173,139.888017,-0.105244,0.801792,0.473181
150561105812345,139.898018,0.893838,0.759597,0.391077
150561115813574,139.908020,1.690891,0.789353,0.413039
150561125814589,139.918021,2.234765,0.92118,0.175348
150561135815740,139.928022,2.086501,0.848003,-0.312871
150561145816740,139.938023,2.023717,0.858644,-0.516929
150561155817892,139.948024,1.797022,0.616353,-0.395845
150561165818877,139.958025,1.713821,0.343495,0.095287
150561175820017,139.968026,1.900612,0.383782,0.562478
150561185821028,139.978027,1.914946,0.388327,0.920691
150561195822178,139.988028,1.974908,0.183864,0.978552
150561205823173,139.998029,1.715312,0.306492,0.648609
150561215824310,140.008030,1.102423,0.276259,0.183334
150561225825556,140.018032,0.244112,0.345577,-0.176806
150561235826479,140.028032,-0.525573,0.350913,-0.249499
150561245827471,140.038033,-0.692459,0.148719,-0.010677
150561255828639,140.048035,-0.216168,-0.060776,0.337462
150561265829625,140.058036,0.75712,-0.256021,0.624658
150561275830853,140.068037,1.597204,-0.541526,0.775849
150561285831988,140.078038,1.751857,-0.618299,0.582677
150561295832973,140.088039,1.344479,-0.660131,0.143431
150561305833898,140.098040,0.522251,-0.663342,-0.159778
150561315835052,140.108041,-0.566553,-0.638882,-0.211109
150561325836283,140.118042,-1.021204,-0.629116,-0.131081
150561335837272,140.128043,-0.961516,-0.55842,0.015338
150561345838428,140.138044,-0.529811,-0.483531,0.041143
150561355839442,140.148045,-0.043047,-0.365903,-0.287323
150561365840594,140.158047,0.142024,-0.37192,-0.532391
150561375841602,140.168048,-0.256963,-0.366284,-0.532761
150561385842758,140.178049,-0.393354,-0.43328,-0.210144
150561395843765,140.188050,-0.052928,-0.586564,0.322789
150561405844900,140.198051,0.554065,-0.694323,0.630201
150561415845900,140.208052,0.916787,-0.795058,0.60432
150561425847048,140.218053,1.319031,-0.881473,0.43991
150561435848048,140.228054,1.465271,-0.996728,0.187602
150561445849212,140.238055,1.268939,-1.051838,0.055392
150561455850197,140.248056,0.787012,-0.981299,-0.030796
150561465851356,140.258057,0.166885,-0.791501,-0.136959
150561475852371,140.268058,-0.594835,-0.493862,-0.454685
150561485853600,140.278060,-1.150476,-0.245172,-0.813406
150561495854749,140.288061,-1.66469,-0.161788,-1.029611
150561505855763,140.298062,-1.840858,-0.161707,-0.877375
150561515856912,140.308063,-1.666263,-0.186958,-0.522832
150561525857835,140.318064,-0.406665,-0.352048,0.031275
150561535859083,140.328065,0.738575,-0.606846,0.414479
150561545860078,140.338066,1.499187,-0.796571,0.436582
150561555861232,140.348067,2.107404,-0.679125,0.063423
150561565862232,140.358068,1.711606,-0.538243,-0.621437
150561575863384,140.368069,0.219686,-0.382136,-1.082364
150561585864381,140.378070,-1.130046,-0.279681,-1.069429
150561595865548,140.388072,-1.828198,-0.449657,-0.554217
150561605866548,140.398073,-1.668871,-0.440942,0.08595
150561615867678,140.408074,-0.542886,-0.348402,0.423606
150561625868681,140.418075,0.608556,-0.51754,0.292425
150561635869851,140.428076,1.324764,-0.474652,-0.283304
150561645871080,140.438077,1.13033,-0.446711,-0.877485
150561655872003,140.448078,0.506911,-0.540449,-0.925575
150561665872977,140.458079,-0.315454,-0.530097,-0.471826
150561675874210,140.468080,-0.693968,-0.357872,0.120927
150561685875350,140.478081,-0.213049,-0.347661,0.689748
150561695876364,140.488082,0.403641,-0.214906,0.738842
150561705877513,140.498084,0.854664,-0.276107,0.502217
150561715878485,140.508084,0.838717,-0.470968,0.166067
150561725879641,140.518086,0.972683,-0.633491,0.126557
150561735880643,140.528087,1.368719,-0.775743,0.389526
150561745881798,140.538088,1.638643,-0.681683,0.472544
150561755882798,140.548089,1.384211,-0.426769,0.265667
150561765883979,140.558090,0.345654,-0.217188,-0.221943
150561775885215,140.568091,-0.714044,0.150486,-0.678602
150561785886142,140.578092,-1.42389,0.209631,-0.695067
150561795887154,140.588093,-1.406516,-0.0708,-0.231603
150561805888303,140.598094,-0.66857,-0.087318,0.331163
150561815889298,140.608095,0.684374,-0.032851,0.675746
150561825890452,140.618096,1.637023,-0.289972,0.776158
150561835891438,140.628097,1.811036,-0.24533,0.395952
150561845892667,140.638099,1.784387,-0.305667,0.112902
150561855893592,140.648100,1.46896,-0.33955,0.05599
150561865894816,140.658101,0.744022,-0.110116,0.039394
150561875895741,140.668102,-0.221736,9.3E-4,0.189044
150561885896972,140.678103,-0.931786,0.118604,0.305415
150561895898138,140.688104,-0.770386,0.198065,0.411542
150561905899124,140.698105,-0.530615,0.121006,0.376726
150561915900262,140.708106,-0.033267,-0.057983,0.201996
150561925901264,140.718107,0.644155,-0.188694,0.152134
150561935902413,140.728108,0.999496,-0.352179,0.207398
150561945903411,140.738109,0.984842,-0.411458,0.319125
150561955904562,140.748111,1.077236,-0.491845,0.503727
150561965905560,140.758112,0.750245,-0.482553,0.491697
150561975906786,140.768113,0.129401,-0.362838,0.170347
150561985907701,140.778114,-0.342435,-0.328655,-0.152648
150561995908860,140.788115,-0.737854,-0.31733,-0.400599
150562005909875,140.798116,-0.973702,-0.312094,-0.439368
150562015911048,140.808117,-0.774586,-0.222715,-0.469395
150562025912277,140.818118,-0.496481,-0.212906,-0.43557
150562035913262,140.828119,-0.162089,-0.280285,-0.429181
150562045914187,140.838120,-0.196712,-0.332837,-0.521671
150562055915416,140.848121,-0.357977,-0.40687,-0.516108
150562065916562,140.858123,-0.211866,-0.493896,-0.355944
150562075917560,140.868124,0.253737,-0.537795,-0.019505
150562085918728,140.878125,0.856469,-0.54356,0.280834
150562095919730,140.888126,1.2673,-0.529819,0.34239
150562105920882,140.898127,1.325645,-0.428253,0.119232
150562115921887,140.908128,1.246723,-0.493333,-0.128746
150562125923028,140.918129,1.07516,-0.456925,-0.1902
150562135924028,140.928130,0.734327,-0.340179,-0.107192
150562145925182,140.938131,0.661076,-0.248545,0.115592
150562155926192,140.948132,0.764036,-0.166049,0.376522
150562165927355,140.958133,0.731796,-0.180531,0.5206
150562175928584,140.968135,0.574101,-0.103082,0.436465
150562185929584,140.978136,0.119829,6.44E-4,0.233189
150562195930509,140.988137,-0.396763,0.16485,-0.012177
150562205931644,140.998138,-0.738763,0.265948,-0.141676
150562215932644,141.008139,-0.895727,0.311362,-0.101944
150562225933803,141.018140,-0.69488,0.289504,0.15837
150562235935031,141.028141,-0.243168,0.275709,0.383242
150562245936045,141.038142,0.131535,0.260518,0.432693
150562255937199,141.048143,0.566244,0.276113,0.327914
150562265938199,141.058144,0.821324,0.273081,0.171237
150562275939341,141.068145,0.737895,0.185029,0.125782
150562285940359,141.078146,0.626462,0.236317,0.052673
150562295941519,141.088148,0.476448,0.297222,-0.028587
150562305942515,141.098149,0.186434,0.470666,-0.151901
150562315943652,141.108150,-0.158514,0.598422,-0.242992
150562325944652,141.118151,-0.190016,0.58426,-0.211553
150562335945808,141.128152,0.00318,0.572462,-0.046411
150562345946803,141.138153,0.41616,0.574247,0.177798
150562355947962,141.148154,1.069802,0.411591,0.385363
150562365948962,141.158155,1.444006,0.298861,0.419794
150562375950116,141.168156,1.576952,0.231215,0.378043
150562385951116,141.178157,1.6564,0.155877,0.302614
150562395952354,141.188158,1.438616,0.038419,0.242209
150562405953508,141.198160,0.913694,0.006762,0.067869
150562415954498,141.208160,0.409607,-0.062537,0.003733
150562425955423,141.218161,0.318784,-0.136975,0.095733
150562435956652,141.228163,0.393404,-0.189384,0.25613
150562445957801,141.238164,0.506927,-0.423319,0.369415
150562455958816,141.248165,0.714038,-0.538819,0.403743
150562465959965,141.258166,0.236492,-0.681025,0.20952
150562475960960,141.268167,-0.37276,-0.865457,0.041022
150562485962116,141.278168,-0.900499,-0.879937,-0.15627
150562495963114,141.288169,-1.472,-0.566073,-0.693778
150562505964277,141.298170,-2.346591,-0.256793,-1.286213
150562515965279,141.308171,-3.096117,-0.5554,-1.195496
150562525966508,141.318173,-2.905123,-1.286615,-0.219246
150562535967448,141.328173,-1.090815,-1.607217,1.047579
150562545968607,141.338175,1.096626,-1.604545,1.639386
150562555969607,141.348176,1.923855,-1.375682,0.919333
150562565970774,141.358177,1.646951,-1.348169,-0.117169
150562575971775,141.368178,0.253123,-1.471969,-0.945313
150562585972928,141.378179,-1.236946,-1.646191,-1.077559
150562595974157,141.388180,-1.944901,-1.713018,-0.740956
150562605975089,141.398181,-2.088953,-1.855481,-0.05501
150562615976320,141.408182,-1.568246,-1.775048,0.525947
150562625977339,141.418183,-0.682748,-1.677463,0.699596
150562635978495,141.428184,0.026181,-1.531766,0.2993
150562645979499,141.438185,-0.326646,-1.199239,-0.475108
150562655980648,141.448187,-1.634495,-1.211445,-1.382687
150562665981648,141.458188,-2.658385,-1.264189,-1.718344
150562675982823,141.468189,-2.785197,-1.195671,-1.50618
150562685983828,141.478190,-2.245138,-1.074688,-0.841277
150562695984982,141.488191,-1.374547,-0.842721,-0.273465
150562705985982,141.498192,-0.455367,-0.64294,-0.118232
150562715987119,141.508193,0.036908,-0.676842,0.018188
150562725988115,141.518194,0.525089,-1.202374,0.554963
150562735989345,141.528195,1.98308,-1.812713,1.393484
150562745990270,141.538196,3.94835,-1.89737,1.917848
150562755991424,141.548197,5.16565,-1.640008,2.043989
150562765992672,141.558199,5.635648,-1.666944,1.697909
150562775993676,141.568200,3.631959,-0.871338,-0.003931
150562785994830,141.578201,0.089785,0.99939,-2.723767
150562795995831,141.588202,-3.004686,2.187874,-4.268835
150562805996965,141.598203,-5.813468,2.042765,-4.722365
150562815997888,141.608204,-7.927327,2.854618,-4.470431
150562825999114,141.618205,-7.676072,3.251912,-1.753227
150562836000124,141.628206,-3.634223,2.791318,1.381871
150562846001285,141.638207,1.000793,1.897954,4.05617
150562856002264,141.648208,5.388072,1.557289,4.639496
150562866003434,141.658209,8.130484,1.331896,3.671572
150562876004432,141.668210,8.946222,1.852362,2.162508
150562886005592,141.678212,7.949326,2.15585,1.430032
150562896006593,141.688213,6.081512,2.148575,1.876275
150562906007741,141.698214,4.631807,2.410822,2.646016
150562916008741,141.708215,3.401585,2.270565,3.277776
150562926009909,141.718216,2.193711,2.114022,3.52964
150562936010893,141.728217,0.891419,1.84562,2.760107
150562946012095,141.738218,0.197764,1.429469,1.466949
150562956013020,141.748219,-0.417353,1.058661,0.27592
150562966014244,141.758220,-1.328657,0.909774,-0.727348
150562976015398,141.768221,-1.869339,0.574393,-0.93447
150562986016383,141.778222,-2.416044,0.577481,-1.013638
150562996017537,141.788224,-2.906512,0.566701,-0.844885
150563006018544,141.798225,-2.970164,0.580742,-0.646815
150563016019682,141.808226,-3.034948,0.77748,-1.165307
150563026020682,141.818227,-2.728044,0.416493,-1.381235
150563036021852,141.828228,-2.012583,0.08367,-1.423724
150563046022836,141.838229,-0.992262,-0.457645,-1.093105
150563056023989,141.848230,0.138276,-1.040386,-0.425472
150563066024989,141.858231,1.54415,-1.455323,0.262198
150563076026140,141.868232,2.740381,-1.759326,0.843951
150563086027149,141.878233,3.640277,-2.004907,1.168222
150563096028303,141.888234,3.450708,-2.116668,1.222209
150563106029289,141.898235,1.868081,-1.956543,0.745685
150563116030527,141.908237,0.044934,-1.881867,0.252001
150563126031696,141.918238,-0.992893,-1.772032,0.009226
150563136032696,141.928239,-1.494808,-1.488609,-0.05257
150563146033850,141.938240,-1.943707,-1.185237,-0.11058
150563156034850,141.948241,-2.327874,-0.949894,-0.210394
150563166036019,141.958242,-2.486778,-0.799139,-0.199191
150563176037022,141.968243,-2.457851,-0.747074,-0.01458
150563186038163,141.978244,-2.218607,-0.901182,0.325488
150563196039159,141.988245,-1.512257,-1.118144,0.824119
150563206040307,141.998246,-0.346203,-1.189775,1.29371
150563216041296,142.008247,0.736468,-1.227536,1.416151
150563226042449,142.018248,1.27921,-1.268267,1.347326
150563236043465,142.028249,1.620687,-1.320444,1.30113
150563246044619,142.038251,1.684073,-1.524566,1.260796
150563256045620,142.048252,1.857803,-1.539062,1.286391
150563266046769,142.058253,1.761814,-1.44347,1.270568
150563276047769,142.068254,1.338799,-1.341462,1.162832
150563286048923,142.078255,0.998084,-1.101558,0.898483
150563296050156,142.088256,0.789924,-0.933978,0.635634
150563306051094,142.098257,0.410039,-0.644565,0.316593
150563316052096,142.108258,0.016659,-0.354996,0.241426
150563326053327,142.118259,-0.259175,-0.051923,0.32117
150563336054479,142.128260,-0.597829,0.166346,0.538881
150563346055483,142.138261,-0.748174,0.253614,0.882779
150563356056637,142.148263,-0.530747,0.426769,1.137593
150563366057652,142.158264,-0.214865,0.586895,1.140687
150563376058810,142.168265,-0.107902,0.773338,0.826085
150563386059810,142.178266,-0.219784,0.879231,0.429912
150563396060964,142.188267,-0.187737,0.810121,0.232206
150563406061968,142.198268,-0.090375,0.764111,0.30052
150563416063122,142.208269,0.259754,0.72595,0.52446
150563426064093,142.218270,0.853472,0.661312,0.753804
150563436065247,142.228271,1.471272,0.72975,0.703237
150563446066249,142.238272,2.163817,0.735379,0.562404
150563456067403,142.248273,2.720683,0.751761,0.284861
150563466068418,142.258274,3.01155,0.774797,0.096412
150563476069647,142.268276,2.833493,0.769325,0.131225
150563486070786,142.278277,2.560008,0.85351,0.427162
150563496071773,142.288278,2.051277,1.055055,0.737776
150563506072693,142.298279,1.418116,1.200536,0.783695
150563516073922,142.308280,0.605064,1.25538,0.735291
150563526075087,142.318281,-0.01747,1.143538,0.729999
150563536076080,142.328282,-0.213413,1.007792,0.735436
150563546077249,142.338283,-0.385087,0.920983,0.722115
150563556078233,142.348284,-0.656679,0.788682,0.581871
150563566079387,142.358285,-0.677737,0.491031,0.579349
150563576080387,142.368286,-0.56275,0.132456,0.60097
150563586081536,142.378288,-0.516943,-0.078785,0.441708
150563596082533,142.388289,-0.460142,-0.230277,0.179829
150563606083702,142.398290,-0.438742,-0.44233,-1.22E-4
150563616084702,142.408291,-0.477671,-0.664984,0.122175
150563626085865,142.418292,-0.483061,-0.985729,0.529041
150563636087094,142.428293,-0.399707,-1.361545,0.951479
150563646088017,142.438294,-0.023372,-1.636185,1.185184
150563656089000,142.448295,0.315798,-1.746858,1.315293
150563666090229,142.458296,0.216444,-1.653474,1.031905
150563676091154,142.468297,-0.402597,-1.68123,0.661681
150563686092402,142.478298,-1.131028,-1.704309,0.287466
150563696093555,142.488300,-1.70603,-1.747613,0.083011
150563706094540,142.498301,-2.136695,-1.754465,0.032142
150563716095680,142.508302,-2.446194,-1.556912,0.02415
150563726096680,142.518303,-2.455265,-1.484658,0.019001
150563736097822,142.528304,-2.056616,-1.478038,-0.001666
150563746098835,142.538305,-1.75322,-1.51916,-0.065937
150563756099996,142.548306,-1.620906,-1.446774,-0.203254
150563766101225,142.558307,-1.697945,-1.290565,-0.361368
150563776102148,142.568308,-1.730534,-1.085892,-0.520209
150563786103154,142.578309,-1.77688,-0.73607,-0.656361
150563796104388,142.588310,-1.793001,-0.471697,-0.59706
150563806105294,142.598311,-1.735131,-0.346233,-0.411682
150563816106448,142.608312,-1.312027,-0.395045,-0.059202
150563826107667,142.618314,-0.549628,-0.24755,0.194968
150563836108658,142.628315,0.404039,-0.06153,0.307174
150563846109840,142.638316,0.922588,0.007131,0.302613
150563856110825,142.648317,1.411807,0.146162,0.289369
150563866111751,142.658318,1.754159,0.105156,0.417824
150563876112979,142.668319,1.913686,0.144726,0.628817
150563886114143,142.678320,1.822925,0.274718,0.75091
150563896115145,142.688321,1.722513,0.374428,0.658234
150563906116303,142.698322,1.221092,0.490418,0.295575
150563916117299,142.708323,0.737969,0.495478,0.074149
150563926118435,142.718324,0.331527,0.474281,-0.117776
150563936119442,142.728325,0.023399,0.517247,-0.227082
150563946120601,142.738327,0.1425,0.554021,-0.32987
150563956121601,142.748328,0.221279,0.489128,-0.538329
150563966122760,142.758329,0.026627,0.578656,-0.942263
150563976123984,142.768330,-0.275221,0.621991,-1.262127
150563986124989,142.778331,-0.71811,0.558342,-1.402393
150563996126138,142.788332,-0.860605,0.564986,-1.437004
150564006127147,142.798333,-0.593143,0.617018,-1.419801
150564016128300,142.808334,-0.107406,0.648621,-1.302176
150564026129302,142.818335,0.370964,0.650072,-1.246322
150564036130425,142.828336,0.577869,0.508453,-1.036232
150564046131442,142.838337,0.620097,0.429753,-0.76977
150564056132581,142.848339,0.757973,0.510818,-0.367861
150564066133591,142.858340,1.030816,0.429027,0.108272
150564076134733,142.868341,1.386273,0.40789,0.458818
150564086135740,142.878342,1.429259,0.590652,0.384668
150564096136889,142.888343,1.155558,0.788419,0.16875
150564106137889,142.898344,0.870654,0.710698,0.009509
150564116139133,142.908345,0.51354,0.638649,0.124574
150564126140268,142.918346,0.426509,0.567551,0.603766
150564136141258,142.928347,0.652974,0.475455,1.055396
150564146142408,142.938348,0.972706,0.273878,1.39143
150564156143408,142.948349,1.040792,0.165428,1.480356
150564166144566,142.958351,0.992221,0.264885,1.17923
150564176145566,142.968352,0.291201,0.490811,0.704807
150564186146726,142.978353,-0.491171,0.677933,0.344653
150564196147712,142.988354,-1.064099,0.768772,0.218828
150564206148878,142.998355,-1.340303,0.788528,0.341543
150564216149883,143.008356,-1.457496,0.824517,0.443413
150564226151085,143.018357,-1.350029,0.820114,0.50539
150564236152249,143.028358,-0.762412,0.532134,0.585352
150564246153153,143.038359,0.186506,0.080806,0.773456
150564256154174,143.048360,1.097047,-0.092661,0.895435
150564266155323,143.058361,1.591975,-0.110313,0.899822
150564276156323,143.068362,1.727603,0.166019,0.518421
150564286157501,143.078364,1.332916,0.494034,-0.163314
150564296158730,143.088365,0.01236,0.559191,-0.548608
150564306159740,143.098366,-0.984757,0.088724,-0.246377
150564316160894,143.108367,-0.663419,-0.286057,0.529491
150564326161896,143.118368,0.858374,-0.390846,1.276728
150564336163049,143.128369,2.163612,-0.362522,1.20739
150564346164049,143.138370,2.34384,-0.095511,0.494863
150564356165196,143.148371,1.325354,0.172618,-0.452433
150564366166220,143.158372,-0.048276,0.146343,-0.789341
150564376167361,143.168373,-1.103792,0.171533,-0.621223
150564386168361,143.178374,-1.459492,0.100108,-0.10869
150564396169605,143.188376,-0.934642,0.018288,0.491124
150564406170759,143.198377,0.073278,-0.001092,0.879565
150564416171701,143.208378,1.109136,-0.094459,0.744485
150564426172716,143.218379,1.231872,0.041395,0.114571
150564436173932,143.228380,0.54887,0.163586,-0.372643
150564446175090,143.238381,-0.228891,0.115735,-0.504087
150564456176090,143.248382,-0.684791,0.164808,-0.382466
150564466177230,143.258383,-1.018566,0.143877,-0.107485
150564476178230,143.268384,-0.999899,0.003127,0.179087
150564486179398,143.278385,-0.381393,-0.216012,0.473734
150564496180403,143.288386,0.494396,-0.410335,0.517571
150564506181557,143.298388,1.204642,-0.50136,0.274025
150564516182557,143.308389,1.250211,-0.32617,-0.137842
150564526183706,143.318390,0.573021,-0.113247,-0.502281
150564536184706,143.328391,-0.460913,0.144683,-0.783685
150564546185926,143.338392,-1.532388,0.471133,-1.028206
150564556187080,143.348393,-2.028115,0.397654,-0.941235
150564566188003,143.358394,-1.979472,-0.05806,-0.489045
150564576189243,143.368395,-1.296961,-0.130739,0.016074
150564586190257,143.378396,-0.13616,-0.060667,0.142494
150564596191399,143.388397,0.910619,-0.12992,-0.148685
150564606192397,143.398398,1.153135,0.072129,-0.752131
150564616193549,143.408400,0.713501,0.358769,-1.374645
150564626194544,143.418401,-0.39032,0.332216,-1.592952
150564636195698,143.428402,-1.243042,0.418869,-1.471819
150564646196710,143.438403,-1.491696,0.33734,-1.107316
150564656197865,143.448404,-0.967422,0.225186,-0.67116
150564666198841,143.458405,0.128393,0.126226,-0.323855
150564676200056,143.468406,1.089896,-0.009493,-0.389927
150564686201205,143.478407,1.366699,-0.014399,-0.73273
150564696202205,143.488408,0.928022,0.039046,-1.063365
150564706203359,143.498409,0.130538,0.013611,-1.051519
150564716204349,143.508410,-0.420688,0.054551,-0.814868
150564726205515,143.518412,-0.63343,0.191229,-0.586706
150564736206520,143.528413,-0.686291,0.27525,-0.461127
150564746207703,143.538414,-0.553803,0.272815,-0.460977
150564756208688,143.548415,-0.58579,0.434237,-0.700396
150564766209828,143.558416,-1.105598,0.608135,-1.045487
150564776210823,143.568417,-1.666575,0.801426,-1.281018
150564786211989,143.578418,-2.194882,0.948613,-1.441307
150564796212987,143.588419,-2.160992,0.842396,-1.225726
150564806214135,143.598420,-1.492169,0.638544,-0.845951
150564816215345,143.608421,-0.198709,0.345911,-0.341102
150564826216259,143.618422,1.032692,0.070477,-9.11E-4
150564836217488,143.628423,2.034774,0.117174,0.094786
150564846218502,143.638425,2.599831,0.077815,-0.112805
150564856219671,143.648426,2.662953,0.080061,-0.218042
150564866220663,143.658427,2.163591,0.091271,-0.218807
150564876221803,143.668428,1.323183,0.125558,-0.072409
150564886222817,143.678429,0.3431,0.402801,0.03082
150564896223976,143.688430,-0.228065,0.508667,0.220134
150564906224962,143.698431,-0.274709,0.413579,0.461091
150564916226116,143.708432,-0.036132,0.299135,0.562052
150564926227087,143.718433,0.107008,0.217214,0.499237
150564936228316,143.728434,0.075826,-0.073122,0.477714
150564946229483,143.738435,0.185783,-0.287863,0.488118
150564956230411,143.748436,0.263813,-0.413288,0.511423
150564966231618,143.758438,0.029687,-0.440324,0.489756
150564976232637,143.768439,-0.610719,-0.376845,0.224683
150564986233798,143.778440,-1.495978,-0.180554,-0.187974
150564996234798,143.788441,-2.246191,0.020048,-0.628523
150565006236057,143.798442,-2.765304,0.210656,-0.998577
150565016236980,143.808443,-2.919307,0.230338,-1.07924
150565026238196,143.818444,-2.840424,0.135224,-1.148993
150565036239126,143.828445,-2.343541,0.017577,-1.053642
150565046240290,143.838446,-1.155088,-0.469762,-0.589905
150565056241533,143.848448,0.401427,-0.790656,-0.009251
150565066242456,143.858448,1.601207,-0.989761,0.348192
150565076243687,143.868450,2.63967,-1.073852,0.511245
150565086244682,143.878451,3.204837,-1.07924,0.412802
150565096245835,143.888452,2.699093,-1.024638,0.189026
150565106246849,143.898453,1.41503,-0.953374,0.095644
150565116248003,143.908454,0.064352,-0.848313,0.077889
150565126249020,143.918455,-0.686827,-0.670004,0.162972
150565136250159,143.928456,-1.204677,-0.391967,0.06362
150565146251159,143.938457,-1.508993,-0.075624,-0.16807
150565156252323,143.948458,-1.537151,0.127385,-0.486232
150565166253304,143.958459,-1.828704,0.147075,-0.693412
150565176254458,143.968460,-2.085151,-0.011633,-0.488826
150565186255687,143.978462,-1.911367,-0.322362,0.104898
150565196256687,143.988463,-0.906089,-0.46632,0.683605
150565206257826,143.998464,0.500408,-0.488569,0.915519
150565216258850,144.008465,1.286202,-0.278358,0.618436
150565226259999,144.018466,1.037209,0.15669,-0.046037
150565236261011,144.028467,0.236346,0.547372,-0.821882
150565246262157,144.038468,-0.676251,0.413008,-0.996542
150565256263160,144.048469,-1.265772,0.108386,-0.50987
150565266264311,144.058470,-0.817731,-0.111462,0.478391
150565276265301,144.068471,1.028744,-0.352561,1.31348
150565286266457,144.078472,2.49188,-0.62165,1.509469
150565296267443,144.088473,3.214413,-0.539945,1.058972
150565306268597,144.098475,3.288014,-0.483065,0.545259
150565316269582,144.108476,2.512396,-0.382912,0.268076
150565326270755,144.118477,0.939844,0.010342,0.02671
150565336271984,144.128478,-0.658594,0.530308,-0.273062
150565346272984,144.138479,-1.861299,0.664108,-0.376338
150565356274153,144.148480,-2.447583,0.757789,-0.195164
150565366275155,144.158481,-2.504495,1.004007,-0.075988
150565376276063,144.168482,-1.841076,1.064221,0.091101
150565386277227,144.178483,-1.058493,1.103941,0.016975
150565396278446,144.188484,-0.482772,0.868897,-0.056113
150565406279434,144.198485,0.178696,0.579597,0.036138
150565416280575,144.208487,0.860855,0.322673,0.213953
150565426281806,144.218488,1.503789,0.283218,0.387618
150565436282806,144.228489,1.86972,0.338874,0.320967
150565446283731,144.238490,1.840071,0.408515,0.150152
150565456284975,144.248491,1.528597,0.37289,-0.079308
150565466285904,144.258492,1.124362,0.432615,-0.287839
150565476287133,144.268493,0.962398,0.545158,-0.350545
150565486288282,144.278494,0.940948,0.470322,-0.246381
150565496289282,144.288495,1.202418,0.352684,-0.044065
150565506290436,144.298496,1.768223,0.085007,0.279766
150565516291432,144.308497,2.387258,-0.290184,0.660689
150565526292571,144.318499,2.80402,-0.597778,0.931761
150565536293557,144.328500,2.963023,-0.866777,1.219606
150565546294713,144.338501,2.425275,-0.746302,1.208035
150565556295711,144.348502,1.290113,-0.630351,0.834429
150565566296866,144.358503,-0.064503,-0.435279,0.261915
150565576297862,144.368504,-1.772097,0.127511,-0.599838
150565586299085,144.378505,-3.440838,0.712534,-1.257118
150565596300024,144.388506,-4.708996,0.730442,-1.312509
150565606301258,144.398507,-4.669929,0.084171,-0.861575
150565616302178,144.408508,-3.336717,0.454926,-0.507637
150565626303332,144.418509,-1.258447,0.699309,-0.192734
150565636304557,144.428511,0.171383,0.519006,-0.047581
150565646305554,144.438512,0.607323,0.397022,-0.117818
150565656306706,144.448513,0.671562,0.193957,-0.030248
150565666307720,144.458514,1.081758,-0.026069,0.149045
150565676308874,144.468515,1.148603,0.051852,0.137398
150565686309871,144.478516,0.823097,0.201386,0.066503
150565696311011,144.488517,0.827988,0.041054,0.257304
150565706312030,144.498518,1.290678,-0.197382,0.573068
150565716313272,144.508519,1.800831,-0.277795,0.776836
150565726314426,144.518520,2.102002,-0.2693,0.694086
150565736315359,144.528521,2.006369,-0.282104,0.574369
150565746316356,144.538522,1.135528,-0.065045,0.114199
150565756317585,144.548524,-0.180066,-0.013959,-0.197001
150565766318510,144.558525,-1.119042,-0.124809,-0.274945
150565776319739,144.568526,-1.340788,-0.193812,-0.187841
150565786320878,144.578527,-1.386903,-0.05411,-0.124077
150565796321874,144.588528,-1.302978,-0.073011,-0.057236
150565806323023,144.598529,-1.153363,-0.209754,-0.060609
150565816324032,144.608530,-0.991965,-0.335101,-0.121783
150565826325201,144.618531,-1.089691,-0.342472,-0.335804
150565836326203,144.628532,-1.187285,-0.180805,-0.674824
150565846327357,144.638533,-1.636508,-0.056771,-0.990084
150565856328376,144.648534,-2.191555,0.080115,-1.069169
150565866329530,144.658536,-2.562653,0.115858,-0.928927
150565876330530,144.668537,-2.351603,-0.07537,-0.338284
150565886331678,144.678538,-1.544673,-0.258035,0.340684
150565896332922,144.688539,-0.091042,-0.713237,0.887452
150565906333922,144.698540,1.327324,-0.974168,0.958292
150565916335094,144.708541,2.307761,-0.693257,0.451147
150565926336094,144.718542,2.21375,-0.577403,-0.200038
150565936337260,144.728543,1.148279,-0.524457,-0.68748
150565946338243,144.738544,-0.270263,-0.491553,-0.688801
150565956339418,144.748545,-0.998648,-0.504394,-0.199543
150565966340416,144.758546,-0.982241,-0.490385,0.52063
150565976341577,144.768548,-0.707519,-0.014146,0.737616
150565986342575,144.778549,-0.654286,0.456043,0.42211
150565996343726,144.788550,-1.127341,0.688944,-0.306974
150566006344698,144.798551,-1.887929,0.674187,-0.878152
150566016345852,144.808552,-2.097339,0.427347,-0.757415
150566026346838,144.818553,-1.421672,0.165509,-0.032585
150566036348066,144.828554,-0.126198,0.265506,0.586406
150566046349210,144.838555,1.065912,0.609709,0.553872
150566056350210,144.848556,1.438147,1.022348,0.139429
150566066351373,144.858557,0.975905,0.981447,-0.338749
150566076352375,144.868558,0.473124,0.756011,-0.37205
150566086353529,144.878560,0.362813,0.404886,0.157752
150566096354515,144.888561,0.665157,0.340509,0.656733
150566106355669,144.898562,1.628871,0.302371,0.875396
150566116356667,144.908563,1.869749,0.810626,0.45921
150566126357811,144.918564,0.748702,1.283604,-0.422361
150566136358828,144.928565,-1.02562,1.253887,-1.086185
150566146359962,144.938566,-2.425165,1.10296,-1.268563
150566156361187,144.948567,-2.688178,0.987484,-0.923411
150566166362138,144.958568,-1.826991,0.82504,-0.034487
150566176363140,144.968569,-0.025316,0.409398,0.94443
150566186364384,144.978570,1.701089,-0.031011,1.217667
150566196365541,144.988572,2.272105,0.173924,0.720347
150566206366555,144.998573,1.741875,0.485665,-0.274347
150566216367711,145.008574,0.152743,0.28783,-1.177945
150566226368707,145.018575,-1.676673,0.1474,-1.549939
150566236369658,145.028576,-2.386516,0.054403,-1.147063
150566246370863,145.038577,-2.079691,-0.045228,-0.279143
150566256372008,145.048578,-0.617058,-0.039118,0.673248
150566266373001,145.058579,1.016932,-0.148022,0.990594
150566276374230,145.068580,1.406006,-0.14056,0.496198
150566286375139,145.078581,0.644519,0.225894,-0.542549
150566296376298,145.088582,-0.754375,0.368268,-1.330866
150566306377312,145.098583,-2.016177,0.387583,-1.509451
150566316378481,145.108584,-2.366598,0.15086,-0.736611
150566326379715,145.118586,-1.296831,-0.2111,0.683284
150566336380715,145.128587,1.13919,-0.5726,1.829717
150566346381843,145.138588,3.141774,-0.741002,2.173776
150566356382843,145.148589,3.403756,-0.371096,1.399986
150566366383997,145.158590,1.866406,-0.02125,-0.062021
150566376385002,145.168591,-0.674772,0.425351,-1.213626
150566386386156,145.178592,-2.701771,0.644871,-1.465772
150566396387156,145.188593,-3.795997,0.663563,-1.241464
150566406388296,145.198594,-3.814106,0.873052,-0.520051
150566416389310,145.208595,-2.73027,1.200968,0.385396
150566426390461,145.218596,-0.828147,0.983591,1.173114
150566436391471,145.228597,0.45311,0.425913,1.520617
150566446392700,145.238599,1.38064,0.35043,1.287396
150566456393635,145.248600,1.962746,0.415655,0.705814
150566466394809,145.258601,2.012651,0.402183,0.17576
150566476396023,145.268602,1.036626,0.380396,0.023507
150566486397009,145.278603,0.247601,0.378756,0.338392
150566496398162,145.288604,0.078638,0.486345,0.679815
150566506399162,145.298605,0.331097,0.526084,0.810489
150566516400321,145.308606,0.444945,0.552125,0.635381
150566526401340,145.318607,0.133765,0.623922,0.055799
150566536402479,145.328608,-0.40573,0.580626,-0.523467
150566546403467,145.338609,-1.025086,0.644273,-0.934198
150566556404624,145.348611,-1.565483,0.801257,-1.14775
150566566405859,145.358612,-2.01864,1.023911,-1.420905
150566576406859,145.368613,-2.335407,1.013446,-1.512982
150566586407784,145.378614,-2.184548,0.921415,-1.402381
150566596408953,145.388615,-1.474454,0.812277,-1.13522
150566606409953,145.398616,-0.318706,0.623003,-0.789294
150566616411107,145.408617,0.90508,0.502241,-0.546323
150566626412326,145.418618,1.50084,0.445529,-0.493088
150566636413321,145.428619,1.963325,0.200818,-0.323048
150566646414503,145.438621,2.230568,-0.002723,-0.255609
150566656415503,145.448622,2.066165,0.150083,-0.489042
150566666416670,145.458623,1.753611,0.197315,-0.749979
150566676417675,145.468624,1.280205,0.101649,-0.811454
150566686418831,145.478625,1.020278,0.001968,-0.611346
150566696419831,145.488626,0.94976,0.050864,-0.312587
150566706420985,145.498627,0.841511,0.10703,-0.123696
150566716421985,145.508628,0.620645,0.189249,-0.106401
150566726423214,145.518629,-0.015956,0.49462,-0.46878
150566736424139,145.528630,-0.824963,0.759172,-0.849068
150566746425368,145.538631,-1.528927,0.696125,-0.821615
150566756426293,145.548632,-1.771173,0.325695,-0.279285
150566766427438,145.558633,-1.313308,0.123511,0.458052
150566776428662,145.568635,-0.322396,0.141834,0.954456
150566786429676,145.578636,0.319685,0.265956,0.909563
150566796430844,145.588637,0.043866,0.537916,0.142348
150566806431844,145.598638,-0.9448,0.84604,-0.781829
150566816432983,145.608639,-2.215136,0.783479,-1.148932
150566826433983,145.618640,-2.507556,0.375556,-0.76742
150566836435125,145.628641,-2.211326,0.034107,0.062332
150566846436125,145.638642,-0.873847,0.050956,0.875157
150566856437277,145.648643,0.796203,-0.011435,1.180784
150566866438277,145.658644,1.668831,-0.050045,0.940234
150566876439421,145.668645,1.59665,0.213154,0.213894
150566886440652,145.678647,0.786966,0.283266,-0.496321
150566896441666,145.688648,-0.499747,0.42112,-0.826937
150566906442835,145.698649,-1.334473,0.49262,-0.460667
150566916443849,145.708650,-1.269886,0.480187,0.283422
150566926445003,145.718651,-0.25663,0.461666,1.050132
150566936445984,145.728652,1.033728,0.278912,1.53207
150566946447147,145.738653,1.991129,-0.02079,1.639319
150566956448133,145.748654,2.047748,0.016346,1.063273
150566966449272,145.758655,1.969182,0.228684,0.564124
150566976450272,145.768656,1.016826,0.307096,0.103466
150566986451427,145.778657,-0.232269,0.598276,-0.026183
150566996452427,145.788658,-1.059295,0.887281,0.232641
150567006453584,145.798660,-1.068932,0.933474,0.622538
150567016454586,145.808661,-0.741877,0.940709,0.953779
150567026455735,145.818662,-0.226488,0.861653,1.056473
150567036456735,145.828663,0.44542,0.630979,0.972766
150567046457884,145.838664,0.850964,0.395391,0.871795
150567056459128,145.848665,1.115966,0.431298,0.794794
150567066460113,145.858666,1.000714,0.359592,0.751328
150567076461250,145.868667,0.453001,0.202899,0.769695
150567086462234,145.878668,0.008729,0.417952,0.71798
150567096463390,145.888669,-0.696423,0.616122,0.457175
150567106464402,145.898670,-1.197218,0.657176,0.139814
150567116465553,145.908672,-1.181999,0.768857,-0.128344
150567126466566,145.918673,-1.222513,0.943365,-0.396943
150567136467721,145.928674,-1.082001,0.825178,-0.503056
150567146468716,145.938675,-0.435858,0.557652,-0.311955
150567156469870,145.948676,0.356757,0.307118,-0.015587
150567166470870,145.958677,1.120547,0.012472,0.395164
150567176472094,145.968678,1.643071,-0.092484,0.489753
150567186473248,145.978679,1.785975,0.130292,0.139232
150567196474248,145.988680,1.170697,0.279551,-0.40399
150567206475402,145.998681,0.055032,0.221987,-0.820186
150567216476392,146.008682,-0.756771,0.126437,-0.877719
150567226477546,146.018684,-1.037745,-0.009526,-0.56667
150567236478546,146.028685,-0.801862,-0.075846,-0.129114
150567246479702,146.038686,-0.217956,-0.119028,0.245111
150567256480707,146.048687,0.277106,0.004484,0.169029
150567266481922,146.058688,0.266175,0.026257,-0.117505
150567276483070,146.068689,-0.36296,-0.050767,-0.445666
150567286484060,146.078690,-1.06946,-0.104883,-0.467243
150567296485214,146.088691,-1.173825,-0.196792,-0.299316
150567306486202,146.098692,-1.386309,-0.272907,-0.024375
150567316487354,146.108693,-1.626326,-0.104041,0.098375
150567326488361,146.118694,-1.816714,0.12395,-0.125177
150567336489515,146.128696,-2.176744,0.253539,-0.648417
150567346490515,146.138697,-2.605742,0.257933,-1.11724
150567356491749,146.148698,-2.872714,-0.053901,-1.121458
150567366492888,146.158699,-2.381923,-0.340583,-0.623374
150567376493888,146.168700,-0.97433,-0.557533,0.184711
150567386495052,146.178701,0.524265,-0.665409,0.623938
150567396496054,146.188702,1.180938,-0.655189,0.531919
150567406497208,146.198703,1.166313,-0.579467,0.055284
150567416498445,146.208704,0.718948,-0.610107,-0.428155
150567426499445,146.218705,-0.053769,-0.589057,-0.73171
150567436500595,146.228707,-0.80518,-0.481014,-0.602293
150567446501609,146.238708,-1.064618,-0.518423,-0.014733
150567456502784,146.248709,-0.469731,-0.609871,0.667654
150567466503793,146.258710,0.427887,-0.629682,0.997213
150567476504931,146.268711,0.588513,-0.800863,0.924168
150567486506148,146.278712,0.233222,-0.75468,0.442781
150567496507148,146.288713,0.010251,-0.917519,0.112678
150567506508302,146.298714,-0.243544,-1.048539,-0.084221
150567516509302,146.308715,-0.631279,-0.901779,-0.087102
150567526510465,146.318716,-1.442346,-0.765132,-0.161061
150567536511705,146.328718,-1.967977,-0.537894,-0.389599
150567546512705,146.338719,-2.378704,-0.392947,-0.710531
150567556513859,146.348720,-2.618928,-0.092427,-1.043601
150567566514861,146.358721,-2.777577,0.331559,-1.299448
150567576516019,146.368722,-2.859596,0.529148,-1.43528
150567586517022,146.378723,-2.494543,0.664588,-1.430822
150567596518173,146.388724,-1.865899,0.499607,-0.994659
150567606519159,146.398725,-0.847677,-0.073871,-0.215634
150567616520393,146.408726,0.389117,-0.432858,0.578695
150567626521533,146.418728,1.91739,-0.526165,0.885113
150567636522530,146.428729,3.591674,-0.338799,0.824494
150567646523684,146.438730,4.047034,0.009661,0.154344
150567656524926,146.448731,3.426675,0.239607,-0.470365
150567666525926,146.458732,1.933703,0.32962,-0.931822
150567676527094,146.468733,0.056826,0.442661,-1.01918
150567686528325,146.478734,-0.954316,0.607031,-0.693001
150567696529311,146.488735,-0.713801,0.647974,-0.116458
150567706530465,146.498736,0.144879,0.808498,0.332608
150567716531470,146.508737,0.810038,1.046129,0.229288
150567726532624,146.518739,0.302948,1.167508,-0.341214
150567736533855,146.528740,-0.550549,1.351998,-0.904301
150567746534850,146.538741,-1.320318,1.579173,-1.263832
150567756535999,146.548742,-1.715964,1.558115,-1.148448
150567766536999,146.558743,-1.47548,1.392586,-0.560256
150567776538244,146.568744,-0.618131,1.381833,0.13322
150567786539393,146.578745,0.740717,1.428144,0.432124
150567796540393,146.588746,1.875221,1.219613,0.470612
150567806541552,146.598748,2.252292,0.882864,0.224557
150567816542783,146.608749,2.36436,0.458044,0.236416
150567826543789,146.618750,2.698334,0.017547,0.425077
150567836544943,146.628751,2.876052,-0.329465,0.601635
150567846545929,146.638752,2.739413,-0.565809,0.655657
150567856547083,146.648753,1.920799,-0.572217,0.385345
150567866548307,146.658754,0.629549,-0.390398,-0.238363
150567876549302,146.668755,-1.00039,-0.075165,-1.135052
150567886550537,146.678757,-2.623769,0.382833,-1.977274
150567896551691,146.688758,-4.047145,0.529033,-2.340655
150567906552686,146.698759,-4.702176,0.361008,-2.242464
150567916553917,146.708760,-4.703645,0.885093,-2.08953
150567926555071,146.718761,-3.255662,0.784029,-1.333141
150567936556071,146.728762,-1.421344,0.256916,-0.516496
150567946557227,146.738763,-0.070942,-0.017286,-0.212481
150567956558456,146.748764,1.185611,-0.013492,-0.152476
150567966559456,146.758765,2.291916,-0.177942,-0.201703
150567976560610,146.768767,2.309811,-0.191478,-0.526631
150567986561840,146.778768,1.386017,0.079448,-0.813026
150567996562854,146.788769,0.348807,0.091084,-0.671167
150568006564017,146.798770,0.036147,-0.009839,-0.135968
150568016565017,146.808771,0.390041,0.061787,0.415689
150568026566248,146.818772,1.321572,0.066315,0.633465
150568036567395,146.828773,1.804001,0.272049,0.616437
150568046568400,146.838774,1.471424,0.61708,0.270966
150568056569549,146.848776,0.612122,0.66086,-0.039851
150568066570791,146.858777,-0.322991,0.632757,-0.17727
150568076571798,146.868778,-1.001798,0.73582,-0.106863
150568086572951,146.878779,-1.021678,0.698374,0.303065
150568096574182,146.888780,-1.04235,0.723752,0.606599
150568106575197,146.898781,-0.782698,0.773097,0.936583
150568116576430,146.908782,-0.774355,0.812151,0.850422
150568126577582,146.918784,-0.988245,0.645241,0.667546
150568136578811,146.928785,-1.351336,0.512188,0.359345
150568146579811,146.938786,-1.823379,0.338332,0.118936
150568156580960,146.948787,-2.196822,0.173689,-0.067147
150568166582190,146.958788,-2.164668,0.14794,-0.234283
150568176583178,146.968789,-1.92142,0.114673,-0.447055
150568186584327,146.978790,-1.596056,0.091567,-0.638286
150568196585327,146.988791,-1.246595,0.02525,-0.714717
150568206586556,146.998793,-1.137091,-0.060424,-0.708878
150568216587709,147.008794,-1.025637,-0.140398,-0.658918
150568226588711,147.018795,-0.461833,-0.30268,-0.52866
150568236589912,147.028796,0.142853,-0.382895,-0.423794
150568246591068,147.038797,0.737873,-0.482393,-0.300464
150568256592297,147.048798,1.197838,-0.549372,0.021885
150568266593512,147.058800,1.761789,-0.712768,0.270931
150568276594498,147.068800,1.963612,-0.735022,0.327686
150568286595654,147.078802,1.963324,-0.610663,0.333786
150568296596673,147.088803,1.767888,-0.455095,0.203186
150568306597902,147.098804,1.130532,-0.314686,-0.032293
150568316599058,147.108805,0.026277,-0.15462,-0.150937
150568326600063,147.118806,-0.80913,0.002432,-0.171661
150568336601287,147.128807,-1.357924,0.007254,-0.058458
150568346602457,147.138808,-1.401067,0.187707,0.241623
150568356603463,147.148809,-1.210112,0.382753,0.378233
150568366604696,147.158811,-1.016481,0.530294,0.324676
150568376605865,147.168812,-1.048703,0.611171,0.020155
150568386607094,147.178813,-1.068883,0.508469,-0.181624
150568396608092,147.188814,-1.198896,0.450649,-0.300351
150568406609321,147.198815,-1.068967,0.433015,-0.15117
150568416610463,147.208816,-0.875896,0.452393,0.002436
150568426611692,147.218818,-0.761656,0.568026,0.005613
150568436612692,147.228819,-0.593046,0.595214,-0.081931
150568446613845,147.238820,-0.260825,0.569612,-0.130165
150568456615066,147.248821,-0.167516,0.407012,-0.00435
150568466616052,147.258822,0.043764,0.184799,0.158028
150568476617278,147.268823,0.555155,0.158625,0.349532
150568486618419,147.278824,1.062941,0.113423,0.395322
150568496619405,147.288825,1.912542,0.120723,0.330634
150568506620653,147.298827,2.140606,0.094178,0.085524
150568516621788,147.308828,2.013512,-0.025269,-0.087826
150568526623018,147.318829,1.59348,-0.183182,-0.15786
150568536624008,147.328830,1.042226,-0.175661,-0.13399
150568546625239,147.338831,0.731003,-0.181042,-0.067799
150568556626393,147.348832,0.535692,-0.169916,0.015113
150568566627400,147.358833,0.275654,-0.056255,0.010859
150568576628634,147.368835,0.20265,0.004675,-0.030763
150568586629788,147.378836,-0.004898,-0.022634,-0.258311
150568596631033,147.388837,-0.361079,-0.097482,-0.407706
150568606632047,147.398838,-0.764075,-0.13198,-0.479833
150568616633277,147.408839,-0.95939,0.176249,-0.4775
150568626634424,147.418840,-1.278779,0.350714,-0.426084
150568636635653,147.428842,-1.071575,0.32886,-0.262556
150568646636658,147.438843,-1.005238,0.292701,-0.188968
150568656637903,147.448844,-1.207016,0.409904,-0.07829
150568666639071,147.458845,-1.106072,0.49991,-0.046295
150568676640073,147.468846,-0.755934,0.548926,-0.006814
150568686641302,147.478847,-0.319214,0.592929,0.027102
150568696642455,147.488848,-0.374773,0.526253,0.114215
150568706643686,147.498850,-0.234448,0.373881,0.321602
150568716644691,147.508851,0.247161,0.191449,0.574224
150568726645922,147.518852,0.716264,0.061863,0.719617
150568736647071,147.528853,0.959835,0.121827,0.606588
150568746648302,147.538854,0.643736,0.272101,0.393005
150568756649312,147.548855,-0.001196,0.24404,0.101773
150568766650556,147.558857,-0.69283,0.145615,0.05058
150568776651696,147.568858,-0.820107,0.093264,0.205147
150568786652703,147.578859,-0.858174,0.042746,0.564807
150568796653932,147.588860,-0.569661,0.024725,0.702998
150568806655086,147.598861,-0.634408,0.338395,0.44238
150568816656302,147.608862,-1.273418,0.465513,0.024503
150568826657302,147.618863,-1.751649,0.39588,-0.28542
150568836658533,147.628865,-1.849413,0.127668,-0.250978
150568846659687,147.638866,-1.7812,-0.08184,-0.025963
150568856660674,147.648867,-1.415165,-0.010097,0.359929
150568866661907,147.658868,-1.097421,0.071544,0.333235
150568876663123,147.668869,-0.794062,-0.059594,0.068072
150568886664274,147.678870,-0.549111,-0.153825,-0.216834
150568896665508,147.688872,-0.736338,-0.279927,-0.318626
150568906666508,147.698873,-0.797514,-0.407677,-0.33774
150568916667662,147.708874,-0.928894,-0.402958,-0.188639
150568926668898,147.718875,-1.277951,-0.326615,-0.065214
150568936669899,147.728876,-1.056194,-0.277839,0.026305
150568946671122,147.738877,-0.858257,-0.262687,-0.048853
150568956672278,147.748878,-1.090133,-0.202927,-0.210952
150568966673488,147.758879,-1.219911,-0.324343,-0.34852
150568976674734,147.768881,-0.987318,-0.413298,-0.390732
150568986675762,147.778882,-0.638403,-0.436806,-0.368976
150568996676904,147.788883,-0.611019,-0.51674,-0.435325
150569006678132,147.798884,-0.268544,-0.588762,-0.409897
150569016679363,147.808885,-0.009285,-0.685237,-0.259894
150569026680379,147.818886,0.047453,-0.6843,-0.146595
150569036681538,147.828888,-0.067927,-0.530316,-0.167597
150569046682782,147.838889,-0.58953,-0.379005,-0.300367
150569056683793,147.848890,-1.279481,-0.154792,-0.452662
150569066685017,147.858891,-1.893193,-0.09792,-0.583703
150569076686158,147.868892,-2.15221,-0.075257,-0.497493
150569086687388,147.878893,-1.976481,-0.097872,-0.259825
150569096688383,147.888894,-1.350012,-0.17171,0.040719
150569106689614,147.898896,-0.691525,-0.236913,0.08924
150569116690835,147.908897,-0.108199,-0.174105,-0.101797
150569126691775,147.918898,0.258076,-0.061326,-0.416477
150569136693006,147.928899,0.178534,0.028746,-0.686208
150569146694235,147.938900,-0.295375,0.099253,-0.819973
150569156695362,147.948901,-0.883463,0.231422,-0.803586
150569166696600,147.958903,-1.374572,0.344894,-0.682621
150569176697602,147.968904,-1.430457,0.460806,-0.539493
150569186698840,147.978905,-1.277301,0.637345,-0.537584
150569196699994,147.988906,-1.079117,0.680196,-0.492768
150569206701206,147.998907,-0.994733,0.518095,-0.392528
150569216702206,148.008908,-0.415493,0.294398,-0.148409
150569226703362,148.018909,0.379872,0.062952,0.062032
150569236704586,148.028911,0.949372,0.14615,0.062985
150569246705816,148.038912,1.250213,0.197183,0.035121
150569256706832,148.048913,1.128245,0.130419,-0.10978
150569266708052,148.058914,0.660097,0.257066,-0.291321
150569276709206,148.068915,-0.195813,0.450917,-0.353922
150569286710441,148.078916,-0.86039,0.596541,-0.295769
150569296711443,148.088917,-1.16023,0.788912,-0.259887
150569306712687,148.098919,-1.212946,0.925014,-0.176312
150569316713841,148.108920,-0.943462,0.911208,-0.080093
150569326715071,148.118921,-0.903469,0.832226,0.074866
150569336716076,148.128922,-0.42097,0.77515,0.282504
150569346717302,148.138923,0.268121,0.877693,0.361329
150569356718456,148.148924,0.673088,0.939219,0.262953
150569366719458,148.158925,0.517427,0.910636,0.115749
150569376720689,148.168927,-0.146119,1.067007,0.110428
150569386721918,148.178928,-0.520732,1.113537,0.282228
150569396723073,148.188929,0.025583,1.002461,0.502807
150569406724297,148.198930,-0.172723,1.068812,0.464794
150569416725297,148.208931,-0.355407,1.167476,0.288942
150569426726453,148.218932,-0.247102,0.965469,0.178131
150569436727696,148.228934,-0.130045,0.898451,0.154165
150569446728922,148.238935,0.140488,0.754549,-0.00301
150569456729915,148.248936,0.222925,0.664921,-0.157788
150569466731129,148.258937,-0.224675,0.782153,-0.346215
150569476732284,148.268938,-0.612805,0.938109,-0.588978
150569486733508,148.278940,-0.806282,0.867926,-0.671908
150569496734508,148.288941,-1.125455,0.743896,-0.51297
150569506735739,148.298942,-0.56548,0.561383,0.016761
150569516736895,148.308943,0.61075,0.317982,0.643248
150569526738129,148.318944,1.447696,0.335269,0.810336
150569536739350,148.328945,1.703315,0.254385,0.79678
150569546740351,148.338946,1.338827,0.307808,0.625268
150569556741506,148.348948,0.894417,0.098892,0.640565
150569566742719,148.358949,0.328593,0.004226,0.605782
150569576743950,148.368950,0.036391,-0.002725,0.711137
150569586744950,148.378951,-0.45466,-0.028326,0.655262
150569596746106,148.388952,-0.888613,-0.029312,0.475026
150569606747335,148.398953,-1.438787,0.045495,0.12745
150569616748565,148.408955,-2.026448,0.074354,-0.197081
150569626749574,148.418956,-2.640162,0.145736,-0.609273
150569636750805,148.428957,-2.778256,0.097894,-0.770164
150569646751969,148.438958,-2.641852,0.21991,-0.845391
150569656753186,148.448959,-2.307739,0.340166,-0.66672
150569666754190,148.458960,-1.622942,0.336627,-0.314412
150569676755421,148.468961,-0.912342,0.295506,0.044437
150569686756575,148.478963,-0.348505,0.166549,0.248155
150569696757815,148.488964,0.116657,-0.057388,0.42346
150569706758815,148.498965,0.543332,0.180879,0.275439
150569716759956,148.508966,1.068348,0.249149,0.148534
150569726761187,148.518967,0.955017,0.096916,0.209712
150569736762446,148.528968,1.005147,0.05409,0.373401
150569746763465,148.538969,1.064346,0.138627,0.587778
150569756764696,148.548971,1.300566,0.321396,0.746486
150569766765847,148.558972,1.20125,0.521341,0.578892
150569776767075,148.568973,0.58538,0.632584,0.335952
150569786768080,148.578974,-0.006108,0.597186,0.191177
150569796769326,148.588975,-0.443473,0.714054,0.051706
150569806770470,148.598976,-0.521014,0.679123,-0.008886
150569816771701,148.608978,-0.463524,0.722233,-0.077359
150569826772717,148.618979,-0.35899,0.722924,-0.044658
150569836773947,148.628980,-0.313323,0.751434,-0.051264
150569846775120,148.638981,-0.12511,0.630091,0.008534
150569856776122,148.648982,-0.180911,0.532782,-0.010498
150569866777571,148.658984,-0.263645,0.464741,0.058314
150569876778571,148.668985,-0.112879,0.639574,0.103975
150569886779742,148.678986,-0.323004,0.804313,-0.04955
150569896780971,148.688987,-0.66851,0.757588,-0.089309
150569906781971,148.698988,-0.887071,0.787147,-0.149471
150569916783188,148.708989,-0.912154,0.680699,-0.075521
150569926784311,148.718990,-0.705862,0.689631,-0.008385
150569936785547,148.728992,-0.2455,0.769969,-0.108846
150569946786558,148.738993,-0.315121,0.81544,-0.404662
150569956787782,148.748994,-0.347378,0.744638,-0.556529
150569966788995,148.758995,0.059435,0.438312,-0.435533
150569976790158,148.768996,0.304813,0.315148,-0.107869
150569986791394,148.778997,0.774884,0.26174,0.190381
150569996792389,148.788998,0.956124,0.368061,0.297424
150570006793544,148.799000,0.831565,0.500096,0.248219
150570016794763,148.809001,0.170501,0.539455,0.258711
150570026795975,148.819002,-0.211648,0.46486,0.35999
150570036796975,148.829003,-1.027683,0.3553,0.442803
150570046798206,148.839004,-0.899039,0.301044,0.538913
150570056799360,148.849005,-0.370044,0.270167,0.490284
150570066800374,148.859006,0.044538,0.154827,0.365166
150570076801600,148.869008,0.209093,-0.071657,0.333003
150570086802825,148.879009,0.095988,-0.080458,0.303869
150570096803979,148.889010,-0.33705,-0.173267,0.196499
150570106805195,148.899011,-0.863352,-0.199142,-0.014276
150570116806417,148.909012,-1.379483,-0.021743,-0.330722
150570126807421,148.919013,-2.050056,-0.00798,-0.373366
150570136808568,148.929015,-2.23968,0.104089,-0.209165
150570146809568,148.939016,-2.319428,0.122462,0.146778
150570156810792,148.949017,-2.001581,0.121065,0.430045
150570166812041,148.959018,-1.344944,0.172456,0.500875
150570176813195,148.969019,-0.753895,0.105298,0.413525
150570186814436,148.979020,-0.171715,-0.09459,0.434779
150570196815452,148.989021,0.177692,-0.219506,0.472804
150570206816681,148.999023,0.690023,-0.229855,0.569569
150570216817835,149.009024,0.742398,-0.074494,0.434204
150570226819060,149.019025,0.433712,0.083117,0.196357
150570236820031,149.029026,-0.230749,0.161377,-0.039936
150570246821267,149.039027,-0.622243,0.155704,0.073045
150570256822429,149.049028,-0.680536,0.209548,0.341654
150570266823677,149.059030,-0.366897,0.175694,0.625668
150570276824689,149.069031,0.301712,0.270374,0.640562
150570286825932,149.079032,0.535255,0.426308,0.28901
150570296827088,149.089033,0.275042,0.525837,0.021743
150570306828316,149.099034,-0.053717,0.52417,-0.005354
150570316829318,149.109035,-0.680971,0.455319,0.20726
150570326830532,149.119037,-0.723168,0.588798,0.513787
150570336831693,149.129038,-0.766192,0.742651,0.547623
150570346832903,149.139039,-1.131914,0.864742,0.442171
150570356833903,149.149040,-1.528477,0.986607,0.004922
150570366835129,149.159041,-2.417976,0.912014,-0.300095
150570376836359,149.169042,-2.841168,0.526646,-0.083929
150570386837513,149.179044,-1.883371,-0.04581,0.446075
150570396838763,149.189045,-0.558687,-0.266901,0.820632
150570406839763,149.199046,0.475949,-0.399722,0.809861
150570416840927,149.209047,0.957932,-0.523326,0.333392
150570426842158,149.219048,0.58562,-0.565693,-0.410433
150570436843145,149.229049,-0.698257,-0.770914,-0.872424
150570446844369,149.239050,-2.00501,-0.851793,-0.99161
150570456845604,149.249052,-2.740237,-1.123124,-0.68837
150570466846740,149.259053,-2.624055,-1.281054,-0.185966
150570476847745,149.269054,-1.607959,-1.452943,0.490948
150570486848984,149.279055,-0.491573,-1.493738,0.822725
150570496850215,149.289056,-0.055779,-1.452594,0.713253
150570506851354,149.299057,-0.483582,-1.347731,0.025428
150570516852604,149.309059,-1.563695,-1.124353,-0.810014
150570526853606,149.319060,-2.83156,-1.0454,-1.38762
150570536854759,149.329061,-3.682415,-0.974164,-1.416948
150570546856008,149.339062,-3.842407,-0.986353,-0.981749
150570556857008,149.349063,-3.182818,-0.973452,-0.298909
150570566858239,149.359064,-2.053856,-0.645466,0.042109
150570576859441,149.369065,-1.050962,-0.597929,0.205432
150570586860599,149.379067,-0.663545,-0.701355,0.032434
150570596861845,149.389068,-0.543231,-0.746516,-0.219346
150570606862860,149.399069,-0.498253,-0.622787,-0.596202
150570616864076,149.409070,-0.695051,-0.611756,-0.729943
150570626865225,149.419071,-0.710417,-0.462974,-0.612599
150570636866246,149.429072,-0.546305,-0.469103,-0.162509
150570646867696,149.439074,-0.010066,-0.652776,0.458112
150570656868624,149.449075,0.793237,-0.741414,0.991782
150570666869855,149.459076,1.718483,-0.512124,1.153081
150570676871109,149.469077,1.794049,-0.44071,0.870992
150570686872124,149.479078,1.602777,-0.32139,0.398707
150570696873339,149.489079,1.085594,-0.197109,-0.004488
150570706874493,149.499080,-0.008501,0.061247,-0.191477
150570716875710,149.509082,-0.948706,0.024712,-0.042456
150570726876698,149.519083,-1.009196,0.044897,0.353515
150570736877852,149.529084,-1.305501,0.263056,0.532515
150570746879094,149.539085,-1.099993,0.257638,0.775187
150570756880096,149.549086,-0.691932,0.318337,0.795928
150570766881309,149.559087,-0.339144,0.027992,0.766587
150570776882476,149.569088,0.134735,-0.112116,0.836648
150570786883720,149.579090,0.609911,-0.313686,1.058079
150570796884941,149.589091,1.061034,-0.409214,1.138281
150570806885927,149.599092,1.517947,-0.537817,1.354338
150570816887158,149.609093,1.681791,-0.497872,1.503506
150570826888312,149.619094,1.651901,-0.351817,1.505817
150570836889304,149.629095,1.207872,-0.294071,1.396617
150570846890532,149.639097,0.920021,-0.213884,1.21073
150570856891688,149.649098,0.34656,-0.031703,0.963069
150570866892903,149.659099,0.033835,0.088675,0.969731
150570876894124,149.669100,0.057436,0.187218,0.985086
150570886895124,149.679101,-0.015479,0.241981,1.105831
150570896896290,149.689102,-0.024256,0.301067,1.267965
150570906897519,149.699104,0.12864,0.188158,1.735415
150570916898523,149.709105,0.692,-0.003106,2.184013
150570926899739,149.719106,1.467751,-0.145702,2.512436
150570936900970,149.729107,2.16031,-0.211784,2.600018
150570946902104,149.739108,2.407147,-0.391146,2.328723
150570956903349,149.749109,2.794968,-0.659472,2.296034
150570966904366,149.759110,2.748395,-0.654771,2.053584
150570976905505,149.769112,2.284599,-0.550124,1.747578
150570986906734,149.779113,1.514825,-0.312166,1.43567
150570996907722,149.789114,0.887549,-0.17685,1.125835
150571006908952,149.799115,0.303345,0.019342,0.834547
150571016910104,149.809116,-0.785348,0.076424,0.526036
150571026911321,149.819117,-1.470625,0.110414,0.377834
150571036912552,149.829119,-1.395244,0.131238,0.41619
150571046913570,149.839120,-1.330487,0.188917,0.621147
150571056914724,149.849121,-1.068584,0.179286,0.945642
150571066915955,149.859122,-0.69293,0.236334,1.17123
150571076916972,149.869123,-0.669903,0.205537,1.250006
150571086918200,149.879124,-0.586283,0.167141,1.31363
150571096919346,149.889125,-0.437615,0.03035,1.275549
150571106920591,149.899127,-0.480321,-0.110733,1.409594
150571116921596,149.909128,-0.4493,-0.040322,1.372992
150571126922836,149.919129,0.317468,-0.273085,1.517661
150571136923975,149.929130,0.595636,-0.340663,1.41139
150571146925220,149.939131,0.248112,-0.293855,1.291919
150571156926235,149.949132,0.291903,-0.215138,1.12496
150571166927479,149.959133,0.091722,-0.25972,0.944586
150571176928650,149.969135,-0.667999,-0.215269,0.792936
150571186929879,149.979136,-0.726411,-0.131253,0.798734
150571196930879,149.989137,-0.757957,-0.13302,0.893831
150571206932124,149.999138,-1.069049,-0.147083,0.868379
150571216933292,150.009139,-1.514696,-0.072046,0.844852
150571226934508,150.019141,-1.649071,-0.097254,0.874475
150571236935522,150.029142,-1.551172,-0.089785,1.120419
150571246936679,150.039143,-0.831509,-0.22267,1.305859
150571256937908,150.049144,0.31325,-0.543294,1.273837
150571266938888,150.059145,2.046637,-0.785911,1.079498
150571276940124,150.069146,3.513846,-0.821214,0.691669
150571286941355,150.079147,4.723636,-0.51172,0.121294
150571296942504,150.089149,4.96284,-0.335765,-0.458284
150571306943500,150.099150,3.071242,-0.061654,-0.781602
150571316944733,150.109151,0.89307,0.277966,-0.646342
150571326945861,150.119152,-0.385066,0.152589,0.100147
150571336947090,150.129153,-1.265291,0.103359,0.983091
150571346948092,150.139154,-0.187621,-0.243124,1.797633
150571356949321,150.149155,2.324311,-0.669688,2.242025
150571366950463,150.159156,4.22451,-0.680641,1.857552
150571376951692,150.169158,4.835386,-0.709445,1.157638
150571386952708,150.179159,4.472237,-0.643953,0.778328
150571396953857,150.189160,3.491549,-0.321257,0.988362
150571406955090,150.199161,1.875082,-0.420118,1.212024
150571416956073,150.209162,-0.109046,-0.114389,1.233173
150571426957312,150.219163,-1.450172,0.199349,1.152447
150571436958481,150.229164,-2.591959,0.610478,0.862732
150571446959710,150.239166,-2.83234,1.187076,0.822493
150571456960941,150.249167,-2.680629,1.147896,0.570697
150571466961946,150.259168,-2.499165,1.299121,-0.002502
150571476963091,150.269169,-2.093827,1.056258,-0.39366
150571486964320,150.279170,-2.268447,0.803792,-0.589949
150571496965315,150.289171,-1.611121,0.576098,-0.36851
150571506966575,150.299173,-0.761121,0.408148,0.073725
150571516967806,150.309174,0.042097,0.235551,0.442239
150571526968960,150.319175,0.900352,-7.43E-4,0.648789
150571536969962,150.329176,1.271545,-0.367101,0.740215
150571546971191,150.339177,1.380936,-0.687616,0.838782
150571556972330,150.349178,1.391932,-0.791658,0.805169
150571566973546,150.359180,1.283093,-0.961741,0.64005
150571576974561,150.369181,0.614051,-0.912549,0.235071
150571586975792,150.379182,-0.561815,-0.736754,-0.264021
150571596976950,150.389183,-1.751318,-0.509968,-0.582934
150571606977948,150.399184,-2.620218,-0.35487,-0.755271
150571616979179,150.409185,-3.51283,-0.44153,-0.709204
150571626980321,150.419186,-3.73884,-0.430184,-0.440637
150571636981556,150.429188,-3.205962,-0.207882,0.186849
150571646982548,150.439189,-2.813659,0.150196,0.527078
150571656983772,150.449190,-2.392953,0.021083,0.586431
150571666985018,150.459191,-1.973171,-0.224988,0.594759
150571676986158,150.469192,-1.537271,-0.561939,0.732282
150571686987131,150.479193,-0.822871,-0.779378,0.849028
150571696988346,150.489194,-0.153609,-0.801691,0.823807
150571706989500,150.499196,0.357991,-0.880666,0.815373
150571716990730,150.509197,0.261061,-0.908824,0.785545
150571726991730,150.519198,-0.15143,-0.813513,0.726989
150571736992989,150.529199,-0.751065,-0.719103,0.310677
150571746994145,150.539200,-1.271944,-0.52872,-0.115719
150571756995150,150.549201,-1.483804,-0.268431,-0.327135
150571766996309,150.559202,-1.370698,-0.220452,-0.362884
150571776997617,150.569204,-1.305491,0.070442,-0.350848
150571786998763,150.579205,-0.863933,0.320063,-0.337776
150571796999749,150.589206,-0.611564,0.283223,-0.208827
150571807000980,150.599207,-0.452676,0.086209,0.195685
150571817002131,150.609208,0.202384,-0.174436,0.722508
150571827003350,150.619209,1.351944,-0.343246,0.968395
150571837004355,150.629210,1.978537,-0.154391,1.069295
150571847005570,150.639212,1.995852,-0.041185,1.108134
150571857006736,150.649213,1.981692,0.043068,1.119189
150571867007978,150.659214,1.131292,0.452822,0.796498
150571877008978,150.669215,0.093848,0.585954,0.615516
150571887010134,150.679216,-0.709979,0.499626,0.734468
150571897011349,150.689217,-0.393268,0.622731,1.022052
150571907012351,150.699218,0.785522,0.457683,1.393161
150571917013565,150.709220,1.202058,0.285083,1.420149
150571927014721,150.719221,1.181339,0.292662,1.131063
150571937015950,150.729222,0.932371,0.432141,0.753135
150571947017171,150.739223,0.343151,0.754393,0.576182
150571957018152,150.749224,-0.460323,0.95403,0.478799
150571967019301,150.759225,-0.782533,1.066307,0.869219
150571977020303,150.769226,-0.66765,1.300149,1.108705
150571987021532,150.779228,-0.658355,1.406838,1.253853
150571997022700,150.789229,-0.274958,1.409078,1.440347
150572007023936,150.799230,-0.063537,1.233748,1.530933
150572017025167,150.809231,-0.175024,1.477014,1.173646
150572027026177,150.819232,0.154999,1.243442,1.134026
150572037027330,150.829233,0.555067,0.922874,1.028908
150572047028571,150.839235,0.76047,0.65873,1.050079
150572057029581,150.849236,1.292272,0.654968,1.099814
150572067030826,150.859237,1.921445,0.428112,1.136036
150572077031990,150.869238,1.90161,0.029766,1.134923
150572087032992,150.879239,1.995032,-0.491441,1.355634
150572097034223,150.889240,2.077911,-0.690791,1.398029
150572107035437,150.899241,1.941867,-0.468994,1.173583
150572117036576,150.909243,0.800191,-0.232871,0.814132
150572127037573,150.919244,-0.933299,-0.190609,0.293056
150572137038741,150.929245,-2.416897,-0.081962,-0.050524
150572147039985,150.939246,-3.162,-0.148022,0.017286
150572157041216,150.949247,-3.250132,-0.351192,0.191599
150572167042218,150.959248,-2.909871,-0.295218,0.299737
150572177043386,150.969249,-2.072594,-0.296747,0.208228
150572187044601,150.979251,-1.820402,-0.314224,-0.073939
150572197045612,150.989252,-1.410055,-0.35062,-0.4538
150572207046845,150.999253,-1.966136,-0.224627,-0.831359
150572217047986,151.009254,-2.284497,-0.150378,-0.693284
150572227049210,151.019255,-1.69204,-0.294253,-0.27533
150572237050200,151.029256,-1.191587,-0.402371,0.185825
150572247051356,151.039257,-0.601288,-0.536851,0.586334
150572257052585,151.049259,0.375025,-0.610859,0.765951
150572267053801,151.059260,1.319692,-0.898811,0.949064
150572277054801,151.069261,2.555969,-1.264734,1.258893
150572287055966,151.079262,3.415325,-1.641133,1.502352
150572297057209,151.089263,3.70762,-1.81873,1.594904
150572307058207,151.099264,3.732728,-2.218483,1.850751
150572317059436,151.109265,3.961343,-2.298029,2.180061
150572327060585,151.119267,2.422227,-2.001722,2.079582
150572337061587,151.129268,0.749784,-1.512241,1.685774
150572347062801,151.139269,-1.001459,-0.389235,0.718673
150572357063943,151.149270,-3.077411,1.352216,-0.722809
150572367065171,151.159271,-4.910194,2.645466,-1.47209
150572377066171,151.169272,-6.350681,2.966673,-1.689094
150572387067402,151.179273,-7.053187,3.072161,-1.051292
150572397068586,151.189275,-6.062431,2.636598,0.831302
150572407069590,151.199276,-2.507022,1.519359,2.737122
150572417070823,151.209277,1.22616,0.687603,3.502083
150572427071987,151.219278,5.365545,0.178927,4.132817
150572437073216,151.229279,8.098677,-0.076321,3.742396
150572447074223,151.239280,8.749511,-0.21687,3.23026
150572457075465,151.249281,7.86308,0.06653,2.69683
150572467076626,151.259283,5.467653,0.407426,2.151088
150572477077635,151.269284,2.621442,0.551954,1.607475
150572487078879,151.279285,0.60704,0.805037,1.417402
150572497080035,151.289286,-0.773366,0.969394,1.256279
150572507081264,151.299287,-1.524978,1.004163,1.073247
150572517082266,151.309288,-1.529764,0.83506,0.886262
150572527083509,151.319290,-1.337331,0.619609,0.930156
150572537084691,151.329291,-1.554758,0.386795,0.968054
150572547085693,151.339292,-2.080329,0.132298,1.131456
150572557086907,151.349293,-1.926553,-0.068163,1.328863
150572567088129,151.359294,-1.630694,-0.319878,1.45352
150572577089283,151.369295,-0.965082,-0.434216,1.382069
150572587090509,151.379297,-0.759038,-0.379451,0.853962
150572597091499,151.389297,-1.327913,-0.231716,-0.024803
150572607092639,151.399299,-1.528855,-0.315625,-0.392553
150572617093634,151.409300,-1.821183,-0.237685,-0.998926
150572627094864,151.419301,-2.754387,-0.505983,-1.28525
150572637096006,151.429302,-2.474422,-0.607019,-1.362871
150572647097235,151.439303,-1.232642,-0.77627,-1.135534
150572657098232,151.449304,-0.519658,-1.023279,-0.752597
150572667099446,151.459305,0.273059,-1.372642,-0.293466
150572677100593,151.469307,1.322884,-1.606809,0.05172
150572687101822,151.479308,2.266431,-1.596753,0.355968
150572697102822,151.489309,2.835693,-1.33809,0.265181
150572707104052,151.499310,2.384486,-0.903175,-0.06465
150572717105206,151.509311,0.979911,-0.492904,-0.418449
150572727106172,151.519312,-0.429766,-0.533849,-0.207242
150572737107403,151.529313,-1.122741,-0.634345,0.364776
150572747108567,151.539315,-0.555649,-0.450791,0.958495
150572757109562,151.549316,-0.376331,-0.087459,1.245074
150572767110783,151.559317,-0.405448,0.130136,1.233708
150572777111944,151.569318,-0.264823,0.032123,1.150302
150572787113177,151.579319,-0.55489,0.01786,0.933865
150572797114417,151.589320,-0.648844,0.08092,0.938534
150572807115427,151.599321,-0.448721,0.039139,1.151232
150572817116581,151.609323,-0.273906,-0.161434,1.46184
150572827117597,151.619324,0.068319,-0.323853,1.573173
150572837118831,151.629325,0.270708,-0.148861,1.382682
150572847119982,151.639326,0.177569,0.033376,0.964291
150572857121211,151.649327,-0.296864,0.158474,0.519216
150572867122211,151.659328,-1.046397,0.206727,0.166102
150572877123366,151.669329,-1.584429,-0.129958,0.321701
150572887124590,151.679331,-1.196094,-0.220111,0.726222
150572897125590,151.689332,-0.837647,-0.294025,1.085383
150572907126761,151.699333,-0.131037,-0.19966,1.091429
150572917127982,151.709334,0.242104,0.019109,0.547704
150572927128977,151.719335,-0.085042,0.382132,-0.435425
150572937130206,151.729336,-1.161893,0.524122,-1.087834
150572947131437,151.739337,-1.850851,0.192919,-1.087537
150572957132590,151.749339,-1.59922,-0.053163,-0.862102
150572967133592,151.759340,-1.296798,0.253789,-0.696505
150572977134835,151.769341,-0.617657,0.539581,-0.548879
150572987135985,151.779342,-0.04979,0.542181,-0.488755
150572997136967,151.789343,0.082049,0.319713,-0.392364
150573007138184,151.799344,0.425192,-0.372482,0.111128
150573017139347,151.809345,1.616445,-0.897575,0.674455
150573027140576,151.819347,3.220843,-1.062777,0.860928
150573037141588,151.829348,4.360695,-1.021454,0.606475
150573047142727,151.839349,4.657258,-0.68899,0.259691
150573057143941,151.849350,3.397787,-0.167161,-0.275223
150573067145182,151.859351,1.13893,0.231131,-0.653675
150573077146182,151.869352,-0.552381,0.60398,-0.856852
150573087147427,151.879353,-1.818679,0.803374,-0.604915
150573097148595,151.889355,-2.554206,1.120516,-0.001149
150573107149605,151.899356,-2.082366,1.116647,1.014095
150573117150769,151.909357,-0.637899,0.917552,1.666017
150573127151999,151.919358,0.821414,0.651058,1.763855
150573137152999,151.929359,1.704317,0.317798,1.719218
150573147154215,151.939360,1.833597,0.016961,1.663302
150573157155357,151.949361,2.354348,-0.293742,1.962552
150573167156595,151.959363,2.151489,-0.282505,2.028769
150573177157610,151.969364,1.421529,-0.099361,1.858858
150573187158775,151.979365,0.456762,0.047679,1.356343
150573197160009,151.989366,-0.478602,0.241158,0.669714
150573207161006,151.999367,-1.448013,0.31184,0.083753
150573217162257,152.009368,-1.985085,0.238076,-0.168906
150573227163411,152.019369,-1.851136,-0.107908,0.025814
150573237164428,152.029370,-1.392468,-0.233787,0.275209
150573247165562,152.039372,-0.411624,-0.384069,0.516441
150573257166791,152.049373,0.573166,-0.400117,0.417415
150573267168009,152.059374,0.548878,-0.24597,-2.1E-5
150573277169004,152.069375,0.297235,-0.220152,-0.475386
150573287170165,152.079376,-0.724124,-0.223655,-0.764669
150573297171399,152.089377,-1.185598,-0.566113,-0.569847
150573307172412,152.099378,-0.710454,-0.978704,-0.065959
150573317173643,152.109380,0.139953,-1.087846,0.471784
150573327174809,152.119381,1.202861,-1.113793,0.570337
150573337175809,152.129382,0.983155,-0.983151,0.150242
150573347177045,152.139383,0.273367,-0.81611,-0.600896
150573357178269,152.149384,-0.467784,-0.740102,-1.27456
150573367179428,152.159385,-1.251625,-0.592135,-1.479916
150573377180418,152.169386,-1.842003,-0.598528,-1.390592
150573387181579,152.179388,-1.641722,-0.743068,-0.844161
150573397182797,152.189389,-0.621731,-0.652673,-0.392351
150573407183797,152.199390,0.254802,-0.638964,-0.1828
150573417185028,152.209391,0.473352,-0.531204,-0.444805
150573427186201,152.219392,0.447287,-0.652925,-0.5746
150573437187432,152.229393,0.06569,-0.795344,-0.426062
150573447188432,152.239394,0.352509,-0.952364,0.165225
150573457189579,152.249396,0.866141,-0.976415,0.66625
150573467190787,152.259397,0.933286,-0.884427,0.827618
150573477191790,152.269398,0.572291,-0.724895,0.515067
150573487192933,152.279399,0.195299,-0.498899,0.059504
150573497194138,152.289400,-0.594521,-0.226048,-0.5439
150573507195384,152.299401,-1.003808,-0.424059,-0.48403
150573517196369,152.309402,-0.966116,-0.614573,-0.095473
150573527197523,152.319404,-0.622545,-0.698382,0.456267
150573537198525,152.329405,0.039957,-0.616838,0.797869
150573547199665,152.339406,0.502099,-0.474743,0.594315
150573557200891,152.349407,0.19945,-0.297047,-0.010252
150573567202119,152.359408,-0.283123,-0.061977,-0.813373
150573577203121,152.369409,-0.861152,0.277613,-1.481171
150573587204275,152.379410,-1.521184,0.47831,-1.674147
150573597205504,152.389412,-1.532554,0.220737,-1.358836
150573607206499,152.399412,-0.932635,-0.167754,-0.532147
150573617207730,152.409414,0.494739,-0.335795,0.340782
150573627208889,152.419415,1.561413,-0.331787,0.802886
150573637209905,152.429416,2.333478,-0.274861,0.745816
150573647211153,152.439417,2.70228,-0.31828,0.490169
150573657212308,152.449418,2.656939,-0.535976,0.363314
150573667213537,152.459420,2.519897,-0.64296,0.378304
150573677214537,152.469421,2.554108,-0.611481,0.510026
150573687215712,152.479422,2.508069,-0.263251,0.490567
150573697216943,152.489423,1.833297,0.044298,0.271707
150573707217939,152.499424,0.921259,0.271408,0.036628
150573717219168,152.509425,-0.186885,0.335732,0.01315
150573727220340,152.519426,-0.75614,0.338178,0.224764
150573737221340,152.529427,-1.108415,0.42189,0.460457
150573747222480,152.539428,-0.745785,0.427463,0.686391
150573757223714,152.549430,-0.162738,0.449357,0.694315
150573767224945,152.559431,0.028147,0.387415,0.490257
150573777225945,152.569432,0.358066,0.255454,0.138143
150573787227106,152.579433,0.557613,0.370547,-0.286594
150573797228335,152.589434,0.507058,0.468703,-0.569365
150573807229330,152.599435,0.58548,0.185108,-0.435971
150573817230566,152.609437,0.739468,-0.249443,-0.036986
150573827231709,152.619438,1.265913,-0.629535,0.391526
150573837232707,152.629439,2.199979,-0.975209,0.631534
150573847233866,152.639440,2.661297,-0.944399,0.527231
150573857235095,152.649441,2.556018,-0.596043,0.003653
150573867236092,152.659442,1.412186,-0.454686,-0.45332
150573877237331,152.669443,0.037098,-0.483974,-0.621377
150573887238485,152.679444,-0.551822,-0.744788,-0.367981
150573897239487,152.689445,-0.389741,-0.785549,-0.048296
150573907240711,152.699447,-0.284422,-0.684462,0.168987
150573917241861,152.709448,0.129417,-0.428586,-0.055636
150573927243090,152.719449,0.119161,-0.196957,-0.51638
150573937244336,152.729450,-0.579348,-0.159251,-1.122095
150573947245331,152.739451,-1.10481,-0.236218,-1.279255
150573957246256,152.749452,-1.139143,-0.573699,-0.994729
150573967247485,152.759453,-0.352273,-0.945988,-0.424997
150573977248646,152.769455,1.121793,-1.112803,0.186517
150573987249875,152.779456,1.867689,-1.260661,0.486054
150573997250875,152.789457,2.563075,-1.354098,0.46362
150574007252114,152.799458,2.451107,-1.17309,-0.049475
150574017253273,152.809459,1.891738,-0.926941,-0.646108
150574027254261,152.819460,0.794851,-0.676276,-1.036291
150574037255484,152.829461,-0.337533,-0.363928,-1.229751
150574047256624,152.839463,-0.937634,-0.407092,-0.812297
150574057257831,152.849464,-0.672685,-0.793121,-0.059704
150574067258831,152.859465,0.381263,-0.747407,0.528376
150574077259971,152.869466,1.024704,-0.406181,0.483614
150574087261196,152.879467,0.903061,-0.218164,0.004852
150574097262197,152.889468,0.424735,-0.088335,-0.463864
150574107263342,152.899469,-0.133349,-0.069899,-0.565973
150574117264566,152.909471,-0.309175,-0.163111,-0.148444
150574127265561,152.919472,0.018847,-0.038032,0.312373
150574137266797,152.929473,0.663965,0.066508,0.55157
150574147267946,152.939474,0.903975,0.36086,0.370468
150574157268946,152.949475,1.005247,0.323974,0.137659
150574167270173,152.959476,1.099419,0.043221,0.015843
150574177271307,152.969477,1.212012,-0.366191,0.150329
150574187272537,152.979479,1.576083,-0.510319,0.358338
150574197273475,152.989479,1.903563,-0.459453,0.461345
150574207274720,152.999481,2.167757,-0.339815,0.429214
150574217275945,153.009482,1.947062,-0.015056,0.001887
150574227276965,153.019483,0.871515,0.178403,-0.575453
150574237278119,153.029484,-0.147653,0.214794,-0.834167
150574247279125,153.039485,-0.493336,0.022097,-0.537253
150574257280354,153.049486,-0.160517,-0.252944,0.075075
150574267281600,153.059488,0.510819,-0.463973,0.657342
150574277282753,153.069489,1.771842,-0.777044,1.021103
150574287283769,153.079490,2.262289,-1.066499,0.982084
150574297285003,153.089491,1.965714,-1.132581,0.724719
150574307286162,153.099492,1.408872,-1.089878,0.314383
150574317287152,153.109493,0.485445,-1.197563,0.149719
150574327288298,153.119494,-0.349531,-1.21967,0.179438
150574337289527,153.129496,-0.530983,-1.286363,0.304659
150574347290527,153.139497,-0.461502,-1.181434,0.398542
150574357291758,153.149498,-0.411979,-0.836549,0.113614
150574367292918,153.159499,-0.649837,-0.465888,-0.578479
150574377293899,153.169500,-1.424995,0.101022,-1.339079
150574387295128,153.179501,-2.153535,0.394481,-1.84308
150574397296287,153.189502,-2.57194,0.189382,-1.687574
150574407297294,153.199503,-2.265692,-0.235511,-1.092735
150574417298523,153.209505,-0.838833,-0.638845,0.082589
150574427299773,153.219506,1.357161,-1.074911,1.105607
150574437300927,153.229507,3.613578,-1.34803,1.689194
150574447301836,153.239508,4.710448,-1.708861,1.613401
150574457303067,153.249509,4.929814,-1.773779,0.970888
150574467304054,153.259510,4.566931,-1.520389,0.529576
150574477305268,153.269511,2.794506,-1.261644,0.296097
150574487306424,153.279512,0.649642,-0.846834,0.199693
150574497307643,153.289514,-0.894584,-0.615092,0.373982
150574507308653,153.299515,-1.638151,-0.17247,0.43317
150574517309884,153.309516,-2.197463,0.142285,0.412753
150574527310809,153.319517,-2.474695,0.324141,0.081524
150574537312033,153.329518,-2.560041,0.319694,-0.295105
150574547313264,153.339519,-2.34112,0.314978,-0.606274
150574557314436,153.349520,-1.981094,0.096251,-0.528993
150574567315422,153.359521,-1.379611,-0.299457,-0.281418
150574577316572,153.369523,-0.302146,-0.591576,-0.067604
150574587317553,153.379524,0.73218,-0.661101,-0.087243
150574597318778,153.389525,1.263544,-0.638115,-0.195416
150574607320004,153.399526,1.240649,-0.623902,-0.417272
150574617321158,153.409527,1.145162,-0.829358,-0.723988
150574627322160,153.419528,0.641725,-1.286433,-0.623165
150574637323394,153.429529,0.574871,-1.681764,-0.33209
150574647324560,153.439531,1.15709,-2.130199,0.146742
150574657325577,153.449532,1.682116,-2.464429,0.42945
150574667326806,153.459533,2.274323,-2.717466,0.37924
150574677327989,153.469534,2.461759,-3.073844,0.119355
150574687328991,153.479535,1.856494,-3.277396,-0.15661
150574697330219,153.489536,0.468369,-3.235868,-0.464488
150574707331373,153.499537,-0.904248,-2.894223,-0.749143
150574717332380,153.509538,-1.940641,-2.589214,-0.857652
150574727333604,153.519540,-2.799871,-1.920803,-1.139306
150574737334739,153.529541,-3.349413,-1.341821,-1.408254
150574747335754,153.539542,-3.842037,-0.685288,-1.893834
150574757336984,153.549543,-4.098104,0.236669,-2.583783
150574767338130,153.559544,-3.968415,1.506256,-3.164293
150574777339135,153.569545,-3.882668,1.931269,-3.284716
150574787340366,153.579546,-4.164852,1.168455,-2.605164
150574797341525,153.589548,-3.297053,-0.267629,-0.769044
150574807342525,153.599549,-0.207262,-1.366433,0.901375
150574817343739,153.609550,3.749429,-1.912526,1.791835
150574827344893,153.619551,7.607881,-1.946686,1.865183
150574837345881,153.629552,9.177174,-2.17826,1.227873
150574847347109,153.639553,8.985485,-2.247735,0.474885
150574857348236,153.649554,7.05326,-1.755499,-0.311178
150574867349465,153.659555,4.38086,-1.289292,-0.68693
150574877350465,153.669556,2.125957,-0.89737,-0.623947
150574887351614,153.679558,0.767672,-0.514528,-0.350288
150574897352845,153.689559,-0.08847,-0.030854,-0.353793
150574907353850,153.699560,-1.102511,0.682827,-0.675011
150574917354996,153.709561,-2.183201,1.815828,-1.353592
150574927356224,153.719562,-3.687745,2.429991,-1.747124
150574937357224,153.729563,-4.706517,2.186098,-1.536218
150574947358393,153.739564,-4.89798,1.49897,-0.676322
150574957359610,153.749566,-3.131233,0.33932,1.093893
150574967360615,153.759567,0.260891,-0.426094,2.234767
150574977361764,153.769568,3.264577,-0.862927,2.286913
150574987363009,153.779569,5.300308,-0.375223,1.703078
150574997364028,153.789570,5.652902,0.45188,0.040741
150575007365184,153.799571,2.549942,0.760883,-1.639099
150575017366412,153.809572,-0.504377,0.21775,-1.981243
150575027367428,153.819573,-1.821011,-0.653305,-1.61012
150575037368658,153.829575,-1.326104,-1.075566,-1.115017
150575047369597,153.839576,1.253854,-1.053956,-0.198733
150575057370831,153.849577,3.785239,-1.259546,0.366797
150575067371985,153.859578,5.024825,-1.104806,0.079581
150575077372987,153.869579,4.066467,-0.624174,-1.241527
150575087374225,153.879580,0.931582,0.586402,-2.916743
150575097375379,153.889581,-1.858034,1.171353,-3.333966
150575107376396,153.899582,-3.570581,0.582046,-2.722842
150575117377625,153.909584,-3.313215,-0.371457,-0.994446
150575127378778,153.919585,0.20531,-1.051404,1.229554
150575137380022,153.929586,3.92754,-1.830775,2.377189
150575147381036,153.939587,6.463962,-2.39781,2.885784
150575157382197,153.949588,7.15954,-2.556365,2.204321
150575167383202,153.959589,5.635579,-2.588842,1.349559
150575177384431,153.969590,1.959375,-1.928057,0.421343
150575187385580,153.979592,-1.496231,-1.422314,0.232115
150575197386825,153.989593,-4.183235,-1.233771,0.444847
150575207387830,153.999594,-5.28424,-0.916673,0.5289
150575217388976,154.009595,-5.060183,-0.259123,0.182594
150575227389972,154.019596,-3.987925,0.332754,-0.539176
150575237391181,154.029597,-2.698886,0.181455,-1.058982
150575247392325,154.039598,-1.764587,-0.504305,-0.971291
150575257393327,154.049599,-1.14744,-1.168785,-0.432822
150575267394481,154.059600,-0.33543,-1.531802,0.309744
150575277395687,154.069602,0.456863,-1.63741,0.899312
150575287396687,154.079603,1.069109,-1.644182,1.146843
150575297397927,154.089604,0.61133,-1.290643,0.981099
150575307398852,154.099605,-0.180791,-0.976309,0.254646
150575317400083,154.109606,-0.899378,-1.066677,-0.391452
150575327401241,154.119607,-1.28608,-1.027859,-0.788105
150575337402236,154.129608,-1.257452,-0.826426,-1.144681
150575347403453,154.139609,-1.002707,-0.586308,-1.576937
150575357404602,154.149611,-0.717525,-1.010946,-1.143348
150575367405831,154.159612,0.27117,-1.80694,-0.381643
150575377406831,154.169613,1.567405,-2.084228,-0.067354
150575387407958,154.179614,2.741243,-1.916306,-0.111848
150575397409178,154.189615,3.059578,-1.610754,-0.496883
150575407410184,154.199616,2.567399,-1.23907,-0.818089
150575417411343,154.209617,0.829613,-0.862069,-1.014199
150575427412358,154.219618,-0.229093,-0.595857,-0.799498
150575437413586,154.229620,-0.633164,-0.117417,-0.540821
150575447414754,154.239621,-1.155213,0.875056,-0.542785
150575457415985,154.249622,-1.371555,1.230111,-0.376901
150575467416995,154.259623,-0.718919,0.723634,0.017559
150575477418165,154.269624,0.437027,0.018316,0.571434
150575487419370,154.279625,1.656312,-0.299888,0.850669
150575497420354,154.289626,3.067369,-0.406803,0.973105
150575507421506,154.299628,3.859306,-0.468055,1.04904
150575517422719,154.309629,3.731842,-0.373425,1.010037
150575527423657,154.319630,2.810986,-0.045619,0.84039
150575537424880,154.329631,1.800894,-0.001591,0.719738
150575547426123,154.339632,0.773098,0.25692,0.373649
150575557427143,154.349633,0.283518,0.522646,0.223454
150575567428321,154.359634,0.369623,0.268836,0.315252
150575577429332,154.369635,0.853768,-0.47445,0.695057
150575587430486,154.379636,1.610325,-0.996746,0.948145
150575597431710,154.389638,2.318814,-1.31491,0.992287
150575607432712,154.399639,1.818748,-1.470546,0.518602
150575617433866,154.409640,0.632004,-1.312459,-0.1555
150575627435094,154.419641,-0.536038,-1.229557,-0.647701
150575637436096,154.429642,-1.761259,-1.155785,-0.828092
150575647437236,154.439643,-2.802983,-0.730946,-0.933932
150575657438474,154.449644,-3.48677,-0.186468,-1.221109
150575667439474,154.459645,-3.724708,0.388127,-1.835287
150575677440616,154.469647,-3.629663,0.72295,-2.355915
150575687441635,154.479648,-3.517135,0.678043,-2.623425
150575697442869,154.489649,-2.717069,0.136042,-2.20553
150575707444030,154.499650,-1.397459,-0.560606,-1.34914
150575717445243,154.509651,0.700189,-1.052121,-0.515002
150575727446229,154.519652,3.053559,-1.600815,0.098265
150575737447373,154.529653,4.619475,-1.987255,0.534631
150575747448580,154.539655,6.148633,-1.762322,0.689686
150575757449580,154.549656,5.529277,-1.33908,0.498904
150575767450739,154.559657,3.056459,-0.86366,-0.110795
150575777451741,154.569658,0.893389,-0.514109,-0.462187
150575787452946,154.579659,-0.175111,-0.113071,-0.387633
150575797453871,154.589660,-0.086269,0.130446,-0.015938
150575807455104,154.599661,1.234712,-0.084529,0.512391
150575817456260,154.609662,2.501506,-0.497133,1.077944
150575827457493,154.619663,3.143496,-0.910546,1.453687
150575837458508,154.629665,3.25063,-1.564432,1.612444
150575847459665,154.639666,2.931496,-1.930643,1.543864
150575857460874,154.649667,2.158723,-1.673322,1.273535
150575867461855,154.659668,0.922504,-1.148753,0.895429
150575877463001,154.669669,-0.681231,-0.617445,0.513936
150575887464226,154.679670,-2.175937,-0.067195,0.302124
150575897465240,154.689671,-3.259442,0.445172,0.213348
150575907466389,154.699672,-3.525106,0.924101,-0.115267
150575917467619,154.709674,-3.070655,1.230499,-0.593682
150575927468552,154.719675,-2.085859,1.298514,-0.765806
150575937469783,154.729676,-0.965179,0.855553,-0.349733
150575947470783,154.739677,0.192554,-0.008023,0.276
150575957472038,154.749678,1.660271,-0.348026,0.584919
150575967473192,154.759679,2.633089,-0.300766,0.591293
150575977474189,154.769680,3.299302,-0.013771,0.389956
150575987475418,154.779681,3.038945,0.333007,0.07304
150575997476567,154.789683,1.989007,-0.022917,0.047667
150576007477567,154.799684,1.503687,-0.492411,0.374812
150576017478737,154.809685,2.332544,-0.299344,0.593908
150576027479980,154.819686,3.207117,-0.294152,0.566122
150576037480982,154.829687,3.092958,-0.279003,0.193652
150576047482163,154.839688,2.137891,0.023355,-0.435098
150576057483394,154.849689,0.827296,0.365372,-1.15788
150576067484394,154.859690,-0.801414,0.831733,-1.557596
150576077485547,154.869692,-1.732317,0.766566,-1.387939
150576087486538,154.879693,-1.539812,0.028136,-0.483621
150576097487759,154.889694,0.052277,-0.397214,0.664999
150576107488913,154.899695,2.24859,-0.588087,1.257097
150576117489915,154.909696,3.711279,-0.481594,0.897925
150576127491074,154.919697,3.575912,-0.235577,-0.254833
150576137492088,154.929698,1.855036,-0.111001,-1.292233
150576147493320,154.939699,0.057513,-0.291852,-1.477782
150576157494462,154.949700,-0.868731,-0.607493,-0.923507
150576167495453,154.959701,-0.798912,-0.985968,0.036594
150576177496676,154.969703,-0.092316,-1.07305,0.831693
150576187497816,154.979704,1.150233,-1.292748,1.214992
150576197499037,154.989705,1.978862,-1.558285,0.993178
150576207500042,154.999706,1.50881,-1.645186,0.241748
150576217501196,155.009707,0.120322,-1.616856,-0.500112
150576227502205,155.019708,-1.493711,-1.316905,-0.970603
150576237503435,155.029709,-2.770288,-0.930005,-1.144076
150576247504604,155.039711,-3.557549,-0.372993,-1.271661
150576257505604,155.049712,-3.906387,0.289702,-1.394065
150576267506774,155.059713,-3.812072,0.074162,-1.292173
150576277507769,155.069714,-2.988639,-0.426414,-0.86185
150576287508994,155.079715,-1.323435,-0.953541,-0.143422
150576297510138,155.089716,0.141476,-1.408759,0.504544
150576307511354,155.099717,1.50917,-1.442458,0.632026
150576317512340,155.109718,2.441815,-1.600304,0.510719
150576327513504,155.119720,2.962423,-1.56545,0.19538
150576337514510,155.129721,2.42582,-1.511917,-0.123731
150576347515744,155.139722,0.990333,-1.387049,-0.329748
150576357516912,155.149723,-0.209849,-1.256534,-0.257404
150576367517912,155.159724,-0.537465,-0.755067,-0.190282
150576377519062,155.169725,-0.442073,-0.158071,-0.193964
150576387520292,155.179726,-0.353774,0.168501,-0.277375
150576397521290,155.189727,-0.118587,-0.045384,-0.206432
150576407522420,155.199728,0.283052,-0.217734,-0.051901
150576417523434,155.209729,0.610119,-0.172524,0.152855
150576427524588,155.219731,0.95671,-0.109342,0.346228
150576437525816,155.229732,1.075637,-0.150311,0.439388
150576447526822,155.239733,1.034139,-0.212792,0.496382
150576457528057,155.249734,0.947426,-0.441296,0.635181
150576467529201,155.259735,1.127961,-0.632418,0.790858
150576477530196,155.269736,1.368167,-0.69745,0.744973
150576487531362,155.279737,1.376751,-0.55271,0.508739
150576497532591,155.289739,0.905876,-0.312628,-0.099896
150576507533600,155.299740,0.120761,-0.10632,-0.736736
150576517534764,155.309741,-0.804663,0.251095,-1.349441
150576527535766,155.319742,-1.564271,0.54141,-1.639002
150576537536995,155.329743,-1.753876,0.382122,-1.43627
150576547538143,155.339744,-1.194528,-0.031523,-0.902081
150576557539145,155.349745,0.304574,-0.117043,-0.154912
150576567540285,155.359746,1.865037,-0.261409,0.281229
150576577541514,155.369748,2.921005,-0.317284,0.342812
150576587542528,155.379749,2.993655,-0.283679,0.046513
150576597543665,155.389750,2.671035,-0.473918,-0.104514
150576607544665,155.399751,2.273662,-0.735718,-0.031701
150576617545894,155.409752,1.868095,-0.808152,0.231721
150576627547048,155.419753,1.268593,-0.767402,0.396641
150576637548278,155.429754,0.949443,-0.675456,0.451372
150576647549283,155.439755,0.791883,-0.776201,0.443464
150576657550436,155.449756,0.439899,-0.906348,0.328071
150576667551453,155.459757,-0.028651,-0.999115,0.18564
150576677552607,155.469759,-0.390591,-0.895659,-0.019105
150576687553602,155.479760,-0.829901,-0.658227,-0.31941
150576697554756,155.489761,-1.795412,-0.374058,-0.770921
150576707555987,155.499762,-2.827968,0.03073,-1.296409
150576717556987,155.509763,-3.513812,0.44033,-1.663403
150576727558216,155.519764,-3.36181,0.690728,-1.666108
150576737559370,155.529765,-2.478496,0.712393,-1.430638
150576747560386,155.539766,-1.425456,0.462952,-0.902697
150576757561614,155.549768,-0.285112,0.12141,-0.259362
150576767562759,155.559769,1.24509,-0.265734,0.40027
150576777563759,155.569770,2.655664,-0.868933,0.796057
150576787564900,155.579771,3.722713,-1.214376,0.952111
150576797565898,155.589772,4.567451,-1.40714,1.05921
150576807567143,155.599773,4.588801,-1.381219,0.817741
150576817568293,155.609774,3.616304,-1.106467,0.287095
150576827569312,155.619775,2.068833,-0.984003,-0.180242
150576837570458,155.629776,0.502572,-0.796071,-0.365855
150576847571673,155.639778,-0.335099,-0.45016,-0.337804
150576857572670,155.649779,-0.639988,-0.340255,-0.146593
150576867573824,155.659780,-0.461119,-0.105321,-0.204744
150576877575052,155.669781,-0.141202,-0.211389,-0.139264
150576887576059,155.679782,0.309257,-0.361858,-0.097855
150576897577211,155.689783,0.539001,-0.392039,-0.079861
150576907578222,155.699784,0.396015,-0.391785,-0.056351
150576917579446,155.709785,0.075262,-0.70677,0.084976
150576927580600,155.719787,-0.045939,-0.670732,0.195043
150576937581615,155.729788,-0.097518,-0.723216,0.360509
150576947582771,155.739789,-0.205095,-0.910785,0.622044
150576957583776,155.749790,-0.014997,-0.838857,0.581233
150576967585009,155.759791,0.044905,-0.816061,0.368543
150576977586162,155.769792,-0.162096,-0.727219,-0.053179
150576987587173,155.779793,-0.66155,-0.509064,-0.547334
150576997588402,155.789794,-1.262213,-0.330187,-0.876582
150577007589556,155.799796,-1.677623,-0.246329,-1.020359
150577017590563,155.809797,-1.560715,-0.292898,-0.859177
150577027591744,155.819798,-1.080451,-0.524023,-0.425319
150577037592746,155.829799,-0.445117,-0.623174,-0.02547
150577047593904,155.839800,0.358702,-0.518083,0.060892
150577057595133,155.849801,0.845153,-0.418291,-0.058029
150577067596130,155.859802,0.892566,-0.408762,-0.276819
150577077597359,155.869803,0.48148,-0.420996,-0.483274
150577087598517,155.879805,1.31E-4,-0.586283,-0.440443
150577097599495,155.889805,-0.265691,-0.72264,-0.214036
150577107600719,155.899807,-0.344061,-0.74852,-0.018952
150577117601630,155.909808,0.134547,-0.759758,0.087821
150577127602868,155.919809,0.835274,-0.823883,0.015083
150577137604032,155.929810,1.226732,-0.822391,-0.190743
150577147605034,155.939811,1.189225,-0.779747,-0.424367
150577157606263,155.949812,0.84489,-0.754631,-0.65444
150577167607412,155.959813,0.521568,-0.702653,-0.765091
150577177608384,155.969814,0.018845,-0.625835,-0.759481
150577187609611,155.979816,-0.266081,-0.470799,-0.788456
150577197610521,155.989817,-0.276219,-0.34096,-0.732146
150577207611759,155.999818,-0.47393,-0.239824,-0.651648
150577217612910,156.009819,-0.427661,-0.236585,-0.427726
150577227613905,156.019820,-0.05691,-0.343483,-0.162528
150577237615139,156.029821,0.523668,-0.473373,-0.021372
150577247616305,156.039822,1.001548,-0.524813,0.029688
150577257617303,156.049823,1.142718,-0.468843,-0.097107
150577267618459,156.059824,0.988446,-0.469266,-0.258931
150577277619687,156.069826,0.648626,-0.57544,-0.298409
150577287620702,156.079827,0.359365,-0.639154,-0.253707
150577297621856,156.089828,0.449093,-0.555024,-0.144953
150577307622858,156.099829,0.734506,-0.453743,-0.042903
150577317624071,156.109830,0.981337,-0.517023,0.071295
150577327625225,156.119831,1.438258,-0.615808,0.201923
150577337626221,156.129832,1.825009,-0.768792,0.301806
150577347627461,156.139833,1.806469,-0.830053,0.356038
150577357628386,156.149834,1.475484,-0.780075,0.362513
150577367629601,156.159836,1.225483,-0.449779,0.262703
150577377630822,156.169837,0.737619,-0.281042,0.089852
150577387631752,156.179838,-0.061468,1.58E-4,-0.208678
150577397632995,156.189839,-0.73571,0.135921,-0.310843
150577407634148,156.199840,-0.928999,0.028004,-0.058615
150577417635156,156.209841,-0.739448,-0.013097,0.268571
150577427636307,156.219842,-0.091519,-0.191824,0.713509
150577437637552,156.229844,0.819844,-0.419781,0.933033
150577447638552,156.239845,1.719862,-0.53165,0.903225
150577457639706,156.249846,2.125756,-0.410707,0.514728
150577467640717,156.259847,1.665003,-0.241491,0.012984
150577477641862,156.269848,0.658759,-0.224729,-0.367446
150577487642862,156.279849,-0.341336,-0.273486,-0.489657
150577497644091,156.289850,-0.898301,-0.302386,-0.418556
150577507645251,156.299851,-0.711918,-0.217597,-0.087235
150577517646255,156.309852,-0.22768,-0.007339,0.295143
150577527647470,156.319853,0.056886,0.297075,0.436671
150577537648637,156.329855,-0.068122,0.368467,0.151132
150577547649637,156.339856,-0.101283,0.280233,-0.171809
150577557650864,156.349857,0.024838,0.324987,-0.425642
150577567651780,156.359858,-0.097977,0.135427,-0.344423
150577577653013,156.369859,0.063011,-0.069125,-0.077625
150577587654155,156.379860,0.744922,-0.380198,0.433309
150577597655394,156.389861,1.790687,-0.375446,0.85788
150577607656398,156.399862,2.4805,-0.414337,1.02699
150577617657548,156.409864,2.702999,-0.517681,0.932002
150577627658552,156.419865,2.582414,-0.663517,0.767478
150577637659705,156.429866,1.892049,-0.637133,0.500353
150577647660955,156.439867,0.771512,-0.575216,0.239246
150577657661955,156.449868,-0.058328,-0.626724,0.194755
150577667663094,156.459869,-0.534614,-0.578991,0.166682
150577677664081,156.469870,-0.612464,-0.606902,0.174635
150577687665250,156.479871,-0.584127,-0.65218,0.168425
150577697666494,156.489872,-0.270007,-0.854285,0.163636
150577707667494,156.499873,0.132195,-1.048734,0.195855
150577717668650,156.509875,0.329499,-1.164877,0.219721
150577727669879,156.519876,0.233008,-1.278916,0.249909
150577737670879,156.529877,0.025259,-1.35526,0.172116
150577747672029,156.539878,-0.424231,-1.292359,0.008463
150577757673024,156.549879,-0.930804,-1.162064,-0.146888
150577767674169,156.559880,-1.406787,-1.014074,-0.393973
150577777675150,156.569881,-1.780941,-0.877256,-0.579444
150577787676304,156.579882,-1.9221,-0.681828,-0.692857
150577797677545,156.589884,-1.909116,-0.435929,-0.846013
150577807678516,156.599885,-1.809245,-0.351868,-0.925299
150577817679675,156.609886,-1.503115,-0.32224,-0.923366
150577827680889,156.619887,-0.793136,-0.428969,-0.759093
150577837681908,156.629888,-0.128721,-0.574135,-0.560345
150577847683079,156.639889,0.317839,-0.578126,-0.474641
150577857684278,156.649890,0.586748,-0.616877,-0.428474
150577867685293,156.659891,0.804913,-0.685985,-0.335615
150577877686442,156.669892,1.07649,-0.72647,-0.175372
150577887687428,156.679893,1.294247,-0.7151,-0.024353
150577897688580,156.689895,1.310677,-0.619192,0.120487
150577907689811,156.699896,1.248069,-0.477473,0.187163
150577917690797,156.709897,0.867804,-0.245316,0.081965
150577927691953,156.719898,0.353667,0.082567,-0.182251
150577937693187,156.729899,-0.208117,0.283362,-0.391788
150577947694191,156.739900,-0.705313,0.374096,-0.504265
150577957695360,156.749901,-0.937058,0.333574,-0.488204
150577967696362,156.759902,-0.987531,0.291359,-0.314714
150577977697529,156.769904,-0.656952,0.193952,-0.057544
150577987698758,156.779905,-0.025189,0.101616,0.046375
150577997699753,156.789906,0.355795,-0.050854,-0.025422
150578007700895,156.799907,0.432341,-0.260193,-0.194668
150578017701878,156.809908,0.31039,-0.333819,-0.429193
150578027703044,156.819909,0.003593,-0.373438,-0.689518
150578037704254,156.829910,-0.45033,-0.34995,-0.99191
150578047705254,156.839911,-0.870934,-0.26644,-1.170433
150578057706429,156.849912,-1.121259,-0.094248,-1.208567
150578067707438,156.859913,-1.172364,-0.034718,-1.016427
150578077708592,156.869915,-0.781115,-0.196339,-0.658529
150578087709830,156.879916,-0.25985,-0.4677,-0.295057
150578097710837,156.889917,0.498087,-0.712011,0.0547
150578107711995,156.899918,1.39006,-0.922148,0.28359
150578117713210,156.909919,2.055082,-1.021149,0.290707
150578127714133,156.919920,2.481234,-0.932107,0.35535
150578137715364,156.929921,2.573294,-0.903591,0.29281
150578147716364,156.939922,2.399494,-0.964347,0.578432
150578157717595,156.949924,1.58668,-0.72487,0.750244
150578167718749,156.959925,0.731827,-0.579084,0.84998
150578177719754,156.969926,0.420032,-0.557626,0.936562
150578187720917,156.979927,0.523917,-0.534638,1.038483
150578197721927,156.989928,0.857088,-0.494875,1.007849
150578207723087,156.999929,1.319089,-0.531191,1.188156
150578217724320,157.009930,1.233877,-0.605476,1.338797
150578227725292,157.019931,1.028392,-0.497496,1.247234
150578237726438,157.029932,0.492882,-0.510032,1.012143
150578247727667,157.039934,0.029859,-0.530024,0.934604
150578257728677,157.049935,-0.51384,-0.239353,0.588376
150578267729826,157.059936,-0.824013,-0.184001,0.439247
150578277730821,157.069937,-0.69246,-0.116951,0.456943
150578287731987,157.079938,-0.474119,-0.097814,0.429729
150578297733215,157.089939,-0.122284,-0.055813,0.35541
150578307734215,157.099940,-0.305272,-0.12422,0.69469
150578317735368,157.109941,0.285146,-0.369734,0.744874
150578327736364,157.119942,0.656685,-0.524879,0.806322
150578337737534,157.129944,1.009982,-0.516371,0.771161
150578347738777,157.139945,1.28783,-0.518852,0.645279
150578357739779,157.149946,1.371762,-0.742982,0.581909
150578367740938,157.159947,1.149827,-0.582372,0.612525
150578377741938,157.169948,0.530344,-0.484373,0.490208
150578387743078,157.179949,-0.052729,-0.399939,0.277789
150578397744087,157.189950,-0.530288,-0.228665,0.159979
150578407745333,157.199951,-0.701652,-0.182954,0.092602
150578417746471,157.209952,-0.70735,-0.140292,0.044768
150578427747468,157.219953,-0.503922,-0.195181,0.072674
150578437748696,157.229955,-0.27526,-0.290461,0.210642
150578447749852,157.239956,-0.113527,-0.422107,0.441145
150578457750838,157.249957,0.010387,-0.518376,0.805057
150578467751992,157.259958,0.188268,-0.631277,1.129877
150578477752987,157.269959,0.171053,-0.473435,1.369122
150578487754151,157.279960,0.305143,-0.393499,1.479795
150578497755365,157.289961,0.553787,-0.744588,1.926157
150578507756367,157.299962,0.695841,-0.558683,1.884936
150578517757521,157.309964,0.764929,-0.507813,1.555168
150578527758736,157.319965,0.936403,-0.625841,1.295462
150578537759659,157.329966,1.014577,-0.69214,0.972807
150578547760889,157.339967,1.045676,-0.606692,0.74056
150578557761900,157.349968,0.945621,-0.494242,0.746401
150578567763134,157.359969,0.752534,-0.383839,0.729331
150578577764288,157.369970,0.59429,-0.466258,0.738133
150578587765304,157.379971,0.583774,-0.668226,0.942745
150578597766458,157.389972,1.113947,-0.626407,1.169491
150578607767449,157.399973,1.546824,-0.678343,1.256361
150578617768598,157.409975,2.02881,-0.769169,1.3589
150578627769827,157.419976,2.055669,-0.761017,1.324067
150578637770836,157.429977,1.767885,-0.739507,1.127094
150578647771992,157.439978,1.171068,-0.694474,0.898133
150578657772992,157.449979,0.539033,-0.386616,0.704895
150578667774140,157.459980,1.234376,-1.541951,0.832882
150578677775369,157.469981,0.134944,-0.889808,0.276417
150578687776369,157.479982,-1.06493,-0.442158,0.460966
150578697777600,157.489984,-1.011767,-0.649935,0.589541
150578707778511,157.499985,-0.761099,-0.573039,0.502072
150578717779725,157.509986,-0.888819,-0.458276,0.188418
150578727780889,157.519987,-1.00956,-0.615732,0.311477
150578737781891,157.529988,-0.686416,-0.732998,0.367464
150578747783043,157.539989,-0.342652,-0.778987,0.676101
150578757784274,157.549990,0.112688,-0.888281,0.873887
150578767785274,157.559991,0.617375,-0.943331,1.019961
150578777786432,157.569992,1.048914,-0.950226,1.007103
150578787787436,157.579993,1.133289,-0.895921,0.777273
150578797788667,157.589995,0.988145,-0.865341,0.688173
150578807789836,157.599996,0.692747,-0.919157,0.794193
150578817790836,157.609997,0.372126,-0.894777,0.889248
150578827791995,157.619998,0.287112,-0.877782,1.013173
150578837792996,157.629999,0.175543,-0.792475,1.035841
150578847794225,157.640000,0.092253,-0.60586,0.924812
150578857795379,157.650001,-0.024315,-0.521441,0.74956
150578867796379,157.660002,-0.122763,-0.553819,0.663332
150578877797561,157.670004,-0.176112,-0.479126,0.452839
150578887798592,157.680005,-0.42223,-0.45373,0.175355
150578897799756,157.690006,-0.586042,-0.416434,0.064165
150578907800979,157.700007,-0.78229,-0.43205,0.087857
150578917801979,157.710008,-0.874273,-0.498698,0.132176
150578927803135,157.720009,-0.69686,-0.43338,0.082884
150578937804349,157.730010,-0.495408,-0.377803,0.009875
150578947805359,157.740011,-0.263426,-0.382338,-0.089959
150578957806513,157.750013,-0.070308,-0.339324,-0.140073
150578967807499,157.760013,0.075121,-0.372975,-0.032305
150578977808659,157.770015,0.243639,-0.449436,0.063178
150578987809659,157.780016,0.474568,-0.577081,0.192968
150578997810888,157.790017,0.810614,-0.764966,0.462286
150579007812043,157.800018,1.310224,-0.827431,0.645987
150579017813043,157.810019,1.851918,-0.836564,0.764323
150579027814186,157.820020,2.210878,-0.911518,0.829517
150579037815183,157.830021,2.401461,-1.106454,0.884068
150579047816398,157.840022,2.505989,-1.128038,0.907742
150579057817524,157.850024,2.525618,-1.007177,0.765515
150579067818509,157.860025,2.328722,-0.831572,0.769562
150579077819745,157.870026,1.755722,-0.596342,0.859263
150579087820899,157.880027,0.851881,-0.331929,0.916369
150579097821899,157.890028,-0.068587,-0.208035,0.94974
150579107823064,157.900029,-0.606695,-0.114089,0.819313
150579117824060,157.910030,-0.988809,-0.079965,0.690678
150579127825218,157.920031,-1.225313,-0.069844,0.470386
150579137826204,157.930032,-1.158906,-0.120504,0.394151
150579147827432,157.940033,-0.837923,-0.31772,0.590937
150579157828588,157.950035,-0.278631,-0.545476,0.949747
150579167829588,157.960036,0.406843,-0.688194,1.246798
150579177830742,157.970037,0.793905,-0.689752,1.373833
150579187831752,157.980038,1.001206,-0.76821,1.277767
150579197832981,157.990039,0.83688,-0.694276,1.070637
150579207834141,158.000040,0.348393,-0.549637,0.702396
150579217835137,158.010041,-0.257287,-0.454511,0.622528
150579227836295,158.020042,-0.757624,-0.364691,0.514466
150579237837295,158.030043,-1.170564,-0.342446,0.264443
150579247838528,158.040045,-1.117592,-0.364323,0.022731
150579257839682,158.050046,-0.636838,-0.614008,0.174998
150579267840698,158.060047,0.011969,-1.049545,0.269581
150579277841852,158.070048,0.883362,-1.188403,0.456728
150579287843067,158.080049,1.58736,-1.059278,0.715869
150579297844048,158.090050,2.473364,-1.201355,1.086623
150579307845213,158.100051,2.586018,-1.185877,1.303159
150579317846197,158.110052,2.496957,-1.356339,1.573705
150579327847353,158.120053,2.331933,-1.429025,1.776062
150579337848596,158.130055,1.962369,-1.235253,1.842524
150579347849577,158.140056,1.53323,-1.063092,1.761084
150579357850738,158.150057,1.241922,-0.926951,1.632111
150579367851736,158.160058,0.896947,-0.793229,1.470074
150579377852891,158.170059,0.611205,-0.736941,1.386328
150579387853895,158.180060,0.35818,-0.649893,1.323504
150579397855134,158.190061,0.137148,-0.595355,1.325273
150579407856288,158.200062,0.095448,-0.604581,1.299689
150579417857283,158.210063,0.076172,-0.560047,1.253797
150579427858424,158.220064,0.057013,-0.57487,1.201201
150579437859624,158.230066,0.019248,-0.590149,1.108968
150579447860624,158.240067,-0.067527,-0.626408,0.969691
150579457861792,158.250068,-0.075849,-0.651492,0.838856
150579467862806,158.260069,-0.184874,-0.706799,0.629708
150579477863951,158.270070,-0.38752,-0.818741,0.36826
150579487864953,158.280071,-0.43781,-0.934087,0.235206
150579497866186,158.290072,-0.4087,-1.086466,0.166197
150579507867311,158.300073,-0.272677,-1.221644,0.172753
150579517868313,158.310074,0.002079,-1.387975,0.372682
150579527869467,158.320075,0.337553,-1.528267,0.547791
150579537870467,158.330076,0.796469,-1.622824,0.651911
150579547871700,158.340078,1.154735,-1.673966,0.674179
150579557872854,158.350079,1.26635,-1.655943,0.796587
150579567873859,158.360080,0.923463,-1.504056,1.061024
150579577875090,158.370081,0.728016,-1.627153,1.285089
150579587876230,158.380082,0.898888,-1.553766,1.244441
150579597877173,158.390083,0.724043,-1.461726,1.019501
150579607878417,158.400084,0.762208,-1.349818,0.793062
150579617879422,158.410085,0.482223,-1.183409,0.459715
150579627880590,158.420087,0.058567,-1.079049,0.285372
150579637881821,158.430088,-0.350627,-0.876362,0.045275
150579647882831,158.440089,-0.542391,-0.614727,-0.08308
150579657883995,158.450090,-0.599259,-0.472493,-0.061384
150579667884995,158.460091,-0.617749,-0.565326,0.021145
150579677886160,158.470092,-0.51585,-0.778637,0.147829
150579687887173,158.480093,-0.148952,-0.949558,0.027876
150579697888404,158.490094,0.575942,-1.11687,-0.027052
150579707889558,158.500096,1.306812,-1.309808,-0.070784
150579717890558,158.510097,1.6707,-1.422111,-0.221045
150579727891706,158.520098,1.719618,-1.45733,-0.263559
150579737892702,158.530099,1.658783,-1.427185,-0.349474
150579747893855,158.540100,1.322971,-1.159338,-0.628333
150579757895100,158.550101,0.658712,-0.754239,-0.807113
150579767896094,158.560102,-0.074059,-0.464849,-0.963938
150579777897235,158.570103,-0.7992,-0.156852,-0.989328
150579787898230,158.580104,-1.366498,0.094406,-0.992664
150579797899447,158.590105,-1.463869,0.312309,-0.939873
150579807900372,158.600106,-1.261544,0.400655,-0.749226
150579817901620,158.610108,-0.874507,0.389214,-0.564231
150579827902856,158.620109,-0.40644,0.262891,-0.452396
150579837903774,158.630110,0.220167,0.007945,-0.237305
150579847905009,158.640111,1.198401,-0.27899,-0.020063
150579857906163,158.650112,2.199872,-0.388899,0.2478
150579867907076,158.660113,2.827679,-0.189091,0.347844
150579877908307,158.670114,2.956578,0.275699,0.270339
150579887909528,158.680116,2.702274,0.835322,0.146488
150579897910533,158.690117,2.265857,1.018566,0.641232
150579907911687,158.700118,1.369543,0.320708,1.530332
150579917912682,158.710119,0.133848,-0.14203,1.726199
150579927913832,158.720120,-0.357775,0.128822,0.978541
150579937915057,158.730121,-0.255477,0.196115,0.279935
150579947916071,158.740122,0.040843,0.444775,-0.594772
150579957917215,158.750123,0.12238,0.640157,-1.179438
150579967918211,158.760124,-0.126989,0.438002,-1.226254
150579977919349,158.770125,-0.554298,0.456352,-1.31304
150579987920321,158.780126,-0.73697,0.437581,-0.606981
150579997921566,158.790128,-0.280051,0.302016,0.574581
150580007922706,158.800129,0.55389,0.164936,1.497143
150580017923692,158.810130,1.350062,0.087743,2.101163
150580027924846,158.820131,1.729029,0.071272,2.275934
150580037925851,158.830132,1.342827,0.114642,1.842212
150580047927091,158.840133,0.382918,-0.061197,1.031073
150580057928235,158.850134,-0.485422,-0.47779,0.374866
150580067929249,158.860135,-0.7116,-0.60761,-0.281808
150580077930479,158.870136,-0.585656,-0.814535,-0.492828
150580087931408,158.880137,-0.282725,-0.639794,-0.859344
150580097932556,158.890139,-0.157579,-0.326647,-1.360362
150580107933792,158.900140,-0.377314,-0.200924,-1.564761
150580117934797,158.910141,-0.594762,-0.254457,-1.599131
150580127935980,158.920142,-0.798234,-0.281641,-1.488355
150580137937216,158.930143,-0.779073,0.005587,-1.322285
150580147938225,158.940144,-0.425687,0.291762,-0.911208
150580157939394,158.950145,0.109666,0.287392,-0.428776
150580167940379,158.960146,0.638395,0.154199,-0.198749
150580177941533,158.970148,0.827994,-0.047848,0.026722
150580187942548,158.980149,0.931037,0.021347,-0.106632
150580197943711,158.990150,1.183581,0.279361,-0.530921
150580207944913,159.000151,1.509908,0.874589,-1.095484
150580217945913,159.010152,1.464982,1.510726,-1.354817
150580227947067,159.020153,0.772102,2.034748,-1.338375
150580237948062,159.030154,-0.211322,2.359756,-1.124708
150580247949216,159.040155,-1.18008,2.524267,-1.046454
150580257950201,159.050156,-1.966976,2.720195,-1.15852
150580267951365,159.060157,-2.323594,2.325047,-0.914694
150580277952580,159.070159,-2.188671,1.380126,-0.27717
150580287953576,159.080160,-1.917206,0.00459,0.71237
150580297954720,159.090161,-1.333916,-1.241741,1.842903
150580307955720,159.100162,-0.143538,-1.767242,2.350155
150580317956864,159.110163,1.36622,-1.874399,2.1698
150580327958094,159.120164,2.638029,-1.822469,1.195769
150580337959033,159.130165,3.09516,-1.764895,0.215474
150580347960277,159.140166,2.536703,-1.464768,-0.398997
150580357961272,159.150167,1.205723,-1.27133,-0.605848
150580367962436,159.160168,-0.440095,-1.296436,-0.848818
150580377963436,159.170169,-2.064553,-1.361863,-0.896485
150580387964599,159.180171,-3.347762,-1.424195,-0.759367
150580397965830,159.190172,-4.137235,-1.55607,-0.395233
150580407966835,159.200173,-4.498928,-1.704699,-0.014231
150580417967763,159.210174,-4.490485,-1.851731,0.175532
150580427969249,159.220175,-4.0587,-2.038704,0.164114
150580437970249,159.230176,-3.494447,-2.310356,0.111316
150580447971186,159.240177,-3.43686,-2.72337,0.079037
150580457972417,159.250178,-3.855724,-3.00302,-0.07442
150580467973566,159.260180,-4.477888,-3.229329,-0.239051
150580477974480,159.270180,-4.942831,-3.374464,-0.453172
150580487975710,159.280182,-4.978564,-3.263754,-0.617423
150580497976724,159.290183,-4.627775,-3.352255,-0.750235
150580507977874,159.300184,-3.92852,-2.386564,-1.218766
150580517978864,159.310185,-3.774441,-2.810248,-0.785494
150580527980105,159.320186,-3.902309,-3.030374,0.065531
150580537981028,159.330187,-3.663857,-2.249651,0.163239
150580547982184,159.340188,-2.727062,-1.187534,-0.22406
150580557983417,159.350189,-2.073168,0.039669,-0.811845
150580567984399,159.360190,-1.907735,2.0446,-2.04672
150580577985548,159.370192,-2.074102,2.841476,-2.037301
150580587986548,159.380193,-1.952014,2.037273,-0.785596
150580597987768,159.390194,-1.337831,1.506093,0.018702
150580607988692,159.400195,0.478034,1.332659,0.04796
150580617989862,159.410196,3.794808,1.412601,-0.769894
150580627991091,159.420197,6.768444,0.331675,-0.691227
150580637992091,159.430198,8.771087,0.134842,-0.756299
150580647993256,159.440199,9.768263,-0.125211,-0.261914
150580657994271,159.450200,9.741824,-0.066354,0.225955
150580667995401,159.460201,8.528325,1.07555,0.039053
150580677996381,159.470202,7.152212,1.555812,0.132428
150580687997605,159.480204,5.974726,1.788792,-0.152114
150580697998745,159.490205,4.823779,1.7056,-0.465203
150580707999745,159.500206,4.219573,1.715759,-0.712434
150580718000885,159.510207,3.768516,1.709418,-0.700482
150580728001887,159.520208,3.212885,1.536221,-0.398612
150580738003039,159.530209,2.695307,1.366282,0.023021
150580748004031,159.540210,2.370469,1.219911,0.509043
150580758005259,159.550211,2.350708,1.077835,0.892747
150580768006413,159.560212,2.515338,0.895585,1.198217
150580778007408,159.570213,2.807973,0.765064,1.203741
150580788008550,159.580215,2.94442,0.602977,0.978668
150580798009550,159.590216,2.850893,0.521119,0.635332
150580808010704,159.600217,2.215021,0.244031,0.276643
150580818011933,159.610218,1.16927,-0.033304,-0.074757
150580828012947,159.620219,0.059722,-0.311996,-0.373174
150580838014096,159.630220,-0.996398,-0.524332,-0.697533
150580848015113,159.640221,-1.634005,-0.592595,-0.939561
150580858016252,159.650222,-1.839857,-0.627857,-1.06238
150580868017257,159.660223,-1.797914,-0.685352,-1.014459
150580878018410,159.670224,-1.648961,-0.742649,-0.983674
150580888019410,159.680225,-1.434871,-0.78871,-0.797773
150580898020655,159.690227,-1.350671,-0.761253,-0.742082
150580908021824,159.700228,-1.508121,-0.815166,-0.731691
150580918022824,159.710229,-1.775417,-0.895211,-0.731335
150580928023990,159.720230,-2.165256,-0.862897,-0.816948
150580938025235,159.730231,-2.631055,-0.926348,-0.750046
150580948026163,159.740232,-2.908192,-0.953194,-0.703572
150580958027383,159.750233,-2.754056,-0.980074,-0.650844
150580968028383,159.760234,-2.327541,-1.151495,-0.51204
150580978029537,159.770236,-1.772295,-1.237411,-0.523339
150580988030523,159.780237,-1.011127,-1.159427,-0.58566
150580998031650,159.790238,-0.69053,-1.12407,-0.640076
150581008032888,159.800239,-0.470878,-0.941143,-0.855122
150581018033883,159.810240,-0.427671,-0.780658,-0.693065
150581028034837,159.820241,-0.672416,-0.479611,-0.489249
150581038036068,159.830242,-1.059775,-0.244248,-0.406095
150581048037231,159.840243,-1.318759,-0.051552,-0.426008
150581058038236,159.850244,-1.210589,0.055662,-0.410135
150581068039390,159.860245,-0.98728,0.100256,-0.247113
150581078040380,159.870246,-0.834694,0.162211,-0.005738
150581088041549,159.880248,-0.596209,0.223002,0.242173
150581098042763,159.890249,-0.12582,0.272521,0.395812
150581108043751,159.900250,0.195618,0.242681,0.421705
150581118044905,159.910251,0.539847,0.259585,0.330715
150581128045915,159.920252,0.754494,0.26826,0.125175
150581138047068,159.930253,0.860077,0.292729,-0.199366
150581148048283,159.940254,0.766275,0.310208,-0.56533
150581158049297,159.950255,0.546331,0.370882,-0.837172
150581168050466,159.960256,0.314868,0.420831,-1.009841
150581178051456,159.970257,0.097625,0.478702,-1.184355
150581188052610,159.980259,-0.109766,0.564667,-1.225103
150581198053600,159.990260,-0.350171,0.659955,-1.381875
150581208054831,160.000261,-0.465981,0.725935,-1.397358
150581218055766,160.010262,-0.30578,0.715827,-1.455926
150581228056995,160.020263,-0.206691,0.679667,-1.396842
150581238057920,160.030264,0.052023,0.470356,-1.208631
150581248059159,160.040265,0.392555,0.395457,-0.826599
150581258060319,160.050266,0.876849,0.24623,-0.357439
150581268061319,160.060267,1.257837,0.048789,0.055154
150581278062467,160.070268,1.800382,-0.103291,0.344027
150581288063467,160.080269,2.243107,-0.276585,0.634418
150581298064681,160.090271,2.534567,-0.28747,0.761865
150581308065606,160.100272,2.649209,-0.266117,0.797726
150581318066849,160.110273,2.408995,-0.232771,0.787985
150581328068020,160.120274,1.916594,-0.211059,0.691457
150581338069003,160.130275,1.210249,-0.206005,0.717699
150581348070174,160.140276,0.579801,-0.1665,0.707073
150581358071403,160.150277,0.168049,-0.135058,0.597844
150581368072398,160.160278,-0.136738,-0.177044,0.393247
150581378073323,160.170279,-0.418388,-0.26394,0.119937
150581388074538,160.180281,-0.648621,-0.363816,-0.195214
150581398075693,160.190282,-0.816494,-0.51547,-0.359099
150581408076693,160.200283,-0.846922,-0.692253,-0.370901
150581418077851,160.210284,-0.680147,-0.741388,-0.456573
150581428078832,160.220285,-0.398164,-0.751996,-0.510464
150581438079986,160.230286,-0.270598,-0.797116,-0.441069
150581448080991,160.240287,-0.329553,-0.804609,-0.421982
150581458082205,160.250288,-0.468602,-0.795888,-0.322786
150581468083377,160.260289,-0.665825,-0.795635,-0.239405
150581478084382,160.270290,-0.753508,-0.682818,-0.221264
150581488085536,160.280292,-0.788317,-0.604884,-0.200779
150581498086736,160.290293,-0.796248,-0.505825,-0.199957
150581508087750,160.300294,-0.773688,-0.395352,-0.221284
150581518088890,160.310295,-0.818701,-0.39268,-0.167004
150581528089885,160.320296,-0.730502,-0.383955,-0.177438
150581538091035,160.330297,-0.560384,-0.341898,-0.221667
150581548092040,160.340298,-0.408941,-0.275811,-0.277492
150581558093194,160.350299,-0.333569,-0.190123,-0.216866
150581568094179,160.360300,-0.307296,-0.062371,-0.060314
150581578095324,160.370301,-0.375266,0.02568,0.096657
150581588096324,160.380302,-0.384106,0.132766,0.193276
150581598097567,160.390304,-0.293165,0.190537,0.274137
150581608098707,160.400305,-0.374223,0.1484,0.328723
150581618099694,160.410306,-0.377432,0.153423,0.237928
150581628100861,160.420307,-0.353007,0.116091,0.159013
150581638101847,160.430308,-0.191176,0.056841,0.058172
150581648102982,160.440309,0.010786,0.042768,-0.015488
150581658104205,160.450310,0.145765,0.054025,-0.029452
150581668105219,160.460311,0.282409,0.162186,-0.169385
150581678106388,160.470312,0.163908,0.152174,-0.195622
150581688107388,160.480313,-0.068394,0.160832,-0.214898
150581698108547,160.490315,-0.323561,0.223895,-0.229818
150581708109537,160.500316,-0.575737,0.277474,-0.342622
150581718110763,160.510317,-0.700866,0.378238,-0.550508
150581728111917,160.520318,-0.820728,0.454108,-0.763878
150581738112927,160.530319,-0.730265,0.407198,-0.911693
150581748114085,160.540320,-0.579514,0.235254,-0.944274
150581758115087,160.550321,-0.242588,0.158343,-0.983034
150581768116251,160.560322,0.220754,0.146368,-1.006599
150581778117265,160.570323,0.548217,0.129533,-0.932527
150581788118419,160.580324,0.764574,0.108822,-0.80736
150581798119419,160.590325,0.823568,0.047329,-0.594558
150581808120647,160.600327,0.841916,-0.002883,-0.470132
150581818121816,160.610328,0.943888,0.008006,-0.478924
150581828122825,160.620329,0.941676,-0.016997,-0.503877
150581838123965,160.630330,0.953857,0.064238,-0.393101
150581848124936,160.640331,0.890784,0.123266,-0.194768
150581858126111,160.650332,0.709315,0.161041,-0.053445
150581868127111,160.660333,0.617684,0.15449,0.106799
150581878128280,160.670334,0.642299,0.21669,0.196331
150581888129509,160.680336,0.655445,0.252953,0.200102
150581898130494,160.690336,0.452301,0.281507,0.088861
150581908131655,160.700338,0.160277,0.31825,-0.03641
150581918132658,160.710339,-0.009887,0.323689,-0.153065
150581928133799,160.720340,-0.246864,0.311567,-0.359791
150581938134804,160.730341,-0.412692,0.310507,-0.515373
150581948136032,160.740342,-0.618266,0.263398,-0.664046
150581958136952,160.750343,-0.752927,0.03293,-0.633317
150581968138197,160.760344,-0.792992,-0.132687,-0.596742
150581978139351,160.770345,-0.549669,-0.293626,-0.556721
150581988140351,160.780346,-0.15939,-0.397189,-0.632904
150581998141495,160.790347,0.008145,-0.557736,-0.745329
150582008142507,160.800349,0.220147,-0.685371,-0.730531
150582018143675,160.810350,0.324973,-0.778092,-0.687151
150582028144894,160.820351,0.346697,-0.800734,-0.621867
150582038145889,160.830352,0.136959,-0.759685,-0.52381
150582048147029,160.840353,-0.142245,-0.615319,-0.541142
150582058148014,160.850354,-0.483764,-0.554042,-0.463394
150582068149173,160.860355,-0.68434,-0.578247,-0.433688
150582078150175,160.870356,-0.871782,-0.5787,-0.503241
150582088151317,160.880357,-0.839671,-0.588386,-0.628637
150582098152333,160.890358,-0.641322,-0.566669,-0.65427
150582108153547,160.900360,-0.423874,-0.572973,-0.523984
150582118154701,160.910361,-0.182543,-0.597464,-0.412519
150582128155634,160.920362,-0.030862,-0.615254,-0.245405
150582138156865,160.930363,0.068841,-0.575445,-0.002518
150582148157867,160.940364,0.022691,-0.495319,0.128342
150582158159019,160.950365,-0.085258,-0.361841,0.100929
150582168160019,160.960366,-0.334548,-0.253475,0.123957
150582178161151,160.970367,-0.519401,-0.199965,0.113148
150582188162151,160.980368,-0.485262,-0.126883,0.061941
150582198163310,160.990369,-0.560039,-0.103512,0.073817
150582208164566,161.000371,-0.310953,-0.097906,-0.083097
150582218165566,161.010372,-0.131688,-0.275633,0.040032
150582228166749,161.020373,0.234807,-0.172512,-0.142688
150582238167745,161.030374,0.10256,-0.150248,-0.124193
150582248168901,161.040375,0.268876,-0.104418,0.038987
150582258169905,161.050376,0.187596,-0.055733,0.053191
150582268171059,161.060377,0.237494,-0.053114,-0.008465
150582278172074,161.070378,0.491663,0.014227,-0.230363
150582288173534,161.080380,0.677619,-0.085164,-0.360553
150582298174223,161.090380,0.781054,-0.138381,-0.331302
150582308175452,161.100381,0.61703,-0.379035,-0.072151
150582318176603,161.110383,0.584287,-0.361886,-0.01481
150582328177832,161.120384,0.642276,-0.072216,-0.206024
150582338178774,161.130385,0.520013,0.11752,-0.395541
150582348179790,161.140386,0.162724,0.304434,-0.503327
150582358181027,161.150387,-0.28501,0.418795,-0.645775
150582368182177,161.160388,-0.699965,0.258606,-0.561078
150582378183086,161.170389,-0.762744,0.14343,-0.391518
150582388184400,161.180390,-0.410956,0.185617,-0.397795
150582398185309,161.190391,0.1756,0.285888,-0.464613
150582408186463,161.200392,0.585678,0.329362,-0.545772
150582418187697,161.210394,0.974008,0.272793,-0.460067
150582428188692,161.220395,1.280863,0.186327,-0.205304
150582438189629,161.230396,1.163472,-0.039057,0.137489
150582448190864,161.240397,0.969532,-0.115509,0.315691
150582458192033,161.250398,0.705554,-0.061674,0.313767
150582468193042,161.260399,0.417299,-0.089135,0.249174
150582478194273,161.270400,0.284669,-0.010045,0.01721
150582488195426,161.280401,0.072851,0.057081,-0.234111
150582498196421,161.290402,-0.168929,0.0195,-0.307888
150582508197561,161.300404,-0.288292,-0.065075,-0.294709
150582518198561,161.310405,-0.34669,-0.101209,-0.272329
150582528199734,161.320406,-0.339814,-0.060388,-0.21422
150582538200739,161.330407,-0.437887,-0.086016,-0.186882
150582548201907,161.340408,-0.550781,-0.090393,-0.229713
150582558203129,161.350409,-0.612264,-0.168319,-0.247132
150582568204133,161.360410,-0.581419,-0.205093,-0.309028
150582578205287,161.370411,-0.521716,-0.213305,-0.407882
150582588206282,161.380412,-0.451551,-0.235996,-0.543477
150582598207456,161.390413,-0.414867,-0.241902,-0.659701
150582608208427,161.400414,-0.468132,-0.281611,-0.697172
150582618209562,161.410416,-0.537736,-0.416293,-0.646537
150582628210538,161.420417,-0.424648,-0.450514,-0.681738
150582638211691,161.430418,-0.211086,-0.421021,-0.672343
150582648212917,161.440419,-0.013297,-0.366758,-0.65777
150582658213912,161.450420,0.118618,-0.305598,-0.622206
150582668215066,161.460421,0.171473,-0.262511,-0.497494
150582678216051,161.470422,0.184928,-0.184084,-0.436415
150582688217200,161.480423,0.179161,-0.147735,-0.396183
150582698218200,161.490424,0.150973,-0.059663,-0.364196
150582708219359,161.500425,0.139915,0.022915,-0.286207
150582718220345,161.510426,0.131604,0.076304,-0.252648
150582728221480,161.520427,0.092762,0.130116,-0.286558
150582738222706,161.530429,0.268046,0.06635,-0.251728
150582748223730,161.540430,0.098745,0.222761,-0.286719
150582758224883,161.550431,0.30258,0.142643,-0.408783
150582768225869,161.560432,0.340158,0.059492,-0.282555
150582778227032,161.570433,0.554566,0.064336,-0.137132
150582788228046,161.580434,0.658313,2.72E-4,0.061278
150582798229196,161.590435,0.82012,0.02853,0.262856
150582808230186,161.600436,0.808998,0.103762,0.367717
150582818231346,161.610437,0.575235,0.122582,0.555308
150582828232355,161.620438,0.318498,0.145667,0.538696
150582838233509,161.630440,0.157213,0.107811,0.43571
150582848234750,161.640441,0.284955,-0.045409,0.386756
150582858235726,161.650442,-0.041331,0.01674,0.251716
150582868236889,161.660443,-0.095009,0.002792,0.149127
150582878237899,161.670444,-0.251243,-0.063208,0.166289
150582888239067,161.680445,-0.347285,-0.149754,0.182181
150582898240067,161.690446,-0.416017,-0.223362,0.135288
150582908241197,161.700447,-0.401727,-0.281301,0.046473
150582918242427,161.710448,-0.254386,-0.323244,-0.09827
150582928243427,161.720449,-0.206347,-0.38492,-0.160341
150582938244566,161.730451,-0.271472,-0.375903,-0.229639
150582948245566,161.740452,-0.430475,-0.405469,-0.281333
150582958246706,161.750453,-0.573125,-0.419806,-0.274162
150582968247730,161.760454,-0.642631,-0.468402,-0.133137
150582978248884,161.770455,-0.69803,-0.241163,-0.332586
150582988249884,161.780456,-0.429217,-0.266986,-0.386404
150582998251120,161.790457,-0.354995,-0.332087,-0.442854
150583008252274,161.800458,-0.283714,-0.351008,-0.470237
150583018253274,161.810459,-0.446598,-0.364333,-0.387335
150583028254428,161.820460,-0.660563,-0.356327,-0.339176
150583038255442,161.830461,-0.663927,-0.270502,-0.376862
150583048256566,161.840463,-0.392997,-0.186132,-0.408099
150583058257586,161.850464,-0.040442,-0.194097,-0.406774
150583068258740,161.860465,0.234423,-0.237635,-0.368204
150583078259754,161.870466,0.267072,-0.274486,-0.262342
150583088260985,161.880467,0.296607,-0.248046,-0.165106
150583098262149,161.890468,0.361226,-0.188195,-0.098293
150583108263158,161.900469,0.385899,-0.141169,-0.092286
150583118264303,161.910470,0.223413,-0.120985,-0.12099
150583128265317,161.920471,0.146994,-0.138916,-0.101364
150583138266452,161.930472,0.092738,-0.070409,-0.102869
150583148267452,161.940473,0.244375,-0.073869,-0.187194
150583158268591,161.950475,-0.121471,0.146488,-0.207127
150583168269591,161.960476,-0.162309,0.224619,-0.333718
150583178270716,161.970477,-0.4451,0.273446,-0.397343
150583188271715,161.980478,-0.628276,0.272674,-0.452672
150583198272869,161.990479,-0.704085,0.215006,-0.272318
150583208274099,162.000480,-1.114746,-0.077891,-0.227314
150583218275099,162.010481,-0.713943,0.157904,-0.156633
150583228276239,162.020482,-0.609446,0.003967,-0.015744
150583238277225,162.030483,-0.554334,-1.34166,0.315512
150583248278374,162.040484,-0.447739,-0.423541,-0.411131
150583258279359,162.050485,-2.71E-4,-0.183716,-0.575858
150583268280518,162.060487,0.614576,-0.360461,-0.385309
150583278281523,162.070488,0.981228,-0.342333,-0.230307
150583288282706,162.080489,0.788383,-0.342882,0.012978
150583298283937,162.090490,0.314068,-0.417891,0.315855
150583308284961,162.100491,-0.109836,-0.601694,0.457441
150583318286115,162.110492,-0.335211,-0.864207,0.49127
150583328287144,162.120493,-0.80164,-1.183859,0.474893
150583338288312,162.130494,-1.234412,-1.208662,0.22724
150583348289312,162.140495,-1.456244,-0.897097,-0.044548
150583358290471,162.150496,-1.466978,-0.484029,-0.36869
150583368291471,162.160497,-1.230339,-0.153563,-0.775023
150583378292702,162.170499,-0.620779,0.028275,-1.904406
150583388293884,162.180500,-0.035635,-0.358558,-1.996258
150583398294884,162.190501,0.181803,-0.410583,-0.376043
150583408296048,162.200502,0.386457,-0.029564,0.690939
150583418297048,162.210503,0.41977,0.368768,0.510849
150583428298216,162.220504,0.462485,0.510026,0.059581
150583438299187,162.230505,0.718887,0.556551,-0.198219
150583448300341,162.240506,0.916848,0.495375,-0.038186
150583458301327,162.250507,0.921558,0.418315,0.099355
150583468302481,162.260508,0.500954,0.225387,0.174495
150583478303481,162.270509,0.109436,0.062187,0.167626
150583488304630,162.280511,-7.5E-5,-0.046846,0.088064
150583498305840,162.290512,0.035104,-0.163618,0.288898
150583508306840,162.300513,0.048647,-0.266159,0.448231
150583518308008,162.310514,0.343049,-0.373105,0.489205
150583528309013,162.320515,1.06058,-0.64899,0.641556
150583538310157,162.330516,1.268611,-0.676141,0.413179
150583548311177,162.340517,0.443999,-0.720468,0.319355
150583558312316,162.350518,0.497433,-0.137878,-0.395736
150583568313316,162.360519,0.01447,0.435105,-0.75617
150583578314465,162.370520,-0.640882,0.392756,-0.802219
150583588315682,162.380522,-0.922242,-0.591825,-0.421054
150583598316692,162.390523,-0.864215,-0.695582,-0.539953
150583608317615,162.400524,-0.871846,-0.420838,-0.95314
150583618318846,162.410525,-0.686392,-0.389482,-0.984781
150583628319984,162.420526,-0.385965,-0.321311,-0.923641
150583638320984,162.430527,-0.102182,-0.267869,-0.949734
150583648322124,162.440528,0.091596,-0.296084,-0.963456
150583658323124,162.450529,0.280833,-0.349918,-0.95892
150583668324268,162.460530,0.512194,-1.091751,-0.022476
150583678325258,162.470531,0.120764,-1.273678,0.578686
150583688326412,162.480532,0.541005,-0.005124,-0.129619
150583698327393,162.490533,0.452995,-0.325394,0.26102
150583708328557,162.500535,0.373131,-0.136176,0.267988
150583718329566,162.510536,0.59183,0.1065,0.194799
150583728330720,162.520537,0.615339,0.386101,0.328919
150583738331937,162.530538,0.522029,0.359542,0.459509
150583748332937,162.540539,0.524797,0.131482,0.573429
150583758334105,162.550540,0.343311,0.153637,0.534701
150583768335105,162.560541,0.198931,0.130567,0.444626
150583778336278,162.570542,-0.105488,0.35974,0.504819
150583788337278,162.580543,-0.351877,0.754076,0.626865
150583798338441,162.590544,-0.553523,1.142883,0.770218
150583808339465,162.600545,-0.440366,1.349128,0.866518
150583818340619,162.610547,-0.110479,1.398758,0.797056
150583828341624,162.620548,0.147598,1.262894,0.768301
150583838342792,162.630549,0.492924,0.909542,0.646085
150583848344023,162.640550,0.774826,0.85255,0.9711
150583858345023,162.650551,0.92198,1.170853,1.151273
150583868346191,162.660552,1.010643,1.005954,1.105506
150583878347187,162.670553,1.180312,0.786901,1.165166
150583888348322,162.680554,1.190406,0.676706,1.198934
150583898349317,162.690555,1.04497,0.396309,1.296134
150583908350480,162.700556,0.641443,0.205797,1.635798
150583918351490,162.710557,0.170899,0.283163,1.481007
150583928352644,162.720559,-0.281583,0.620784,0.911179
150583938353860,162.730560,-0.65195,0.874773,0.299612
150583948354846,162.740561,-0.88587,0.947189,0.233284
150583958356009,162.750562,-1.202579,0.799283,0.642569
150583968357004,162.760563,-0.468987,1.598527,2.841839
150583978358144,162.770564,-0.690045,-1.045812,0.383931
150583988359139,162.780565,-0.27906,-0.028781,0.425573
150583998360293,162.790566,-0.560962,1.056533,0.74963
150584008361293,162.800567,-1.226618,0.957791,0.651886
150584018362457,162.810568,-1.306429,-0.352954,-0.253134
150584028363456,162.820569,-0.242254,-1.149749,-0.942325
150584038364625,162.830571,-0.27757,-0.532363,-1.043583
150584048365634,162.840572,0.551927,-0.481085,-1.031592
150584058366869,162.850573,0.678841,-0.563216,-1.104815
150584068368028,162.860574,0.047935,-0.542566,-0.958014
150584078369033,162.870575,-0.393671,-0.531751,-0.679138
150584088370176,162.880576,-0.466074,-0.550946,-0.514757
150584098371191,162.890577,-0.0619,-0.403645,-0.42152
150584108372344,162.900578,0.369045,-0.269734,-0.398591
150584118373335,162.910579,0.911702,0.124503,-0.230122
150584128374484,162.920580,0.895992,0.933862,0.863085
150584138375484,162.930581,-0.215276,1.120654,1.792444
150584148376638,162.940583,-0.754881,0.450932,2.007123
150584158377643,162.950584,-0.601983,-0.698753,1.775881
150584168378802,162.960585,0.047998,-0.895427,1.278057
150584178379802,162.970586,1.108756,-0.421783,0.872176
150584188380956,162.980587,1.790246,0.437445,0.436316
150584198382187,162.990588,1.798255,0.890973,-0.022244
150584208383159,163.000589,2.302518,1.112623,-1.030457
150584218384308,163.010590,2.945732,0.831961,-1.853699
150584228385308,163.020591,4.321339,0.185618,-1.846619
150584238386466,163.030592,4.42633,-0.459964,-1.012482
150584248387471,163.040593,3.166416,-0.780616,0.088055
150584258388610,163.050595,1.607266,-0.763681,0.783409
150584268389615,163.060596,0.163717,-0.629388,1.043906
150584278390769,163.070597,-2.124965,-0.415006,0.931392
150584288391774,163.080598,-3.807004,-0.242892,1.473645
150584298393009,163.090599,-3.134476,-0.924263,2.091796
150584308393923,163.100600,-2.393173,-0.556345,1.298261
150584318395072,163.110601,-0.517921,0.060217,0.105395
150584328396072,163.120602,1.540663,0.175383,-0.738452
150584338397221,163.130603,1.375212,-0.152174,-1.394046
150584348398452,163.140604,0.572595,-0.442851,-0.885745
150584358399466,163.150605,-0.34265,-0.49084,0.091943
150584368400620,163.160607,-1.398253,-0.758832,0.483503
150584378401643,163.170608,-2.322783,-0.825739,-0.563014
150584388402783,163.180609,-2.54885,-0.767509,-1.342885
150584398403774,163.190610,-2.215784,-0.917897,-1.29003
150584408404932,163.200611,-0.347955,-0.518626,-0.516723
150584418405922,163.210612,0.480101,-0.255084,0.614181
150584428407090,163.220613,0.732416,-0.174559,0.904572
150584438408326,163.230614,0.274679,-0.397683,0.719442
150584448409326,163.240615,0.120801,-0.259387,0.114993
150584458410480,163.250616,-1.141169,0.356107,-2.493898
150584468411461,163.260617,-0.054523,0.706462,-2.453224
150584478412629,163.270619,0.22086,-0.227792,-0.43401
150584488413629,163.280620,0.66662,-0.780796,0.879166
150584498414787,163.290621,1.312841,-0.738863,1.389823
150584508415787,163.300622,1.54536,-0.72583,1.434559
150584518416941,163.310623,1.234964,-0.727088,1.196364
150584528417913,163.320624,-0.246717,-0.488983,0.762354
150584538419053,163.330625,-1.428307,-0.182559,0.326078
150584548420058,163.340626,-2.102011,0.216554,0.779408
150584558421225,163.350627,-2.135493,0.470328,0.959435
150584568422220,163.360628,-1.641083,0.366343,0.549678
150584578423350,163.370629,-1.13678,-1.876284,1.059266
150584588424355,163.380630,-0.639266,-1.334422,0.638793
150584598425581,163.390632,0.05936,-0.686871,0.865613
150584608426721,163.400633,1.361326,-0.811067,1.15736
150584618427721,163.410634,-1.247727,-1.166401,3.030625
150584628428861,163.420635,-0.409371,-2.282259,2.526222
150584638429889,163.430636,1.012824,-2.756359,2.450873
150584648431038,163.440637,1.380374,-2.492925,3.343635
150584658432024,163.450638,1.039948,-2.056521,3.46256
150584668433178,163.460639,0.536219,-1.68321,2.647906
150584678434183,163.470640,0.103182,-1.087753,1.809919
150584688435342,163.480641,-0.704252,-0.117087,0.823016
150584698436351,163.490642,-2.431442,0.557933,0.223917
150584708437520,163.500644,-2.618985,0.639911,0.187104
150584718438505,163.510645,-2.265239,0.031779,0.227159
150584728439658,163.520646,-1.54646,-0.92948,0.758904
150584738440904,163.530647,-1.054687,-1.336041,1.417299
150584748441923,163.540648,-0.325182,-1.603586,1.633701
150584758443082,163.550649,0.028391,-1.464582,1.797382
150584768444086,163.560650,-0.106672,-0.898474,1.174684
150584778445245,163.570651,-0.015769,-0.715219,0.682882
150584788446245,163.580652,-0.569786,-1.060791,0.963129
150584798447409,163.590653,-1.291603,-1.047573,0.727687
150584808448409,163.600654,-1.97495,-0.4801,-0.143494
150584818449563,163.610656,-1.668375,-0.116191,-0.890869
150584828450577,163.620657,2.134165,-0.160319,-2.580886
150584838451745,163.630658,-0.827681,-0.716114,0.786993
150584848452726,163.640659,-0.690404,-1.220925,0.747698
150584858453874,163.650660,0.308235,-1.637387,0.764466
150584868454884,163.660661,-0.242321,-1.278768,1.110817
150584878456037,163.670662,-1.228356,-0.922165,1.20573
150584888457032,163.680663,-1.71323,-0.606938,0.628732
150584898458186,163.690664,-1.966137,-0.613966,0.7071
150584908459417,163.700665,-2.391883,-0.931028,1.020277
150584918460412,163.710666,-3.238616,-1.002482,1.357088
150584928461561,163.720668,-2.688039,-0.468253,1.071743
150584938462556,163.730669,-0.692495,-0.083738,0.216413
150584948463725,163.740670,0.848517,0.347482,-0.46609
150584958464710,163.750671,0.38208,-0.033609,-0.019189
150584968465864,163.760672,-0.37411,-0.708091,1.007696
150584978467091,163.770673,-0.865373,-0.954674,1.868365
150584988468014,163.780674,-0.973711,-1.075382,2.425337
150584998469231,163.790675,0.202048,-0.78409,2.074005
150585008470168,163.800676,0.197534,-0.411211,1.371499
150585018471177,163.810677,-0.706234,-0.196794,0.724618
150585028472342,163.820678,-0.819288,-0.195004,0.709795
150585038473332,163.830679,-0.013312,-0.117156,0.554829
150585048474562,163.840681,0.348402,0.062491,0.429425
150585058475721,163.850682,0.038604,0.282422,0.051326
150585068476706,163.860683,-0.364774,0.407961,0.081077
150585078477846,163.870684,-0.20332,0.34954,0.352927
150585088478860,163.880685,-0.147742,0.251179,0.197817
150585098480014,163.890686,-0.327567,0.003273,0.216688
150585108481014,163.900687,0.119699,-0.065591,0.139111
150585118482139,163.910688,0.449162,0.222362,0.247146
150585128483154,163.920689,0.129461,0.423059,0.054909
150585138484288,163.930690,0.159995,0.347629,-0.147509
150585148485288,163.940691,0.38458,0.367591,-0.15939
150585158486428,163.950692,0.622931,0.5633,-0.576316
150585168487428,163.960693,0.101737,0.8795,-1.053868
150585178488553,163.970695,0.067516,0.963743,-1.251868
150585188489783,163.980696,0.484606,1.328394,-1.613318
150585198490774,163.990697,0.839985,1.385876,-1.455665
150585208491932,164.000698,0.56114,1.417469,-0.995407
150585218492932,164.010699,0.384214,1.06429,-0.55364
150585228494086,164.020700,0.62632,0.599354,0.003418
150585238495101,164.030701,0.698041,0.406562,0.702512
150585248496260,164.040702,1.469165,0.130776,0.923419
150585258497245,164.050703,1.746598,0.092045,0.506861
150585268498394,164.060704,1.196502,0.253556,-0.316893
150585278499399,164.070705,0.377858,0.420781,-0.709525
150585288500563,164.080707,-0.301608,0.601583,-0.692433
150585298501563,164.090708,-0.562371,0.636825,-0.693519
150585308502717,164.100709,-0.581339,0.421551,-0.551631
150585318503731,164.110710,-0.539213,0.104522,-0.231096
150585328504977,164.120711,-0.286437,-0.083226,0.279962
150585338506130,164.130712,-0.072298,-0.199388,0.418721
150585348507057,164.140713,-0.384228,-0.057661,0.333473
150585358508303,164.150714,-0.58991,0.046938,0.133461
150585368509303,164.160715,-0.436852,0.028928,-0.047643
150585378510457,164.170716,-0.552288,0.113246,-0.061848
150585388511442,164.180717,-1.002334,0.568528,-0.362097
150585398512582,164.190719,-0.78817,0.798365,-0.886973
150585408513591,164.200720,-0.555473,0.867768,-0.818102
150585418514760,164.210721,-0.408886,0.782638,-0.348145
150585428515760,164.220722,-0.329253,0.519759,0.295227
150585438516904,164.230723,0.222029,-0.034029,0.958896
150585448517904,164.240724,0.726385,-0.42651,1.425342
150585458519058,164.250725,0.401493,-0.337254,1.281704
150585468520058,164.260726,-0.156601,-0.332241,0.930821
150585478521197,164.270727,-0.425788,-0.327752,1.026488
150585488522188,164.280728,-0.6696,-0.478655,0.863338
150585498523403,164.290729,-0.274778,-0.594062,0.353715
150585508524572,164.300731,-0.376988,-0.357644,-0.263366
150585518525567,164.310732,-0.79987,0.064445,-0.788853
150585528526485,164.320732,-0.868199,0.233547,-1.023797
150585538527716,164.330734,-0.128918,0.274325,-0.664541
150585548528865,164.340735,0.2002,-0.008067,-0.181883
150585558529865,164.350736,-0.317884,-0.292716,-0.087498
150585568531019,164.360737,-0.75361,-0.463357,0.269221
150585578532010,164.370738,-0.763139,-0.522048,0.614429
150585588533164,164.380739,-0.454611,-0.677698,0.835888
150585598534164,164.390740,-0.068173,-0.249899,0.798248
150585608535318,164.400741,-0.117341,-0.247739,0.397796
150585618536327,164.410742,-0.322732,0.021272,0.088457
150585628537472,164.420743,-0.267836,0.185883,-0.136736
150585638538476,164.430744,-0.489305,0.239672,0.174509
150585648539630,164.440746,-0.314095,0.307487,0.17222
150585658540625,164.450747,0.155463,0.412088,0.086392
150585668541778,164.460748,0.43502,0.294826,0.22437
150585678542774,164.470749,0.425179,0.187311,0.639899
150585688544014,164.480750,0.224287,0.368325,0.908292
150585698545173,164.490751,0.188162,0.419164,0.754985
150585708546187,164.500752,0.098821,0.254041,0.579326
150585718547346,164.510753,-0.070047,0.225896,0.370684
150585728548346,164.520754,-0.046355,0.196545,0.360098
150585738549514,164.530756,0.357656,0.545863,0.324008
150585748550529,164.540757,0.360079,0.735797,-0.330384
150585758551668,164.550758,0.127692,0.861956,-0.78624
150585768552668,164.560759,0.029086,0.903349,-1.108905
150585778553822,164.570760,0.190521,0.936203,-1.190762
150585788554827,164.580761,0.445981,0.689721,-0.739697
150585798555991,164.590762,0.931252,0.513443,-0.197444
150585808556991,164.600763,0.956472,0.326357,0.295783
150585818558159,164.610764,0.526376,0.168367,0.435122
150585828559398,164.620765,-0.076921,0.250487,0.114295
150585838560398,164.630766,-0.697387,0.316156,-0.304494
150585848561572,164.640768,-0.968441,0.245092,-0.539537
150585858562581,164.650769,-0.599059,0.085563,-0.253266
150585868563509,164.660770,0.370069,-0.005893,0.084455
150585878564648,164.670771,0.608442,-0.092141,0.082199
150585888565648,164.680772,-0.050796,0.086801,-0.063827
150585898566879,164.690773,-0.620903,0.07957,-0.11076
150585908568018,164.700774,-0.637037,-0.094672,0.110675
150585918569018,164.710775,-0.649689,-0.302437,0.424896
150585928570168,164.720776,-0.638021,-0.241692,0.497327
150585938571182,164.730777,-0.369465,-0.268837,0.117832
150585948572322,164.740778,-0.475816,-0.140766,-0.22369
150585958573322,164.750779,-0.803248,0.280396,-0.362
150585968574476,164.760780,-0.688476,0.473866,-0.436368
150585978575476,164.770781,-0.457328,0.372718,-0.278266
150585988576629,164.780783,-0.039122,0.431454,-0.217997
150585998577616,164.790784,0.327713,0.644739,-0.516172
150586008578774,164.800785,0.163457,0.967499,-0.884156
150586018579774,164.810786,0.005528,1.0006,-1.01177
150586028580913,164.820787,0.134593,0.645849,-0.867622
150586038582144,164.830788,0.560584,0.053015,-0.443297
150586048583125,164.840789,0.871229,-0.178848,0.394394
150586058584279,164.850790,0.890835,-0.33979,0.822332
150586068585279,164.860791,0.537134,-0.722144,1.020348
150586078586216,164.870792,0.048259,-0.83303,1.336587
150586088587447,164.880793,-0.020514,-0.715188,1.248909
150586098588606,164.890795,-0.067498,-0.651197,0.873929
150586108589606,164.900796,-0.048509,-0.586478,0.537646
150586118590770,164.910797,0.053654,-0.512479,0.159494
150586128591774,164.920798,-0.009054,-0.357186,-0.250065
150586138592924,164.930799,-0.308384,-0.175589,-0.504697
150586148593924,164.940800,-0.109495,-0.011703,-0.562022
150586158595077,164.950801,0.254477,0.256092,-0.897492
150586168596086,164.960802,0.361535,0.494187,-1.208144
150586178597240,164.970803,0.173852,0.718445,-1.47524
150586188598240,164.980804,0.156455,0.869527,-1.507322
150586198599394,164.990805,0.519709,0.989931,-1.336131
150586208600384,165.000806,0.490032,1.114057,-1.354387
150586218601552,165.010808,0.597909,1.273625,-1.430894
150586228602553,165.020809,-0.378951,1.741357,-0.710948
150586238603707,165.030810,0.886171,0.680259,-1.591505
150586248604938,165.040811,1.662494,0.698238,-0.516887
150586258605938,165.050812,0.676447,0.96837,0.031976
150586268607096,165.060813,0.309573,0.141669,0.072821
150586278608096,165.070814,0.850212,0.049066,0.30372
150586288609249,165.080815,-0.011545,0.419666,0.246241
150586298610231,165.090816,-0.839003,-0.057989,0.246004
150586308611384,165.100817,-0.00497,-0.317976,0.648334
150586318612390,165.110818,0.758569,-0.382932,1.032421
150586328613543,165.120820,1.019303,-0.482977,1.40718
150586338614533,165.130821,0.174536,-0.46814,1.186738
150586348615687,165.140822,-0.350459,-0.272792,0.712556
150586358616687,165.150823,-0.368477,-0.262246,0.57878
150586368617846,165.160824,-0.465946,-0.157808,0.564441
150586378618855,165.170825,-0.080426,-0.211365,0.81214
150586388620009,165.180826,0.480512,-0.05814,0.713906
150586398621009,165.190827,-0.036558,-0.074074,0.089674
150586408622163,165.200828,-0.961308,0.082812,-0.449198
150586418623177,165.210829,-1.123627,0.407433,-0.680847
150586428624331,165.220830,-0.944464,0.448704,-0.639954
150586438625326,165.230831,-0.274297,0.581285,-0.560977
150586448626557,165.240833,-0.370566,0.606812,-0.901257
150586458627711,165.250834,-0.829779,0.497893,-0.883052
150586468628725,165.260835,-0.717766,0.380613,-0.40909
150586478629663,165.270836,-0.274794,0.138924,-0.021586
150586488630817,165.280837,0.01153,-0.068261,0.209988
150586498631817,165.290838,0.080026,0.03658,0.153416
150586508633056,165.300839,0.037404,-0.014164,-0.004965
150586518634210,165.310840,-0.046802,-0.046596,0.001938
150586528635210,165.320841,-0.19483,-0.218935,0.136672
150586538636359,165.330842,-0.14485,-0.379293,0.286472
150586548637345,165.340843,-0.169434,-0.251486,0.246936
150586558638499,165.350844,-0.256941,-0.248873,0.161893
150586568639499,165.360845,-0.308525,-0.330888,0.21041
150586578640648,165.370847,-0.205078,-0.309227,0.489122
150586588641638,165.380848,-0.200809,-0.594771,0.896663
150586598642787,165.390849,-0.004672,-0.704061,0.968277
150586608643792,165.400850,0.116617,-0.45695,0.973351
150586618644933,165.410851,-0.062492,-0.339414,0.698563
150586628645937,165.420852,-0.182303,-0.168537,0.5256
150586638647091,165.430853,-0.234375,-0.066895,0.169015
150586648648307,165.440854,-0.358079,0.062176,0.016566
150586658649307,165.450855,-0.264541,0.157721,-0.060887
150586668650475,165.460856,-0.31733,0.381412,-0.234067
150586678651494,165.470857,-0.139224,0.415883,-0.132886
150586688652633,165.480859,0.029055,0.248243,0.209724
150586698653556,165.490860,0.213472,0.119336,0.523923
150586708654802,165.500861,0.436008,0.114017,0.717952
150586718655802,165.510862,0.385622,0.159357,0.664181
150586728656956,165.520863,-0.650103,0.228231,0.490564
150586738657956,165.530864,-0.435076,0.190153,0.541276
150586748659114,165.540865,0.523892,0.35039,0.338926
150586758660114,165.550866,0.129548,-0.019214,0.126801
150586768661288,165.560867,-0.854888,-0.228203,-0.598203
150586778662283,165.570868,0.25518,-0.265483,-0.160942
150586788663437,165.580869,0.466249,-0.119159,0.585415
150586798664446,165.590870,2.103549,-0.178011,2.140289
150586808665591,165.600872,-0.244694,-0.598639,0.974377
150586818666591,165.610873,-0.565083,-0.524822,-0.113125
150586828667744,165.620874,-0.403271,-0.155602,-0.496472
150586838668729,165.630875,0.017431,0.305012,0.208208
150586848669869,165.640876,0.318551,0.198213,0.997069
150586858671114,165.650877,0.779855,0.123395,0.807439
150586868672114,165.660878,1.481913,-0.233359,0.879669
150586878673259,165.670879,1.809897,0.140187,0.493631
150586888674264,165.680880,1.31354,0.452213,0.089981
150586898675417,165.690881,0.875938,0.343964,0.413243
150586908676413,165.700882,0.83037,0.341054,0.5516
150586918677323,165.710883,1.197811,0.499165,0.373894
150586928678547,165.720885,1.693045,0.497702,0.010797
150586938679701,165.730886,0.447636,0.452571,-1.034685
150586948680687,165.740887,-0.765058,0.114323,-1.317136
150586958681841,165.750888,-4.333925,-0.421993,-1.6109
150586968682860,165.760889,-2.552863,-0.159654,-1.185216
150586978684013,165.770890,-0.916806,-0.569385,-0.553772
150586988685018,165.780891,-1.010261,-0.774414,-0.33212
150586998686172,165.790892,-0.847854,-0.796004,-0.369028
150587008687398,165.800893,-0.298313,-0.677307,-0.566163
150587018688321,165.810894,0.452332,-0.526075,-0.298286
150587028689537,165.820896,0.551926,-0.437476,-0.187217
150587038690460,165.830896,0.361874,-0.271733,-0.333286
150587048691677,165.840898,0.256143,-0.175382,-0.266786
150587058692657,165.850899,-0.311622,-0.232789,-0.03697
150587068693811,165.860900,-0.285159,-0.175523,0.307852
150587078694740,165.870901,-0.212532,-0.11163,0.454001
150587088695986,165.880902,0.05426,-0.103102,0.532384
150587098696986,165.890903,0.220582,-0.095644,0.502508
150587108698140,165.900904,0.006802,-0.08003,0.511852
150587118699125,165.910905,-0.242816,-0.125829,0.453063
150587128700294,165.920906,-0.226919,-0.117579,0.444139
150587138701202,165.930907,0.129776,-0.146957,0.514177
150587148702509,165.940909,0.26997,-0.130007,0.465329
150587158703663,165.950910,0.035661,-0.127006,0.219155
150587168704663,165.960911,-0.143621,-0.06007,-0.031083
150587178705596,165.970912,-0.20216,0.019499,-0.138173
150587188706827,165.980913,-0.175403,0.118299,-0.24137
150587198707689,165.990914,-0.091948,0.205702,-0.291968
150587208708995,166.000915,0.004753,0.314763,-0.423651
150587218709928,166.010916,0.129035,0.352178,-0.554944
150587228711177,166.020917,0.132095,0.367371,-0.615765
150587238712331,166.030918,-0.049736,0.34611,-0.637091
150587248713331,166.040919,-0.172046,0.361315,-0.74051
150587258714256,166.050920,-0.077741,0.340048,-0.695333
150587268715499,166.060921,0.033965,0.316232,-0.531631
150587278716653,166.070923,0.05052,0.154111,-0.374286
150587288717668,166.080924,-0.054634,-0.069429,-0.123913
150587298718821,166.090925,-0.164516,-0.291633,0.198073
150587308720052,166.100926,-0.300123,-0.430608,0.476061
150587318720975,166.110927,-0.209324,-0.478547,0.56159
150587328722206,166.120928,0.012454,-0.501039,0.456047
150587338723129,166.130929,0.105613,-0.415179,0.334573
150587348724355,166.140930,-0.074111,-0.368159,0.412227
150587358725360,166.150931,-0.278748,-0.352375,0.539946
150587368726518,166.160933,-0.391736,-0.292892,0.500463
150587378727441,166.170933,-0.576773,-0.064728,0.254131
150587388728686,166.180935,-0.804079,0.05019,-0.092198
150587398729682,166.190936,-0.848553,0.142606,-0.304384
150587408730836,166.200937,-0.374368,0.065597,-0.068056
150587418731836,166.210938,-0.047716,-0.058491,0.270142
150587428732990,166.220939,0.007778,-0.228516,0.423234
150587438734004,166.230940,-0.159461,-0.346651,0.522211
150587448735226,166.240941,-0.311373,-0.373143,0.472032
150587458736150,166.250942,-0.30122,-0.382042,0.424948
150587468737379,166.260943,-0.133999,-0.395291,0.364943
150587478738304,166.270944,0.085074,-0.432331,0.101879
150587488739532,166.280946,0.167681,-0.364743,-0.306422
150587498740672,166.290947,0.250788,-0.292881,-0.582874
150587508741677,166.300948,0.296449,-0.312156,-0.712204
150587518742836,166.310949,0.382016,-0.265642,-0.70903
150587528743831,166.320950,0.586228,-0.379306,-0.469595
150587538744982,166.330951,1.05419,-0.601375,-0.146935
150587548746197,166.340952,0.973851,-0.739232,0.435994
150587558747120,166.350953,0.443734,-0.544597,0.197335
150587568748324,166.360954,0.074588,-0.338895,-0.27861
150587578749310,166.370955,-0.014249,-0.010929,-0.77529
150587588750461,166.380956,-0.049423,0.249694,-1.320557
150587598751461,166.390957,-0.004588,0.282279,-1.363729
150587608752678,166.400959,-0.196957,0.053056,-0.874696
150587618753586,166.410960,-0.456655,-0.168545,-0.278066
150587628754812,166.420961,0.395198,0.094896,-0.180304
150587638755752,166.430962,0.947332,-0.143346,0.035491
150587648756968,166.440963,-0.039172,-0.240316,0.327489
150587658758108,166.450964,-0.46024,-0.150383,0.138555
150587668759091,166.460965,0.026048,-0.128888,0.003769
150587678760240,166.470966,0.14415,-0.112057,-0.059009
150587688761467,166.480967,0.124862,-0.1342,0.127181
150587698762390,166.490968,0.301861,-0.307231,0.419157
150587708763621,166.500970,0.288488,-0.21629,0.279693
150587718764544,166.510971,-0.193952,-0.058539,-0.005793
150587728765790,166.520972,-0.532918,0.011576,-0.391472
150587738767028,166.530973,-0.642011,0.018845,-0.52174
150587748768048,166.540974,-0.552656,-0.054199,-0.257765
150587758768971,166.550975,-0.491122,-0.216992,0.222169
150587768770206,166.560976,-0.517172,-0.374581,0.740236
150587778771129,166.570977,-0.550714,-0.51051,1.275152
150587788772360,166.580978,-0.241798,-0.688588,1.771399
150587798773519,166.590980,0.316629,-0.659519,1.881372
150587808774731,166.600981,0.402099,-0.515106,1.511661
150587818775740,166.610982,0.062499,-0.30439,0.804408
150587828776909,166.620983,-0.596324,-0.062928,0.16364
150587838777861,166.630984,-1.263943,0.009924,0.00988
150587848779091,166.640985,-1.807255,0.041081,0.143597
150587858780096,166.650986,-2.078859,0.005378,0.487783
150587868781327,166.660987,-1.494204,-0.360639,1.454039
150587878782250,166.670988,-1.097082,-0.545174,1.629579
150587888783497,166.680989,-0.474898,-0.353838,0.95524
150587898784646,166.690991,1.125655,0.071186,0.15057
150587908785654,166.700992,2.633674,0.236957,-0.057071
150587918786798,166.710993,3.735304,-0.040955,0.666886
150587928788029,166.720994,3.818274,-0.227635,1.098853
150587938788952,166.730995,2.30112,-0.288026,1.070635
150587948790183,166.740996,1.309492,-0.667692,2.274273
150587958791183,166.750997,0.263006,-1.479777,1.819486
150587968792413,166.760998,1.168191,-0.961484,0.785695
150587978793557,166.771000,1.116951,-0.973585,0.534561
150587988794562,166.781001,0.997304,-0.23867,5.66E-4
150587998795726,166.791002,1.322045,-0.695201,0.738048
150588008796942,166.801003,0.706015,-0.945117,1.029968
150588018797865,166.811004,0.263383,-0.282614,0.51265
150588028799091,166.821005,0.356646,-0.235217,0.38297
150588038800087,166.831006,-0.015509,-0.411574,0.495065
150588048801308,166.841007,-0.848142,-0.910748,0.909348
150588058802443,166.851008,-1.089031,-1.528232,1.20956
150588068803443,166.861009,-0.030548,-1.320246,1.459671
150588078804348,166.871010,0.058286,-0.771032,0.855998
150588088805581,166.881012,-0.333042,-0.476649,-0.227359
150588098806737,166.891013,-0.527894,-0.448268,0.380842
150588108807961,166.901014,0.067298,-0.512399,-0.146357
150588118808884,166.911015,0.699767,-0.620319,-0.787471
150588128810132,166.921016,0.218264,-1.593508,-1.384055
150588138811346,166.931017,-0.892376,-0.683692,-0.860962
150588148812346,166.941018,-0.710523,-0.209429,0.020204
150588158813271,166.951019,-0.618423,-0.087087,0.5148
150588168814717,166.961021,-0.319517,-0.161894,0.523618
150588178815649,166.971022,-0.393742,-0.288021,-0.014633
150588188816879,166.981023,-0.64362,0.024766,0.193242
150588198817794,166.991024,-1.219093,-0.214056,-0.208026
150588208819108,167.001025,-1.11773,-0.23222,0.281508
150588218820260,167.011026,-1.339733,-0.223682,0.189449
150588228821260,167.021027,-1.262869,-0.289089,0.680928
150588238822433,167.031028,-0.677578,0.151708,0.539533
150588248823664,167.041030,0.009242,0.269118,0.127028
150588258824582,167.051031,-0.046097,0.167411,-0.456997
150588268825813,167.061032,0.164834,-0.031944,-0.17692
150588278826813,167.071033,0.224638,-0.26536,0.173565
150588288828056,167.081034,0.140592,-0.192705,0.152938
150588298829178,167.091035,0.085844,-0.048976,0.057412
150588308830423,167.101036,0.101727,0.168753,0.081842
150588318831351,167.111037,0.003831,0.376544,0.10714
150588328832587,167.121039,-0.138625,0.313818,0.04069
150588338833601,167.131040,-0.090873,0.32536,-0.260823
150588348834837,167.141041,0.129034,0.55608,-0.676848
150588358835991,167.151042,0.569692,0.688951,-0.887689
150588368836993,167.161043,0.965143,0.680125,-0.993259
150588378838217,167.171044,1.415556,0.725996,-1.074883
150588388839351,167.181045,1.551097,0.807019,-0.951142
150588398840346,167.191046,1.574102,0.833139,-0.717285
150588408841582,167.201048,1.537249,0.761562,-0.623931
150588418842492,167.211048,1.462923,0.57955,-0.665716
150588428843721,167.221050,1.408098,0.400104,-0.849779
150588438844880,167.231051,1.363817,0.283742,-1.017006
150588448846113,167.241052,1.346964,0.322547,-1.002116
150588458847347,167.251053,1.261303,0.395726,-0.734204
150588468848342,167.261054,1.194385,0.409094,-0.276497
150588478849296,167.271055,1.092141,0.272758,-0.034774
150588488850529,167.281057,0.936105,0.150015,0.076096
150588498851689,167.291058,0.711549,-0.045655,0.163241
150588508852913,167.301059,0.829276,-0.168903,0.2545
150588518853908,167.311060,0.680203,-0.171236,0.250585
150588528855139,167.321061,0.20688,-0.545175,0.497895
150588538856293,167.331062,0.069178,-0.391504,0.594543
150588548857281,167.341063,-0.016046,-0.300785,0.458998
150588558858515,167.351065,-0.33298,-0.345711,0.262005
150588568859761,167.361066,-0.462459,-0.528492,0.204263
150588578860697,167.371067,-0.776921,-0.626414,0.222046
150588588862158,167.381068,-0.779446,-0.618008,0.250288
150588598863067,167.391069,-0.8724,-0.586958,0.305855
150588608864312,167.401070,-0.949284,-0.643594,0.416239
150588618865310,167.411071,-1.014769,-0.783116,0.500502
150588628866539,167.421073,-1.449314,-0.72352,0.322001
150588638867770,167.431074,-1.387775,-0.736196,0.173355
150588648868914,167.441075,-1.378116,-0.618507,0.128565
150588658869823,167.451076,-1.339882,-0.508423,0.097095
150588668871033,167.461077,-1.12951,-0.508646,-0.011487
150588678872028,167.471078,-0.93717,-0.492879,-0.166628
150588688873264,167.481079,-0.422647,-0.397915,0.032398
150588698874189,167.491080,-0.288794,-0.40299,0.274361
150588708875651,167.501082,-0.236364,-0.309154,0.364371
150588718876664,167.511083,-0.213431,-0.178131,0.394677
150588728877909,167.521084,-0.33149,-0.232007,0.399675
150588738879058,167.531085,-0.650301,-0.015437,0.098875
150588748880288,167.541086,-0.28708,0.066725,0.054176
150588758881211,167.551087,-0.16392,0.257721,-0.009033
150588768882519,167.561089,-0.11776,0.08733,-0.058253
150588778883456,167.571089,0.328086,0.01335,0.003626
150588788884904,167.581091,0.719364,0.141271,-0.04764
150588798885832,167.591092,0.815885,0.141317,-0.085035
150588808887048,167.601093,0.868438,0.136113,-0.092852
150588818888033,167.611094,0.84583,0.183964,-0.083851
150588828889264,167.621095,0.709048,0.211068,-0.003226
150588838890431,167.631096,0.530253,0.05063,0.126254
150588848891667,167.641098,0.526625,0.04137,0.080706
150588858892648,167.651099,0.509991,0.222342,-0.070141
150588868893879,167.661100,0.490362,0.316033,-0.020619
150588878895038,167.671101,0.565925,0.366213,0.147553
150588888896269,167.681102,0.407334,0.327684,0.368203
150588898897269,167.691103,0.170515,0.320607,0.462233
150588908898485,167.701104,-0.051383,0.386076,0.380381
150588918899415,167.711105,-0.1225,0.278326,0.115893
150588928900657,167.721107,0.222487,0.12505,-0.104851
150588938901811,167.731108,0.307382,0.227121,-0.130666
150588948903114,167.741109,0.328679,0.015084,-0.084527
150588958904059,167.751110,0.476813,-0.113438,-0.189616
150588968905288,167.761111,0.109404,0.229144,-0.022461
150588978906442,167.771112,-0.37329,0.169297,-0.123673
150588988907758,167.781114,-1.162199,0.795443,0.534785
150588998908687,167.791115,0.014849,0.634692,0.940216
150589008909917,167.801116,-0.332139,0.549193,1.134791
150589018911066,167.811117,-0.153023,0.384431,1.251453
150589028912311,167.821118,0.168076,0.138547,0.747386
150589038913326,167.831119,0.419509,0.339601,0.302596
150589048914566,167.841121,0.533766,0.394527,0.235331
150589058915720,167.851122,0.686512,0.499319,0.269446
150589068916951,167.861123,0.704624,0.600652,0.205607
150589078917961,167.871124,0.438762,0.109253,-0.045275
150589088919186,167.881125,0.132803,-0.381493,-0.648342
150589098920326,167.891126,-1.070191,-0.906323,-1.476864
150589108921562,167.901128,-1.631486,-0.450231,-1.318775
150589118922566,167.911129,-0.846931,0.135138,-0.7917
150589128923793,167.921130,-1.088804,-0.322261,-0.254144
150589138924947,167.931131,-0.409822,-0.245888,-0.200707
150589148926191,167.941132,0.029643,1.345114,-1.348742
150589158927197,167.951133,0.482528,0.541478,-0.552606
150589168928417,167.961134,0.21034,-0.309149,-0.043857
150589178929342,167.971135,-0.324494,-0.842471,0.171989
150589188930571,167.981137,0.441632,-1.306035,-0.026043
150589198931725,167.991138,1.04111,-0.738168,0.067593
150589208933038,168.001139,0.615725,-0.891638,-0.776936
150589218933961,168.011140,1.155844,-0.40697,-1.417593
150589228935403,168.021141,1.448825,-0.267586,-1.32549
150589238936327,168.031142,1.359157,-0.339869,-0.994802
150589248937653,168.041144,0.893926,-0.276796,-0.90674
150589258938807,168.051145,0.161306,-1.007823,-0.0869
150589268940043,168.061146,-0.015422,-0.769767,0.509305
150589278941033,168.071147,-0.519537,-0.397938,0.635288
150589288942172,168.081148,-0.894343,1.379037,-0.424883
150589298943159,168.091149,-1.30111,0.460393,-0.593414
150589308944610,168.101151,-0.796067,-0.020762,-0.825212
150589318945534,168.111152,-0.187549,-0.084749,-2.002382
150589328946764,168.121153,-0.096186,-0.387905,-0.816489
150589338947764,168.131154,-0.468731,-0.183406,2.127949
150589348949236,168.141155,-1.279248,-0.095284,2.569401
150589358950154,168.151156,-0.905825,-0.454918,2.823551
150589368951457,168.161157,-1.249946,-0.355138,2.661219
150589378952371,168.171158,-1.96142,-0.613349,2.581198
150589388953808,168.181160,-2.268747,-0.831506,2.892027
150589398954798,168.191161,-1.544009,-0.5289,1.621925
150589408956029,168.201162,-0.603663,-0.211443,0.078389
150589418956952,168.211163,-0.021968,0.065645,-0.690745
150589428958399,168.221164,0.050854,-0.065869,-0.665989
150589438959322,168.231165,0.230207,-0.329803,-0.312962
150589448960534,168.241167,0.484209,-0.408147,0.111797
150589458961546,168.251168,0.522898,-0.169996,0.298831
150589468963019,168.261169,0.982906,0.181787,0.234763
150589478963956,168.271170,1.693337,0.459831,-0.019114
150589488965260,168.281171,2.263964,0.373026,-0.212203
150589498966418,168.291172,2.253696,0.19461,-0.360934
150589508967649,168.301174,1.685184,-0.041331,-0.180834
150589518968654,168.311175,1.223845,0.366395,0.128826
150589528969890,168.321176,0.310364,-0.166598,0.130226
150589538970820,168.331177,0.328473,-0.159404,0.264261
150589548972049,168.341178,0.620145,0.617823,-0.220267
150589558973293,168.351179,1.140979,0.431489,-0.56796
150589568974524,168.361181,0.78513,0.3304,-0.903825
150589578975678,168.371182,0.348525,-0.280044,-1.532547
150589588976895,168.381183,1.16071,-0.648705,-1.062431
150589598977899,168.391184,1.478728,-0.680876,-0.705584
150589608979130,168.401185,1.199792,-0.565304,-0.360566
150589618980298,168.411186,0.893945,-0.46135,-0.012252
150589628981510,168.421188,-0.044435,0.140761,-0.770343
150589638982510,168.431189,-0.229489,0.004032,0.108542
150589648983741,168.441190,-0.872138,-0.040452,1.13742
150589658984895,168.451191,-1.479804,-0.21912,2.484986
150589668986116,168.461192,-1.601882,-0.660388,1.632252
150589678987116,168.471193,-0.380446,-0.910097,0.836885
150589688988332,168.481194,0.622117,-0.501545,0.24901
150589698989481,168.491195,0.645556,-0.087215,-0.037511
150589708990712,168.501197,0.344335,0.01823,-0.220389
150589718991716,168.511198,0.349584,-0.353875,-0.076376
150589728992938,168.521199,0.21844,-0.545196,0.25303
150589738994101,168.531200,-0.133061,-0.72793,0.591851
150589748995318,168.541201,-0.373703,-1.203238,0.908548
150589758996332,168.551202,-0.26522,-0.749171,0.739687
150589768997557,168.561204,-0.411068,-0.18537,0.262413
150589778998711,168.571205,-0.408236,-0.194364,-0.160546
150589788999928,168.581206,-0.043884,-0.056661,-0.547138
150589799000944,168.591207,-0.143536,-0.432402,-0.482641
150589809002399,168.601208,-0.171562,-0.426746,-0.176507
150589819003322,168.611209,-0.3089,-0.370193,-0.071366
150589829004582,168.621211,-0.293622,-0.268447,-0.105084
150589839005827,168.631212,0.005947,0.029894,-0.11106
150589849007042,168.641213,0.032586,0.034531,-0.285853
150589859007970,168.651214,-0.067049,-0.035032,-0.269476
150589869009283,168.661215,-0.193511,-0.008427,-0.274301
150589879010422,168.671216,-0.11603,0.006465,-0.273373
150589889011653,168.681218,0.108387,-0.074926,-0.261271
150589899012581,168.691219,0.524707,0.119851,-0.338584
150589909013894,168.701220,0.975159,0.339258,-0.340533
150589919015061,168.711221,0.845077,0.37679,-0.186264
150589929016292,168.721222,0.424278,0.229828,-0.023313
150589939017297,168.731223,0.072421,0.073685,0.004832
150589949018523,168.741225,-0.188266,-0.021303,0.120713
150589959019691,168.751226,-0.088043,-0.029231,0.192716
150589969020917,168.761227,0.139258,0.048823,0.266168
150589979021908,168.771228,0.267281,0.183854,0.34237
150589989023369,168.781229,0.434805,0.291123,0.397856
150589999024268,168.791230,0.610253,0.241786,0.455528
150590009025571,168.801232,0.665818,0.117738,0.489453
150590019026512,168.811233,0.703803,0.111695,0.526412
150590029027755,168.821234,0.810576,0.130203,0.594495
150590039028909,168.831235,0.778522,0.185836,0.574183
150590049030140,168.841236,0.526534,0.219181,0.568873
150590059031370,168.851237,0.224231,0.449453,0.398128
150590069032615,168.861239,0.067278,0.662611,0.310668
150590079033538,168.871240,0.001078,0.59379,0.344133
150590089034844,168.881241,-0.082519,0.45938,0.183682
150590099035996,168.891242,-0.117417,0.463134,0.051949
150590109037222,168.901243,-0.204673,0.358623,0.0082
150590119038222,168.911244,-0.207055,0.323654,-0.001694
150590129039683,168.921246,-0.152154,0.408195,-0.022601
150590139040610,168.931247,-0.081129,0.427587,-0.032614
150590149041856,168.941248,0.115028,0.312994,-0.037938
150590159042858,168.951249,0.184069,0.146169,-0.063114
150590169044087,168.961250,0.122427,-0.018925,-0.063454
150590179045264,168.971251,0.159439,-0.080445,-0.139637
150590189046490,168.981252,0.365976,-0.143122,-0.168097
150590199047706,168.991254,0.387699,-0.131163,-0.190991
150590209048922,169.001255,0.206863,-0.07123,-0.135123
150590219049845,169.011256,0.013765,-0.020314,-0.148015
150590229051153,169.021257,0.057756,-0.069204,-0.204333
150590239052073,169.031258,0.239744,-0.006327,-0.216143
150590249053533,169.041260,0.106168,-0.017353,-0.148718
150590259054538,169.051261,-0.023404,0.04096,-0.044496
150590269055769,169.061262,-0.346684,-0.070644,-0.118909
150590279056908,169.071263,-0.664496,-0.128729,-0.13096
150590289058163,169.081264,-0.85671,-0.035173,-0.296263
150590299059169,169.091265,-0.777055,0.058937,-0.401941
150590309060398,169.101266,-0.392189,-0.365646,-0.264203
150590319061552,169.111268,0.640465,0.096491,-0.92942
150590329062778,169.121269,0.675177,0.095514,-0.793092
150590339064008,169.131270,0.4112,0.085865,-0.26437
150590349065230,169.141271,0.233285,0.047128,-0.094391
150590359066230,169.151272,-0.144083,0.01658,-0.369874
150590369067456,169.161273,-0.732856,0.05269,-0.429778
150590379068610,169.171275,-1.527855,0.085368,-0.352805
150590389069855,169.181276,-1.708561,-0.079534,-0.086586
150590399070778,169.191277,-1.567798,0.04285,-0.216455
150590409072077,169.201278,-1.336316,0.178076,-0.075926
150590419073230,169.211279,-0.675074,0.167428,-0.523737
150590429074451,169.221280,0.154349,0.216832,-0.374788
150590439075446,169.231281,0.353209,0.377041,-0.190225
150590449076918,169.241283,0.178199,0.489756,-0.134064
150590459077841,169.251284,0.048605,0.630025,-0.11918
150590469079048,169.261285,-0.120003,0.572017,-0.010775
150590479080279,169.271286,-0.245579,0.5285,0.001965
150590489081508,169.281288,-0.152712,0.610935,0.32079
150590499082504,169.291289,-0.381625,0.443763,-0.402194
150590509083739,169.301290,0.4577,0.484076,-0.401628
150590519084889,169.311291,0.107905,0.534877,-0.203701
150590529086105,169.321292,-0.01581,0.581981,0.189148
150590539087115,169.331293,-0.146533,0.783823,0.090691
150590549088346,169.341294,0.141165,0.642211,0.006761
150590559089499,169.351295,-0.373359,0.410391,-0.901095
150590569090725,169.361297,-0.114974,0.387638,-0.851445
150590579091710,169.371298,-0.034185,0.085979,0.03664
150590589092956,169.381299,0.335708,-0.183952,0.895602
150590599094110,169.391300,0.713627,-0.117657,-0.036855
150590609095423,169.401301,0.854913,0.179459,-0.632623
150590619096352,169.411302,0.698722,0.355925,-0.386856
150590629097811,169.421304,0.102439,0.299551,-0.042531
150590639098734,169.431305,-0.340573,0.331001,0.16722
150590649100049,169.441306,-0.417154,0.083476,-0.133461
150590659101196,169.451307,-0.205566,-0.11524,-0.477472
150590669102437,169.461308,-0.238729,0.009633,-0.402146
150590679103432,169.471309,-0.48753,-0.009741,0.069433
150590689104663,169.481311,-0.375103,-0.010062,-0.029193
150590699105828,169.491312,-0.598094,-0.018407,-0.526827
150590709107124,169.501313,-0.487039,0.068418,-0.535898
150590719108054,169.511314,-0.321712,0.559931,-0.002159
150590729109285,169.521315,-0.086344,-0.27906,-1.03215
150590739110528,169.531317,-0.956632,-0.155201,-0.948388
150590749111773,169.541318,-0.326989,-0.21297,0.01159
150590759112899,169.551319,0.086816,0.169693,-0.43241
150590769114153,169.561320,0.22704,-0.047855,-0.651557
150590779115153,169.571321,0.438779,-0.202887,-0.692109
150590789116384,169.581322,0.115135,-0.158558,-0.372683
150590799117523,169.591324,0.120114,-0.09293,-0.226435
150590809118754,169.601325,0.125849,-0.085256,-0.23882
150590819119754,169.611326,0.155586,-0.180379,-0.234884
150590829120990,169.621327,0.258402,-0.314654,-0.147379
150590839122210,169.631328,0.3219,-0.301691,-0.151922
150590849123446,169.641329,0.234049,-0.278988,-0.215286
150590859124600,169.651331,0.032003,-0.336867,-0.192047
150590869125831,169.661332,-0.084372,-0.352423,-0.21059
150590879126836,169.671333,-0.046935,-0.334101,-0.21995
150590889128082,169.681334,-0.030503,-0.274981,-0.143856
150590899129232,169.691335,0.049497,-0.2959,-0.119866
150590909130461,169.701336,0.300677,-0.421576,-0.161563
150590919131437,169.711337,0.406599,-0.586102,0.009546
150590929132904,169.721339,0.387023,-0.562337,-0.188314
150590939133837,169.731340,0.347414,-0.312755,0.089467
150590949135116,169.741341,0.171398,-0.436413,0.125169
150590959136039,169.751342,0.070501,-0.404739,-0.122089
150590969137519,169.761344,-0.083923,-0.330995,-0.223687
150590979138534,169.771345,-0.273073,-0.219975,-0.14307
150590989139764,169.781346,-0.425797,-0.116151,-0.057044
150590999140918,169.791347,-0.516797,-0.055231,-0.083641
150591009142145,169.801348,-0.561161,-0.08802,-0.084349
150591019143149,169.811349,-0.437714,-0.120105,-0.112777
150591029144380,169.821350,-0.173061,-0.098701,-0.137493
150591039145534,169.831352,0.014923,-0.038877,-0.114924
150591049146836,169.841353,0.188075,-0.072725,-0.026786
150591059147761,169.851354,0.379313,-0.176393,0.039599
150591069149228,169.861355,0.294788,-0.227748,0.091382
150591079150226,169.871356,0.139811,-0.177948,0.122031
150591089151472,169.881357,0.12097,-0.271008,0.221635
150591099152611,169.891359,0.192124,-0.322438,0.322413
150591109153846,169.901360,0.385941,-0.351239,0.235286
150591119154783,169.911361,0.71386,-0.397167,0.056911
150591129156102,169.921362,0.974769,-0.595499,0.133204
150591139157254,169.931363,0.954882,-0.642852,0.337133
150591149158471,169.941364,0.765897,-0.568511,0.409483
150591159159471,169.951365,0.398328,-0.584854,0.405657
150591169160716,169.961367,0.244721,-0.652492,0.412903
150591179161966,169.971368,0.11977,-0.701633,0.228108
150591189163210,169.981369,-0.009927,-0.569791,0.107502
150591199164364,169.991370,0.055841,-0.466804,0.006142
150591209165605,170.001372,0.214509,-0.225571,-0.214048
150591219166605,170.011373,0.25109,-0.242393,-0.212232
150591229167836,170.021374,0.057091,-0.33017,-0.15556
150591239169005,170.031375,-0.162864,-0.408556,-0.168775
150591249170235,170.041376,-0.391898,-0.415658,-0.148963
150591259171235,170.051377,-0.525475,-0.39903,-0.117295
150591269172692,170.061379,-0.456047,-0.460246,-0.17861
150591279173615,170.071380,-0.456696,-0.546367,-0.232041
150591289174908,170.081381,-0.471058,-0.568903,-0.262241
150591299175833,170.091382,-0.488042,-0.567046,-0.281026
150591309177279,170.101383,-0.337708,-0.503787,-0.262784
150591319178283,170.111384,-0.18559,-0.459471,-0.30303
150591329179528,170.121386,-0.126496,-0.527038,-0.205056
150591339180682,170.131387,-0.150249,-0.587774,-0.064313
150591349181971,170.141388,-0.186186,-0.493472,-0.091553
150591359182896,170.151389,-0.05363,-0.40647,-0.213463
150591369184110,170.161390,0.096019,-0.462672,-0.212797
150591379185259,170.171391,0.183825,-0.586544,-0.108698
150591389186509,170.181393,0.394072,-0.547348,-0.026532
150591399187509,170.191394,0.616696,-0.47762,-0.006862
150591409188725,170.201395,0.736729,-0.408376,-0.018545
150591419189881,170.211396,0.754484,-0.434876,-0.032766
150591429191172,170.221397,0.637901,-0.575215,-0.001522
150591439192326,170.231398,0.533432,-0.827899,0.067508
150591449193572,170.241400,0.586625,-0.927265,0.185016
150591459194572,170.251401,0.764566,-0.711937,0.23789
150591469195831,170.261402,0.943483,-0.530246,0.299408
150591479196985,170.271403,0.924714,-0.536069,0.37884
150591489198206,170.281404,1.301828,-0.522725,0.27684
150591499199191,170.291405,0.591888,-0.456509,0.249416
150591509200403,170.301406,0.747727,-0.418962,0.150424
150591519201564,170.311408,0.36642,-0.21045,0.045388
150591529202779,170.321409,0.171861,-0.378093,0.074727
150591539203798,170.331410,-0.12535,-0.331786,-0.050719
150591549205242,170.341411,-0.076914,-0.004493,0.050421
150591559206240,170.351412,-0.127285,-0.075286,0.201745
150591569207465,170.361413,-0.110951,-0.291189,0.171392
150591579208619,170.371415,-0.196801,-0.25281,-0.029984
150591589209851,170.381416,-0.018725,-0.150875,-0.267912
150591599210881,170.391417,0.280649,-0.177884,-0.429472
150591609212109,170.401418,0.369223,-0.082909,-0.468955
150591619213265,170.411419,0.310097,0.022052,-0.331974
150591629214480,170.421420,0.376379,0.008342,-0.217655
150591639215480,170.431421,0.35733,-0.078744,-0.094105
150591649216706,170.441423,0.249695,-0.083845,-0.233745
150591659217862,170.451424,0.166328,0.058588,-0.370116
150591669219172,170.461425,-0.132801,0.067408,-0.372161
150591679220102,170.471426,-0.35698,-0.064271,-0.296162
150591689221563,170.481428,-0.439967,-0.129911,-0.271141
150591699222552,170.491429,-0.311593,-0.171361,-0.247611
150591709223778,170.501430,-0.047359,-0.121398,-0.227108
150591719224946,170.511431,0.273448,-0.112729,-0.191422
150591729226149,170.521432,0.375269,-0.151628,-0.048357
150591739227156,170.531433,0.44877,-0.138989,0.134644
150591749228389,170.541434,0.466579,-0.129644,0.245364
150591759229538,170.551436,0.480562,-0.101502,0.282399
150591769230832,170.561437,0.565284,-0.107904,0.239166
150591779231757,170.571438,0.543388,-0.196056,0.206938
150591789233222,170.581439,0.39707,-0.195742,0.101366
150591799234217,170.591440,0.196176,-0.098303,-0.009754
150591809235448,170.601441,0.0226,0.067471,-0.108508
150591819236601,170.611443,-0.177547,0.20121,-0.167896
150591829237909,170.621444,-0.283446,0.291094,-0.264384
150591839238829,170.631445,-0.401317,0.203568,-0.302829
150591849240058,170.641446,-0.474086,-0.038193,-0.201997
150591859241207,170.651447,-0.407298,-0.190537,-0.173532
150591869242443,170.661448,-0.201874,-0.112273,-0.240586
150591879243443,170.671449,-0.13615,-0.0137,-0.335653
150591889244668,170.681451,-0.19508,-0.094279,-0.341124
150591899245899,170.691452,-0.44418,-0.242847,-0.303119
150591909247130,170.701453,-0.553008,-0.362345,-0.370625
150591919248060,170.711454,-0.461867,-0.291654,-0.454419
150591929249522,170.721456,-0.334458,-0.392117,-0.352979
150591939250524,170.731457,-0.432009,-0.097661,-0.100106
150591949251680,170.741458,-0.571708,-0.164171,0.354518
150591959252894,170.751459,-0.723895,-0.300819,0.207259
150591969254192,170.761460,-0.93471,-0.286881,-0.046021
150591979255117,170.771461,-1.043219,-0.202806,-0.244947
150591989256577,170.781463,-1.101233,-0.282225,-0.339991
150591999257495,170.791463,-1.069629,-0.398007,-0.565653
150592009258799,170.801465,-1.119823,-0.351904,-0.708195
150592019259722,170.811466,-0.769422,-0.328203,-0.840552
150592029261187,170.821467,-0.096859,-0.277698,-0.899858
150592039262192,170.831468,0.888779,-0.049808,-1.003987
150592049263423,170.841469,1.709371,0.079185,-0.961372
150592059264587,170.851471,2.065243,0.262413,-0.853974
150592069265832,170.861472,1.673308,0.239612,-0.35361
150592079266834,170.871473,0.999092,-0.040876,0.119472
150592089268063,170.881474,0.684669,-0.338326,0.160415
150592099269209,170.891475,0.611807,-0.335102,-0.029128
150592109270433,170.901476,0.507874,-0.24255,-0.184083
150592119271669,170.911478,0.200577,-0.020018,-0.163398
150592129272683,170.921479,0.214655,0.301305,-0.026345
150592139273844,170.931480,0.252356,0.391816,0.287068
150592149275155,170.941481,0.286643,0.200411,0.560557
150592159276070,170.951482,-0.093693,0.104936,0.722537
150592169277539,170.961484,-0.297966,0.276123,0.59657
150592179278538,170.971485,-0.444206,0.358394,0.524755
150592189279769,170.981486,-0.495931,0.436333,0.554622
150592199281014,170.991487,-0.246869,0.44865,0.587043
150592209282245,171.001488,0.041,0.157588,0.556921
150592219283168,171.011489,0.148856,-0.075332,0.358918
150592229284395,171.021490,0.101507,-0.378171,0.412034
150592239285625,171.031492,0.108652,-0.057909,0.514606
150592249286779,171.041493,-0.067895,0.542903,0.554463
150592259288010,171.051494,-0.348182,0.162317,0.726141
150592269289241,171.061495,-0.895115,0.242597,0.936115
150592279290245,171.071496,-0.791843,0.467844,1.123884
150592289291395,171.081497,-0.859852,0.414856,1.130988
150592299292626,171.091499,-0.848008,0.371864,0.713154
150592309293856,171.101500,-0.66214,0.195671,0.111177
150592319294858,171.111501,-0.346292,0.02275,-0.451278
150592329296100,171.121502,0.049279,-0.118174,-1.252105
150592339297271,171.131503,0.311016,-0.924961,-0.713424
150592349298504,171.141505,0.532395,-0.725668,-0.652757
150592359299504,171.151506,0.642336,-0.003872,-0.66631
150592369300965,171.161507,0.755589,0.143056,-0.388059
150592379301965,171.171508,0.860062,0.05667,-0.251897
150592389303196,171.181509,0.921582,0.117436,-0.221514
150592399304350,171.191510,0.759773,-0.074729,0.213716
150592409305581,171.201512,0.322549,-0.229292,0.383751
150592419306583,171.211513,0.20144,0.01306,0.089881
150592429307737,171.221514,0.139741,0.157757,-0.052016
150592439308968,171.231515,-0.152925,0.292776,-0.100331
150592449310201,171.241516,-0.489524,0.344438,-0.130662
150592459311188,171.251517,-0.68729,0.269739,-0.239669
150592469312648,171.261519,-0.811617,0.157327,-0.321246
150592479313571,171.271520,-0.758979,0.118963,-0.302763
150592489314802,171.281521,-0.485989,0.081544,-0.282805
150592499316019,171.291522,-0.137727,-0.005432,-0.283534
150592509317240,171.301523,0.105476,0.07691,-0.30025
150592519318254,171.311524,0.278561,0.396456,-0.467269
150592529319471,171.321525,0.252201,0.462964,-0.561497
150592539320625,171.331527,0.132847,0.276033,-0.507622
150592549321856,171.341528,0.166413,0.244444,-0.556239
150592559323087,171.351529,0.29252,0.223858,-0.642861
150592569324087,171.361530,0.236581,0.164717,-0.663446
150592579325323,171.371531,0.056095,0.35339,-0.728027
150592589326489,171.381532,-0.074433,0.532413,-0.720513
150592599327726,171.391534,-0.147835,0.601408,-0.742887
150592609328957,171.401535,-0.085791,0.537491,-0.693402
150592619329967,171.411536,0.10952,0.376916,-0.466774
150592629331135,171.421537,0.40784,0.299236,-0.336584
150592639332366,171.431538,0.57002,0.414714,-0.364835
150592649333581,171.441540,0.477722,0.646925,-0.420194
150592659334579,171.451541,0.298694,0.671015,-0.266878
150592669335822,171.461542,0.078986,0.612864,-0.172562
150592679337048,171.471543,-0.007459,0.540421,-0.113457
150592689338188,171.481544,-0.063278,0.352998,-0.106619
150592699339419,171.491545,-0.186152,0.609833,-0.249446
150592709340419,171.501546,-0.422619,0.78853,-0.432955
150592719341664,171.511548,-0.534808,0.783195,-0.572327
150592729342817,171.521549,-0.551476,0.717281,-0.778189
150592739344038,171.531550,-0.432218,0.761361,-1.025195
150592749345240,171.541551,-0.201663,0.807354,-1.063535
150592759346236,171.551552,-0.058568,0.669257,-0.875731
150592769347467,171.561553,-0.001064,0.684863,-0.754768
150592779348683,171.571555,0.038766,0.960386,-0.77539
150592789349831,171.581556,-0.04796,1.047196,-0.754948
150592799351062,171.591557,-0.094854,0.953625,-0.659326
150592809352077,171.601558,-0.14396,0.724292,-0.620112
150592819353308,171.611559,-0.348081,0.471319,-0.64359
150592829354544,171.621561,-0.488973,0.464117,-0.785996
150592839355700,171.631562,-0.452459,0.696448,-0.988944
150592849356929,171.641563,-0.414503,0.908945,-1.084667
150592859357929,171.651564,-0.295426,0.889949,-1.07392
150592869359159,171.661565,-0.073495,0.766121,-1.01226
150592879360312,171.671566,-0.098443,0.612238,-0.883233
150592889361515,171.681568,-0.20521,0.396645,-0.807187
150592899362746,171.691569,-0.328596,0.501424,-1.000527
150592909363752,171.701570,-0.48911,0.755983,-1.209677
150592919364996,171.711571,-0.736929,0.957185,-1.308239
150592929366226,171.721572,-0.82781,0.9112,-1.269316
150592939367382,171.731573,-0.722559,0.849643,-1.124131
150592949368596,171.741575,-0.498843,0.843429,-1.083236
150592959369603,171.751576,-0.368289,0.706806,-0.93303
150592969370832,171.761577,-0.292421,0.546755,-0.890359
150592979372063,171.771578,-0.190616,0.54303,-0.986772
150592989373219,171.781579,-0.167517,0.515254,-1.004683
150592999374433,171.791580,-0.301311,0.337779,-0.746215
150593009375435,171.801581,-1.208503,-0.613441,-0.150994
150593019376659,171.811583,-0.564821,0.059449,0.133634
150593029377890,171.821584,-0.758198,0.379896,0.003749
150593039379046,171.831585,-0.762516,-0.072936,-0.128036
150593049380265,171.841586,-0.703235,-0.554123,-0.495817
150593059381514,171.851588,-0.647357,-0.900672,-0.427351
150593069382514,171.861589,-2.23E-4,0.00689,-0.800574
150593079383760,171.871590,0.75177,-0.676252,0.512502
150593089384915,171.881591,0.210593,-2.912377,2.791266
150593099386139,171.891592,0.705676,-0.229588,0.993802
150593109387139,171.901593,1.423706,0.129654,0.652786
150593119388384,171.911594,1.862757,-0.231753,0.06033
150593129389601,171.921596,1.665132,-0.407788,-0.440916
150593139390831,171.931597,1.323885,-0.079533,-0.45909
150593149391985,171.941598,0.850903,0.272992,-0.355462
150593159392986,171.951599,0.234351,0.275065,-0.39846
150593169394215,171.961600,-0.399277,0.214573,-0.621567
150593179395475,171.971601,-0.810497,0.146081,-0.943267
150593189396636,171.981603,-0.899977,-0.104705,-1.246697
150593199397864,171.991604,-0.99312,-0.229994,-1.379567
150593209398852,172.001605,-0.45958,0.106873,-1.627504
150593219400095,172.011606,-0.568244,0.545497,-1.782881
150593229401321,172.021607,-0.546734,1.305399,-2.488326
150593239402552,172.031609,-0.190995,2.342174,-4.025904
150593249403698,172.041610,-0.558086,1.843042,-2.932935
150593259404913,172.051611,-0.849102,1.45657,-2.315564
150593269406149,172.061612,-1.143415,0.517465,-1.551429
150593279407149,172.071613,-0.962177,-0.094614,-1.053834
150593289408385,172.081614,0.271279,-0.207682,-0.698915
150593299409543,172.091616,0.240313,-0.042782,-0.316103
150593309410774,172.101617,0.537013,-0.012085,-0.110565
150593319412019,172.111618,1.737537,-0.692217,0.338322
150593329413244,172.121619,1.452719,-0.989533,0.560447
150593339414216,172.131620,0.585694,0.123952,0.992547
150593349415358,172.141621,-0.352144,0.720052,0.234021
150593359416582,172.151623,0.512083,0.376475,-0.146509
150593369417827,172.161624,1.129423,0.014575,-0.633493
150593379419054,172.171625,0.71311,-0.012219,-0.633383
150593389420056,172.181626,0.207989,0.153946,-0.474043
150593399421284,172.191627,-0.077082,0.22517,-0.289178
150593409422515,172.201629,-0.284956,0.017759,-0.211755
150593419423651,172.211630,-0.135603,-0.029005,-0.324675
150593429424880,172.221631,-0.001603,0.03279,-0.407173
150593439426111,172.231632,0.096992,0.055703,-0.451059
150593449427097,172.241633,0.175259,0.046265,-0.396694
150593459428309,172.251634,0.144928,-0.091076,-0.354843
150593469429548,172.261636,0.080326,-0.30805,-0.342004
150593479430704,172.271637,0.031109,-0.53521,-0.254752
150593489431904,172.281638,0.175839,-0.702247,-0.080032
150593499432911,172.291639,0.455903,-0.7966,0.002122
150593509434159,172.301640,0.789508,-0.791258,-0.051343
150593519435390,172.311641,1.149046,-0.775947,-0.002563
150593529436625,172.321643,1.251314,-0.854769,0.22196
150593539437765,172.331644,1.132021,-0.943569,0.474355
150593549439005,172.341645,1.063698,-1.041858,0.698241
150593559440236,172.351646,1.214863,-1.097566,0.808741
150593569441243,172.361647,1.67639,-1.078977,0.864579
150593579442467,172.371648,1.782344,-1.121171,1.078525
150593589443642,172.381650,1.498752,-1.233012,1.332588
150593599444870,172.391651,1.212904,-1.318892,1.551306
150593609446096,172.401652,1.133426,-1.33677,1.628205
150593619447117,172.411653,1.307618,-1.274551,1.676925
150593629448348,172.421654,1.380672,-1.400368,1.732058
150593639449569,172.431656,1.352514,-1.690818,2.08945
150593649450798,172.441657,1.315891,-1.732226,2.358843
150593659451951,172.451658,1.252602,-1.590898,2.630375
150593669453192,172.461659,1.273819,-1.527165,2.769281
150593679454413,172.471660,1.403697,-1.65224,2.680486
150593689455427,172.481661,1.384047,-1.707908,2.535319
150593699456658,172.491663,1.332021,-1.674964,2.327366
150593709457889,172.501664,1.372004,-1.543433,2.157321
150593719459062,172.511665,1.235651,-1.477739,1.924388
150593729460268,172.521666,1.217762,-1.16746,1.326565
150593739461514,172.531668,1.478237,-0.841086,0.825221
150593749462745,172.541669,1.344085,-0.966022,0.682543
150593759463742,172.551670,1.082048,-1.311125,0.789039
150593769464985,172.561671,0.918972,-1.484042,0.921548
150593779466132,172.571672,0.764476,-1.478753,0.926527
150593789467357,172.581673,0.961336,-1.437111,0.58202
150593799468600,172.591675,1.2729,-1.479217,0.308545
150593809469846,172.601676,1.229272,-1.642212,0.179619
150593819470831,172.611677,0.90609,-1.660049,0.092364
150593829472062,172.621678,0.637736,-1.558446,0.033589
150593839473284,172.631679,0.611263,-1.250897,0.160556
150593849474448,172.641680,0.321164,-1.047514,0.335892
150593859475677,172.651682,-0.023954,-0.95856,0.411019
150593869476903,172.661683,0.089883,-1.008528,0.44778
150593879477903,172.671684,0.328139,-1.015759,0.418119
150593889479348,172.681685,0.29724,-0.94007,0.655096
150593899480361,172.691686,0.174689,-0.7969,0.575155
150593909481576,172.701688,0.393336,-0.849312,0.327107
150593919482812,172.711689,-0.424492,-1.264708,0.286835
150593929483968,172.721690,-0.717942,-0.879976,0.046372
150593939485197,172.731691,0.835914,-0.841103,-0.087144
150593949486208,172.741692,0.87306,-0.667048,0.374959
150593959487437,172.751693,1.724073,-0.65105,0.526152
150593969488682,172.761695,2.054359,-0.594457,0.7032
150593979489908,172.771696,1.832828,-0.622929,0.781478
150593989491078,172.781697,1.219118,-0.695768,0.675502
150593999492321,172.791698,-0.044996,-1.170838,0.588248
