time,seconds_elapsed,z,y,x
150421328016514,0.120223,7.793193,5.744081,1.520421
150421338017745,0.130224,7.886934,5.624645,1.483119
150421348018951,0.140225,7.970461,5.533802,1.374334
150421358020163,0.150226,7.939355,5.620564,1.189933
150421368021369,0.160227,7.871109,5.739956,1.067056
150421378022510,0.170229,7.80482,5.850392,0.947493
150421388023744,0.180230,7.742491,5.949398,0.835723
150421398024970,0.190231,7.683114,6.037991,0.743293
150421408026206,0.200232,7.626218,6.117197,0.678737
150421418027450,0.210233,7.578306,6.18236,0.622679
150421428028696,0.220235,7.600465,6.162347,0.546307
150421438029922,0.230236,7.596602,6.157773,0.642995
150421448030924,0.240237,7.553062,6.207368,0.678097
150421458032153,0.250238,7.531827,6.240353,0.607905
150421468033389,0.260239,7.506399,6.276545,0.546775
150421478034619,0.270241,7.487692,6.303534,0.489751
150421488035850,0.280242,7.479202,6.317219,0.440764
150421498037077,0.290243,7.483187,6.315108,0.401665
150421508038288,0.300244,7.505722,6.289429,0.383696
150421518039519,0.310246,7.526528,6.265499,0.367251
150421528040674,0.320247,7.541863,6.248567,0.340156
150421538041985,0.330248,7.564202,6.223652,0.298393
150421548043218,0.340249,7.565774,6.2242,0.241741
150421558044358,0.350250,7.565587,6.22631,0.187073
150421568045572,0.360252,7.563997,6.229505,0.138487
150421578046773,0.370253,7.562456,6.23204,0.104121
150421588048009,0.380254,7.562449,6.232317,0.086699
150421598049226,0.390255,7.576874,6.214854,0.080997
150421608050462,0.400256,7.585591,6.204193,0.08259
150421618051693,0.410258,7.595243,6.191986,0.107752
150421628052924,0.420259,7.607689,6.175615,0.157594
150421638054144,0.430260,7.619054,6.158691,0.246064
150421648055375,0.440261,7.627701,6.145015,0.311433
150421658056376,0.450262,7.624841,6.143061,0.405758
150421668057619,0.460264,7.60997,6.154023,0.506226
150421678058836,0.470265,7.604854,6.15122,0.607219
150421688060085,0.480266,7.606415,6.139262,0.701371
150421698061316,0.490267,7.614368,6.119442,0.783503
150421708062547,0.500269,7.631448,6.09105,0.83671
150421718063778,0.510270,7.648181,6.063873,0.880219
150421728064934,0.520271,7.680023,6.019553,0.906748
150421738066253,0.530272,7.718467,5.969927,0.908411
150421748067424,0.540273,7.754188,5.924624,0.900764
150421758068653,0.550275,7.781773,5.88914,0.895547
150421768069879,0.560276,7.798528,5.86586,0.902604
150421778071124,0.570277,7.802916,5.857187,0.920795
150421788072364,0.580278,7.789567,5.86826,0.962391
150421798073595,0.590280,7.776547,5.879147,1.000465
150421808074831,0.600281,7.73339,5.925854,1.057803
150421818076066,0.610282,7.69153,5.969953,1.113584
150421828077297,0.620283,7.655452,6.007957,1.156926
150421838078528,0.630285,7.639435,6.016816,1.215293
150421848079505,0.640286,7.631542,6.019826,1.249499
150421858080749,0.650287,7.615976,6.038782,1.253006
150421868081965,0.660288,7.605046,6.054835,1.24186
150421878083211,0.670289,7.600635,6.064823,1.219949
150421888084431,0.680290,7.600198,6.069571,1.198851
150421898085662,0.690292,7.605634,6.066427,1.180153
150421908086893,0.700293,7.621495,6.049813,1.163011
150421918088124,0.710294,7.652945,6.013664,1.143801
150421928089326,0.720295,7.697864,5.961496,1.115096
150421938090548,0.730297,7.741452,5.913586,1.067434
150421948091774,0.740298,7.772394,5.882135,1.015068
150421958092991,0.750299,7.794128,5.859378,0.979424
150421968094222,0.760300,7.802788,5.851641,0.956466
150421978095372,0.770301,7.796326,5.859784,0.959279
150421988096600,0.780303,7.773721,5.885294,0.986193
150421998097826,0.790304,7.747029,5.913636,1.025888
150422008099072,0.800305,7.725765,5.933637,1.06982
150422018100303,0.810306,7.711391,5.944326,1.113295
150422028101543,0.820308,7.703246,5.947244,1.153342
150422038102779,0.830309,7.70098,5.941984,1.194862
150422048104010,0.840310,7.710626,5.920229,1.239822
150422058105241,0.850311,7.724581,5.895602,1.269918
150422068106458,0.860312,7.750293,5.861152,1.272728
150422078107684,0.870314,7.783261,5.821257,1.254514
150422088108920,0.880315,7.827602,5.769325,1.218008
150422098109934,0.890316,7.885635,5.699993,1.169119
150422108111394,0.900317,7.947216,5.624723,1.115464
150422118112642,0.910319,8.008952,5.550351,1.044141
150422128113882,0.920320,8.079102,5.467718,0.933894
150422138114882,0.930321,8.152385,5.37951,0.799684
150422148116110,0.940322,8.219867,5.297203,0.643006
150422158117336,0.950323,8.274706,5.227888,0.488279
150422168118567,0.960325,8.312544,5.178196,0.357599
150422178119798,0.970326,8.332498,5.152635,0.244556
150422188121009,0.980327,8.326852,5.164811,0.168316
150422198122239,0.990328,8.319471,5.177657,0.135017
150422208123470,1.000329,8.309129,5.194369,0.130244
150422218124687,1.010331,8.292926,5.219514,0.155125
150422228125913,1.020332,8.286348,5.229067,0.182391
150422238127149,1.030333,8.28805,5.225834,0.197111
150422248128380,1.040334,8.296658,5.212449,0.189315
150422258129625,1.050336,8.309086,5.193542,0.162017
150422268130846,1.060337,8.321045,5.175366,0.125575
150422278132063,1.070338,8.330834,5.1603,0.09218
150422288133289,1.080339,8.338392,5.148431,0.069747
150422298134525,1.090341,8.345069,5.137619,0.068609
150422308135756,1.100342,8.351115,5.127484,0.088241
150422318136987,1.110343,8.35467,5.121166,0.114605
150422328138218,1.120344,8.3539,5.121976,0.133283
150422338139448,1.130345,8.347653,5.131997,0.138947
150422348140678,1.140347,8.335891,5.151249,0.132342
150422358141903,1.150348,8.320287,5.176747,0.118957
150422368143129,1.160349,8.303747,5.203504,0.106627
150422378144360,1.170350,8.284623,5.234195,0.090653
150422388145501,1.180352,8.262602,5.269123,0.075556
150422398146816,1.190353,8.238895,5.306279,0.063162
150422408148035,1.200354,8.216941,5.340308,0.055285
150422418149266,1.210355,8.198493,5.368629,0.050534
150422428150477,1.220356,8.184993,5.389191,0.049769
150422438151703,1.230358,8.178244,5.399385,0.054437
150422448152853,1.240359,8.180926,5.395264,0.059628
150422458154172,1.250360,8.199064,5.367374,0.081369
150422468155328,1.260361,8.220126,5.33454,0.110414
150422478156630,1.270363,8.241682,5.300588,0.1357
150422488157862,1.280364,8.262204,5.268064,0.153164
150422498159088,1.290365,8.280921,5.238216,0.165809
150422508160319,1.300366,8.2952,5.21526,0.175352
150422518161536,1.310368,8.30391,5.200859,0.190176
150422528162753,1.320369,8.309255,5.191097,0.22076
150422538163987,1.330370,8.311412,5.185861,0.259341
150422548165217,1.340371,8.303314,5.195704,0.315605
150422558166467,1.350372,8.29908,5.199491,0.361333
150422568167627,1.360374,8.295515,5.203016,0.391211
150422578168856,1.370375,8.29411,5.204239,0.40451
150422588170091,1.380376,8.295258,5.202624,0.401699
150422598171413,1.390377,8.299559,5.195944,0.399336
150422608172665,1.400379,8.30353,5.189466,0.401042
150422618173805,1.410380,8.306117,5.184663,0.409415
150422628175129,1.420381,8.307239,5.181627,0.424903
150422638176352,1.430382,8.307942,5.17897,0.443112
150422648177583,1.440384,8.309777,5.174355,0.462253
150422658178829,1.450385,8.309516,5.173355,0.477862
150422668180069,1.460386,8.305938,5.178115,0.488372
150422678181285,1.470387,8.29818,5.190249,0.491459
150422688182516,1.480389,8.288611,5.205564,0.490927
150422698183761,1.490390,8.278386,5.222079,0.488065
150422708185020,1.500391,8.269402,5.237069,0.479654
150422718186237,1.510392,8.256716,5.259065,0.457043
150422728187467,1.520393,8.247651,5.27314,0.458549
150422738188669,1.530395,8.243013,5.27978,0.465466
150422748189893,1.540396,8.243841,5.27796,0.471364
150422758191134,1.550397,8.249792,5.268549,0.472565
150422768192350,1.560398,8.259741,5.253395,0.467455
150422778193581,1.570400,8.271717,5.235282,0.458815
150422788194802,1.580401,8.284359,5.215942,0.45098
150422798196053,1.590402,8.296355,5.197243,0.446257
150422808197284,1.600403,8.308353,5.178003,0.446701
150422818198715,1.610405,8.322195,5.155133,0.453514
150422828199717,1.620406,8.339494,5.12613,0.464336
150422838200927,1.630407,8.360933,5.089993,0.476219
150422848202158,1.640408,8.384173,5.051043,0.482255
150422858203633,1.650410,8.406386,5.014584,0.476081
150422868204636,1.660411,8.425175,4.984405,0.460559
150422878206109,1.670412,8.438574,4.96315,0.444524
150422888207342,1.680413,8.445809,4.951678,0.434935
150422898208318,1.690414,8.446228,4.95084,0.436347
150422908209547,1.700416,8.441272,4.958131,0.449267
150422918211008,1.710417,8.434054,4.968511,0.469743
150422928212309,1.720418,8.429296,4.974365,0.492652
150422938213237,1.730419,8.430074,4.971097,0.511893
150422948214701,1.740421,8.435771,4.960447,0.521284
150422958215919,1.750422,8.443412,4.947807,0.517658
150422968217155,1.760423,8.449662,4.938929,0.500153
150422978218461,1.770424,8.451892,4.937744,0.473562
150422988219694,1.780426,8.448083,4.946742,0.44684
150422998220934,1.790427,8.437588,4.966235,0.428513
150423008221872,1.800428,8.421243,4.99425,0.424357
150423018223413,1.810429,8.401077,5.027473,0.431777
150423028224641,1.820431,8.380922,5.059912,0.444326
150423038225872,1.830432,8.365282,5.084775,0.455052
150423048227102,1.840433,8.356986,5.098063,0.458834
150423058228318,1.850434,8.35632,5.099451,0.455511
150423068229530,1.860436,8.363962,5.087682,0.446828
150423078230756,1.870437,8.378851,5.064158,0.434896
150423088232002,1.880438,8.398515,5.032706,0.420478
150423098233232,1.890439,8.419778,4.998307,0.405305
150423108234471,1.900440,8.439365,4.966142,0.393118
150423118235701,1.910442,8.454844,4.940152,0.387958
150423128236947,1.920443,8.465961,4.920948,0.389616
150423138238182,1.930444,8.473012,4.90836,0.395054
150423148239428,1.940445,8.477195,4.900676,0.400632
150423158240659,1.950447,8.479828,4.895849,0.403995
150423168241885,1.960448,8.482589,4.890999,0.404779
150423178243120,1.970449,8.48794,4.881957,0.401663
150423188244337,1.980450,8.497724,4.865476,0.394742
150423198245797,1.990452,8.511777,4.84147,0.387087
150423208246799,2.000453,8.528541,4.812272,0.38213
150423218248038,2.010454,8.545933,4.781442,0.380654
150423228249269,2.020455,8.56233,4.752,0.380806
150423238250514,2.030457,8.576853,4.725806,0.379951
150423248251980,2.040458,8.588553,4.704909,0.37499
150423258253241,2.050459,8.596442,4.691304,0.364506
150423268254241,2.060460,8.599624,4.686511,0.350831
150423278255470,2.070461,8.598278,4.690011,0.336755
150423288256701,2.080463,8.594017,4.698451,0.327729
150423298257936,2.090464,8.589584,4.706502,0.328402
150423308259384,2.100465,8.589252,4.706215,0.341109
150423318260622,2.110467,8.596099,4.691881,0.365174
150423328261866,2.120468,8.609102,4.665975,0.389974
150423338263097,2.130469,8.626511,4.632261,0.406718
150423348264328,2.140470,8.644775,4.597919,0.408609
150423358265573,2.150472,8.660149,4.570206,0.393743
150423368266809,2.160473,8.669342,4.554876,0.368329
150423378268039,2.170474,8.670087,4.555301,0.344708
150423388269269,2.180475,8.662014,4.571471,0.333416
150423398270494,2.190476,8.64658,4.600259,0.338055
150423408271725,2.200478,8.626216,4.637263,0.352351
150423418272951,2.210479,8.604043,4.677047,0.36835
150423428274168,2.220480,8.58249,4.71567,0.378606
150423438275155,2.230481,8.562934,4.750825,0.381858
150423448276615,2.240483,8.547028,4.779596,0.379133
150423458277862,2.250484,8.536544,4.798689,0.374201
150423468279093,2.260485,8.531862,4.807331,0.370002
150423478280308,2.270486,8.53197,4.80742,0.366277
150423488281539,2.280488,8.535157,4.801967,0.363565
150423498282756,2.290489,8.540019,4.793329,0.363373
150423508283987,2.300490,8.545805,4.78285,0.365474
150423518285213,2.310491,8.552109,4.771277,0.36918
150423528286218,2.320492,8.558377,4.759792,0.372235
150423538287436,2.330493,8.563761,4.750068,0.372633
150423548288879,2.340495,8.567478,4.743474,0.371173
150423558290126,2.350496,8.569417,4.739844,0.372771
150423568291126,2.360497,8.569437,4.739303,0.379124
150423578292355,2.370498,8.566517,4.744129,0.384779
150423588293816,2.380500,8.559063,4.757706,0.382986
150423598295054,2.390501,8.545177,4.783589,0.370463
150423608296054,2.400502,8.52429,4.822303,0.349101
150423618297499,2.410503,8.49772,4.870529,0.326668
150423628298732,2.420505,8.467897,4.923222,0.310727
150423638299977,2.430506,8.438025,4.974666,0.304139
150423648300997,2.440507,8.411135,5.019949,0.304814
150423658302212,2.450508,8.390196,5.054652,0.308413
150423668303457,2.460509,8.378042,5.074672,0.310137
150423678304682,2.470511,8.374986,5.079767,0.30916
150423688305904,2.480512,8.381013,5.069887,0.307963
150423698307135,2.490513,8.395081,5.046345,0.311471
150423708308366,2.500514,8.413836,5.014393,0.321194
150423718309822,2.510516,8.433874,4.979955,0.331355
150423728310833,2.520517,8.451434,4.949858,0.334931
150423738312043,2.530518,8.463068,4.930303,0.329569
150423748313274,2.540519,8.467507,4.923294,0.320111
150423758314505,2.550521,8.465481,4.927028,0.316324
150423768315722,2.560522,8.46011,4.935818,0.322801
150423778316961,2.570523,8.453295,4.946677,0.334971
150423788318187,2.580524,8.445882,4.958658,0.34465
150423798319418,2.590525,8.439054,4.969995,0.348589
150423808320644,2.600527,8.434267,4.978112,0.348672
150423818321846,2.610528,8.43292,4.980381,0.348792
150423828323077,2.620529,8.435437,4.976029,0.350156
150423838324304,2.630530,8.441822,4.965186,0.350078
150423848325549,2.640532,8.450698,4.950131,0.349195
150423858326766,2.650533,8.460402,4.933695,0.346825
150423868327987,2.660534,8.468814,4.91974,0.339643
150423878329227,2.670535,8.473577,4.912598,0.323877
150423888330381,2.680536,8.472581,4.91579,0.300573
150423898331596,2.690538,8.464058,4.931942,0.275104
150423908332827,2.700539,8.449228,4.958395,0.254705
150423918334067,2.710540,8.429803,4.991884,0.243927
150423928335288,2.720541,8.407763,5.028994,0.242475
150423938336519,2.730543,8.386138,5.06478,0.246416
150423948337779,2.740544,8.367038,5.096103,0.249692
150423958339005,2.750545,8.351197,5.122143,0.247382
150423968340236,2.760546,8.336735,5.146211,0.235296
150423978341481,2.770547,8.319697,5.174817,0.209428
150423988342712,2.780549,8.295491,5.214901,0.172303
150423998343948,2.790550,8.261405,5.269951,0.129825
150424008345193,2.800551,8.21887,5.336817,0.092361
150424018346194,2.810552,8.174806,5.404388,0.071753
150424028347422,2.820553,8.137457,5.460437,0.074045
150424038348663,2.830555,8.114164,5.494556,0.101083
150424048349889,2.840556,8.110967,5.498218,0.147809
150424058351125,2.850557,8.131895,5.465494,0.201453
150424068352341,2.860558,8.176457,5.396595,0.249655
150424078353571,2.870560,8.240191,5.297129,0.282187
150424088354817,2.880561,8.316438,5.176088,0.291497
150424098356038,2.890562,8.396748,5.045624,0.276236
150424108357269,2.900563,8.472644,4.918803,0.24432
150424118358486,2.910564,8.536427,4.808954,0.208309
150424128359698,2.920566,8.583079,4.726241,0.182606
150424138360853,2.930567,8.612736,4.672046,0.180909
150424148362077,2.940568,8.627448,4.643706,0.207755
150424158363327,2.950569,8.629929,4.636577,0.257905
150424168364558,2.960571,8.625848,4.640151,0.321997
150424178365783,2.970572,8.623466,4.639605,0.387148
150424188367004,2.980573,8.631229,4.620271,0.441555
150424198368220,2.990574,8.653772,4.574267,0.47781
150424208369451,3.000575,8.690132,4.50296,0.494921
150424218370672,3.010577,8.734912,4.415019,0.498869
150424228371674,3.020578,8.780939,4.322742,0.499018
150424238372902,3.030579,8.822576,4.236661,0.502864
150424248374133,3.040580,8.856592,4.163879,0.512667
150424258375374,3.050581,8.88239,4.106792,0.526754
150424268376600,3.060583,8.901656,4.062541,0.544272
150424278377831,3.070584,8.916427,4.027153,0.565148
150424288379075,3.080585,8.927876,3.997893,0.591444
150424298380246,3.090586,8.936734,3.973258,0.622913
150424308381561,3.100588,8.943365,3.953174,0.654716
150424318382732,3.110589,8.948972,3.935442,0.684231
150424328383951,3.120590,8.95507,3.917326,0.707993
150424338385181,3.130591,8.96167,3.899557,0.722473
150424348386412,3.140592,8.967472,3.88536,0.726924
150424358387648,3.150594,8.971181,3.877354,0.72387
150424368388903,3.160595,8.971489,3.8778,0.717664
150424378389910,3.170596,8.967333,3.888538,0.711477
150424388391139,3.180597,8.959067,3.908106,0.708334
150424398392397,3.190598,8.947951,3.932639,0.713122
150424408393619,3.200600,8.935047,3.959314,0.727145
150424418394835,3.210601,8.921322,3.987033,0.744056
150424428396086,3.220602,8.90679,4.016931,0.757195
150424438397246,3.230603,8.89059,4.051602,0.762885
150424448398551,3.240605,8.871839,4.093066,0.759787
150424458399707,3.250606,8.849624,4.142876,0.748829
150424468400951,3.260607,8.822808,4.202654,0.731957
150424478402187,3.270608,8.790495,4.273229,0.711844
150424488403398,3.280609,8.752351,4.354006,0.69209
150424498404619,3.290611,8.709432,4.441639,0.676482
150424508405625,3.300612,8.663486,4.532016,0.666938
150424518406854,3.310613,8.615593,4.623137,0.661884
150424528408071,3.320614,8.566864,4.713377,0.658003
150424538409302,3.330615,8.518458,4.800802,0.654374
150424548410514,3.340617,8.471725,4.883489,0.649153
150424558411744,3.350618,8.428581,4.958711,0.640455
150424568412910,3.360619,8.390485,5.024632,0.626807
150424578414139,3.370620,8.357262,5.082255,0.605671
150424588415351,3.380621,8.32809,5.133191,0.577292
150424598416596,3.390623,8.303165,5.177129,0.542946
150424608417826,3.400624,8.282998,5.21339,0.502547
150424618419067,3.410625,8.266109,5.243948,0.460904
150424628420050,3.420626,8.250712,5.271456,0.421342
150424638421274,3.430627,8.236345,5.296736,0.383617
150424648422495,3.440628,8.223405,5.319327,0.346926
150424658423637,3.450630,8.212319,5.338697,0.309989
150424668424861,3.460631,8.204503,5.352545,0.276489
150424678426091,3.470632,8.202399,5.356874,0.254147
150424688427322,3.480633,8.207599,5.349346,0.244521
150424698428538,3.490635,8.223285,5.324908,0.250831
150424708429536,3.500636,8.253799,5.276359,0.273548
150424718430774,3.510637,8.305423,5.192477,0.313219
150424728432005,3.520638,8.381806,5.064961,0.362581
150424738433235,3.530639,8.478998,4.896602,0.412043
150424748434391,3.540640,8.587625,4.699752,0.452786
150424758435620,3.550642,8.697621,4.490663,0.474669
150424768436851,3.560643,8.799675,4.287192,0.475105
150424778438077,3.570644,8.884666,4.110235,0.456863
150424788439298,3.580645,8.94523,3.980137,0.425838
150424798440300,3.590646,8.977748,3.90953,0.394474
150424808441529,3.600648,8.984498,3.896694,0.366813
150424818442685,3.610649,8.968714,3.93379,0.356996
150424828443991,3.620650,8.934319,4.009987,0.371364
150424838445137,3.630651,8.887217,4.110404,0.402391
150424848446365,3.640652,8.83303,4.221531,0.443042
150424858447591,3.650654,8.778174,4.32953,0.488663
150424868448817,3.660655,8.72931,4.422062,0.533362
150424878449819,3.670656,8.691332,4.491695,0.570414
150424888451048,3.680657,8.665726,4.537667,0.595594
150424898452219,3.690658,8.651315,4.563386,0.608504
150424908453452,3.700659,8.645461,4.574154,0.6108
150424918454682,3.710661,8.645105,4.576545,0.597822
150424928455899,3.720662,8.647767,4.575283,0.568237
150424938456901,3.730663,8.649795,4.576237,0.528292
150424948458119,3.740664,8.647649,4.585031,0.485465
150424958459350,3.750665,8.638714,4.605741,0.446971
150424968460576,3.760667,8.6231,4.637292,0.421545
150424978461731,3.770668,8.602686,4.675208,0.419831
150424988462955,3.780669,8.580338,4.713757,0.445307
150424998463953,3.790670,8.558676,4.748536,0.490339
150425008465186,3.800671,8.540505,4.775447,0.542977
150425018466417,3.810672,8.527843,4.79229,0.591481
150425028467663,3.820674,8.521021,4.799772,0.628013
150425038468818,3.830675,8.51924,4.800443,0.646746
150425048470052,3.840676,8.52241,4.794786,0.646973
150425058471292,3.850677,8.527992,4.786241,0.636602
150425068472294,3.860678,8.534375,4.776852,0.621399
150425078473518,3.870680,8.540608,4.76783,0.604769
150425088474674,3.880681,8.545492,4.761135,0.588332
150425098475889,3.890682,8.548408,4.757627,0.57416
150425108477124,3.900683,8.548169,4.759026,0.566154
150425118478369,3.910684,8.544669,4.765636,0.563345
150425128479376,3.920685,8.538969,4.775937,0.562517
150425138480616,3.930687,8.53396,4.785382,0.558249
150425148481772,3.940688,8.531457,4.791069,0.547651
150425158483010,3.950689,8.531224,4.79325,0.531945
150425168484255,3.960690,8.532112,4.793682,0.513532
150425178485247,3.970691,8.532765,4.794453,0.495151
150425188486471,3.980692,8.533324,4.795116,0.478815
150425198487692,3.990694,8.534239,4.795188,0.461489
150425208488848,4.000695,8.535637,4.794411,0.443332
150425218490073,4.010696,8.536777,4.793526,0.430732
150425228491075,4.020697,8.536051,4.795382,0.424435
150425238492293,4.030698,8.534185,4.798408,0.427716
150425248493449,4.040699,8.533338,4.798738,0.440758
150425258494688,4.050701,8.536006,4.791983,0.462131
150425268495919,4.060702,8.544023,4.775255,0.486459
150425278496921,4.070703,8.556578,4.750791,0.504967
150425288498149,4.080704,8.572248,4.72159,0.513016
150425298499305,4.090705,8.589726,4.690679,0.504158
150425308500529,4.100707,8.607185,4.661392,0.477231
150425318501745,4.110708,8.622086,4.637498,0.4396
150425328502742,4.120709,8.631434,4.623734,0.399295
150425338503986,4.130710,8.632962,4.62378,0.364229
150425348505146,4.140711,8.627734,4.635663,0.335942
150425358506375,4.150712,8.616185,4.658568,0.314869
150425368507615,4.160714,8.599918,4.689454,0.300701
150425378508626,4.170715,8.580709,4.725075,0.291699
150425388509787,4.180716,8.560287,4.762297,0.286427
150425398511018,4.190717,8.540627,4.797726,0.28199
150425408512030,4.200718,8.523396,4.828695,0.274545
150425418513268,4.210719,8.509132,4.854419,0.263189
150425428514480,4.220720,8.497201,4.876042,0.248641
150425438515641,4.230722,8.485953,4.896402,0.231993
150425448516874,4.240723,8.473494,4.918745,0.214099
150425458518119,4.250724,8.458713,4.944909,0.195114
150425468519121,4.260725,8.441627,4.974765,0.175006
150425478520259,4.270726,8.423292,5.006353,0.156735
150425488521494,4.280727,8.405964,5.035786,0.143493
150425498522725,4.290729,8.391526,5.06001,0.136314
150425508523733,4.300730,8.38086,5.077719,0.133985
150425518524866,4.310731,8.373229,5.09035,0.131719
150425528526086,4.320732,8.368396,5.098465,0.124928
150425538527332,4.330733,8.365818,5.10298,0.112523
150425548528324,4.340734,8.365057,5.104516,0.098782
150425558529553,4.350736,8.366367,5.10257,0.0878
150425568530709,4.360737,8.370047,5.096615,0.082666
150425578531637,4.370738,8.376043,5.086736,0.084111
150425588532943,4.380739,8.383308,5.074612,0.091926
150425598534098,4.390740,8.388843,5.065323,0.099522
150425608535108,4.400741,8.391551,5.060811,0.100447
150425618536326,4.410742,8.391194,5.061578,0.090877
150425628537553,4.420744,8.388313,5.066668,0.071311
150425638538694,4.430745,8.383741,5.074505,0.048037
150425648539694,4.440746,8.379162,5.082206,0.02977
150425658540923,4.450747,8.376015,5.087423,0.021504
150425668542140,4.460748,8.374032,5.090683,0.022725
150425678543300,4.470749,8.371852,5.094243,0.028929
150425688544543,4.480751,8.368664,5.099426,0.036459
150425698545545,4.490752,8.363726,5.107479,0.041823
150425708546473,4.500752,8.357369,5.117892,0.039908
150425718547702,4.510754,8.350663,5.128884,0.03062
150425728548923,4.520755,8.343912,5.139918,0.018732
150425738549848,4.530756,8.337154,5.150898,0.010598
150425748551082,4.540757,8.330315,5.161943,0.012286
150425758552308,4.550758,8.323192,5.173381,0.023867
150425768553464,4.560759,8.315128,5.186245,0.038772
150425778554697,4.570761,8.305477,5.201574,0.051598
150425788555703,4.580762,8.294323,5.219257,0.060064
150425798556865,4.590763,8.281975,5.238765,0.064794
150425808558106,4.600764,8.268306,5.260297,0.066373
150425818559337,4.610765,8.252915,5.28442,0.065461
150425828560334,4.620766,8.23571,5.311232,0.062816
150425838561500,4.630768,8.217561,5.339286,0.06054
150425848562531,4.640769,8.199183,5.367451,0.061792
150425858563678,4.650770,8.180283,5.396164,0.066305
150425868564878,4.660771,8.162315,5.42323,0.072592
150425878565880,4.670772,8.147447,5.445469,0.077091
150425888567104,4.680773,8.136521,5.461774,0.078011
150425898568246,4.690774,8.130023,5.471499,0.073666
150425908569480,4.700775,8.126465,5.476921,0.062431
150425918570482,4.710776,8.122655,5.48276,0.042693
150425928571701,4.720778,8.115012,5.494205,0.017258
150425938572857,4.730779,8.101694,5.513836,-0.011574
150425948573862,4.740780,8.082231,5.54219,-0.040278
150425958574994,4.750781,8.058989,5.575758,-0.060537
150425968576210,4.760782,8.034047,5.611577,-0.065672
150425978577207,4.770783,8.010169,5.645735,-0.053339
150425988578355,4.780784,7.989087,5.675726,-0.025217
150425998579600,4.790786,7.97174,5.70011,0.010063
150426008580602,4.800787,7.959631,5.716884,0.039555
150426018581739,4.810788,7.952522,5.726677,0.051015
150426028582956,4.820789,7.949163,5.731418,0.040731
150426038583968,4.830790,7.94673,5.734912,0.015507
150426048585206,4.840791,7.943041,5.740034,-0.010915
150426058586353,4.850792,7.937948,5.74702,-0.027396
150426068587353,4.860793,7.932938,5.753923,-0.028933
150426078588519,4.870795,7.930388,5.757483,-0.018193
150426088589516,4.880796,7.932234,5.754965,-0.001812
150426098590668,4.890797,7.938185,5.746752,0.010277
150426108591899,4.900798,7.946364,5.73543,0.011206
150426118592901,4.910799,7.954323,5.724396,6.12E-4
150426128594053,4.920800,7.959871,5.716644,-0.020373
150426138595313,4.930801,7.96222,5.713238,-0.044034
150426148596328,4.940802,7.962481,5.712733,-0.059835
150426158597484,4.950803,7.961985,5.713397,-0.062044
150426168598720,4.960805,7.961485,5.714174,-0.054667
150426178599722,4.970806,7.961673,5.713999,-0.044357
150426188600951,4.980807,7.962169,5.713361,-0.03681
150426198602116,4.990808,7.961853,5.713811,-0.035925
150426208603121,5.000809,7.958702,5.718154,-0.042198
150426218604264,5.010810,7.95076,5.729078,-0.055268
150426228605285,5.020811,7.938965,5.745269,-0.068646
150426238606437,5.030812,7.926509,5.76234,-0.076516
150426248607668,5.040814,7.917849,5.774278,-0.073573
150426258608670,5.050815,7.915896,5.777144,-0.056868
150426268609830,5.060816,7.922294,5.768563,-0.030836
150426278610852,5.070817,7.936851,5.748596,-0.004586
150426288612004,5.080818,7.956944,5.720743,0.011876
150426298613235,5.090819,7.977733,5.691714,0.013008
150426308614208,5.100820,7.994603,5.668005,7.48E-4
150426318615374,5.110821,8.004337,5.654223,-0.017972
150426328616390,5.120822,8.005749,5.652164,-0.031281
150426338617538,5.130824,8.000155,5.660095,-0.028802
150426348618540,5.140825,7.990928,5.673183,-0.010311
150426358619773,5.150826,7.981264,5.68676,0.015024
150426393623698,5.185830,7.980722,5.687476,-0.026347
150426403624698,5.195831,7.979916,5.688506,-0.041956
150426413625847,5.205832,7.979146,5.689483,-0.055124
150426423626862,5.215833,7.981348,5.686329,-0.061073
150426433628011,5.225834,7.987163,5.678245,-0.052184
150426443629011,5.235835,7.996716,5.664911,-0.036055
150426453630223,5.245836,8.00909,5.647489,-0.019156
150426463631366,5.255837,8.021239,5.630242,-0.00845
150426473632366,5.265838,8.029339,5.618684,-0.007977
150426483633520,5.275840,8.030501,5.616997,-0.020245
150426493634491,5.285840,8.021973,5.629045,-0.041886
150426503635631,5.295842,8.003687,5.654794,-0.065659
150426513636867,5.305843,7.978149,5.690547,-0.08261
150426523637867,5.315844,7.951768,5.727178,-0.093787
150426533639021,5.325845,7.926903,5.761613,-0.089599
150426543640035,5.335846,7.905399,5.791253,-0.077755
150426553641160,5.345847,7.888005,5.815082,-0.065094
150426563642160,5.355848,7.876023,5.831378,-0.057193
150426573643314,5.365849,7.868528,5.841486,-0.057085
150426583644300,5.375850,7.863398,5.848297,-0.066135
150426593645453,5.385851,7.858668,5.85447,-0.080644
150426603646688,5.395853,7.853297,5.861494,-0.09284
150426613647688,5.405854,7.847963,5.868509,-0.100291
150426623648861,5.415855,7.845281,5.872067,-0.101992
150426633649871,5.425856,7.845355,5.872065,-0.095857
150426643651025,5.435857,7.848634,5.867779,-0.090256
150426653652025,5.445858,7.854059,5.860549,-0.087882
150426663653184,5.455859,7.858626,5.85436,-0.092008
150426673654198,5.465860,7.859023,5.853589,-0.105796
150426683655338,5.475861,7.853028,5.86124,-0.125739
150426693656343,5.485862,7.84059,5.877405,-0.14572
150426703657557,5.495864,7.824584,5.898332,-0.15991
150426713658491,5.505864,7.809179,5.918416,-0.170444
150426723659655,5.515866,7.796558,5.935048,-0.170062
150426733660655,5.525867,7.787454,5.947128,-0.164953
150426743661832,5.535868,7.780593,5.95621,-0.161113
150426753663074,5.545869,7.774899,5.963619,-0.161906
150426763663987,5.555870,7.770467,5.969192,-0.169028
150426773664988,5.565871,7.767693,5.972509,-0.178976
150426783666146,5.575872,7.767901,5.971953,-0.188488
150426793667146,5.585873,7.7723,5.966039,-0.194225
150426803668362,5.595874,7.78159,5.953959,-0.193033
150426813669290,5.605875,7.793168,5.938971,-0.187447
150426823670536,5.615877,7.80375,5.925197,-0.183107
150426833671468,5.625877,7.809248,5.917908,-0.184608
150426843672608,5.635879,7.80699,5.920516,-0.195903
150426853673622,5.645880,7.796315,5.933921,-0.214461
150426863674760,5.655881,7.779482,5.955376,-0.230461
150426873675771,5.665882,7.761316,5.978829,-0.235727
150426883676906,5.675883,7.747049,5.997669,-0.22618
150426893678127,5.685884,7.740599,6.006797,-0.203854
150426903679050,5.695885,7.743043,6.004415,-0.179726
150426913680025,5.705886,7.751839,5.993465,-0.165365
150426923681170,5.715887,7.761393,5.981017,-0.167927
150426933682165,5.725888,7.766692,5.973486,-0.189563
150426943683393,5.735889,7.764767,5.974925,-0.220578
150426953684319,5.745890,7.756156,5.985039,-0.247727
150426963685482,5.755891,7.743631,6.000673,-0.260851
150426973686467,5.765892,7.732673,6.015069,-0.254321
150426983687611,5.775894,7.725703,6.024878,-0.233112
150426993688597,5.785895,7.722704,6.02959,-0.209553
150427003689520,5.795896,7.721552,6.031458,-0.197943
150427013690780,5.805897,7.721061,6.03182,-0.205933
150427023691929,5.815898,7.719892,6.032429,-0.230404
150427033692934,5.825899,7.718879,6.032572,-0.258801
150427043694078,5.835900,7.719595,6.03073,-0.279593
150427053695078,5.845901,7.725224,6.02302,-0.290029
150427063696232,5.855902,7.735992,6.009831,-0.276376
150427073697170,5.865903,7.752834,5.989177,-0.251633
150427083698174,5.875904,7.773422,5.963418,-0.227026
150427093699336,5.885905,7.79356,5.937536,-0.214533
150427103700348,5.895906,7.808573,5.917496,-0.222316
150427113701502,5.905908,7.815341,5.907553,-0.247513
150427123702487,5.915908,7.813306,5.908922,-0.277319
150427133703627,5.925910,7.805665,5.917991,-0.298272
150427143704550,5.935911,7.7984,5.927381,-0.301854
150427153705775,5.945912,7.79606,5.931165,-0.287689
150427163706695,5.955913,7.800627,5.926047,-0.26865
150427173707680,5.965914,7.810741,5.913069,-0.260668
150427183708832,5.975915,7.822027,5.89753,-0.273868
150427193709834,5.985916,7.831296,5.883569,-0.307255
150427203710983,5.995917,7.834334,5.877211,-0.348637
150427213711907,6.005918,7.829095,5.882184,-0.381069
150427223713151,6.015919,7.816504,5.897941,-0.395622
150427233714074,6.025920,7.801463,5.918148,-0.390829
150427243715083,6.035921,7.787784,5.937186,-0.374528
150427253716233,6.045922,7.775392,5.954172,-0.362094
150427263717237,6.055923,7.759581,5.974589,-0.364926
150427273718160,6.065924,7.73756,6.001146,-0.395495
150427283719319,6.075925,7.718325,6.023122,-0.43532
150427293720333,6.085926,7.708281,6.033141,-0.472845
150427303721492,6.095927,7.702868,6.037263,-0.507278
150427313722507,6.105929,7.700782,6.037889,-0.530923
150427323723661,6.115930,7.70578,6.031338,-0.532804
150427333724603,6.125931,7.714985,6.019522,-0.533217
150427343725608,6.135932,7.727188,6.003018,-0.542509
150427353726783,6.145933,7.741762,5.981717,-0.569327
150427363727771,6.155934,7.762174,5.951193,-0.609899
150427373728929,6.165935,7.791509,5.908738,-0.647464
150427383729857,6.175936,7.823696,5.862796,-0.676288
150427393731088,6.185937,7.851721,5.823024,-0.69487
150427403732025,6.195938,7.875977,5.789802,-0.697963
150427413733015,6.205939,7.897228,5.761722,-0.69021
150427423734169,6.215940,7.913333,5.740346,-0.683829
150427433735092,6.225941,7.920416,5.730292,-0.686115
150427443736343,6.235942,7.914786,5.736471,-0.699335
150427453737264,6.245943,7.898134,5.756584,-0.721929
150427463738266,6.255944,7.874945,5.78517,-0.746371
150427473739419,6.265945,7.852788,5.812726,-0.765448
150427483740342,6.275946,7.839687,5.829766,-0.770114
150427493741342,6.285947,7.840538,5.830339,-0.756999
150427503742492,6.295948,7.853127,5.816348,-0.733815
150427513743400,6.305949,7.871068,5.794314,-0.715689
150427523744387,6.315950,7.889258,5.769791,-0.713467
150427533745524,6.325952,7.902911,5.748629,-0.733001
150427543746526,6.335953,7.907991,5.736037,-0.775591
150427553747680,6.345954,7.902478,5.735807,-0.831477
150427563748603,6.355955,7.88784,5.748971,-0.878227
150427573749603,6.365956,7.870746,5.769129,-0.89917
150427583750526,6.375957,7.85892,5.787356,-0.885372
150427593751685,6.385958,7.856646,5.796612,-0.844035
150427603752680,6.395959,7.864201,5.793645,-0.79248
150427613753826,6.405960,7.877812,5.780926,-0.749015
150427623754814,6.415961,7.892524,5.763339,-0.729363
150427633755732,6.425962,7.904476,5.745493,-0.740658
150427643756879,6.435963,7.91179,5.730354,-0.778871
150427653757876,6.445964,7.91644,5.717319,-0.825953
150427663759030,6.455965,7.922313,5.704111,-0.860266
150427673759953,6.465966,7.930966,5.690549,-0.870302
150427683760886,6.475967,7.940874,5.67854,-0.858339
150427693762136,6.485968,7.948013,5.670548,-0.844993
150427703763071,6.495969,7.951772,5.665195,-0.845501
150427713764073,6.505970,7.95384,5.659207,-0.865903
150427723765225,6.515971,7.956251,5.649933,-0.903499
150427733766150,6.525972,7.963574,5.633201,-0.942623
150427743767143,6.535973,7.977093,5.609492,-0.969311
150427753768309,6.545974,7.993938,5.582949,-0.983677
150427763769235,6.555975,8.008713,5.559656,-0.99537
150427773770257,6.565976,8.020548,5.5401,-1.009012
150427783771180,6.575977,8.030891,5.521505,-1.028493
150427793772334,6.585978,8.040921,5.502485,-1.051753
150427803773339,6.595979,8.052852,5.481614,-1.069334
150427813774498,6.605980,8.068082,5.457983,-1.075414
150427823775426,6.615981,8.08653,5.431119,-1.072828
150427833776426,6.625982,8.105584,5.403267,-1.069699
150427843777348,6.635983,8.12259,5.377379,-1.071111
150427853778502,6.645985,8.136904,5.355177,-1.073689
150427863779472,6.655985,8.150133,5.335571,-1.07099
150427873780397,6.665986,8.16693,5.313184,-1.054197
150427883781549,6.675988,8.190401,5.284374,-1.016264
150427893782488,6.685988,8.219199,5.250828,-0.955818
150427903783493,6.695989,8.247504,5.216723,-0.896921
150427913784651,6.705991,8.269356,5.188368,-0.859375
150427923785635,6.715992,8.278255,5.173637,-0.862536
150427933786560,6.725993,8.271705,5.175542,-0.912537
150427943787712,6.735994,8.251648,5.193909,-0.986729
150427953788637,6.745995,8.227366,5.219343,-1.053052
150427963789637,6.755996,8.209386,5.240113,-1.089592
150427973790555,6.765997,8.206802,5.245597,-1.082658
150427983791712,6.775998,8.221608,5.231193,-1.039122
150427993792642,6.785999,8.250255,5.196928,-0.98243
150428003793627,6.796000,8.28703,5.146285,-0.938558
150428013794781,6.806001,8.325799,5.0839,-0.935438
150428023795707,6.816002,8.361748,5.013525,-0.992812
150428033796723,6.826003,8.393093,4.937723,-1.102216
150428043797875,6.836004,8.420134,4.856326,-1.247957
150428053798800,6.846005,8.448777,4.763846,-1.401382
150428063799798,6.856006,8.485483,4.655539,-1.537042
150428073800709,6.866007,8.534156,4.527896,-1.645076
150428083801856,6.876008,8.593773,4.383924,-1.72286
150428093802781,6.886009,8.66225,4.230173,-1.763836
150428103803781,6.896010,8.735055,4.072661,-1.77545
150428113804933,6.906011,8.803613,3.92386,-1.771925
150428123805842,6.916012,8.862729,3.789336,-1.770013
150428133806857,6.926013,8.909732,3.669264,-1.786942
150428143808021,6.936014,8.946992,3.558342,-1.824691
150428153808939,6.946015,8.983871,3.445937,-1.858911
150428163809855,6.956016,9.022213,3.327635,-1.888542
150428173810867,6.966017,9.063128,3.206776,-1.901641
150428183812018,6.976018,9.104716,3.090789,-1.895047
150428193812958,6.986019,9.147032,2.983265,-1.863323
150428203813956,6.996020,9.188939,2.889004,-1.804735
150428213814881,7.006021,9.226302,2.812284,-1.733921
150428223816038,7.016022,9.255658,2.752448,-1.672368
150428233816948,7.026023,9.27602,2.707934,-1.631715
150428243817963,7.036024,9.28838,2.672797,-1.619291
150428253819102,7.046025,9.298455,2.634319,-1.624534
150428263820009,7.056026,9.313485,2.587562,-1.613528
150428273820948,7.066027,9.331216,2.54142,-1.58417
150428283822177,7.076028,9.346902,2.494112,-1.566804
150428293822877,7.086029,9.361106,2.44659,-1.556894
150428303824014,7.096030,9.372776,2.407813,-1.547106
150428313825026,7.106031,9.380205,2.387098,-1.534124
150428323825949,7.116032,9.384745,2.390164,-1.501232
150428333826872,7.126033,9.389649,2.417183,-1.42538
150428343828024,7.136034,9.392819,2.469524,-1.310115
150428353829031,7.146035,9.391339,2.538058,-1.183671
150428363829954,7.156036,9.385797,2.609348,-1.066831
150428373831088,7.166037,9.3757,2.681534,-0.972458
150428383831995,7.176038,9.362559,2.751021,-0.9024
150428393832997,7.186039,9.34925,2.81231,-0.849979
150428403834158,7.196040,9.336201,2.867205,-0.808991
150428413835081,7.206041,9.325462,2.912814,-0.768951
150428423836024,7.216042,9.317677,2.950903,-0.716275
150428433837040,7.226043,9.311296,2.986271,-0.649567
150428443837950,7.236044,9.305291,3.021227,-0.568992
150428453839103,7.246045,9.296807,3.060154,-0.494766
150428463840019,7.256046,9.283584,3.10668,-0.451224
150428473841021,7.266047,9.26417,3.166138,-0.43677
150428483841944,7.276048,9.240357,3.23791,-0.414486
150428493843084,7.286049,9.210049,3.32594,-0.391243
150428503844005,7.296050,9.175272,3.424692,-0.354755
150428513844993,7.306051,9.14034,3.521146,-0.309379
150428523845916,7.316052,9.106217,3.610694,-0.282224
150428533847070,7.326053,9.070796,3.699371,-0.274472
150428543847996,7.336054,9.033346,3.789984,-0.273325
150428553849025,7.346055,8.996216,3.877929,-0.264239
150428563849944,7.356056,8.965115,3.951371,-0.231099
150428573851098,7.366057,8.934841,4.021264,-0.194956
150428583852019,7.376058,8.900089,4.098664,-0.171315
150428593852925,7.386059,8.858562,4.188217,-0.157358
150428603853925,7.396060,8.813053,4.284373,-0.119363
150428613855079,7.406061,8.765445,4.381899,-0.076995
150428623856000,7.416062,8.720457,4.470985,-0.063078
150428633856925,7.426063,8.686582,4.536504,-0.05931
150428643857925,7.436064,8.666167,4.57561,-0.036456
150428653859079,7.446065,8.651704,4.603038,0.008212
150428663860014,7.456066,8.6388,4.626845,0.058907
150428673860939,7.466067,8.633387,4.635606,0.125665
150428683861967,7.476068,8.633571,4.632886,0.19454
150428693862890,7.486069,8.633921,4.629246,0.255882
150428703864042,7.496070,8.630614,4.63218,0.308831
150428713864967,7.506071,8.624477,4.640132,0.357153
150428723865953,7.516072,8.614481,4.656616,0.382957
150428733867112,7.526073,8.602813,4.676891,0.39788
150428743868052,7.536074,8.593172,4.69348,0.410631
150428753869039,7.546075,8.586301,4.705086,0.421485
150428763869977,7.556076,8.583898,4.707903,0.438529
150428773870895,7.566077,8.584488,4.704645,0.461399
150428783872042,7.576078,8.584052,4.703496,0.480769
150428793872967,7.586079,8.579415,4.711476,0.485395
150428803873965,7.596080,8.569298,4.730871,0.475409
150428813874891,7.606081,8.555374,4.757302,0.462191
150428823876042,7.616082,8.54051,4.784437,0.457052
150428833876953,7.626083,8.528085,4.805164,0.471301
150428843877951,7.636084,8.520144,4.815971,0.503579
150428853878848,7.646085,8.518491,4.815023,0.539272
150428863880004,7.656086,8.523836,4.803308,0.558911
150428873880944,7.666087,8.535293,4.783227,0.556272
150428883881937,7.676088,8.552276,4.755357,0.533982
150428893882862,7.686089,8.572972,4.721907,0.497763
150428903884011,7.696090,8.597445,4.681443,0.45608
150428913884916,7.706091,8.626067,4.63297,0.40807
150428923885837,7.716092,8.654821,4.582949,0.361556
150428933886839,7.726093,8.674325,4.548742,0.324069
150428943887767,7.736094,8.680768,4.538355,0.295882
150428953888680,7.746095,8.67682,4.546579,0.285419
150428963889832,7.756096,8.665608,4.567963,0.284437
150428973890834,7.766097,8.649767,4.597751,0.286656
150428983891757,7.776098,8.630781,4.633687,0.280281
150428993892680,7.786099,8.611259,4.670018,0.277658
150429003893846,7.796100,8.591332,4.706331,0.281856
150429013894834,7.806101,8.570822,4.742745,0.295511
150429023895771,7.816102,8.552162,4.774511,0.323333
150429033896689,7.826103,8.537797,4.79745,0.361251
150429043897832,7.836104,8.526338,4.81527,0.393321
150429053898762,7.846105,8.514832,4.83389,0.413667
150429063899759,7.856106,8.501069,4.857265,0.422859
150429073900698,7.866107,8.484421,4.885968,0.426544
150429083901841,7.876108,8.464766,4.919449,0.432173
150429093902766,7.886109,8.443551,4.954923,0.441788
150429103903764,7.896110,8.424644,4.985438,0.459177
150429113904694,7.906111,8.409553,5.008216,0.486992
150429123905848,7.916112,8.395174,5.027562,0.533514
150429133906799,7.926113,8.383105,5.044307,0.564359
150429143907802,7.936114,8.372043,5.060658,0.581867
150429153908727,7.946115,8.361588,5.076468,0.59441
150429163909874,7.956116,8.353872,5.088276,0.601876
150429173910554,7.966117,8.347311,5.099045,0.601828
150429183911721,7.976118,8.340287,5.110091,0.605464
150429193912727,7.986119,8.328979,5.128413,0.606188
150429203913650,7.996120,8.306801,5.165141,0.598641
150429213914814,8.006121,8.272489,5.220527,0.593271
150429223915730,8.016122,8.231121,5.284158,0.60524
150429233916732,8.026123,8.191093,5.341818,0.641024
150429243917655,8.036124,8.161916,5.381325,0.681504
150429253918785,8.046125,8.148553,5.39869,0.703752
150429263919721,8.056126,8.150779,5.395572,0.701904
150429273920722,8.066127,8.161784,5.381181,0.684198
150429283921660,8.076128,8.178213,5.359341,0.659018
150429293922809,8.086129,8.195774,5.335464,0.634122
150429303923711,8.096130,8.214132,5.308901,0.619421
150429313924631,8.106131,8.231062,5.28314,0.6149
150429323925629,8.116132,8.242454,5.265016,0.617689
150429333926559,8.126133,8.246263,5.258193,0.624936
150429343927725,8.136134,8.244807,5.259489,0.633201
150429353928650,8.146135,8.241773,5.262604,0.646633
150429363929571,8.156136,8.242057,5.259026,0.671708
150429373930583,8.166137,8.248456,5.244593,0.70511
150429383931737,8.176138,8.260236,5.222726,0.729173
150429393932645,8.186139,8.27639,5.196125,0.73597
150429403933581,8.196140,8.293103,5.170571,0.727753
150429413934597,8.206141,8.304116,5.15477,0.714134
150429423935539,8.216142,8.306151,5.152836,0.704369
150429433936693,8.226143,8.298398,5.165354,0.704058
150429443937691,8.236144,8.283505,5.186136,0.72635
150429453938602,8.246145,8.263608,5.213446,0.75678
150429463939525,8.256146,8.24438,5.241758,0.770823
150429473940683,8.266147,8.231474,5.25795,0.798039
150429483941681,8.276148,8.230483,5.253151,0.838758
150429493942606,8.286149,8.243148,5.228935,0.86532
150429503943536,8.296150,8.268494,5.185839,0.882653
150429513944675,8.306151,8.301742,5.130307,0.894975
150429523945582,8.316152,8.335479,5.077088,0.884896
150429533946522,8.326153,8.361812,5.034466,0.87994
150429543947735,8.336154,8.379921,5.00336,0.885026
150429553948659,8.346155,8.389741,4.985371,0.893491
150429563949582,8.356156,8.392688,4.976489,0.915077
150429573950575,8.366157,8.393442,4.970786,0.938829
150429583951483,8.376157,8.397675,4.960595,0.95477
150429593952623,8.386159,8.406738,4.943771,0.962217
150429603953544,8.396160,8.416764,4.925903,0.96619
150429613954551,8.406161,8.423881,4.911676,0.976541
150429623955474,8.416161,8.428821,4.899743,0.993698
150429633956396,8.426162,8.433658,4.888382,1.008546
150429643957548,8.436164,8.439546,4.877336,1.012735
150429653958560,8.446165,8.442003,4.876116,0.998034
150429663959483,8.456165,8.434745,4.893182,0.9756
150429673960631,8.466167,8.416883,4.925263,0.968451
150429683961567,8.476168,8.391947,4.963324,0.990293
150429693962568,8.486169,8.368842,4.99291,1.036021
150429703963491,8.496169,8.352055,5.011197,1.082134
150429713964645,8.506171,8.341334,5.021986,1.114358
150429723965566,8.516172,8.334128,5.032269,1.121856
150429733966506,8.526173,8.325974,5.049689,1.103987
150429743967735,8.536174,8.310358,5.080819,1.078542
150429753968660,8.546175,8.283934,5.126337,1.066344
150429763969581,8.556176,8.247198,5.183264,1.075855
150429773970588,8.566177,8.20463,5.244511,1.104162
150429783971506,8.576178,8.164041,5.300437,1.137431
150429793972660,8.586179,8.132864,5.343115,1.160875
150429803973581,8.596180,8.113591,5.369954,1.171873
150429813974583,8.606181,8.104214,5.384237,1.171201
150429823975725,8.616182,8.100692,5.390741,1.165643
150429833976648,8.626183,8.099216,5.394183,1.159934
150429843977636,8.636184,8.097995,5.396353,1.158408
150429853978559,8.646185,8.097146,5.397037,1.161134
150429863979706,8.656186,8.098784,5.393479,1.166223
150429873980631,8.666187,8.103164,5.387844,1.161849
150429883981616,8.676188,8.108972,5.381735,1.149562
150429893982756,8.686189,8.113241,5.378555,1.134214
150429903983662,8.696190,8.113322,5.381448,1.119821
150429913984587,8.706191,8.112919,5.382749,1.116515
150429923985585,8.716192,8.115618,5.379009,1.114899
150429933986526,8.726193,8.121502,5.372972,1.10111
150429943987672,8.736194,8.127736,5.368342,1.077437
150429953988674,8.746195,8.129641,5.37107,1.04905
150429963989582,8.756196,8.127414,5.378463,1.028258
150429973990511,8.766197,8.123707,5.384975,1.023431
150429983991662,8.776198,8.121941,5.386434,1.029767
150429993992679,8.786199,8.127391,5.376833,1.036901
150430003993603,8.796200,8.139555,5.359551,1.030947
150430013994771,8.806201,8.155514,5.339218,1.010141
150430023995693,8.816202,8.167572,5.325968,0.982267
150430033996699,8.826203,8.170065,5.325425,0.964287
150430043997850,8.836204,8.163983,5.334103,0.96787
150430053998776,8.846205,8.154119,5.345454,0.988197
150430063999788,8.856206,8.144489,5.356815,1.005889
150430074000713,8.866207,8.136216,5.369066,1.007542
150430084001636,8.876208,8.128493,5.382962,0.995654
150430094002790,8.886209,8.120085,5.398096,0.982212
150430104003790,8.896210,8.109772,5.413966,0.980097
150430114004718,8.906211,8.098719,5.428243,0.992413
150430124005870,8.916212,8.088296,5.440105,1.012265
150430134006809,8.926213,8.081427,5.448091,1.024133
150430144007805,8.936214,8.081586,5.44686,1.029423
150430154008958,8.946215,8.090569,5.432405,1.035214
150430164009879,8.956216,8.105302,5.409287,1.040992
150430174010853,8.966217,8.122875,5.381223,1.049439
150430184011762,8.976218,8.138775,5.355205,1.059314
150430194012901,8.986219,8.151826,5.334556,1.063131
150430204013894,8.996220,8.158266,5.326202,1.055583
150430214014814,9.006221,8.157015,5.329351,1.049327
150430224015966,9.016222,8.148637,5.342487,1.047634
150430234016982,9.026223,8.134855,5.361919,1.055441
150430244017905,9.036224,8.117305,5.386075,1.06748
150430254019059,9.046225,8.097943,5.412197,1.082319
150430264019980,9.056226,8.078947,5.438367,1.093056
150430274020896,9.066227,8.062283,5.461684,1.099836
150430284021881,9.076228,8.049511,5.47934,1.10556
150430294022804,9.086229,8.040784,5.491524,1.108557
150430304023956,9.096230,8.034456,5.499904,1.11292
150430314024958,9.106231,8.027913,5.509051,1.114867
150430324025881,9.116232,8.020091,5.522127,1.106437
150430334027035,9.126233,8.010145,5.539501,1.091559
150430344027970,9.136234,7.995208,5.564451,1.074051
150430354028992,9.146235,7.973662,5.59828,1.058263
150430364030159,9.156236,7.943609,5.641571,1.0544
150430374031088,9.166237,7.912686,5.680845,1.075845
150430384032097,9.176238,7.888026,5.709219,1.106316
150430394033016,9.186239,7.878113,5.719214,1.125103
150430404033925,9.196240,7.88322,5.713774,1.116963
150430414035169,9.206241,7.894872,5.701736,1.096014
150430424036107,9.216242,7.903916,5.692251,1.079993
150430434037261,9.226243,7.906654,5.688777,1.078261
150430444038254,9.236244,7.900789,5.693627,1.095514
150430454039179,9.246245,7.88537,5.708033,1.131076
150430464040345,9.256246,7.864159,5.729352,1.170273
150430474041270,9.266247,7.842902,5.753579,1.193822
150430484042191,9.276248,7.825107,5.777223,1.19642
150430494043422,9.286249,7.811774,5.797381,1.185977
150430504044350,9.296250,7.804812,5.808455,1.177578
150430514045275,9.306251,7.807764,5.804431,1.177889
150430524046268,9.316252,7.820022,5.786527,1.184634
150430534047193,9.326253,7.836564,5.763264,1.18872
150430544048345,9.336254,7.852379,5.742402,1.185309
150430554049266,9.346255,7.864608,5.727556,1.176009
150430564050270,9.356256,7.868955,5.723595,1.16617
150430574051424,9.366257,7.868396,5.724331,1.166371
150430584052345,9.376258,7.866575,5.724928,1.175671
150430594053333,9.386259,7.868974,5.719384,1.186529
150430604054472,9.396260,7.875334,5.710673,1.186327
150430614055395,9.406261,7.881712,5.704684,1.17269
150430624056395,9.416262,7.883235,5.707417,1.148918
150430634057318,9.426263,7.880604,5.715435,1.126895
150430644058466,9.436264,7.8755,5.724547,1.116264
150430654059391,9.446265,7.872229,5.728699,1.118045
150430664060405,9.456266,7.87587,5.721789,1.127716
150430674061323,9.466267,7.888955,5.702845,1.132238
150430684062475,9.476268,7.907877,5.677914,1.125528
150430694063400,9.486269,7.925895,5.656068,1.10865
150430704064400,9.496270,7.939415,5.639254,1.09749
150430714065554,9.506272,7.950812,5.622131,1.102835
150430724066557,9.516273,7.964743,5.598406,1.122803
150430734067708,9.526274,7.980616,5.573109,1.135881
150430744068629,9.536275,7.993515,5.556771,1.12518
150430754069631,9.546276,7.995826,5.560076,1.091935
150430764070554,9.556277,7.982494,5.58676,1.052547
150430774071713,9.566278,7.953858,5.631732,1.029466
150430784072638,9.576279,7.915988,5.683105,1.038943
150430794073624,9.586280,7.87917,5.727278,1.075605
150430804074555,9.596281,7.85574,5.75219,1.113428
150430814075717,9.606282,7.847938,5.759298,1.131547
150430824076649,9.616283,7.84888,5.760494,1.118822
150430834077636,9.626284,7.847236,5.770294,1.079194
150430844078559,9.636285,7.836891,5.791124,1.042151
150430854079709,9.646286,7.818129,5.819844,1.022856
150430864080707,9.656287,7.797541,5.846284,1.029226
150430874081632,9.666288,7.787102,5.854261,1.062367
150430884082784,9.676289,7.796652,5.833832,1.103898
150430894083709,9.686290,7.824728,5.792068,1.124999
150430904084702,9.696291,7.86097,5.745367,1.111717
150430914085862,9.706292,7.894539,5.706326,1.074285
150430924086783,9.716293,7.91422,5.685589,1.03884
150430934087785,9.726294,7.914067,5.688771,1.022461
150430944088929,9.736295,7.897316,5.710428,1.03124
150430954089849,9.746296,7.872051,5.741873,1.049614
150430964090783,9.756297,7.847131,5.774002,1.059922
150430974091795,9.766298,7.827149,5.801077,1.059816
150430984092942,9.776299,7.815053,5.817386,1.059703
150430994093858,9.786300,7.813553,5.818507,1.064572
150431004094857,9.796301,7.823571,5.80456,1.067149
150431014096011,9.806302,7.841906,5.781699,1.056624
150431024096932,9.816303,7.860251,5.762176,1.026529
150431034097877,9.826304,7.874342,5.749048,0.991532
150431044098877,9.836305,7.884008,5.739896,0.967463
150431054100030,9.846306,7.892702,5.728931,0.961551
150431064100951,9.856307,7.903305,5.713305,0.967417
150431074101939,9.866308,7.913662,5.698819,0.968214
150431084103091,9.876309,7.919362,5.694973,0.943927
150431094104093,9.886310,7.914162,5.709473,0.898877
150431104105021,9.896311,7.89661,5.741145,0.85018
150431114106180,9.906312,7.872489,5.779903,0.810353
150431124107101,9.916313,7.849402,5.813411,0.794416
150431134108026,9.926314,7.833237,5.834452,0.799715
150431144109011,9.936315,7.828994,5.838052,0.814915
150431154110165,9.946316,7.834612,5.829001,0.825617
150431164111086,9.956317,7.845402,5.814958,0.822181
150431174112088,9.966318,7.858085,5.800194,0.805128
150431184113026,9.976319,7.871009,5.785059,0.787587
150431194114180,9.986320,7.883032,5.769715,0.77987
150431204115163,9.996321,7.89227,5.756559,0.783627
150431214116103,10.006322,7.896143,5.750843,0.786573
150431224117254,10.016323,7.889717,5.761548,0.77261
150431234118254,10.026324,7.869491,5.792579,0.746427
150431244119179,10.036325,7.839815,5.835632,0.723016
150431254120088,10.046326,7.807894,5.879334,0.714295
150431264121254,10.056327,7.783453,5.910415,0.724473
150431274122235,10.066328,7.773172,5.922048,0.739699
150431284123160,10.076329,7.77432,5.920057,0.743573
150431294124083,10.086330,7.778194,5.91643,0.731825
150431304125235,10.096331,7.77481,5.92424,0.704054
150431314126237,10.106332,7.76152,5.945525,0.670476
150431324127160,10.116333,7.742061,5.974075,0.641052
150431334128328,10.126334,7.721284,6.002203,0.628742
150431344129326,10.136335,7.703028,6.024799,0.636502
150431354130242,10.146336,7.693376,6.035291,0.653675
150431364131380,10.156337,7.694044,6.033211,0.664879
150431374132291,10.166338,7.700575,6.025378,0.660242
150431384133262,10.176339,7.70989,6.014961,0.646421
150431394134416,10.186340,7.716287,6.007735,0.637194
150431404135337,10.196341,7.716911,6.007431,0.632525
150431414136358,10.206342,7.709782,6.017413,0.624508
150431424137524,10.216344,7.688661,6.046201,0.606574
150431434138419,10.226344,7.652626,6.094028,0.583208
150431444139342,10.236345,7.608751,6.150739,0.561579
150431454140343,10.246346,7.563804,6.206633,0.553718
150431464141497,10.256347,7.526871,6.249808,0.571062
150431474142420,10.266348,7.510131,6.266485,0.607481
150431484143416,10.276349,7.519319,6.251736,0.644668
150431494144353,10.286350,7.547098,6.216289,0.662632
150431504145505,10.296352,7.581569,6.175406,0.651308
150431514146433,10.306352,7.611575,6.14164,0.619783
150431524147449,10.316353,7.62789,6.124811,0.584789
150431534148598,10.326355,7.629344,6.124747,0.566211
150431544149534,10.336356,7.616165,6.140721,0.57061
150431554150547,10.346357,7.591739,6.168608,0.594774
150431564151707,10.356358,7.56428,6.19942,0.623624
150431574152632,10.366359,7.541146,6.225362,0.645013
150431584153625,10.376360,7.527561,6.240286,0.659326
150431594154550,10.386361,7.525808,6.24161,0.666733
150431604155702,10.396362,7.534656,6.231007,0.665961
150431614156651,10.406363,7.550213,6.21288,0.65913
150431624157665,10.416364,7.568351,6.191684,0.650449
150431634158819,10.426365,7.584595,6.172675,0.641874
150431644159745,10.436366,7.600437,6.153099,0.642441
150431654160676,10.446367,7.620701,6.126279,0.658531
150431664161662,10.456368,7.649535,6.087467,0.683672
150431674162800,10.466369,7.684499,6.041102,0.702502
150431684163793,10.476370,7.719371,5.996426,0.702999
150431694164714,10.486371,7.745342,5.964464,0.689086
150431704165870,10.496372,7.7542,5.954831,0.672574
150431714166858,10.506373,7.745616,5.966384,0.669098
150431724167796,10.516374,7.727549,5.988306,0.681997
150431734168929,10.526375,7.709841,6.008756,0.7023
150431744169851,10.536376,7.699018,6.020588,0.719457
150431754170867,10.546377,7.69649,6.023543,0.721832
150431764171790,10.556378,7.69964,6.020581,0.712863
150431774172944,10.566379,7.706017,6.013937,0.699919
150431784173841,10.576380,7.715672,6.002149,0.694688
150431794174843,10.586381,7.727962,5.985533,0.70141
150431804175776,10.596382,7.744464,5.962306,0.717048
150431814176910,10.606383,7.764607,5.934113,0.732908
150431824177918,10.616384,7.784492,5.90642,0.745616
150431834178843,10.626385,7.801429,5.883146,0.752533
150431844179997,10.636386,7.813782,5.865937,0.758691
150431854181011,10.646387,7.820868,5.854764,0.771858
150431864181934,10.656388,7.825086,5.846428,0.792016
150431874182857,10.666389,7.825649,5.842897,0.812264
150431884184014,10.676390,7.818582,5.849795,0.83047
150431894185031,10.686391,7.803557,5.867632,0.845811
150431904185925,10.696392,7.784619,5.890386,0.862027
150431914187086,10.706393,7.765915,5.91127,0.887385
150431924188077,10.716394,7.751897,5.925276,0.916092
150431934189006,10.726395,7.746752,5.927907,0.942236
150431944190161,10.736396,7.750036,5.92032,0.962701
150431954191110,10.746397,7.755142,5.911764,0.974076
150431964192112,10.756398,7.756002,5.90989,0.978574
150431974193255,10.766399,7.752812,5.913226,0.98368
150431984194192,10.776400,7.746269,5.919672,0.996372
150431994195187,10.786401,7.739076,5.925291,1.018638
150432004196112,10.796402,7.734451,5.926329,1.047317
150432014197035,10.806403,7.732262,5.92421,1.075098
150432024198189,10.816404,7.733986,5.917816,1.097683
150432034199175,10.826405,7.741968,5.905357,1.108455
150432044200322,10.836406,7.756181,5.88712,1.106123
150432054201231,10.846407,7.767248,5.874206,1.097081
150432064202231,10.856408,7.768472,5.874188,1.08845
150432074203156,10.866409,7.761358,5.884527,1.083357
150432084204315,10.876410,7.75013,5.899026,1.084881
150432094205233,10.886411,7.737443,5.914135,1.093151
150432104206229,10.896412,7.726794,5.9257,1.105785
150432114207147,10.906413,7.716323,5.935759,1.124795
150432124208299,10.916414,7.71005,5.940152,1.144427
150432134209286,10.926415,7.709636,5.938608,1.155199
150432144210209,10.936416,7.711463,5.935677,1.158052
150432154211363,10.946417,7.709947,5.9377,1.157765
150432164212366,10.956418,7.701819,5.947178,1.163211
150432174213286,10.966419,7.687834,5.962036,1.179539
150432184214440,10.976420,7.673461,5.975472,1.20489
150432194215438,10.986421,7.664126,5.982096,1.231134
150432204216363,10.996422,7.660106,5.982356,1.254662
150432214217522,11.006424,7.659035,5.979675,1.273834
150432224218452,11.016424,7.660943,5.973919,1.289274
150432234219469,11.026425,7.664547,5.967107,1.299364
150432244220405,11.036426,7.667265,5.961327,1.309812
150432254221554,11.046428,7.666753,5.959181,1.322532
150432264222475,11.056428,7.659486,5.964715,1.339559
150432274223477,11.066429,7.642081,5.982478,1.359615
150432284224634,11.076431,7.618286,6.008024,1.380359
150432294225624,11.086432,7.593055,6.035729,1.398376
150432304226554,11.096433,7.569105,6.061684,1.415835
150432314227477,11.106433,7.547631,6.083766,1.435634
150432324228629,11.116435,7.53089,6.101834,1.446824
150432334229621,11.126436,7.520253,6.11333,1.453603
150432344230549,11.136437,7.510791,6.124722,1.454589
150432354231703,11.146438,7.502315,6.135142,1.454408
150432364232629,11.156439,7.493831,6.144873,1.457053
150432374233631,11.166440,7.486376,6.152766,1.462062
150432384234554,11.176441,7.481118,6.1576,1.468628
150432394235783,11.186442,7.477802,6.159725,1.476568
150432404236708,11.196443,7.475706,6.159868,1.486559
150432414237862,11.206444,7.475503,6.158087,1.494927
150432424238783,11.216445,7.478983,6.153102,1.498049
150432434239788,11.226446,7.485975,6.145534,1.494196
150432444240713,11.236447,7.492411,6.140495,1.48258
150432454241862,11.246448,7.494711,6.141375,1.467248
150432464242860,11.256449,7.490965,6.149632,1.451701
150432474243794,11.266450,7.481828,6.163344,1.440652
150432484244932,11.276451,7.466305,6.182576,1.438773
150432494245855,11.286452,7.446822,6.205178,1.442451
150432504246846,11.296453,7.427113,6.228138,1.445113
150432514248011,11.306454,7.412224,6.244983,1.448827
150432524248932,11.316455,7.403757,6.25544,1.446997
150432534249930,11.326456,7.404084,6.255528,1.444956
150432544251082,11.336457,7.412155,6.247089,1.440071
150432554252005,11.346458,7.427829,6.231039,1.428821
150432564253005,11.356459,7.449498,6.209148,1.41119
150432574253930,11.366460,7.475847,6.182775,1.387449
150432584255072,11.376461,7.504818,6.153996,1.358706
150432594255995,11.386462,7.534079,6.125009,1.327375
150432604256997,11.396463,7.558855,6.102051,1.29176
150432614258151,11.406464,7.57423,6.090307,1.256655
150432624259135,11.416465,7.579158,6.090747,1.224416
150432634260074,11.426466,7.572498,6.104498,1.196793
150432644261212,11.436467,7.556073,6.129675,1.17169
150432654262154,11.446468,7.5354,6.158563,1.153188
150432664263144,11.456469,7.514594,6.185956,1.142297
150432674264312,11.466470,7.49859,6.205886,1.139358
150432684265216,11.476471,7.490876,6.214816,1.141414
150432694266213,11.486472,7.491992,6.213317,1.142255
150432704267365,11.496473,7.500849,6.203633,1.136785
150432714268284,11.506474,7.51725,6.185483,1.127289
150432724269286,11.516475,7.54065,6.160199,1.109305
150432734270209,11.526476,7.568756,6.129444,1.088048
150432744271365,11.536477,7.596245,6.098679,1.069223
150432754272360,11.546478,7.620569,6.07064,1.055569
150432764273514,11.556480,7.642018,6.04515,1.046764
150432774274437,11.566480,7.661374,6.021622,1.040863
150432784275442,11.576481,7.678501,6.001969,1.028082
150432794276381,11.586482,7.693116,5.985837,1.012775
150432804277519,11.596484,7.704907,5.972545,1.001558
150432814278519,11.606485,7.714825,5.959214,1.004604
150432824279439,11.616485,7.724189,5.943792,1.023841
150432834280601,11.626487,7.734545,5.925864,1.049275
150432844281524,11.636488,7.748408,5.906134,1.05818
150432854282526,11.646489,7.76207,5.890117,1.047244
150432864283683,11.656490,7.764914,5.889666,1.028565
150432874284611,11.666491,7.748169,5.914175,1.014099
150432884285613,11.676492,7.71355,5.961481,1.000909
150432894286541,11.686493,7.671169,6.018584,0.984783
150432904287769,11.696494,7.631757,6.071254,0.967571
150432914288687,11.706495,7.602551,6.110822,0.948231
150432924289842,11.716496,7.581737,6.138441,0.93638
150432934290765,11.726497,7.568202,6.157424,0.921101
150432944291767,11.736498,7.565037,6.162991,0.909815
150432954292923,11.746499,7.571054,6.15756,0.896449
150432964293841,11.756500,7.583722,6.143654,0.884714
150432974294844,11.766501,7.597621,6.126497,0.884397
150432984296010,11.776502,7.606557,6.115219,0.885662
150432994296947,11.786503,7.61366,6.108134,0.873419
150433004297947,11.796504,7.627069,6.091364,0.873552
150433014299101,11.806505,7.64909,6.062507,0.88169
150433024300019,11.816506,7.679621,6.021717,0.895713
150433034301019,11.826507,7.716019,5.972489,0.912395
150433044302173,11.836508,7.75454,5.921083,0.920807
150433054303096,11.846509,7.788345,5.878753,0.906628
150433064304112,11.856510,7.814835,5.845663,0.892475
150433074305036,11.866511,7.828641,5.830344,0.871471
150433084306189,11.876512,7.82912,5.83305,0.848754
150433094307202,11.886513,7.817809,5.851322,0.827005
150433104308128,11.896514,7.797869,5.878568,0.821985
150433114309295,11.906515,7.770778,5.915592,0.812851
150433124310289,11.916516,7.738315,5.960165,0.796806
150433134311213,11.926517,7.712125,5.992989,0.804474
150433144312366,11.936518,7.696538,6.010862,0.820254
150433154313369,11.946519,7.690919,6.015099,0.84166
150433164314509,11.956521,7.692869,6.009467,0.863745
150433174315432,11.966521,7.698821,5.998943,0.883645
150433184316438,11.976522,7.702127,5.992923,0.895605
150433194317362,11.986523,7.696093,5.998666,0.908944
150433204318520,11.996525,7.677815,6.022246,0.907591
150433214319443,12.006525,7.647812,6.060177,0.908405
150433224320443,12.016526,7.615456,6.098766,0.921858
150433234321597,12.026528,7.587636,6.130751,0.938942
150433244322583,12.036529,7.571888,6.147386,0.957187
150433254323735,12.046530,7.57063,6.146471,0.972877
150433264324735,12.056531,7.58192,6.129783,0.990069
150433274325645,12.066532,7.599424,6.10512,1.008136
150433284326797,12.076533,7.619638,6.079301,1.011563
150433294327783,12.086534,7.637712,6.056735,1.010607
150433304328694,12.096535,7.64666,6.048943,0.989384
150433314329831,12.106536,7.639763,6.062022,0.96223
150433324330841,12.116537,7.622208,6.086992,0.943631
150433334331761,12.126538,7.599058,6.118311,0.927657
150433344332684,12.136539,7.576268,6.148312,0.915693
150433354333838,12.146540,7.559109,6.170838,0.905884
150433364334833,12.156541,7.550289,6.1829,0.897142
150433374335987,12.166542,7.548733,6.185925,0.889369
150433384336985,12.176543,7.551384,6.183798,0.88162
150433394337910,12.186544,7.555639,6.179766,0.873374
150433404338828,12.196545,7.560828,6.174546,0.86534
150433414340059,12.206546,7.564328,6.171267,0.858148
150433424340977,12.216547,7.564172,6.17203,0.854024
150433434342129,12.226548,7.559947,6.177038,0.855217
150433444343131,12.236549,7.554514,6.183303,0.857942
150433454344273,12.246550,7.550238,6.188053,0.861345
150433464345191,12.256551,7.548867,6.189118,0.865712
150433474346177,12.266552,7.550595,6.186607,0.868568
150433484347102,12.276553,7.555264,6.180901,0.868617
150433494348270,12.286554,7.560504,6.174505,0.868496
150433504349268,12.296555,7.563417,6.17119,0.866676
150433514350417,12.306556,7.562407,6.172713,0.864634
150433524351340,12.316557,7.556726,6.179648,0.864786
150433534352340,12.326558,7.547368,6.190486,0.868981
150433544353265,12.336559,7.536533,6.202213,0.879325
150433554354420,12.346560,7.52776,6.211346,0.889946
150433564355405,12.356561,7.520065,6.219874,0.895434
150433574356552,12.366563,7.511292,6.230422,0.895744
150433584357557,12.376564,7.499903,6.244363,0.894076
150433594358492,12.386564,7.487706,6.258473,0.897636
150433604359649,12.396566,7.477057,6.269575,0.9089
150433614360567,12.406567,7.469471,6.275706,0.928713
150433624361593,12.416568,7.46541,6.277533,0.94879
150433634362745,12.426569,7.463891,6.276313,0.968625
150433644363745,12.436570,7.462819,6.274276,0.989852
150433654364913,12.446571,7.463227,6.270324,1.011557
150433664365851,12.456572,7.463201,6.266814,1.033289
150433674366837,12.466573,7.459258,6.267994,1.054385
150433684367752,12.476574,7.450227,6.275478,1.073556
150433694368906,12.486575,7.438367,6.287191,1.087161
150433704369921,12.496576,7.425733,6.300446,1.096752
150433714371073,12.506577,7.414875,6.311687,1.105533
150433724372073,12.516578,7.406998,6.318457,1.119592
150433734373007,12.526579,7.400713,6.322429,1.138557
150433744374159,12.536580,7.394784,6.325488,1.159884
150433754375082,12.546581,7.388411,6.32945,1.178758
150433764376303,12.556582,7.381457,6.335185,1.191448
150433774377202,12.566583,7.37381,6.342109,1.201918
150433784378125,12.576584,7.365765,6.349227,1.213591
150433794379361,12.586585,7.359321,6.353574,1.229824
150433804380265,12.596586,7.352717,6.35724,1.250224
150433814381272,12.606587,7.344913,6.361919,1.272103
150433824382424,12.616588,7.336076,6.368914,1.287998
150433834383342,12.626589,7.32499,6.380194,1.29525
150433844384358,12.636590,7.308447,6.398806,1.296872
150433854385515,12.646592,7.286804,6.422764,1.300217
150433864386520,12.656593,7.261245,6.449633,1.310159
150433874387449,12.666593,7.234415,6.475618,1.330261
150433884388601,12.676595,7.210692,6.496944,1.354868
150433894389529,12.686596,7.192,6.513165,1.376168
150433904390531,12.696597,7.177545,6.526213,1.389738
150433914391690,12.706598,7.164594,6.539149,1.395764
150433924392698,12.716599,7.14947,6.554436,1.4016
150433934393856,12.726600,7.130929,6.572065,1.413444
150433944394856,12.736601,7.109457,6.591907,1.429126
150433954395799,12.746602,7.084756,6.61493,1.445307
150433964396940,12.756603,7.058808,6.640252,1.456119
150433974397938,12.766604,7.032943,6.666105,1.463134
150433984398873,12.776605,7.00708,6.691705,1.470347
150433994400027,12.786606,6.985006,6.712124,1.482252
150434004401030,12.796607,6.96916,6.724503,1.50062
150434014401939,12.806608,6.959096,6.729674,1.523954
150434024403103,12.816609,6.953418,6.730633,1.545499
150434034404096,12.826610,6.94891,6.731492,1.561926
150434044405021,12.836611,6.941671,6.736053,1.574413
150434054406250,12.846612,6.928793,6.747308,1.582941
150434064407160,12.856613,6.910198,6.763983,1.593002
150434074408308,12.866614,6.887559,6.784106,1.605452
150434084409235,12.876615,6.8625,6.805814,1.620783
150434094410242,12.886616,6.8352,6.829478,1.636535
150434104411394,12.896617,6.806148,6.855242,1.649853
150434114412389,12.906618,6.774352,6.884389,1.65932
150434124413552,12.916620,6.741096,6.915261,1.666357
150434134414476,12.926620,6.710482,6.943537,1.672321
150434144415478,12.936621,6.685035,6.966796,1.677521
150434154416645,12.946623,6.665673,6.983682,1.684322
150434164417639,12.956624,6.653367,6.992918,1.69465
150434174418555,12.966625,6.648397,6.994816,1.706265
150434184419706,12.976626,6.648506,6.992362,1.715888
150434194420707,12.986627,6.647771,6.991154,1.723629
150434204421632,12.996628,6.643464,6.993576,1.730398
150434214422860,13.006629,6.633252,7.001499,1.737515
150434224423785,13.016630,6.615426,7.015947,1.747175
150434234424937,13.026631,6.593263,7.034071,1.758045
150434244425860,13.036632,6.568285,7.05459,1.769289
150434254426862,13.046633,6.543702,7.074389,1.781272
150434264428011,13.056634,6.522422,7.090766,1.794169
150434274429002,13.066635,6.507225,7.10142,1.807153
150434284429925,13.076636,6.499025,7.10623,1.817738
150434294431154,13.086637,6.496953,7.106041,1.825867
150434304432060,13.096638,6.499141,7.103127,1.829405
150434314433209,13.106639,6.500987,7.101698,1.828402
150434324434221,13.116640,6.498134,7.104691,1.826913
150434334435137,13.126641,6.490379,7.111698,1.827219
150434344436305,13.136642,6.480066,7.120178,1.830784
150434354437303,13.146643,6.472005,7.125894,1.837063
150434364438457,13.156644,6.470464,7.125897,1.842472
150434374439395,13.166645,6.476497,7.119512,1.845945
150434384440397,13.176646,6.487344,7.109547,1.846264
150434394441563,13.186648,6.500654,7.097251,1.846765
150434404442486,13.196648,6.51642,7.081219,1.852734
150434414443717,13.206650,6.534746,7.060752,1.866246
150434424444640,13.216651,6.556796,7.035389,1.884609
150434434445642,13.226652,6.582778,7.006893,1.900122
150434444446570,13.236653,6.60898,6.979151,1.911252
150434454447714,13.246654,6.631113,6.956422,1.917427
150434464448707,13.256655,6.647243,6.940203,1.920349
150434474449876,13.266656,6.656169,6.931425,1.921139
150434484450861,13.276657,6.658032,6.929703,1.920894
150434494451786,13.286658,6.654676,6.933533,1.918679
150434504452935,13.296659,6.648885,6.940496,1.913601
150434514453921,13.306660,6.641252,6.950037,1.905456
150434524454863,13.316661,6.63126,6.961836,1.897178
150434534456003,13.326662,6.619294,6.97431,1.893118
150434544456973,13.336663,6.608583,6.983976,1.89491
150434554458125,13.346664,6.603561,6.98723,1.900419
150434564459125,13.356665,6.606242,6.983427,1.90507
150434574460264,13.366666,6.617347,6.972807,1.905434
150434584461173,13.376667,6.632025,6.960429,1.899648
150434594462168,13.386668,6.644982,6.950676,1.89005
150434604463093,13.396669,6.65388,6.944607,1.881037
150434614464312,13.406670,6.6583,6.942019,1.874938
150434624465266,13.416671,6.661021,6.940234,1.871877
150434634466438,13.426672,6.665017,6.936559,1.87128
150434644467438,13.436673,6.674088,6.927748,1.871588
150434654468611,13.446675,6.692517,6.908324,1.877568
150434664469534,13.456676,6.723914,6.873918,1.891634
150434674470536,13.466677,6.768906,6.823904,1.912151
150434684471685,13.476678,6.824074,6.763554,1.930375
150434694472606,13.486679,6.880827,6.702955,1.940249
150434704473598,13.496680,6.930225,6.652202,1.939123
150434714474762,13.506681,6.965984,6.617876,1.928415
150434724475776,13.516682,6.985172,6.601072,1.916561
150434734476699,13.526683,6.98828,6.598667,1.913507
150434744477853,13.536684,6.978054,6.605474,1.927305
150434754478872,13.546685,6.965195,6.608417,1.963378
150434764480031,13.556686,6.963301,6.597067,2.007767
150434774481029,13.566687,6.976087,6.574017,2.038761
150434784482192,13.576688,6.996116,6.550223,2.046682
150434794483192,13.586689,7.012764,6.537555,2.030155
150434804484101,13.596690,7.01795,6.541003,2.00091
150434814485012,13.606691,7.006904,6.561855,1.971117
150434824486161,13.616692,6.979517,6.597006,1.950871
150434834487152,13.626693,6.94162,6.638111,1.946636
150434844488303,13.636694,6.901565,6.67721,1.955308
150434854489308,13.646695,6.866647,6.710184,1.965332
150434864490475,13.656696,6.840373,6.736222,1.967897
150434874491385,13.666697,6.820678,6.757963,1.961703
150434884492391,13.676698,6.806325,6.774933,1.953006
150434894493540,13.686700,6.798924,6.783521,1.948962
150434904494533,13.696701,6.799947,6.780783,1.954918
150434914495692,13.706702,6.809314,6.766801,1.970694
150434924496687,13.716703,6.826036,6.746298,1.983097
150434934497612,13.726704,6.848195,6.723004,1.98581
150434944498749,13.736705,6.872526,6.700241,1.978677
150434954499672,13.746706,6.891399,6.684418,1.966509
150434964500669,13.756707,6.899708,6.678944,1.955946
150434974501823,13.766708,6.896213,6.684983,1.94762
150434984502823,13.776709,6.882529,6.701142,1.940491
150434994503980,13.786710,6.862675,6.723138,1.934708
150435004504987,13.796711,6.841238,6.746497,1.9293
150435014505905,13.806712,6.822365,6.766834,1.924919
150435024507059,13.816713,6.809366,6.78134,1.919889
150435034508049,13.826714,6.802369,6.789554,1.915664
150435044509216,13.836715,6.800541,6.79253,1.911594
150435054510216,13.846716,6.802159,6.792891,1.90453
150435064511146,13.856717,6.803637,6.795851,1.888632
150435074512305,13.866718,6.800348,6.806594,1.861588
150435084513286,13.876719,6.789612,6.826463,1.827727
150435094514209,13.886720,6.770374,6.854609,1.793423
150435104515363,13.896721,6.741841,6.890616,1.762671
150435114516578,13.906723,6.706067,6.931994,1.736686
150435124517529,13.916724,6.669646,6.971692,1.717939
150435134518515,13.926725,6.642068,7.001686,1.702728
150435144519655,13.936726,6.629575,7.01672,1.689486
150435154520655,13.946727,6.633294,7.016531,1.675634
150435164521794,13.956728,6.651667,7.002502,1.661407
150435174522717,13.966729,6.677508,6.982435,1.642087
150435184523724,13.976730,6.701868,6.965376,1.615089
150435194524637,13.986731,6.718408,6.957018,1.582058
150435204525861,13.996732,6.722075,6.96072,1.549853
150435214527030,14.006733,6.710764,6.976753,1.526613
150435224527953,14.016734,6.689728,6.998736,1.518294
150435234528955,14.026735,6.665173,7.020543,1.525591
150435244529878,14.036736,6.646157,7.034364,1.544748
150435254531121,14.046737,6.641014,7.034784,1.564855
150435264532289,14.056738,6.652779,7.020904,1.577155
150435274533213,14.066739,6.678348,6.996807,1.576163
150435284534241,14.076740,6.708956,6.970678,1.561894
150435294535393,14.086741,6.734753,6.950889,1.538917
150435304536410,14.096742,6.749787,6.940643,1.519163
150435314537343,14.106743,6.753508,6.93851,1.512335
150435324538496,14.116744,6.753381,6.937323,1.518344
150435334539490,14.126745,6.758378,6.928537,1.536114
150435344540658,14.136747,6.775721,6.906653,1.558135
150435354541658,14.146748,6.806452,6.871768,1.578287
150435364542812,14.156749,6.848003,6.829,1.584165
150435374543730,14.166750,6.894229,6.785048,1.572483
150435384544732,14.176751,6.934937,6.748934,1.548728
150435394545870,14.186752,6.959251,6.72966,1.523323
150435404546876,14.196753,6.962187,6.731207,1.502924
150435414547799,14.206754,6.946617,6.750064,1.490355
150435424548969,14.216755,6.919708,6.779976,1.479717
150435434549952,14.226756,6.887735,6.815184,1.467088
150435444551106,14.236757,6.855068,6.851195,1.452301
150435454552034,14.246758,6.823829,6.886345,1.433032
150435464553246,14.256759,6.794586,6.919926,1.410034
150435474554154,14.266760,6.76868,6.950116,1.385958
150435484555156,14.276761,6.749046,6.974344,1.359734
150435494556084,14.286762,6.734951,6.99363,1.330235
150435504557243,14.296763,6.724064,7.01036,1.296852
150435514558462,14.306764,6.713532,7.026844,1.261722
150435524559381,14.316765,6.700652,7.045444,1.225954
150435534560381,14.326766,6.684821,7.066325,1.191733
150435544561551,14.336768,6.666494,7.088728,1.160939
150435554562472,14.346768,6.647751,7.109731,1.139775
150435564563474,14.356769,6.632716,7.125163,1.130994
150435574564642,14.366771,6.624354,7.132907,1.131168
150435584565642,14.376772,6.623657,7.133322,1.132624
150435594566779,14.386773,6.630558,7.12711,1.131387
150435604567779,14.396774,6.644438,7.115084,1.12562
150435614568699,14.406775,6.663006,7.099004,1.11733
150435624569849,14.416776,6.68166,7.082103,1.113206
150435634570849,14.426777,6.698299,7.065569,1.118278
150435644572001,14.436778,6.710846,7.051848,1.129596
150435654572987,14.446779,6.718324,7.042809,1.14147
150435664574150,14.456780,6.720752,7.039579,1.147092
150435674575073,14.466781,6.71881,7.041903,1.144201
150435684576075,14.476782,6.713519,7.04868,1.133486
150435694577250,14.486783,6.704899,7.059223,1.118817
150435704578255,14.496784,6.695119,7.070534,1.105862
150435714579408,14.506785,6.685845,7.081542,1.091457
150435724580317,14.516786,6.676082,7.093995,1.070124
150435734581319,14.526787,6.665593,7.107836,1.043341
150435744582443,14.536788,6.651491,7.124815,1.0172
150435754583430,14.546789,6.631699,7.145946,0.998015
150435764584582,14.556791,6.606989,7.170162,0.988169
150435774585505,14.566792,6.57771,7.197737,0.983026
150435784586507,14.576793,6.545417,7.227639,0.979182
150435794587664,14.586794,6.511296,7.259266,0.972651
150435804588592,14.596795,6.47938,7.288715,0.965528
150435814589823,14.606796,6.45052,7.314825,0.961343
150435824590837,14.616797,6.426505,7.335668,0.963339
150435834591772,14.626798,6.408231,7.35072,0.970313
150435844592914,14.636799,6.397021,7.359386,0.978556
150435854593837,14.646800,6.391329,7.36333,0.986061
150435864595065,14.656801,6.388998,7.364789,0.990225
150435874595986,14.666802,6.384822,7.368675,0.988275
150435884596988,14.676803,6.375602,7.377321,0.983256
150435894598140,14.686804,6.361731,7.389589,0.981026
150435904599142,14.696805,6.346013,7.402437,0.985918
150435914600294,14.706806,6.334488,7.411091,0.994992
150435924601227,14.716807,6.330301,7.414169,0.998672
150435934602247,14.726808,6.331243,7.413824,0.995266
150435944603387,14.736809,6.331657,7.414771,0.985552
150435954604399,14.746810,6.328186,7.419596,0.97138
150435964605553,14.756812,6.319237,7.429084,0.957048
150435974606485,14.766812,6.305581,7.442023,0.946521
150435984607492,14.776813,6.289247,7.45684,0.938536
150435994608637,14.786815,6.27321,7.471193,0.931721
150436004609639,14.796816,6.260598,7.482393,0.926657
150436014610795,14.806817,6.252473,7.489331,0.925465
150436024611808,14.816818,6.247868,7.493063,0.926356
150436034612742,14.826819,6.245216,7.495314,0.926034
150436044613887,14.836820,6.242298,7.498337,0.921229
150436054614808,14.846821,6.236869,7.503988,0.911956
150436064615805,14.856822,6.231618,7.509294,0.904107
150436074616968,14.866823,6.230644,7.510658,0.899525
150436084617959,14.876824,6.236511,7.505519,0.901727
150436094619130,14.886825,6.251672,7.49165,0.912006
150436104620122,14.896826,6.274136,7.471316,0.924485
150436114621296,14.906827,6.299497,7.449077,0.931468
150436124622265,14.916828,6.31942,7.432988,0.924994
150436134623190,14.926829,6.329583,7.426294,0.909152
150436144624340,14.936830,6.327956,7.429303,0.895792
150436154625325,14.946831,6.315695,7.440016,0.893408
150436164626476,14.956832,6.299474,7.452455,0.904191
150436174627395,14.966833,6.287167,7.460839,0.920587
150436184628397,14.976834,6.282079,7.46389,0.930492
150436194629541,14.986836,6.281949,7.464562,0.925978
150436204630443,14.996836,6.282759,7.465948,0.909174
150436214631678,15.006838,6.280215,7.470552,0.88868
150436224632601,15.016839,6.273827,7.477609,0.87431
150436234633593,15.026840,6.26703,7.483579,0.872013
150436244634822,15.036841,6.263499,7.485907,0.877337
150436254635747,15.046842,6.264806,7.48444,0.880545
150436264636909,15.056843,6.270059,7.481003,0.872317
150436274637817,15.066844,6.275374,7.478617,0.854354
150436284638819,15.076845,6.276794,7.479758,0.833697
150436294639969,15.086846,6.273251,7.484483,0.817786
150436304640981,15.096847,6.266448,7.491033,0.809947
150436314642142,15.106848,6.262721,7.493779,0.813373
150436324643154,15.116849,6.266764,7.489537,0.821291
150436334644079,15.126850,6.279229,7.478368,0.827792
150436344645233,15.136851,6.298217,7.462251,0.829013
150436354646154,15.146852,6.318228,7.44577,0.824902
150436364647380,15.156853,6.335598,7.4314,0.821249
150436374648380,15.166854,6.34954,7.419257,0.82337
150436384649314,15.176855,6.363859,7.405551,0.836124
150436394650464,15.186856,6.382606,7.387262,0.854811
150436404651464,15.196857,6.405791,7.365091,0.872508
150436414652401,15.206858,6.431571,7.34136,0.882811
150436424653639,15.216860,6.4569,7.318773,0.885429
150436434654550,15.226861,6.476503,7.301456,0.885222
150436444655702,15.236862,6.485986,7.292515,0.889519
150436454656702,15.246863,6.488211,7.288805,0.903592
150436464657862,15.256864,6.490992,7.283077,0.929433
150436474658799,15.266865,6.499854,7.270856,0.962573
150436484659801,15.276866,6.514689,7.253441,0.993159
150436494660934,15.286867,6.531986,7.235061,1.013422
150436504661934,15.296868,6.546201,7.221098,1.021282
150436514663083,15.306869,6.551021,7.216575,1.022336
150436524664006,15.316870,6.541744,7.224519,1.025629
150436534664993,15.326871,6.523957,7.238605,1.039498
150436544666145,15.336872,6.504052,7.252192,1.069122
150436554667141,15.346873,6.488131,7.260352,1.109704
150436564668066,15.356874,6.481336,7.260219,1.149545
150436574669220,15.366875,6.480952,7.256278,1.176301
150436584670217,15.376876,6.483158,7.252541,1.187142
150436594671367,15.386877,6.484176,7.251188,1.189843
150436604672369,15.396878,6.484155,7.24992,1.197672
150436614673510,15.406880,6.482374,7.248202,1.21752
150436624674434,15.416880,6.479991,7.245293,1.247163
150436634675414,15.426881,6.480274,7.239568,1.278545
150436644676552,15.436883,6.482768,7.233557,1.299754
150436654677538,15.446884,6.483269,7.231195,1.310355
150436664678692,15.456885,6.477019,7.235678,1.316495
150436674679615,15.466886,6.462605,7.246349,1.328598
150436684680615,15.476887,6.443307,7.258981,1.353137
150436694681774,15.486888,6.426943,7.267622,1.384237
150436704682697,15.496889,6.416851,7.271441,1.410716
150436714683699,15.506890,6.412306,7.272819,1.424237
150436724684853,15.516891,6.407953,7.276443,1.425312
150436734685855,15.526892,6.399944,7.283527,1.42511
150436744687009,15.536893,6.390127,7.290629,1.432821
150436754687995,15.546894,6.382957,7.292862,1.453266
150436764688920,15.556895,6.382842,7.287596,1.479936
150436774690074,15.566896,6.389393,7.277819,1.499682
150436784691081,15.576897,6.397983,7.269418,1.503789
150436794692006,15.586898,6.400086,7.269305,1.495367
150436804693245,15.596899,6.389525,7.280266,1.487187
150436814694170,15.606900,6.368631,7.297604,1.49181
150436824695322,15.616901,6.34616,7.312479,1.514577
150436834696259,15.626902,6.3311,7.318211,1.549511
150436844697280,15.636903,6.330742,7.311349,1.582992
150436854698439,15.646904,6.341232,7.298464,1.600361
150436864699449,15.656905,6.355791,7.285882,1.599952
150436874700591,15.666907,6.367152,7.2772,1.594288
150436884701523,15.676908,6.371905,7.272356,1.597407
150436894702530,15.686909,6.373557,7.26705,1.614846
150436904703699,15.696910,6.380436,7.25484,1.642355
150436914704620,15.706911,6.395927,7.235847,1.665728
150436924705636,15.716912,6.416675,7.21531,1.674979
150436934706775,15.726913,6.437773,7.196691,1.674117
150436944707788,15.736914,6.454729,7.181248,1.675155
150436954708929,15.746915,6.468972,7.166069,1.685185
150436964709927,15.756916,6.482482,7.149799,1.702299
150436974710852,15.766917,6.498027,7.131841,1.718278
150436984712011,15.776918,6.51331,7.116238,1.725074
150436994713005,15.786919,6.523798,7.108176,1.718698
150437004714159,15.796920,6.525549,7.110069,1.704165
150437014715159,15.806921,6.517615,7.119441,1.695372
150437024716070,15.816922,6.504861,7.129963,1.700123
150437034717229,15.826923,6.49316,7.135828,1.720142
150437044718245,15.836924,6.489092,7.132777,1.747913
150437054719175,15.846925,6.49663,7.120341,1.77046
150437064720336,15.856926,6.510793,7.105713,1.777173
150437074721324,15.866927,6.525374,7.094262,1.769453
150437084722476,15.876928,6.536033,7.086779,1.76007
150437094723476,15.886929,6.539987,7.083227,1.759684
150437104724630,15.896931,6.539986,7.079808,1.773382
150437114725558,15.906932,6.54134,7.073081,1.795106
150437124726553,15.916933,6.545648,7.064398,1.813491
150437134727721,15.926934,6.551167,7.057287,1.821233
150437144728644,15.936935,6.555511,7.053348,1.820863
150437154729644,15.946936,6.557161,7.05253,1.81809
150437164730800,15.956937,6.557443,7.05263,1.816686
150437174731707,15.966938,6.557945,7.051753,1.818295
150437184732691,15.976939,6.559136,7.050225,1.819905
150437194733854,15.986940,6.560513,7.049445,1.817973
150437204734852,15.996941,6.561435,7.049766,1.813385
150437214735995,16.006942,6.56254,7.050104,1.808078
150437224736918,16.016943,6.564818,7.049565,1.801897
150437234737907,16.026944,6.569546,7.046541,1.79647
150437244739060,16.036945,6.579176,7.038948,1.790978
150437254740058,16.046946,6.594547,7.026458,1.783477
150437264741212,16.056947,6.613633,7.010944,1.773837
150437274742135,16.066948,6.636924,6.991416,1.763902
150437284743144,16.076949,6.662052,6.96952,1.755804
150437294744080,16.086950,6.684357,6.950047,1.748194
150437304745308,16.096951,6.702014,6.935816,1.73709
150437314746218,16.106952,6.711459,6.930505,1.721727
150437324747372,16.116953,6.708711,6.936648,1.707662
150437334748389,16.126954,6.694965,6.950961,1.703412
150437344749314,16.136955,6.679532,6.964532,1.708547
150437354750487,16.146956,6.668151,6.972404,1.720857
150437364751492,16.156957,6.668212,6.96988,1.730826
150437374752400,16.166958,6.679366,6.960231,1.726626
150437384753554,16.176960,6.69,6.954824,1.707132
150437394754554,16.186961,6.6911,6.960024,1.681443
150437404755464,16.196961,6.680801,6.974925,1.660518
150437414756613,16.206963,6.661083,6.996011,1.65099
150437424757599,16.216964,6.640273,7.015096,1.653852
150437434758751,16.226965,6.625795,7.027374,1.65977
150437444759674,16.236966,6.620456,7.032489,1.659398
150437454760907,16.246967,6.623678,7.030823,1.653621
150437464761823,16.256968,6.635317,7.0212,1.647819
150437474762825,16.266969,6.655212,7.003057,1.644792
150437484763762,16.276970,6.681213,6.978935,1.641919
150437494764996,16.286971,6.710688,6.952526,1.633694
150437504765907,16.296972,6.739871,6.928376,1.616101
150437514767059,16.306973,6.765698,6.909773,1.587573
150437524768059,16.316974,6.785394,6.897696,1.555685
150437534768984,16.326975,6.79873,6.89004,1.531213
150437544770131,16.336976,6.808885,6.88309,1.517287
150437554771059,16.346977,6.824737,6.868542,1.511988
150437564772289,16.356978,6.849674,6.845431,1.503987
150437574773212,16.366979,6.878905,6.819667,1.48757
150437584774205,16.376980,6.907724,6.794915,1.467137
150437594775359,16.386981,6.936835,6.769017,1.449389
150437604776357,16.396982,6.967296,6.740037,1.438298
150437614777282,16.406983,6.997106,6.710784,1.430332
150437624778436,16.416984,7.026659,6.682229,1.419112
150437634779357,16.426985,7.054439,6.656893,1.400224
150437644780359,16.436986,7.077986,6.635911,1.380882
150437654781513,16.446988,7.096268,6.61891,1.368565
150437664782513,16.456989,7.110812,6.60314,1.369261
150437674783660,16.466990,7.124871,6.585809,1.379606
150437684784587,16.476991,7.139944,6.567789,1.387572
150437694785602,16.486992,7.153156,6.554043,1.384515
150437704786741,16.496993,7.158792,6.550201,1.373528
150437714787741,16.506994,7.156886,6.554023,1.365204
150437724788666,16.516995,7.15203,6.559212,1.365731
150437734789815,16.526996,7.147814,6.561482,1.37684
150437744790736,16.536997,7.146586,6.55986,1.39086
150437754791753,16.546998,7.14912,6.554116,1.404873
150437764792921,16.556999,7.15784,6.542165,1.416103
150437774793947,16.567000,7.171704,6.525683,1.422011
150437784794872,16.577001,7.186041,6.508963,1.426262
150437794796026,16.587002,7.199401,6.493551,1.429136
150437804797029,16.597003,7.210249,6.481634,1.428534
150437814798183,16.607004,7.215694,6.475983,1.426687
150437824799183,16.617005,7.214084,6.478052,1.425434
150437834800108,16.627006,7.205914,6.487048,1.425834
150437844801260,16.637007,7.19395,6.499586,1.429153
150437854802260,16.647008,7.180835,6.513354,1.432425
150437864803409,16.657009,7.167032,6.528004,1.43485
150437874804332,16.667010,7.15274,6.543317,1.436421
150437884805332,16.677011,7.13819,6.558541,1.439361
150437894806257,16.687012,7.126024,6.570739,1.443999
150437904807406,16.697013,7.11658,6.580648,1.445484
150437914808404,16.707014,7.108418,6.590202,1.442091
150437924809560,16.717016,7.099808,6.601054,1.434863
150437934810467,16.727016,7.089254,6.61434,1.425817
150437944811469,16.737017,7.077204,6.628535,1.41974
150437954812378,16.747018,7.066079,6.640753,1.418066
150437964813616,16.757020,7.056357,6.650403,1.421259
150437974814541,16.767021,7.048406,6.658241,1.424001
150437984815689,16.777022,7.041074,6.665972,1.424104
150437994816696,16.787023,7.034346,6.673753,1.42091
150438004817619,16.797024,7.028427,6.680912,1.41654
150438014818773,16.807025,7.02381,6.686681,1.412229
150438024819787,16.817026,7.019274,6.691839,1.410355
150438034820710,16.827027,7.01489,6.696224,1.411352
150438044821864,16.837028,7.012727,6.697781,1.41469
150438054822862,16.847029,7.013968,6.695272,1.420405
150438064824031,16.857030,7.018942,6.688865,1.426015
150438074824953,16.867031,7.026256,6.680285,1.430214
150438084825955,16.877032,7.032178,6.673761,1.431552
150438094827106,16.887033,7.032557,6.674004,1.428558
150438104828121,16.897034,7.02616,6.681442,1.425274
150438114829061,16.907035,7.015154,6.693073,1.424905
150438124830214,16.917036,7.002024,6.705781,1.429734
150438134831188,16.927037,6.990029,6.7162,1.439504
150438144832128,16.937038,6.982108,6.722268,1.449587
150438154833294,16.947039,6.979045,6.723911,1.456682
150438164834293,16.957040,6.980313,6.722307,1.458008
150438174835219,16.967041,6.985231,6.717368,1.457225
150438184836358,16.977042,6.993288,6.70878,1.458141
150438194837356,16.987043,7.003776,6.696756,1.463067
150438204838497,16.997044,7.014576,6.684165,1.468892
150438214839413,17.007045,7.023765,6.673242,1.474647
150438224840413,17.017046,7.031351,6.663826,1.481049
150438234841567,17.027048,7.035327,6.658513,1.486059
150438244842475,17.037048,7.034056,6.659458,1.487838
150438254843496,17.047049,7.027713,6.666135,1.487913
150438264844649,17.057051,7.013326,6.681364,1.487492
150438274845649,17.067052,6.987788,6.707904,1.488219
150438284846559,17.077053,6.949847,6.74649,1.491483
150438294847711,17.087054,6.902935,6.792906,1.498632
150438304848634,17.097055,6.850883,6.842364,1.512437
150438314849651,17.107056,6.79982,6.888808,1.531935
150438324850790,17.117057,6.757056,6.925038,1.557559
150438334851683,17.127058,6.726632,6.947368,1.589507
150438344852909,17.137059,6.710112,6.957126,1.616408
150438354853832,17.147060,6.709826,6.954144,1.630389
150438364854834,17.157061,6.723921,6.941438,1.626447
150438374855772,17.167062,6.741204,6.929509,1.605615
150438384856931,17.177063,6.75003,6.927269,1.577967
150438394857919,17.187064,6.743207,6.940296,1.54966
150438404859058,17.197065,6.717661,6.969619,1.528856
150438414859981,17.207066,6.679452,7.00788,1.521359
150438424860967,17.217067,6.634385,7.049969,1.5241
150438434861873,17.227068,6.590523,7.089006,1.533291
150438444863012,17.237069,6.557191,7.1175,1.544183
150438454864010,17.247070,6.534055,7.13731,1.550767
150438464865161,17.257071,6.518492,7.150954,1.553412
150438474866068,17.267072,6.50915,7.160092,1.550484
150438484867070,17.277073,6.503219,7.166968,1.543594
150438494868238,17.287074,6.497566,7.173923,1.53508
150438504869145,17.297075,6.491256,7.181519,1.526227
150438514870161,17.307076,6.484568,7.189362,1.517702
150438524871313,17.317077,6.478722,7.195429,1.51393
150438534872236,17.327078,6.474785,7.198592,1.515726
150438544873238,17.337079,6.473752,7.198418,1.520938
150438554874378,17.347080,6.476292,7.195375,1.524518
150438564875279,17.357081,6.478986,7.193388,1.522461
150438574876280,17.367082,6.477807,7.195545,1.517285
150438584877444,17.377083,6.469984,7.203274,1.513979
150438594878365,17.387084,6.455898,7.21524,1.517151
150438604879596,17.397086,6.440921,7.226631,1.526551
150438614880548,17.407087,6.429028,7.233725,1.542994
150438624881550,17.417088,6.425085,7.232857,1.563356
150438634882487,17.427088,6.43358,7.222049,1.578292
150438644883646,17.437090,6.452274,7.204193,1.583577
150438654884644,17.447091,6.471147,7.188364,1.578506
150438664885798,17.457092,6.481516,7.181241,1.56834
150438674886716,17.467093,6.481624,7.182963,1.559989
150438684887701,17.477094,6.471427,7.192379,1.558945
150438694888870,17.487095,6.455419,7.204926,1.567357
150438704889793,17.497096,6.439543,7.215032,1.586073
150438714890795,17.507097,6.432692,7.216561,1.606772
150438724891947,17.517098,6.441707,7.204861,1.623081
150438734892875,17.527099,6.463141,7.185317,1.624502
150438744893877,17.537100,6.487268,7.166332,1.612149
150438754894815,17.547101,6.503387,7.156337,1.591478
150438764896063,17.557102,6.50789,7.157984,1.56545
150438774896993,17.567103,6.497457,7.172699,1.54125
150438784897930,17.577104,6.473923,7.197235,1.52582
150438794899075,17.587105,6.441412,7.227713,1.519316
150438804900073,17.597106,6.404394,7.261087,1.516711
150438814901232,17.607107,6.36928,7.292493,1.513882
150438824902232,17.617108,6.339052,7.320338,1.506341
150438834903142,17.627109,6.31294,7.345206,1.494883
150438844904311,17.637110,6.290185,7.367861,1.479249
150438854905315,17.647111,6.272166,7.38707,1.459837
150438864906238,17.657112,6.257125,7.403676,1.440127
150438874907386,17.667113,6.248271,7.414288,1.423874
150438884908304,17.677114,6.246116,7.417975,1.414101
150438894909306,17.687115,6.247037,7.418196,1.408861
150438904910471,17.697116,6.250571,7.415787,1.405855
150438914911473,17.707117,6.255952,7.41144,1.404848
150438924912396,17.717118,6.265774,7.402842,1.40641
150438934913574,17.727120,6.28215,7.387513,1.413941
150438944914481,17.737120,6.305153,7.365875,1.4244
150438954915707,17.747122,6.332266,7.341357,1.4307
150438964916630,17.757123,6.358506,7.319152,1.428081
150438974917615,17.767124,6.379946,7.302281,1.418786
150438984918535,17.777125,6.396516,7.289322,1.4108
150438994919689,17.787126,6.407918,7.279195,1.411334
150439004920596,17.797127,6.421766,7.265289,1.420041
150439014921588,17.807128,6.442444,7.245245,1.428765
150439024922747,17.817129,6.469153,7.220654,1.432554
150439034923747,17.827130,6.499759,7.193658,1.429842
150439044924670,17.837131,6.529157,7.168509,1.422172
150439054925824,17.847132,6.556772,7.144787,1.41448
150439064926841,17.857133,6.582889,7.121049,1.412874
150439074927785,17.867134,6.609201,7.095349,1.419333
150439084928944,17.877135,6.636749,7.067616,1.429129
150439094929927,17.887136,6.665691,7.038328,1.438935
150439104930852,17.897137,6.694453,7.00972,1.445027
150439114931987,17.907138,6.718356,6.986469,1.446689
150439124933000,17.917139,6.732333,6.973489,1.444345
150439134933925,17.927140,6.732467,6.974476,1.438947
150439144935079,17.937141,6.718116,6.989588,1.432689
150439154936091,17.947142,6.69157,7.015321,1.431134
150439164937245,17.957143,6.656042,7.047782,1.437301
150439174938173,17.967144,6.619638,7.079216,1.450898
150439184939189,17.977145,6.588931,7.105232,1.463447
150439194940351,17.987146,6.565404,7.125645,1.469912
150439204941283,17.997147,6.548556,7.141527,1.467984
150439214942300,18.007148,6.536291,7.154259,1.460652
150439224943437,18.017149,6.525558,7.165973,1.451172
150439234944346,18.027150,6.515988,7.176669,1.441284
150439244945346,18.037151,6.507249,7.186616,1.431165
150439254946485,18.047152,6.497135,7.198004,1.419848
150439264947404,18.057153,6.48591,7.210504,1.407682
150439274948406,18.067154,6.47597,7.22178,1.39561
150439284949324,18.077155,6.465244,7.23284,1.388025
150439294950478,18.087156,6.45701,7.240134,1.38834
150439304951481,18.097157,6.456246,7.239076,1.397383
150439314952620,18.107159,6.466826,7.226744,1.412221
150439324953529,18.117160,6.488112,7.204595,1.42766
150439334954502,18.127161,6.519568,7.174039,1.438185
150439344955651,18.137162,6.557381,7.139635,1.437484
150439354956567,18.147163,6.595236,7.106543,1.428269
150439364957495,18.157163,6.626561,7.079951,1.415265
150439374958726,18.167165,6.644769,7.065346,1.402818
150439384959635,18.177166,6.644182,7.067971,1.392337
150439394960635,18.187167,6.625325,7.088043,1.38011
150439404961760,18.197168,6.593151,7.120654,1.36625
150439414962789,18.207169,6.555252,7.15832,1.351709
150439424963712,18.217170,6.515149,7.196926,1.340574
150439434964637,18.227171,6.475672,7.234227,1.331027
150439444965791,18.237172,6.439033,7.268637,1.321264
150439454966790,18.247173,6.407133,7.299551,1.305826
150439464967942,18.257174,6.379722,7.32794,1.280793
150439474968856,18.267175,6.351613,7.358216,1.246455
150439484969841,18.277176,6.315992,7.395403,1.206764
150439494970782,18.287177,6.269225,7.441254,1.168151
150439504971945,18.297178,6.212662,7.493628,1.135088
150439514972962,18.307179,6.150934,7.547893,1.111443
150439524973902,18.317180,6.092773,7.596943,1.097535
150439534975041,18.327181,6.045207,7.635764,1.091136
150439544975962,18.337182,6.011341,7.662915,1.087889
150439554976960,18.347183,5.99169,7.678597,1.085722
150439564978128,18.357184,5.984326,7.68445,1.084932
150439574979128,18.367185,5.986284,7.682223,1.089898
150439584980060,18.377186,5.994612,7.673963,1.102228
150439594981200,18.387187,6.006575,7.661748,1.121909
150439604982123,18.397188,6.019205,7.648226,1.146211
150439614983352,18.407189,6.031412,7.635239,1.168417
150439624984275,18.417190,6.039119,7.626993,1.182376
150439634985198,18.427191,6.039211,7.626135,1.187424
150439644986200,18.437192,6.032281,7.631162,1.190357
150439654987366,18.447193,6.023252,7.636956,1.198869
150439664988366,18.457194,6.019465,7.637269,1.215805
150439674989291,18.467195,6.024904,7.630008,1.234306
150439684990450,18.477196,6.042101,7.614408,1.246509
150439694991371,18.487197,6.070864,7.590844,1.25046
150439704992593,18.497199,6.108893,7.560651,1.248184
150439714993516,18.507200,6.150425,7.527288,1.245892
150439724994515,18.517201,6.190247,7.494809,1.244453
150439734995436,18.527201,6.224549,7.466826,1.241549
150439744996588,18.537203,6.247718,7.448704,1.234021
150439754997602,18.547204,6.255405,7.444639,1.219521
150439764998532,18.557205,6.249583,7.452375,1.202005
150439774999698,18.567206,6.236941,7.465336,1.187155
150439785000621,18.577207,6.226356,7.474623,1.184283
150439795001623,18.587208,6.223361,7.475352,1.195374
150439805002768,18.597209,6.229624,7.467411,1.212234
150439815003684,18.607210,6.241554,7.455624,1.223379
150439825004681,18.617211,6.250572,7.448393,1.221377
150439835005604,18.627212,6.24871,7.451932,1.209281
150439845006772,18.637213,6.232548,7.467811,1.194626
150439855007762,18.647214,6.205151,7.491423,1.189403
150439865008670,18.657215,6.171978,7.517086,1.200035
150439875009824,18.667216,6.139303,7.539758,1.225158
150439885010755,18.677217,6.114408,7.55506,1.255006
150439895011757,18.687218,6.101448,7.561554,1.278748
150439905012925,18.697219,6.101551,7.55973,1.28901
150439915013933,18.707220,6.110503,7.552438,1.289364
150439925014858,18.717221,6.124784,7.540313,1.292555
150439935015983,18.727222,6.13923,7.526438,1.304822
150439945016966,18.737223,6.150447,7.514924,1.318319
150439955017882,18.747224,6.155776,7.509677,1.323335
150439965019034,18.757225,6.15289,7.513257,1.316392
150439975019957,18.767226,6.142085,7.5243,1.303709
150439985020968,18.777227,6.127499,7.537554,1.295777
150439995021882,18.787228,6.114585,7.547399,1.29945
150440005023040,18.797229,6.109947,7.548493,1.314845
150440015024055,18.807230,6.118255,7.538441,1.33371
150440025025202,18.817231,6.138984,7.519437,1.345727
150440035026130,18.827232,6.167809,7.495691,1.346381
150440045027053,18.837233,6.19638,7.474124,1.335042
150440055028298,18.847234,6.218136,7.458862,1.319158
150440065029207,18.857235,6.2312,7.449876,1.308249
150440075030202,18.867236,6.23668,7.445378,1.307722
150440085031127,18.877237,6.236066,7.444951,1.313086
150440095032031,18.887238,6.233304,7.446959,1.314804
150440105033194,18.897239,6.231041,7.450264,1.306793
150440115034209,18.907240,6.228566,7.454858,1.292316
150440125035146,18.917241,6.224095,7.461039,1.278093
150440135036295,18.927242,6.217272,7.468033,1.270435
150440145037216,18.937243,6.209074,7.475324,1.267651
150440155038223,18.947244,6.200762,7.483002,1.263018
150440165039391,18.957245,6.193752,7.49055,1.252632
150440175040322,18.967246,6.190121,7.496103,1.237281
150440185041338,18.977247,6.191576,7.49759,1.22089
150440195042473,18.987248,6.199457,7.493186,1.207853
150440205043476,18.997249,6.214049,7.482327,1.200148
150440215044401,19.007250,6.23468,7.465564,1.197535
150440225045324,19.017251,6.260172,7.444121,1.198054
150440235046478,19.027252,6.287227,7.421577,1.196238
150440245047471,19.037253,6.313531,7.400409,1.188813
150440255048386,19.047254,6.337486,7.38157,1.178444
150440265049538,19.057256,6.358552,7.364399,1.172364
150440275050538,19.067257,6.379905,7.345604,1.174269
150440285051468,19.077257,6.405361,7.321705,1.184895
150440295052603,19.087259,6.436914,7.291749,1.198535
150440305053524,19.097260,6.474623,7.256465,1.209524
150440315054540,19.107261,6.515148,7.219373,1.213867
150440325055463,19.117261,6.554365,7.184722,1.208322
150440335056607,19.127263,6.58898,7.155638,1.192565
150440345057591,19.137264,6.616613,7.134083,1.168444
150440355058516,19.147265,6.634264,7.122033,1.141564
150440365059675,19.157266,6.642767,7.117692,1.118975
150440375060658,19.167267,6.644202,7.119061,1.101599
150440385061593,19.177268,6.642967,7.122068,1.089564
150440395062730,19.187269,6.644482,7.12266,1.076359
150440405063659,19.197270,6.652963,7.117242,1.059671
150440415064652,19.207271,6.669828,7.104614,1.038162
150440425065804,19.217272,6.693649,7.085362,1.016247
150440435066741,19.227273,6.724401,7.058487,1.000105
150440445067743,19.237274,6.762707,7.022909,0.992268
150440455068652,19.247275,6.807673,6.98026,0.985685
150440465069580,19.257276,6.856372,6.934175,0.973332
150440475070808,19.267277,6.904797,6.889108,0.950766
150440485071717,19.277278,6.946815,6.850902,0.920295
150440495072643,19.287279,6.977261,6.82399,0.889385
150440505073781,19.297280,6.997504,6.805869,0.868955
150440515074779,19.307281,7.013399,6.790017,0.86479
150440525075710,19.317282,7.029229,6.77306,0.869231
150440535076863,19.327283,7.047026,6.754603,0.868753
150440545077784,19.337284,7.064814,6.737773,0.854879
150440555078785,19.347285,7.078746,6.726436,0.828532
150440565079931,19.357286,7.087653,6.720245,0.802148
150440575080852,19.367287,7.092933,6.717012,0.782332
150440585081785,19.377288,7.099289,6.711368,0.773038
150440595082802,19.387289,7.11542,6.694196,0.773643
150440605083948,19.397290,7.145382,6.662106,0.77447
150440615084876,19.407291,7.185065,6.620506,0.764016
150440625085886,19.417292,7.224513,6.580706,0.735309
150440635086825,19.427293,7.253564,6.553596,0.690085
150440645087979,19.437294,7.269268,6.541136,0.641338
150440655088987,19.447295,7.274223,6.539242,0.603345
150440665089912,19.457296,7.274174,6.54085,0.586234
150440675091080,19.467297,7.273471,6.54126,0.590318
150440685091987,19.477298,7.27603,6.537162,0.604077
150440695093003,19.487299,7.282468,6.529295,0.611531
150440705093926,19.497300,7.289276,6.522479,0.603111
150440715095075,19.507301,7.292925,6.520148,0.58388
150440725096070,19.517302,7.29179,6.522921,0.566852
150440735096989,19.527303,7.287043,6.528547,0.563028
150440745097912,19.537304,7.282977,6.531774,0.578052
150440755099065,19.547305,7.284408,6.527854,0.603763
150440765100063,19.557306,7.291579,6.517896,0.624393
150440775101217,19.567307,7.300829,6.507025,0.629742
150440785102111,19.577308,7.306643,6.501584,0.618355
150440795103048,19.587309,7.304349,6.506034,0.598323
150440805104065,19.597310,7.292707,6.520576,0.58184
150440815104978,19.607311,7.275261,6.540578,0.575703
150440825106127,19.617312,7.25699,6.56058,0.578704
150440835107048,19.627313,7.241204,6.577554,0.583739
150440845108045,19.637314,7.231076,6.588559,0.585172
150440855108973,19.647315,7.227452,6.59286,0.581473
150440865110117,19.657316,7.228028,6.592894,0.573876
150440875111146,19.667317,7.22993,6.591724,0.563277
150440885112055,19.677318,7.230727,6.591751,0.552635
150440895113214,19.687319,7.228876,6.594686,0.541697
150440905114134,19.697320,7.223459,6.601746,0.527803
150440915115134,19.707321,7.214178,6.613299,0.509823
150440925116286,19.717322,7.19923,6.631153,0.488694
150440935117221,19.727323,7.175364,6.658446,0.468236
150440945118149,19.737324,7.143997,6.693234,0.451608
150440955119141,19.747325,7.111638,6.72832,0.44075
150440965120069,19.757326,7.085086,6.756667,0.434728
150440975121223,19.767327,7.068424,6.774241,0.432392
150440985122211,19.777328,7.063295,6.779751,0.429983
150440995123146,19.787329,7.068215,6.775063,0.422907
150441005124300,19.797330,7.078356,6.765228,0.410565
150441015125221,19.807331,7.089857,6.754183,0.393667
150441025126149,19.817332,7.100093,6.744373,0.376982
150441035127389,19.827333,7.10646,6.73837,0.364126
150441045128312,19.837334,7.107412,6.737587,0.360031
150441055129221,19.847335,7.104827,6.740026,0.365331
150441065130223,19.857336,7.099726,6.74484,0.375463
150441075131131,19.867337,7.091645,6.752796,0.385055
150441085132060,19.877338,7.082272,6.762138,0.393638
150441095133232,19.887339,7.073582,6.770619,0.403912
150441105134223,19.897340,7.068491,6.774959,0.419958
150441115135147,19.907341,7.069266,6.772651,0.443545
150441125136300,19.917342,7.076343,6.763342,0.471777
150441135137309,19.927343,7.087086,6.750108,0.499281
150441145138243,19.937344,7.098182,6.737064,0.517497
150441155139394,19.947345,7.106912,6.727493,0.522128
150441165140318,19.957346,7.109051,6.725754,0.515399
150441175141246,19.967347,7.102628,6.733297,0.505369
150441185142253,19.977348,7.088852,6.748287,0.498769
150441195143414,19.987349,7.07239,6.765453,0.49986
150441205144318,19.997350,7.058435,6.779259,0.51002
150441215145318,20.007351,7.047461,6.7895,0.525283
150441225146239,20.017352,7.038361,6.797886,0.538788
150441235147386,20.027353,7.030807,6.805233,0.544549
150441245148309,20.037354,7.023031,6.813714,0.538806
150441255149309,20.047355,7.013077,6.825007,0.525348
150441265150234,20.057356,6.999852,6.839715,0.510243
150441275151162,20.067357,6.982644,6.858191,0.497875
150441285152311,20.077358,6.962575,6.879093,0.490525
150441295153316,20.087359,6.942424,6.899681,0.48693
150441305154239,20.097360,6.924945,6.916974,0.490569
150441315155391,20.107361,6.910854,6.931021,0.490949
150441325156298,20.117362,6.901226,6.940478,0.492781
150441335157298,20.127363,6.897398,6.943829,0.499111
150441345158204,20.137364,6.900764,6.939732,0.509512
150441355159332,20.147365,6.912453,6.927042,0.523492
150441365160265,20.157366,6.931186,6.906997,0.540458
150441375161267,20.167367,6.95359,6.883066,0.557626
150441385162170,20.177368,6.976165,6.858962,0.572451
150441395163093,20.187369,6.996546,6.837345,0.582257
150441405164252,20.197370,7.009905,6.823676,0.581956
150441415165257,20.207371,7.011216,6.823055,0.57338
150441425166180,20.217372,6.997906,6.837489,0.563941
150441435167341,20.227373,6.971437,6.864814,0.559843
150441445168264,20.237374,6.937567,6.898589,0.565349
150441455169158,20.247375,6.902845,6.932092,0.580372
150441465170149,20.257376,6.87282,6.960325,0.59854
150441475171298,20.267377,6.851877,6.979873,0.61088
150441485172221,20.277378,6.83882,6.992462,0.613225
150441495173226,20.287379,6.828421,7.003215,0.606331
150441505174176,20.297380,6.815076,7.017171,0.595033
150441515175315,20.307381,6.795897,7.036533,0.585644
150441525176246,20.317382,6.770999,7.060731,0.582778
150441535177174,20.327383,6.743631,7.086505,0.587269
150441545178164,20.337384,6.719867,7.108203,0.597362
150441555179318,20.347385,6.705475,7.120613,0.611129
150441565180250,20.357386,6.704708,7.119819,0.628535
150441575181265,20.367387,6.718068,7.105478,0.647875
150441585182200,20.377388,6.740975,7.082175,0.664842
150441595183133,20.387389,6.765623,7.057721,0.674479
150441605184056,20.397390,6.784455,7.039766,0.672976
150441615185290,20.407391,6.791079,7.034762,0.658287
150441625186224,20.417392,6.782432,7.045109,0.63643
150441635187171,20.427393,6.760343,7.068128,0.615898
150441645188325,20.437394,6.729016,7.098941,0.604514
150441655189242,20.447395,6.692289,7.133671,0.603334
150441665190242,20.457396,6.65132,7.17134,0.609733
150441675191167,20.467397,6.606373,7.212026,0.61851
150441685192293,20.477398,6.558817,7.254821,0.624141
150441695193231,20.487399,6.510635,7.297982,0.625359
150441705194149,20.497400,6.465845,7.337899,0.622997
150441715195151,20.507401,6.428035,7.371303,0.619866
150441725196079,20.517402,6.399774,7.395953,0.618703
150441735197228,20.527403,6.382144,7.41107,0.619919
150441745198154,20.537404,6.373963,7.418019,0.620971
150441755199151,20.547405,6.372879,7.418897,0.621558
150441765200305,20.557406,6.375999,7.41613,0.622592
150441775201211,20.567407,6.380916,7.411545,0.626841
150441785202120,20.577408,6.385864,7.406601,0.63482
150441795203122,20.587409,6.39036,7.401662,0.647056
150441805204054,20.597410,6.394091,7.397162,0.661514
150441815205192,20.607411,6.39608,7.394138,0.675934
150441825206115,20.617412,6.395515,7.393481,0.688343
150441835207024,20.627413,6.391917,7.395616,0.698719
150441845208054,20.637414,6.385015,7.400783,0.70707
150441855208977,20.647415,6.372811,7.410678,0.713524
150441865210115,20.657416,6.355149,7.425215,0.719887
150441875211047,20.667417,6.332527,7.443755,0.727725
150441885212035,20.677418,6.307355,7.464113,0.73775
150441895212964,20.687419,6.283856,7.482572,0.751171
150441905214110,20.697420,6.266144,7.495919,0.765932
150441915215110,20.707421,6.25535,7.5036,0.778804
150441925216039,20.717422,6.251097,7.506635,0.783693
150441935216964,20.727423,6.250903,7.507388,0.778011
150441945218116,20.737424,6.250127,7.509687,0.761905
150441955219044,20.747425,6.244922,7.516067,0.741435
150441965219967,20.757426,6.234374,7.526566,0.72348
150441975220967,20.767427,6.222922,7.536852,0.714941
150441985221887,20.777428,6.215578,7.542514,0.719062
150441995223017,20.787429,6.216369,7.540365,0.734592
150442005223928,20.797430,6.22692,7.529634,0.754988
150442015224851,20.807431,6.248129,7.510158,0.773557
150442025225835,20.817432,6.276238,7.485459,0.785327
150442035226758,20.827433,6.305621,7.460185,0.790444
150442045227912,20.837434,6.331987,7.437792,0.790691
150442055228842,20.847435,6.350496,7.422378,0.787075
150442065229770,20.857436,6.357112,7.417093,0.783481
150442075230782,20.867437,6.350416,7.422944,0.782376
150442085231710,20.877438,6.335069,7.435904,0.783737
150442095232852,20.887439,6.317826,7.450276,0.786454
150442105233770,20.897440,6.302846,7.462826,0.7876
150442115234770,20.907441,6.291445,7.472795,0.784277
150442125235695,20.917442,6.284096,7.479958,0.774835
150442135236623,20.927443,6.280957,7.483987,0.761244
150442145237777,20.937444,6.282665,7.484046,0.746444
150442155238765,20.947445,6.289865,7.479252,0.733767
150442165239693,20.957446,6.301571,7.470209,0.725351
150442175240619,20.967447,6.315974,7.458294,0.722705
150442185241556,20.977448,6.332009,7.444617,0.723425
150442195242710,20.987449,6.344854,7.433732,0.722793
150442205243636,20.997450,6.3527,7.427474,0.718218
150442215244641,21.007451,6.355206,7.426252,0.708613
150442225245551,21.017452,6.351554,7.430648,0.695168
150442235246479,21.027452,6.343654,7.438456,0.683655
150442245247633,21.037454,6.336594,7.44518,0.675907
150442255248650,21.047455,6.337198,7.444833,0.674078
150442265249590,21.057456,6.348598,7.434897,0.676438
150442275250513,21.067457,6.369668,7.416827,0.676771
150442285251669,21.077458,6.395425,7.395112,0.671446
150442295252592,21.087459,6.420235,7.374797,0.658005
150442305253592,21.097460,6.440856,7.358243,0.641581
150442315254517,21.107461,6.454706,7.347369,0.626824
150442325255435,21.117461,6.45967,7.34394,0.615803
150442335256363,21.127462,6.457649,7.346153,0.610552
150442345257281,21.137463,6.454127,7.349275,0.610278
150442355258448,21.147464,6.455436,7.347854,0.613504
150442365259459,21.157465,6.465288,7.339049,0.615128
150442375260382,21.167466,6.482095,7.32464,0.609982
150442385261305,21.177467,6.502221,7.307738,0.598429
150442395262473,21.187468,6.52275,7.2905,0.585097
150442405263390,21.197469,6.540766,7.275224,0.574008
150442415264391,21.207470,6.553935,7.263942,0.566651
150442425265302,21.217471,6.561597,7.257443,0.561205
150442435266210,21.227472,6.56601,7.253777,0.556992
150442445267371,21.237473,6.570487,7.249984,0.553542
150442455268295,21.247474,6.579259,7.242203,0.551215
150442465269218,21.257475,6.596992,7.225957,0.552511
150442475270234,21.267476,6.625105,7.199752,0.558186
150442485271152,21.277477,6.661299,7.165872,0.563341
150442495272066,21.287478,6.701481,7.128264,0.563975
150442505272993,21.297479,6.739277,7.093118,0.556571
150442515274143,21.307480,6.768581,7.066194,0.543374
150442525275126,21.317481,6.784838,7.051715,0.528485
150442535276056,21.327482,6.785639,7.051943,0.514983
150442545276964,21.337483,6.774746,7.062863,0.508696
150442555277873,21.347484,6.757681,7.079046,0.510685
150442565279025,21.357485,6.739493,7.096085,0.514618
150442575279953,21.367486,6.722213,7.1125,0.513969
150442585280883,21.377487,6.705896,7.128417,0.506651
150442595281887,21.387488,6.690633,7.143524,0.495438
150442605282825,21.397489,6.676822,7.157189,0.484452
150442615283979,21.407490,6.667113,7.166584,0.479229
150442625284909,21.417491,6.663787,7.169413,0.483149
150442635285832,21.427492,6.669298,7.163469,0.49517
150442645286728,21.437493,6.682102,7.15054,0.509172
150442655287749,21.447494,6.698632,7.134318,0.51942
150442665288686,21.457495,6.713287,7.120518,0.51968
150442675289840,21.467496,6.720505,7.114417,0.509778
150442685290761,21.477497,6.716946,7.118867,0.494345
150442695291699,21.487498,6.703511,7.132304,0.482875
150442705292622,21.497499,6.685903,7.148917,0.481381
150442715293638,21.507500,6.670987,7.162271,0.489649
150442725294804,21.517501,6.663118,7.168815,0.500924
150442735295742,21.527502,6.661815,7.169663,0.506111
150442745296665,21.537503,6.665188,7.166784,0.502464
150442755297583,21.547504,6.669271,7.163929,0.488802
150442765298500,21.557505,6.669072,7.165231,0.472188
150442775299488,21.567505,6.662847,7.171955,0.457759
150442785300406,21.577506,6.652081,7.182401,0.450465
150442795301324,21.587507,6.638155,7.195317,0.44979
150442805302476,21.597508,6.623616,7.208635,0.450901
150442815303404,21.607509,6.611086,7.220195,0.449821
150442825304420,21.617510,6.600894,7.229887,0.44376
150442835305312,21.627511,6.5922,7.238405,0.434092
150442845306225,21.637512,6.582877,7.247547,0.4228
150442855307152,21.647513,6.572983,7.257127,0.412268
150442865308299,21.657514,6.565003,7.264715,0.405779
150442875309208,21.667515,6.562096,7.267312,0.406252
150442885310117,21.677516,6.566337,7.263107,0.412944
150442895311025,21.687517,6.575289,7.254485,0.421961
150442905312013,21.697518,6.584483,7.245675,0.429843
150442915312916,21.707519,6.590625,7.239786,0.434943
150442925313844,21.717520,6.591858,7.238514,0.437413
150442935314996,21.727521,6.587954,7.241941,0.439477
150442945315919,21.737522,6.58019,7.248713,0.444112
150442955316842,21.747523,6.569942,7.257547,0.451519
150442965317765,21.757524,6.556471,7.269195,0.459902
150442975318683,21.767525,6.539589,7.283883,0.467808
150442985319681,21.777526,6.519186,7.30177,0.473663
150442995320828,21.787527,6.498868,7.319419,0.480427
150443005321780,21.797528,6.483367,7.332509,0.490178
150443015322717,21.807529,6.476653,7.337465,0.504569
150443025323714,21.817530,6.479933,7.333347,0.521955
150443035324636,21.827531,6.490734,7.322564,0.538913
150443045325561,21.837532,6.503873,7.309961,0.551486
150443055326484,21.847532,6.512772,7.301804,0.554484
150443065327421,21.857533,6.512357,7.302508,0.550079
150443075328359,21.867534,6.500565,7.313559,0.542677
150443085329522,21.877536,6.478686,7.333342,0.537339
150443095330443,21.887536,6.451022,7.357636,0.53809
150443105331352,21.897537,6.425625,7.379363,0.544425
150443115332277,21.907538,6.408199,7.393647,0.555799
150443125333263,21.917539,6.40249,7.397621,0.568588
150443135334410,21.927540,6.408043,7.392101,0.57778
150443145335099,21.937541,6.419821,7.381703,0.579982
150443155336251,21.947542,6.432031,7.371456,0.574983
150443165337178,21.957543,6.437927,7.366954,0.566681
150443175338087,21.967544,6.436239,7.368721,0.562847
150443185339025,21.977545,6.429454,7.374208,0.568502
150443195339953,21.987546,6.422118,7.379329,0.58473
150443205340955,21.997547,6.418133,7.381056,0.606307
150443215341878,22.007548,6.421424,7.376543,0.626062
150443225342815,22.017549,6.43228,7.365983,0.638839
150443235343963,22.027550,6.448196,7.351615,0.64384
150443245344886,22.037551,6.464405,7.337361,0.643913
150443255345794,22.047552,6.477541,7.325715,0.644481
150443265346736,22.057553,6.485742,7.317937,0.650323
150443275347757,22.067554,6.489434,7.313662,0.661523
150443285348603,22.077555,6.489787,7.311969,0.676581
150443295349618,22.087556,6.489231,7.310976,0.692457
150443305350536,22.097557,6.491767,7.307223,0.708124
150443315351699,22.107558,6.499205,7.299201,0.722475
150443325352406,22.117558,6.511585,7.286924,0.734834
150443335353552,22.127560,6.527644,7.271604,0.744061
150443345354476,22.137560,6.542623,7.257624,0.748988
150443355355399,22.147561,6.551859,7.249072,0.751065
150443365356304,22.157562,6.55296,7.24809,0.750934
150443375357311,22.167563,6.543635,7.256776,0.748359
150443385358234,22.177564,6.52426,7.274763,0.742892
150443395359381,22.187565,6.496987,7.299859,0.735694
150443405360322,22.197566,6.467334,7.326716,0.729936
150443415361245,22.207567,6.440001,7.35113,0.726108
150443425362183,22.217568,6.419408,7.369289,0.724416
150443435363091,22.227569,6.406495,7.380615,0.723411
150443445363996,22.237570,6.400626,7.385967,0.720731
150443455364913,22.247571,6.400028,7.386917,0.716305
150443465365915,22.257572,6.400759,7.386832,0.710635
150443475366824,22.267573,6.40126,7.386911,0.705279
150443485367747,22.277574,6.401044,7.387365,0.702483
150443495368670,22.287575,6.400789,7.387318,0.705296
150443505369803,22.297576,6.403648,7.384071,0.713313
150443515370731,22.307577,6.411791,7.376006,0.723506
150443525371654,22.317578,6.424977,7.363838,0.730451
150443535372572,22.327579,6.439909,7.350905,0.729225
150443545373490,22.337579,6.450783,7.342479,0.717911
150443555374399,22.347580,6.451516,7.343533,0.700337
150443565375410,22.357581,6.439472,7.35553,0.685104
150443575376333,22.367582,6.417173,7.375688,0.677588
150443585377229,22.377583,6.390758,7.398569,0.677761
150443595378147,22.387584,6.366288,7.419288,0.681558
150443605379070,22.397585,6.348912,7.434033,0.682975
150443615379989,22.407586,6.340755,7.4414,0.678551
150443625381142,22.417587,6.341842,7.441488,0.667297
150443635382069,22.427588,6.350706,7.435243,0.652472
150443645383006,22.437589,6.364751,7.424476,0.638075
150443655383958,22.447590,6.382279,7.410304,0.627639
150443665384895,22.457591,6.401235,7.394597,0.619804
150443675385814,22.467592,6.420173,7.378724,0.613039
150443685386814,22.477593,6.438658,7.363178,0.606043
150443695387739,22.487594,6.455932,7.348673,0.598277
150443705388666,22.497595,6.47153,7.335674,0.589219
150443715389823,22.507596,6.48283,7.326579,0.578043
150443725390746,22.517597,6.488516,7.322695,0.563303
150443735391684,22.527598,6.488517,7.323969,0.546455
150443745392607,22.537599,6.48399,7.329043,0.531999
150443755393309,22.547599,6.477865,7.335058,0.523607
150443765394467,22.557600,6.473525,7.339176,0.519624
150443775395395,22.567601,6.473913,7.338882,0.51895
150443785396323,22.577602,6.48013,7.333412,0.518652
150443795397260,22.587603,6.491096,7.323899,0.515913
150443805398275,22.597604,6.504476,7.312462,0.509615
150443815399198,22.607605,6.51649,7.302419,0.49999
150443825400097,22.617606,6.525751,7.294944,0.48825
150443835400993,22.627607,6.531613,7.290452,0.476784
150443845401926,22.637608,6.533565,7.289286,0.467806
150443855402844,22.647609,6.533592,7.289572,0.462923
150443865403767,22.657610,6.532652,7.290619,0.459704
150443875404914,22.667611,6.530259,7.293119,0.454013
150443885405837,22.677612,6.52439,7.298995,0.44385
150443895406756,22.687613,6.513102,7.309836,0.431023
150443905407679,22.697614,6.494774,7.326847,0.41859
150443915408583,22.707615,6.471115,7.348269,0.40942
150443925409525,22.717616,6.446778,7.369932,0.403921
150443935410443,22.727616,6.426416,7.387787,0.402197
150443945411364,22.737617,6.414871,7.3977,0.40424
150443955412275,22.747618,6.414232,7.398042,0.408113
150443965413198,22.757619,6.424936,7.388539,0.411993
150443975414200,22.767620,6.443101,7.372631,0.413252
150443985415109,22.777621,6.464018,7.354397,0.411469
150443995416031,22.787622,6.481875,7.33895,0.406302
150444005416960,22.797623,6.494328,7.328291,0.399807
150444015417893,22.807624,6.502239,7.32154,0.39492
150444025418811,22.817625,6.507402,7.316896,0.395874
150444035419724,22.827626,6.512419,7.312108,0.401849
150444045420883,22.837627,6.518543,7.306142,0.410942
150444055421809,22.847628,6.526017,7.299083,0.41774
150444065422737,22.857629,6.532914,7.292909,0.417761
150444075423655,22.867630,6.534887,7.291537,0.410762
150444085424592,22.877631,6.529531,7.296809,0.402238
150444095425501,22.887632,6.518237,7.307051,0.399522
150444105426424,22.897632,6.505027,7.318456,0.405949
150444115427352,22.907633,6.49599,7.325805,0.417917
150444125428347,22.917634,6.494421,7.326507,0.429851
150444135429283,22.927635,6.499434,7.321676,0.436295
150444145430143,22.937636,6.507515,7.314542,0.435627
150444155431141,22.947637,6.513651,7.309483,0.428691
150444165432066,22.957638,6.51244,7.311143,0.418716
150444175432979,22.967639,6.501998,7.320909,0.410236
150444185433907,22.977640,6.48373,7.337329,0.406023
150444195434840,22.987641,6.463071,7.355437,0.407785
150444205435763,22.997642,6.446396,7.369643,0.415169
150444215436666,23.007643,6.435512,7.378644,0.423931
150444225437580,23.017644,6.428992,7.384004,0.429557
150444235438504,23.027645,6.420997,7.391088,0.427332
150444245439671,23.037646,6.408772,7.402105,0.420126
150444255440598,23.047647,6.393117,7.416029,0.413003
150444265441521,23.057648,6.376446,7.430434,0.411825
150444275442458,23.067648,6.36466,7.440066,0.420145
150444285443381,23.077649,6.363003,7.440344,0.439846
150444295444304,23.087650,6.374898,7.428358,0.46918
150444305445227,23.097651,6.399478,7.405206,0.499593
150444315446135,23.107652,6.433313,7.374096,0.524559
150444325447058,23.117653,6.47379,7.337274,0.542674
150444335447981,23.127654,6.517085,7.297793,0.556609
150444345448983,23.137655,6.55977,7.258373,0.570442
150444355449921,23.147656,6.600398,7.220011,0.588402
150444365450838,23.157657,6.638741,7.182914,0.610635
150444375451679,23.167658,6.674893,7.147388,0.632967
150444385452698,23.177659,6.708378,7.11417,0.652886
150444395453560,23.187660,6.739541,7.083015,0.670465
150444405454562,23.197661,6.769092,7.053191,0.686952
150444415455473,23.207661,6.796533,7.025286,0.701762
150444425456396,23.217662,6.820007,7.001299,0.713694
150444435457319,23.227663,6.836672,6.983871,0.724886
150444445458242,23.237664,6.84336,6.976425,0.733414
150444455459152,23.247665,6.838196,6.981132,0.736775
150444465460075,23.257666,6.821084,6.998234,0.73315
150444475461003,23.267667,6.792635,7.026688,0.7251
150444485461926,23.277668,6.755725,7.062972,0.71736
150444495462835,23.287669,6.713976,7.103224,0.711814
150444505464001,23.297670,6.672108,7.143291,0.704559
150444515464924,23.307671,6.6321,7.181596,0.692777
150444525465847,23.317672,6.592353,7.219775,0.675114
150444535466775,23.327673,6.550385,7.25993,0.652598
150444545467698,23.337674,6.504228,7.303467,0.628002
150444555468616,23.347675,6.45462,7.349175,0.606231
150444565469539,23.357676,6.406583,7.392214,0.592356
150444575470462,23.367676,6.367219,7.426278,0.590662
150444585471405,23.377677,6.34395,7.445089,0.604072
150444595472328,23.387678,6.343873,7.442844,0.631995
150444605473242,23.397679,6.371108,7.416608,0.665466
150444615474165,23.407680,6.426038,7.36632,0.695253
150444625475083,23.417681,6.504258,7.295276,0.716599
150444635476006,23.427682,6.598103,7.20911,0.730566
150444645476924,23.437683,6.699142,7.114344,0.740027
150444655477847,23.447684,6.796167,7.021094,0.745932
150444665478784,23.457685,6.876045,6.942613,0.748413
150444675479707,23.467686,6.930306,6.888227,0.75044
150444685480617,23.477687,6.958318,6.85921,0.75701
150444695481540,23.487688,6.964852,6.850747,0.773369
150444705482463,23.497688,6.955597,6.856975,0.801002
150444715483381,23.507689,6.942425,6.866135,0.835993
150444725484299,23.517690,6.937675,6.866549,0.871283
150444735485222,23.527691,6.944567,6.855778,0.900714
150444745486145,23.537692,6.960586,6.836713,0.921753
150444755487138,23.547693,6.984679,6.810249,0.935261
150444765488063,23.557694,7.013378,6.779309,0.945256
150444775488933,23.567695,7.041142,6.748578,0.958677
150444785489920,23.577696,7.065226,6.720558,0.978105
150444795490768,23.587697,7.084551,6.696681,1.001781
150444805491689,23.597698,7.097764,6.678866,1.026887
150444815492689,23.607699,7.10471,6.667714,1.051022
150444825493527,23.617700,7.104935,6.663828,1.073922
150444835494525,23.627701,7.099309,6.666384,1.095056
150444845495362,23.637701,7.089855,6.673383,1.113515
150444855496362,23.647702,7.077809,6.68346,1.12959
150444865497193,23.657703,7.063627,6.696307,1.142203
150444875498195,23.667704,7.046401,6.712848,1.151477
150444885499110,23.677705,7.025182,6.734286,1.155963
150444895499960,23.687706,6.999809,6.760241,1.158373
150444905500883,23.697707,6.969722,6.791029,1.159692
150444915501881,23.707708,6.93636,6.824608,1.162624
150444925502723,23.717709,6.903397,6.856979,1.168325
150444935503718,23.727710,6.873402,6.88572,1.176107
150444945504628,23.737711,6.846625,6.910947,1.184265
150444955505549,23.747712,6.822884,6.933276,1.190763
150444965506496,23.757712,6.799425,6.955691,1.194229
150444975507350,23.767713,6.773892,6.980704,1.193389
150444985508350,23.777714,6.745689,7.008273,1.19155
150444995509210,23.787715,6.717216,7.03598,1.189124
150445005510131,23.797716,6.691334,7.06133,1.184755
150445015511143,23.807717,6.670161,7.08228,1.17907
150445025511989,23.817718,6.653599,7.099262,1.170515
150445035513001,23.827719,6.641006,7.113299,1.156713
150445045513861,23.837720,6.629156,7.127462,1.137361
150445055514863,23.847721,6.61353,7.145518,1.114793
150445065515784,23.857722,6.588834,7.171461,1.094287
150445075516713,23.867723,6.550533,7.208624,1.079941
150445085517637,23.877724,6.497576,7.257341,1.073536
150445095518498,23.887724,6.433975,7.313556,1.075102
150445105519483,23.897725,6.36933,7.368838,1.082508
150445115520404,23.907726,6.315315,7.413156,1.096307
150445125521236,23.917727,6.2808,7.439196,1.118017
150445135522157,23.927728,6.269743,7.445196,1.139904
150445145523063,23.937729,6.280366,7.433669,1.156531
150445155524046,23.947730,6.307653,7.408792,1.167597
150445165524890,23.957731,6.346513,7.373651,1.179435
150445175525814,23.967732,6.393611,7.3292,1.201906
150445185526737,23.977733,6.451967,7.271087,1.242347
150445195527737,23.987734,6.52585,7.195813,1.293675
150445205528583,23.997735,6.614018,7.105629,1.343442
150445215529506,24.007736,6.709615,7.008409,1.37959
150445225530415,24.017736,6.803919,6.913752,1.395262
150445235531431,24.027737,6.888202,6.830674,1.390881
150445245532275,24.037738,6.955333,6.767545,1.36516
150445255533189,24.047739,7.000599,6.728479,1.326333
150445265534097,24.057740,7.02072,6.71548,1.285201
150445275535026,24.067741,7.014742,6.729172,1.245647
150445285535949,24.077742,6.985257,6.766281,1.209823
150445295536891,24.087743,6.938032,6.820124,1.178807
150445305537809,24.097744,6.879904,6.883071,1.153359
150445315538751,24.107745,6.81739,6.948215,1.133798
150445325539674,24.117746,6.758601,7.008257,1.116059
150445335540617,24.127747,6.710825,7.057198,1.095801
150445345541540,24.137748,6.678094,7.092209,1.069373
150445355542467,24.147748,6.660905,7.113194,1.036733
150445365543376,24.157749,6.654954,7.124292,0.998045
150445375544055,24.167750,6.655628,7.129112,0.958286
150445385545207,24.177751,6.658888,7.131085,0.920254
150445395545901,24.187752,6.659982,7.134256,0.887136
150445405546824,24.197753,6.655749,7.14112,0.863397
150445415547733,24.207754,6.648218,7.149587,0.851226
150445425548661,24.217755,6.64153,7.156124,0.84852
150445435549579,24.227756,6.639807,7.156965,0.854858
150445445550502,24.237757,6.645596,7.150396,0.864807
150445455551435,24.247757,6.658695,7.137091,0.873899
150445465552363,24.257758,6.678734,7.117128,0.883742
150445475553277,24.267759,6.70449,7.091226,0.896839
150445485554214,24.277760,6.734649,7.060074,0.916451
150445495555118,24.287761,6.768461,7.024247,0.942294
150445505556041,24.297762,6.803963,6.986112,0.969706
150445515556964,24.307763,6.837549,6.949688,0.994884
150445525557882,24.317764,6.865818,6.918633,1.016402
150445535558819,24.327765,6.888234,6.893439,1.035727
150445545559666,24.337766,6.906435,6.872217,1.05535
150445555560664,24.347767,6.922762,6.85223,1.078107
150445565561589,24.357768,6.941336,6.829695,1.101419
150445575562512,24.367769,6.963863,6.803376,1.121921
150445585563356,24.377769,6.989895,6.774529,1.134515
150445595564293,24.387770,7.016947,6.746138,1.136704
150445605565216,24.397771,7.041806,6.721298,1.130109
150445615566226,24.407772,7.061091,6.702838,1.119342
150445625567062,24.417773,7.071639,6.693596,1.108004
150445635567980,24.427774,7.071581,6.694861,1.10073
150445645568904,24.437775,7.060462,6.706498,1.101246
150445655569799,24.447776,7.041328,6.725598,1.107256
150445665570722,24.457777,7.017664,6.749398,1.112649
150445675571645,24.467778,6.990482,6.777283,1.11426
150445685572582,24.477779,6.961585,6.806961,1.114276
150445695573288,24.487779,6.932514,6.836293,1.115933
150445705574213,24.497780,6.904435,6.863662,1.122031
150445715575370,24.507781,6.879012,6.887383,1.132736
150445725576080,24.517782,6.85871,6.905192,1.14736
150445735576989,24.527783,6.842354,6.918933,1.162115
150445745577912,24.537784,6.828235,6.931101,1.172636
150445755578835,24.547785,6.816994,6.940682,1.181338
150445765579758,24.557786,6.809246,6.946229,1.193349
150445775580676,24.567787,6.806224,6.946121,1.211093
150445785581594,24.577788,6.8088,6.939946,1.23183
150445795582517,24.587789,6.817075,6.928702,1.249224
150445805583373,24.597789,6.831052,6.913002,1.259832
150445815584295,24.607790,6.844052,6.900053,1.260265
150445825585223,24.617791,6.851446,6.893718,1.25471
150445835586236,24.627792,6.852117,6.893592,1.251746
150445845587111,24.637793,6.846513,6.8981,1.257549
150445855588019,24.647794,6.837044,6.904639,1.273101
150445865588942,24.657795,6.826457,6.911169,1.294309
150445875589851,24.667796,6.815828,6.91777,1.314896
150445885590774,24.677797,6.806787,6.92346,1.331647
150445895591469,24.687797,6.799563,6.928932,1.340098
150445905592640,24.697799,6.794498,6.933823,1.340502
150445915593563,24.707800,6.792635,6.936048,1.338424
150445925594257,24.717800,6.794636,6.934323,1.337175
150445935595185,24.727801,6.799869,6.92908,1.337787
150445945596108,24.737802,6.807792,6.921396,1.33725
150445955597036,24.747803,6.817537,6.912925,1.33141
150445965597944,24.757804,6.827559,6.905101,1.320626
150445975598867,24.767805,6.834722,6.90027,1.30876
150445985599791,24.777806,6.837729,6.899228,1.298486
150445995600632,24.787807,6.836547,6.901392,1.293207
150446005601553,24.797808,6.832211,6.905392,1.294779
150446015602463,24.807808,6.827013,6.909373,1.300934
150446025603386,24.817809,6.824101,6.911052,1.307297
150446035604280,24.827810,6.823844,6.910578,1.311152
150446045605203,24.837811,6.8258,6.908272,1.313079
150446055606140,24.847812,6.828959,6.905113,1.313283
150446065607058,24.857813,6.831176,6.90314,1.312121
150446075607982,24.867814,6.829787,6.905227,1.308374
150446085608900,24.877815,6.822436,6.913736,1.301773
150446095609588,24.887816,6.807244,6.930452,1.2924
150446105610498,24.897816,6.786233,6.952514,1.28438
150446115611402,24.907817,6.766109,6.972362,1.282949
150446125612325,24.917818,6.753072,6.983886,1.288921
150446135613253,24.927819,6.750863,6.98456,1.296843
150446145614176,24.937820,6.758057,6.977877,1.295342
150446155615098,24.947821,6.768877,6.970467,1.278604
150446165615944,24.957822,6.776871,6.967929,1.24977
150446175616876,24.967823,6.777063,6.972726,1.221686
150446185617801,24.977824,6.770103,6.982422,1.204767
150446195618722,24.987825,6.760759,6.992112,1.201036
150446205619650,24.997826,6.754785,6.997177,1.205156
150446215620573,25.007827,6.756236,6.995065,1.209273
150446225621501,25.017828,6.766434,6.985673,1.206532
150446235622424,25.027828,6.781036,6.973799,1.193169
150446245623119,25.037829,6.794608,6.963806,1.174178
150446255624037,25.047830,6.803868,6.957565,1.157446
150446265624965,25.057831,6.807664,6.954998,1.150514
150446275625902,25.067832,6.808172,6.953811,1.154676
150446285626840,25.077833,6.811264,6.948686,1.167243
150446295627761,25.087834,6.822103,6.935677,1.181212
150446305628622,25.097835,6.841321,6.914958,1.191486
150446315629551,25.107836,6.866303,6.8897,1.194119
150446325630472,25.117836,6.890711,6.866631,1.186371
150446335631390,25.127837,6.907819,6.851742,1.172898
150446345632304,25.137838,6.913485,6.848627,1.157607
150446355633213,25.147839,6.905842,6.858356,1.145546
150446365634146,25.157840,6.887978,6.877444,1.13865
150446375634835,25.167841,6.867083,6.898262,1.138929
150446385635772,25.177842,6.851563,6.912416,1.14653
150446395636691,25.187843,6.845878,6.916188,1.157699
150446405637614,25.197844,6.851812,6.908655,1.167537
150446415638537,25.207845,6.867752,6.891878,1.173041
150446425639383,25.217845,6.888951,6.870992,1.171261
150446435640294,25.227846,6.909674,6.851142,1.165466
150446445641203,25.237847,6.926228,6.835052,1.16164
150446455642128,25.247848,6.937663,6.822984,1.164352
150446465643049,25.257849,6.946931,6.810953,1.17944
150446475643957,25.267850,6.960472,6.792229,1.207247
150446485644891,25.277851,6.983391,6.76297,1.23874
150446495645583,25.287852,7.015514,6.725209,1.26257
150446505646513,25.297853,7.051187,6.685993,1.272099
150446515647440,25.307853,7.082465,6.653824,1.266982
150446525648363,25.317854,7.100479,6.637086,1.253922
150446535649306,25.327855,7.100837,6.638404,1.244885
150446545650219,25.337856,7.085349,6.6539,1.250369
150446555651133,25.347857,7.061774,6.67454,1.273514
150446565651977,25.357858,7.040201,6.691566,1.303275
150446575652896,25.367859,7.026294,6.701715,1.325992
150446585653833,25.377860,7.021413,6.705403,1.333155
150446595654766,25.387861,7.021876,6.706578,1.324783
150446605655698,25.397862,7.021909,6.709924,1.307541
150446615656405,25.407862,7.017465,6.71725,1.29375
150446625657345,25.417863,7.008273,6.727394,1.290854
150446635658282,25.427864,6.996995,6.737107,1.301327
150446645659205,25.437865,6.987986,6.742812,1.320036
150446655660037,25.447866,6.986153,6.741136,1.338177
150446665661030,25.457867,6.990617,6.734517,1.348168
150446675661955,25.467868,6.997015,6.727535,1.349824
150446685662806,25.477869,7.000113,6.724558,1.348618
150446695663727,25.487870,6.998307,6.725654,1.35252
150446705664645,25.497871,6.995023,6.726246,1.366477
150446715665584,25.507872,6.995619,6.7204,1.391945
150446725666516,25.517873,7.002355,6.706808,1.423277
150446735667210,25.527873,7.013472,6.689203,1.451123
150446745668143,25.537874,7.026318,6.671954,1.468295
150446755669051,25.547875,7.034057,6.663159,1.471165
150446765669887,25.557876,7.031684,6.666936,1.465396
150446775670810,25.567877,7.019439,6.681286,1.458731
150446785671732,25.577878,7.002925,6.698296,1.460111
150446795672671,25.587879,6.989436,6.709521,1.473134
150446805673573,25.597880,6.983388,6.711689,1.491809
150446815674477,25.607880,6.983846,6.708234,1.505158
150446825675409,25.617881,6.988127,6.703544,1.50618
150446835676089,25.627882,6.989292,6.704685,1.495665
150446845677003,25.637883,6.983341,6.714592,1.47892
150446855677921,25.647884,6.969372,6.73213,1.465022
150446865678850,25.657885,6.950817,6.751876,1.462309
150446875679773,25.667886,6.93468,6.76627,1.472363
150446885680602,25.677887,6.927407,6.770547,1.486848
150446895681521,25.687888,6.93098,6.764699,1.496788
150446905682448,25.697888,6.942754,6.752493,1.497322
150446915683352,25.707889,6.956687,6.73928,1.49219
150446925684046,25.717890,6.968734,6.727847,1.487559
150446935684956,25.727891,6.978352,6.71793,1.48728
150446945686107,25.737892,6.986178,6.708121,1.49481
150446955686802,25.747893,6.995211,6.695571,1.508751
150446965687696,25.757894,7.006662,6.680678,1.521585
150446975688532,25.767895,7.016403,6.669133,1.527333
150446985689458,25.777895,7.019703,6.66592,1.5262
150446995690400,25.787896,7.013078,6.673668,1.522787
150447005691325,25.797897,6.995922,6.691715,1.522502
150447015692251,25.807898,6.973084,6.713442,1.531609
150447025693175,25.817899,6.95356,6.729122,1.551412
150447035693867,25.827900,6.941892,6.735854,1.574277
150447045694782,25.837901,6.939374,6.734661,1.59042
150447055695705,25.847902,6.94265,6.730875,1.592133
150447065696640,25.857903,6.945117,6.731091,1.580455
150447075697486,25.867903,6.942239,6.738003,1.563529
150447085698405,25.877904,6.931175,6.751957,1.552392
150447095699329,25.887905,6.914666,6.768634,1.553379
150447105700266,25.897906,6.899377,6.781413,1.565581
150447115700958,25.907907,6.889095,6.788598,1.579651
150447125701888,25.917908,6.885055,6.791099,1.586499
150447135702825,25.927909,6.885715,6.791603,1.581489
150447145703763,25.937910,6.887063,6.793861,1.565826
150447155704607,25.947911,6.884495,6.800376,1.548748
150447165705544,25.957912,6.876875,6.810166,1.539553
150447175706469,25.967912,6.867734,6.818608,1.542984
150447185707390,25.977913,6.862786,6.821505,1.552172
150447195708304,25.987914,6.863912,6.81901,1.558146
150447205708982,25.997915,6.869393,6.814694,1.552858
150447215709911,26.007916,6.873543,6.814007,1.537427
150447225710820,26.017917,6.871547,6.819662,1.521209
150447235711728,26.027918,6.86302,6.829967,1.513452
150447245712653,26.037919,6.85161,6.840351,1.518235
150447255713516,26.047920,6.844418,6.844408,1.532325
150447265714439,26.057920,6.845326,6.840672,1.544918
150447275715152,26.067921,6.854894,6.829779,1.55065
150447285716290,26.077922,6.870431,6.814615,1.548609
150447295716973,26.087923,6.886142,6.799915,1.543437
150447305717897,26.097924,6.898638,6.788367,1.538467
150447315718815,26.107925,6.906153,6.781118,1.536714
150447325719676,26.117926,6.908284,6.77767,1.542331
150447335720568,26.127927,6.906173,6.77725,1.553594
150447345721491,26.137927,6.903268,6.777666,1.564638
150447355722428,26.147928,6.900128,6.779948,1.568622
150447365723366,26.157929,6.893947,6.78766,1.562421
150447375724059,26.167930,6.881206,6.803514,1.549596
150447385724984,26.177931,6.860993,6.826494,1.538097
150447395725844,26.187932,6.836986,6.851169,1.535288
150447405726871,26.197933,6.814776,6.871504,1.543124
150447415727717,26.207934,6.799487,6.883173,1.558498
150447425728640,26.217935,6.794874,6.884269,1.573682
150447435729563,26.227936,6.800438,6.877638,1.578643
150447445730481,26.237936,6.811476,6.868734,1.569801
150447455731423,26.247937,6.820099,6.864339,1.551477
150447465732126,26.257938,6.821103,6.86662,1.536902
150447475733051,26.267939,6.816721,6.87098,1.536871
150447485733901,26.277940,6.810903,6.873393,1.551796
150447495734822,26.287941,6.810146,6.868985,1.574474
150447505735731,26.297942,6.819279,6.856033,1.591284
150447515736683,26.307943,6.837147,6.837651,1.593717
150447525737591,26.317944,6.859167,6.81753,1.585281
150447535738299,26.327944,6.880697,6.798289,1.574567
150447545739224,26.337945,6.899839,6.779832,1.570383
150447555740154,26.347946,6.916465,6.762975,1.569931
150447565740974,26.357947,6.929796,6.749999,1.56698
150447575741896,26.367948,6.936825,6.745106,1.556921
150447585742822,26.377949,6.936623,6.74877,1.541881
150447595743503,26.387950,6.929528,6.759186,1.528077
150447605744421,26.397950,6.920628,6.769832,1.521272
150447615745330,26.407951,6.917433,6.77304,1.52152
150447625746253,26.417952,6.925191,6.763585,1.528293
150447635747171,26.427953,6.946381,6.740405,1.534506
150447645748030,26.437954,6.980792,6.704566,1.535354
150447655748953,26.447955,7.021871,6.663643,1.526168
150447665749634,26.457956,7.061692,6.624926,1.510912
150447675750781,26.467957,7.094566,6.592814,1.497288
150447685751460,26.477957,7.118308,6.568226,1.492678
150447695752383,26.487958,7.134636,6.54833,1.502109
150447705753215,26.497959,7.145648,6.532367,1.519189
150447715754138,26.507960,7.155987,6.516711,1.537628
150447725755063,26.517961,7.170532,6.498046,1.548827
150447735755996,26.527962,7.191229,6.47491,1.549767
150447745756906,26.537963,7.21705,6.448396,1.540266
150447755757595,26.547964,7.246843,6.419132,1.522503
150447765758518,26.557965,7.279043,6.388691,1.496723
150447775759359,26.567965,7.315673,6.355674,1.458194
150447785760359,26.577966,7.35483,6.321542,1.408744
150447795761217,26.587967,7.392616,6.290074,1.350628
150447805762140,26.597968,7.42574,6.264011,1.288622
150447815763050,26.607969,7.452973,6.243161,1.231318
150447825763742,26.617970,7.477255,6.223303,1.183709
150447835764681,26.627971,7.503733,6.19892,1.143395
150447845765609,26.637972,7.535956,6.16699,1.103431
150447855766455,26.647972,7.575298,6.126687,1.057623
150447865767386,26.657973,7.620042,6.080387,1.001911
150447875768310,26.667974,7.666436,6.032257,0.936824
150447885768999,26.677975,7.710045,5.986295,0.87152
150447895769912,26.687976,7.748257,5.944959,0.813632
150447905770835,26.697977,7.781857,5.906819,0.769538
150447915771763,26.707978,7.813247,5.86929,0.737967
150447925772592,26.717979,7.844063,5.830935,0.714769
150447935773510,26.727980,7.873851,5.793016,0.695288
150447945774434,26.737980,7.903759,5.754557,0.675057
150447955775357,26.747981,7.933971,5.71551,0.651964
150447965776047,26.757982,7.962808,5.678343,0.62464
150447975776970,26.767983,7.989244,5.644464,0.593276
150447985777811,26.777984,8.012688,5.614693,0.55863
150447995778732,26.787985,8.032235,5.590229,0.522022
150448005779655,26.797986,8.047396,5.571759,0.484681
150448015780579,26.807987,8.058257,5.559097,0.448291
150448025781511,26.817988,8.064317,5.552733,0.417087
150448035782194,26.827988,8.064839,5.553678,0.393752
150448045783046,26.837989,8.061407,5.559592,0.380328
150448055784051,26.847990,8.054638,5.569642,0.37668
150448065784919,26.857991,8.046051,5.582103,0.37576
150448075785842,26.867992,8.039465,5.591695,0.374115
150448085786771,26.877993,8.037766,5.594296,0.371684
150448095787476,26.887993,8.042368,5.587714,0.37116
150448105788401,26.897994,8.0523,5.573152,0.374748
150448115789250,26.907995,8.06581,5.553043,0.38268
150448125790271,26.917996,8.081609,5.529433,0.391053
150448135791120,26.927997,8.098059,5.504943,0.396297
150448145792038,26.937998,8.112654,5.483102,0.400534
150448155792731,26.947999,8.123693,5.466104,0.409026
150448165793672,26.958000,8.12995,5.45548,0.426207
150448175794595,26.968001,8.130223,5.452982,0.452143
150448185795441,26.978001,8.12467,5.458673,0.482321
150448195796342,26.988002,8.116372,5.468518,0.509692
150448205797265,26.998003,8.107426,5.47977,0.530792
150448215797958,27.008004,8.098492,5.491644,0.544317
150448225798879,27.018005,8.089727,5.50382,0.551657
150448235799816,27.028006,8.080056,5.517713,0.554556
150448245800710,27.038007,8.069319,5.533546,0.553113
150448255801570,27.048008,8.058528,5.54975,0.548108
150448265802487,27.058008,8.047861,5.565934,0.540632
150448275803194,27.068009,8.038532,5.579973,0.534723
150448285804119,27.078010,8.031844,5.589714,0.533504
150448295805018,27.088011,8.027526,5.595752,0.535144
150448305805941,27.098012,8.024694,5.59987,0.534566
150448315806792,27.108013,8.022904,5.603078,0.527752
150448325807724,27.118014,8.020451,5.608054,0.511981
150448335808417,27.128014,8.016184,5.616211,0.488834
150448345809325,27.138015,8.010155,5.626875,0.464393
150448355810248,27.148016,8.001797,5.640285,0.445475
150448365811180,27.158017,7.992388,5.654371,0.435722
150448375812031,27.168018,7.984042,5.666417,0.43218
150448385812952,27.178019,7.977407,5.676026,0.428648
150448395813861,27.188020,7.972326,5.683658,0.421956
150448405814784,27.198021,7.966974,5.691993,0.410569
150448415815463,27.208021,7.959218,5.703821,0.396575
150448425816388,27.218022,7.949318,5.718419,0.384789
150448435817220,27.228023,7.938604,5.733765,0.377527
150448445818155,27.238024,7.927801,5.748771,0.376314
150448455818835,27.248025,7.918932,5.760644,0.38144
150448465819982,27.258026,7.913173,5.767959,0.390304
150448475820682,27.268027,7.910525,5.771119,0.397174
150448485821609,27.278028,7.910181,5.771562,0.397616
150448495822449,27.288028,7.91043,5.771672,0.391063
150448505823372,27.298029,7.909182,5.774123,0.379926
150448515824295,27.308030,7.905488,5.779988,0.367435
150448525824988,27.318031,7.897989,5.791005,0.35502
150448535825907,27.328032,7.883988,5.810732,0.343656
150448545826850,27.338033,7.862105,5.84074,0.336214
150448555827694,27.348034,7.833829,5.878925,0.330694
150448565828604,27.358035,7.800038,5.923922,0.3264
150448575829535,27.368036,7.760562,5.97562,0.325076
150448585830453,27.378036,7.715764,6.033182,0.328244
150448595831159,27.388037,7.670364,6.090321,0.33682
150448605832084,27.398038,7.628552,6.142035,0.347152
150448615832999,27.408039,7.592289,6.186447,0.353569
150448625833828,27.418040,7.562371,6.223216,0.349408
150448635834756,27.428041,7.535616,6.256528,0.332218
150448645835467,27.438041,7.506612,6.29268,0.30486
150448655836388,27.448042,7.472373,6.334547,0.277735
150448665837311,27.458043,7.431835,6.382852,0.258863
150448675838234,27.468044,7.38564,6.436685,0.247885
150448685839081,27.478045,7.335408,6.494079,0.242305
150448695839986,27.488046,7.281318,6.554829,0.23807
150448705840664,27.498047,7.222028,6.620291,0.232516
150448715841598,27.508048,7.156952,6.690861,0.224549
150448725842507,27.518049,7.088754,6.763304,0.217553
150448735843430,27.528049,7.021459,6.833199,0.215647
150448745844285,27.538050,6.959707,6.895962,0.219453
150448755845212,27.548051,6.907995,6.947425,0.230012
150448765845906,27.558052,6.868219,6.986308,0.24308
150448775846829,27.568053,6.838828,7.014818,0.250484
150448785847747,27.578054,6.816416,7.036695,0.247796
150448795848685,27.588055,6.798959,7.053806,0.24072
150448805849534,27.598056,6.785402,7.067035,0.235206
150448815850209,27.608056,6.777925,7.074166,0.23654
150448825851132,27.618057,6.778387,7.073241,0.250447
150448835852051,27.628058,6.788991,7.061929,0.280675
150448845852880,27.638059,6.811646,7.03846,0.318618
150448855853808,27.648060,6.845672,7.003932,0.348914
150448865854731,27.658061,6.882898,6.966737,0.360984
150448875855669,27.668062,6.909053,6.941235,0.352582
150448885856349,27.678062,6.90947,6.941915,0.330208
150448895857272,27.688063,6.878461,6.973551,0.310401
150448905858137,27.698064,6.825994,7.024923,0.310244
150448915859068,27.708065,6.770403,7.077215,0.338656
150448925859986,27.718066,6.725622,7.117486,0.383926
150448935860909,27.728067,6.698447,7.140562,0.428026
150448945861604,27.738068,6.686595,7.149832,0.457602
150448955862512,27.748069,6.681461,7.154181,0.464541
150448965863356,27.758069,6.673555,7.16242,0.451019
150448975864274,27.768070,6.652484,7.183326,0.429275
150448985864964,27.778071,6.613818,7.219721,0.415972
150448995865892,27.788072,6.562945,7.265772,0.419872
150449005866820,27.798073,6.509782,7.312397,0.437754
150449015867762,27.808074,6.463709,7.351662,0.462081
150449025868608,27.818075,6.431313,7.378545,0.485101
150449035869544,27.828076,6.41679,7.389911,0.503951
150449045870238,27.838076,6.421369,7.385018,0.517222
150449055871161,27.848077,6.448747,7.359892,0.534462
150449065872008,27.858078,6.506488,7.306462,0.566815
150449075872931,27.868079,6.599388,7.219141,0.60998
150449085873850,27.878080,6.719275,7.104564,0.645367
150449095874756,27.888081,6.850203,6.977443,0.65573
150449105875439,27.898081,6.973063,6.856426,0.637052
150449115876378,27.908082,7.064873,6.765373,0.597721
150449125877317,27.918083,7.108109,6.723572,0.555263
150449135878160,27.928084,7.096781,6.737931,0.52535
150449145879083,27.938085,7.036284,6.80168,0.517557
150449155879781,27.948086,6.935133,6.903717,0.531626
150449165880704,27.958087,6.807871,7.026802,0.563027
150449175881627,27.968088,6.672914,7.152046,0.600387
150449185882473,27.978088,6.543045,7.267956,0.636709
150449195883391,27.988089,6.423625,7.3711,0.66628
150449205884071,27.998090,6.31907,7.459314,0.684084
150449215884983,28.008091,6.233104,7.531399,0.682981
150449225885902,28.018092,6.162884,7.590838,0.661868
150449235886747,28.028093,6.099531,7.644628,0.628748
150449245887656,28.038094,6.03386,7.699259,0.594908
150449255888577,28.048095,5.963094,7.755973,0.571319
150449265889284,28.058095,5.888739,7.813165,0.563189
150449275890209,28.068096,5.813054,7.868878,0.573696
150449285891132,28.078097,5.741983,7.918995,0.599261
150449295892036,28.088098,5.683304,7.958855,0.62984
150449305892875,28.098099,5.643344,7.984772,0.660392
150449315893570,28.108100,5.626711,7.99378,0.692555
150449325894493,28.118100,5.633713,7.985748,0.727402
150449335895411,28.128101,5.661474,7.962458,0.766126
150449345896334,28.138102,5.705937,7.926347,0.80953
150449355897171,28.148103,5.763094,7.879935,0.85639
150449365898092,28.158104,5.827884,7.82645,0.90688
150449375898787,28.168105,5.894737,7.769873,0.959782
150449385899710,28.178106,5.958436,7.714547,1.011342
150449395900623,28.188107,6.01306,7.665487,1.059916
150449405901469,28.198107,6.049928,7.630181,1.103945
150449415902404,28.208108,6.061651,7.615204,1.142376
150449425903098,28.218109,6.042835,7.624914,1.176782
150449435904036,28.228110,5.996189,7.656172,1.211889
150449445904931,28.238111,5.930604,7.70063,1.252272
150449455905775,28.248112,5.857537,7.748742,1.298568
150449465906703,28.258113,5.787258,7.793273,1.346295
150449475907626,28.268114,5.728278,7.829301,1.38885
150449485908308,28.278114,5.68643,7.854568,1.417835
150449495909223,28.288115,5.662606,7.869751,1.42894
150449505910156,28.298116,5.652733,7.877991,1.42264
150449515910986,28.308117,5.65405,7.880499,1.403366
150449525911909,28.318118,5.664508,7.87734,1.37872
150449535912598,28.328119,5.683022,7.86791,1.356182
150449545913536,28.338120,5.706177,7.854122,1.338758
150449555914454,28.348120,5.732652,7.836719,1.327598
150449565915300,28.358121,5.762476,7.816039,1.320381
150449575916236,28.368122,5.794708,7.793609,1.311862
150449585916930,28.378123,5.826373,7.772592,1.296212
150449595917863,28.388124,5.852698,7.756654,1.272888
150449605918781,28.398125,5.870463,7.747668,1.245507
150449615919635,28.408126,5.878161,7.746056,1.218944
150449625920569,28.418127,5.876843,7.750521,1.196728
150449635921490,28.428127,5.87124,7.756958,1.182425
150449645922169,28.438128,5.868527,7.760048,1.175605
150449655923108,28.448129,5.87235,7.757366,1.174227
150449665923959,28.458130,5.883734,7.748872,1.173327
150449675924875,28.468131,5.90083,7.736468,1.16929
150449685925798,28.478132,5.92127,7.722181,1.160358
150449695926508,28.488133,5.939722,7.710062,1.146584
150449705927440,28.498133,5.952903,7.701998,1.132311
150449715928291,28.508134,5.962355,7.695887,1.124133
150449725929214,28.518135,5.971354,7.689123,1.122635
150449735930145,28.528136,5.980784,7.681218,1.126559
150449745930839,28.538137,5.990657,7.672773,1.131632
150449755931763,28.548138,6.000462,7.664605,1.13503
150449765932676,28.558139,6.007801,7.659184,1.132805
150449775933512,28.568140,6.011523,7.657292,1.125806
150449785934433,28.578140,6.013329,7.656587,1.120955
150449795935366,28.588141,6.016256,7.653873,1.123765
150449805936058,28.598142,6.021682,7.647916,1.135215
150449815936983,28.608143,6.028722,7.640211,1.149631
150449825937828,28.618144,6.036971,7.631973,1.161011
150449835938751,28.628145,6.045519,7.624288,1.167017
150449845939674,28.638146,6.052474,7.618948,1.165839
150449855940363,28.648146,6.055818,7.616865,1.162089
150449865941286,28.658147,6.05708,7.615112,1.166992
150449875942132,28.668148,6.05999,7.610121,1.18431
150449885943056,28.678149,6.066377,7.601275,1.20818
150449895943982,28.688150,6.078027,7.587911,1.233384
150449905944684,28.698151,6.095128,7.57098,1.252877
150449915945614,28.708152,6.11713,7.551683,1.262071
150449925946458,28.718152,6.140233,7.533342,1.259455
150449935947381,28.728153,6.161435,7.517299,1.251785
150449945948061,28.738154,6.178668,7.503697,1.248443
150449955948984,28.748155,6.192715,7.491663,1.251117
150449965949898,28.758156,6.202749,7.482283,1.25752
150449975950729,28.768157,6.207961,7.477171,1.262203
150449985951650,28.778158,6.20834,7.476897,1.26195
150449995952588,28.788159,6.205271,7.480207,1.257428
150450005953276,28.798159,6.200075,7.485734,1.250159
150450015954201,28.808160,6.194063,7.491863,1.243184
150450025955056,28.818161,6.188353,7.497502,1.237641
150450035955963,28.828162,6.182818,7.503073,1.231524
150450045956888,28.838163,6.176094,7.509818,1.224121
150450055957563,28.848164,6.167573,7.518284,1.215084
150450065958488,28.858164,6.158983,7.526666,1.20673
150450075959329,28.868165,6.15354,7.531782,1.202579
150450085960247,28.878166,6.155146,7.530607,1.201718
150450095960926,28.888167,6.166464,7.521029,1.203685
150450105961849,28.898168,6.187238,7.503718,1.205108
150450115962772,28.908169,6.215022,7.481458,1.200545
150450125963633,28.918170,6.243387,7.459626,1.189147
150450135964564,28.928171,6.267318,7.442234,1.172125
150450145965497,28.938171,6.2837,7.431257,1.153911
150450155966184,28.948172,6.290151,7.427916,1.140207
150450165967109,28.958173,6.289034,7.429489,1.13612
150450175967960,28.968174,6.286223,7.43092,1.142285
150450185968886,28.978175,6.286873,7.428466,1.154615
150450195969576,28.988176,6.292534,7.422001,1.165316
150450205970508,28.998177,6.299907,7.415187,1.168843
150450215971431,29.008177,6.302819,7.413595,1.163231
150450225972290,29.018178,6.297615,7.420083,1.149955
150450235973208,29.028179,6.281601,7.436008,1.134571
150450245974131,29.038180,6.25776,7.457561,1.124828
150450255974824,29.048181,6.233134,7.478082,1.125316
150450265975744,29.058182,6.214537,7.49169,1.137567
150450275976574,29.068183,6.206681,7.495527,1.155073
150450285977502,29.078184,6.210823,7.490164,1.167506
150450295978410,29.088184,6.223172,7.480089,1.166355
150450305979107,29.098185,6.236903,7.471076,1.150682
150450315979941,29.108186,6.245755,7.467044,1.12864
150450325980862,29.118187,6.248262,7.467355,1.112572
150450335981785,29.128188,6.247094,7.468956,1.108367
150450345982477,29.138188,6.248372,7.466305,1.118964
150450355983402,29.148189,6.257786,7.455137,1.140616
150450365984258,29.158190,6.275413,7.436919,1.162514
150450375985180,29.168191,6.298371,7.415178,1.177152
150450385986098,29.178192,6.323184,7.393339,1.181479
150450395987007,29.188193,6.346021,7.374055,1.17953
150450405987718,29.198194,6.364355,7.358773,1.176213
150450415988643,29.208195,6.376664,7.348235,1.175395
150450425989487,29.218195,6.385568,7.340231,1.177089
150450435990429,29.228196,6.391809,7.334085,1.1815
150450445991141,29.238197,6.393759,7.331709,1.185705
150450455992059,29.248198,6.388894,7.33582,1.186494
150450465992907,29.258199,6.378575,7.344699,1.187095
150450475993828,29.268200,6.36709,7.354144,1.190243
150450485994551,29.278201,6.360852,7.358405,1.197254
150450495995479,29.288201,6.362541,7.355498,1.206138
150450505996402,29.298202,6.372201,7.346029,1.2128
150450515997246,29.308203,6.386495,7.333558,1.213079
150450525998171,29.318204,6.399938,7.322996,1.206046
150450535998840,29.328205,6.407198,7.318189,1.196617
150450545999763,29.338206,6.407404,7.318831,1.19159
150450556000619,29.348207,6.402275,7.32307,1.193128
150450566001540,29.358208,6.395316,7.327627,1.202416
150450576002453,29.368208,6.388701,7.331681,1.212845
150450586003147,29.378209,6.384029,7.334944,1.217699
150450596004070,29.388210,6.381271,7.337652,1.215817
150450606004910,29.398211,6.382295,7.337032,1.214201
150450616005834,29.408212,6.389271,7.330065,1.21957
150450626006521,29.418213,6.401945,7.316849,1.232407
150450636007455,29.428213,6.419801,7.298993,1.245328
150450646008301,29.438214,6.435637,7.283789,1.252595
150450656009236,29.448215,6.443888,7.276661,1.251607
150450666010145,29.458216,6.440017,7.281034,1.24608
150450676010833,29.468217,6.425365,7.294665,1.241994
150450686011681,29.478218,6.407861,7.308465,1.251231
150450696012602,29.488219,6.395436,7.315122,1.27569
150450706013540,29.498220,6.396221,7.308714,1.30808
150450716014236,29.508220,6.411046,7.291522,1.331257
150450726015161,29.518221,6.434636,7.269895,1.335697
150450736016085,29.528222,6.459182,7.250013,1.325235
150450746016931,29.538223,6.481313,7.232353,1.313646
150450756017861,29.548224,6.500669,7.214525,1.316022
150450766018548,29.558225,6.517975,7.195828,1.332681
150450776019479,29.568225,6.533667,7.176994,1.357193
150450786020311,29.578226,6.545697,7.162866,1.373748
150450796021214,29.588227,6.551179,7.157211,1.377085
150450806021922,29.598228,6.548061,7.161786,1.368107
150450816022835,29.608229,6.536921,7.173785,1.358481
150450826023652,29.618230,6.523559,7.185904,1.358658
150450836024569,29.628231,6.514239,7.191663,1.372837
150450846025496,29.638231,6.51354,7.188142,1.394429
150450856026177,29.648232,6.521361,7.177976,1.410161
150450866027090,29.658233,6.533804,7.166173,1.412583
150450876027936,29.668234,6.546201,7.156445,1.404471
150450886028857,29.678235,6.555109,7.150354,1.393906
150450896029549,29.688236,6.559998,7.14696,1.388305
150450906030475,29.698236,6.560998,7.14566,1.390273
150450916031305,29.708237,6.559769,7.145224,1.398287
150450926032228,29.718238,6.557276,7.146272,1.404608
150450936033151,29.728239,6.550843,7.152364,1.403601
150450946033838,29.738240,6.537593,7.166178,1.394895
150450956034700,29.748241,6.521559,7.182163,1.387734
150450966035635,29.758242,6.504532,7.197511,1.388126
150450976036535,29.768243,6.489152,7.209786,1.396385
150450986037242,29.778243,6.479241,7.216403,1.408162
150450996038181,29.788244,6.476658,7.216878,1.417591
150451006039037,29.798245,6.478401,7.214697,1.420727
150451016039958,29.808246,6.481634,7.212441,1.417449
150451026040667,29.818247,6.485885,7.209112,1.414935
150451036041604,29.828248,6.492633,7.202746,1.416386
150451046042460,29.838248,6.501918,7.193507,1.42074
150451056043367,29.848249,6.512738,7.182768,1.425516
150451066044299,29.858250,6.52421,7.171923,1.427657
150451076044993,29.868251,6.536467,7.161306,1.424868
150451086045945,29.878252,6.549658,7.150195,1.420104
150451096046779,29.888253,6.564601,7.136815,1.4184
150451106047465,29.898253,6.582327,7.120302,1.419242
150451116048402,29.908254,6.603048,7.100887,1.420253
150451126049340,29.918255,6.626274,7.079673,1.418002
150451136050171,29.928256,6.649806,7.059379,1.408977
150451146051107,29.938257,6.671831,7.04094,1.397072
150451156051799,29.948258,6.691429,7.024505,1.386042
150451166052724,29.958259,6.709569,7.008382,1.37996
150451176053568,29.968260,6.728614,6.99038,1.378524
150451186054487,29.978260,6.748623,6.970941,1.379153
150451196055182,29.988261,6.764915,6.955846,1.37556
150451206056090,29.998262,6.773745,6.948984,1.366734
150451216057008,30.008263,6.772836,6.952032,1.355698
150451226057852,30.018264,6.762274,6.964142,1.346237
150451236058747,30.028265,6.746522,6.979388,1.346316
150451246059441,30.038265,6.733318,6.990475,1.354875
150451256060349,30.048266,6.728575,6.99247,1.36808
150451266061194,30.058267,6.733056,6.985533,1.381402
150451276062132,30.068268,6.744655,6.97334,1.386422
150451286062826,30.078269,6.755433,6.964378,1.378974
150451296063657,30.088270,6.7587,6.963864,1.365489
150451306064549,30.098271,6.750623,6.974092,1.353175
150451316065472,30.108271,6.733128,6.991275,1.351681
150451326066182,30.118272,6.709947,7.01176,1.360825
150451336067119,30.128273,6.682969,7.034386,1.376715
150451346067965,30.138274,6.654729,7.058867,1.388162
150451356068886,30.148275,6.626061,7.085371,1.390272
150451366069795,30.158276,6.594717,7.1162,1.381795
150451376070488,30.168276,6.559718,7.150277,1.372465
150451386071334,30.178277,6.52424,7.18344,1.368398
150451396072261,30.188278,6.493506,7.210532,1.37209
150451406073184,30.198279,6.471196,7.229137,1.379569
150451416073905,30.208280,6.455405,7.241847,1.386878
150451426074816,30.218281,6.445757,7.249581,1.391318
150451436075661,30.228282,6.441396,7.253891,1.389049
150451446076350,30.238282,6.438792,7.258061,1.379295
150451456077287,30.248283,6.435978,7.262875,1.367052
150451466078210,30.258284,6.432891,7.267829,1.355205
150451476079069,30.268285,6.429791,7.272291,1.345946
150451486079764,30.278286,6.427772,7.275132,1.340237
150451496080687,30.288287,6.429249,7.274784,1.335013
150451506081595,30.298288,6.435409,7.270446,1.328964
150451516082441,30.308288,6.446252,7.261846,1.323412
150451526083362,30.318289,6.461189,7.249768,1.316783
150451536084056,30.328290,6.476671,7.237942,1.30573
150451546084903,30.338291,6.488833,7.229783,1.29046
150451556085839,30.348292,6.497315,7.225502,1.271635
150451566086761,30.358293,6.50301,7.222713,1.25829
150451576087468,30.368293,6.508012,7.218972,1.253899
150451586088379,30.378294,6.51702,7.210234,1.257357
150451596089250,30.388295,6.531317,7.196894,1.259605
150451606090179,30.398296,6.549442,7.181189,1.255105
150451616090888,30.408297,6.567168,7.166946,1.243844
150451626091811,30.418298,6.583499,7.154268,1.230436
150451636092666,30.428299,6.598789,7.142037,1.219533
150451646093587,30.438300,6.612129,7.130562,1.21442
150451656094280,30.448300,6.623526,7.119705,1.216019
150451666095219,30.458301,6.632692,7.11067,1.218936
150451676096140,30.468302,6.638705,7.105004,1.219238
150451686096972,30.478303,6.642621,7.101938,1.215758
150451696097895,30.488304,6.648678,7.096939,1.21181
150451706098587,30.498305,6.657806,7.08864,1.210299
150451716099419,30.508305,6.67079,7.075977,1.212889
150451726100099,30.518306,6.68859,7.058439,1.217049
150451736101022,30.528307,6.709597,7.038206,1.218579
150451746101945,30.538308,6.72985,7.020113,1.211254
150451756102786,30.548309,6.74702,7.005278,1.201587
150451766103693,30.558310,6.7593,6.994986,1.192481
150451776104367,30.568310,6.767384,6.987612,1.189866
150451786105263,30.578311,6.775209,6.97942,1.193423
150451796106107,30.588312,6.784498,6.969517,1.198495
150451806107016,30.598313,6.791137,6.96347,1.196046
150451816107713,30.608314,6.792567,6.964076,1.184345
150451826108638,30.618315,6.788311,6.971668,1.163899
150451836109564,30.628316,6.778933,6.984494,1.141446
150451846110410,30.638316,6.766939,6.999496,1.120543
150451856111333,30.648317,6.753111,7.015613,1.103039
150451866112025,30.658318,6.7387,7.031862,1.087588
150451876112876,30.668319,6.726068,7.04605,1.073865
150451886113816,30.678320,6.717508,7.055984,1.062177
150451896114737,30.688321,6.715731,7.0582,1.05864
150451906115429,30.698321,6.723562,7.050308,1.061556
150451916116261,30.708322,6.742703,7.031003,1.068154
150451926117184,30.718323,6.769625,7.004507,1.071939
150451936117862,30.728324,6.799477,6.976331,1.066741
150451946118787,30.738325,6.828808,6.94897,1.057898
150451956119648,30.748326,6.854347,6.924918,1.05045
150451966120578,30.758327,6.876908,6.902948,1.047585
150451976121277,30.768327,6.896517,6.882581,1.052678
150451986122112,30.778328,6.91275,6.865075,1.060481
150451996123049,30.788329,6.922068,6.855523,1.061475
150452006123967,30.798330,6.920021,6.858655,1.054606
150452016124659,30.808331,6.904406,6.87626,1.042241
150452026125584,30.818332,6.878001,6.904169,1.032266
150452036126430,30.828332,6.844672,6.937601,1.029616
150452046127104,30.838333,6.806765,6.974066,1.034559
150452056128027,30.848334,6.768337,7.010028,1.043589
150452066128887,30.858335,6.734432,7.041233,1.052823
150452076129794,30.868336,6.706351,7.067291,1.05748
150452086130717,30.878337,6.68623,7.08662,1.055522
150452096131433,30.888337,6.672397,7.100232,1.0516
150452106132364,30.898338,6.667301,7.105402,1.049008
150452116133222,30.908339,6.674614,7.098202,1.051205
150452126134140,30.918340,6.69479,7.078348,1.056753
150452136134823,30.928341,6.726656,7.047074,1.063406
150452146135685,30.938342,6.767396,7.007092,1.069119
150452156136596,30.948343,6.812241,6.96372,1.067693
150452166137284,30.958343,6.854582,6.923509,1.058175
150452176138209,30.968344,6.88813,6.893182,1.038122
150452186139130,30.978345,6.907535,6.877718,1.01138
150452196139976,30.988346,6.909545,6.87932,0.986469
150452206140668,30.998347,6.897291,6.893558,0.972737
150452216141609,31.008348,6.878327,6.912712,0.971117
150452226142546,31.018349,6.857019,6.932677,0.979432
150452236143390,31.028349,6.838574,6.949411,0.989706
150452246144098,31.038350,6.824825,6.961908,0.99679
150452256145036,31.048351,6.817746,6.968368,1.000111
150452266145856,31.058352,6.819657,6.966522,0.999941
150452276146551,31.068353,6.830674,6.956047,0.997656
150452286147474,31.078353,6.849669,6.938686,0.988269
150452296148387,31.088354,6.872199,6.918553,0.972864
150452306149246,31.098355,6.892519,6.900864,0.954603
150452316149911,31.108356,6.908226,6.887604,0.936645
150452326150850,31.118357,6.922941,6.874053,0.92748
150452336151684,31.128358,6.939856,6.857107,0.926572
150452346152607,31.138359,6.960973,6.835603,0.927
150452356153301,31.148359,6.985136,6.811011,0.926299
150452366154234,31.158360,7.009103,6.787631,0.916827
150452376155084,31.168361,7.026095,6.77258,0.897878
150452386155992,31.178362,7.031754,6.769827,0.873981
150452396156915,31.188363,7.025442,6.779354,0.850602
150452406157607,31.198364,7.00747,6.799916,0.834568
150452416158444,31.208364,6.983067,6.825908,0.826856
150452426159367,31.218365,6.957168,6.852228,0.827512
150452436160074,31.228366,6.936327,6.872371,0.835393
150452446160999,31.238367,6.924512,6.882782,0.847601
150452456161850,31.248368,6.92392,6.881778,0.860497
150452466162771,31.258369,6.933465,6.871431,0.866325
150452476163476,31.268369,6.949405,6.855855,0.861951
150452486164415,31.278370,6.965892,6.840794,0.848474
150452496165275,31.288371,6.976124,6.832812,0.828476
150452506166183,31.298372,6.977612,6.833674,0.808597
150452516166871,31.308373,6.970366,6.842515,0.796233
150452526167704,31.318374,6.955543,6.857657,0.795587
150452536168615,31.328375,6.938445,6.873734,0.806048
150452546169320,31.338375,6.924286,6.886597,0.817934
150452556170156,31.348376,6.912255,6.897606,0.826889
150452566171156,31.358377,6.902131,6.908003,0.824653
150452576172010,31.368378,6.892509,6.918899,0.813732
150452586172704,31.378379,6.880216,6.932647,0.800631
150452596173546,31.388380,6.864185,6.949404,0.79291
150452606174467,31.398380,6.845054,6.967861,0.796334
150452616175385,31.408381,6.823889,6.987651,0.804527
150452626176094,31.418382,6.801746,7.008124,0.813888
150452636176998,31.428383,6.779804,7.028522,0.821031
150452646177856,31.438384,6.75913,7.04766,0.827417
150452656178535,31.448385,6.74288,7.06243,0.834064
150452666179460,31.458385,6.733858,7.069782,0.844597
150452676180304,31.468386,6.732918,7.069551,0.853945
150452686181227,31.478387,6.739299,7.062911,0.858594
150452696181925,31.488388,6.751045,7.051439,0.860567
150452706182868,31.498389,6.766005,7.037011,0.861208
150452716183727,31.508390,6.778874,7.024894,0.858889
150452726184626,31.518391,6.784713,7.019269,0.858784
150452736185327,31.528391,6.780264,7.02354,0.859015
150452746186228,31.538392,6.764679,7.0382,0.861894
150452756187058,31.548393,6.73917,7.061749,0.869067
150452766187748,31.558394,6.711458,7.086382,0.882896
150452776188671,31.568395,6.686307,7.107856,0.900919
150452786189597,31.578396,6.667266,7.123478,0.918474
150452796190199,31.588396,6.654032,7.13424,0.930863
150452806191137,31.598397,6.643482,7.143593,0.934447
150452816192061,31.608398,6.634443,7.152356,0.931656
150452826192890,31.618399,6.628842,7.158168,0.926847
150452836193813,31.628400,6.629372,7.15755,0.927855
150452846194512,31.638401,6.637372,7.148905,0.937252
150452856195455,31.648401,6.6534,7.132361,0.949586
150452866196314,31.658402,6.67524,7.111115,0.955625
150452876197233,31.668403,6.700397,7.087516,0.954871
150452886197896,31.678404,6.726679,7.063039,0.951447
150452896198756,31.688405,6.751094,7.039721,0.951336
150452906199679,31.698406,6.77397,7.016641,0.9592
150452916200383,31.708406,6.794934,6.994371,0.973477
150452926201321,31.718407,6.814105,6.974138,0.984601
150452936202156,31.728408,6.828471,6.959317,0.989907
150452946202850,31.738409,6.835339,6.95262,0.98957
150452956203773,31.748410,6.831977,6.956111,0.988231
150452966204710,31.758411,6.818451,6.969083,0.990255
150452976205570,31.768412,6.794955,6.991172,0.996044
150452986206278,31.778412,6.764041,7.019777,1.00525
150452996207201,31.788413,6.730399,7.050872,1.013375
150453006208109,31.798414,6.69712,7.081488,1.020353
150453016208953,31.808415,6.669692,7.106574,1.02556
150453026209870,31.818416,6.651086,7.122919,1.032963
150453036210551,31.828417,6.642889,7.129028,1.04354
150453046211395,31.838417,6.643819,7.126404,1.055503
150453056212314,31.848418,6.652092,7.116546,1.069788
150453066213026,31.858419,6.66624,7.100912,1.085478
150453076213935,31.868420,6.685199,7.080435,1.10253
150453086214795,31.878421,6.705691,7.058323,1.119695
150453096215708,31.888422,6.726115,7.036292,1.135783
150453106216414,31.898422,6.745734,7.015313,1.149092
150453116217353,31.908423,6.761019,6.998397,1.162351
150453126218185,31.918424,6.770081,6.98742,1.175555
150453136219106,31.928425,6.774533,6.980627,1.190185
150453146219785,31.938426,6.773418,6.979631,1.202329
150453156220619,31.948427,6.767298,6.98407,1.210964
150453166221540,31.958428,6.757786,6.991743,1.21979
150453176222463,31.968428,6.747247,6.999716,1.232334
150453186223185,31.978429,6.739134,7.00483,1.247551
150453196224103,31.988430,6.735172,7.006094,1.26179
150453206224948,31.998431,6.735724,7.003728,1.271932
150453216225871,32.008432,6.739392,6.999398,1.276312
150453226226563,32.018433,6.747122,6.9919,1.2766
150453236227498,32.028433,6.759333,6.979772,1.278352
150453246228353,32.038434,6.77669,6.962146,1.282576
150453256229018,32.048435,6.799866,6.938507,1.287994
150453266229955,32.058436,6.826918,6.911403,1.290627
150453276230791,32.068437,6.855072,6.885092,1.281978
150453286231712,32.078438,6.880915,6.862205,1.26616
150453296232640,32.088439,6.900925,6.845013,1.250213
150453306233353,32.098439,6.914614,6.832848,1.241098
150453316234263,32.108440,6.923553,6.824486,1.237265
150453326235107,32.118441,6.93175,6.815752,1.23951
150453336236035,32.128442,6.934406,6.812523,1.242408
150453346236731,32.138443,6.929624,6.818475,1.23641
150453356237642,32.148444,6.917052,6.833566,1.223424
150453366238500,32.158445,6.896042,6.857,1.210859
150453376239195,32.168445,6.871311,6.882815,1.20497
150453386240118,32.178446,6.846688,6.906546,1.209344
150453396241051,32.188447,6.830198,6.920342,1.223629
150453406241974,32.198448,6.828167,6.919364,1.240354
150453416242803,32.208449,6.841316,6.904397,1.251277
150453426243496,32.218449,6.864842,6.881368,1.249293
150453436244436,32.228450,6.892159,6.857359,1.230771
150453446245373,32.238451,6.916693,6.837518,1.203198
150453456246214,32.248452,6.93254,6.826119,1.176416
150453466247130,32.258453,6.93835,6.823345,1.158114
150453476247824,32.268454,6.935223,6.827286,1.153632
150453486248671,32.278455,6.924891,6.836655,1.160191
150453496249592,32.288456,6.910202,6.849988,1.169088
150453506250525,32.298457,6.893651,6.865689,1.174679
150453516251212,32.308457,6.877753,6.881615,1.174678
150453526252137,32.318458,6.864252,6.895725,1.170888
150453536252983,32.328459,6.854074,6.906317,1.168102
150453546253889,32.338460,6.847333,6.913595,1.164562
150453556254813,32.348461,6.841908,6.920087,1.15788
150453566255505,32.358462,6.834049,6.929727,1.146573
150453576256411,32.368462,6.822495,6.943666,1.130934
150453586257334,32.378463,6.809741,6.958721,1.115183
150453596258178,32.388464,6.798368,6.971997,1.101556
150453606259101,32.398465,6.791638,6.979513,1.095469
150453616259782,32.408466,6.792354,6.978442,1.097815
150453626260714,32.418467,6.80332,6.967036,1.102382
150453636261560,32.428468,6.822969,6.947793,1.102386
150453646262491,32.438468,6.846475,6.925816,1.094902
150453656263414,32.448469,6.870705,6.903755,1.082397
150453666264107,32.458470,6.89313,6.88309,1.071346
150453676265018,32.468471,6.914334,6.862449,1.067147
150453686265864,32.478472,6.935262,6.840851,1.070012
150453696266780,32.488473,6.95646,6.818413,1.075589
150453706267699,32.498474,6.977602,6.796201,1.079222
150453716268404,32.508474,6.997473,6.776268,1.07591
150453726269329,32.518475,7.011086,6.764,1.064402
150453736270239,32.528476,7.01527,6.762112,1.048721
150453746271104,32.538477,7.006889,6.772773,1.03589
150453756272025,32.548478,6.987942,6.793358,1.02908
150453766272948,32.558479,6.962632,6.819563,1.027268
150453776273640,32.568480,6.934292,6.848168,1.028667
150453786274565,32.578481,6.906325,6.876271,1.02936
150453796275488,32.588481,6.88239,6.900915,1.024704
150453806276325,32.598482,6.866472,6.91826,1.014516
150453816277246,32.608483,6.859552,6.926966,1.001826
150453826277940,32.618484,6.861322,6.927097,0.988711
150453836278863,32.628485,6.870026,6.920222,0.976359
150453846279786,32.638486,6.883981,6.90789,0.965306
150453856280709,32.648487,6.902694,6.890322,0.957245
150453866281575,32.658488,6.926406,6.867124,0.952631
150453876282496,32.668488,6.956557,6.83666,0.952091
150453886283395,32.678489,6.993804,6.798159,0.954849
150453896284093,32.688490,7.035679,6.754573,0.956526
150453906285032,32.698491,7.078809,6.709453,0.955853
150453916285955,32.708492,7.11901,6.667134,0.953408
150453926286801,32.718493,7.151129,6.633267,0.949263
150453936287723,32.728494,7.169371,6.614436,0.943063
150453946288646,32.738495,7.171532,6.612371,0.941079
150453956289569,32.748496,7.160752,6.623076,0.947888
150453966290263,32.758496,7.144761,6.637728,0.965904
150453976291191,32.768497,7.13233,6.646647,0.99595
150453986292114,32.778498,7.130132,6.643811,1.030038
150453996292945,32.788499,7.141041,6.627449,1.059435
150454006293872,32.798500,7.161781,6.602315,1.076257
150454016294795,32.808501,7.187201,6.574763,1.07548
150454026295713,32.818502,7.211065,6.551771,1.055856
150454036296636,32.828503,7.226165,6.539565,1.027918
150454046297333,32.838503,7.22636,6.542968,1.004631
150454056298268,32.848504,7.211748,6.560712,0.993862
150454066299185,32.858505,7.188924,6.584952,0.998906
150454076300114,32.868506,7.163818,6.610303,1.011747
150454086300955,32.878507,7.13911,6.634826,1.025798
150454096301871,32.888508,7.116149,6.657658,1.037316
150454106302794,32.898509,7.097378,6.676806,1.042831
150454116303703,32.908510,7.084352,6.69012,1.046038
150454126304409,32.918510,7.076441,6.698914,1.043324
150454136305563,32.928512,7.07061,6.706933,1.031275
150454146306268,32.938512,7.061476,6.71937,1.012717
150454156307191,32.948513,7.044672,6.740259,0.990704
150454166308114,32.958514,7.018934,6.769853,0.971432
150454176309032,32.968515,6.988143,6.802897,0.96252
150454186309955,32.978516,6.958745,6.833136,0.961278
150454196310897,32.988517,6.935008,6.856523,0.966326
150454206311727,32.998518,6.919843,6.870774,0.973763
150454216312664,33.008519,6.912185,6.878415,0.974206
150454226313601,33.018520,6.908758,6.88341,0.963179
150454236314541,33.028521,6.906501,6.888708,0.941251
150454246315230,33.038521,6.903083,6.896213,0.910859
150454256316153,33.048522,6.898571,6.904302,0.883363
150454266317076,33.058523,6.895315,6.910223,0.862237
150454276318004,33.068524,6.895129,6.912145,0.848199
150454286318955,33.078525,6.89986,6.90847,0.839647
150454296319878,33.088526,6.909233,6.89975,0.834224
150454306320796,33.098527,6.923876,6.885899,0.827266
150454316321711,33.108528,6.942245,6.868563,0.817372
150454326322557,33.118529,6.962059,6.85038,0.801267
150454336323475,33.128529,6.979969,6.834439,0.7813
150454346324412,33.138530,6.994112,6.822225,0.761342
150454356325410,33.148531,7.002778,6.814988,0.746376
150454366326256,33.158532,7.006219,6.812365,0.737928
150454376327165,33.168533,7.004746,6.814348,0.733619
150454386328088,33.178534,6.99904,6.820463,0.731245
150454396328996,33.188535,6.988999,6.831197,0.727101
150454406329906,33.198536,6.974461,6.846817,0.71973
150454416330814,33.208537,6.955366,6.867207,0.710169
150454426331722,33.218538,6.934623,6.888954,0.702383
150454436332631,33.228539,6.916614,6.907205,0.700684
150454446333339,33.238539,6.904352,6.919249,0.702785
150454456334491,33.248540,6.898147,6.925245,0.704654
150454466335400,33.258541,6.896139,6.927249,0.704623
150454476336327,33.268542,6.895329,6.928434,0.700864
150454486337016,33.278543,6.894613,6.929937,0.693022
150454496337941,33.288544,6.894999,6.930228,0.686249
150454506338868,33.298545,6.899175,6.926159,0.685344
150454516339796,33.308546,6.910125,6.914655,0.691161
150454526340705,33.318547,6.930705,6.89303,0.701063
150454536341628,33.328548,6.959068,6.863518,0.709568
150454546342565,33.338549,6.991688,6.829979,0.712521
150454556343488,33.348549,7.024657,6.796419,0.709103
150454566344411,33.358550,7.052524,6.768562,0.698922
150454576345320,33.368551,7.070502,6.751207,0.684995
150454586346229,33.378552,7.076064,6.746567,0.673164
150454596347171,33.388553,7.070091,6.753257,0.668833
150454606348123,33.398554,7.056625,6.766765,0.674485
150454616349032,33.408555,7.041307,6.781049,0.690904
150454626349955,33.418556,7.029566,6.790905,0.713281
150454636350878,33.428557,7.025237,6.793309,0.732828
150454646351801,33.438558,7.028114,6.789304,0.742308
150454656352738,33.448559,7.03574,6.78172,0.739344
150454666353661,33.458560,7.043273,6.774961,0.729504
150454676354569,33.468561,7.04718,6.771917,0.719991
150454686355498,33.478561,7.047155,6.772334,0.716268
150454696356421,33.488562,7.045814,6.773036,0.722845
150454706357344,33.498563,7.046772,6.770249,0.739406
150454716358467,33.508564,7.05374,6.76062,0.760755
150454726359390,33.518565,7.068041,6.743432,0.780313
150454736360084,33.528566,7.086777,6.722281,0.792792
150454746361251,33.538567,7.1076,6.699487,0.79929
150454756362188,33.548568,7.127246,6.677836,0.805497
150454766363092,33.558569,7.146392,6.656487,0.812573
150454776363786,33.568570,7.166897,6.633507,0.819866
150454786364924,33.578571,7.188157,6.609705,0.825968
150454796365847,33.588572,7.208726,6.586487,0.832135
150454806366742,33.598573,7.225842,6.567121,0.836747
150454816367665,33.608574,7.238108,6.553302,0.839069
150454826368560,33.618575,7.24367,6.546995,0.840299
150454836369485,33.628575,7.241651,6.548939,0.842553
150454846370415,33.638576,7.232637,6.558319,0.846984
150454856371333,33.648577,7.219238,6.572505,0.851328
150454866372271,33.658578,7.202739,6.589985,0.855954
150454876373271,33.668579,7.18454,6.60927,0.860201
150454886374210,33.678580,7.165779,6.62904,0.864536
150454896375131,33.688581,7.149149,6.646269,0.869949
150454906376043,33.698582,7.136655,6.658871,0.876118
150454916376966,33.708583,7.129525,6.665403,0.88445
150454926377889,33.718584,7.127732,6.666416,0.891252
150454936378812,33.728585,7.129342,6.664215,0.894822
150454946379754,33.738586,7.132789,6.660502,0.894991
150454956380903,33.748587,7.135869,6.657443,0.893192
150454966381824,33.758588,7.137746,6.655691,0.891265
150454976382752,33.768589,7.138426,6.654884,0.891837
150454986383675,33.778590,7.137985,6.654848,0.895653
150454996384612,33.788591,7.136498,6.655709,0.901085
150455006385535,33.798592,7.133432,6.658531,0.904502
150455016386444,33.808592,7.127869,6.664458,0.904692
150455026387446,33.818593,7.120079,6.672943,0.903502
150455036388370,33.828594,7.111818,6.682106,0.900837
150455046389278,33.838595,7.105554,6.689162,0.897894
150455056390187,33.848596,7.102053,6.69329,0.894843
150455066391110,33.858597,7.10036,6.695614,0.890871
150455076392257,33.868598,7.099632,6.696913,0.886875
150455086393180,33.878599,7.099069,6.698148,0.882053
150455096394103,33.888600,7.099342,6.69879,0.874942
150455106395022,33.898601,7.100927,6.698141,0.867033
150455116395938,33.908602,7.104095,6.695679,0.860066
150455126396945,33.918603,7.108583,6.691492,0.855554
150455136397868,33.928604,7.115008,6.684993,0.85298
150455146398791,33.938605,7.123373,6.67631,0.851125
150455156399719,33.948606,7.132829,6.666401,0.849626
150455166400638,33.958607,7.141791,6.657206,0.846402
150455176401791,33.968608,7.149394,6.649651,0.841605
150455186402707,33.978609,7.15407,6.645114,0.837682
150455196403645,33.988610,7.156019,6.643352,0.835035
150455206404568,33.998611,7.154802,6.644822,0.833745
150455216405566,34.008612,7.149933,6.650203,0.832625
150455226406503,34.018613,7.140756,6.66029,0.830735
150455236407421,34.028613,7.127764,6.674419,0.828919
150455246408335,34.038614,7.112559,6.690737,0.827963
150455256409501,34.048616,7.096464,6.70785,0.827598
150455266410424,34.058616,7.079067,6.726426,0.825833
150455276411367,34.068617,7.060093,6.746886,0.821355
150455286412360,34.078618,7.03905,6.769776,0.813575
150455296413283,34.088619,7.016014,6.794989,0.802256
150455306414205,34.098620,6.992688,6.820422,0.789992
150455316415357,34.108621,6.971111,6.84373,0.779051
150455326416285,34.118622,6.952119,6.863962,0.770785
150455336417213,34.128623,6.935835,6.881252,0.763235
150455346418136,34.138624,6.92347,6.894468,0.756259
150455356419050,34.148625,6.91425,6.904554,0.748513
150455366420057,34.158626,6.907218,6.912411,0.740882
150455376420980,34.168627,6.903194,6.917194,0.733732
150455386422137,34.178628,6.903169,6.917956,0.726744
150455396423074,34.188629,6.906987,6.915069,0.717862
150455406423993,34.198630,6.913278,6.910038,0.705679
150455416424930,34.208631,6.919221,6.905627,0.690419
150455426425869,34.218632,6.922957,6.903751,0.671485
150455436426869,34.228633,6.923211,6.905349,0.652153
150455446428023,34.238634,6.920853,6.909209,0.636085
150455456428924,34.248635,6.918234,6.912811,0.625372
150455466429948,34.258636,6.918115,6.913365,0.620545
150455476430780,34.268637,6.924771,6.906697,0.620571
150455486431702,34.278638,6.94051,6.89073,0.622228
150455496432719,34.288639,6.965577,6.865428,0.621827
150455506433871,34.298640,6.997819,6.833121,0.615595
150455516434794,34.308641,7.030591,6.800661,0.601467
150455526435746,34.318642,7.058676,6.773279,0.581257
150455536436743,34.328643,7.075895,6.757026,0.560646
150455546437671,34.338644,7.078516,6.755523,0.545431
150455556438595,34.348645,7.067572,6.767382,0.54035
150455566439746,34.358646,7.049351,6.785985,0.545015
150455576440655,34.368647,7.031934,6.803127,0.556189
150455586441602,34.378648,7.023798,6.810232,0.571874
150455596442607,34.388649,7.029091,6.803573,0.585872
150455606443532,34.398650,7.046167,6.784983,0.596261
150455616444469,34.408650,7.070257,6.759442,0.601142
150455626445412,34.418651,7.094624,6.733735,0.6026
150455636446552,34.428653,7.113286,6.714002,0.602726
150455646447492,34.438653,7.123913,6.702555,0.604676
150455656448508,34.448655,7.124975,6.700942,0.61
150455666449407,34.458655,7.117307,6.708253,0.61909
150455676450330,34.468656,7.103985,6.721256,0.630923
150455686451484,34.478657,7.08838,6.736577,0.64297
150455696452405,34.488658,7.073558,6.751093,0.653871
150455706453393,34.498659,7.061859,6.762581,0.661537
150455716454316,34.508660,7.053863,6.770586,0.665021
150455726455458,34.518661,7.051831,6.772651,0.665504
150455736456386,34.528662,7.056935,6.767649,0.662257
150455746457309,34.538663,7.067588,6.757091,0.656449
150455756458282,34.548664,7.082072,6.742189,0.653548
150455766459215,34.558665,7.097321,6.725959,0.655363
150455776460115,34.568666,7.112075,6.709859,0.660446
150455786461251,34.578667,7.126562,6.693929,0.665917
150455796462160,34.588668,7.140462,6.678727,0.669608
150455806463153,34.598669,7.151724,6.666605,0.670221
150455816464076,34.608670,7.15655,6.661793,0.66655
150455826465199,34.618671,7.151666,6.667808,0.65881
150455836466122,34.628672,7.136329,6.684981,0.651029
150455846467055,34.638673,7.112479,6.711007,0.644239
150455856468055,34.648674,7.086255,6.738785,0.643273
150455866468965,34.658675,7.062157,6.763423,0.649645
150455876470117,34.668676,7.044705,6.780526,0.660737
150455886471040,34.678677,7.03758,6.786738,0.672807
150455896472045,34.688678,7.039356,6.784353,0.678247
150455906472970,34.698679,7.04478,6.779076,0.674705
150455916474122,34.708680,7.050519,6.773949,0.666194
150455926475059,34.718681,7.056149,6.768534,0.661572
150455936475982,34.728682,7.064315,6.759478,0.667006
150455946476994,34.738683,7.078035,6.743443,0.683657
150455956477917,34.748684,7.094427,6.724118,0.70376
150455966479063,34.758685,7.110627,6.705539,0.717446
150455976480010,34.768686,7.122077,6.692862,0.72222
150455986481010,34.778687,7.127596,6.687001,0.722068
150455996481930,34.788688,7.129755,6.684535,0.723571
150456006483106,34.798689,7.13339,6.679623,0.733061
150456016484020,34.808690,7.143475,6.666663,0.752578
150456026485034,34.818691,7.162987,6.64308,0.775336
150456036485974,34.828692,7.190001,6.611952,0.791182
150456046487135,34.838693,7.219322,6.579578,0.794065
150456056488058,34.848694,7.245467,6.551702,0.786402
150456066489053,34.858695,7.26471,6.531718,0.775001
150456076489974,34.868696,7.278047,6.517619,0.768561
150456086490898,34.878697,7.287948,6.506149,0.77191
150456096492049,34.888698,7.297968,6.49348,0.783827
150456106493034,34.898699,7.310063,6.478073,0.798478
150456116493958,34.908700,7.323524,6.4618,0.806939
150456126495125,34.918701,7.335012,6.448869,0.806043
150456136496049,34.928702,7.34056,6.443708,0.796756
150456146496953,34.938703,7.338781,6.447359,0.783483
150456156497955,34.948704,7.330854,6.457441,0.774613
150456166499099,34.958705,7.32193,6.467587,0.774346
150456176500020,34.968706,7.31767,6.471282,0.783722
150456186501030,34.978707,7.321141,6.465568,0.798315
150456196501941,34.988708,7.33181,6.452152,0.808878
150456206502859,34.998709,7.343701,6.438565,0.809303
150456216504003,35.008710,7.349573,6.433028,0.799933
150456226504996,35.018711,7.346988,6.437675,0.786202
150456236505921,35.028712,7.334698,6.45308,0.774606
150456246507073,35.038713,7.318435,6.47197,0.77078
150456256507987,35.048714,7.306316,6.485028,0.776012
150456266508989,35.058715,7.302613,6.488071,0.785347
150456276509912,35.068716,7.308708,6.480349,0.792383
150456286511066,35.078717,7.32077,6.46684,0.791396
150456296511972,35.088718,7.333705,6.453098,0.783759
150456306512980,35.098719,7.346441,6.439281,0.778119
150456316513903,35.108720,7.362121,6.421062,0.780444
150456326515062,35.118721,7.386189,6.391576,0.794991
150456336515978,35.128722,7.424166,6.343636,0.824636
150456346516978,35.138723,7.475892,6.278188,0.857518
150456356518129,35.148724,7.536834,6.201724,0.880224
150456366519050,35.158725,7.60126,6.122133,0.88337
150456376520050,35.168726,7.658399,6.052562,0.869151
150456386520989,35.178727,7.701602,6.0008,0.846021
150456396522143,35.188728,7.730127,5.966825,0.825887
150456406523079,35.198729,7.747149,5.945204,0.822301
150456416524064,35.208730,7.761083,5.924501,0.840162
150456426525235,35.218731,7.779286,5.895422,0.875628
150456436526141,35.228732,7.800928,5.861048,0.91306
150456446527143,35.238733,7.819966,5.830913,0.942625
150456456528057,35.248734,7.830715,5.813562,0.960426
150456466529211,35.258735,7.829072,5.815459,0.962314
150456476530132,35.268736,7.811107,5.84061,0.956001
150456486531126,35.278737,7.77736,5.886614,0.948913
150456496532275,35.288738,7.730542,5.947635,0.950985
150456506533203,35.298739,7.680048,6.009558,0.970602
150456516534198,35.308740,7.636531,6.059109,1.005287
150456526535128,35.318741,7.607395,6.089267,1.043267
150456536536265,35.328742,7.593904,6.100952,1.072853
150456546537193,35.338743,7.591429,6.101982,1.08447
150456556538181,35.348744,7.595469,6.09856,1.07538
150456566539104,35.358745,7.601186,6.09559,1.051552
150456576540267,35.368746,7.607468,6.092022,1.026513
150456586541193,35.378747,7.617809,6.081345,1.013048
150456596542209,35.388748,7.636,6.057371,1.019665
150456606543356,35.398749,7.661299,6.022451,1.036624
150456616544279,35.408750,7.691123,5.982979,1.04434
150456626545281,35.418751,7.720706,5.9467,1.033182
150456636546433,35.428752,7.741762,5.923079,1.011077
150456646547356,35.438753,7.749689,5.915703,0.993359
150456656548362,35.448754,7.745625,5.921686,0.989378
150456666549277,35.458755,7.737979,5.929223,1.003968
150456676550196,35.468756,7.734891,5.928969,1.028988
150456686551349,35.478757,7.738403,5.920315,1.052127
150456696552345,35.488758,7.745534,5.908764,1.064504
150456706553273,35.498759,7.751243,5.901428,1.063683
150456716554441,35.508760,7.750604,5.903775,1.055246
150456726555424,35.518761,7.742424,5.915996,1.046836
150456736556350,35.528762,7.731455,5.929938,1.049017
150456746557269,35.538763,7.726321,5.934575,1.060559
150456756558473,35.548764,7.733299,5.922403,1.077594
150456766559399,35.558765,7.754729,5.89089,1.096189
150456776560545,35.568767,7.786155,5.846707,1.109842
150456786561545,35.578768,7.82094,5.7992,1.114521
150456796562471,35.588768,7.855406,5.753101,1.111041
150456806563622,35.598770,7.886623,5.711844,1.102715
150456816564541,35.608771,7.913535,5.67646,1.092579
150456826565536,35.618772,7.935199,5.647564,1.085198
150456836566461,35.628772,7.949237,5.627699,1.085624
150456846567627,35.638774,7.955713,5.616999,1.093596
150456856568627,35.648775,7.957554,5.612113,1.105217
150456866569562,35.658776,7.957284,5.610267,1.11648
150456876570485,35.668776,7.955526,5.61098,1.125393
150456886571639,35.678778,7.952214,5.614321,1.132122
150456896572574,35.688779,7.946468,5.621232,1.138145
150456906573815,35.698780,7.93678,5.633293,1.146084
150456916574738,35.708781,7.923972,5.64921,1.156325
150456926575671,35.718782,7.909188,5.666795,1.171405
150456936576668,35.728783,7.893434,5.684415,1.192109
150456946577810,35.738784,7.8818,5.694709,1.21962
150456956578733,35.748785,7.87872,5.692874,1.247796
150456966579656,35.758786,7.887486,5.676184,1.268274
150456976580887,35.768787,7.904731,5.650705,1.274666
150456986581824,35.778788,7.922459,5.628749,1.26167
150456996582834,35.788789,7.930612,5.625052,1.226444
150457006583978,35.798790,7.917836,5.653277,1.178273
150457016584896,35.808791,7.874653,5.72356,1.127237
150457026585819,35.818792,7.798743,5.83492,1.083209
150457036586821,35.828793,7.700611,5.969872,1.049365
150457046587968,35.838794,7.593721,6.109896,1.022053
150457056588977,35.848795,7.488119,6.24178,1.004118
150457066589825,35.858796,7.39195,6.35691,0.994369
150457076590811,35.868797,7.312795,6.448918,0.987134
150457086591958,35.878798,7.254892,6.515924,0.974321
150457096592881,35.888799,7.218433,6.559593,0.95181
150457106593868,35.898800,7.200704,6.582512,0.927572
150457116594796,35.908801,7.196226,6.59087,0.902637
150457126595965,35.918802,7.198687,6.591881,0.875224
150457136596979,35.928803,7.200494,6.593374,0.8487
150457146597902,35.938804,7.194246,6.602435,0.831047
150457156599061,35.948805,7.181213,6.616249,0.833927
150457166600049,35.958806,7.175609,6.61817,0.866278
150457176600969,35.968807,7.195361,6.588123,0.929189
150457186602128,35.978808,7.254493,6.511447,1.006674
150457196603039,35.988809,7.354091,6.388987,1.066861
150457206604037,35.998810,7.479734,6.238833,1.081909
150457216604960,36.008811,7.611124,6.084999,1.040953
150457226606099,36.018812,7.724772,5.953427,0.961607
150457236607073,36.028813,7.80193,5.866296,0.86975
150457246607993,36.038814,7.834438,5.833726,0.793254
150457256609142,36.048815,7.823942,5.853388,0.750842
150457266610155,36.058816,7.781429,5.910569,0.744685
150457276611094,36.068817,7.719559,5.987843,0.770843
150457286612241,36.078818,7.650776,6.069268,0.818274
150457296613164,36.088819,7.588598,6.139643,0.870636
150457306614174,36.098820,7.543259,6.188954,0.914402
150457316615099,36.108821,7.520907,6.212337,0.939589
150457326616243,36.118822,7.519966,6.21331,0.940715
150457336617232,36.128823,7.533246,6.200243,0.9204
150457346618166,36.138824,7.551829,6.18278,0.884954
150457356619314,36.148825,7.568017,6.169009,0.8417
150457366620237,36.158826,7.574413,6.166191,0.80397
150457376621160,36.168827,7.569916,6.174879,0.779257
150457386622382,36.178828,7.556494,6.192077,0.773046
150457396623323,36.188829,7.539943,6.21102,0.782611
150457406624337,36.198830,7.527096,6.224331,0.80032
150457416625253,36.208831,7.523222,6.226935,0.816321
150457426626185,36.218832,7.528913,6.219278,0.822209
150457436627314,36.228833,7.541,6.205489,0.815601
150457446628237,36.238834,7.554852,6.191066,0.796782
150457456629472,36.248835,7.565211,6.181445,0.772901
150457466630409,36.258836,7.567936,6.180966,0.749706
150457476631409,36.268837,7.561493,6.190936,0.732161
150457486632549,36.278839,7.547445,6.209063,0.723635
150457496633468,36.288839,7.52851,6.232284,0.721226
150457506634400,36.298840,7.508019,6.256761,0.722893
150457516635407,36.308841,7.491079,6.276746,0.725386
150457526636330,36.318842,7.4803,6.289589,0.72537
150457536637487,36.328843,7.477122,6.294087,0.71911
150457546638501,36.338845,7.479589,6.292937,0.703339
150457556639441,36.348845,7.482338,6.292422,0.678255
150457566640605,36.358847,7.478918,6.299639,0.648351
150457576641526,36.368848,7.46709,6.316489,0.620094
150457586642527,36.378849,7.447011,6.342179,0.59896
150457596643451,36.388849,7.42161,6.37307,0.586302
150457606644614,36.398851,7.392966,6.406784,0.580661
150457616645536,36.408852,7.363257,6.441074,0.578781
150457626646533,36.418853,7.334863,6.473558,0.576909
150457636647657,36.428854,7.309727,6.502209,0.573697
150457646648641,36.438855,7.28919,6.525605,0.56933
150457656649577,36.448856,7.275482,6.541436,0.563011
150457666650728,36.458857,7.268861,6.549641,0.552998
150457676651660,36.468858,7.266716,6.553091,0.540189
150457686652589,36.478859,7.266153,6.554705,0.528047
150457696653599,36.488860,7.265557,6.556107,0.5188
150457706654744,36.498861,7.264425,6.557815,0.513066
150457716655661,36.508862,7.263793,6.558503,0.51318
150457726656663,36.518863,7.26569,6.55588,0.519795
150457736657557,36.528864,7.270812,6.549638,0.526782
150457746658709,36.538865,7.279703,6.539489,0.530087
150457756659618,36.548866,7.292292,6.525487,0.529591
150457766660629,36.558867,7.306118,6.510325,0.525662
150457776661796,36.568868,7.318512,6.496613,0.522919
150457786662714,36.578869,7.327592,6.486453,0.521797
150457796663709,36.588870,7.33339,6.479847,0.522429
150457806664648,36.598871,7.334939,6.478361,0.519096
150457816665815,36.608872,7.329227,6.485619,0.509063
150457826666738,36.618873,7.312778,6.505468,0.492097
150457836667738,36.628874,7.284926,6.537914,0.474983
150457846668663,36.638875,7.248601,6.578898,0.464609
150457856669815,36.648876,7.209443,6.621754,0.465116
150457866670815,36.658877,7.172755,6.660643,0.476855
150457876671724,36.668878,7.143618,6.690449,0.496613
150457886672891,36.678879,7.123848,6.709922,0.517461
150457896673818,36.688880,7.112007,6.72138,0.531398
150457906674820,36.698881,7.10564,6.727872,0.534455
150457916675758,36.708882,7.102961,6.731298,0.526826
150457926676910,36.718883,7.102648,6.732708,0.512869
150457936677833,36.728884,7.103462,6.732733,0.501174
150457946678761,36.738885,7.104923,6.73119,0.50111
150457956679743,36.748886,7.108664,6.725922,0.518477
150457966680907,36.758887,7.118287,6.713374,0.54825
150457976681842,36.768888,7.134694,6.69352,0.577009
150457986682830,36.778889,7.155561,6.669684,0.594304
150457996683748,36.788890,7.175535,6.648012,0.596343
150458006684902,36.798891,7.189266,6.634135,0.585433
150458016685828,36.808892,7.190851,6.63382,0.569269
150458026686815,36.818893,7.179088,6.647569,0.55725
150458036687738,36.828894,7.161874,6.666175,0.556523
150458046688892,36.838895,7.14747,6.680736,0.566935
150458056689819,36.848896,7.141889,6.685379,0.582359
150458066690814,36.858897,7.145485,6.680505,0.594006
150458076691734,36.868898,7.153854,6.671568,0.593759
150458086692874,36.878899,7.161502,6.664806,0.5773
150458096693795,36.888900,7.161453,6.667668,0.543857
150458106694809,36.898901,7.149665,6.683581,0.502026
150458116695965,36.908902,7.126847,6.710693,0.463243
150458126696891,36.918903,7.097173,6.743935,0.435349
150458136697800,36.928904,7.068185,6.775162,0.421829
150458146698778,36.938905,7.045436,6.79896,0.419522
150458156699702,36.948906,7.031931,6.812916,0.419642
150458166700857,36.958907,7.026561,6.818724,0.415207
150458176701864,36.968908,7.024308,6.821959,0.399954
150458186702793,36.978909,7.022264,6.8254,0.376512
150458196703939,36.988910,7.018187,6.830961,0.350748
150458206704887,36.998911,7.014796,6.835407,0.331352
150458216705810,37.008912,7.016361,6.834217,0.322755
150458226706812,37.018913,7.027478,6.822656,0.325421
150458236707959,37.028914,7.049493,6.799537,0.333066
150458246708887,37.038915,7.082148,6.765149,0.340424
150458256709810,37.048916,7.122841,6.722183,0.342623
150458266710812,37.058917,7.167485,6.674858,0.336828
150458276711735,37.068918,7.211528,6.627849,0.32479
150458286712874,37.078919,7.250756,6.585548,0.311648
150458296713800,37.088920,7.282529,6.55092,0.300347
150458306714797,37.098921,7.306535,6.524466,0.293054
150458316715749,37.108922,7.322432,6.506572,0.294094
150458326716915,37.118923,7.330117,6.497478,0.303583
150458336717838,37.128924,7.329928,6.496886,0.320333
150458346718840,37.138925,7.324518,6.502022,0.339336
150458356719778,37.148926,7.317073,6.509354,0.358804
150458366720930,37.158927,7.310353,6.515815,0.378033
150458376721871,37.168928,7.30757,6.517901,0.395517
150458386722862,37.178929,7.310787,6.513222,0.412743
150458396723787,37.188930,7.320802,6.500732,0.431675
150458406724938,37.198931,7.3364,6.481794,0.45114
150458416725861,37.208932,7.351271,6.46364,0.469283
150458426726771,37.218933,7.360334,6.452402,0.481635
150458436727794,37.228934,7.359195,6.453244,0.487722
150458446728719,37.238935,7.346986,6.466806,0.492125
150458456729864,37.248936,7.32703,6.4888,0.500127
150458466730785,37.258937,7.306186,6.510802,0.518747
150458476731707,37.268938,7.293084,6.522954,0.549505
150458486732712,37.278939,7.293324,6.519406,0.587143
150458496733629,37.288940,7.307994,6.499806,0.621091
150458506734766,37.298941,7.332509,6.470188,0.641095
150458516735684,37.308942,7.356385,6.443,0.641303
150458526736701,37.318943,7.372436,6.426077,0.626681
150458536737824,37.328944,7.375633,6.423794,0.612281
150458546738732,37.338945,7.368428,6.43206,0.6123
150458556739656,37.348946,7.359741,6.439858,0.634373
150458566740656,37.358947,7.359186,6.436219,0.676317
150458576741581,37.368948,7.369414,6.419799,0.719667
150458586742489,37.378948,7.384311,6.399471,0.7475
150458596743648,37.388950,7.394429,6.387089,0.753315
150458606744583,37.398951,7.390031,6.394034,0.737415
150458616745571,37.408952,7.362176,6.42891,0.7124
150458626746498,37.418952,7.314207,6.485394,0.694259
150458636747441,37.428953,7.256527,6.549935,0.693628
150458646748595,37.438955,7.200976,6.60854,0.716356
150458656749525,37.448956,7.158474,6.649883,0.758465
150458666750517,37.458957,7.134895,6.669574,0.806264
150458676751455,37.468957,7.127798,6.673117,0.839041
150458686752368,37.478958,7.129209,6.670645,0.846675
150458696753506,37.488960,7.132798,6.668818,0.830657
150458706754429,37.498960,7.133516,6.671492,0.802565
150458716755443,37.508961,7.130412,6.677416,0.780589
150458726756363,37.518962,7.127476,6.681055,0.776269
150458736757272,37.528963,7.12971,6.677252,0.788386
150458746758426,37.538964,7.13806,6.666107,0.806903
150458756759424,37.548965,7.149439,6.652552,0.817971
150458766760349,37.558966,7.159469,6.642341,0.813202
150458776761272,37.568967,7.162409,6.641381,0.794967
150458786762186,37.578968,7.15712,6.649242,0.77666
150458796763358,37.588969,7.148413,6.659511,0.768804
150458806764271,37.598970,7.141847,6.665743,0.775817
150458816765261,37.608971,7.139406,6.666564,0.791062
150458826766191,37.618972,7.138311,6.6663,0.803114
150458836767114,37.628973,7.133008,6.671501,0.807001
150458846768027,37.638974,7.120086,6.686019,0.800917
150458856769181,37.648975,7.099692,6.709181,0.788229
150458866770194,37.658976,7.074795,6.7365,0.778987
150458876771119,37.668977,7.050822,6.761448,0.780199
150458886772042,37.678978,7.032295,6.779503,0.790682
150458896773200,37.688979,7.026222,6.783678,0.808641
150458906774126,37.698980,7.035513,6.772039,0.825267
150458916775037,37.708981,7.056769,6.74957,0.827808
150458926776052,37.718982,7.082983,6.724094,0.811074
150458936776970,37.728983,7.105364,6.70371,0.783648
150458946777888,37.738984,7.119408,6.691807,0.757464
150458956779055,37.748985,7.12599,6.686648,0.740987
150458966779963,37.758986,7.128613,6.68439,0.736113
150458976780963,37.768987,7.131352,6.680899,0.741195
150458986781888,37.778988,7.134757,6.67636,0.749295
150458996782816,37.788989,7.136698,6.673966,0.752121
150459006783956,37.798990,7.135966,6.67524,0.747762
150459016784891,37.808991,7.133262,6.679104,0.739042
150459026785820,37.818992,7.131591,6.681609,0.732468
150459036786834,37.828993,7.134729,6.678403,0.731202
150459046787745,37.838994,7.144537,6.667798,0.732159
150459056788682,37.848995,7.159165,6.652056,0.73246
150459066789834,37.858996,7.174349,6.636155,0.728103
150459076790752,37.868997,7.184765,6.625846,0.719236
150459086791690,37.878998,7.187613,6.623944,0.708238
150459096792690,37.888999,7.182883,6.629758,0.701785
150459106793614,37.899000,7.175078,6.637991,0.703812
150459116794766,37.909001,7.16835,6.644328,0.71252
150459126795689,37.919002,7.164611,6.64713,0.723895
150459136796603,37.929003,7.163876,6.646807,0.734003
150459146797540,37.939004,7.164698,6.645478,0.738041
150459156798537,37.949005,7.164223,6.646364,0.734668
150459166799460,37.959005,7.160867,6.650685,0.72827
150459176800393,37.969006,7.155155,6.657265,0.724235
150459186801547,37.979008,7.150245,6.662407,0.725464
150459196802449,37.989008,7.148171,6.664316,0.72837
150459206803357,37.999009,7.147766,6.664609,0.729701
150459216804386,38.009010,7.145041,6.667922,0.726101
150459226805298,38.019011,7.138199,6.676076,0.718413
150459236806221,38.029012,7.126836,6.689179,0.709308
150459246807392,38.039013,7.113392,6.704221,0.702157
150459256808315,38.049014,7.102953,6.715254,0.702446
150459266809238,38.059015,7.098757,6.718894,0.710011
150459276810162,38.069016,7.103215,6.713142,0.719749
150459286811167,38.079017,7.115002,6.699967,0.726042
150459296812095,38.089018,7.130438,6.683672,0.72481
150459306813027,38.099019,7.145804,6.668077,0.717067
150459316813936,38.109020,7.157552,6.656564,0.706807
150459326815094,38.119021,7.165396,6.648689,0.701448
150459336816015,38.129022,7.172081,6.640959,0.706342
150459346816931,38.139023,7.180885,6.630053,0.719186
150459356817917,38.149024,7.19393,6.613999,0.736466
150459366818854,38.159025,7.211859,6.593029,0.748996
150459376820008,38.169026,7.232431,6.570077,0.752348
150459386820929,38.179027,7.249664,6.551618,0.747454
150459396821834,38.189028,7.260635,6.539939,0.743241
150459406822743,38.199029,7.26628,6.533234,0.747021
150459416823666,38.209030,7.270519,6.526909,0.760929
150459426824661,38.219031,7.277394,6.517103,0.779038
150459436825581,38.229032,7.286179,6.505647,0.792563
150459446826504,38.239033,7.291517,6.499083,0.797294
150459456827656,38.249034,7.288448,6.503481,0.78946
150459466828565,38.259035,7.275562,6.519525,0.775895
150459476829488,38.269035,7.256067,6.542392,0.765924
150459486830406,38.279036,7.236001,6.564443,0.767074
150459496831329,38.289037,7.220819,6.579482,0.781182
150459506832336,38.299038,7.215877,6.581564,0.808798
150459516833254,38.309039,7.224267,6.568594,0.838737
150459526834177,38.319040,7.242985,6.545336,0.858904
150459536835109,38.329041,7.267356,6.517425,0.865266
150459546836033,38.339042,7.294893,6.486905,0.862906
150459556837186,38.349043,7.321903,6.457317,0.856031
150459566838118,38.359044,7.346937,6.429619,0.850011
150459576839118,38.369045,7.367581,6.406399,0.846661
150459586840029,38.379046,7.380011,6.392007,0.847175
150459596840950,38.389047,7.381163,6.390628,0.847538
150459606841879,38.399048,7.370689,6.402828,0.846583
150459616843036,38.409049,7.352607,6.423215,0.849383
150459626843959,38.419050,7.336176,6.440674,0.859232
150459636844896,38.429051,7.327685,6.448363,0.873882
150459646845819,38.439052,7.329962,6.444287,0.884795
150459656846759,38.449053,7.337651,6.435696,0.883541
150459666847672,38.459054,7.341107,6.434269,0.86508
150459676848672,38.469055,7.331535,6.449176,0.834722
150459686849600,38.479056,7.308523,6.479021,0.804824
150459696850518,38.489057,7.277066,6.516826,0.784462
150459706851677,38.499058,7.244779,6.553538,0.777362
150459716852612,38.509059,7.21796,6.582181,0.784812
150459726853522,38.519060,7.202644,6.59677,0.802834
150459736854440,38.529060,7.199407,6.598213,0.819813
150459746855454,38.539061,7.203726,6.592623,0.826797
150459756856389,38.549062,7.21066,6.585902,0.819942
150459766857326,38.559063,7.217834,6.580169,0.802617
150459776858245,38.569064,7.224544,6.57533,0.781678
150459786859147,38.579065,7.230159,6.571235,0.764013
150459796860070,38.589066,7.234861,6.567476,0.751682
150459806860993,38.599067,7.234606,6.568913,0.741524
150459816862147,38.609068,7.223746,6.582349,0.728111
150459826863054,38.619069,7.201534,6.608393,0.712036
150459836863996,38.629070,7.172461,6.641521,0.697099
150459846864982,38.639071,7.142676,6.674698,0.685965
150459856865907,38.649072,7.11707,6.702248,0.683459
150459866866831,38.659073,7.097183,6.722832,0.688109
150459876867754,38.669074,7.081015,6.739264,0.693923
150459886868662,38.679075,7.067348,6.753389,0.695938
150459896869843,38.689076,7.057296,6.764111,0.693841
150459906870537,38.699077,7.053333,6.768654,0.689776
150459916871689,38.709078,7.057512,6.764788,0.684944
150459926872631,38.719079,7.069315,6.752531,0.684236
150459936873539,38.729080,7.08837,6.732,0.689308
150459946874462,38.739080,7.112327,6.705796,0.697903
150459956875395,38.749081,7.138149,6.677519,0.705384
150459966876411,38.759082,7.164121,6.648941,0.712026
150459976877334,38.769083,7.189414,6.621163,0.715907
150459986878262,38.779084,7.214668,6.593787,0.714501
150459996879414,38.789085,7.238921,6.567635,0.71002
150460006880332,38.799086,7.260981,6.54358,0.706875
150460016881271,38.809087,7.280264,6.522163,0.706476
150460026882198,38.819088,7.298008,6.501846,0.710726
150460036883131,38.829089,7.316137,6.480796,0.716522
150460046884044,38.839090,7.334954,6.45893,0.721586
150460056884967,38.849091,7.350867,6.440497,0.724401
150460066885876,38.859092,7.359026,6.431053,0.725443
150460076886876,38.869093,7.357229,6.433107,0.725448
150460086887722,38.879094,7.343645,6.448423,0.727145
150460096888731,38.889095,7.318676,6.475731,0.736142
150460106889642,38.899096,7.288361,6.50798,0.752326
150460116890565,38.909097,7.258623,6.538687,0.773281
150460126891484,38.919097,7.234131,6.56321,0.794748
150460136892402,38.929098,7.215667,6.581393,0.812043
150460146893325,38.939099,7.202162,6.594836,0.822836
150460156894468,38.949100,7.190666,6.606923,0.826405
150460166895167,38.959101,7.181147,6.617279,0.826297
150460176896318,38.969102,7.173645,6.625462,0.825907
150460186897237,38.979103,7.168845,6.630351,0.828295
150460196898155,38.989104,7.167123,6.631301,0.835582
150460206899073,38.999105,7.167277,6.630275,0.842377
150460216900020,39.009106,7.167483,6.629637,0.845647
150460226901017,39.019107,7.165362,6.632008,0.845027
150460236901940,39.029108,7.16149,6.636397,0.843373
150460246902863,39.039109,7.157579,6.640935,0.840854
150460256903802,39.049110,7.154528,6.644606,0.837816
150460266904715,39.059111,7.152255,6.647336,0.835571
150460276905867,39.069112,7.149883,6.650382,0.831606
150460286906561,39.079113,7.149106,6.651844,0.826576
150460296907723,39.089114,7.151333,6.650029,0.821898
150460306908421,39.099114,7.157897,6.643524,0.81733
150460316909344,39.109115,7.168001,6.633456,0.810601
150460326910488,39.119116,7.180229,6.62143,0.800612
150460336911405,39.129117,7.189691,6.612829,0.786652
150460346912328,39.139118,7.190737,6.613742,0.769226
150460356913241,39.149119,7.180665,6.626368,0.754515
150460366914164,39.159120,7.164065,6.644785,0.750353
150460376915164,39.169121,7.148692,6.660269,0.759658
150460386916095,39.179122,7.142097,6.665311,0.777208
150460396917018,39.189123,7.148432,6.656492,0.794335
150460406917941,39.199124,7.162087,6.641137,0.799877
150460416918864,39.209125,7.174683,6.628434,0.792302
150460426919759,39.219126,7.177965,6.626301,0.780356
150460436920677,39.229127,7.172091,6.633319,0.77472
150460446921600,39.239128,7.16046,6.645022,0.781974
150460456922533,39.249129,7.148592,6.655436,0.801768
150460466923446,39.259129,7.142081,6.659218,0.827958
150460476924594,39.269131,7.141595,6.656912,0.85039
150460486925515,39.279132,7.144509,6.651974,0.864464
150460496926438,39.289132,7.147345,6.64821,0.869896
150460506927377,39.299133,7.150144,6.644937,0.871875
150460516928304,39.309134,7.154522,6.639887,0.874453
150460526929213,39.319135,7.163743,6.628811,0.882961
150460536930150,39.329136,7.177606,6.612615,0.891763
150460546931083,39.339137,7.192923,6.595184,0.897469
150460556932001,39.349138,7.205433,6.581403,0.898269
150460566932910,39.359139,7.211972,6.574524,0.896152
150460576933852,39.369140,7.212283,6.574557,0.89339
150460586934775,39.379141,7.211611,6.574876,0.89648
150460596935786,39.389142,7.213483,6.571456,0.906439
150460606936709,39.399143,7.219653,6.562742,0.920342
150460616937633,39.409144,7.230617,6.548803,0.93345
150460626938571,39.419145,7.245685,6.530652,0.943764
150460636939489,39.429145,7.264179,6.509304,0.949039
150460646940417,39.439146,7.285452,6.485405,0.949559
150460656941344,39.449147,7.30945,6.458475,0.948699
150460666942267,39.459148,7.335013,6.429763,0.946411
150460676943190,39.469149,7.361151,6.400213,0.943758
150460686944109,39.479150,7.385987,6.371429,0.944501
150460696945046,39.489151,7.408477,6.344076,0.952436
150460706946198,39.499152,7.43197,6.314003,0.969109
150460716947111,39.509153,7.457601,6.280561,0.989322
150460726947804,39.519154,7.486357,6.242953,1.009978
150460736948944,39.529155,7.516275,6.20508,1.021076
150460746949624,39.539156,7.544625,6.17042,1.022021
150460756950772,39.549157,7.568118,6.142566,1.016102
150460766951695,39.559158,7.584199,6.123647,1.010387
150460776952622,39.569159,7.593024,6.113262,1.006973
150460786953554,39.579160,7.598763,6.10636,1.005551
150460796954464,39.589160,7.604054,6.100054,1.003853
150460806955379,39.599161,7.606034,6.098253,0.999773
150460816956295,39.609162,7.600834,6.105365,0.995913
150460826957220,39.619163,7.58831,6.121056,0.99509
150460836958128,39.629164,7.571297,6.142495,0.992563
150460846959050,39.639165,7.551234,6.167451,0.99066
150460856960052,39.649166,7.531231,6.191987,0.989863
150460866960980,39.659167,7.513698,6.213405,0.988927
150460876961903,39.669168,7.499457,6.230803,0.987532
150460886962826,39.679169,7.488344,6.244152,0.98756
150460896963672,39.689170,7.479079,6.255653,0.984958
150460906964670,39.699171,7.471279,6.265812,0.979594
150460916965532,39.709172,7.463673,6.276199,0.971045
150460926966537,39.719173,7.453675,6.290014,0.958379
150460936967469,39.729173,7.441419,6.306339,0.946225
150460946968407,39.739174,7.42944,6.320979,0.942675
150460956969340,39.749175,7.423031,6.327561,0.949004
150460966970263,39.759176,7.425856,6.322667,0.959468
150460976971190,39.769177,7.439888,6.304819,0.968181
150460986972109,39.779178,7.462021,6.278725,0.967374
150460996973017,39.789179,7.485428,6.252593,0.955722
150461006973940,39.799180,7.503608,6.233467,0.937953
150461016974878,39.809181,7.514467,6.222862,0.921303
150461026975801,39.819182,7.516431,6.222066,0.910599
150461036976953,39.829183,7.50938,6.230528,0.9109
150461046977885,39.839184,7.498473,6.242147,0.921148
150461056978566,39.849185,7.486053,6.255669,0.930381
150461066979503,39.859186,7.472576,6.271391,0.932856
150461076980655,39.869187,7.458879,6.287833,0.931802
150461086981593,39.879188,7.445552,6.303581,0.931963
150461096982511,39.889189,7.436921,6.313416,0.934343
150461106983198,39.899189,7.437604,6.312698,0.933742
150461116984342,39.909190,7.448097,6.301999,0.922297
150461126985251,39.919191,7.464854,6.285286,0.900623
150461136985946,39.929192,7.482276,6.268276,0.874211
150461146987097,39.939193,7.497513,6.253766,0.847175
150461156988025,39.949194,7.509708,6.241987,0.825738
150461166988949,39.959195,7.520288,6.230755,0.814219
150461176989886,39.969196,7.533598,6.215432,0.808298
150461186990578,39.979197,7.551654,6.194318,0.801841
150461196991718,39.989198,7.572696,6.17005,0.79038
150461206992641,39.999199,7.591967,6.148338,0.774598
150461216993545,40.009200,7.606588,6.132489,0.756599
150461226994468,40.019200,7.615661,6.123321,0.739377
150461236995372,40.029201,7.618087,6.121834,0.726575
150461246996300,40.039202,7.611846,6.130405,0.719687
150461256996974,40.049203,7.597901,6.147714,0.719376
150461266998128,40.059204,7.578363,6.171278,0.723693
150461276999065,40.069205,7.555904,6.198107,0.729236
150461286999988,40.079206,7.53273,6.225815,0.732961
150461297000901,40.089207,7.510582,6.252222,0.735409
150461307001819,40.099208,7.48869,6.27876,0.732593
150461317002747,40.109209,7.465452,6.307363,0.724065
150461327003656,40.119210,7.440221,6.338241,0.714016
150461337004579,40.129211,7.414262,6.369568,0.705204
150461347005496,40.139211,7.389047,6.399338,0.700318
150461357006419,40.149212,7.366584,6.424959,0.702398
150461367007357,40.159213,7.350577,6.44212,0.712812
150461377008280,40.169214,7.344539,6.44735,0.727647
150461387009189,40.179215,7.350243,6.439434,0.740032
150461397010112,40.189216,7.363105,6.424017,0.746124
150461407011059,40.199217,7.377849,6.4069,0.74762
150461417011972,40.209218,7.391765,6.391145,0.744989
150461427012890,40.219219,7.403852,6.377311,0.743558
150461437013818,40.229220,7.413149,6.366099,0.746987
150461447014722,40.239221,7.421833,6.354617,0.75845
150461457015646,40.249222,7.432091,6.340378,0.776939
150461467016574,40.259223,7.445498,6.322391,0.794948
150461477017516,40.269224,7.459838,6.304307,0.804071
150461487018420,40.279224,7.47185,6.290437,0.801175
150461497019371,40.289225,7.477807,6.284361,0.79323
150461507020294,40.299226,7.475467,6.287755,0.788381
150461517021223,40.309227,7.467883,6.296625,0.789441
150461527022146,40.319228,7.461671,6.302897,0.798122
150461537023069,40.329229,7.461366,6.30178,0.80966
150461547023997,40.339230,7.468757,6.292337,0.81492
150461557024929,40.349231,7.483076,6.275342,0.814628
150461567025852,40.359232,7.503459,6.250886,0.815189
150461577026767,40.369233,7.53245,6.215441,0.818847
150461587027695,40.379234,7.570068,6.169622,0.818479
150461597028631,40.389235,7.611807,6.11911,0.810495
150461607029559,40.399236,7.651105,6.072017,0.794519
150461617030486,40.409236,7.683322,6.033667,0.775537
150461627031400,40.419237,7.707965,6.004015,0.760948
150461637032323,40.429238,7.727646,5.979188,0.756867
150461647033232,40.439239,7.745356,5.954893,0.767275
150461657034179,40.449240,7.763083,5.928974,0.788518
150461667035074,40.459241,7.781687,5.901569,0.810443
150461677035993,40.469242,7.800133,5.87505,0.825657
150461687036916,40.479243,7.81796,5.850391,0.832131
150461697037843,40.489244,7.831909,5.831975,0.830212
150461707038766,40.499245,7.840953,5.820382,0.826212
150461717039685,40.509246,7.843123,5.817819,0.823653
150461727040627,40.519247,7.837372,5.825581,0.82353
150461737041555,40.529248,7.821982,5.846101,0.824431
150461747042264,40.539248,7.79489,5.881659,0.828125
150461757043192,40.549249,7.759042,5.927738,0.836173
150461767044100,40.559250,7.71978,5.977226,0.84722
150461777045014,40.569251,7.681808,6.023912,0.861557
150461787045937,40.579252,7.649592,6.062854,0.87495
150461797046860,40.589253,7.626432,6.09117,0.880423
150461807047792,40.599254,7.610147,6.112703,0.872078
150461817048715,40.609255,7.598264,6.130373,0.851398
150461827049638,40.619256,7.585749,6.149535,0.824355
150461837050553,40.629257,7.57145,6.170535,0.798505
150461847051485,40.639257,7.556102,6.191859,0.778617
150461857052413,40.649258,7.542485,6.209737,0.768175
150461867053330,40.659259,7.53356,6.22086,0.765758
150461877054249,40.669260,7.532256,6.222315,0.766699
150461887055186,40.679261,7.53945,6.213825,0.764919
150461897056094,40.689262,7.552703,6.198477,0.758669
150461907057022,40.699263,7.569523,6.179464,0.746014
150461917057945,40.709264,7.586307,6.16127,0.725746
150461927058868,40.719265,7.601446,6.145334,0.702046
150461937059797,40.729266,7.613411,6.133273,0.677443
150461947060720,40.739267,7.621646,6.125388,0.655835
150461957061569,40.749268,7.623868,6.124634,0.636788
150461967062576,40.759269,7.619473,6.131729,0.620903
150461977063484,40.769269,7.609137,6.145981,0.606574
150461987064407,40.779270,7.598314,6.160453,0.595307
150461997065265,40.789271,7.592525,6.168422,0.586674
150462007066198,40.799272,7.593808,6.167448,0.580228
150462017067126,40.809273,7.602374,6.157731,0.571159
150462027068055,40.819274,7.614279,6.144467,0.555209
150462037068975,40.829275,7.626343,6.13124,0.535512
150462047069915,40.839276,7.636088,6.120694,0.516953
150462057070838,40.849277,7.642581,6.113782,0.502648
150462067071824,40.859278,7.647501,6.108154,0.496168
150462077072660,40.869279,7.651047,6.103852,0.494497
150462087073583,40.879280,7.653123,6.101177,0.495349
150462097074487,40.889280,7.652838,6.101466,0.496165
150462107075410,40.899281,7.650959,6.104064,0.493206
150462117076328,40.909282,7.648862,6.107182,0.487065
150462127077237,40.919283,7.647715,6.108841,0.48428
150462137078151,40.929284,7.649104,6.107002,0.48558
150462147079088,40.939285,7.654021,6.1008,0.485987
150462157080011,40.949286,7.660536,6.093002,0.481128
150462167080690,40.959287,7.664966,6.088383,0.468922
150462177081613,40.969288,7.662851,6.092437,0.450451
150462187082527,40.979289,7.652004,6.107412,0.431681
150462197083445,40.989289,7.635921,6.12853,0.416862
150462207084364,40.999290,7.620599,6.148123,0.408731
150462217085293,41.009291,7.611911,6.158745,0.410698
150462227086197,41.019292,7.613007,6.156918,0.417785
150462237087120,41.029293,7.623862,6.143337,0.419713
150462247088052,41.039294,7.640771,6.123013,0.409053
150462257088970,41.049295,7.658068,6.102888,0.385611
150462267089898,41.059296,7.67018,6.089507,0.355298
150462277090749,41.069297,7.674883,6.08515,0.327248
150462287091677,41.079298,7.670676,6.091686,0.303517
150462297092613,41.089299,7.662276,6.102655,0.295224
150462307093548,41.099300,7.655268,6.111096,0.302265
150462317094469,41.109300,7.653661,6.112484,0.31464
150462327095392,41.119301,7.661665,6.101943,0.324365
150462337096405,41.129302,7.675983,6.083922,0.324347
150462347097238,41.139303,7.690316,6.066569,0.309487
150462357098161,41.149304,7.696536,6.059961,0.283163
150462367099074,41.159305,7.687659,6.072682,0.249908
150462377099997,41.169306,7.662747,6.105267,0.219149
150462387100914,41.179307,7.625672,6.152185,0.199328
150462397101843,41.189308,7.583582,6.204128,0.195096
150462407102766,41.199309,7.547125,6.247936,0.210212
150462417103465,41.209309,7.525608,6.272696,0.241721
150462427104388,41.219310,7.523892,6.273415,0.274439
150462437105311,41.229311,7.540594,6.252351,0.295904
150462447106234,41.239312,7.564112,6.223809,0.297333
150462457107157,41.249313,7.583676,6.201096,0.272549
150462467108081,41.259314,7.590111,6.194747,0.235213
150462477109018,41.269315,7.577592,6.211184,0.203172
150462487109936,41.279316,7.548529,6.246958,0.187841
150462497110864,41.289317,7.512308,6.29025,0.194711
150462507111679,41.299318,7.478444,6.329619,0.220855
150462517112617,41.309319,7.455961,6.354644,0.259156
150462527113617,41.319320,7.449578,6.360602,0.294122
150462537114491,41.329320,7.461431,6.345712,0.314581
150462547115414,41.339321,7.488293,6.313914,0.316054
150462557116329,41.349322,7.523326,6.272829,0.30195
150462567117252,41.359323,7.558389,6.231861,0.273184
150462577118175,41.369324,7.586528,6.199025,0.238153
150462587119098,41.379325,7.601625,6.181532,0.209719
150462597119787,41.389326,7.599765,6.184277,0.195676
150462607120710,41.399327,7.58303,6.204622,0.200946
150462617121633,41.409328,7.559353,6.232687,0.223081
150462627122551,41.419329,7.536308,6.259298,0.255503
150462637123470,41.429329,7.518393,6.279385,0.28817
150462647124379,41.439330,7.507338,6.291446,0.312262
150462657125302,41.449331,7.501143,6.298105,0.326674
150462667126220,41.459332,7.495907,6.304031,0.332534
150462677127152,41.469333,7.492312,6.308259,0.333383
150462687128075,41.479334,7.493689,6.306777,0.330363
150462697128907,41.489335,7.49873,6.301059,0.325165
150462707129818,41.499336,7.504332,6.294701,0.318946
150462717130727,41.509337,7.505703,6.293409,0.312121
150462727131666,41.519338,7.499644,6.300938,0.305786
150462737132589,41.529339,7.484821,6.318773,0.301009
150462747133512,41.539340,7.465488,6.341683,0.299297
150462757134435,41.549340,7.447755,6.362318,0.3032
150462767135358,41.559341,7.436372,6.375324,0.309302
150462777136281,41.569342,7.432752,6.379375,0.312728
150462787136987,41.579343,7.437126,6.374486,0.308408
150462797137917,41.589344,7.445318,6.365577,0.294392
150462807138846,41.599345,7.451778,6.358841,0.275884
150462817139755,41.609346,7.454689,6.356211,0.25723
150462827140682,41.619347,7.455537,6.355783,0.2429
150462837141605,41.629348,7.45669,6.354761,0.23409
150462847142526,41.639349,7.458913,6.352364,0.228245
150462857143363,41.649349,7.460705,6.350404,0.224146
150462867144286,41.659350,7.460013,6.351362,0.220023
150462877145215,41.669351,7.45573,6.35661,0.21357
150462887146127,41.679352,7.448579,6.365247,0.205713
150462897147051,41.689353,7.440861,6.374499,0.198307
150462907147988,41.699354,7.434962,6.381473,0.195324
150462917148911,41.709355,7.431453,6.385531,0.196124
150462927149849,41.719356,7.429249,6.388079,0.196724
150462937150528,41.729357,7.425262,6.39291,0.190298
150462947151680,41.739358,7.416852,6.402972,0.17949
150462957152374,41.749358,7.401209,6.421413,0.1661
150462967153283,41.759359,7.377531,6.44893,0.152777
150462977154202,41.769360,7.348778,6.481842,0.145469
150462987155120,41.779361,7.318639,6.515904,0.143342
150462997156062,41.789362,7.290797,6.547013,0.144614
150463007156980,41.799363,7.270105,6.569862,0.14989
150463017157901,41.809364,7.257606,6.583497,0.157384
150463027158764,41.819365,7.2538,6.587567,0.162344
150463037159764,41.829366,7.257971,6.582968,0.162416
150463047160617,41.839367,7.268461,6.571536,0.156191
150463057161545,41.849368,7.281131,6.557766,0.144299
150463067162493,41.859368,7.290841,6.547268,0.130169
150463077163396,41.869369,7.294873,6.543075,0.113949
150463087164333,41.879370,7.29271,6.545755,0.09744
150463097165251,41.889371,7.284152,6.555494,0.081543
150463107165943,41.899372,7.269817,6.571541,0.068249
150463117166868,41.909373,7.252018,6.591266,0.059048
150463127167801,41.919374,7.236569,6.60827,0.05324
150463137168725,41.929375,7.22492,6.621063,0.045148
150463147169648,41.939376,7.214728,6.632251,0.030713
150463157170581,41.949377,7.203937,6.64403,0.011936
150463167171417,41.959377,7.189118,6.660058,-0.013554
150463177172417,41.969378,7.17169,6.678708,-0.040668
150463187173323,41.979379,7.151743,6.699883,-0.064431
150463197174246,41.989380,7.131281,6.721467,-0.081805
150463207175092,41.999381,7.114025,6.739567,-0.094345
150463217176015,42.009382,7.10431,6.749781,-0.095838
150463227176938,42.019383,7.106417,6.747698,-0.086499
150463237177641,42.029384,7.127161,6.725969,-0.070046
150463247178556,42.039385,7.165783,6.684936,-0.056241
150463257179484,42.049385,7.215214,6.631563,-0.054785
150463267180384,42.059386,7.266904,6.574741,-0.069826
150463277181288,42.069387,7.309087,6.527365,-0.10376
150463287182225,42.079388,7.332816,6.499902,-0.145169
150463297183148,42.089389,7.33369,6.49813,-0.176994
150463307184072,42.099390,7.312565,6.521615,-0.186734
150463317184918,42.109391,7.276865,6.561782,-0.174096
150463327185836,42.119392,7.233646,6.610057,-0.146692
150463337186762,42.129393,7.188611,6.659588,-0.117199
150463347187685,42.139394,7.146033,6.705645,-0.09219
150463357188603,42.149395,7.108511,6.745592,-0.077683
150463367189541,42.159396,7.077459,6.778178,-0.076626
150463377190464,42.169396,7.053403,6.803107,-0.085428
150463387191391,42.179397,7.035895,6.82105,-0.09702
150463397192082,42.189398,7.025292,6.831808,-0.107762
150463407192995,42.199399,7.022371,6.834687,-0.115505
150463417193913,42.209400,7.027719,6.829116,-0.119648
150463427194836,42.219401,7.0406,6.81576,-0.123751
150463437195769,42.229402,7.05998,6.795591,-0.128983
150463447196701,42.239403,7.083322,6.771149,-0.134745
150463457197624,42.249404,7.107623,6.745421,-0.145019
150463467198547,42.259405,7.129163,6.722221,-0.163581
150463477199382,42.269405,7.143167,6.706619,-0.190883
150463487200291,42.279406,7.143115,6.705683,-0.222981
150463497201214,42.289407,7.126935,6.721901,-0.25078
150463507202151,42.299408,7.100363,6.749408,-0.26516
150463517203074,42.309409,7.073312,6.777897,-0.261454
150463527203988,42.319410,7.054375,6.798339,-0.241666
150463537204896,42.329411,7.050592,6.803174,-0.214443
150463547205575,42.339412,7.060748,6.79322,-0.19481
150463557206500,42.349413,7.07453,6.779005,-0.190032
150463567207432,42.359413,7.083332,6.76949,-0.201141
150463577208355,42.369414,7.079785,6.772398,-0.226503
150463587209283,42.379415,7.062057,6.789763,-0.257774
150463597210123,42.389416,7.036469,6.81526,-0.283427
150463607211030,42.399417,7.008666,6.843169,-0.299314
150463617211943,42.409418,6.983201,6.869005,-0.302758
150463627212866,42.419419,6.96476,6.888158,-0.292227
150463637213790,42.429420,6.955951,6.897766,-0.274816
150463647214708,42.439421,6.958037,6.896346,-0.257089
150463657215655,42.449422,6.971864,6.882815,-0.244747
150463667216349,42.459422,6.99794,6.856473,-0.239983
150463677217263,42.469423,7.035786,6.817504,-0.243659
150463687218181,42.479424,7.082616,6.76849,-0.253124
150463697219118,42.489425,7.135801,6.711882,-0.266505
150463707220056,42.499426,7.190822,6.652152,-0.284637
150463717220910,42.509427,7.242434,6.595025,-0.304736
150463727221828,42.519428,7.287258,6.544636,-0.321877
150463737222742,42.529429,7.324364,6.502497,-0.333468
150463747223421,42.539429,7.352239,6.470661,-0.33925
150463757224573,42.549431,7.369351,6.451064,-0.341261
150463767225267,42.559431,7.372271,6.447712,-0.341479
150463777226196,42.569432,7.358821,6.463005,-0.342542
150463787227134,42.579433,7.330397,6.495003,-0.346726
150463797228052,42.589434,7.293596,6.536024,-0.351861
150463807228961,42.599435,7.256863,6.576772,-0.352081
150463817229889,42.609436,7.224977,6.612101,-0.346027
150463827230802,42.619437,7.206247,6.633375,-0.329181
150463837231646,42.629438,7.206517,6.63436,-0.302395
150463847232550,42.639439,7.225027,6.615379,-0.275265
150463857233487,42.649439,7.255326,6.582821,-0.25837
150463867234415,42.659440,7.289129,6.545437,-0.256695
150463877235339,42.669441,7.318296,6.512161,-0.272655
150463887236031,42.679442,7.33558,6.4916,-0.29741
150463897236956,42.689443,7.338436,6.487466,-0.316427
150463907237865,42.699444,7.329664,6.497247,-0.319032
150463917238788,42.709445,7.315364,6.514268,-0.299674
150463927239725,42.719446,7.302409,6.530367,-0.262918
150463937240662,42.729447,7.295279,6.5399,-0.220584
150463947241522,42.739448,7.293752,6.542667,-0.186119
150463957242445,42.749448,7.295929,6.540796,-0.165565
150463967243382,42.759449,7.29967,6.536756,-0.160175
150463977244315,42.769450,7.306132,6.529505,-0.161309
150463987245243,42.779451,7.315128,6.519407,-0.161898
150463997245939,42.789452,7.324918,6.508484,-0.158837
150464007246864,42.799453,7.332806,6.499733,-0.152974
150464017247788,42.809454,7.335648,6.496711,-0.145051
150464027248721,42.819455,7.332756,6.500146,-0.137112
150464037249634,42.829456,7.325996,6.507939,-0.128513
150464047250538,42.839457,7.31857,6.516488,-0.118046
150464057251459,42.849457,7.315323,6.520382,-0.103335
150464067252319,42.859458,7.320719,6.514572,-0.085928
150464077253257,42.869459,7.338177,6.495129,-0.066746
150464087253969,42.879460,7.36639,6.463261,-0.049979
150464097255117,42.889461,7.399574,6.425317,-0.040612
150464107255798,42.899462,7.430379,6.389662,-0.04171
150464117256711,42.909463,7.453128,6.363055,-0.049485
150464127257639,42.919464,7.464487,6.349672,-0.05591
150464137258548,42.929465,7.465726,6.348227,-0.054097
150464147259398,42.939465,7.460971,6.353919,-0.040094
150464157260315,42.949466,7.454924,6.361122,-0.017066
150464167261238,42.959467,7.449732,6.367213,0.008094
150464177262157,42.969468,7.445082,6.372591,0.02913
150464187263089,42.979469,7.440517,6.377844,0.042854
150464197263781,42.989470,7.437549,6.381249,0.050383
150464207264706,42.999471,7.438663,6.379896,0.056608
150464217265658,43.009472,7.44629,6.370899,0.066555
150464227266586,43.019473,7.460951,6.353563,0.080535
150464237267408,43.029473,7.480061,6.330846,0.095446
150464247268330,43.039474,7.500043,6.306949,0.108185
150464257269224,43.049475,7.517168,6.286366,0.117463
150464267270137,43.059476,7.528552,6.272617,0.123335
150464277271050,43.069477,7.534632,6.265168,0.130407
150464287271744,43.079478,7.538989,6.259595,0.145321
150464297272892,43.089479,7.545466,6.251198,0.168683
150464307273581,43.099480,7.555752,6.238019,0.194379
150464317274504,43.109481,7.568275,6.22207,0.216807
150464327275413,43.119481,7.579729,6.207538,0.232765
150464337276243,43.129482,7.587405,6.197843,0.240883
150464347277161,43.139483,7.589699,6.194876,0.244888
150464357278079,43.149484,7.585321,6.2001,0.248242
150464367279002,43.159485,7.575115,6.212351,0.25359
150464377279925,43.169486,7.561494,6.228628,0.260809
150464387280603,43.179487,7.54386,6.249625,0.269098
150464397281510,43.189488,7.522656,6.274763,0.27746
150464407282447,43.199488,7.498418,6.303432,0.283734
150464417283370,43.209489,7.472419,6.334033,0.288064
150464427284293,43.219490,7.446942,6.363782,0.292026
150464437285151,43.229491,7.424283,6.390075,0.294874
150464447286084,43.239492,7.408221,6.408535,0.298246
150464457286784,43.249493,7.401036,6.416689,0.301164
150464467287924,43.259494,7.402149,6.415323,0.302953
150464477288619,43.269495,7.409449,6.406919,0.302413
150464487289542,43.279496,7.419188,6.395842,0.298051
150464497290480,43.289496,7.428155,6.385716,0.291804
150464507291352,43.299497,7.432698,6.380739,0.284841
150464517292280,43.309498,7.430385,6.383726,0.278212
150464527293193,43.319499,7.420104,6.395867,0.273732
150464537294126,43.329500,7.404143,6.414336,0.273844
150464547295044,43.339501,7.387273,6.433605,0.277342
150464557295737,43.349502,7.373798,6.448824,0.282417
150464567296691,43.359503,7.364318,6.459448,0.287015
150464577297614,43.369504,7.35888,6.46558,0.288427
150464587298474,43.379504,7.356718,6.468128,0.286338
150464597299381,43.389505,7.356041,6.469184,0.27986
150464607300304,43.399506,7.355123,6.470635,0.270315
150464617301232,43.409507,7.351917,6.474653,0.261072
150464627301927,43.419508,7.344951,6.482825,0.254318
150464637302859,43.429509,7.333902,6.495447,0.250999
150464647303796,43.439510,7.320079,6.511003,0.251522
150464657304734,43.449511,7.304512,6.528359,0.254163
150464667305585,43.459512,7.289259,6.545253,0.257657
150464677306570,43.469513,7.276537,6.559317,0.259571
150464687307417,43.479513,7.267304,6.569628,0.257416
150464697308329,43.489514,7.26036,6.577569,0.25043
150464707309247,43.499515,7.254316,6.584666,0.23889
150464717309946,43.509516,7.247402,6.592764,0.224969
150464727310869,43.519517,7.238408,6.603062,0.212112
150464737311778,43.529518,7.227952,6.614782,0.203388
150464747312687,43.539519,7.216841,6.627049,0.198546
150464757313543,43.549520,7.204657,6.640375,0.195718
150464767314464,43.559520,7.190477,6.655812,0.192886
150464777315387,43.569521,7.173033,6.67475,0.18786
150464787316310,43.579522,7.152073,6.697431,0.17968
150464797317238,43.589523,7.12819,6.72314,0.167989
150464807317931,43.599524,7.102962,6.750076,0.15609
150464817318826,43.609525,7.078651,6.7758,0.145865
150464827319668,43.619526,7.058466,6.796956,0.139607
150464837320584,43.629527,7.045129,6.810869,0.134908
150464847321507,43.639528,7.038888,6.817457,0.127693
150464857322416,43.649528,7.039049,6.817468,0.118108
150464867323353,43.659529,7.044963,6.811541,0.106899
150464877324031,43.669530,7.055936,6.800339,0.095774
150464887324960,43.679531,7.070709,6.785113,0.085424
150464897325883,43.689532,7.086615,6.768622,0.075116
150464907326801,43.699533,7.101328,6.753292,0.064403
150464917327726,43.709534,7.113778,6.740263,0.055233
150464927328574,43.719535,7.125189,6.728235,0.050441
150464937329517,43.729536,7.137128,6.715559,0.051433
150464947330196,43.739536,7.151643,6.700051,0.05758
150464957331119,43.749537,7.169622,6.680743,0.064883
150464967332042,43.759538,7.190007,6.658752,0.069628
150464977332949,43.769539,7.21051,6.636538,0.070322
150464987333901,43.779540,7.228805,6.616626,0.068436
150464997334752,43.789541,7.24203,6.602229,0.059713
150465007335675,43.799542,7.247798,6.595976,0.050537
150465017336593,43.809543,7.239991,6.604604,0.041431
150465027337535,43.819544,7.21692,6.629844,0.035413
150465037338228,43.829544,7.181432,6.668277,0.033186
150465047339153,43.839545,7.138818,6.713862,0.036098
150465057340090,43.849546,7.093727,6.761443,0.043473
150465067340929,43.859547,7.050766,6.806154,0.054567
150465077341857,43.869548,7.012971,6.844968,0.068147
150465087342780,43.879549,6.985055,6.873282,0.083623
150465097343463,43.889549,6.972287,6.886,0.101224
150465107344374,43.899550,6.979213,6.878679,0.119915
150465117345312,43.909551,7.007634,6.849388,0.137809
150465127346155,43.919552,7.049922,6.805572,0.151037
150465137347155,43.929553,7.097011,6.756303,0.157444
150465147348001,43.939554,7.14224,6.708458,0.15816
150465157348924,43.949555,7.180176,6.667878,0.156519
150465167349833,43.959556,7.208469,6.637278,0.156707
150465177350513,43.969557,7.228485,6.61535,0.161676
150465187351436,43.979557,7.241978,6.600322,0.171726
150465197352280,43.989558,7.250007,6.59115,0.184764
150465207353194,43.999559,7.254679,6.585614,0.198307
150465217354117,44.009560,7.259237,6.580217,0.210332
150465227355030,44.019561,7.266535,6.571923,0.217527
150465237355953,44.029562,7.278172,6.559002,0.21834
150465247356653,44.039563,7.293468,6.542194,0.21219
150465257357581,44.049564,7.308331,6.526038,0.197759
150465267358523,44.059565,7.319096,6.51452,0.178495
150465277359357,44.069565,7.323053,6.510616,0.157427
150465287360280,44.079566,7.321026,6.51332,0.138637
150465297361218,44.089567,7.316266,6.518939,0.125209
150465307362136,44.099568,7.313342,6.522357,0.117899
150465317362814,44.109569,7.315907,6.519523,0.115347
150465327363755,44.119570,7.326374,6.50779,0.113834
150465337364599,44.129571,7.346271,6.485365,0.111108
150465347365536,44.139572,7.373683,6.454253,0.106784
150465357366464,44.149572,7.405397,6.417928,0.101427
150465367367162,44.159573,7.438926,6.379109,0.096385
150465377368089,44.169574,7.471413,6.341084,0.092667
150465387369013,44.179575,7.500618,6.306554,0.089897
150465397369951,44.189576,7.527267,6.274742,0.088494
150465407370795,44.199577,7.54931,6.248187,0.089883
150465417371718,44.209578,7.566501,6.227259,0.096204
150465427372636,44.219579,7.578102,6.213021,0.103558
150465437373312,44.229579,7.582039,6.208116,0.109635
150465447374220,44.239580,7.576603,6.214682,0.113198
150465457375154,44.249581,7.561037,6.233545,0.116552
150465467375969,44.259582,7.53869,6.260454,0.12184
150465477376897,44.269583,7.513585,6.290377,0.1311
150465487377820,44.279584,7.488991,6.319356,0.144223
150465497378753,44.289585,7.468012,6.343757,0.159932
150465507379444,44.299585,7.452811,6.361129,0.177864
150465517380365,44.309586,7.445433,6.369247,0.195492
150465527381289,44.319587,7.446862,6.367125,0.209655
150465537382123,44.329588,7.455665,6.356531,0.218136
150465547383046,44.339589,7.467792,6.342255,0.218827
150465557383740,44.349590,7.478216,6.330211,0.211478
150465567384649,44.359591,7.482758,6.325235,0.199259
150465577385567,44.369592,7.480762,6.327921,0.188748
150465587386495,44.379592,7.47652,6.333033,0.185271
150465597387418,44.389593,7.475205,6.334477,0.189129
150465607388277,44.399594,7.482898,6.325102,0.198334
150465617389200,44.409595,7.501556,6.302654,0.207773
150465627390108,44.419596,7.529574,6.268995,0.212655
150465637390815,44.429597,7.565196,6.226034,0.210467
150465647391740,44.439598,7.607419,6.174722,0.199841
150465657392589,44.449599,7.65443,6.116891,0.182589
150465667393512,44.459600,7.703556,6.055444,0.163847
150465677394420,44.469600,7.751271,5.994683,0.146868
150465687395112,44.479601,7.794235,5.939018,0.134053
150465697396037,44.489602,7.830487,5.891331,0.12512
150465707396965,44.499603,7.858684,5.853781,0.119768
150465717397807,44.509604,7.878309,5.827353,0.119123
150465727398713,44.519605,7.888699,5.813224,0.121736
150465737399422,44.529605,7.891264,5.809586,0.129234
150465747400579,44.539607,7.887687,5.814204,0.139136
150465757401268,44.549607,7.879377,5.825186,0.15044
150465767402191,44.559608,7.86955,5.838122,0.162881
150465777403022,44.569609,7.86077,5.849564,0.175592
150465787404035,44.579610,7.854383,5.85785,0.185008
150465797404867,44.589611,7.85006,5.863505,0.189359
150465807405576,44.599612,7.84593,5.86902,0.189533
150465817406499,44.609612,7.838867,5.87856,0.186393
150465827407431,44.619613,7.826,5.89583,0.181539
150465837408275,44.629614,7.804734,5.924149,0.174951
150465847409198,44.639615,7.776693,5.961113,0.167693
150465857410112,44.649616,7.746646,6.000273,0.161741
150465867411035,44.659617,7.720532,6.033939,0.158016
150465877411742,44.669618,7.703151,6.056036,0.160721
150465887412590,44.679619,7.697745,6.062653,0.17014
150465897413607,44.689620,7.707889,6.049419,0.181707
150465907414469,44.699620,7.730791,6.019881,0.189395
150465917415376,44.709621,7.75977,5.982551,0.187138
150465927416064,44.719622,7.788807,5.945106,0.173777
150465937416989,44.729623,7.815666,5.910346,0.152349
150465947417849,44.739624,7.841077,5.877143,0.129138
150465957418756,44.749625,7.866771,5.843039,0.113328
150465967419693,44.759626,7.896499,5.802824,0.111907
150465977420612,44.769627,7.933075,5.752455,0.125006
150465987421305,44.779627,7.976877,5.691012,0.147664
150465997422225,44.789628,8.024607,5.622849,0.170823
150466007423069,44.799629,8.0716,5.554579,0.189385
150466017423992,44.809630,8.114468,5.491266,0.203407
150466027424945,44.819631,8.152349,5.434548,0.211847
150466037425654,44.829632,8.185292,5.384698,0.214418
150466047426548,44.839633,8.213741,5.341099,0.217176
150466057427394,44.849633,8.239015,5.301837,0.221689
150466067428296,44.859634,8.262182,5.265486,0.225913
150466077429219,44.869635,8.282064,5.23405,0.228472
150466087430156,44.879636,8.296571,5.210885,0.231514
150466097430845,44.889637,8.302747,5.200748,0.237871
150466107431769,44.899638,8.29991,5.204808,0.247849
150466117432618,44.909639,8.288546,5.222172,0.262485
150466127433541,44.919640,8.268896,5.252337,0.279748
150466137434464,44.929640,8.243177,5.291603,0.298323
150466147435387,44.939641,8.212664,5.337788,0.316419
150466157436084,44.949642,8.177202,5.390948,0.333196
150466167436933,44.959643,8.13598,5.45201,0.34846
150466177437844,44.969644,8.087728,5.522352,0.363686
150466187438767,44.979645,8.031747,5.602306,0.381057
150466197439676,44.989646,7.968475,5.690579,0.400912
150466207440353,44.999646,7.89944,5.784582,0.421244
150466217441297,45.009647,7.826826,5.881012,0.441062
150466227442141,45.019648,7.751916,5.978089,0.458524
150466237443084,45.029649,7.676184,6.073902,0.473193
150466247444016,45.039650,7.601065,6.166718,0.48516
150466257444708,45.049651,7.528435,6.254262,0.496825
150466267445633,45.059652,7.462275,6.331974,0.510379
150466277446561,45.069653,7.407796,6.394276,0.527007
150466287447400,45.079653,7.365369,6.441574,0.545339
150466297448305,45.089654,7.333384,6.47641,0.563543
150466307448998,45.099655,7.310237,6.501353,0.576939
150466317449923,45.109656,7.29513,6.518253,0.577482
150466327450769,45.119657,7.28665,6.528938,0.563642
150466337451690,45.129658,7.281449,6.536563,0.542037
150466347452384,45.139658,7.278217,6.541533,0.525274
150466357453308,45.149659,7.280436,6.53936,0.52152
150466367454231,45.159660,7.291825,6.525689,0.533552
150466377455177,45.169661,7.315927,6.496635,0.557661
150466387456023,45.179662,7.354116,6.450755,0.587147
150466397456944,45.189663,7.409488,6.384288,0.616719
150466407457867,45.199664,7.487579,6.289339,0.648334
150466417458547,45.209665,7.593743,6.156996,0.683009
150466427459466,45.219665,7.730373,5.981213,0.711608
150466437460308,45.229666,7.892473,5.764344,0.721944
150466447461229,45.239667,8.068326,5.517938,0.703199
150466457461922,45.249668,8.24164,5.261441,0.657698
150466467462845,45.259669,8.393624,5.023516,0.592766
150466477463768,45.269670,8.51169,4.829312,0.518521
150466487464613,45.279671,8.590618,4.694366,0.451887
150466497465536,45.289672,8.629731,4.626191,0.407482
150466507466228,45.299672,8.634685,4.618456,0.390005
150466517467144,45.309673,8.615552,4.653502,0.396454
150466527468067,45.319674,8.58153,4.714308,0.415427
150466537468911,45.329675,8.539872,4.78708,0.440937
150466547469833,45.339676,8.496748,4.860591,0.469037
150466557470533,45.349677,8.456079,4.928667,0.492973
150466567471451,45.359677,8.419249,4.989732,0.508714
150466577472283,45.369678,8.385291,5.046023,0.514318
150466587473190,45.379679,8.352191,5.101121,0.509346
150466597474108,45.389680,8.318114,5.158218,0.491679
150466607474806,45.399681,8.281174,5.219909,0.463331
150466617475730,45.409682,8.240679,5.286437,0.429931
150466627476574,45.419683,8.197865,5.355172,0.396363
150466637477497,45.429683,8.151387,5.427556,0.369529
150466647478416,45.439684,8.10179,5.50225,0.355243
150466657479110,45.449685,8.050185,5.577568,0.353911
150466667480029,45.459686,8.001429,5.646849,0.360822
150466677480860,45.469687,7.959535,5.705337,0.36729
150466687481781,45.479688,7.927705,5.749395,0.368717
150466697482488,45.489688,7.906583,5.778782,0.362833
150466707483413,45.499689,7.894223,5.7964,0.350797
150466717484259,45.509690,7.888692,5.804833,0.335359
150466727485152,45.519691,7.889556,5.804671,0.317269
150466737486075,45.529692,7.898363,5.793696,0.298302
150466747486778,45.539693,7.91523,5.771578,0.279311
150466757487716,45.549694,7.938222,5.740822,0.260039
150466767488566,45.559695,7.963783,5.706132,0.241276
150466777489473,45.569695,7.98887,5.67166,0.224001
150466787490391,45.579696,8.010944,5.640977,0.210169
150466797491079,45.589697,8.026761,5.618716,0.202868
150466807492004,45.599698,8.034558,5.607413,0.206737
150466817492865,45.609699,8.035961,5.604891,0.220307
150466827493790,45.619700,8.033557,5.607563,0.239194
150466837494502,45.629701,8.030602,5.610853,0.260302
150466847495428,45.639701,8.028603,5.612736,0.280522
150466857496349,45.649702,8.027949,5.612751,0.298431
150466867497197,45.659703,8.028961,5.610487,0.313401
150466877498113,45.669704,8.032046,5.605397,0.325159
150466887498807,45.679705,8.036828,5.597926,0.335674
150466897499740,45.689706,8.044178,5.586568,0.348469
150466907500658,45.699707,8.055317,5.569457,0.364705
150466917501498,45.709707,8.070294,5.546431,0.384014
150466927502192,45.719708,8.08953,5.516685,0.407117
150466937503110,45.729709,8.114041,5.478499,0.4341
150466947503956,45.739710,8.14431,5.43112,0.461714
150466957504892,45.749711,8.180883,5.373864,0.48443
150466967505596,45.759712,8.223841,5.306708,0.497329
150466977506529,45.769713,8.26843,5.237045,0.496424
150466987507437,45.779713,8.308349,5.175156,0.478636
150466997508269,45.789714,8.336511,5.132254,0.45003
150467007509175,45.799715,8.348136,5.11567,0.422549
150467017510122,45.809716,8.343371,5.124727,0.40664
150467027510815,45.819717,8.324618,5.155241,0.405278
150467037511740,45.829718,8.29661,5.199392,0.415501
150467047512589,45.839719,8.262328,5.252552,0.42964
150467057513506,45.849720,8.222942,5.313081,0.440864
150467067514189,45.859720,8.179416,5.379233,0.448342
150467077515114,45.869721,8.132906,5.449184,0.449719
150467087516042,45.879722,8.086199,5.518373,0.448212
150467097516910,45.889723,8.042891,5.581386,0.447226
150467107517617,45.899724,8.007325,5.632184,0.448663
150467117518542,45.909725,7.982901,5.666549,0.4511
150467127519451,45.919725,7.969534,5.685274,0.451904
150467137520275,45.929726,7.964735,5.692115,0.450366
150467147521214,45.939727,7.965568,5.691124,0.448216
150467157521920,45.949728,7.970263,5.684703,0.446222
150467167522782,45.959729,7.978474,5.673423,0.443007
150467177523694,45.969730,7.989622,5.657989,0.439454
150467187524607,45.979731,8.004094,5.637643,0.437522
150467197525286,45.989731,8.022096,5.61206,0.436769
150467207526206,45.999732,8.04233,5.583153,0.435141
150467217527036,46.009733,8.062173,5.554859,0.429982
150467227527730,46.019734,8.078163,5.532372,0.419694
150467237528643,46.029735,8.085448,5.52266,0.407087
150467247529580,46.039736,8.080424,5.530854,0.395478
150467257530427,46.049736,8.061581,5.559015,0.385075
150467267531334,46.059737,8.030783,5.603935,0.377337
150467277532013,46.069738,7.991853,5.65962,0.372909
150467287532951,46.079739,7.948612,5.720273,0.37158
150467297533809,46.089740,7.903682,5.782089,0.373171
150467307534746,46.099741,7.859727,5.841452,0.377017
150467317535640,46.109742,7.820142,5.894034,0.381707
150467327536333,46.119742,7.788339,5.935779,0.385007
150467337537181,46.129743,7.767921,5.962472,0.385093
150467347538112,46.139744,7.759567,5.973613,0.380926
150467357539035,46.149745,7.762121,5.970831,0.372359
150467367539747,46.159746,7.773264,5.957122,0.359244
150467377540672,46.169747,7.790517,5.935604,0.341171
150467387541526,46.179748,7.810222,5.910833,0.320131
150467397542239,46.189748,7.830334,5.885113,0.302157
150467407543176,46.199749,7.849766,5.859754,0.290669
150467417544085,46.209750,7.866679,5.837436,0.282279
150467427544944,46.219751,7.880319,5.819203,0.278208
150467437545862,46.229752,7.889048,5.807429,0.276921
150467447546555,46.239753,7.893227,5.801769,0.276515
150467457547384,46.249753,7.894137,5.800509,0.276999
150467467548319,46.259754,7.892589,5.802483,0.279601
150467477549242,46.269755,7.889735,5.806153,0.284041
150467487549951,46.279756,7.88487,5.81266,0.28597
150467497550879,46.289757,7.87613,5.824575,0.284353
150467507551739,46.299758,7.860579,5.845852,0.277955
150467517552660,46.309759,7.837256,5.877361,0.272077
150467527553352,46.319759,7.80938,5.914324,0.272582
150467537554277,46.329760,7.782197,5.949485,0.284643
150467547555119,46.339761,7.76154,5.975308,0.306906
150467557555802,46.349762,7.749971,5.988916,0.332845
150467567556720,46.359763,7.746215,5.99258,0.353777
150467577557564,46.369764,7.745352,5.993231,0.361592
150467587558501,46.379765,7.740041,6.000511,0.354352
150467597559410,46.389765,7.724987,6.021018,0.33461
150467607560108,46.399766,7.699146,6.05525,0.311663
150467617561018,46.409767,7.666403,6.097459,0.29536
150467627561853,46.419768,7.632656,6.139756,0.293292
150467637562533,46.429769,7.602063,6.17701,0.30535
150467647563451,46.439769,7.578778,6.204141,0.332755
150467657564298,46.449770,7.565681,6.218179,0.367058
150467667565214,46.459771,7.562309,6.220402,0.397601
150467677565902,46.469772,7.56681,6.213609,0.417585
150467687566822,46.479773,7.576574,6.201369,0.42251
150467697567740,46.489774,7.588831,6.186783,0.416354
150467707568579,46.499775,7.602401,6.170662,0.407969
150467717569489,46.509775,7.617934,6.151484,0.407869
150467727570200,46.519776,7.636722,6.127125,0.422795
150467737571033,46.529777,7.657575,6.099256,0.447907
150467747571941,46.539778,7.678815,6.070356,0.476039
150467757572619,46.549779,7.699057,6.04284,0.498648
150467767573542,46.559780,7.715499,6.021051,0.507939
150467777574388,46.569780,7.723768,6.010588,0.506173
150467787575309,46.579781,7.721091,6.014551,0.4999
150467797576003,46.589782,7.709404,6.029603,0.499044
150467807576849,46.599783,7.693057,6.049493,0.51042
150467817577773,46.609784,7.677443,6.067392,0.532536
150467827578699,46.619785,7.66358,6.082552,0.558635
150467837579391,46.629785,7.650084,6.097541,0.579831
150467847580316,46.639786,7.636072,6.113868,0.592469
150467857581213,46.649787,7.619636,6.133988,0.596084
150467867582059,46.659788,7.600592,6.157508,0.596751
150467877582759,46.669789,7.580894,6.181348,0.600865
150467887583686,46.679790,7.562755,6.202414,0.612194
150467897584559,46.689791,7.550325,6.215276,0.634759
150467907585234,46.699791,7.547429,6.215385,0.667313
150467917586171,46.709792,7.555298,6.201975,0.702124
150467927587018,46.719793,7.570971,6.179363,0.732049
150467937587939,46.729794,7.589389,6.154458,0.750888
150467947588633,46.739795,7.607777,6.130687,0.759207
150467957589556,46.749796,7.623005,6.111668,0.759808
150467967590494,46.759796,7.633135,6.099073,0.759323
150467977591347,46.769797,7.640044,6.089288,0.768307
150467987592042,46.779798,7.647899,6.076942,0.787665
150467997592965,46.789799,7.65851,6.060754,0.809007
150468007593795,46.799800,7.669104,6.045047,0.825987
150468017594723,46.809801,7.674618,6.037094,0.832891
150468027595414,46.819801,7.670235,6.04348,0.826954
150468037596355,46.829802,7.653179,6.066813,0.81403
150468047597184,46.839803,7.625816,6.102899,0.800942
150468057598107,46.849804,7.595954,6.140314,0.798789
150468067598790,46.859805,7.57087,6.169536,0.811648
150468077599655,46.869806,7.556124,6.184619,0.833956
150468087600578,46.879807,7.55154,6.187678,0.852569
150468097601506,46.889808,7.55293,6.185283,0.857615
150468107602199,46.899808,7.555081,6.184296,0.845745
150468117603136,46.909809,7.555856,6.186327,0.823646
150468127603997,46.919810,7.556138,6.189004,0.800645
150468137604705,46.929811,7.558725,6.187794,0.785391
150468147605547,46.939812,7.56754,6.176678,0.788028
150468157606475,46.949812,7.587571,6.149503,0.80769
150468167607382,46.959813,7.619386,6.1072,0.828882
150468177608078,46.969814,7.656275,6.059416,0.839595
150468187608999,46.979815,7.691136,6.016267,0.831218
150468197609828,46.989816,7.716783,5.987026,0.804228
150468207610738,46.999817,7.728537,5.976143,0.771658
150468217611430,47.009817,7.730276,5.976943,0.747618
150468227612292,47.019818,7.730675,5.976873,0.74406
150468237613220,47.029819,7.736044,5.968471,0.755623
150468247613902,47.039820,7.744947,5.954972,0.770792
150468257614812,47.049821,7.750668,5.946389,0.779483
150468267615646,47.059822,7.746835,5.951902,0.775502
150468277616360,47.069822,7.731119,5.974238,0.760464
150468287617283,47.079823,7.702886,6.012625,0.744258
150468297618190,47.089824,7.666508,6.059679,0.738165
150468307619023,47.099825,7.629567,6.104832,0.74882
150468317619716,47.109826,7.60009,6.137851,0.778105
150468327620630,47.119827,7.583041,6.154409,0.812888
150468337621488,47.129827,7.576886,6.158452,0.83919
150468347622197,47.139828,7.576346,6.15751,0.850906
150468357623129,47.149829,7.575248,6.159481,0.84643
150468367624058,47.159830,7.570801,6.167035,0.831029
150468377624923,47.169831,7.562199,6.179514,0.816514
150468387625630,47.179832,7.551979,6.192316,0.814127
150468397626553,47.189833,7.542892,6.201738,0.826604
150468407627394,47.199833,7.537071,6.205493,0.851092
150468417628319,47.209834,7.533447,6.206252,0.877276
150468427629014,47.219835,7.529756,6.20796,0.896677
150468437629937,47.229836,7.524874,6.212554,0.905782
150468447630791,47.239837,7.51919,6.219458,0.905617
150468457631708,47.249838,7.514786,6.225103,0.903405
150468467632401,47.259838,7.514809,6.224406,0.907973
150468477633249,47.269839,7.522076,6.213622,0.921586
150468487634184,47.279840,7.53693,6.193048,0.938522
150468497634891,47.289841,7.553776,6.170842,0.949333
150468507635787,47.299842,7.568715,6.152998,0.946103
150468517636640,47.309843,7.578169,6.143527,0.931891
150468527637569,47.319844,7.578839,6.14515,0.915606
150468537638261,47.329844,7.574897,6.15152,0.90541
150468547639186,47.339845,7.573217,6.153462,0.906282
150468557640025,47.349846,7.579128,6.144751,0.915915
150468567640713,47.359847,7.592851,6.126439,0.92484
150468577641639,47.369848,7.610876,6.104097,0.924431
150468587642483,47.379848,7.629728,6.082508,0.911231
150468597643163,47.389849,7.646282,6.065374,0.886377
150468607644086,47.399850,7.659185,6.052787,0.860604
150468617644927,47.409851,7.668255,6.043925,0.841913
150468627645848,47.419852,7.674294,6.037268,0.834623
150468637646543,47.429853,7.676854,6.034139,0.833756
150468647647452,47.439853,7.674224,6.037383,0.834443
150468657648298,47.449854,7.664723,6.050346,0.827858
150468667649200,47.459855,7.648144,6.073778,0.809384
150468677649896,47.469856,7.625802,6.104718,0.787119
150468687650748,47.479857,7.602603,6.135461,0.772372
150468697651657,47.489858,7.585933,6.156356,0.770013
150468707652330,47.499858,7.579779,6.163194,0.775838
150468717653240,47.509859,7.585345,6.155781,0.780326
150468727654084,47.519860,7.59581,6.143684,0.773833
150468737654779,47.529861,7.604591,6.135443,0.752683
150468747655707,47.539862,7.6058,6.137671,0.721657
150468757656553,47.549863,7.598084,6.150517,0.693044
150468767657474,47.559863,7.585638,6.16783,0.675281
150468777658175,47.569864,7.572463,6.184146,0.673892
150468787659024,47.579865,7.561145,6.197101,0.681953
150468797659960,47.589866,7.549567,6.210207,0.690904
150468807660658,47.599867,7.531832,6.230945,0.69773
150468817661601,47.609868,7.504823,6.263005,0.701701
150468827662444,47.619868,7.472666,6.300884,0.705774
150468837663159,47.629869,7.441668,6.336478,0.714546
150468847664082,47.639870,7.416974,6.363668,0.72951
150468857664923,47.649871,7.398601,6.382737,0.749244
150468867665849,47.659872,7.381796,6.39993,0.768069
150468877666531,47.669873,7.362225,6.421331,0.777251
150468887667466,47.679873,7.334365,6.453387,0.775132
150468897668320,47.689874,7.297431,6.49608,0.76708
150468907669014,47.699875,7.256229,6.542189,0.766076
150468917669942,47.709876,7.216566,6.584663,0.776789
150468927670800,47.719877,7.184185,6.617355,0.798789
150468937671723,47.729878,7.16002,6.639724,0.829533
150468947672426,47.739878,7.142658,6.65415,0.862994
150468957673272,47.749879,7.131783,6.662538,0.887842
150468967673966,47.759880,7.126885,6.66605,0.900719
150468977674875,47.769881,7.128396,6.663598,0.906867
150468987675715,47.779882,7.137865,6.652942,0.910624
150468997676632,47.789883,7.157619,6.631311,0.913359
150469007677326,47.799883,7.186389,6.600381,0.911459
150469017678158,47.809884,7.218467,6.566684,0.901303
150469027679093,47.819885,7.246471,6.538284,0.882915
150469037679787,47.829886,7.266793,6.518196,0.864189
150469047680725,47.839887,7.277871,6.507452,0.851837
150469057681574,47.849888,7.280011,6.505258,0.850326
150469067682516,47.859889,7.275387,6.509181,0.859805
150469077683208,47.869889,7.264974,6.51897,0.873615
150469087684064,47.879890,7.248644,6.535583,0.885057
150469097684972,47.889891,7.229378,6.556705,0.886406
150469107685665,47.899892,7.21019,6.578772,0.879169
150469117686590,47.909893,7.193695,6.597492,0.873988
150469127687415,47.919893,7.185124,6.60599,0.880272
150469137688107,47.929894,7.189835,6.598792,0.895691
150469147688956,47.939895,7.205897,6.578813,0.913385
150469157689877,47.949896,7.225681,6.555714,0.923106
150469167690571,47.959897,7.243317,6.537051,0.917213
150469177691494,47.969897,7.2568,6.524393,0.90063
150469187692328,47.979898,7.263308,6.519578,0.882857
150469197693251,47.989899,7.265472,6.518373,0.873921
150469207693932,47.999900,7.267234,6.515476,0.880838
150469217694782,48.009901,7.270472,6.509171,0.900536
150469227695703,48.019902,7.275462,6.500205,0.924652
150469237696395,48.029902,7.281066,6.491238,0.943333
150469247697300,48.039903,7.285833,6.484429,0.953296
150469257697918,48.049904,7.287203,6.482983,0.952677
150469267698827,48.059905,7.283534,6.48843,0.94362
150469277699687,48.069906,7.269999,6.505091,0.933206
150469287700608,48.079907,7.245128,6.534101,0.923929
150469297701315,48.089907,7.210187,6.573457,0.918114
150469307702177,48.099908,7.17042,6.616836,0.917904
150469317703084,48.109909,7.133115,6.656463,0.92206
150469327703778,48.119910,7.101632,6.688946,0.929957
150469337704701,48.129911,7.079016,6.71142,0.94041
150469347705536,48.139912,7.068568,6.721236,0.948867
150469357706231,48.149912,7.069841,6.719441,0.952055
150469367707072,48.159913,7.079881,6.709124,0.950231
150469377707979,48.169914,7.097924,6.690427,0.947451
150469387708902,48.179915,7.12457,6.662972,0.940886
150469397709594,48.189916,7.157766,6.628758,0.930584
150469407710440,48.199916,7.192536,6.592848,0.917484
150469417711139,48.209917,7.223778,6.560791,0.901685
150469427712062,48.219918,7.245897,6.539047,0.88191
150469437712906,48.229919,7.256165,6.530174,0.863091
150469447713815,48.239920,7.255607,6.532064,0.853393
150469457714519,48.249921,7.249916,6.537888,0.857169
150469467715365,48.259921,7.245513,6.541027,0.870356
150469477716286,48.269922,7.242766,6.542402,0.882785
150469487716969,48.279923,7.236694,6.548794,0.885187
150469497717830,48.289924,7.222321,6.566044,0.874769
150469507718527,48.299925,7.198753,6.594481,0.854864
150469517719461,48.309925,7.170469,6.627457,0.837391
150469527720317,48.319926,7.144739,6.655838,0.832158
150469537721238,48.329927,7.127251,6.673913,0.83735
150469547721945,48.339928,7.121374,6.679178,0.845378
150469557722779,48.349929,7.126481,6.673106,0.850252
150469567723700,48.359930,7.137058,6.662136,0.847541
150469577724392,48.369930,7.151318,6.648118,0.837394
150469587725225,48.379931,7.170169,6.629677,0.822195
150469597726151,48.389932,7.194437,6.604703,0.811182
150469607726832,48.399933,7.221052,6.576409,0.804507
150469617727678,48.409934,7.246882,6.548294,0.801586
150469627728370,48.419934,7.269167,6.523959,0.798216
150469637729283,48.429935,7.284788,6.506997,0.794254
150469647730130,48.439936,7.29057,6.500942,0.790773
150469657731046,48.449937,7.28932,6.502805,0.786999
150469667731738,48.459938,7.284974,6.508133,0.783154
150469677732658,48.469939,7.276239,6.518177,0.780821
150469687733493,48.479939,7.264415,6.531114,0.78283
150469697734188,48.489940,7.249459,6.547603,0.783752
150469707735034,48.499941,7.229512,6.57043,0.776929
150469717735735,48.509942,7.202061,6.602507,0.75973
150469727736644,48.519943,7.16807,6.641626,0.739955
150469737737504,48.529944,7.133136,6.681214,0.720946
150469747738426,48.539944,7.101468,6.715951,0.710682
150469757739133,48.549945,7.080252,6.738058,0.713161
150469767739976,48.559946,7.078975,6.738087,0.725499
150469777740907,48.569947,7.099568,6.714505,0.742671
150469787741599,48.579948,7.132151,6.678903,0.751465
150469797742520,48.589949,7.167553,6.641597,0.745211
150469807743368,48.599949,7.197275,6.611374,0.727282
150469817744060,48.609950,7.216668,6.592293,0.708051
150469827744894,48.619951,7.229298,6.579381,0.699266
150469837745587,48.629952,7.240053,6.566524,0.708799
150469847746510,48.639953,7.253995,6.547779,0.73902
150469857747361,48.649953,7.270054,6.525614,0.776314
150469867748282,48.659954,7.289523,6.500118,0.807027
150469877748978,48.669955,7.311963,6.472718,0.824068
150469887749817,48.679956,7.336021,6.445452,0.823997
150469897750524,48.689957,7.355538,6.424891,0.810463
150469907751370,48.699957,7.361459,6.420372,0.792315
150469917752291,48.709958,7.349852,6.435279,0.779007
150469927753200,48.719959,7.321539,6.468085,0.773943
150469937753887,48.729960,7.281619,6.512449,0.778516
150469947754755,48.739961,7.239548,6.557551,0.792149
150469957755681,48.749962,7.203735,6.593646,0.818596
150469967756298,48.759962,7.183805,6.610739,0.855065
150469977757224,48.769963,7.186363,6.60326,0.890582
150469987757914,48.779964,7.208864,6.575715,0.912302
150469997758837,48.789965,7.242295,6.538729,0.913333
150470007759700,48.799966,7.280493,6.49888,0.893845
150470017760399,48.809966,7.314554,6.465426,0.857652
150470027761316,48.819967,7.336133,6.445684,0.821158
150470037762160,48.829968,7.342626,6.440929,0.800154
150470047762851,48.839969,7.33835,6.445605,0.801752
150470057763792,48.849970,7.332075,6.450021,0.823363
150470067764636,48.859971,7.330714,6.447706,0.853024
150470077765559,48.869972,7.33654,6.438196,0.874527
150470087766254,48.879972,7.347037,6.425496,0.879784
150470097767098,48.889973,7.355339,6.417656,0.867561
150470107767802,48.899974,7.359727,6.415037,0.849546
150470117768638,48.909975,7.359833,6.41697,0.83388
150470127769317,48.919975,7.354534,6.423743,0.828444
150470137770231,48.929976,7.342955,6.43665,0.83098
150470147771152,48.939977,7.324356,6.457085,0.836593
150470157771998,48.949978,7.302965,6.481075,0.838076
150470167772690,48.959979,7.28569,6.500542,0.837679
150470177773522,48.969980,7.275817,6.51163,0.837346
150470187774221,48.979980,7.273359,6.514055,0.839836
150470197775067,48.989981,7.278575,6.50772,0.843773
150470207775985,48.999982,7.288346,6.496953,0.842391
150470217776663,49.009983,7.300864,6.484145,0.832621
150470227777586,49.019984,7.313085,6.472239,0.817868
150470237778426,49.029984,7.321368,6.464618,0.803919
150470247779118,49.039985,7.326531,6.459603,0.797156
150470257779961,49.049986,7.331003,6.453682,0.803978
150470267780669,49.059987,7.340783,6.440301,0.821829
150470277781592,49.069988,7.362377,6.41221,0.847902
150470287782524,49.079989,7.396146,6.370399,0.868928
150470297783368,49.089989,7.439837,6.319236,0.869493
150470307784065,49.099990,7.487922,6.264771,0.850686
150470317784913,49.109991,7.53011,6.218611,0.81625
150470327785843,49.119992,7.559368,6.188254,0.775508
150470337786538,49.129993,7.571345,6.177817,0.741178
150470347787393,49.139993,7.566491,6.1858,0.723923
150470357788076,49.149994,7.548989,6.206724,0.727569
150470367789014,49.159995,7.528001,6.229768,0.747788
150470377789878,49.169996,7.513105,6.243464,0.782587
150470387790586,49.179997,7.510378,6.241879,0.820462
150470397791509,49.189998,7.523963,6.222406,0.843575
150470407792353,49.199998,7.54924,6.191938,0.841932
150470417793046,49.209999,7.576641,6.161651,0.817662
150470427793909,49.220000,7.597093,6.141201,0.78092
150470437794815,49.230001,7.601064,6.141292,0.740482
150470447795526,49.240002,7.585734,6.16349,0.712758
150470457796379,49.250002,7.554036,6.203835,0.699231
150470467797291,49.260003,7.514566,6.251051,0.70404
150470477797969,49.270004,7.47833,6.291631,0.727964
150470487798817,49.280005,7.453173,6.317496,0.761182
150470497799514,49.290006,7.44274,6.326142,0.790908
150470507800422,49.300006,7.443692,6.323433,0.803527
150470517801282,49.310007,7.449295,6.318485,0.790428
150470527801976,49.320008,7.451267,6.319569,0.762676
150470537802807,49.330009,7.446109,6.328926,0.734942
150470547803699,49.340010,7.438607,6.339267,0.721674
150470557804607,49.350011,7.434456,6.343161,0.73017
150470567805295,49.360011,7.438187,6.335653,0.756899
150470577806141,49.370012,7.45187,6.315362,0.79109
150470587806840,49.380013,7.475194,6.28454,0.816107
150470597807662,49.390014,7.505684,6.246956,0.824756
150470607808355,49.400014,7.539204,6.208228,0.811369
150470617809264,49.410015,7.569543,6.174988,0.782018
150470627810110,49.420016,7.588086,6.156362,0.748456
150470637810811,49.430017,7.590954,6.155602,0.725236
150470647811734,49.440018,7.579942,6.169995,0.718092
150470657812594,49.450019,7.558282,6.196038,0.722105
150470667813271,49.460019,7.530644,6.228443,0.73205
150470677814090,49.470020,7.500319,6.263651,0.742929
150470687815026,49.480021,7.470098,6.298456,0.753052
150470697815705,49.490022,7.445715,6.325696,0.766134
150470707816639,49.500023,7.433119,6.338364,0.783487
150470717817503,49.510024,7.43725,6.330643,0.806377
150470727818195,49.520024,7.460404,6.30067,0.826986
150470737819033,49.530025,7.497012,6.255931,0.835521
150470747819940,49.540026,7.539202,6.205839,0.829448
150470757820628,49.550027,7.576601,6.162897,0.808578
150470767821500,49.560028,7.601363,6.135952,0.780608
150470777822206,49.570028,7.608059,6.130262,0.759837
150470787823052,49.580029,7.597955,6.143345,0.755246
150470797823983,49.590030,7.577832,6.165886,0.773525
150470807824678,49.600031,7.556496,6.187812,0.806464
150470817825524,49.610032,7.541114,6.202039,0.840412
150470827826211,49.620032,7.532134,6.209762,0.8636
150470837827134,49.630033,7.526967,6.214964,0.871196
150470847827981,49.640034,7.522266,6.221518,0.865017
150470857828673,49.650035,7.515018,6.231773,0.854112
150470867829519,49.660036,7.503493,6.247249,0.842286
150470877830440,49.670036,7.485479,6.270377,0.830649
150470887831128,49.680037,7.458922,6.303254,0.820646
150470897831976,49.690038,7.425436,6.34365,0.81302
150470907832911,49.700039,7.389436,6.386599,0.804733
150470917833605,49.710040,7.356488,6.425273,0.798755
150470927834466,49.720040,7.332291,6.453325,0.795073
150470937835159,49.730041,7.321129,6.465723,0.797176
150470947836072,49.740042,7.325472,6.459804,0.805233
150470957836979,49.750043,7.348579,6.431791,0.818777
150470967837596,49.760044,7.386708,6.386424,0.830723
150470977838509,49.770045,7.436465,6.327914,0.834559
150470987839111,49.780045,7.493208,6.261662,0.826721
150470997840053,49.790046,7.55185,6.193735,0.804479
150471007840899,49.800047,7.606459,6.130254,0.775732
150471017841605,49.810048,7.654468,6.073383,0.750451
150471027842543,49.820049,7.6939,6.025289,0.734688
150471037843390,49.830049,7.721753,5.990827,0.724258
150471047844067,49.840050,7.735592,5.973783,0.717289
150471057844918,49.850051,7.733016,5.977606,0.71323
150471067845824,49.860052,7.717286,5.997947,0.712825
150471077846502,49.870053,7.696429,6.023259,0.724771
150471087847440,49.880053,7.680281,6.040818,0.749557
150471097848285,49.890054,7.676278,6.042038,0.780068
150471107848973,49.900055,7.688532,6.0232,0.804716
150471117849819,49.910056,7.712822,5.99105,0.812217
150471127850512,49.920057,7.742347,5.95393,0.804251
150471137851355,49.930057,7.770225,5.919981,0.785782
150471147852290,49.940058,7.791653,5.894655,0.76368
150471157852982,49.950059,7.803737,5.88038,0.75022
150471167853846,49.960060,7.805733,5.877663,0.750756
150471177854752,49.970061,7.798386,5.886045,0.761352
150471187855459,49.980061,7.782652,5.905461,0.771915
150471197856290,49.990062,7.759558,5.935258,0.775813
150471207857213,50.000063,7.730984,5.973242,0.7696
150471217857845,50.010064,7.697377,6.017869,0.758666
150471227858766,50.020065,7.659992,6.066659,0.748477
150471237859488,50.030065,7.620809,6.116884,0.739611
150471247860349,50.040066,7.581863,6.165559,0.735693
150471257861013,50.050067,7.543652,6.212372,0.734691
150471267861846,50.060068,7.508812,6.254524,0.733941
150471277862767,50.070069,7.480788,6.288254,0.731892
150471287863464,50.080069,7.46417,6.307548,0.735554
150471297864312,50.090070,7.464324,6.306226,0.74524
150471307865233,50.100071,7.482733,6.282865,0.757862
150471317865931,50.110072,7.515587,6.243309,0.75962
150471327866760,50.120073,7.556205,6.196872,0.736568
150471337867452,50.130073,7.594169,6.15663,0.681516
150471347868379,50.140074,7.616085,6.137481,0.605413
150471357869210,50.150075,7.612672,6.148286,0.534613
150471367869931,50.160076,7.585284,6.1856,0.491802
150471377870772,50.170077,7.544793,6.235563,0.483568
150471387871695,50.180078,7.50439,6.282479,0.504624
150471397872388,50.190078,7.474063,6.315672,0.539165
150471407873248,50.200079,7.458485,6.331946,0.563433
150471417873926,50.210080,7.452995,6.337966,0.568367
150471427874787,50.220081,7.450044,6.342673,0.554372
150471437875723,50.230082,7.443083,6.35314,0.527351
150471447876430,50.240082,7.429337,6.371529,0.498511
150471457877276,50.250083,7.410262,6.395239,0.478449
150471467877965,50.260084,7.388752,6.420611,0.471263
150471477878811,50.270085,7.369954,6.441993,0.473849
150471487879490,50.280085,7.358418,6.454348,0.484815
150471497880418,50.290086,7.35949,6.452049,0.498928
150471507881249,50.300087,7.376343,6.431918,0.509891
150471517881946,50.310088,7.40738,6.395724,0.515237
150471527882855,50.320089,7.445591,6.351585,0.510411
150471537883686,50.330090,7.482459,6.309369,0.494588
150471547884378,50.340090,7.50929,6.279594,0.466053
150471557885229,50.350091,7.518625,6.270665,0.43474
150471567886152,50.360092,7.507941,6.284695,0.416493
150471577886829,50.370093,7.48436,6.312429,0.421404
150471587887676,50.380094,7.45704,6.342553,0.452302
150471597888354,50.390094,7.436848,6.362539,0.501353
150471607889195,50.400095,7.430917,6.365572,0.548618
150471617889889,50.410096,7.440536,6.351897,0.57602
150471627890731,50.420097,7.458883,6.330184,0.577813
150471637891657,50.430098,7.477049,6.310424,0.558879
150471647892349,50.440098,7.485618,6.302983,0.527177
150471657893211,50.450099,7.477814,6.314581,0.498398
150471667893904,50.460100,7.45268,6.345635,0.480034
150471677894827,50.470101,7.415909,6.388853,0.476289
150471687895687,50.480102,7.373107,6.437532,0.485299
150471697896355,50.490102,7.332948,6.48163,0.506329
150471707897216,50.500103,7.303139,6.51323,0.531079
150471717898138,50.510104,7.291384,6.524455,0.554272
150471727898830,50.520105,7.299618,6.514133,0.567132
150471737899680,50.530106,7.325257,6.485497,0.564801
150471747900368,50.540106,7.360934,6.446652,0.545283
150471757901287,50.550107,7.396938,6.408324,0.508647
150471767902137,50.560108,7.420823,6.384464,0.458305
150471777902819,50.570109,7.423051,6.385375,0.406555
150471787903660,50.580110,7.399799,6.414718,0.366564
150471797904583,50.590111,7.356427,6.465467,0.347424
150471807905290,50.600111,7.303051,6.525462,0.351864
150471817905907,50.610112,7.249412,6.583605,0.377006
150471827907064,50.620113,7.206349,6.628362,0.416334
150471837907679,50.630114,7.18347,6.649988,0.464064
150471847908360,50.640114,7.188561,6.641698,0.502415
150471857909283,50.650115,7.22286,6.602882,0.521724
150471867910141,50.660116,7.27694,6.543671,0.516221
150471877910833,50.670117,7.340208,6.474824,0.487915
150471887911766,50.680118,7.401964,6.407306,0.444289
150471897912616,50.690119,7.452971,6.351074,0.396302
150471907913228,50.700119,7.485505,6.314934,0.358922
150471917914233,50.710120,7.497823,6.301132,0.343976
150471927915084,50.720121,7.494553,6.304534,0.352908
150471937915767,50.730122,7.480986,6.319167,0.378099
150471947916614,50.740123,7.463735,6.337667,0.408171
150471957917324,50.750123,7.447416,6.355231,0.432506
150471967918175,50.760124,7.43459,6.369215,0.447147
150471977919088,50.770125,7.42413,6.381412,0.447062
150471987919753,50.780126,7.414026,6.393819,0.437361
150471997920594,50.790127,7.39961,6.411382,0.424201
150472007921282,50.800127,7.379839,6.434871,0.412779
150472017922128,50.810128,7.35628,6.462043,0.408768
150472027922830,50.820129,7.332257,6.489018,0.413128
150472037923748,50.830130,7.312299,6.510686,0.425829
150472047924599,50.840131,7.302645,6.520544,0.440322
150472057925286,50.850131,7.306916,6.515099,0.449967
150472067926113,50.860132,7.322296,6.497658,0.452129
150472077926806,50.870133,7.344381,6.473026,0.447174
150472087927652,50.880134,7.369233,6.445446,0.436591
150472097928344,50.890134,7.394331,6.417636,0.421624
150472107929267,50.900135,7.41874,6.390521,0.404406
150472117930118,50.910136,7.439085,6.368031,0.384887
150472127930806,50.920137,7.450813,6.35542,0.366069
150472137931657,50.930138,7.449985,6.357241,0.350957
150472147932363,50.940138,7.436959,6.372949,0.342266
150472157933300,50.950139,7.416865,6.396344,0.341876
150472167934147,50.960140,7.395563,6.420634,0.347983
150472177934841,50.970141,7.378693,6.439406,0.359113
150472187935713,50.980142,7.36955,6.449197,0.370936
150472197936641,50.990143,7.369727,6.448577,0.378135
150472207937271,51.000143,7.378068,6.43902,0.378233
150472217937963,51.010144,7.391712,6.423671,0.37282
150472227938867,51.020145,7.408593,6.404737,0.363521
150472237939708,51.030146,7.427693,6.383098,0.354142
150472247940401,51.040146,7.448345,6.35929,0.348603
150472257941247,51.050147,7.469949,6.334032,0.346291
150472267942170,51.060148,7.491436,6.308739,0.343804
150472277942862,51.070149,7.512289,6.284069,0.340539
150472287943708,51.080150,7.531578,6.261218,0.335367
150472297944401,51.090150,7.549381,6.23997,0.331063
150472307945238,51.100151,7.567013,6.218625,0.33018
150472317946161,51.110152,7.586178,6.195034,0.333861
150472327946853,51.120153,7.608904,6.166701,0.34112
150472337947699,51.130154,7.635664,6.133315,0.34511
150472347948393,51.140154,7.663032,6.099339,0.340552
150472357949242,51.150155,7.686292,6.070687,0.328131
150472367949926,51.160156,7.701195,6.052627,0.311966
150472377950757,51.170157,7.705226,6.048321,0.29549
150472387951667,51.180158,7.696195,6.060359,0.283961
150472397952373,51.190158,7.677542,6.084068,0.281895
150472407953214,51.200159,7.652867,6.11481,0.287627
150472417953916,51.210160,7.624205,6.150172,0.294776
150472427954763,51.220161,7.592705,6.188829,0.298758
150472437955676,51.230162,7.558548,6.230552,0.297706
150472447956363,51.240162,7.521208,6.275843,0.291806
150472457957208,51.250163,7.481869,6.322855,0.288265
150472467957901,51.260164,7.444461,6.366676,0.292373
150472477958743,51.270165,7.415924,6.399259,0.305776
150472487959435,51.280165,7.402282,6.414062,0.325625
150472497960281,51.290166,7.405186,6.409719,0.344634
150472507960973,51.300167,7.421321,6.39035,0.356861
150472517961896,51.310168,7.443632,6.36436,0.356708
150472527962742,51.320169,7.465794,6.339008,0.344812
150472537963429,51.330169,7.483092,6.319396,0.329462
150472547964290,51.340170,7.492756,6.30842,0.32007
150472557964988,51.350171,7.498337,6.301506,0.325465
150472567965824,51.360172,7.505959,6.291341,0.345843
150472577966766,51.370173,7.518184,6.275192,0.372583
150472587967477,51.380173,7.534211,6.254593,0.394521
150472597968323,51.390174,7.551455,6.233091,0.405153
150472607969017,51.400175,7.565196,6.216916,0.397201
150472617969867,51.410176,7.568557,6.213944,0.379185
150472627970564,51.420177,7.559464,6.225963,0.363142
150472637971425,51.430177,7.541072,6.248451,0.359313
150472647972113,51.440178,7.518049,6.275635,0.367934
150472657973050,51.450179,7.493556,6.303999,0.382443
150472667973680,51.460180,7.468495,6.332862,0.395501
150472677974600,51.470181,7.441585,6.364199,0.399695
150472687975445,51.480181,7.411671,6.399322,0.394703
150472697976062,51.490182,7.379115,6.437357,0.386175
150472707976978,51.500183,7.348319,6.472771,0.381323
150472717977660,51.510184,7.324474,6.49949,0.385628
150472727978278,51.520184,7.31085,6.514085,0.397744
150472737979416,51.530185,7.311735,6.512318,0.410221
150472747980119,51.540186,7.325691,6.496292,0.415255
150472757980720,51.550187,7.34672,6.472788,0.410724
150472767981552,51.560188,7.369482,6.447659,0.397998
150472777982460,51.570188,7.391158,6.423528,0.386134
150472787983157,51.580189,7.410098,6.402022,0.380148
150472797984005,51.590190,7.426384,6.383069,0.381075
150472807984911,51.600191,7.440382,6.366245,0.389383
150472817985529,51.610192,7.451066,6.353146,0.398885
150472827986221,51.620192,7.456849,6.34594,0.405517
150472837987053,51.630193,7.455481,6.347464,0.406816
150472847987974,51.640194,7.445181,6.359535,0.406969
150472857988592,51.650195,7.426403,6.381531,0.405721
150472867989513,51.660196,7.402922,6.408686,0.406826
150472877990436,51.670196,7.377861,6.437114,0.413159
150472887991055,51.680197,7.353241,6.464605,0.422751
150472897991739,51.690198,7.330559,6.489605,0.433443
150472907992585,51.700199,7.311787,6.510085,0.443354
150472917993288,51.710199,7.298339,6.52479,0.448729
150472927994134,51.720200,7.291598,6.532273,0.449393
150472937995041,51.730201,7.292539,6.531343,0.447724
150472947995734,51.740202,7.299743,6.523471,0.445047
150472957996594,51.750203,7.3113,6.510569,0.444231
150472967997272,51.760203,7.326225,6.493452,0.448831
150472977998113,51.770204,7.344077,6.472596,0.458212
150472987998805,51.780205,7.364782,6.448103,0.471096
150472997999653,51.790206,7.388076,6.420538,0.482739
150473008000345,51.800206,7.412398,6.391779,0.491478
150473018001206,51.810207,7.43463,6.365617,0.495176
150473028002146,51.820208,7.451446,6.345892,0.495575
150473038002834,51.830209,7.459993,6.335966,0.494024
150473048003675,51.840210,7.458051,6.338345,0.492766
150473058004367,51.850210,7.44466,6.353938,0.494501
150473068005291,51.860211,7.421386,6.380709,0.499559
150473078005906,51.870212,7.391438,6.414815,0.506683
150473088006754,51.880213,7.360866,6.44894,0.5185
150473098007422,51.890213,7.335292,6.476616,0.535663
150473108008283,51.900214,7.319628,6.492616,0.555841
150473118008975,51.910215,7.319007,6.491661,0.5749
150473128009821,51.920216,7.333313,6.47447,0.586282
150473138010761,51.930217,7.357672,6.446793,0.586121
150473148011467,51.940217,7.387206,6.413639,0.578329
150473158012322,51.950218,7.414907,6.382428,0.569053
150473168013029,51.960219,7.438517,6.355536,0.561815
150473178013860,51.970220,7.457117,6.333946,0.559068
150473188014529,51.980221,7.470723,6.317436,0.564165
150473198015375,51.990221,7.479641,6.305886,0.575148
150473208016057,52.000222,7.484153,6.299376,0.587643
150473218017000,52.010223,7.483128,6.299583,0.598387
150473228017834,52.020224,7.472069,6.31217,0.603925
150473238018527,52.030225,7.451403,6.336396,0.605554
150473248019373,52.040225,7.423377,6.36908,0.60689
150473258020065,52.050226,7.392382,6.404562,0.611779
150473268020930,52.060227,7.36169,6.438906,0.621311
150473278021825,52.070228,7.33277,6.470659,0.633281
150473288022442,52.080228,7.306282,6.499481,0.64419
150473298023134,52.090229,7.282397,6.52567,0.649858
150473308024052,52.100230,7.261935,6.548387,0.650321
150473318024893,52.110231,7.246764,6.565468,0.647295
150473328025585,52.120232,7.239391,6.573801,0.645308
150473338026421,52.130232,7.242686,6.569875,0.648242
150473348027096,52.140233,7.255809,6.554555,0.656536
150473358027952,52.150234,7.275695,6.531543,0.665719
150473368028652,52.160235,7.298244,6.50606,0.668448
150473378029479,52.170235,7.319644,6.482842,0.659961
150473388030392,52.180236,7.335607,6.466542,0.642445
150473398031104,52.190237,7.342962,6.460016,0.623784
150473408031721,52.200238,7.342709,6.461261,0.613763
150473418032639,52.210239,7.338166,6.466501,0.612937
150473428033493,52.220239,7.33057,6.474751,0.616696
150473438034186,52.230240,7.317574,6.489335,0.617755
150473448035027,52.240241,7.296573,6.513817,0.608448
150473458035659,52.250242,7.263612,6.551941,0.593315
150473468036582,52.260243,7.220624,6.600765,0.576604
150473478037275,52.270243,7.173338,6.652937,0.567148
150473488038119,52.280244,7.12843,6.700983,0.567703
150473498038812,52.290245,7.090432,6.740641,0.574021
150473508039658,52.300246,7.061477,6.770279,0.582101
150473518040351,52.310246,7.040119,6.792078,0.586852
150473528041279,52.320247,7.023903,6.808983,0.585243
150473538042123,52.330248,7.010865,6.823144,0.576562
150473548042817,52.340249,7.000029,6.835117,0.566372
150473558043678,52.350250,6.992082,6.843728,0.560532
150473568044364,52.360250,6.987886,6.848066,0.559875
150473578045205,52.370251,6.987759,6.847929,0.56313
150473588045899,52.380252,6.990813,6.844348,0.568734
150473598046769,52.390253,6.995589,6.838926,0.575168
150473608047465,52.400253,6.999908,6.83398,0.581359
150473618048390,52.410254,7.004465,6.82877,0.587663
150473628049005,52.420255,7.011182,6.8213,0.594297
150473638049937,52.430256,7.019127,6.812772,0.59834
150473648050567,52.440257,7.02611,6.805516,0.598931
150473658051504,52.450258,7.030446,6.801232,0.5967
150473668052115,52.460258,7.030381,6.801614,0.593126
150473678053052,52.470259,7.025028,6.807434,0.589751
150473688053897,52.480260,7.013413,6.819632,0.587087
150473698054594,52.490261,6.996406,6.837134,0.586432
150473708055440,52.500261,6.976103,6.857691,0.588299
150473718056131,52.510262,6.954079,6.879777,0.591167
150473728056974,52.520263,6.935709,6.897832,0.596564
150473738057666,52.530264,6.924814,6.90819,0.603222
150473748058514,52.540265,6.923535,6.909061,0.607906
150473758059201,52.550265,6.930549,6.902006,0.608091
150473768060033,52.560266,6.942481,6.890379,0.603829
150473778060738,52.570267,6.95664,6.87653,0.598683
150473788061600,52.580268,6.971345,6.861734,0.597472
150473798062302,52.590268,6.986747,6.845632,0.602241
150473808063149,52.600269,7.004197,6.827028,0.610676
150473818064074,52.610270,7.022337,6.807458,0.620724
150473828064662,52.620271,7.038741,6.78985,0.62774
150473838065340,52.630271,7.052205,6.775748,0.629004
150473848066269,52.640272,7.0598,6.76818,0.625269
150473858067103,52.650273,7.057864,6.771057,0.615882
150473868067781,52.660274,7.045247,6.784987,0.606964
150473878068622,52.670275,7.024456,6.806677,0.605144
150473888069315,52.680275,7.000108,6.830958,0.613631
150473898070166,52.690276,6.978604,6.851612,0.628074
150473908070860,52.700277,6.962211,6.867078,0.640971
150473918071701,52.710278,6.951854,6.877192,0.644931
150473928072380,52.720278,6.946815,6.882881,0.638501
150473938073229,52.730279,6.945035,6.885991,0.624151
150473948073934,52.740280,6.945753,6.88665,0.608739
150473958074782,52.750281,6.949156,6.884082,0.598856
150473968075450,52.760281,6.95743,6.876047,0.595095
150473978076370,52.770282,6.97173,6.861194,0.599192
150473988076976,52.780283,6.990832,6.841023,0.607152
150473998077913,52.790284,7.012532,6.818084,0.614904
150474008078757,52.800285,7.032938,6.796858,0.616834
150474018079450,52.810285,7.049407,6.780175,0.612457
150474028080281,52.820286,7.059281,6.770491,0.605801
150474038080954,52.830287,7.06088,6.769152,0.602083
150474048081814,52.840288,7.054107,6.776025,0.604222
150474058082512,52.850289,7.040791,6.788941,0.61442
150474068083353,52.860289,7.023222,6.805861,0.628174
150474078084050,52.870290,7.002889,6.825487,0.642065
150474088084668,52.880291,6.981905,6.845813,0.654123
150474098085600,52.890292,6.962389,6.86487,0.662368
150474108086441,52.900292,6.94574,6.88126,0.667048
150474118087119,52.910293,6.933968,6.892786,0.670488
150474128087963,52.920294,6.928304,6.898231,0.673046
150474138088661,52.930295,6.927972,6.898459,0.674169
150474148089516,52.940296,6.930948,6.89544,0.674414
150474158090225,52.950296,6.93521,6.891227,0.673693
150474168091071,52.960297,6.939294,6.887293,0.671868
150474178091762,52.970298,6.941917,6.885009,0.668173
150474188092613,52.980299,6.940884,6.886587,0.662603
150474198093319,52.990299,6.934304,6.893693,0.657584
150474208094177,53.000300,6.920604,6.907632,0.655643
150474218094882,53.010301,6.901808,6.926035,0.659586
150474228095730,53.020302,6.883337,6.94329,0.671084
150474238096412,53.030302,6.871159,6.95337,0.691202
150474248097258,53.040303,6.870253,6.951459,0.718955
150474258097942,53.050304,6.882851,6.936033,0.746845
150474268098867,53.060305,6.905513,6.911482,0.76506
150474278099704,53.070306,6.929729,6.887171,0.765325
150474288100401,53.080306,6.945961,6.872566,0.749273
150474298101005,53.090307,6.94496,6.876302,0.723879
150474308101869,53.100308,6.920776,6.902796,0.703063
150474318102543,53.110309,6.876431,6.9475,0.697803
150474328103384,53.120309,6.821758,6.999801,0.711676
150474338104306,53.130310,6.767529,7.049085,0.742289
150474348104998,53.140311,6.724097,7.08619,0.782541
150474358105825,53.150312,6.699936,7.104727,0.820762
150474368106526,53.160313,6.697211,7.104393,0.845522
150474378107378,53.170313,6.711858,7.089895,0.8511
150474388108056,53.180314,6.736265,7.068184,0.838776
150474398108887,53.190315,6.761039,7.047053,0.816937
150474408109589,53.200316,6.779063,7.032317,0.794247
150474418110193,53.210316,6.78745,7.025902,0.779256
150474428111120,53.220317,6.786309,7.027379,0.775866
150474438111964,53.230318,6.779352,7.033315,0.782876
150474448112685,53.240319,6.772925,7.038003,0.796237
150474458113513,53.250320,6.772278,7.036991,0.810577
150474468114205,53.260320,6.779818,7.028503,0.821121
150474478115036,53.270321,6.795068,7.01327,0.82527
150474488115664,53.280322,6.814765,6.994689,0.820514
150474498116585,53.290323,6.833315,6.977926,0.808941
150474508117279,53.300323,6.84801,6.964967,0.796228
150474518118125,53.310324,6.859819,6.954161,0.789007
150474528118826,53.320325,6.868301,6.945612,0.790504
150474538119662,53.330326,6.873886,6.939122,0.798914
150474548120340,53.340326,6.876857,6.935217,0.807204
150474558121186,53.350327,6.8761,6.935607,0.810344
150474568121878,53.360328,6.870486,6.941469,0.807733
150474578122722,53.370329,6.860654,6.951941,0.801197
150474588123426,53.380329,6.847882,6.96539,0.793637
150474598124282,53.390330,6.833873,6.979795,0.787809
150474608124975,53.400331,6.820718,6.992968,0.784975
150474618125806,53.410332,6.81123,7.002059,0.78631
150474628126498,53.420332,6.807515,7.005154,0.790896
150474638127346,53.430333,6.8106,7.001681,0.795124
150474648128037,53.440334,6.818303,6.9942,0.794928
150474658128883,53.450335,6.826589,6.986914,0.787848
150474668129585,53.460336,6.831194,6.983693,0.776425
150474678130437,53.470336,6.829602,6.986643,0.763766
150474688131128,53.480337,6.820329,6.996861,0.753028
150474698131979,53.490338,6.804799,7.012605,0.747064
150474708132671,53.500339,6.785347,7.031752,0.74401
150474718133517,53.510340,6.764956,7.051575,0.742052
150474728134225,53.520340,6.747473,7.068453,0.740679
150474738134842,53.530341,6.734987,7.080476,0.739452
150474748135774,53.540342,6.729485,7.085619,0.740266
150474758136613,53.550343,6.731385,7.083425,0.743991
150474768137306,53.560343,6.740115,7.074514,0.749728
150474778138166,53.570344,6.752809,7.062134,0.752243
150474788138846,53.580345,6.765614,7.050281,0.748334
150474798139690,53.590346,6.775489,7.041804,0.738743
150474808140322,53.600346,6.783405,7.035536,0.72572
150474818141243,53.610347,6.787863,7.032058,0.717696
150474828141935,53.620348,6.788906,7.031132,0.716907
150474838142767,53.630349,6.789653,7.029792,0.722905
150474848143470,53.640349,6.791954,7.026731,0.731026
150474858144316,53.650350,6.795962,7.022247,0.73685
150474868145008,53.660351,6.800405,7.017855,0.737702
150474878145854,53.670352,6.804149,7.014661,0.733547
150474888146541,53.680353,6.806749,7.012861,0.726598
150474898147372,53.690353,6.808308,7.012062,0.719662
150474908148064,53.700354,6.808993,7.011904,0.714725
150474918148687,53.710355,6.808349,7.012614,0.71387
150474928149605,53.720356,6.806282,7.014344,0.716586
150474938150220,53.730356,6.803574,7.01661,0.720087
150474948151129,53.740357,6.800384,7.019538,0.721733
150474958151774,53.750358,6.79627,7.02361,0.720838
150474968152692,53.760359,6.791244,7.02889,0.716728
150474978153307,53.770359,6.787956,7.03265,0.710969
150474988154153,53.780360,6.788997,7.032089,0.706587
150474998154841,53.790361,6.796731,7.024766,0.705076
150475008155687,53.800362,6.812403,7.009372,0.707005
150475018156364,53.810362,6.835254,6.986677,0.711073
150475028157194,53.820363,6.862537,6.959432,0.715485
150475038157884,53.830364,6.890059,6.931915,0.718084
150475048158735,53.840365,6.91484,6.907376,0.716327
150475058159417,53.850365,6.935062,6.887885,0.708484
150475068160273,53.860366,6.951074,6.872812,0.697871
150475078160964,53.870367,6.96316,6.86129,0.690725
150475088161810,53.880368,6.971609,6.852556,0.692183
150475098162502,53.890369,6.978347,6.844686,0.702083
150475108163350,53.900369,6.984825,6.83662,0.716137
150475118164041,53.910370,6.991841,6.828013,0.729663
150475128164887,53.920371,6.999217,6.819382,0.73956
150475138165564,53.930372,7.00755,6.810187,0.745381
150475148166401,53.940372,7.017115,6.800003,0.74835
150475158167094,53.950373,7.027196,6.789345,0.750545
150475168167942,53.960374,7.037226,6.778522,0.754339
150475178168627,53.970375,7.046635,6.768095,0.760129
150475188169492,53.980375,7.053635,6.760139,0.765956
150475198170110,53.990376,7.057317,6.755656,0.771609
150475208170797,54.000377,7.057955,6.754225,0.778292
150475218171720,54.010378,7.056399,6.754808,0.787294
150475228172554,54.020379,7.053584,6.756573,0.797286
150475238173202,54.030379,7.050248,6.75885,0.807407
150475248173885,54.040380,7.047586,6.760562,0.816308
150475258175032,54.050381,7.047465,6.759855,0.823145
150475268175661,54.060382,7.050628,6.756016,0.827581
150475278176369,54.070382,7.056334,6.749648,0.83091
150475288177219,54.080383,7.064471,6.740786,0.833701
150475298177911,54.090384,7.074412,6.730075,0.835968
150475308178534,54.100385,7.087395,6.716066,0.838609
150475318179457,54.110385,7.103605,6.698174,0.844549
150475328180316,54.120386,7.123716,6.675661,0.853353
150475338181008,54.130387,7.146752,6.650049,0.860686
150475348181635,54.140388,7.169286,6.625549,0.862225
150475358182558,54.150389,7.187458,6.606774,0.854977
150475368183168,54.160389,7.200534,6.594392,0.840429
150475378184014,54.170390,7.208404,6.587843,0.824158
150475388184940,54.180391,7.207771,6.590188,0.810841
150475398185563,54.190392,7.202019,6.59714,0.80539
150475408186239,54.200392,7.196656,6.602417,0.810096
150475418187177,54.210393,7.195491,6.602571,0.819096
150475428188022,54.220394,7.20149,6.59509,0.826633
150475438188656,54.230395,7.215125,6.580044,0.827667
150475448189564,54.240396,7.234018,6.56031,0.819342
150475458190252,54.250396,7.254509,6.539669,0.803048
150475468190865,54.260397,7.273699,6.520682,0.78359
150475478191800,54.270398,7.289822,6.504662,0.766753
150475488192646,54.280399,7.302146,6.492075,0.756062
150475498193338,54.290399,7.310851,6.482948,0.750249
150475508194185,54.300400,7.316668,6.476795,0.746649
150475518194858,54.310401,7.320618,6.472755,0.742981
150475528195704,54.320402,7.324273,6.469189,0.737986
150475538196410,54.330402,7.328777,6.464952,0.730367
150475548197257,54.340403,7.335168,6.458586,0.722478
150475558197949,54.350404,7.34461,6.448418,0.717326
150475568198800,54.360405,7.357446,6.434134,0.714075
150475578199494,54.370405,7.373697,6.415836,0.711091
150475588200334,54.380406,7.389082,6.398547,0.707143
150475598201040,54.390407,7.399245,6.387422,0.701462
150475608201872,54.400408,7.402772,6.384279,0.692785
150475618202564,54.410409,7.399574,6.388973,0.683643
150475628203416,54.420409,7.390189,6.400437,0.677837
150475638204103,54.430410,7.376764,6.416081,0.676218
150475648204949,54.440411,7.36267,6.432104,0.677583
150475658205627,54.450412,7.350517,6.445609,0.68119
150475668206483,54.460412,7.340649,6.456526,0.684207
150475678207185,54.470413,7.334031,6.464055,0.684091
150475688208031,54.480414,7.331436,6.467421,0.680079
150475698208723,54.490415,7.331403,6.468068,0.674262
150475708209575,54.500416,7.331753,6.468373,0.66751
150475718210262,54.510416,7.331529,6.469497,0.658982
150475728211098,54.520417,7.329402,6.472893,0.649275
150475738211776,54.530418,7.325068,6.478657,0.64064
150475748212623,54.540419,7.318727,6.486399,0.634717
150475758213319,54.550419,7.311697,6.494628,0.631588
150475768214165,54.560420,7.305148,6.502231,0.629123
150475778214849,54.570421,7.299849,6.508651,0.624243
150475788215696,54.580422,7.296086,6.5137,0.615488
150475798216388,54.590422,7.29391,6.517272,0.603367
150475808217324,54.600423,7.292969,6.519474,0.590834
150475818218189,54.610424,7.292785,6.52057,0.580884
150475828218882,54.620425,7.293392,6.520318,0.576088
150475838219497,54.630425,7.295274,6.518263,0.575516
150475848220415,54.640426,7.298655,6.514355,0.576898
150475858221276,54.650427,7.304229,6.507996,0.578123
150475868221983,54.660428,7.313019,6.498152,0.57771
150475878222829,54.670429,7.326071,6.483525,0.57672
150475888223511,54.680430,7.344317,6.462907,0.576046
150475898224362,54.690430,7.369396,6.433838,0.58114
150475908225065,54.700431,7.404086,6.392811,0.592836
150475918225940,54.710432,7.449565,6.338035,0.610962
150475928226627,54.720433,7.503887,6.271753,0.629936
150475938227468,54.730433,7.564396,6.197237,0.643506
150475948228142,54.740434,7.625845,6.121292,0.645153
150475958228983,54.750435,7.683964,6.049188,0.635606
150475968229675,54.760436,7.734312,5.986557,0.617702
150475978230584,54.770437,7.77088,5.940349,0.60476
150475988231406,54.780437,7.794018,5.909729,0.60696
150475998232099,54.790438,7.808625,5.888701,0.623392
150476008232930,54.800439,7.81862,5.872932,0.646458
150476018233623,54.810440,7.823502,5.863861,0.669279
150476028234463,54.820440,7.820574,5.865528,0.688568
150476038235127,54.830441,7.807911,5.880572,0.703801
150476048235973,54.840442,7.785699,5.908489,0.715994
150476058236661,54.850443,7.755664,5.9466,0.726367
150476068237584,54.860444,7.720296,5.991051,0.737798
150476078238416,54.870444,7.681624,6.038668,0.753091
150476088239094,54.880445,7.642362,6.085997,0.771356
150476098239944,54.890446,7.606413,6.128606,0.789062
150476108240638,54.900447,7.577716,6.162083,0.804351
150476118241498,54.910447,7.55954,6.183151,0.813652
150476128242194,54.920448,7.555216,6.188436,0.813615
150476138243119,54.930449,7.56413,6.17869,0.80484
150476148243963,54.940450,7.584047,6.156299,0.788809
150476158244656,54.950451,7.610715,6.126084,0.766887
150476168245512,54.960452,7.640887,6.091974,0.738063
150476178246204,54.970452,7.672876,6.055934,0.701903
150476188247050,54.980453,7.704475,6.020555,0.658779
150476198247743,54.990454,7.732869,5.988986,0.612203
150476208248668,55.000455,7.757362,5.961331,0.570825
150476218249512,55.010456,7.781852,5.931714,0.545474
150476228250209,55.020456,7.812908,5.891464,0.537698
150476238251069,55.030457,7.854315,5.835634,0.54327
150476248251762,55.040458,7.906875,5.763139,0.554578
150476258252704,55.050459,7.966002,5.680713,0.558828
150476268253545,55.060460,8.026107,5.596647,0.546979
150476278254237,55.070460,8.081764,5.518674,0.518944
150476288255083,55.080461,8.125954,5.456507,0.485106
150476298255776,55.090462,8.151706,5.419875,0.463246
150476308256617,55.100463,8.159724,5.407194,0.470248
150476318257300,55.110463,8.156445,5.408612,0.509213
150476328258230,55.120464,8.152917,5.40775,0.571114
150476338259084,55.130465,8.156244,5.395411,0.636566
150476348259776,55.140466,8.16857,5.370432,0.687693
150476358260622,55.150467,8.186579,5.339684,0.712505
150476368261545,55.160468,8.203192,5.314168,0.712217
150476378262238,55.170468,8.212129,5.301567,0.703066
150476388263098,55.180469,8.212548,5.301078,0.701919
150476398263776,55.190470,8.208843,5.304812,0.716795
150476408264680,55.200471,8.20529,5.306257,0.7462
150476418265502,55.210472,8.206326,5.299018,0.785228
150476428266204,55.220472,8.212504,5.283972,0.821239
150476438267040,55.230473,8.222078,5.265278,0.845194
150476448267718,55.240474,8.232417,5.247647,0.85413
150476458268641,55.250475,8.24065,5.235192,0.851158
150476468269492,55.260475,8.245306,5.229599,0.84036
150476478270192,55.270476,8.244952,5.232261,0.827135
150476488271108,55.280477,8.239609,5.24232,0.816663
150476498271949,55.290478,8.229485,5.25898,0.811597
150476508272643,55.300479,8.214643,5.281831,0.813602
150476518273478,55.310479,8.196894,5.308182,0.821019
150476528274401,55.320480,8.177257,5.336463,0.833466
150476538275093,55.330481,8.156076,5.366316,0.84918
150476548275939,55.340482,8.135655,5.395125,0.862403
150476558276849,55.350483,8.116699,5.422241,0.870922
150476568277465,55.360483,8.09897,5.448158,0.874231
150476578278388,55.370484,8.082934,5.472372,0.871379
150476588279088,55.380485,8.069457,5.493282,0.864702
150476598279906,55.390486,8.058295,5.511062,0.855609
150476608280844,55.400487,8.050625,5.524081,0.843787
150476618281567,55.410488,8.046409,5.532405,0.829325
150476628282488,55.420488,8.044249,5.538111,0.812027
150476638283334,55.430489,8.042764,5.542897,0.793865
150476648284023,55.440490,8.041045,5.547857,0.776464
150476658284868,55.450491,8.038829,5.553247,0.760724
150476668285569,55.460492,8.036109,5.558791,0.748835
150476678286478,55.470492,8.033266,5.564037,0.740375
150476688287324,55.480493,8.03278,5.565608,0.733781
150476698288247,55.490494,8.035984,5.561964,0.72631
150476708288942,55.500495,8.042453,5.554193,0.714061
150476718289795,55.510496,8.050339,5.545068,0.695851
150476728290487,55.520496,8.057771,5.537075,0.673131
150476738291427,55.530497,8.062169,5.533598,0.648633
150476748292271,55.540498,8.06119,5.537795,0.62451
150476758293208,55.550499,8.053372,5.551799,0.600601
150476768293911,55.560500,8.038242,5.576223,0.576551
150476778294766,55.570501,8.016955,5.609305,0.55153
150476788295444,55.580501,7.991447,5.647881,0.527462
150476798296353,55.590502,7.966139,5.685357,0.507315
150476808297281,55.600503,7.947314,5.712575,0.496665
150476818298128,55.610504,7.940689,5.721843,0.495957
150476828298827,55.620505,7.948953,5.709291,0.508052
150476838299661,55.630506,7.975289,5.670254,0.531961
150476848300604,55.640507,8.024539,5.597511,0.560919
150476858301292,55.650507,8.097702,5.488725,0.584004
150476868302215,55.660508,8.190258,5.348282,0.596261
150476878303061,55.670509,8.299163,5.176221,0.608795
150476888303753,55.680510,8.423653,4.969111,0.624525
150476898304652,55.690511,8.561239,4.726272,0.638371
150476908305507,55.700512,8.705303,4.455778,0.635378
150476918306186,55.710512,8.845392,4.17532,0.604715
150476928307109,55.720513,8.969777,3.90978,0.544751
150476938307945,55.730514,9.069636,3.683083,0.465347
150476948308873,55.740515,9.139791,3.515595,0.380634
150476958309580,55.750516,9.178917,3.418904,0.313961
150476968310508,55.760517,9.188887,3.3944,0.287023
150476978311354,55.770517,9.173886,3.433179,0.305212
150476988312277,55.780518,9.139957,3.517474,0.358651
150476998312964,55.790519,9.092213,3.630821,0.434526
150477008313820,55.800520,9.035857,3.758797,0.514529
150477018314758,55.810521,8.975915,3.889695,0.585846
150477028315462,55.820521,8.916035,4.016451,0.642205
150477038316296,55.830522,8.859142,4.133938,0.682724
150477048317214,55.840523,8.806791,4.239637,0.711272
150477058318133,55.850524,8.759317,4.333597,0.730947
150477068318830,55.860525,8.716634,4.416416,0.745349
150477078319667,55.870526,8.677187,4.491365,0.757656
150477088320604,55.880527,8.63806,4.56412,0.769897
150477098321296,55.890527,8.596004,4.640455,0.784116
150477108322214,55.900528,8.548712,4.724724,0.797803
150477118323065,55.910529,8.495232,4.818148,0.810267
150477128323989,55.920530,8.436365,4.918279,0.823531
150477138324693,55.930531,8.375571,5.018568,0.838924
150477148325546,55.940532,8.315508,5.113818,0.860963
150477158326484,55.950532,8.260529,5.197187,0.890436
150477168327411,55.960533,8.216346,5.261225,0.922601
150477178328102,55.970534,8.186369,5.302481,0.952415
150477188329037,55.980535,8.170712,5.32278,0.973388
150477198329869,55.990536,8.166774,5.327189,0.982282
150477208330577,56.000537,8.171038,5.321379,0.97828
150477218331510,56.010538,8.178235,5.313475,0.960956
150477228332421,56.020538,8.18148,5.313463,0.932991
150477238333278,56.030539,8.173953,5.330332,0.902286
150477248334220,56.040540,8.15176,5.368736,0.874928
150477258334914,56.050541,8.114666,5.42738,0.857782
150477268335835,56.060542,8.067608,5.49789,0.852591
150477278336758,56.070543,8.015518,5.573179,0.855052
150477288337609,56.080544,7.962044,5.648542,0.860109
150477298338294,56.090544,7.909318,5.721723,0.86288
150477308339205,56.100545,7.857451,5.793424,0.858316
150477318340037,56.110546,7.804217,5.866452,0.847906
150477328340945,56.120547,7.748471,5.941424,0.837041
150477338341868,56.130548,7.691761,6.015538,0.830729
150477348342553,56.140549,7.636482,6.085718,0.829518
150477358343460,56.150549,7.585214,6.149176,0.83197
150477368344374,56.160550,7.53988,6.204097,0.836325
150477378345224,56.170551,7.503012,6.247977,0.841166
150477388346147,56.180552,7.475704,6.28022,0.844242
150477398346820,56.190553,7.458285,6.300767,0.845174
150477408347758,56.200554,7.450853,6.309496,0.845623
150477418348590,56.210555,7.45336,6.306439,0.846331
150477428349504,56.220556,7.464466,6.293614,0.843885
150477438350426,56.230556,7.483153,6.272879,0.832702
150477448351121,56.240557,7.508728,6.24502,0.811621
150477458352042,56.250558,7.536915,6.214764,0.782034
150477468352878,56.260559,7.56258,6.187208,0.752188
150477478353816,56.270560,7.582017,6.166006,0.730298
150477488354734,56.280561,7.593974,6.152587,0.719195
150477498355428,56.290561,7.597305,6.148507,0.718911
150477508356335,56.300562,7.591724,6.154733,0.724557
150477518357181,56.310563,7.577027,6.172116,0.730521
150477528358104,56.320564,7.553983,6.199751,0.735143
150477538359012,56.330565,7.524745,6.234887,0.737843
150477548359731,56.340566,7.491131,6.27465,0.742763
150477558360662,56.350567,7.456248,6.314883,0.752752
150477568361604,56.360568,7.422536,6.352794,0.766817
150477578362445,56.370568,7.392123,6.386287,0.782199
150477588363396,56.380569,7.365518,6.41531,0.795573
150477598364091,56.390570,7.342628,6.440412,0.80428
150477608365027,56.400571,7.322683,6.462788,0.806626
150477618365950,56.410572,7.304537,6.483811,0.802476
150477628366872,56.420573,7.286933,6.504444,0.795502
150477638367733,56.430574,7.271174,6.5228,0.789355
150477648368656,56.440575,7.258955,6.536816,0.785907
150477658369336,56.450575,7.25072,6.545989,0.785539
150477668370272,56.460576,7.245601,6.551679,0.785345
150477678371190,56.470577,7.242415,6.555428,0.783438
150477688372065,56.480578,7.238941,6.55978,0.779137
150477698372973,56.490579,7.233475,6.566463,0.773524
150477708373925,56.500580,7.225017,6.576336,0.768735
150477718374829,56.510581,7.214149,6.588662,0.765217
150477728375507,56.520582,7.202462,6.601543,0.764285
150477738376430,56.530582,7.192093,6.612635,0.766054
150477748377281,56.540583,7.183372,6.621932,0.767605
150477758378175,56.550584,7.176235,6.62964,0.767807
150477768379117,56.560585,7.170096,6.6364,0.766728
150477778380021,56.570586,7.164076,6.64316,0.764485
150477788380715,56.580587,7.156812,6.65128,0.761868
150477798381637,56.590588,7.148198,6.66076,0.759949
150477808382560,56.600589,7.139008,6.670829,0.758019
150477818383392,56.610589,7.128914,6.681915,0.755368
150477828384315,56.620590,7.118935,6.692519,0.755599
150477838385233,56.630591,7.110847,6.700586,0.760247
150477848386161,56.640592,7.106157,6.70463,0.768451
150477858386839,56.650593,7.10621,6.703381,0.778765
150477868387791,56.660594,7.111101,6.696858,0.790136
150477878388623,56.670595,7.120357,6.685927,0.799339
150477888389546,56.680596,7.131775,6.672992,0.805574
150477898390483,56.690596,7.142763,6.660802,0.809118
150477908391406,56.700597,7.151191,6.651927,0.807672
150477918392110,56.710598,7.152927,6.650389,0.804962
150477928393031,56.720599,7.144641,6.659124,0.806328
150477938393983,56.730600,7.129513,6.674194,0.81561
150477948394887,56.740601,7.112377,6.690183,0.834007
150477958395738,56.750602,7.0972,6.703307,0.857546
150477968396656,56.760603,7.086016,6.712195,0.880233
150477978397589,56.770604,7.078286,6.71826,0.896062
150477988398512,56.780605,7.071311,6.72486,0.901552
150477998399444,56.790605,7.059088,6.737934,0.899708
150478008400137,56.800606,7.039391,6.759025,0.895863
150478018401041,56.810607,7.012754,6.786631,0.896066
150478028401959,56.820608,6.982293,6.816809,0.904822
150478038402810,56.830609,6.951043,6.846144,0.92376
150478048403704,56.840610,6.922153,6.871671,0.950742
150478058404627,56.850611,6.900501,6.889022,0.982072
150478068405540,56.860612,6.890594,6.894742,1.011093
150478078406240,56.870612,6.89235,6.889593,1.033921
150478088407149,56.880613,6.903295,6.87624,1.049677
150478098408070,56.890614,6.919194,6.858895,1.058456
150478108408993,56.900615,6.935427,6.841896,1.062231
150478118409901,56.910616,6.948966,6.827517,1.066252
150478128410752,56.920617,6.957099,6.817961,1.074295
150478138411675,56.930618,6.95996,6.812596,1.089737
150478148412617,56.940619,6.959813,6.808536,1.115719
150478158413288,56.950619,6.960147,6.802809,1.148083
150478168414214,56.960620,6.962992,6.794749,1.178181
150478178415153,56.970621,6.96711,6.786672,1.200182
150478188416089,56.980622,6.970503,6.78149,1.209744
150478198417032,56.990623,6.970667,6.781591,1.208233
150478208417950,57.000624,6.963637,6.789144,1.206374
150478218418796,57.010625,6.950546,6.801844,1.210295
150478228419738,57.020626,6.935051,6.815353,1.223143
150478238420657,57.030627,6.923302,6.823307,1.245135
150478248421580,57.040628,6.918786,6.823082,1.271193
150478258422508,57.050629,6.922344,6.815544,1.292094
150478268423202,57.060629,6.932244,6.803669,1.301582
150478278424113,57.070630,6.944474,6.791861,1.29805
150478288425036,57.080631,6.953427,6.785484,1.283381
150478298425945,57.090632,6.955364,6.786905,1.265248
150478308426869,57.100633,6.949864,6.795097,1.251419
150478318427715,57.110634,6.939693,6.806645,1.245096
150478328428715,57.120635,6.931064,6.815157,1.246575
150478338429570,57.130636,6.927468,6.817692,1.25271
150478348430493,57.140636,6.929052,6.815078,1.258149
150478358431388,57.150637,6.934469,6.809623,1.25783
150478368432296,57.160638,6.941402,6.804323,1.248252
150478378433199,57.170639,6.944863,6.803963,1.230835
150478388433906,57.180640,6.943296,6.808945,1.211978
150478398435056,57.190641,6.93824,6.816663,1.197485
150478408435754,57.200642,6.934494,6.821648,1.190758
150478418436675,57.210643,6.936964,6.818817,1.192578
150478428437589,57.220644,6.946824,6.807789,1.198183
150478438438512,57.230645,6.961953,6.791901,1.200535
150478448439449,57.240645,6.976619,6.777765,1.195285
150478458440372,57.250646,6.986636,6.769799,1.181823
150478468441295,57.260647,6.990152,6.769638,1.161783
150478478442156,57.270648,6.988162,6.774743,1.143879
150478488443065,57.280649,6.984612,6.77956,1.13698
150478498443974,57.290650,6.983661,6.779262,1.144589
150478508444897,57.300651,6.990937,6.76808,1.166133
150478518445815,57.310652,7.009753,6.744302,1.190705
150478528446752,57.320653,7.036768,6.714145,1.201748
150478538447690,57.330654,7.065178,6.685544,1.194475
150478548448390,57.340654,7.088138,6.664923,1.173506
150478558449294,57.350655,7.100445,6.656821,1.144728
150478568450446,57.360656,7.098699,6.662565,1.121885
150478578451145,57.370657,7.084499,6.67883,1.114977
150478588452066,57.380658,7.062383,6.700204,1.126945
150478598452989,57.390659,7.041808,6.716778,1.156645
150478608453914,57.400660,7.028877,6.724893,1.187721
150478618454835,57.410661,7.025121,6.725751,1.204981
150478628455758,57.420662,7.026295,6.72468,1.204108
150478638456695,57.430663,7.023885,6.730179,1.187318
150478648457619,57.440664,7.011866,6.747364,1.160522
150478658458465,57.450664,6.991204,6.773197,1.134424
150478668459465,57.460665,6.965945,6.80173,1.118985
150478678460388,57.470666,6.941814,6.826106,1.120491
150478688461234,57.480667,6.924632,6.84041,1.139413
150478698462166,57.490668,6.918611,6.842329,1.164198
150478708463103,57.500669,6.9262,6.831786,1.180863
150478718464026,57.510670,6.941988,6.815996,1.179414
150478728464935,57.520671,6.96019,6.800709,1.160215
150478738465863,57.530672,6.976561,6.788882,1.130783
150478748466786,57.540673,6.990816,6.77883,1.102719
150478758467704,57.550674,7.004602,6.767055,1.087409
150478768468627,57.560675,7.02207,6.748109,1.092496
150478778469565,57.570676,7.047783,6.718488,1.109358
150478788470488,57.580676,7.0814,6.680656,1.123661
150478798471392,57.590677,7.121307,6.637558,1.126866
150478808472295,57.600678,7.164797,6.592998,1.11265
150478818472986,57.610679,7.204283,6.554993,1.081843
150478828473923,57.620680,7.232836,6.529461,1.045081
150478838475075,57.630681,7.247657,6.517146,1.018944
150478848475998,57.640682,7.251955,6.513781,1.009856
150478858476682,57.650683,7.251393,6.513077,1.018417
150478868477600,57.660684,7.250999,6.510921,1.034829
150478878478523,57.670685,7.252022,6.50846,1.043114
150478888479459,57.680685,7.252801,6.508661,1.036418
150478898480382,57.690686,7.250139,6.514902,1.015627
150478908481321,57.700687,7.244113,6.526107,0.986295
150478918482243,57.710688,7.236863,6.538244,0.95872
150478928483156,57.720689,7.230335,6.548155,0.940183
150478938484075,57.730690,7.228063,6.551786,0.932305
150478948484998,57.740691,7.234239,6.544786,0.933586
150478958485921,57.750692,7.24968,6.527385,0.935611
150478968486829,57.760693,7.270989,6.504413,0.930244
150478978487766,57.770694,7.294163,6.480833,0.913221
150478988488699,57.780695,7.313941,6.46251,0.884402
150478998489622,57.790696,7.326868,6.452393,0.850684
150479008490546,57.800697,7.333228,6.449369,0.818149
150479018491474,57.810697,7.3367,6.448485,0.793651
150479028492397,57.820698,7.343734,6.442172,0.779721
150479038493320,57.830699,7.357994,6.426754,0.772503
150479048494243,57.840700,7.379191,6.403307,0.764999
150479058495147,57.850701,7.402741,6.377682,0.751379
150479068496065,57.860702,7.423538,6.355833,0.731084
150479078497003,57.870703,7.438594,6.340998,0.706389
150479088497912,57.880704,7.44706,6.333866,0.680746
150479098498830,57.890705,7.449393,6.333335,0.659893
150479108499754,57.900706,7.449015,6.334845,0.649555
150479118500609,57.910707,7.449592,6.334109,0.650075
150479128501595,57.920708,7.4533,6.328943,0.657891
150479138502532,57.930709,7.461372,6.318437,0.667279
150479148503364,57.940709,7.471245,6.306569,0.669066
150479158504282,57.950710,7.477878,6.299787,0.658834
150479168505282,57.960711,7.477673,6.301994,0.63974
150479178506205,57.970712,7.469916,6.313277,0.618776
150479188507128,57.980713,7.456827,6.330231,0.603247
150479198507969,57.990714,7.444944,6.344872,0.596144
150479208508984,58.000715,7.437644,6.353627,0.594066
150479218509907,58.010716,7.434814,6.357152,0.591775
150479228510835,58.020717,7.434697,6.357766,0.586597
150479238511667,58.030718,7.435094,6.358125,0.57758
150479248512595,58.040719,7.435676,6.358586,0.564835
150479258513513,58.050720,7.438425,6.356555,0.551334
150479268514436,58.060720,7.446132,6.348564,0.53933
150479278515450,58.070721,7.459715,6.333388,0.529979
150479288516277,58.080722,7.47723,6.313419,0.52139
150479298517201,58.090723,7.495701,6.292247,0.511955
150479308518124,58.100724,7.509655,6.276785,0.497025
150479318519033,58.110725,7.516057,6.270935,0.473577
150479328519970,58.120726,7.512924,6.276817,0.444433
150479338520907,58.130727,7.496903,6.297818,0.417048
150479348521835,58.140728,7.472784,6.32745,0.401016
150479358522753,58.150729,7.448973,6.355451,0.401259
150479368523686,58.160730,7.431912,6.3746,0.413734
150479378524609,58.170731,7.427318,6.378677,0.432933
150479388525527,58.180732,7.437918,6.365174,0.449334
150479398526437,58.190732,7.461507,6.337086,0.455158
150479408527364,58.200733,7.493148,6.300279,0.446375
150479418528282,58.210734,7.528115,6.259851,0.426301
150479428529205,58.220735,7.563345,6.218755,0.403603
150479438530138,58.230736,7.597995,6.177401,0.387563
150479448531075,58.240737,7.63245,6.135177,0.381073
150479458532007,58.250738,7.667371,6.091531,0.380346
150479468532930,58.260739,7.701913,6.047809,0.380181
150479478533853,58.270740,7.732334,6.009029,0.377582
150479488534785,58.280741,7.753391,5.982406,0.368415
150479498535709,58.290742,7.762162,5.971751,0.356484
150479508536619,58.300743,7.760582,5.974253,0.348866
150479518537542,58.310744,7.757831,5.977444,0.355257
150479528538465,58.320744,7.762439,5.970203,0.375852
150479538539383,58.330745,7.778906,5.946894,0.40376
150479548540306,58.340746,7.804891,5.911004,0.428637
150479558541224,58.350747,7.833113,5.872742,0.439592
150479568542147,58.360748,7.855958,5.842501,0.434872
150479578543084,58.370749,7.869526,5.82547,0.417704
150479588543993,58.380750,7.873256,5.821607,0.400957
150479598544917,58.390751,7.871968,5.823889,0.392887
150479608545845,58.400752,7.874725,5.819984,0.395651
150479618546753,58.410753,7.885749,5.804433,0.404384
150479628547652,58.420754,7.903285,5.77987,0.413675
150479638548575,58.430755,7.920658,5.755728,0.418046
150479648549498,58.440755,7.932455,5.73973,0.414302
150479658550183,58.450756,7.93706,5.734097,0.403997
150479668551091,58.460757,7.937367,5.73418,0.396687
150479678552248,58.470758,7.938702,5.732378,0.396019
150479688553171,58.480759,7.943416,5.725622,0.399195
150479698554100,58.490760,7.950129,5.716054,0.402735
150479708555028,58.500761,7.955451,5.708652,0.402591
150479718555946,58.510762,7.954963,5.709841,0.39533
150479728556638,58.520763,7.948218,5.720083,0.38271
150479738557806,58.530764,7.938249,5.734719,0.37041
150479748558498,58.540764,7.930162,5.746159,0.366296
150479758559426,58.550765,7.929152,5.747109,0.373208
150479768560349,58.560766,7.937038,5.735365,0.38602
150479778561503,58.570768,7.951139,5.715145,0.395588
150479788562198,58.580768,7.965215,5.695499,0.395779
150479798563124,58.590769,7.974031,5.684073,0.382269
150479808564066,58.600770,7.976466,5.682261,0.35762
150479818564994,58.610771,7.970168,5.692673,0.331433
150479828565921,58.620772,7.958627,5.709842,0.313024
150479838566844,58.630773,7.946963,5.726281,0.308966
150479848567785,58.640774,7.937567,5.738859,0.317038
150479858568718,58.650775,7.930272,5.748314,0.328076
150479868569636,58.660776,7.921934,5.759507,0.333179
150479878570555,58.670777,7.908722,5.777966,0.327409
150479888571493,58.680777,7.889172,5.805469,0.312227
150479898572411,58.690778,7.866012,5.837601,0.297082
150479908573334,58.700779,7.843004,5.868858,0.289329
150479918574247,58.710780,7.82373,5.894407,0.291867
150479928575170,58.720781,7.813023,5.907839,0.306779
150479938576012,58.730782,7.812494,5.907481,0.326461
150479948577027,58.740783,7.817789,5.899664,0.340814
150479958577955,58.750784,7.8239,5.891297,0.34535
150479968578806,58.760785,7.826985,5.887389,0.341932
150479978579720,58.770786,7.827324,5.88714,0.338501
150479988580643,58.780787,7.826166,5.888582,0.34018
150479998581566,58.790788,7.826096,5.888207,0.348216
150480008582484,58.800788,7.828214,5.884846,0.357319
150480018583421,58.810789,7.830869,5.880903,0.363917
150480028584340,58.820790,7.830905,5.880786,0.365053
150480038585234,58.830791,7.826639,5.886686,0.361517
150480048586152,58.840792,7.818951,5.897055,0.358762
150480058587065,58.850793,7.811691,5.906605,0.359906
150480068587989,58.860794,7.808237,5.910944,0.363554
150480078588903,58.870795,7.809564,5.909058,0.365803
150480088589830,58.880796,7.813828,5.903685,0.361261
150480098590749,58.890797,7.817687,5.899293,0.349476
150480108591441,58.900797,7.819199,5.898215,0.333375
150480118592609,58.910799,7.817894,5.900739,0.318993
150480128593303,58.920799,7.816074,5.903527,0.311953
150480138594227,58.930800,7.817036,5.902162,0.313636
150480148595131,58.940801,7.822671,5.894272,0.321549
150480158596052,58.950802,7.832536,5.880744,0.328888
150480168596989,58.960803,7.844621,5.864579,0.329599
150480178597912,58.970804,7.856986,5.848347,0.323333
150480188598821,58.980805,7.86969,5.831775,0.313653
150480198599744,58.990806,7.885798,5.810238,0.308739
150480208600681,59.000807,7.909389,5.778063,0.309211
150480218601594,59.010808,7.94281,5.731893,0.311758
150480228602455,59.020808,7.982001,5.677279,0.310116
150480238603436,59.030809,8.021418,5.622121,0.297666
150480248604282,59.040810,8.05835,5.570764,0.26376
150480258605220,59.050811,8.086801,5.531786,0.207364
150480268606128,59.060812,8.102737,5.510439,0.14399
150480278607056,59.070813,8.108976,5.502402,0.089847
150480288607993,59.080814,8.112648,5.49747,0.052467
150480298608887,59.090815,8.119436,5.487615,0.029107
150480308609805,59.100816,8.129389,5.472925,0.010144
150480318610728,59.110817,8.138187,5.459838,-0.010358
150480328611651,59.120818,8.141248,5.455201,-0.030401
150480338612555,59.130819,8.136573,5.461993,-0.052723
150480348613264,59.140819,8.128516,5.473791,-0.069538
150480358614201,59.150820,8.119773,5.486578,-0.082275
150480368615122,59.160821,8.112452,5.497247,-0.091494
150480378616045,59.170822,8.107219,5.504824,-0.099362
150480388616968,59.180823,8.101384,5.513222,-0.109522
150480398617922,59.190824,8.09065,5.528632,-0.124808
150480408618830,59.200825,8.072494,5.554604,-0.14546
150480418619743,59.210826,8.049083,5.587904,-0.165898
150480428620594,59.220827,8.02475,5.622244,-0.183626
150480438621517,59.230828,8.004194,5.651192,-0.192194
150480448622517,59.240829,7.991607,5.668961,-0.192511
150480458623348,59.250829,7.9899,5.671307,-0.194432
150480468624287,59.260830,7.998349,5.658951,-0.206665
150480478625200,59.270831,8.011195,5.639812,-0.230946
150480488626133,59.280832,8.024428,5.619721,-0.259354
150480498627061,59.290833,8.035602,5.602486,-0.285037
150480508627984,59.300834,8.044515,5.588494,-0.307456
150480518628898,59.310835,8.053159,5.574989,-0.325717
150480528629577,59.320836,8.060015,5.564107,-0.341914
150480538630498,59.330836,8.061982,5.560316,-0.356822
150480548631423,59.340837,8.056505,5.567418,-0.369555
150480558632359,59.350838,8.043722,5.585248,-0.378822
150480568633267,59.360839,8.027848,5.607882,-0.381156
150480578634206,59.370840,8.014986,5.626656,-0.375162
150480588635129,59.380841,8.010935,5.633201,-0.363258
150480598635965,59.390842,8.016855,5.625338,-0.354403
150480608636902,59.400843,8.028786,5.608251,-0.355149
150480618637825,59.410844,8.039611,5.59198,-0.366575
150480628638748,59.420845,8.044867,5.583158,-0.385309
150480638639667,59.430846,8.043208,5.584294,-0.403087
150480648640590,59.440847,8.036153,5.593632,-0.414094
150480658641508,59.450848,8.027944,5.605204,-0.416902
150480668642436,59.460848,8.022057,5.613919,-0.41297
150480678643126,59.470849,8.021885,5.614803,-0.404183
150480688644061,59.480850,8.029916,5.604021,-0.394141
150480698644984,59.490851,8.04678,5.580436,-0.384807
150480708645912,59.500852,8.07357,5.542256,-0.37539
150480718646840,59.510853,8.108759,5.491043,-0.369361
150480728647734,59.520854,8.147175,5.433689,-0.372261
150480738648576,59.530855,8.182753,5.378995,-0.385982
150480748649499,59.540855,8.211083,5.333992,-0.408203
150480758650412,59.550856,8.22765,5.306204,-0.435779
150480768651350,59.560857,8.232882,5.296372,-0.456168
150480778652277,59.570858,8.230489,5.299523,-0.462672
150480788653200,59.580859,8.225456,5.307993,-0.455047
150480798653880,59.590860,8.219414,5.318385,-0.442795
150480808654801,59.600861,8.209957,5.333748,-0.43334
150480818655719,59.610862,8.193431,5.359279,-0.431057
150480828656657,59.620863,8.16904,5.395905,-0.437008
150480838657503,59.630864,8.14139,5.436959,-0.444129
150480848658502,59.640865,8.117112,5.473045,-0.445262
150480858659348,59.650865,8.10185,5.496083,-0.439351
150480868660267,59.660866,8.100333,5.499224,-0.427877
150480878661190,59.670867,8.110826,5.484294,-0.420783
150480888662103,59.680868,8.125257,5.462595,-0.424555
150480898663021,59.690869,8.135535,5.446029,-0.440289
150480908663959,59.700870,8.137938,5.440769,-0.460363
150480918664644,59.710871,8.135153,5.443561,-0.476407
150480928665584,59.720872,8.133411,5.44577,-0.480841
150480938666504,59.730873,8.138341,5.439134,-0.472458
150480948667334,59.740873,8.151784,5.420386,-0.455898
150480958668338,59.750874,8.17123,5.392308,-0.440534
150480968669199,59.760875,8.191203,5.362367,-0.434991
150480978670128,59.770876,8.206989,5.337698,-0.440782
150480988671061,59.780877,8.216924,5.321121,-0.455905
150480998671979,59.790878,8.219428,5.315746,-0.473138
150481008672907,59.800879,8.215177,5.321297,-0.484362
150481018673587,59.810880,8.208402,5.331539,-0.486572
150481028674510,59.820881,8.20272,5.340748,-0.481466
150481038675431,59.830881,8.200365,5.345148,-0.472693
150481048676359,59.840882,8.202014,5.343454,-0.463173
150481058677287,59.850883,8.205407,5.338701,-0.457801
150481068678128,59.860884,8.207339,5.335656,-0.458599
150481078679037,59.870885,8.205263,5.338447,-0.46328
150481088679989,59.880886,8.199718,5.346278,-0.471076
150481098680673,59.890887,8.192202,5.357119,-0.478716
150481108681587,59.900888,8.186213,5.366044,-0.481157
150481118682523,59.910889,8.18568,5.367357,-0.475548
150481128683458,59.920889,8.192481,5.35799,-0.463916
150481138684383,59.930890,8.206354,5.337994,-0.448956
150481148685234,59.940891,8.224075,5.311739,-0.435891
150481158686229,59.950892,8.24177,5.284946,-0.427299
150481168687075,59.960893,8.256673,5.261795,-0.425356
150481178687989,59.970894,8.268435,5.243079,-0.427871
150481188688907,59.980895,8.278822,5.226453,-0.43052
150481198689616,59.990896,8.288753,5.210802,-0.429063
150481208690534,60.000897,8.296478,5.19874,-0.426046
150481218691451,60.010897,8.299017,5.194876,-0.423798
150481228692374,60.020898,8.293773,5.203302,-0.423055
150481238693306,60.030899,8.277875,5.228454,-0.424349
150481248694165,60.040900,8.252139,5.268809,-0.426481
150481258695080,60.050901,8.221951,5.315878,-0.42544
150481268696007,60.060902,8.192178,5.362108,-0.419621
150481278696931,60.070903,8.165401,5.403596,-0.409203
150481288697639,60.080904,8.143122,5.438096,-0.395794
150481298698562,60.090905,8.126352,5.464154,-0.381381
150481308699469,60.100905,8.114421,5.482676,-0.369359
150481318700296,60.110906,8.105455,5.496328,-0.36329
150481328701214,60.120907,8.096175,5.509923,-0.364265
150481338702137,60.130908,8.082647,5.529051,-0.37477
150481348703061,60.140909,8.06113,5.559327,-0.389892
150481358703984,60.150910,8.030985,5.601836,-0.403335
150481368704672,60.160911,7.997803,5.648739,-0.408511
150481378705595,60.170912,7.969881,5.688421,-0.40361
150481388706522,60.180913,7.95182,5.714795,-0.386854
150481398707436,60.190913,7.947571,5.722509,-0.359111
150481408708282,60.200914,7.958289,5.709291,-0.331155
150481418709206,60.210915,7.97985,5.680137,-0.313051
150481428710114,60.220916,8.005007,5.64475,-0.310821
150481438711032,60.230917,8.027176,5.61229,-0.326542
150481448711722,60.240918,8.040589,5.591525,-0.351864
150481458712566,60.250919,8.043892,5.585333,-0.373942
150481468713551,60.260920,8.039292,5.591314,-0.383386
150481478714397,60.270920,8.031605,5.602871,-0.375739
150481488715321,60.280921,8.025451,5.612982,-0.355658
150481498716244,60.290922,8.021347,5.620235,-0.33313
150481508717153,60.300923,8.015633,5.629398,-0.315441
150481518717847,60.310924,8.003161,5.647693,-0.305005
150481528718782,60.320925,7.980155,5.680555,-0.297349
150481538719705,60.330926,7.947263,5.72714,-0.284393
150481548720638,60.340927,7.909803,5.77981,-0.262394
150481558721485,60.350927,7.874567,5.829061,-0.230717
150481568722422,60.360928,7.846425,5.868304,-0.191391
150481578723345,60.370929,7.828587,5.893309,-0.148623
150481588724027,60.380930,7.82291,5.9018,-0.103956
150481598724979,60.390931,7.828114,5.89547,-0.063464
150481608725840,60.400932,7.840692,5.878986,-0.032731
150481618726840,60.410933,7.856483,5.857944,-0.013649
150481628727682,60.420934,7.87335,5.83527,-0.004549
150481638728595,60.430935,7.890057,5.812659,-0.002951
150481648729303,60.440935,7.905988,5.790968,-0.005412
150481658730210,60.450936,7.920463,5.771151,-0.008003
150481668731147,60.460937,7.931225,5.756354,-0.009104
150481678732070,60.470938,7.935962,5.749823,-0.007812
150481688732917,60.480939,7.934248,5.752192,-0.001131
150481698733835,60.490940,7.928223,5.760476,0.01293
150481708734529,60.500941,7.921306,5.769898,0.034406
150481718735447,60.510941,7.918104,5.77405,0.062824
150481728736368,60.520942,7.921821,5.768529,0.094306
150481738737287,60.530943,7.934425,5.750622,0.123142
150481748738133,60.540944,7.955605,5.720746,0.146442
150481758739057,60.550945,7.983001,5.682048,0.161114
150481768739999,60.560946,8.013697,5.638479,0.168062
150481778740893,60.570947,8.043887,5.595288,0.169389
150481788741563,60.580948,8.069389,5.558493,0.167786
150481798742484,60.590948,8.087394,5.532301,0.166486
150481808743339,60.600949,8.097762,5.517029,0.169262
150481818744262,60.610950,8.101557,5.511208,0.177047
150481828745196,60.620951,8.10084,5.511819,0.190375
150481838746119,60.630952,8.097068,5.516788,0.206253
150481848746825,60.640953,8.091166,5.524787,0.223104
150481858747763,60.650954,8.084009,5.534638,0.237943
150481868748614,60.660955,8.076249,5.545536,0.247442
150481878749537,60.670956,8.067959,5.557469,0.250219
150481888750232,60.680956,8.058963,5.570612,0.247825
150481898751384,60.690957,8.048631,5.585727,0.243217
150481908752076,60.700958,8.037336,5.602106,0.240073
150481918752999,60.710959,8.02576,5.618667,0.240344
150481928753845,60.720960,8.014967,5.633866,0.244697
150481938754753,60.730961,8.005718,5.646663,0.252251
150481948755463,60.740961,7.998007,5.6572,0.260761
150481958756379,60.750962,7.992433,5.664695,0.268808
150481968757302,60.760963,7.988816,5.669422,0.276541
150481978758220,60.770964,7.987735,5.670554,0.284432
150481988759066,60.780965,7.990218,5.666682,0.291781
150481998759989,60.790966,7.996914,5.656873,0.298568
150482008760917,60.800967,8.007766,5.641087,0.30624
150482018761607,60.810968,8.023387,5.618315,0.315858
150482028762528,60.820969,8.045158,5.586534,0.325682
150482038763344,60.830969,8.072311,5.546761,0.333559
150482048764267,60.840970,8.102208,5.502812,0.336633
150482058764973,60.850971,8.131012,5.460431,0.332119
150482068765893,60.860972,8.154577,5.425915,0.319937
150482078766813,60.870973,8.168245,5.406195,0.304637
150482088767738,60.880974,8.16917,5.405512,0.29171
150482098768599,60.890975,8.158319,5.422172,0.286158
150482108769522,60.900976,8.138835,5.451183,0.289789
150482118770459,60.910976,8.113302,5.488555,0.300152
150482128771165,60.920977,8.086404,5.527246,0.315673
150482138772093,60.930978,8.062049,5.561653,0.333726
150482148772940,60.940979,8.043478,5.587503,0.34959
150482158773868,60.950980,8.031661,5.603913,0.358569
150482168774791,60.960981,8.025381,5.612997,0.357142
150482178775480,60.970981,8.021677,5.61891,0.347154
150482188776391,60.980982,8.017914,5.625161,0.332545
150482198777223,60.990983,8.013625,5.632146,0.317408
150482208778162,61.000984,8.010362,5.637479,0.304842
150482218778847,61.010985,8.00933,5.63943,0.295757
150482228779749,61.020986,8.011161,5.637054,0.291435
150482238780601,61.030987,8.015402,5.631014,0.291509
150482248781522,61.040988,8.020941,5.623009,0.293608
150482258782215,61.050988,8.026406,5.615159,0.294676
150482268783140,61.060989,8.031593,5.607762,0.2941
150482278784032,61.070990,8.036587,5.600681,0.292613
150482288784957,61.080991,8.042415,5.592336,0.292137
150482298785854,61.090992,8.050564,5.580479,0.294307
150482308786700,61.100993,8.061723,5.56414,0.298324
150482318787614,61.110994,8.0747,5.545017,0.303259
150482328788321,61.120994,8.086973,5.526876,0.307389
150482338789153,61.130995,8.096088,5.513328,0.310689
150482348790157,61.140996,8.101918,5.504592,0.313618
150482358790801,61.150997,8.104667,5.500384,0.316416
150482368791970,61.160998,8.105311,5.499269,0.319319
150482378792662,61.170999,8.10406,5.500881,0.32327
150482388793596,61.181000,8.100142,5.506419,0.32716
150482398794446,61.191000,8.09219,5.517952,0.329609
150482408795369,61.201001,8.079819,5.535936,0.331592
150482418796311,61.211002,8.063268,5.559935,0.332929
150482428797005,61.221003,8.043757,5.588015,0.334699
150482438797849,61.231004,8.023182,5.617259,0.339062
150482448798772,61.241005,8.003396,5.64488,0.347837
150482458799457,61.251005,7.985364,5.669506,0.361403
150482468800404,61.261006,7.968718,5.691768,0.378469
150482478801248,61.271007,7.952372,5.71346,0.395124
150482488802180,61.281008,7.936109,5.735042,0.409153
150482498802859,61.291009,7.921177,5.754998,0.418248
150482508804026,61.301010,7.908376,5.772201,0.423416
150482518804721,61.311011,7.898798,5.784935,0.428345
150482528805628,61.321012,7.892067,5.793626,0.434959
150482538806469,61.331012,7.887473,5.799247,0.443263
150482548807392,61.341013,7.884051,5.803304,0.451037
150482558808010,61.351014,7.881322,5.806614,0.456075
150482568809008,61.361015,7.879819,5.808492,0.458099
150482578809859,61.371016,7.880095,5.808044,0.459016
150482588810786,61.381017,7.88318,5.803757,0.460278
150482598811467,61.391017,7.89007,5.794265,0.461794
150482608812394,61.401018,7.899887,5.78102,0.459992
150482618813324,61.411019,7.911255,5.765867,0.454782
150482628814181,61.421020,7.923618,5.749459,0.447157
150482638814873,61.431021,7.936962,5.731642,0.439228
150482648815798,61.441022,7.951378,5.712093,0.433119
150482658816721,61.451023,7.967773,5.689236,0.43262
150482668817565,61.461024,7.987414,5.661545,0.433744
150482678818488,61.471024,8.010237,5.629846,0.425338
150482688819392,61.481025,8.033002,5.598395,0.41098
150482698820008,61.491026,8.04958,5.576421,0.384413
150482708821008,61.501027,8.054467,5.571388,0.353804
150482718821931,61.511028,8.044009,5.588001,0.328827
150482728822777,61.521029,8.020584,5.622336,0.315444
150482738823469,61.531029,7.989229,5.666809,0.315381
150482748824402,61.541030,7.955036,5.714159,0.325329
150482758825253,61.551031,7.921758,5.759275,0.341393
150482768826190,61.561032,7.891337,5.799729,0.360463
150482778826879,61.571033,7.864094,5.835523,0.377767
150482788827800,61.581034,7.839832,5.867191,0.391288
150482798828651,61.591035,7.818519,5.895002,0.399606
150482808829575,61.601036,7.798778,5.92083,0.403575
150482818830255,61.611036,7.778793,5.946942,0.405231
150482828831176,61.621037,7.758913,5.972869,0.405068
150482838831793,61.631038,7.740261,5.997071,0.404327
150482848832931,61.641039,7.722771,6.019711,0.402367
150482858833644,61.651040,7.711286,6.034363,0.403145
150482868834565,61.661041,7.710074,6.035498,0.409341
150482878835411,61.671041,7.722296,6.019118,0.419899
150482888836325,61.681042,7.747347,5.98586,0.433695
150482898837002,61.691043,7.781615,5.940218,0.447568
150482908837927,61.701044,7.820101,5.888851,0.455554
150482918838772,61.711045,7.858876,5.837017,0.455288
150482928839666,61.721046,7.892281,5.792824,0.441673
150482938840351,61.731046,7.914339,5.764393,0.418378
150482948841257,61.741047,7.920724,5.757242,0.395357
150482958842103,61.751048,7.909864,5.773205,0.379686
150482968843026,61.761049,7.885016,5.807513,0.373293
150482978843734,61.771050,7.852141,5.85181,0.374376
150482988844654,61.781051,7.813837,5.902525,0.379704
150482998845498,61.791051,7.772629,5.956067,0.389228
150483008846406,61.801052,7.731362,6.008661,0.402511
150483018847098,61.811053,7.693541,6.055752,0.42103
150483028848024,61.821054,7.662934,6.093173,0.438908
150483038848864,61.831055,7.642628,6.117899,0.448953
150483048849787,61.841056,7.632404,6.130721,0.447966
150483058850479,61.851056,7.628178,6.136916,0.434885
150483068851418,61.861057,7.625327,6.141985,0.412825
150483078852277,61.871058,7.619579,6.150913,0.385094
150483088853201,61.881059,7.61,6.164403,0.357775
150483098853908,61.891060,7.595918,6.182977,0.335815
150483108854833,61.901061,7.578145,6.205512,0.321481
150483118855667,61.911062,7.559841,6.228179,0.314051
150483128856590,61.921063,7.543342,6.248301,0.311008
150483138857278,61.931063,7.530315,6.264133,0.308203
150483148858188,61.941064,7.521585,6.274918,0.301923
150483158859023,61.951065,7.51596,6.282163,0.291052
150483168859951,61.961066,7.516139,6.282422,0.280782
150483178860645,61.971067,7.52237,6.275464,0.269235
150483188861575,61.981068,7.534441,6.26147,0.257277
150483198862436,61.991068,7.550076,6.243097,0.245101
150483208863359,62.001069,7.565492,6.224876,0.232882
150483218863976,62.011070,7.577855,6.21017,0.22338
150483228864974,62.021071,7.587719,6.198226,0.220298
150483238865578,62.031072,7.596728,6.18698,0.225791
150483248866729,62.041073,7.609179,6.17108,0.241191
150483258867409,62.051073,7.62714,6.147981,0.262788
150483268868345,62.061074,7.650429,6.11807,0.283141
150483278868945,62.071075,7.676569,6.084513,0.298373
150483288870109,62.081076,7.704558,6.048596,0.307032
150483298870739,62.091077,7.73346,6.011386,0.311207
150483308871667,62.101078,7.763416,5.972482,0.314412
150483318872359,62.111078,7.795021,5.930819,0.320957
150483328873284,62.121079,7.829102,5.885238,0.330302
150483338874147,62.131080,7.866063,5.835091,0.34175
150483348875066,62.141081,7.906052,5.780379,0.348643
150483358875756,62.151082,7.948346,5.722208,0.34662
150483368876664,62.161083,7.990494,5.66392,0.334698
150483378877508,62.171084,8.029911,5.60937,0.309019
150483388878427,62.181084,8.065595,5.559674,0.275998
150483398879121,62.191085,8.099357,5.511731,0.247366
150483408880072,62.201086,8.13404,5.461226,0.229011
150483418880688,62.211087,8.171943,5.4047,0.220318
150483428881850,62.221088,8.2136,5.341433,0.214211
150483438882513,62.231089,8.25604,5.276117,0.200915
150483448883436,62.241089,8.294863,5.21565,0.179478
150483458884068,62.251090,8.324702,5.168842,0.149908
150483468885006,62.261091,8.342122,5.141514,0.117859
150483478885919,62.271092,8.345409,5.136719,0.090734
150483488886840,62.281093,8.336581,5.151259,0.076996
150483498887469,62.291093,8.323416,5.172343,0.087492
150483508888375,62.301094,8.31337,5.187947,0.114697
150483518889220,62.311095,8.308502,5.195036,0.142633
150483528890225,62.321096,8.306763,5.197263,0.1617
150483538890854,62.331097,8.306894,5.196801,0.169429
150483548891779,62.341098,8.306359,5.197902,0.162021
150483558892632,62.351099,8.304345,5.201564,0.14683
150483568893560,62.361100,8.300139,5.208711,0.130558
150483578894241,62.371100,8.296403,5.214913,0.12004
150483588895162,62.381101,8.296858,5.214183,0.120294
150483598895768,62.391102,8.302039,5.20577,0.12677
150483608896935,62.401103,8.310048,5.192857,0.131487
150483618897552,62.411104,8.316416,5.182809,0.125325
150483628898474,62.421104,8.317745,5.180947,0.113401
150483638899162,62.431105,8.31308,5.188609,0.105024
150483648900312,62.441106,8.302084,5.206068,0.110771
150483658900927,62.451107,8.286647,5.229997,0.136634
150483668901821,62.461108,8.275276,5.246694,0.178897
150483678902523,62.471109,8.276264,5.24353,0.221004
150483688903446,62.481109,8.292713,5.216396,0.245191
150483698904073,62.491110,8.320819,5.17143,0.245499
150483708904996,62.501111,8.352789,5.120453,0.227779
150483718905835,62.511112,8.384185,5.069879,0.204265
150483728906821,62.521113,8.415596,5.018449,0.181536
150483738907432,62.531113,8.449693,4.961544,0.160366
150483748908357,62.541114,8.486766,4.898484,0.140269
150483758909201,62.551115,8.524473,4.833063,0.121906
150483768910128,62.561116,8.559532,4.771116,0.104106
150483778910836,62.571117,8.589968,4.716485,0.085218
150483788911756,62.581118,8.613751,4.673213,0.065539
150483798912614,62.591119,8.630375,4.642668,0.047986
150483808913528,62.601120,8.640904,4.623178,0.032027
150483818914140,62.611120,8.646533,4.612704,0.020384
150483828915138,62.621121,8.648863,4.608357,0.015332
150483838915768,62.631122,8.648485,4.609056,0.018134
150483848916703,62.641123,8.645205,4.615151,0.028997
150483858917547,62.651124,8.638262,4.628033,0.041776
150483868918470,62.661124,8.626426,4.649913,0.055262
150483878919154,62.671125,8.608903,4.682129,0.06671
150483888920078,62.681126,8.584314,4.726917,0.076324
150483898920698,62.691127,8.550756,4.787186,0.08615
150483908921864,62.701128,8.508895,4.860977,0.098235
150483918922474,62.711128,8.459595,4.945905,0.114921
150483928923397,62.721129,8.404744,5.038076,0.134264
150483938924080,62.731130,8.347382,5.131948,0.155978
150483948925003,62.741131,8.290108,5.22332,0.176139
150483958925853,62.751132,8.235325,5.308799,0.189864
150483968926757,62.761133,8.183383,5.388376,0.194006
150483978927390,62.771133,8.131215,5.466884,0.191189
150483988928315,62.781134,8.075777,5.548529,0.188936
150483998929007,62.791135,8.015444,5.635257,0.191291
150484008930161,62.801136,7.952138,5.723988,0.198708
150484018930776,62.811137,7.888061,5.81147,0.212837
150484028931699,62.821138,7.822489,5.898625,0.23413
150484038932317,62.831138,7.756283,5.984144,0.264682
150484048933320,62.841139,7.694175,6.061887,0.305255
150484058933937,62.851140,7.640956,6.12618,0.354517
150484068934860,62.861141,7.601294,6.172011,0.408168
150484078935699,62.871142,7.577786,6.197652,0.454129
150484088936628,62.881143,7.571902,6.202455,0.485653
150484098937305,62.891143,7.585911,6.183974,0.502403
150484108938236,62.901144,7.625169,6.134991,0.50864
150484118938837,62.911145,7.694488,6.048604,0.499216
150484128939988,62.921146,7.795578,5.919997,0.471789
150484138940611,62.931147,7.923352,5.751665,0.422911
150484148941523,62.941148,8.067837,5.551904,0.355482
150484158942215,62.951148,8.215533,5.335923,0.270011
150484168943138,62.961149,8.354501,5.119934,0.16906
150484178943756,62.971150,8.473694,4.922709,0.058799
150484188944679,62.981151,8.564798,4.762546,-0.049156
150484198945520,62.991152,8.624306,4.651964,-0.143455
150484208946450,63.001152,8.652022,4.597227,-0.219118
150484218947142,63.011153,8.652143,4.594224,-0.271117
150484228948056,63.021154,8.631616,4.630993,-0.29855
150484238948903,63.031155,8.597965,4.692807,-0.304254
150484248949831,63.041156,8.55745,4.766798,-0.296081
150484258950527,63.051157,8.515275,4.842692,-0.280121
150484268951465,63.061157,8.475398,4.913108,-0.262622
150484278952081,63.071158,8.440197,4.974102,-0.247758
150484288953034,63.081159,8.410274,5.02503,-0.237367
150484298953878,63.091160,8.384576,5.068073,-0.231448
150484308954815,63.101161,8.361851,5.105655,-0.227514
150484318955427,63.111161,8.34124,5.139432,-0.223551
150484328956420,63.121162,8.322992,5.169085,-0.219954
150484338957036,63.131163,8.307735,5.193649,-0.218102
150484348957957,63.141164,8.296506,5.211436,-0.22117
150484358958807,63.151165,8.289489,5.222271,-0.228659
150484368959733,63.161166,8.285034,5.229069,-0.234712
150484378960327,63.171166,8.280362,5.23649,-0.233866
150484388961312,63.181167,8.273577,5.247695,-0.222636
150484398961935,63.191168,8.26488,5.262335,-0.19887
150484408962845,63.201169,8.255818,5.277689,-0.165814
150484418963462,63.211169,8.248247,5.290618,-0.125768
150484428964614,63.221171,8.244121,5.297954,-0.078472
150484438965227,63.231171,8.244161,5.298407,-0.026083
150484448966129,63.241172,8.248799,5.291185,0.025442
150484458966835,63.251173,8.259648,5.273808,0.071808
150484468967744,63.261174,8.275141,5.248767,0.111646
150484478968575,63.271175,8.293194,5.2194,0.144316
150484488969504,63.281176,8.313184,5.186599,0.173764
150484498970106,63.291176,8.335296,5.149925,0.202804
150484508971013,63.301177,8.359589,5.109057,0.234186
150484518971705,63.311178,8.384964,5.065921,0.26218
150484528972626,63.321179,8.408582,5.025473,0.283603
150484538973222,63.331179,8.426406,4.994792,0.296261
150484548974154,63.341180,8.435214,4.979537,0.302278
150484558975015,63.351181,8.433957,4.981403,0.306609
150484568975931,63.361182,8.424721,4.996438,0.315762
150484578976638,63.371183,8.41057,5.019177,0.331955
150484588977561,63.381184,8.394635,5.044233,0.354737
150484598978178,63.391184,8.379487,5.067381,0.381874
150484608979330,63.401185,8.367172,5.085584,0.409035
150484618979962,63.411186,8.357255,5.099914,0.432652
150484628980869,63.421187,8.349175,5.111365,0.45303
150484638981549,63.431188,8.342535,5.120413,0.472731
150484648982465,63.441188,8.336312,5.128584,0.493497
150484658983080,63.451189,8.329773,5.136765,0.518231
150484668984008,63.461190,8.325544,5.140156,0.551439
150484678984855,63.471191,8.327332,5.132755,0.591921
150484688985783,63.481192,8.338956,5.108426,0.637029
150484698986385,63.491192,8.362955,5.063464,0.679938
150484708987398,63.501193,8.399383,4.998321,0.71211
150484718988016,63.511194,8.445405,4.917532,0.730096
150484728988958,63.521195,8.496457,4.828374,0.732796
150484738989787,63.531196,8.54813,4.738031,0.721486
150484748990715,63.541197,8.59516,4.655268,0.701266
150484758991316,63.551197,8.632102,4.589802,0.678681
150484768992239,63.561198,8.653512,4.551745,0.662106
150484778992917,63.571199,8.656224,4.547532,0.655508
150484788993842,63.581200,8.641327,4.575169,0.659788
150484798994457,63.591200,8.612898,4.626659,0.672318
150484808995394,63.601201,8.57439,4.695055,0.690183
150484818996244,63.611202,8.529168,4.773244,0.713735
150484828997167,63.621203,8.481246,4.853585,0.742425
150484838997779,63.631204,8.434115,4.929373,0.779061
150484848998777,63.641205,8.388873,4.998913,0.823224
150484858999393,63.651205,8.34814,5.059133,0.868183
150484869000318,63.661206,8.316827,5.10288,0.911633
150484879000943,63.671207,8.297317,5.128104,0.947155
150484889002095,63.681208,8.289007,5.13727,0.969969
150484899002696,63.691209,8.288624,5.135203,0.984064
150484909003638,63.701210,8.293374,5.126057,0.99169
150484919004331,63.711210,8.302176,5.110942,0.996056
150484929005268,63.721211,8.313247,5.092,1.000709
150484939005883,63.731212,8.324604,5.071959,1.008098
150484949006820,63.741213,8.335329,5.051635,1.021407
150484959007672,63.751214,8.346163,5.029346,1.042712
150484969008595,63.761215,8.358894,5.002784,1.068178
150484979009212,63.771215,8.373483,4.973944,1.088423
150484989010133,63.781216,8.387542,4.948336,1.096873
150484999010832,63.791217,8.396782,4.933469,1.09313
150485009011754,63.801218,8.396865,4.936082,1.080638
150485019012381,63.811218,8.383625,4.961215,1.06823
150485029013316,63.821219,8.35669,5.007222,1.064642
150485039014162,63.831220,8.321195,5.063732,1.075326
150485049015075,63.841221,8.283371,5.120493,1.098312
150485059015682,63.851222,8.247284,5.173,1.123534
150485069016590,63.861223,8.215102,5.21931,1.144926
150485079017287,63.871223,8.187469,5.25967,1.15813
150485089018205,63.881224,8.163709,5.295839,1.161008
150485099018823,63.891225,8.144366,5.326608,1.156086
150485109019975,63.901226,8.13016,5.350277,1.146719
150485119020581,63.911227,8.120632,5.366777,1.13712
150485129021504,63.921228,8.112734,5.380087,1.130594
150485139022122,63.931228,8.103046,5.395341,1.127356
150485149023027,63.941229,8.09067,5.413882,1.127374
150485159023644,63.951230,8.076241,5.435139,1.128524
150485169024633,63.961231,8.061284,5.456589,1.131955
150485179025233,63.971231,8.047908,5.474514,1.140547
150485189026164,63.981232,8.038448,5.485273,1.155457
150485199027008,63.991233,8.035643,5.484737,1.177304
150485209027936,64.001234,8.040961,5.471261,1.203411
150485219028565,64.011235,8.05226,5.448685,1.230031
150485229029498,64.021235,8.066521,5.424121,1.245051
150485239030200,64.031236,8.080784,5.403013,1.244314
150485249031115,64.041237,8.090173,5.392054,1.230805
150485259031730,64.051238,8.089679,5.39729,1.210949
150485269032658,64.061239,8.076607,5.419936,1.196974
150485279033274,64.071239,8.053985,5.453797,1.195576
150485289034192,64.081240,8.026954,5.490655,1.208618
150485299035036,64.091241,8.000022,5.525071,1.230165
150485309035954,64.101242,7.977069,5.553662,1.250274
150485319036648,64.111243,7.958423,5.578254,1.259583
150485329037488,64.121243,7.942746,5.60174,1.254335
150485339038185,64.131244,7.929127,5.624848,1.236937
150485349039124,64.141245,7.917119,5.646758,1.213817
150485359039739,64.151246,7.907299,5.665117,1.192104
150485369040891,64.161247,7.899102,5.679305,1.178846
150485379041507,64.171248,7.892799,5.688492,1.176751
150485389042426,64.181248,7.886995,5.695337,1.182543
150485399043041,64.191249,7.880686,5.702734,1.188949
150485409043959,64.201250,7.873424,5.712764,1.188925
150485419044567,64.211251,7.86604,5.724797,1.179858
150485429045565,64.221252,7.85954,5.736779,1.164891
150485439046175,64.231252,7.854688,5.745707,1.153562
150485449047100,64.241253,7.851979,5.749442,1.153422
150485459047731,64.251254,7.854842,5.743903,1.161485
150485469048883,64.261255,7.865296,5.72682,1.174996
150485479049498,64.271255,7.881176,5.703022,1.184289
150485489050440,64.281256,7.898693,5.678759,1.184211
150485499051072,64.291257,7.913847,5.659517,1.175116
150485509051994,64.301258,7.924062,5.647848,1.162339
150485519052674,64.311259,7.928939,5.642828,1.153435
150485529053590,64.321260,7.931239,5.638873,1.156976
150485539054205,64.331260,7.934213,5.63046,1.177363
150485549055130,64.341261,7.940932,5.614728,1.206817
150485559055732,64.351262,7.950623,5.595568,1.231736
150485569056869,64.361263,7.961093,5.577832,1.244483
150485579057484,64.371263,7.970379,5.564552,1.244508
150485589058421,64.381264,7.976432,5.557858,1.235619
150485599059039,64.391265,7.979691,5.554891,1.227875
150485609059960,64.401266,7.981924,5.551422,1.229073
150485619060657,64.411267,7.984797,5.545288,1.238085
150485629061580,64.421268,7.98625,5.541113,1.247344
150485639062184,64.431268,7.981446,5.547253,1.250805
150485649063121,64.441269,7.966262,5.570104,1.246036
150485659063955,64.451270,7.938754,5.612455,1.231484
150485669064878,64.461271,7.901073,5.669622,1.21177
150485679065498,64.471271,7.857199,5.733519,1.196341
150485689066422,64.481272,7.810362,5.7972,1.196122
150485699067039,64.491273,7.766783,5.851681,1.214453
150485709067960,64.501274,7.732214,5.8903,1.247889
150485719068652,64.511275,7.711675,5.909226,1.284953
150485729069561,64.521276,7.706322,5.910913,1.309073
150485739070177,64.531276,7.712593,5.901834,1.31312
150485749071129,64.541277,7.725692,5.888026,1.298013
150485759071736,64.551278,7.740667,5.873326,1.275166
150485769072659,64.561279,7.753172,5.861273,1.254527
150485779073275,64.571279,7.760573,5.853416,1.245419
150485789074422,64.581280,7.761966,5.850429,1.250747
150485799075030,64.591281,7.758553,5.851222,1.268093
150485809075979,64.601282,7.752151,5.855206,1.28868
150485819076583,64.611283,7.744846,5.860954,1.306359
150485829077270,64.621283,7.739049,5.866699,1.3149
150485839078187,64.631284,7.737059,5.869171,1.315587
150485849079110,64.641285,7.740944,5.864801,1.312201
150485859079724,64.651286,7.751068,5.852076,1.309252
150485869080892,64.661287,7.765537,5.833383,1.306917
150485879081281,64.671287,7.780377,5.814385,1.303317
150485889082450,64.681288,7.793786,5.798187,1.295343
150485899083079,64.691289,7.803999,5.787221,1.282848
150485909084012,64.701290,7.807539,5.78502,1.271164
150485919084613,64.711291,7.804369,5.790805,1.264272
150485929085551,64.721292,7.796769,5.800947,1.264687
150485939086233,64.731292,7.785756,5.814078,1.272194
150485949087066,64.741293,7.771184,5.831604,1.281073
150485959087758,64.751294,7.752039,5.856247,1.284609
150485969088676,64.761295,7.728554,5.888226,1.279927
150485979089293,64.771295,7.702631,5.923745,1.272304
150485989090216,64.781296,7.677613,5.957293,1.266857
150485999091061,64.791297,7.656254,5.984495,1.267912
150486009091678,64.801298,7.640917,6.002282,1.276323
150486019092589,64.811299,7.634011,6.007998,1.290667
150486029093512,64.821300,7.635511,6.002773,1.305999
150486039094135,64.831300,7.643676,5.989886,1.317353
150486049095051,64.841301,7.657607,5.970659,1.323758
150486059095658,64.851302,7.678009,5.943295,1.328708
150486069096565,64.861303,7.705293,5.907138,1.331992
150486079097262,64.871303,7.739166,5.861539,1.337017
150486089098171,64.881304,7.780393,5.804971,1.344534
150486099098786,64.891305,7.82805,5.739347,1.349662
150486109099719,64.901306,7.877633,5.671746,1.346897
150486119100579,64.911307,7.92368,5.610083,1.335031
150486129101279,64.921307,7.961738,5.559181,1.321466
150486139102123,64.931308,7.989671,5.520925,1.313212
150486149102829,64.941309,8.007037,5.495562,1.313839
150486159103661,64.951310,8.015036,5.481361,1.324348
150486169104584,64.961311,8.01506,5.477352,1.34068
150486179105214,64.971311,8.007724,5.483612,1.358819
150486189106137,64.981312,7.99522,5.497004,1.378202
150486199106754,64.991313,7.982367,5.510915,1.396997
150486209107667,65.001314,7.973343,5.51974,1.413594
150486219108363,65.011314,7.972617,5.517527,1.42628
150486229109205,65.021315,7.983455,5.498749,1.438108
150486239109911,65.031316,8.008463,5.459504,1.44858
150486249110758,65.041317,8.045374,5.402774,1.456708
150486259111464,65.051317,8.08947,5.334522,1.463999
150486269112389,65.061318,8.137253,5.259877,1.469287
150486279113004,65.071319,8.186409,5.18225,1.472081
150486289113913,65.081320,8.235185,5.104497,1.471679
150486299114534,65.091321,8.282727,5.029223,1.464038
150486309115686,65.101322,8.326016,4.962023,1.447695
150486319116301,65.111322,8.360126,4.911123,1.4245
150486329117238,65.121323,8.38104,4.882471,1.399871
150486339117842,65.131324,8.387814,4.876897,1.378573
150486349118753,65.141325,8.383365,4.887871,1.366711
150486359119395,65.151325,8.372948,4.9064,1.364175
150486369120316,65.161326,8.360281,4.927353,1.366322
150486379120924,65.171327,8.345171,4.951362,1.371916
150486389121840,65.181328,8.326645,4.980718,1.3782
150486399122542,65.191329,8.30436,5.016395,1.383236
150486409123373,65.201329,8.279853,5.055053,1.389411
150486419124068,65.211330,8.256432,5.091691,1.395014
150486429124987,65.221331,8.237896,5.120145,1.400434
150486439125602,65.231332,8.227363,5.136285,1.403241
150486449126539,65.241333,8.224579,5.141416,1.400763
150486459127169,65.251333,8.226722,5.140004,1.39333
150486469128302,65.261334,8.230623,5.137357,1.379994
150486479128919,65.271335,8.234495,5.134987,1.365658
150486489129826,65.281336,8.23874,5.131072,1.354706
150486499130412,65.291336,8.245291,5.122654,1.346698
150486509131336,65.301337,8.25473,5.109793,1.337707
150486519131946,65.311338,8.265735,5.096018,1.322194
150486529132859,65.321339,8.276108,5.08535,1.298178
150486539133472,65.331339,8.283357,5.080405,1.271023
150486549134403,65.341340,8.286095,5.081596,1.24819
150486559135030,65.351341,8.284711,5.087924,1.231492
150486569135941,65.361342,8.280502,5.097649,1.21953
150486579136648,65.371343,8.272976,5.112643,1.20776
150486589137495,65.381343,8.25984,5.137342,1.192781
150486599138182,65.391344,8.238852,5.175043,1.174828
150486609139034,65.401345,8.210356,5.223723,1.15878
150486619139712,65.411346,8.178652,5.275223,1.149641
150486629140624,65.421347,8.149543,5.320267,1.148812
150486639141244,65.431347,8.128016,5.35139,1.156687
150486649142167,65.441348,8.117712,5.363924,1.170936
150486659142782,65.451349,8.118927,5.35899,1.185004
150486669143708,65.461350,8.128649,5.342422,1.193134
150486679144566,65.471351,8.143414,5.320057,1.192382
150486689145273,65.481351,8.160353,5.295836,1.184361
150486699146119,65.491352,8.178936,5.26941,1.173999
150486709146812,65.501353,8.19768,5.242943,1.161724
150486719147664,65.511354,8.215638,5.217841,1.147782
150486729148345,65.521354,8.231813,5.195229,1.134399
150486739149186,65.531355,8.245839,5.175476,1.12275
150486749149876,65.541356,8.256402,5.159763,1.117427
150486759150708,65.551357,8.263454,5.147869,1.120161
150486769151400,65.561357,8.268476,5.137712,1.129679
150486779152246,65.571358,8.273877,5.125767,1.144325
150486789153167,65.581359,8.281558,5.109143,1.162952
150486799153785,65.591360,8.290903,5.09028,1.178977
150486809154701,65.601361,8.301261,5.072048,1.184639
150486819155383,65.611361,8.309884,5.059001,1.179974
150486829156316,65.621362,8.313604,5.0558,1.167435
150486839156946,65.631363,8.310817,5.06346,1.153982
150486849157874,65.641364,8.3039,5.076747,1.145367
150486859158494,65.651364,8.295197,5.09093,1.145458
150486869159412,65.661365,8.288299,5.100376,1.153376
150486879160028,65.671366,8.284356,5.103351,1.168428
150486889160951,65.681367,8.284496,5.098805,1.187149
150486899161566,65.691368,8.289248,5.08744,1.202639
150486909162433,65.701368,8.296729,5.073626,1.209391
150486919163126,65.711369,8.304011,5.062567,1.205745
150486929164063,65.721370,8.308049,5.058864,1.193398
150486939164922,65.731371,8.306708,5.064521,1.178639
150486949165544,65.741372,8.300286,5.076857,1.170798
150486959166237,65.751372,8.290842,5.091754,1.173024
150486969167178,65.761373,8.280564,5.106158,1.182963
150486979167802,65.771374,8.270437,5.119107,1.197741
150486989168716,65.781375,8.25952,5.1339,1.209693
150486999169332,65.791375,8.245913,5.154927,1.213099
150487009170489,65.801376,8.228263,5.183889,1.209538
150487019171104,65.811377,8.208786,5.215747,1.204919
150487029171777,65.821378,8.19024,5.24522,1.203161
150487039172619,65.831379,8.1754,5.267984,1.20466
150487049173316,65.841379,8.165275,5.282994,1.207558
150487059173918,65.851380,8.158461,5.293031,1.209679
150487069175070,65.861381,8.151708,5.303273,1.210374
150487079175697,65.871382,8.143821,5.315243,1.21095
150487089176614,65.881383,8.135669,5.327421,1.212213
150487099177219,65.891383,8.13035,5.33459,1.216376
150487109177913,65.901384,8.131236,5.331607,1.223504
150487119178753,65.911385,8.138747,5.318823,1.229177
150487129179676,65.921386,8.151466,5.299319,1.229135
150487139180272,65.931386,8.166085,5.277802,1.224685
150487149180966,65.941387,8.17942,5.258814,1.217361
150487159181803,65.951388,8.18964,5.244906,1.208617
150487169182522,65.961389,8.196995,5.235483,1.199581
150487179183375,65.971389,8.20259,5.228985,1.189622
150487189184300,65.981390,8.207972,5.223075,1.178432
150487199185010,65.991391,8.21402,5.216296,1.166247
150487209185854,66.001392,8.220963,5.208147,1.153676
150487219186471,66.011392,8.228309,5.199207,1.141587
150487229187406,66.021393,8.234268,5.191686,1.132791
150487239188024,66.031394,8.238881,5.184891,1.130376
150487249188927,66.041395,8.242155,5.180112,1.128431
150487259189555,66.051396,8.244286,5.177457,1.125027
150487269190478,66.061396,8.24674,5.174269,1.121706
150487279191096,66.071397,8.250792,5.168467,1.118676
150487289191788,66.081398,8.257913,5.157808,1.115323
150487299192726,66.091399,8.268531,5.142069,1.109277
150487309193633,66.101400,8.281418,5.123525,1.098907
150487319194258,66.111400,8.294646,5.105038,1.085085
150487329195104,66.121401,8.307493,5.087394,1.069576
150487339195707,66.131402,8.319099,5.07186,1.053005
150487349196619,66.141403,8.328072,5.060702,1.035639
150487359197302,66.151403,8.333682,5.054735,1.019503
150487369198148,66.161404,8.335256,5.0545,1.007718
150487379198845,66.171405,8.334008,5.057665,1.002161
150487389199691,66.181406,8.333117,5.058802,1.00382
150487399200369,66.191406,8.33625,5.051742,1.013316
150487409201215,66.201407,8.346808,5.031547,1.026811
150487419201904,66.211408,8.365278,4.998429,1.03816
150487429202836,66.221409,8.38682,4.961234,1.042786
150487439203441,66.231409,8.406226,4.930091,1.034188
150487449204282,66.241410,8.420174,4.911191,1.010398
150487459204974,66.251411,8.427155,4.905447,0.979601
150487469205810,66.261412,8.422217,4.919479,0.951308
150487479206505,66.271413,8.407067,4.948231,0.936068
150487489207368,66.281413,8.387369,4.980994,0.939019
150487499208060,66.291414,8.368203,5.01014,0.954821
150487509208911,66.301415,8.353811,5.030168,0.975326
150487519209604,66.311416,8.344678,5.042312,0.990674
150487529210226,66.321416,8.338892,5.051341,0.993417
150487539211149,66.331417,8.332886,5.063518,0.981692
150487549211988,66.341418,8.324349,5.081772,0.959573
150487559212681,66.351419,8.312767,5.104924,0.936804
150487569213522,66.361420,8.298942,5.130005,0.922277
150487579214234,66.371420,8.284774,5.153077,0.920998
150487589215085,66.381421,8.273,5.17047,0.929387
150487599215773,66.391422,8.266145,5.178939,0.943128
150487609216696,66.401423,8.263912,5.180201,0.955674
150487619217316,66.411423,8.265903,5.176158,0.96033
150487629218152,66.421424,8.2691,5.172086,0.954715
150487639218756,66.431425,8.270636,5.172497,0.939071
150487649219686,66.441426,8.268476,5.18031,0.914707
150487659220275,66.451426,8.259431,5.199583,0.886637
150487669221196,66.461427,8.24361,5.228615,0.862801
150487679221884,66.471428,8.222666,5.264026,0.847206
150487689222734,66.481429,8.200632,5.299077,0.842268
150487699223426,66.491429,8.182045,5.326944,0.847206
150487709224272,66.501430,8.170449,5.343144,0.857057
150487719224965,66.511431,8.166305,5.348624,0.86239
150487729225807,66.521432,8.167659,5.348018,0.853212
150487739226499,66.531432,8.169681,5.349211,0.825988
150487749227334,66.541433,8.167064,5.359042,0.787208
150487759227952,66.551434,8.158364,5.377476,0.750897
150487769228868,66.561435,8.146116,5.39909,0.728455
150487779229560,66.571436,8.13538,5.41569,0.725182
150487789230178,66.581436,8.131251,5.420369,0.736478
150487799231034,66.591437,8.136101,5.41146,0.748289
150487809231740,66.601438,8.14762,5.393493,0.752699
150487819232603,66.611439,8.162077,5.372099,0.749002
150487829233313,66.621439,8.177249,5.350401,0.738825
150487839234159,66.631440,8.194313,5.325812,0.727319
150487849234851,66.641441,8.212993,5.298996,0.7123
150487859235697,66.651442,8.22955,5.276192,0.690151
150487869236619,66.661443,8.239509,5.263983,0.664102
150487879237231,66.671443,8.240875,5.264595,0.641894
150487889237935,66.681444,8.236633,5.272579,0.630677
150487899238788,66.691445,8.23386,5.276424,0.634733
150487909239715,66.701446,8.238035,5.267635,0.653311
150487919240336,66.711446,8.252899,5.240841,0.680628
150487929241026,66.721447,8.277527,5.198579,0.705175
150487939241877,66.731448,8.308865,5.146632,0.717574
150487949242561,66.741449,8.341889,5.093297,0.715017
150487959243392,66.751449,8.370726,5.047958,0.69935
150487969244315,66.761450,8.390698,5.017413,0.679522
150487979244918,66.771451,8.4,5.004094,0.662593
150487989245535,66.781452,8.398529,5.007718,0.653823
150487999246227,66.791452,8.388156,5.02504,0.654096
150488009247073,66.801453,8.371166,5.052461,0.660491
150488019247766,66.811454,8.351484,5.083215,0.673519
150488029248607,66.821455,8.333795,5.109548,0.693115
150488039249299,66.831455,8.321579,5.12568,0.720232
150488049250135,66.841456,8.317854,5.127813,0.747557
150488059250814,66.851457,8.321541,5.119088,0.766114
150488069251735,66.861458,8.327764,5.108686,0.767911
150488079252352,66.871458,8.331557,5.104893,0.751804
150488089253182,66.881459,8.33031,5.110316,0.728445
150488099253880,66.891460,8.325032,5.121199,0.712147
150488109254726,66.901461,8.319021,5.130922,0.712443
150488119255416,66.911461,8.315912,5.133463,0.73019
150488129256259,66.921462,8.31686,5.128095,0.756622
150488139256964,66.931463,8.319881,5.119594,0.780586
150488149257822,66.941464,8.322757,5.112962,0.793301
150488159258512,66.951465,8.32404,5.110867,0.793346
150488169259116,66.961465,8.322941,5.113811,0.785878
150488179260039,66.971466,8.318913,5.121881,0.775903
150488189260892,66.981467,8.311905,5.134516,0.767433
150488199261589,66.991468,8.300131,5.154378,0.761722
150488209262436,67.001468,8.282399,5.183054,0.76014
150488219263053,67.011469,8.260013,5.21836,0.76214
150488229263745,67.021470,8.236165,5.255293,0.766457
150488239264576,67.031471,8.214347,5.28868,0.770975
150488249265498,67.041471,8.196694,5.315476,0.774541
150488259266135,67.051472,8.184226,5.334439,0.776037
150488269266823,67.061473,8.177929,5.344382,0.773999
150488279267662,67.071474,8.177565,5.345605,0.769344
150488289268386,67.081474,8.182068,5.339596,0.763249
150488299269230,67.091475,8.189806,5.328428,0.758249
150488309269924,67.101476,8.19993,5.313195,0.755717
150488319270758,67.111477,8.210354,5.297747,0.750972
150488329271453,67.121477,8.217384,5.287922,0.743268
150488339272282,67.131478,8.219224,5.286323,0.734279
150488349272960,67.141479,8.216629,5.291275,0.727619
150488359273568,67.151480,8.21301,5.296972,0.726992
150488369274477,67.161480,8.212115,5.297512,0.733156
150488379275092,67.171481,8.215144,5.291644,0.741555
150488389276015,67.181482,8.219422,5.284004,0.748605
150488399276631,67.191483,8.220393,5.282174,0.750859
150488409277477,67.201483,8.215612,5.289888,0.748852
150488419278186,67.211484,8.207206,5.303384,0.74555
150488429279125,67.221485,8.198518,5.317126,0.74325
150488439279737,67.231486,8.192133,5.326704,0.745051
150488449280583,67.241487,8.189022,5.33063,0.751215
150488459281508,67.251488,8.188002,5.331227,0.758015
150488469282123,67.261488,8.186187,5.333449,0.762035
150488479282823,67.271489,8.181711,5.34046,0.760946
150488489283667,67.281490,8.173074,5.354587,0.754445
150488499284390,67.291490,8.161427,5.373388,0.746876
150488509285220,67.301491,8.149633,5.391518,0.744961
150488519285852,67.311492,8.140942,5.40387,0.750501
150488529286786,67.321493,8.137161,5.408047,0.76136
150488539287390,67.331493,8.136506,5.407684,0.77086
150488549288320,67.341494,8.134383,5.410467,0.773731
150488559288938,67.351495,8.126001,5.423681,0.769243
150488569289644,67.361496,8.110088,5.448644,0.760765
150488579290552,67.371497,8.087568,5.482789,0.755184
150488589291160,67.381497,8.062327,5.519491,0.757723
150488599291989,67.391498,8.03727,5.554557,0.767594
150488609292676,67.401499,8.013858,5.586436,0.780912
150488619293524,67.411500,7.993044,5.614404,0.793545
150488629294215,67.421500,7.974044,5.640219,0.80159
150488639295046,67.431501,7.956159,5.665038,0.804308
150488649295709,67.441502,7.938698,5.689546,0.803794
150488659296548,67.451503,7.921663,5.713271,0.803568
150488669297222,67.461503,7.906512,5.733625,0.807827
150488679298085,67.471504,7.894968,5.748143,0.81752
150488689298693,67.481505,7.886815,5.757662,0.829144
150488699299371,67.491505,7.880696,5.764634,0.838799
150488709300304,67.501506,7.873303,5.774401,0.841088
150488719301148,67.511507,7.860922,5.791778,0.837413
150488729301850,67.521508,7.843143,5.816349,0.833751
150488739302696,67.531509,7.823111,5.84289,0.836416
150488749303299,67.541509,7.805528,5.865341,0.843501
150488759304006,67.551510,7.79185,5.882824,0.848186
150488769304854,67.561511,7.779889,5.899031,0.845435
150488779305549,67.571512,7.769056,5.914194,0.839124
150488789306385,67.581512,7.762145,5.92339,0.838219
150488799307067,67.591513,7.761933,5.922609,0.845612
150488809307926,67.601514,7.769299,5.911246,0.8574
150488819308628,67.611515,7.781412,5.89403,0.866051
150488829309494,67.621515,7.793122,5.878979,0.863062
150488839310192,67.631516,7.802043,5.8687,0.852345
150488849311017,67.641517,7.808233,5.862217,0.840173
150488859311720,67.651518,7.811954,5.858336,0.832634
150488869312361,67.661518,7.811647,5.858837,0.832003
150488879313216,67.671519,7.805222,5.866894,0.835516
150488889313909,67.681520,7.792488,5.883252,0.839333
150488899314750,67.691521,7.776845,5.903418,0.842829
150488909315428,67.701521,7.763096,5.920877,0.847099
150488919316288,67.711522,7.756287,5.928456,0.8564
150488929316986,67.721523,7.757443,5.924523,0.873004
150488939317827,67.731524,7.766216,5.910748,0.888227
150488949318519,67.741525,7.778391,5.893653,0.895254
150488959319395,67.751525,7.787013,5.88318,0.889165
150488969320095,67.761526,7.787448,5.884873,0.87404
150488979320937,67.771527,7.781087,5.895194,0.861042
150488989321624,67.781528,7.77538,5.902468,0.862716
150488999322227,67.791528,7.77647,5.898196,0.88194
150489009323073,67.801529,7.789302,5.876202,0.914895
150489019324023,67.811530,7.813535,5.838992,0.945941
150489029324715,67.821531,7.843497,5.796097,0.961676
150489039325333,67.831531,7.874128,5.754612,0.960465
150489049326169,67.841532,7.901774,5.718736,0.947617
150489059326842,67.851533,7.923363,5.691221,0.932899
150489069327688,67.861534,7.93718,5.674,0.920245
150489079328391,67.871534,7.942659,5.667587,0.912481
150489089329237,67.881535,7.938815,5.673367,0.909993
150489099329922,67.891536,7.928233,5.687294,0.915331
150489109330758,67.901537,7.918595,5.698247,0.930496
150489119331456,67.911537,7.915336,5.699257,0.951832
150489129332289,67.921538,7.919877,5.689791,0.970452
150489139332994,67.931539,7.929541,5.674722,0.979737
150489149333845,67.941540,7.938262,5.663494,0.974081
150489159334546,67.951541,7.94268,5.660098,0.957656
150489169335168,67.961541,7.944373,5.660996,0.938088
150489179336078,67.971542,7.947891,5.657896,0.926997
150489189336694,67.981543,7.955919,5.646113,0.929911
150489199337520,67.991544,7.968598,5.62503,0.948928
150489209338217,68.001544,7.98055,5.604162,0.971675
150489219339061,68.011545,7.984962,5.595454,0.985526
150489229339770,68.021546,7.976996,5.607671,0.980593
150489239340614,68.031547,7.95696,5.639102,0.962997
150489249341317,68.041547,7.929757,5.680635,0.943057
150489259342161,68.051548,7.901417,5.721896,0.931427
150489269342850,68.061549,7.876786,5.754956,0.936339
150489279343710,68.071550,7.861039,5.772846,0.958295
150489289344397,68.081550,7.857312,5.772727,0.989087
150489299345000,68.091551,7.867867,5.753308,1.017888
150489309345832,68.101552,7.889951,5.719928,1.034955
150489319346524,68.111553,7.917958,5.681363,1.033451
150489329347365,68.121553,7.943415,5.650076,1.009322
150489339348068,68.131554,7.957175,5.637641,0.969725
150489349348912,68.141555,7.95391,5.648512,0.932518
150489359349604,68.151556,7.937479,5.674735,0.913123
150489369350455,68.161556,7.917424,5.701565,0.920082
150489379351143,68.171557,7.903455,5.715523,0.952995
150489389351989,68.181558,7.901202,5.712141,0.991225
150489399352611,68.191559,7.910845,5.694795,1.013819
150489409353517,68.201560,7.924654,5.676422,1.009007
150489419354191,68.211560,7.935076,5.667295,0.9779
150489429355037,68.221561,7.939566,5.667733,0.938121
150489439355668,68.231562,7.938658,5.674755,0.902676
150489449356361,68.241562,7.936188,5.681372,0.882573
150489459357217,68.251563,7.936035,5.68163,0.882295
150489469357924,68.261564,7.940763,5.672285,0.899721
150489479358763,68.271565,7.951462,5.652888,0.926877
150489489359372,68.281565,7.966911,5.626944,0.951761
150489499360297,68.291566,7.985846,5.598514,0.960669
150489509360905,68.301567,8.004657,5.573728,0.948183
150489519361597,68.311568,8.017835,5.55921,0.921681
150489529362535,68.321569,8.024297,5.554349,0.894347
150489539363379,68.331569,8.024501,5.556823,0.876966
150489549364071,68.341570,8.02123,5.561937,0.874465
150489559364694,68.351571,8.016259,5.567668,0.88356
150489569365540,68.361572,8.011969,5.571336,0.899191
150489579366245,68.371572,8.008132,5.574565,0.913269
150489589367096,68.381573,8.003052,5.580509,0.921444
150489599367774,68.391574,7.994925,5.592026,0.922172
150489609368624,68.401575,7.983674,5.608669,0.918575
150489619369307,68.411575,7.97067,5.627784,0.914575
150489629370148,68.421576,7.957255,5.646649,0.915111
150489639370775,68.431577,7.946198,5.661386,0.920133
150489649371472,68.441577,7.93833,5.671313,0.926872
150489659372323,68.451578,7.933778,5.67659,0.933508
150489669373015,68.461579,7.934286,5.674711,0.940595
150489679373857,68.471580,7.940435,5.665059,0.946903
150489689374549,68.481581,7.951332,5.649008,0.951335
150489699375393,68.491581,7.963438,5.631862,0.95171
150489709376082,68.501582,7.972858,5.619488,0.945967
150489719376913,68.511583,7.976618,5.615913,0.935484
150489729377525,68.521584,7.972635,5.623859,0.921566
150489739378198,68.531584,7.96182,5.641086,0.909688
150489749379045,68.541585,7.947407,5.662164,0.904773
150489759379751,68.551586,7.931629,5.683902,0.906932
150489769380609,68.561587,7.916683,5.7036,0.913803
150489779381289,68.571587,7.904657,5.719397,0.91917
150489789382134,68.581588,7.894303,5.734012,0.91708
150489799382850,68.591589,7.884083,5.749586,0.907468
150489809383467,68.601589,7.874143,5.765249,0.894301
150489819384380,68.611590,7.86549,5.778888,0.882329
150489829385225,68.621591,7.859808,5.787758,0.874811
150489839385847,68.631592,7.859317,5.788813,0.872233
150489849386542,68.641593,7.864091,5.782376,0.871919
150489859387384,68.651593,7.871818,5.772426,0.868091
150489869388076,68.661594,7.8795,5.763191,0.859708
150489879388927,68.671595,7.884976,5.757594,0.846899
150489889389544,68.681596,7.889263,5.753937,0.831685
150489899390474,68.691596,7.892875,5.751102,0.816905
150489909391166,68.701597,7.895887,5.748879,0.803338
150489919391798,68.711598,7.897498,5.748556,0.789678
150489929392721,68.721599,7.896605,5.751668,0.775848
150489939393332,68.731599,7.892288,5.759578,0.760944
150489949394164,68.741600,7.885088,5.771268,0.746872
150489959394858,68.751601,7.877678,5.782831,0.735549
150489969395691,68.761602,7.872393,5.790909,0.728535
150489979396304,68.771602,7.872945,5.790264,0.727714
150489989396996,68.781603,7.88178,5.777564,0.733005
150489999397842,68.791604,7.902447,5.748306,0.740477
150490009398521,68.801605,7.933237,5.70546,0.742647
150490019399357,68.811605,7.969954,5.654947,0.735802
150490029400054,68.821606,8.006998,5.604471,0.71959
150490039400898,68.831607,8.038464,5.562494,0.694134
150490049401516,68.841608,8.059135,5.535637,0.6686
150490059402437,68.851608,8.067778,5.525343,0.649258
150490069403083,68.861609,8.065943,5.528665,0.643759
150490079403980,68.871610,8.058528,5.538159,0.654906
150490089404597,68.881611,8.051043,5.546093,0.679386
150490099405285,68.891611,8.04888,5.545546,0.708836
150490109406133,68.901612,8.054546,5.534206,0.732702
150490119406775,68.911613,8.068812,5.511693,0.74532
150490129407692,68.921614,8.08762,5.483751,0.747596
150490139408384,68.931614,8.107731,5.454483,0.743857
150490149409006,68.941615,8.126316,5.427444,0.738805
150490159409852,68.951616,8.142097,5.403983,0.737017
150490169410539,68.961617,8.154969,5.38388,0.741838
150490179411397,68.971617,8.16551,5.366778,0.749767
150490189412090,68.981618,8.173606,5.353678,0.755184
150490199412716,68.991619,8.177872,5.346967,0.756524
150490209413577,69.001620,8.175265,5.351553,0.752293
150490219414255,69.011620,8.163442,5.370216,0.747663
150490229415088,69.021621,8.143264,5.401,0.745948
150490239415763,69.031622,8.117873,5.438924,0.747179
150490249416628,69.041623,8.090927,5.478264,0.751971
150490259417246,69.051623,8.064579,5.516019,0.759011
150490269418158,69.061624,8.038892,5.552226,0.767462
150490279418770,69.071625,8.013865,5.586846,0.777898
150490289419452,69.081625,7.991537,5.617166,0.789123
150490299420297,69.091626,7.972357,5.643198,0.797407
150490309420989,69.101627,7.956685,5.665009,0.799288
150490319421837,69.111628,7.94416,5.683278,0.794143
150490329422523,69.121629,7.932771,5.700373,0.785427
150490339423374,69.131629,7.919563,5.720449,0.77266
150490349423996,69.141630,7.902292,5.746294,0.757565
150490359424688,69.151631,7.880702,5.777507,0.74498
150490369425530,69.161632,7.856514,5.811667,0.734664
150490379426206,69.171632,7.833184,5.843951,0.727639
150490389427066,69.181633,7.814336,5.869201,0.727078
150490399427773,69.191634,7.802374,5.884567,0.731332
150490409428391,69.201634,7.79767,5.890441,0.734196
150490419429232,69.211635,7.801007,5.886194,0.732814
150490429429922,69.221636,7.809818,5.875627,0.723696
150490439430769,69.231637,7.821386,5.861743,0.711289
150490449431415,69.241637,7.833504,5.847202,0.697469
150490459432111,69.251638,7.846406,5.83112,0.686981
150490469432957,69.261639,7.859946,5.813546,0.681154
150490479433650,69.271640,7.873545,5.795488,0.677942
150490489434494,69.281640,7.884944,5.780016,0.677542
150490499435172,69.291641,7.893209,5.768514,0.679326
150490509436003,69.301642,7.89761,5.76207,0.682874
150490519436696,69.311643,7.899216,5.759375,0.687036
150490529437532,69.321644,7.899014,5.759952,0.684433
150490539438149,69.331644,7.897338,5.763264,0.675851
150490549438854,69.341645,7.894485,5.768775,0.662082
150490559439717,69.351646,7.892345,5.773267,0.648323
150490569440407,69.361646,7.893857,5.772288,0.638504
150490579441025,69.371647,7.900827,5.763388,0.632701
150490589441871,69.381648,7.911094,5.749565,0.630136
150490599442548,69.391649,7.919484,5.738201,0.628327
150490609443407,69.401649,7.922688,5.734206,0.624388
150490619444071,69.411650,7.922311,5.735139,0.620592
150490629444912,69.421651,7.923815,5.733204,0.619257
150490639445589,69.431652,7.930879,5.723414,0.619412
150490649446435,69.441652,7.944914,5.703373,0.624443
150490659447053,69.451653,7.962643,5.67798,0.629948
150490669447774,69.461654,7.97785,5.65635,0.632113
150490679448633,69.471655,7.985884,5.645694,0.62593
150490689449326,69.481655,7.979397,5.656725,0.608863
150490699449939,69.491656,7.955066,5.693173,0.587106
150490709450794,69.501657,7.914931,5.750956,0.566018
150490719451478,69.511657,7.865173,5.820006,0.553745
150490729452293,69.521658,7.812065,5.890992,0.554835
150490739452970,69.531659,7.763955,5.952848,0.569758
150490749453587,69.541660,7.729559,5.994968,0.595189
150490759454511,69.551661,7.714373,6.01156,0.624154
150490769455131,69.561661,7.71828,6.004178,0.646542
150490779455962,69.571662,7.734403,5.982692,0.653028
150490789456662,69.581663,7.754268,5.958333,0.639983
150490799457285,69.591663,7.769128,5.942193,0.609102
150490809458160,69.601664,7.773024,5.940607,0.573865
150490819458852,69.611665,7.766069,5.952172,0.547561
150490829459692,69.621666,7.755184,5.966963,0.540809
150490839460386,69.631666,7.744994,5.979025,0.553426
150490849461217,69.641667,7.742072,5.980501,0.577858
150490859461887,69.651668,7.747128,5.971541,0.602236
150490869462510,69.661669,7.754579,5.960794,0.612736
150490879463354,69.671669,7.757197,5.958249,0.604298
150490889464072,69.681670,7.748508,5.972335,0.576031
150490899464932,69.691671,7.72734,6.002922,0.541416
150490909465633,69.701672,7.70001,6.04074,0.509265
150490919466479,69.711672,7.67376,6.075772,0.488247
150490929467096,69.721673,7.654096,6.100765,0.485196
150490939467782,69.731674,7.647995,6.10676,0.505596
150490949468623,69.741675,7.658749,6.090119,0.542215
150490959469317,69.751675,7.683596,6.055612,0.576122
150490969470166,69.761676,7.71649,6.011981,0.593218
150490979470779,69.771677,7.748959,5.971008,0.583697
150490989471457,69.781677,7.775854,5.938845,0.553384
150490999472320,69.791678,7.795647,5.916116,0.517184
150491009473013,69.801679,7.810809,5.898553,0.488206
150491019473859,69.811680,7.827462,5.877241,0.478371
150491029474476,69.821680,7.850103,5.846284,0.486693
150491039475183,69.831681,7.879884,5.804398,0.506349
150491049476027,69.841682,7.916262,5.752938,0.525841
150491059476719,69.851683,7.956326,5.696461,0.535872
150491069477308,69.861683,7.993779,5.644425,0.529106
150491079478141,69.871684,8.02372,5.604019,0.504852
150491089478823,69.881685,8.040511,5.582604,0.474
150491099479669,69.891686,8.044142,5.57926,0.451219
150491109480365,69.901686,8.042728,5.581618,0.447286
150491119481211,69.911687,8.044207,5.578306,0.461748
150491129481842,69.921688,8.051791,5.565353,0.485309
150491139482532,69.931689,8.061577,5.549274,0.506515
150491149483386,69.941689,8.066385,5.541574,0.514215
150491159484078,69.951690,8.061165,5.550123,0.503721
150491169484693,69.961691,8.042291,5.580011,0.474419
150491179485521,69.971692,8.013256,5.624715,0.436257
150491189486227,69.981692,7.979938,5.674486,0.400957
150491199487071,69.991693,7.95014,5.717381,0.383159
150491209487763,70.001694,7.929923,5.745026,0.388546
150491219488610,70.011695,7.924952,5.750125,0.413795
150491229489241,70.021695,7.937827,5.729681,0.449071
150491239489942,70.031696,7.962991,5.692778,0.472239
150491249490786,70.041697,7.993484,5.649839,0.472832
150491259491494,70.051697,8.02122,5.612228,0.450498
150491269492335,70.061698,8.038483,5.590384,0.412824
150491279493027,70.071699,8.041505,5.588746,0.374297
150491289493649,70.081700,8.033068,5.60233,0.351731
150491299494493,70.091700,8.019384,5.621932,0.351159
150491309495106,70.101701,8.007978,5.637097,0.367984
150491319495808,70.111702,8.000568,5.646123,0.390136
150491329496649,70.121703,7.994811,5.653127,0.406324
150491339497339,70.131703,7.988227,5.661969,0.412661
150491349498178,70.141704,7.981096,5.6723,0.408842
150491359498855,70.151705,7.974161,5.683097,0.393892
150491369499486,70.161705,7.967386,5.693755,0.376724
150491379500332,70.171706,7.960665,5.703992,0.363716
150491389501023,70.181707,7.954118,5.713421,0.358879
150491399501866,70.191708,7.949667,5.719269,0.364403
150491409502528,70.201709,7.95208,5.714799,0.381371
150491419503145,70.211709,7.965251,5.694876,0.403914
150491429503987,70.221710,7.989662,5.659219,0.422523
150491439504667,70.231711,8.022852,5.611677,0.427644
150491449505284,70.241711,8.057794,5.562426,0.413992
150491459506127,70.251712,8.089275,5.518375,0.388827
150491469506818,70.261713,8.114887,5.482095,0.367731
150491479507655,70.271714,8.137049,5.449676,0.359689
150491489508330,70.281714,8.159522,5.415799,0.362387
150491499509182,70.291715,8.18055,5.383812,0.36491
150491509509869,70.301716,8.195499,5.361326,0.360531
150491519510501,70.311717,8.201844,5.352459,0.347777
150491529511348,70.321717,8.200206,5.355812,0.334516
150491539512043,70.331718,8.195878,5.362857,0.327581
150491549512860,70.341719,8.19555,5.363317,0.328268
150491559513477,70.351719,8.201333,5.354233,0.332209
150491569514175,70.361720,8.210068,5.340794,0.332639
150491579515040,70.371721,8.216113,5.331974,0.324849
150491589515734,70.381722,8.214277,5.335943,0.305578
150491599516357,70.391722,8.203027,5.354797,0.276428
150491609517218,70.401723,8.184394,5.384626,0.24799
150491619517903,70.411724,8.161358,5.420282,0.229675
150491629518751,70.421725,8.136054,5.45858,0.220324
150491639519442,70.431725,8.11082,5.495967,0.221302
150491649520073,70.441726,8.088768,5.52801,0.230021
150491659520905,70.451727,8.070951,5.553597,0.239512
150491669521596,70.461728,8.059631,5.569709,0.24633
150491679522427,70.471728,8.05619,5.57461,0.248082
150491689523049,70.481729,8.060447,5.568348,0.250404
150491699523737,70.491730,8.073045,5.549802,0.256269
150491709524564,70.501731,8.090117,5.524788,0.258303
150491719525270,70.511731,8.105508,5.502564,0.250116
150491729525885,70.521732,8.11304,5.492358,0.229296
150491739526718,70.531733,8.110386,5.497208,0.20586
150491749527419,70.541733,8.100624,5.512071,0.192344
150491759528270,70.551734,8.090301,5.527169,0.1934
150491769528965,70.561735,8.087543,5.53066,0.208484
150491779529578,70.571736,8.096465,5.516906,0.225846
150491789530424,70.581736,8.115594,5.488482,0.231718
150491799531102,70.591737,8.137398,5.45659,0.219955
150491809531713,70.601738,8.155291,5.430722,0.196041
150491819532559,70.611739,8.16635,5.414953,0.170167
150491829533236,70.621739,8.169786,5.410276,0.153187
150491839534102,70.631740,8.166412,5.41555,0.146785
150491849534793,70.641741,8.157992,5.428195,0.147935
150491859535410,70.651741,8.146696,5.444825,0.158888
150491869536275,70.661742,8.133788,5.46379,0.168757
150491879536966,70.671743,8.122786,5.479921,0.175445
150491889537814,70.681744,8.11415,5.492653,0.176969
150491899538438,70.691744,8.109107,5.500112,0.176632
150491909539131,70.701745,8.108315,5.501249,0.17745
150491919539963,70.711746,8.111025,5.4973,0.175903
150491929540648,70.721747,8.116206,5.489881,0.168467
150491939541247,70.731747,8.120745,5.483502,0.157182
150491949542093,70.741748,8.123934,5.479093,0.145768
150491959542790,70.751749,8.126341,5.475702,0.138879
150491969543626,70.761750,8.128897,5.471939,0.137451
150491979544322,70.771750,8.132997,5.465734,0.141775
150491989544944,70.781751,8.139954,5.455155,0.149743
150491999545804,70.791752,8.151623,5.437376,0.161285
150492009546415,70.801752,8.167229,5.41353,0.173362
150492019547350,70.811753,8.188671,5.380664,0.184832
150492029547977,70.821754,8.218614,5.334342,0.197743
150492039548655,70.831755,8.258429,5.272227,0.204785
150492049549509,70.841756,8.304081,5.200334,0.196806
150492059550117,70.851756,8.347497,5.131205,0.17335
150492069550809,70.861757,8.378263,5.0819,0.137999
150492079551658,70.871758,8.390157,5.06305,0.1038
150492089552350,70.881758,8.383106,5.075064,0.085276
150492099553196,70.891759,8.36126,5.110905,0.089327
150492109553813,70.901760,8.331861,5.158233,0.112423
150492119554521,70.911761,8.299824,5.208836,0.144853
150492129555379,70.921761,8.269517,5.255924,0.174364
150492139556086,70.931762,8.242713,5.297174,0.193959
150492149556699,70.941763,8.220988,5.330283,0.208259
150492159557545,70.951764,8.209248,5.347964,0.217966
150492169558235,70.961764,8.210988,5.345007,0.224986
150492179558838,70.971765,8.229408,5.316462,0.228249
150492189559679,70.981766,8.262054,5.265642,0.226935
150492199560374,70.991766,8.303962,5.199708,0.217478
150492209561220,71.001767,8.349274,5.127436,0.197593
150492219561903,71.011768,8.393043,5.056438,0.171162
150492229562520,71.021769,8.430604,4.99455,0.138991
150492239563369,71.031769,8.459714,4.945928,0.104967
150492249564048,71.041770,8.479271,4.912888,0.07408
150492259564674,71.051771,8.489395,4.895674,0.050912
150492269565525,71.061772,8.491732,4.89176,0.034472
150492279566231,71.071772,8.4881,4.898124,0.023037
150492289567076,71.081773,8.482066,4.908587,0.017672
150492299567693,71.091774,8.47771,4.916114,0.016317
150492309568385,71.101774,8.478504,4.914734,0.021165
150492319569225,71.111775,8.486935,4.900097,0.031184
150492329569842,71.121776,8.503061,4.871951,0.045441
150492339570763,71.131777,8.523329,4.836259,0.059209
150492349571385,71.141777,8.543227,4.800901,0.06758
150492359572076,71.151778,8.558174,4.774263,0.063945
150492369572940,71.161779,8.564038,4.763892,0.050762
150492379573548,71.171780,8.558755,4.773519,0.034834
150492389574227,71.181780,8.545992,4.796384,0.02719
150492399575073,71.191781,8.531643,4.82183,0.0322
150492409575702,71.201782,8.519625,4.842882,0.050126
150492419576395,71.211782,8.512808,4.854486,0.077717
150492429577239,71.221783,8.51193,4.85552,0.104863
150492439577856,71.231784,8.516191,4.847531,0.12643
150492449578781,71.241785,8.523749,4.833898,0.138168
150492459579395,71.251785,8.53374,4.816009,0.146196
150492469580057,71.261786,8.545791,4.794211,0.158022
150492479580688,71.271787,8.557264,4.773183,0.173018
150492489581521,71.281788,8.56549,4.757818,0.188484
150492499582211,71.291788,8.56995,4.749407,0.197645
150492509583059,71.301789,8.57014,4.748962,0.200124
150492519583689,71.311790,8.566417,4.755684,0.200034
150492529584366,71.321790,8.560961,4.765344,0.203641
150492539585212,71.331791,8.554922,4.7758,0.212207
150492549585823,71.341792,8.548493,4.786712,0.225083
150492559586530,71.351793,8.541416,4.798795,0.236149
150492569587374,71.361793,8.533384,4.812871,0.239905
150492579588068,71.371794,8.525525,4.827032,0.234855
150492589588912,71.381795,8.519099,4.838845,0.224858
150492599589544,71.391796,8.514284,4.847726,0.215527
150492609590238,71.401796,8.511034,4.853653,0.210602
150492619590872,71.411797,8.50654,4.861576,0.209399
150492629591795,71.421798,8.499627,4.873579,0.211008
150492639592405,71.431798,8.492016,4.886673,0.214849
150492649593260,71.441799,8.484766,4.898985,0.220672
150492659593937,71.451800,8.480787,4.905389,0.23114
150492669594554,71.461801,8.484834,4.89767,0.245922
150492679595409,71.471801,8.496266,4.877105,0.259403
150492689596110,71.481802,8.512341,4.848501,0.268391
150492699596956,71.491803,8.529539,4.818133,0.269411
150492709597588,71.501804,8.542842,4.795057,0.2594
150492719598274,71.511804,8.547406,4.787811,0.242351
150492729599105,71.521805,8.540455,4.801247,0.220619
150492739599722,71.531806,8.521871,4.834981,0.201833
150492749600414,71.541806,8.492383,4.886978,0.192209
150492759601259,71.551807,8.455126,4.950988,0.196196
150492769601951,71.561808,8.415511,5.017409,0.211694
150492779602554,71.571809,8.379434,5.076329,0.236576
150492789603401,71.581809,8.353494,5.11744,0.266213
150492799604006,71.591810,8.343411,5.132232,0.296192
150492809604698,71.601811,8.349574,5.121191,0.313066
150492819605314,71.611811,8.366689,5.093137,0.313734
150492829606227,71.621812,8.385091,5.063851,0.296091
150492839607076,71.631813,8.398391,5.043248,0.269631
150492849607693,71.641814,8.403043,5.036948,0.240925
150492859608375,71.651814,8.397525,5.047108,0.219749
150492869608992,71.661815,8.383295,5.070996,0.213076
150492879609840,71.671816,8.363824,5.102909,0.216332
150492889610545,71.681817,8.343751,5.135329,0.224008
150492899611374,71.691817,8.3247,5.165789,0.232413
150492909611996,71.701818,8.305071,5.197202,0.234225
150492919612702,71.711819,8.283546,5.23176,0.227054
150492929613538,71.721820,8.26061,5.268419,0.214712
150492939614155,71.731820,8.237814,5.304522,0.201253
150492949614847,71.741821,8.220259,5.331912,0.194945
150492959615677,71.751822,8.211443,5.345412,0.196962
150492969616384,71.761822,8.214576,5.340186,0.207829
150492979617011,71.771823,8.230594,5.314696,0.22651
150492989617851,71.781824,8.257263,5.272433,0.242892
150492999618468,71.791824,8.29221,5.216892,0.251693
150493009619173,71.801825,8.328949,5.158478,0.242379
150493019620019,71.811826,8.360797,5.107776,0.218347
150493029620635,71.821827,8.380748,5.076353,0.183737
150493039621341,71.831827,8.380565,5.078056,0.139532
150493049622185,71.841828,8.356173,5.119071,0.097471
150493059622794,71.851829,8.31018,5.193859,0.06863
150493069623486,71.861829,8.250228,5.288695,0.058672
150493079624349,71.871830,8.183375,5.391455,0.067785
150493089625023,71.881831,8.117614,5.489656,0.089574
150493099625640,71.891832,8.062896,5.569201,0.117131
150493109626486,71.901832,8.027604,5.619358,0.143007
150493119627196,71.911833,8.015975,5.635428,0.161622
150493129628037,71.921834,8.022425,5.626076,0.16716
150493139628664,71.931835,8.037416,5.604976,0.155526
150493149629339,71.941835,8.050649,5.586708,0.125392
150493159630186,71.951836,8.055735,5.58011,0.086379
150493169630803,71.961837,8.049803,5.589059,0.054822
150493179631491,71.971837,8.033607,5.612447,0.039768
150493189632107,71.981838,8.014254,5.64002,0.043135
150493199632948,71.991839,7.999196,5.661219,0.058643
150493209633638,72.001840,7.991582,5.671801,0.072828
150493219634456,72.011840,7.989476,5.674683,0.078939
150493229635074,72.021841,7.990446,5.67333,0.078103
150493239635764,72.031842,7.992335,5.670782,0.069664
150493249636607,72.041843,7.992755,5.67032,0.057545
150493259637298,72.051843,7.989871,5.674462,0.049254
150493269637900,72.061844,7.982393,5.685016,0.044272
150493279638759,72.071845,7.968239,5.704834,0.04515
150493289639372,72.081845,7.94602,5.735714,0.049349
150493299640052,72.091846,7.920448,5.770876,0.059255
150493309640903,72.101847,7.894978,5.805557,0.06949
150493319641601,72.111848,7.872276,5.836195,0.078014
150493329642217,72.121848,7.85667,5.857074,0.085937
150493339643054,72.131849,7.851732,5.863601,0.092366
150493349643684,72.141850,7.857742,5.855512,0.094178
150493359644376,72.151850,7.869801,5.839326,0.092094
150493369645225,72.161851,7.879194,5.826764,0.084215
150493379645922,72.171852,7.88289,5.821838,0.07888
150493389646525,72.181853,7.881553,5.823638,0.079915
150493399647384,72.191853,7.878597,5.827571,0.083955
150493409648076,72.201854,7.880596,5.824751,0.092181
150493419648694,72.211855,7.89186,5.809365,0.099219
150493429649538,72.221856,7.911867,5.782052,0.101185
150493439650150,72.231856,7.935229,5.749997,0.098382
150493449650867,72.241857,7.956807,5.720241,0.089738
150493459651727,72.251858,7.972708,5.698213,0.079486
150493469652422,72.261858,7.980547,5.687337,0.071513
150493479653030,72.271859,7.977642,5.691474,0.065968
150493489653879,72.281860,7.963698,5.711019,0.061735
150493499654482,72.291860,7.94281,5.740074,0.057709
150493509655174,72.301861,7.918717,5.773311,0.052788
150493519656006,72.311862,7.895749,5.804727,0.048562
150493529656607,72.321863,7.877812,5.82904,0.048902
150493539657294,72.331863,7.869077,5.840734,0.058657
150493549657910,72.341864,7.873708,5.834274,0.077483
150493559658756,72.351865,7.89293,5.807945,0.096985
150493569659446,72.361865,7.921217,5.769129,0.106916
150493579660294,72.371866,7.950851,5.728387,0.097775
150493589660910,72.381867,7.974346,5.696038,0.070013
150493599661602,72.391868,7.985246,5.681066,0.03609
150493609662218,72.401868,7.980734,5.687505,0.012757
150493619663050,72.411869,7.964292,5.710517,0.006023
150493629663740,72.421870,7.943611,5.739237,0.013908
150493639664588,72.431871,7.927281,5.761715,0.029355
150493649665218,72.441871,7.919979,5.771705,0.036986
150493659665905,72.451872,7.920424,5.771131,0.030545
150493669666515,72.461873,7.923534,5.76693,0.011021
150493679667372,72.471873,7.921539,5.769647,-0.01975
150493689668064,72.481874,7.914101,5.779706,-0.045014
150493699668679,72.491875,7.902548,5.795377,-0.057985
150493709669540,72.501876,7.89038,5.811866,-0.064439
150493719670232,72.511876,7.883236,5.821519,-0.067113
150493729670852,72.521877,7.885147,5.818866,-0.072732
150493739671698,72.531878,7.895546,5.804659,-0.079393
150493749672402,72.541878,7.911116,5.783382,-0.081709
150493759673248,72.551879,7.926227,5.762686,-0.079593
150493769673865,72.561880,7.935895,5.749381,-0.078726
150493779674558,72.571881,7.937051,5.747751,-0.08097
150493789675173,72.581881,7.930385,5.756933,-0.081857
150493799676019,72.591882,7.916912,5.775555,-0.073866
150493809676710,72.601883,7.895683,5.804744,-0.05595
150493819677314,72.611883,7.868365,5.841909,-0.030298
150493829678143,72.621884,7.838012,5.882649,-0.002053
150493839678846,72.631885,7.807091,5.923588,0.021675
150493849679463,72.641885,7.777878,5.961815,0.037514
150493859680307,72.651886,7.75016,5.99774,0.046145
150493869681004,72.661887,7.723745,6.031668,0.051978
150493879681615,72.671888,7.698374,6.063977,0.056472
150493889682463,72.681888,7.673762,6.095051,0.061227
150493899683153,72.691889,7.650969,6.123578,0.066955
150493909683771,72.701890,7.63162,6.147572,0.075614
150493919684386,72.711890,7.617692,6.16471,0.084542
150493929685232,72.721891,7.6073,6.177455,0.089667
150493939685923,72.731892,7.596212,6.191062,0.09103
150493949686540,72.741893,7.579796,6.211161,0.090373
150493959687389,72.751893,7.558292,6.237221,0.09638
150493969688084,72.761894,7.534219,6.266005,0.112618
150493979688928,72.771895,7.51442,6.28925,0.137367
150493989689549,72.781896,7.503853,6.30118,0.165155
150493999690228,72.791896,7.504245,6.300037,0.189241
150494009691072,72.801897,7.514857,6.286854,0.205885
150494019691703,72.811898,7.529928,6.268396,0.21764
150494029692397,72.821898,7.544751,6.250278,0.225139
150494039693015,72.831899,7.552844,6.240552,0.223726
150494049693871,72.841900,7.549751,6.24462,0.214412
150494059694481,72.851900,7.534042,6.264039,0.200141
150494069695403,72.861901,7.509018,6.294258,0.192309
150494079695789,72.871902,7.480635,6.327894,0.194542
150494089696712,72.881903,7.451966,6.361335,0.204033
150494099697328,72.891903,7.427542,6.389297,0.2202
150494109697957,72.901904,7.411188,6.407625,0.237898
150494119698880,72.911905,7.408048,6.410593,0.255106
150494129699496,72.921905,7.41958,6.396652,0.269616
150494139700335,72.931906,7.443662,6.368255,0.277918
150494149700952,72.941907,7.47571,6.330673,0.276251
150494159701648,72.951908,7.510405,6.289954,0.265141
150494169702265,72.961908,7.54311,6.251477,0.245999
150494179703106,72.971909,7.568932,6.220978,0.22518
150494189703736,72.981910,7.586394,6.200063,0.214105
150494199704414,72.991910,7.597122,6.186774,0.218079
150494209705260,73.001911,7.606043,6.175078,0.23775
150494219705950,73.011912,7.619548,6.15731,0.264687
150494229706558,73.021913,7.640237,6.130509,0.289232
150494239707404,73.031913,7.66338,6.100913,0.302361
150494249708089,73.041914,7.685544,6.073049,0.300882
150494259708722,73.051915,7.702289,6.052053,0.295671
150494269709566,73.061916,7.71213,6.039456,0.296705
150494279710183,73.071916,7.718808,6.030311,0.308809
150494289710861,73.081917,7.728755,6.016307,0.332241
150494299711476,73.091917,7.749117,5.988712,0.355743
150494309712399,73.101918,7.78054,5.94688,0.37122
150494319713248,73.111919,7.817429,5.898087,0.374612
150494329713864,73.121920,7.85333,5.851042,0.361226
150494339714476,73.131920,7.881251,5.814889,0.336083
150494349715171,73.141921,7.892575,5.801161,0.306309
150494359715789,73.151922,7.881925,5.816849,0.282089
150494369716635,73.161923,7.851309,5.858726,0.268794
150494379717556,73.171924,7.807042,5.917555,0.269505
150494389717936,73.181924,7.754759,5.985206,0.284663
150494399718846,73.191925,7.699404,6.055033,0.309323
150494409719458,73.201925,7.647765,6.118801,0.334609
150494419720072,73.211926,7.605719,6.169732,0.356968
150494429720932,73.221927,7.576927,6.204025,0.374485
150494439721535,73.231928,7.564471,6.218389,0.387832
150494449722226,73.241928,7.570708,6.21009,0.39892
150494459722843,73.251929,7.596461,6.178068,0.406513
150494469723674,73.261930,7.637755,6.126864,0.407711
150494479724581,73.271931,7.689157,6.062643,0.401581
150494489725199,73.281931,7.744203,5.993483,0.381356
150494499725821,73.291932,7.796717,5.927239,0.345056
150494509726515,73.301933,7.83907,5.873735,0.29697
150494519727131,73.311933,7.864701,5.841747,0.245924
150494529727970,73.321934,7.8694,5.836982,0.205447
150494539728648,73.331935,7.855937,5.855789,0.184386
150494549729252,73.341935,7.830997,5.889077,0.185111
150494559730098,73.351936,7.796934,5.93359,0.200763
150494569730794,73.361937,7.758024,5.983571,0.223516
150494579731423,73.371937,7.71658,6.03607,0.245444
150494589732274,73.381938,7.672484,6.091358,0.261471
150494599732891,73.391939,7.626014,6.148985,0.271833
150494609733582,73.401940,7.578473,6.207137,0.279734
150494619734198,73.411940,7.533645,6.261024,0.289436
150494629735039,73.421941,7.495534,6.306112,0.299947
150494639735960,73.431942,7.466513,6.340051,0.308106
150494649736592,73.441943,7.448053,6.361315,0.316472
150494659737207,73.451943,7.438441,6.372271,0.322151
150494669737892,73.461944,7.438178,6.372522,0.323255
150494679738510,73.471945,7.446311,6.363275,0.318047
150494689739125,73.481945,7.457516,6.350606,0.308686
150494699739971,73.491946,7.466826,6.340147,0.298378
150494709740664,73.501947,7.469933,6.336923,0.288937
150494719741587,73.511948,7.465492,6.342456,0.282274
150494729742221,73.521948,7.457204,6.352252,0.281099
150494739742852,73.531949,7.450354,6.359989,0.28768
150494749743698,73.541950,7.449294,6.360618,0.300939
150494759744313,73.551950,7.455076,6.35306,0.316979
150494769745001,73.561951,7.466762,6.338415,0.334633
150494779745845,73.571952,7.482038,6.319347,0.35357
150494789746462,73.581952,7.498258,6.299015,0.372186
150494799747383,73.591953,7.513471,6.280026,0.386053
150494809748001,73.601954,7.524308,6.266826,0.389397
150494819748606,73.611955,7.531275,6.258972,0.38105
150494829749296,73.621955,7.536065,6.253892,0.369465
150494839750162,73.631956,7.542441,6.246653,0.361825
150494849750784,73.641957,7.55351,6.233367,0.360075
150494859751476,73.651957,7.569594,6.213851,0.359555
150494869752321,73.661958,7.588259,6.191029,0.359865
150494879753013,73.671959,7.606178,6.168864,0.36214
150494889753859,73.681960,7.622851,6.148204,0.362827
150494899754239,73.691960,7.638394,6.128896,0.362728
150494909755082,73.701961,7.651752,6.112122,0.364203
150494919755769,73.711962,7.660824,6.100834,0.362785
150494929756371,73.721962,7.662108,6.099659,0.35534
150494939757215,73.731963,7.652703,6.112219,0.341912
150494949757909,73.741964,7.631349,6.139813,0.324363
150494959758758,73.751965,7.600593,6.178687,0.307892
150494969759448,73.761965,7.566066,6.221382,0.298447
150494979760061,73.771966,7.534897,6.259177,0.296641
150494989760678,73.781967,7.510862,6.287843,0.29995
150494999761540,73.791968,7.496749,6.30441,0.305242
150495009762155,73.801968,7.493713,6.307995,0.305727
150495019763071,73.811969,7.499121,6.301821,0.300438
150495029763682,73.821970,7.508252,6.291457,0.28936
150495039764605,73.831971,7.515517,6.283341,0.276859
150495049765193,73.841971,7.516721,6.282391,0.265493
150495059765787,73.851972,7.511837,6.288399,0.261386
150495069766480,73.861972,7.502986,6.298674,0.268138
150495079767321,73.871973,7.496977,6.304856,0.289996
150495089767948,73.881974,7.507529,6.29027,0.330909
150495099768653,73.891975,7.549409,6.237217,0.378879
150495109769280,73.901975,7.629868,6.136117,0.416151
150495119770217,73.911976,7.74523,5.989492,0.421216
150495129770833,73.921977,7.884071,5.80842,0.379036
150495139771677,73.931978,8.023704,5.619274,0.289638
150495149772294,73.941978,8.140729,5.453063,0.180531
150495159772990,73.951979,8.21751,5.339159,0.077088
150495169773607,73.961980,8.245435,5.29649,-0.001914
150495179774439,73.971980,8.227401,5.324171,-0.055662
150495189775131,73.981981,8.179023,5.397771,-0.087513
150495199776074,73.991982,8.114503,5.494063,-0.100428
150495209776689,74.001983,8.044958,5.595486,-0.095519
150495219777304,74.011983,7.983806,5.682789,-0.069166
150495229778144,74.021984,7.940355,5.743714,-0.022694
150495239778775,74.031985,7.916157,5.776967,0.032558
150495249779486,74.041985,7.903625,5.793636,0.08048
150495259780334,74.051986,7.891804,5.809376,0.103182
150495269781022,74.061987,7.868183,5.841519,0.091045
150495279781859,74.071988,7.821696,5.90405,0.056772
150495289782553,74.081989,7.753056,5.994126,0.023226
150495299783162,74.091989,7.675861,6.092691,0.017693
150495309783779,74.101990,7.610883,6.173496,0.049318
150495319784612,74.111991,7.591209,6.196598,0.125147
150495329785305,74.121991,7.643605,6.129213,0.219228
150495339786144,74.131992,7.768099,5.967427,0.294022
150495349786775,74.141993,7.948493,5.723486,0.321079
150495359787696,74.151994,8.155662,5.426059,0.28825
150495369788403,74.161994,8.357616,5.11366,0.201804
150495379788936,74.171995,8.528334,4.82712,0.07999
150495389789615,74.181996,8.653613,4.599042,-0.061946
150495399790462,74.191996,8.729103,4.449603,-0.209274
150495409791159,74.201997,8.760912,4.378914,-0.333911
150495419791774,74.211998,8.7602,4.373281,-0.416261
150495429792621,74.221999,8.735112,4.419889,-0.449872
150495439793542,74.232000,8.692089,4.505543,-0.433245
150495449794145,74.242000,8.636336,4.616243,-0.379368
150495459794815,74.252001,8.574711,4.734812,-0.309644
150495469795433,74.262001,8.512965,4.848409,-0.249742
150495479796275,74.272002,8.454444,4.951125,-0.220947
150495489796964,74.282003,8.398723,5.044584,-0.231622
150495499797592,74.292004,8.341725,5.135988,-0.277917
150495509798438,74.302004,8.277373,5.23523,-0.342813
150495519799364,74.312005,8.203726,5.345122,-0.410558
150495529800058,74.322006,8.120036,5.466794,-0.468175
150495539800643,74.332007,8.027363,5.598305,-0.510331
150495549801260,74.342007,7.928656,5.73561,-0.528338
150495559802110,74.352008,7.827047,5.874981,-0.511775
150495569802803,74.362009,7.73144,6.005457,-0.446401
150495579803648,74.372010,7.657961,6.106357,-0.32865
150495589804256,74.382010,7.624194,6.154802,-0.173479
150495599805177,74.392011,7.644587,6.131901,-0.011662
150495609805870,74.402012,7.723528,6.031056,0.116023
150495619806501,74.412013,7.851691,5.862017,0.16651
150495629807103,74.422013,8.00227,5.655712,0.128644
150495639807977,74.432014,8.138553,5.459229,0.02834
150495649808682,74.442015,8.231029,5.318161,-0.085591
150495659809537,74.452016,8.272166,5.252113,-0.16314
150495669810155,74.462016,8.272281,5.251299,-0.182266
150495679811076,74.472017,8.246186,5.29316,-0.151299
150495689811773,74.482018,8.202172,5.362465,-0.091179
150495699812399,74.492018,8.145747,5.448524,-0.020442
150495709813246,74.502019,8.08242,5.541837,0.05054
150495719813936,74.512020,8.01771,5.634104,0.114819
150495729814549,74.522021,7.959538,5.714548,0.172486
150495739815456,74.532021,7.915405,5.773849,0.221447
150495749816087,74.542022,7.891791,5.804472,0.260311
150495759816931,74.552023,7.892448,5.802439,0.284603
150495769817625,74.562024,7.917512,5.767957,0.289259
150495779818250,74.572024,7.957638,5.713333,0.271793
150495789819111,74.582025,8.002108,5.652157,0.243582
150495799819793,74.592026,8.039811,5.599577,0.21499
150495809820652,74.602027,8.061669,5.568743,0.196454
150495819821335,74.612027,8.063945,5.56545,0.19651
150495829821952,74.622028,8.049936,5.584824,0.219705
150495839822885,74.632029,8.029138,5.612848,0.262464
150495849823730,74.642030,8.011409,5.635322,0.317025
150495859824359,74.652030,8.004866,5.641258,0.371859
150495869825051,74.662031,8.014372,5.625217,0.408408
150495879825664,74.672032,8.036439,5.59255,0.423215
150495889826585,74.682033,8.060735,5.55777,0.419193
150495899827217,74.692033,8.079442,5.531605,0.404959
150495909828061,74.702034,8.086706,5.522029,0.390362
150495919828763,74.712035,8.081053,5.530858,0.382341
150495929829616,74.722036,8.06587,5.552842,0.384245
150495939830291,74.732036,8.046435,5.580148,0.396052
150495949830909,74.742037,8.026861,5.606893,0.415071
150495959831741,74.752038,8.010708,5.628287,0.437026
150495969832431,74.762038,7.999823,5.642107,0.457731
150495979833025,74.772039,7.993484,5.649905,0.472004
150495989833852,74.782040,7.987847,5.657384,0.477852
150495999834773,74.792041,7.979571,5.669212,0.475901
150496009835455,74.802041,7.968148,5.685771,0.469728
150496019836035,74.812042,7.955244,5.704305,0.463678
150496029836874,74.822043,7.941919,5.722957,0.462305
150496039837462,74.832043,7.928822,5.740746,0.466516
150496049838140,74.842044,7.915946,5.757664,0.476639
150496059838982,74.852045,7.903783,5.77296,0.493114
150496069839672,74.862046,7.893595,5.78489,0.515908
150496079840606,74.872047,7.887469,5.790881,0.54176
150496089841450,74.882047,7.887828,5.788301,0.563714
150496099841830,74.892048,7.897041,5.774414,0.576964
150496109842684,74.902049,7.915495,5.748949,0.578391
150496119843391,74.912049,7.939926,5.716688,0.563072
150496129844238,74.922050,7.964615,5.685197,0.532452
150496139844908,74.932051,7.980709,5.666255,0.491775
150496149845766,74.942052,7.981592,5.668203,0.453493
150496159846461,74.952052,7.967083,5.690199,0.432643
150496169847310,74.962053,7.941276,5.726557,0.427363
150496179847925,74.972054,7.911264,5.767605,0.432018
150496189848621,74.982055,7.881446,5.807895,0.437284
150496199849503,74.992056,7.85329,5.845805,0.438661
150496209850191,75.002056,7.825539,5.883165,0.435054
150496219851047,75.012057,7.797047,5.921275,0.429633
150496229851753,75.022058,7.767873,5.959622,0.427872
150496239852600,75.032059,7.740731,5.994667,0.430118
150496249853306,75.042059,7.720427,6.020385,0.435888
150496259853914,75.052060,7.710828,6.032293,0.441102
150496269854762,75.062061,7.713253,6.02895,0.444456
150496279855467,75.072061,7.727855,6.010321,0.44308
150496289856331,75.082062,7.752642,5.97872,0.437521
150496299856929,75.092063,7.784925,5.937267,0.428705
150496309857641,75.102064,7.8203,5.891285,0.419175
150496319858564,75.112065,7.856029,5.844185,0.410254
150496329859420,75.122065,7.890388,5.798316,0.401601
150496339860040,75.132066,7.921252,5.756803,0.391085
150496349860761,75.142067,7.94588,5.72344,0.381134
150496359861591,75.152068,7.96267,5.700503,0.374382
150496369862290,75.162068,7.96881,5.69231,0.368296
150496379862896,75.172069,7.963228,5.700278,0.365808
150496389863747,75.182070,7.947866,5.721456,0.369231
150496399864673,75.192071,7.927375,5.748977,0.382058
150496409865367,75.202071,7.907038,5.775443,0.403748
150496419865983,75.212072,7.891145,5.794961,0.433883
150496429866812,75.222073,7.884985,5.800637,0.468635
150496439867504,75.232074,7.892791,5.787184,0.502387
150496449868345,75.242074,7.91625,5.752613,0.529595
150496459869024,75.252075,7.952292,5.701063,0.546698
150496469869625,75.262076,7.995468,5.639599,0.554445
150496479870548,75.272077,8.041322,5.573731,0.557445
150496489871476,75.282077,8.084758,5.510918,0.553589
150496499872023,75.292078,8.119994,5.459988,0.542392
150496509872710,75.302079,8.140257,5.431751,0.521763
150496519873556,75.312080,8.13957,5.435065,0.497486
150496529874235,75.322080,8.116646,5.470213,0.486705
150496539875109,75.332081,8.079067,5.524886,0.494287
150496549875796,75.342082,8.036563,5.583972,0.522402
150496559876642,75.352083,7.9988,5.633763,0.565607
150496569877565,75.362084,7.974076,5.664186,0.609156
150496579877950,75.372084,7.966279,5.671838,0.6393
150496589878798,75.382085,7.971921,5.663079,0.646519
150496599879491,75.392085,7.982091,5.65071,0.629089
150496609880335,75.402086,7.986498,5.648126,0.595374
150496619881029,75.412087,7.976647,5.666055,0.555823
150496629881873,75.422088,7.950796,5.705593,0.520595
150496639882801,75.432089,7.913948,5.758444,0.499811
150496649883496,75.442089,7.873085,5.814303,0.498384
150496659884109,75.452090,7.834588,5.864598,0.515506
150496669884955,75.462091,7.805665,5.900675,0.541836
150496679885563,75.472092,7.792755,5.915842,0.561974
150496689886475,75.482092,7.794629,5.912988,0.565973
150496699887092,75.492093,7.80503,5.90065,0.551213
150496709888013,75.502094,7.818469,5.884985,0.527727
150496719888687,75.512095,7.829179,5.873184,0.499622
150496729889535,75.522096,7.835397,5.866821,0.476378
150496739890141,75.532096,7.838071,5.864417,0.461785
150496749890816,75.542097,7.838468,5.864386,0.455403
150496759891658,75.552098,7.837633,5.865698,0.452914
150496769892350,75.562098,7.834503,5.870503,0.444719
150496779893198,75.572099,7.825645,5.8834,0.429962
150496789893889,75.582100,7.807813,5.908414,0.41065
150496799894735,75.592101,7.782893,5.942344,0.393819
150496809895429,75.602101,7.754472,5.980092,0.382971
150496819896273,75.612102,7.726664,6.016524,0.374316
150496829896961,75.622103,7.701032,6.050036,0.362168
150496839897583,75.632104,7.675694,6.083157,0.344791
150496849898415,75.642104,7.648619,6.118429,0.321624
150496859899121,75.652105,7.619933,6.155287,0.298387
150496869899978,75.662106,7.590739,6.192097,0.280293
150496879900899,75.672107,7.563429,6.225881,0.269973
150496889901591,75.682108,7.540585,6.25362,0.267984
150496899902208,75.692108,7.524976,6.272366,0.268688
150496909903043,75.702109,7.517689,6.281183,0.266588
150496919903745,75.712110,7.515678,6.283974,0.257466
150496929904605,75.722111,7.515257,6.285174,0.239842
150496939905233,75.732111,7.513965,6.287399,0.221207
150496949906158,75.742112,7.512363,6.289646,0.211588
150496959906850,75.752113,7.513911,6.287656,0.215715
150496969907698,75.762114,7.518695,6.281632,0.224377
150496979908314,75.772114,7.524616,6.27431,0.230638
150496989909006,75.782115,7.526127,6.272658,0.226228
150496999909852,75.792116,7.51818,6.282668,0.212207
150497009910549,75.802117,7.496921,6.308518,0.196927
150497019911478,75.812117,7.466322,6.344884,0.190849
150497029912093,75.822118,7.433584,6.382881,0.201665
150497039912953,75.832119,7.406174,6.413675,0.231043
150497049913855,75.842120,7.390626,6.429898,0.273942
150497059914473,75.852120,7.389809,6.429028,0.31358
150497069915168,75.862121,7.400012,6.416106,0.336757
150497079916016,75.872122,7.412494,6.401455,0.341122
150497089916720,75.882123,7.418167,6.395386,0.331372
150497099917567,75.892124,7.409281,6.406343,0.318284
150497109918254,75.902124,7.386092,6.433262,0.314345
150497119919081,75.912125,7.35571,6.467439,0.325197
150497129919775,75.922126,7.325979,6.499792,0.350303
150497139920615,75.932127,7.304291,6.522152,0.385854
150497149921293,75.942127,7.296359,6.528816,0.421497
150497159922139,75.952128,7.300775,6.522235,0.446258
150497169922757,75.962129,7.313611,6.507221,0.455097
150497179923682,75.972130,7.328452,6.490901,0.44942
150497189924299,75.982130,7.339068,6.479698,0.437728
150497199925293,75.992131,7.341806,6.477027,0.431274
150497209925911,76.002132,7.335982,6.483197,0.437616
150497219926511,76.012133,7.324304,6.495094,0.456414
150497229927362,76.022133,7.309671,6.509874,0.47986
150497239928064,76.032134,7.294865,6.525142,0.497434
150497249928901,76.042135,7.279294,6.542197,0.501503
150497259929591,76.052136,7.262223,6.561724,0.493833
150497269930437,76.062136,7.245033,6.581565,0.482186
150497279931131,76.072137,7.229557,6.599087,0.474886
150497289932055,76.082138,7.219209,6.610354,0.475663
150497299932675,76.092139,7.216627,6.612616,0.483296
150497309933610,76.102140,7.224555,6.603245,0.492863
150497319934232,76.112140,7.242805,6.582889,0.497344
150497329935098,76.122141,7.268746,6.554497,0.493895
150497339935776,76.132142,7.298492,6.522293,0.481281
150497349936626,76.142143,7.326051,6.49269,0.462559
150497359937316,76.152143,7.347552,6.469654,0.443879
150497369938237,76.162144,7.362469,6.453666,0.429219
150497379938848,76.172145,7.37013,6.445525,0.42
150497389939703,76.182146,7.374262,6.44094,0.417703
150497399940423,76.192146,7.38175,6.432031,0.422802
150497409941271,76.202147,7.397073,6.413723,0.432952
150497419941958,76.212148,7.421403,6.384946,0.441911
150497429942778,76.222149,7.449319,6.352139,0.444947
150497439943492,76.232149,7.471273,6.326954,0.435576
150497449944415,76.242150,7.47965,6.318651,0.411708
150497459945016,76.252151,7.471925,6.329625,0.382296
150497469945876,76.262152,7.451212,6.355238,0.361094
150497479946557,76.272153,7.425462,6.38538,0.359844
150497489947403,76.282153,7.404647,6.408559,0.376331
150497499948011,76.292154,7.398923,6.413097,0.410037
150497509948932,76.302155,7.412035,6.395414,0.447676
150497519949617,76.312156,7.441812,6.358896,0.473131
150497529950540,76.322157,7.481248,6.311896,0.480524
150497539951150,76.332157,7.520702,6.265707,0.468944
150497549951980,76.342158,7.55697,6.223633,0.445612
150497559952663,76.352159,7.589574,6.185449,0.422556
150497569953511,76.362160,7.620267,6.148973,0.402061
150497579954181,76.372160,7.649406,6.113905,0.383065
150497589954994,76.382161,7.675012,6.082866,0.364626
150497599955706,76.392162,7.694249,6.059491,0.347965
150497609956550,76.402163,7.705271,6.046144,0.336068
150497619957145,76.412163,7.710965,6.039125,0.331648
150497629957843,76.422164,7.71625,6.032403,0.331146
150497639958794,76.432165,7.72526,6.020863,0.331019
150497649959396,76.442165,7.740368,6.001499,0.329734
150497659960242,76.452166,7.763147,5.971987,0.330111
150497669961153,76.462167,7.793946,5.931555,0.333198
150497679961776,76.472168,7.831345,5.882074,0.333518
150497689962699,76.482169,7.873777,5.825536,0.3267
150497699963391,76.492169,7.918607,5.765593,0.305968
150497709964243,76.502170,7.960509,5.709457,0.269073
150497719964936,76.512171,7.994632,5.663631,0.22168
150497729965568,76.522172,8.017301,5.633085,0.176649
150497739966414,76.532172,8.028681,5.61776,0.145195
150497749967097,76.542173,8.03453,5.609648,0.134625
150497759967943,76.552174,8.044322,5.595363,0.144203
150497769968885,76.562175,8.064011,5.566459,0.16215
150497779969563,76.572176,8.094607,5.521232,0.182602
150497789970198,76.582176,8.130892,5.467163,0.196628
150497799971035,76.592177,8.166263,5.414025,0.201198
150497809971707,76.602178,8.195584,5.369738,0.195753
150497819972539,76.612179,8.21612,5.338671,0.184178
150497829973232,76.622179,8.230451,5.317034,0.169664
150497839974150,76.632180,8.241261,5.300743,0.154167
150497849975030,76.642181,8.251502,5.285106,0.142817
150497859975640,76.652182,8.261264,5.269794,0.144271
150497869976350,76.662182,8.267833,5.258814,0.166818
150497879977218,76.672183,8.271361,5.252534,0.18829
150497889977910,76.682184,8.271432,5.251701,0.207473
150497899978746,76.692185,8.270252,5.252492,0.232936
150497909979434,76.702185,8.269208,5.252809,0.261156
150497919980275,76.712186,8.270605,5.249202,0.288048
150497929981196,76.722187,8.277423,5.237661,0.302059
150497939981813,76.732188,8.288715,5.22029,0.292732
150497949982511,76.742189,8.299392,5.204779,0.265254
150497959983342,76.752189,8.305051,5.197213,0.234735
150497969984034,76.762190,8.3067,5.195578,0.21138
150497979984890,76.772191,8.30933,5.191859,0.198986
150497989985597,76.782192,8.316667,5.180162,0.197409
150497999986429,76.792192,8.331598,5.155911,0.202546
150498009987350,76.802193,8.351371,5.123532,0.209918
150498019987957,76.812194,8.370945,5.091286,0.214549
150498029988636,76.822195,8.386634,5.065449,0.213536
150498039989481,76.832195,8.395131,5.051763,0.203571
150498049990159,76.842196,8.394126,5.054034,0.188112
150498059990991,76.852197,8.384081,5.071309,0.170292
150498069991698,76.862198,8.366428,5.10084,0.155795
150498079992544,76.872199,8.344521,5.136822,0.148507
150498089993472,76.882199,8.321413,5.174106,0.150783
150498099994077,76.892200,8.299371,5.209012,0.163127
150498109994780,76.902201,8.27957,5.239925,0.178559
150498119995639,76.912202,8.262014,5.266959,0.19563
150498129996331,76.922202,8.247261,5.289379,0.212358
150498139997145,76.932203,8.236327,5.305669,0.229711
150498149997838,76.942204,8.231314,5.312521,0.250088
150498159998670,76.952205,8.233998,5.307437,0.268979
150498169999576,76.962206,8.247865,5.284895,0.287337
150498180000189,76.972206,8.270433,5.248855,0.299025
150498190000896,76.982207,8.296331,5.207743,0.300527
150498200001742,76.992208,8.319504,5.171099,0.29252
150498210002429,77.002208,8.335809,5.145602,0.27757
150498220003261,77.012209,8.341017,5.138072,0.260078
150498230003954,77.022210,8.334921,5.148425,0.250638
150498240004798,77.032211,8.321481,5.170089,0.251316
150498250005721,77.042212,8.307158,5.19252,0.262442
150498260006338,77.052212,8.294418,5.212192,0.275153
150498270007026,77.062213,8.281869,5.231763,0.281643
150498280007886,77.072214,8.266191,5.256507,0.281449
150498290008597,77.082215,8.243949,5.291647,0.275243
150498300009451,77.092215,8.217021,5.333541,0.271846
150498310010173,77.102216,8.18997,5.374915,0.27334
150498320011030,77.112217,8.165273,5.411991,0.280522
150498330011951,77.122218,8.143672,5.443832,0.291923
150498340012584,77.132219,8.124966,5.471203,0.301478
150498350013293,77.142219,8.108241,5.495676,0.306496
150498360014144,77.152220,8.093153,5.517789,0.308076
150498370014850,77.162221,8.080763,5.53586,0.309135
150498380015712,77.172222,8.074883,5.544296,0.311474
150498390016410,77.182222,8.078532,5.538756,0.315438
150498400017269,77.192223,8.094547,5.515349,0.314985
150498410018192,77.202224,8.122233,5.474938,0.307204
150498420018810,77.212225,8.157402,5.423278,0.291305
150498430019485,77.222225,8.197289,5.363883,0.270692
150498440020102,77.232226,8.236205,5.305103,0.246614
150498450021044,77.242227,8.269083,5.254741,0.223571
150498460021889,77.252228,8.292887,5.217909,0.203527
150498470022567,77.262229,8.306777,5.196216,0.191768
150498480023465,77.272229,8.311678,5.188522,0.18777
150498490024311,77.282230,8.309831,5.191359,0.191057
150498500024924,77.292231,8.304637,5.19923,0.202596
150498510025619,77.302232,8.298445,5.208416,0.219581
150498520026452,77.312232,8.292519,5.217087,0.237037
150498530027142,77.322233,8.285619,5.227509,0.248343
150498540027984,77.332234,8.275819,5.242979,0.248953
150498550028648,77.342235,8.259602,5.268862,0.240953
150498560029250,77.352235,8.235571,5.306849,0.229739
150498570030402,77.362236,8.205474,5.353761,0.217708
150498580031015,77.372237,8.172991,5.403514,0.210405
150498590031691,77.382238,8.142599,5.449325,0.207091
150498600032522,77.392239,8.11759,5.486279,0.21334
150498610033243,77.402239,8.101451,5.50932,0.232223
150498620033861,77.412240,8.098093,5.513004,0.260144
150498630034770,77.422241,8.11151,5.491946,0.28616
150498640035599,77.432242,8.13697,5.453206,0.303734
150498650036522,77.442243,8.168671,5.405185,0.311038
150498660037140,77.452243,8.202061,5.354621,0.306921
150498670037855,77.462244,8.233157,5.307594,0.290846
150498680038691,77.472245,8.257798,5.270607,0.263574
150498690039314,77.482245,8.271901,5.249631,0.238836
150498700040235,77.492246,8.276546,5.242715,0.229625
150498710040924,77.502247,8.275154,5.244624,0.236127
150498720041764,77.512248,8.271365,5.249831,0.252603
150498730042687,77.522249,8.265324,5.258499,0.269477
150498740043319,77.532249,8.25295,5.277537,0.276448
150498750044019,77.542250,8.230075,5.313547,0.268472
150498760044640,77.552251,8.19622,5.36646,0.251067
150498770045579,77.562252,8.155755,5.4286,0.232286
150498780046437,77.572252,8.11507,5.48975,0.219737
150498790047115,77.582253,8.079071,5.542632,0.218909
150498800047966,77.592254,8.051294,5.582538,0.227929
150498810048889,77.602255,8.031929,5.60992,0.23854
150498820049507,77.612256,8.019473,5.627269,0.248887
150498830050206,77.622256,8.01108,5.639004,0.253514
150498840050823,77.632257,8.005895,5.646468,0.251018
150498850051722,77.642258,8.00557,5.647058,0.248022
150498860052590,77.652259,8.013011,5.636527,0.247412
150498870053263,77.662259,8.029382,5.613199,0.247135
150498880054109,77.672260,8.05383,5.578199,0.243995
150498890054813,77.682261,8.083537,5.53531,0.238129
150498900055674,77.692262,8.115526,5.488603,0.231311
150498910056373,77.702262,8.149578,5.438226,0.223849
150498920057219,77.712263,8.185633,5.38419,0.214275
150498930057903,77.722264,8.223746,5.326235,0.203036
150498940058751,77.732265,8.261408,5.268024,0.1924
150498950059443,77.742265,8.295628,5.214415,0.180048
150498960060289,77.752266,8.321082,5.174267,0.163032
150498970061210,77.762267,8.332201,5.157027,0.139536
150498980061828,77.772268,8.327602,5.16491,0.121474
150498990062513,77.782269,8.308689,5.195542,0.109876
150499000063359,77.792269,8.283119,5.236252,0.107739
150499010064059,77.802270,8.2575,5.276444,0.113062
150499020064905,77.812271,8.234597,5.311836,0.125728
150499030065585,77.822272,8.216852,5.338797,0.143481
150499040066441,77.832272,8.205383,5.355989,0.158323
150499050067111,77.842273,8.199855,5.364239,0.165277
150499060067957,77.852274,8.199131,5.365345,0.165254
150499070068649,77.862275,8.202649,5.360097,0.16107
150499080069498,77.872275,8.210767,5.347801,0.155995
150499090070184,77.882276,8.226118,5.324189,0.154953
150499100071030,77.892277,8.24933,5.288087,0.157294
150499110071736,77.902278,8.278271,5.242398,0.165869
150499120072596,77.912279,8.30989,5.191788,0.176307
150499130073287,77.922279,8.342014,5.139678,0.185663
150499140074207,77.932280,8.37263,5.089449,0.191125
150499150074822,77.942281,8.400544,5.043267,0.190486
150499160075731,77.952282,8.424726,5.003103,0.181491
150499170076560,77.962283,8.441403,4.975344,0.169216
150499180077178,77.972283,8.446342,4.967328,0.158155
150499190078104,77.982284,8.435372,4.986228,0.148358
150499200078707,77.992285,8.406959,5.034152,0.142826
150499210079653,78.002286,8.365515,5.102722,0.142817
150499220080350,78.012286,8.316027,5.182867,0.146647
150499230081211,78.022287,8.263358,5.266103,0.158226
150499240081842,78.032288,8.213984,5.342099,0.180227
150499250082764,78.042289,8.173519,5.402797,0.208383
150499260083456,78.052289,8.146301,5.442396,0.240949
150499270084304,78.062290,8.134636,5.458405,0.271072
150499280084994,78.072291,8.136726,5.454219,0.291803
150499290085832,78.082292,8.148074,5.4367,0.301923
150499300086524,78.092293,8.1634,5.413493,0.304874
150499310087374,78.102293,8.179368,5.389456,0.302703
150499320088066,78.112294,8.194567,5.366479,0.299935
150499330088899,78.122295,8.209428,5.343609,0.301905
150499340089607,78.132296,8.223904,5.320918,0.308595
150499350090466,78.142296,8.238457,5.297672,0.320118
150499360091160,78.152297,8.253554,5.273126,0.336042
150499370091988,78.162298,8.26917,5.24753,0.352551
150499380092687,78.172299,8.285145,5.22142,0.364977
150499390093516,78.182300,8.300705,5.196047,0.373338
150499400094451,78.192300,8.312435,5.177291,0.372978
150499410095069,78.202301,8.317249,5.170253,0.363106
150499420095761,78.212302,8.314652,5.17506,0.353992
150499430096622,78.222303,8.305599,5.189812,0.350459
150499440097314,78.232303,8.294086,5.20783,0.355949
150499450098156,78.242304,8.283408,5.223782,0.3704
150499460099077,78.252305,8.273387,5.238286,0.389094
150499470099764,78.262306,8.264515,5.250984,0.406207
150499480100615,78.272307,8.254644,5.265831,0.414579
150499490101233,78.282307,8.242239,5.285106,0.416117
150499500101910,78.292308,8.226978,5.308991,0.414002
150499510102848,78.302309,8.211608,5.332707,0.414425
150499520103677,78.312310,8.19893,5.35164,0.421306
150499530104377,78.322310,8.191764,5.361439,0.435812
150499540105223,78.332311,8.192765,5.358029,0.458451
150499550105929,78.342312,8.202265,5.341144,0.484705
150499560106785,78.352313,8.217951,5.314863,0.507398
150499570107476,78.362313,8.236712,5.283801,0.527262
150499580108322,78.372314,8.257259,5.249841,0.544832
150499590108994,78.382315,8.280348,5.211938,0.558145
150499600109837,78.392316,8.302264,5.176475,0.56255
150499610110515,78.402317,8.319906,5.1488,0.555858
150499620111361,78.412317,8.328417,5.136402,0.542984
150499630112058,78.422318,8.32484,5.142909,0.536193
150499640112904,78.432319,8.311213,5.164869,0.53655
150499650113597,78.442320,8.290496,5.197016,0.546503
150499660114520,78.452321,8.269177,5.228666,0.567232
150499670115116,78.462321,8.250389,5.255738,0.590113
150499680116039,78.472322,8.236411,5.274974,0.613329
150499690116883,78.482323,8.228266,5.285567,0.631225
150499700117515,78.492324,8.225955,5.288419,0.637413
150499710118446,78.502324,8.22698,5.287594,0.631019
150499720119140,78.512325,8.227998,5.28776,0.616159
150499730119984,78.522326,8.226689,5.291517,0.601197
150499740120657,78.532327,8.224519,5.296063,0.590766
150499750121503,78.542328,8.22456,5.296078,0.590082
150499760122202,78.552328,8.228961,5.288407,0.597494
150499770123036,78.562329,8.238105,5.27298,0.607753
150499780123731,78.572330,8.249807,5.253567,0.616978
150499790124577,78.582331,8.262318,5.233385,0.621107
150499800125274,78.592331,8.274667,5.214343,0.616794
150499810126212,78.602332,8.286372,5.196429,0.610861
150499820127057,78.612333,8.29512,5.183297,0.603674
150499830127734,78.622334,8.299181,5.177569,0.59697
150499840128580,78.632335,8.297968,5.17995,0.593187
150499850129198,78.642335,8.290504,5.191912,0.592924
150499860130134,78.652336,8.278085,5.211354,0.595934
150499870130736,78.662337,8.264714,5.231583,0.604175
150499880131657,78.672338,8.256034,5.243501,0.619352
150499890132340,78.682338,8.256876,5.239856,0.638683
150499900133203,78.692339,8.266748,5.222139,0.655839
150499910133883,78.702340,8.282293,5.196062,0.666778
150499920134729,78.712341,8.29563,5.175538,0.660548
150499930135407,78.722341,8.301593,5.168633,0.639389
150499940136343,78.732342,8.295467,5.181525,0.614032
150499950136958,78.742343,8.277082,5.2126,0.598898
150499960137813,78.752344,8.25277,5.250329,0.604849
150499970138505,78.762345,8.231012,5.281543,0.629036
150499980139347,78.772345,8.219165,5.29593,0.662203
150499990140030,78.782346,8.217752,5.294121,0.693455
150500000140876,78.792347,8.223153,5.28307,0.713389
150500010141577,78.802348,8.229851,5.271631,0.72073
150500020142501,78.812349,8.234669,5.264281,0.719421
150500030143107,78.822349,8.235576,5.263656,0.713587
150500040143981,78.832350,8.233152,5.268505,0.705694
150500050144902,78.842351,8.228215,5.276789,0.701439
150500060145520,78.852352,8.219722,5.290233,0.699733
150500070146432,78.862352,8.207266,5.309227,0.702077
150500080147119,78.872353,8.189426,5.335708,0.709605
150500090147974,78.882354,8.171633,5.360921,0.724568
150500100148682,78.892355,8.161062,5.374237,0.744756
150500110149528,78.902356,8.161783,5.369725,0.769036
150500120150229,78.912356,8.173646,5.348821,0.788449
150500130151086,78.922357,8.192314,5.319482,0.793198
150500140151774,78.932358,8.210907,5.292668,0.780223
150500150152636,78.942359,8.224847,5.273936,0.759915
150500160153328,78.952359,8.230296,5.267781,0.743421
150500170154174,78.962360,8.228204,5.271527,0.740047
150500180154872,78.972361,8.22336,5.276108,0.760925
150500190155795,78.982362,8.221131,5.273894,0.799439
150500200156425,78.992362,8.224622,5.261678,0.842841
150500210157367,79.002363,8.234286,5.240226,0.881259
150500220158225,79.012364,8.246537,5.217147,0.903302
150500230158899,79.022365,8.258208,5.197915,0.907566
150500240159516,79.032366,8.263363,5.192063,0.894044
150500250160347,79.042366,8.257388,5.20509,0.873261
150500260161259,79.052367,8.238833,5.237258,0.85598
150500270161944,79.062368,8.207837,5.286715,0.849769
150500280162783,79.072369,8.167124,5.348057,0.858078
150500290163475,79.082369,8.122939,5.411648,0.878574
150500300164323,79.092370,8.08141,5.468728,0.907631
150500310165007,79.102371,8.047855,5.512296,0.9416
150500320165853,79.112372,8.026145,5.538419,0.973085
150500330166528,79.122373,8.017398,5.546353,0.999615
150500340167361,79.132373,8.016668,5.543382,1.021745
150500350168059,79.142374,8.020228,5.535659,1.035573
150500360168905,79.152375,8.026671,5.525118,1.041945
150500370169593,79.162376,8.034257,5.51411,1.041778
150500380170420,79.172376,8.043215,5.502234,1.035453
150500390171322,79.182377,8.052754,5.490628,1.022826
150500400171934,79.192378,8.060775,5.481338,1.009384
150500410172607,79.202379,8.066062,5.475047,1.001253
150500420173535,79.212380,8.069598,5.47081,0.995893
150500430174380,79.222380,8.071944,5.468209,0.991156
150500440175088,79.232381,8.072163,5.469747,0.980837
150500450175963,79.242382,8.069031,5.477796,0.961501
150500460176565,79.252383,8.057824,5.498415,0.937504
150500470177490,79.262383,8.038566,5.530143,0.915962
150500480178182,79.272384,8.016737,5.564109,0.90146
150500490179043,79.282385,7.997116,5.592944,0.897287
150500500179736,79.292386,7.98615,5.607039,0.906897
150500510180579,79.302387,7.98757,5.601691,0.927244
150500520181280,79.312387,8.001524,5.578117,0.948813
150500530182126,79.322388,8.024481,5.542238,0.965068
150500540182815,79.332389,8.052299,5.5008,0.970413
150500550183644,79.342390,8.082507,5.457182,0.965552
150500560184338,79.352390,8.11239,5.415368,0.950228
150500570185194,79.362391,8.140411,5.376765,0.929584
150500580185896,79.372392,8.163844,5.344267,0.911309
150500590186820,79.382393,8.182098,5.318011,0.901128
150500600187435,79.392393,8.196154,5.296794,0.898368
150500610188280,79.402394,8.208345,5.277354,0.901434
150500620188983,79.412395,8.218522,5.260468,0.907403
150500630189906,79.422396,8.225846,5.248165,0.912248
150500640190726,79.432397,8.228589,5.243773,0.91279
150500650191447,79.442397,8.225046,5.250302,0.907177
150500660192065,79.452398,8.213291,5.270447,0.896751
150500670192988,79.462399,8.194236,5.301746,0.886533
150500680193608,79.472400,8.171183,5.337854,0.882649
150500690194463,79.482400,8.149107,5.370616,0.887999
150500700195389,79.492401,8.134522,5.390304,0.902336
150500710196084,79.502402,8.129631,5.394622,0.920402
150500720196928,79.512403,8.132554,5.387724,0.934895
150500730197607,79.522404,8.138269,5.377797,0.942261
150500740198468,79.532404,8.141547,5.373446,0.938764
150500750199149,79.542405,8.139494,5.379079,0.924193
150500760199997,79.552406,8.130789,5.395588,0.904388
150500770200689,79.562407,8.115393,5.421462,0.88779
150500780201544,79.572408,8.096904,5.450031,0.881629
150500790202233,79.582408,8.079762,5.474493,0.887296
150500800203079,79.592409,8.067364,5.490521,0.90098
150500810203766,79.602410,8.062988,5.493967,0.918995
150500820204624,79.612411,8.067336,5.484935,0.934676
150500830205534,79.622412,8.079453,5.465011,0.946595
150500840206226,79.632412,8.09746,5.437236,0.95268
150500850206843,79.642413,8.118249,5.406315,0.951745
150500860207766,79.652414,8.138135,5.378858,0.937332
150500870208372,79.662414,8.153486,5.360429,0.909062
150500880209208,79.672415,8.158534,5.358308,0.875706
150500890210129,79.682416,8.149273,5.376468,0.85024
150500900210821,79.692417,8.130306,5.406163,0.843496
150500910211668,79.702418,8.1084,5.436947,0.856431
150500920212370,79.712418,8.089656,5.460714,0.882068
150500930212973,79.722419,8.07806,5.473089,0.911146
150500940213833,79.732420,8.074311,5.475181,0.931619
150500950214521,79.742421,8.0775,5.469495,0.937345
150500960215439,79.752421,8.084757,5.460618,0.926454
150500970216290,79.762422,8.091492,5.454792,0.901659
150500980216996,79.772423,8.093261,5.456565,0.874647
150500990217837,79.782424,8.087162,5.468949,0.853462
150501000218529,79.792425,8.077027,5.485336,0.844274
150501010219355,79.802425,8.067187,5.499054,0.849064
150501020220035,79.812426,8.061066,5.505249,0.866895
150501030220867,79.822427,8.064863,5.495961,0.890119
150501040221559,79.832428,8.078835,5.47204,0.910591
150501050222410,79.842428,8.098926,5.440734,0.919694
150501060223102,79.852429,8.120945,5.409132,0.91189
150501070223947,79.862430,8.141078,5.382633,0.888897
150501080224639,79.872431,8.154631,5.367066,0.858231
150501090225557,79.882432,8.161195,5.360967,0.833626
150501100226408,79.892432,8.163252,5.358899,0.826742
150501110227040,79.902433,8.1668,5.351713,0.838187
150501120227732,79.912434,8.175354,5.335135,0.860199
150501130228583,79.922435,8.187782,5.312394,0.882441
150501140229523,79.932436,8.200367,5.290671,0.895984
150501150230216,79.942436,8.210194,5.275422,0.895867
150501160231062,79.952437,8.216398,5.268043,0.882353
150501170231740,79.962438,8.215503,5.272856,0.861665
150501180232581,79.972439,8.206177,5.290086,0.844781
150501190233218,79.982439,8.18764,5.320074,0.836291
150501200233920,79.992440,8.163113,5.357351,0.838093
150501210234780,80.002441,8.134552,5.398739,0.850134
150501220235703,80.012442,8.104596,5.439632,0.875198
150501230236396,80.022442,8.077903,5.473386,0.910802
150501240237235,80.032443,8.059863,5.492707,0.953259
150501250237927,80.042444,8.054784,5.493615,0.990316
150501260238770,80.052445,8.060211,5.481915,1.010717
150501270239472,80.062445,8.069278,5.469002,1.008346
150501280240318,80.072446,8.076511,5.4631,0.982088
150501290241008,80.082447,8.075305,5.471635,0.943764
150501300241843,80.092448,8.058646,5.502545,0.9057
150501310242534,80.102449,8.025212,5.555917,0.87623
150501320243382,80.112449,7.980916,5.622505,0.855774
150501330244059,80.122450,7.933555,5.69098,0.843478
150501340244966,80.132451,7.888307,5.754258,0.838551
150501350245589,80.142452,7.845309,5.813335,0.834411
150501360246439,80.152452,7.800037,5.875459,0.823651
150501370247112,80.162453,7.74567,5.948092,0.815348
150501380248040,80.172454,7.679983,6.035217,0.796237
150501390248879,80.182455,7.609391,6.127221,0.770903
150501400249497,80.192455,7.537607,6.217752,0.75103
150501410250413,80.202456,7.47064,6.29889,0.744017
150501420251110,80.212457,7.422178,6.355129,0.750756
150501430251728,80.222458,7.406245,6.371542,0.768731
150501440252584,80.232459,7.431743,6.340499,0.779255
150501450253485,80.242459,7.487704,6.277282,0.755022
150501460254179,80.252460,7.544316,6.216236,0.694087
150501470255024,80.262461,7.566649,6.196881,0.620088
150501480255736,80.272462,7.539954,6.234708,0.563461
150501490256582,80.282463,7.46858,6.321465,0.547244
150501500257264,80.292463,7.370661,6.433958,0.563495
150501510258113,80.302464,7.264606,6.550468,0.59741
150501520258815,80.312465,7.167704,6.652922,0.634548
150501530259646,80.322466,7.093378,6.729947,0.657123
150501540260322,80.332466,7.046263,6.779559,0.654009
150501550261197,80.342467,7.017553,6.811799,0.627138
150501560261880,80.352468,7.001862,6.830955,0.593319
150501570262731,80.362469,6.992971,6.84253,0.564064
150501580263425,80.372469,6.98467,6.852685,0.54319
150501590264276,80.382470,6.966768,6.872202,0.526254
150501600264963,80.392471,6.935552,6.9045,0.515754
150501610265809,80.402472,6.892636,6.947915,0.50801
150501620266492,80.412472,6.844986,6.995283,0.502108
150501630267337,80.422473,6.793374,7.045222,0.504902
150501640268269,80.432474,6.741405,7.094398,0.51282
150501650268891,80.442475,6.685456,7.14632,0.524201
150501660269812,80.452476,6.625489,7.200755,0.540371
150501670270430,80.462476,6.56597,7.25428,0.550793
150501680271122,80.472477,6.503144,7.310588,0.551697
150501690271968,80.482478,6.428738,7.376852,0.541663
150501700272894,80.492479,6.336883,7.456822,0.528922
150501710273577,80.502480,6.227731,7.548937,0.518577
150501720274438,80.512480,6.110865,7.644046,0.515676
150501730275064,80.522481,5.993726,7.73533,0.529006
150501740275737,80.532482,5.884736,7.815736,0.569341
150501750276671,80.542483,5.796678,7.875921,0.63905
150501760277515,80.552484,5.74396,7.906594,0.729865
150501770278202,80.562484,5.727549,7.910391,0.812966
150501780279043,80.572485,5.731891,7.901345,0.868462
150501790279741,80.582486,5.728722,7.899778,0.902914
150501800280571,80.592487,5.702243,7.916052,0.927668
150501810281263,80.602487,5.655783,7.945967,0.955908
150501820281872,80.612488,5.607178,7.97491,1.000178
150501830282799,80.622489,5.56772,7.995486,1.054869
150501840283639,80.632490,5.542525,8.005291,1.111636
150501850284331,80.642490,5.5328,8.004674,1.163341
150501860285186,80.652491,5.538774,7.994914,1.201394
150501870285869,80.662492,5.553064,7.98135,1.22537
150501880286715,80.672493,5.565732,7.971069,1.234777
150501890287400,80.682493,5.572885,7.965811,1.236445
150501900288260,80.692494,5.574335,7.964823,1.236273
150501910288939,80.702495,5.574289,7.963964,1.242001
150501920289789,80.712496,5.579161,7.957758,1.259782
150501930290484,80.722496,5.597173,7.940519,1.288343
150501940291330,80.732497,5.6236,7.916234,1.322257
150501950292028,80.742498,5.649362,7.891828,1.35785
150501960292879,80.752499,5.668942,7.872545,1.387839
150501970293573,80.762500,5.680815,7.860983,1.404732
150501980294419,80.772500,5.680905,7.86122,1.403047
150501990295127,80.782501,5.672187,7.870958,1.383585
150502000295992,80.792502,5.662006,7.883517,1.353448
150502010296668,80.802503,5.647707,7.89906,1.322217
150502020297593,80.812504,5.625572,7.918056,1.302808
150502030298209,80.822504,5.598737,7.93772,1.298759
150502040299040,80.832505,5.579463,7.949383,1.310318
150502050299742,80.842506,5.580812,7.945063,1.3306
150502060300588,80.852507,5.606743,7.924013,1.347029
150502070301295,80.862507,5.645671,7.895746,1.350406
150502080302139,80.872508,5.685589,7.869728,1.334694
150502090303062,80.882509,5.721615,7.849623,1.298665
150502100303754,80.892510,5.748664,7.837892,1.249133
150502110304372,80.902510,5.759353,7.83711,1.203963
150502120305209,80.912511,5.754149,7.84462,1.17972
150502130306130,80.922512,5.74377,7.85263,1.176988
150502140306821,80.932513,5.739954,7.853647,1.188775
150502150307668,80.942514,5.750671,7.844154,1.199603
150502160308300,80.952514,5.773022,7.828377,1.195306
150502170309221,80.962515,5.797725,7.813502,1.172862
150502180309828,80.972516,5.812579,7.806854,1.143212
150502190310521,80.982517,5.810181,7.811637,1.122524
150502200311439,80.992517,5.79574,7.822572,1.121071
150502210312274,81.002518,5.779087,7.832189,1.139721
150502220312966,81.012519,5.77134,7.833925,1.166743
150502230313584,81.022520,5.778194,7.825615,1.188373
150502240314492,81.032520,5.802382,7.805982,1.199582
150502250315336,81.042521,5.838964,7.77769,1.205818
150502260316028,81.052522,5.882405,7.743943,1.211881
150502270316894,81.062523,5.928822,7.707796,1.216102
150502280317586,81.072524,5.966496,7.679182,1.212862
150502290318432,81.082524,5.987431,7.664142,1.204814
150502300319134,81.092525,5.989627,7.663788,1.196126
150502310319981,81.102526,5.980217,7.671271,1.195249
150502320320598,81.112527,5.967946,7.678925,1.207365
150502330321519,81.122528,5.965113,7.677719,1.228846
150502340322197,81.132528,5.978368,7.664335,1.247829
150502350323044,81.142529,6.003083,7.644013,1.253838
150502360323750,81.152530,6.034706,7.620958,1.242296
150502370324624,81.162531,6.064334,7.601265,1.218446
150502380325307,81.172531,6.081915,7.591201,1.19328
150502390326156,81.182532,6.086748,7.589728,1.177934
150502400326857,81.192533,6.086532,7.589807,1.178523
150502410327703,81.202534,6.088352,7.586087,1.192999
150502420328409,81.212534,6.099809,7.574131,1.210328
150502430329269,81.222535,6.124755,7.552343,1.220456
150502440329946,81.232536,6.160561,7.523815,1.21642
150502450330792,81.242537,6.199453,7.494285,1.201031
150502460331496,81.252537,6.234384,7.468117,1.183083
150502470332338,81.262538,6.25948,7.449702,1.166548
150502480333040,81.272539,6.272498,7.440416,1.155853
150502490333871,81.282540,6.270896,7.442383,1.151859
150502500334559,81.292541,6.25225,7.457813,1.153441
150502510335418,81.302541,6.219053,7.48453,1.159807
150502520336126,81.312542,6.179822,7.515702,1.167925
150502530336972,81.322543,6.14123,7.545264,1.180809
150502540337680,81.332544,6.11154,7.566216,1.20062
150502550338521,81.342545,6.098447,7.573018,1.22408
150502560339197,81.352545,6.102591,7.565904,1.247188
150502570340052,81.362546,6.121361,7.548375,1.261341
150502580340745,81.372547,6.148992,7.525286,1.264914
150502590341593,81.382548,6.179403,7.501165,1.259941
150502600342285,81.392548,6.207317,7.47956,1.251149
150502610343102,81.402549,6.227587,7.463805,1.244489
150502620343795,81.412550,6.234963,7.458328,1.24039
150502630344656,81.422551,6.225402,7.46596,1.242499
150502640345562,81.432552,6.198585,7.488035,1.243728
150502650346184,81.442552,6.162102,7.517811,1.245404
150502660346863,81.452553,6.126725,7.546179,1.248383
150502670347723,81.462554,6.099722,7.567,1.254537
150502680348405,81.472554,6.089339,7.573878,1.263446
150502690349251,81.482555,6.097902,7.565756,1.270777
150502700349925,81.492556,6.117312,7.550083,1.270711
150502710350834,81.502557,6.141914,7.530924,1.265713
150502720351648,81.512558,6.165507,7.512687,1.259386
150502730352270,81.522558,6.182703,7.498807,1.257803
150502740352948,81.532559,6.190107,7.49193,1.262359
150502750353876,81.542560,6.187875,7.4922,1.271658
150502760354710,81.552561,6.180112,7.496806,1.282221
150502770355402,81.562561,6.168689,7.504774,1.290605
150502780356015,81.572562,6.154146,7.515472,1.297743
150502790356876,81.582563,6.138948,7.526619,1.305106
150502800357568,81.592564,6.127393,7.534127,1.31606
150502810358505,81.602565,6.125757,7.53263,1.33214
150502820359121,81.612565,6.138434,7.519403,1.348395
150502830359967,81.622566,6.165344,7.495181,1.360433
150502840360893,81.632567,6.198871,7.466744,1.364434
150502850361585,81.642568,6.231898,7.439885,1.360706
150502860362445,81.652568,6.252288,7.423336,1.357586
150502870363148,81.662569,6.255342,7.419796,1.362827
150502880363994,81.672570,6.243362,7.427046,1.378201
150502890364698,81.682571,6.22178,7.440795,1.401423
150502900365532,81.692572,6.199852,7.454763,1.424212
150502910366240,81.702572,6.182867,7.465571,1.441327
150502920367086,81.712573,6.168479,7.476331,1.447183
150502930367782,81.722574,6.155842,7.487558,1.442932
150502940368410,81.732574,6.142193,7.500012,1.436415
150502950369328,81.742575,6.125221,7.513437,1.438725
150502960370182,81.752576,6.106957,7.52595,1.450918
150502970370874,81.762577,6.093909,7.533646,1.465762
150502980371721,81.772578,6.092023,7.533369,1.474988
150502990372398,81.782578,6.100069,7.526867,1.474927
150503000373246,81.792579,6.112875,7.518088,1.46667
150503010373938,81.802580,6.124909,7.509978,1.457982
150503020374790,81.812581,6.132168,7.504823,1.454003
150503030375485,81.822581,6.13637,7.500709,1.457512
150503040376331,81.832582,6.140768,7.495365,1.466459
150503050377025,81.842583,6.151069,7.485809,1.472092
150503060377860,81.852584,6.171583,7.469428,1.469431
150503070378567,81.862585,6.200607,7.447043,1.460827
150503080379419,81.872585,6.234878,7.420736,1.448779
150503090380121,81.882586,6.269013,7.393771,1.439307
150503100380958,81.892587,6.296756,7.370387,1.438141
150503110381639,81.902588,6.320077,7.349955,1.440404
150503120382499,81.912588,6.346533,7.327922,1.436339
150503130383183,81.922589,6.375815,7.306236,1.41702
150503140384030,81.932590,6.404235,7.288017,1.382236
150503150384717,81.942591,6.423944,7.278276,1.341517
150503160385559,81.952592,6.428017,7.281841,1.302068
150503170386265,81.962592,6.42495,7.291094,1.264911
150503180387107,81.972593,6.424705,7.297595,1.228098
150503190387797,81.982594,6.436144,7.293777,1.190313
150503200388717,81.992595,6.4619,7.276558,1.15568
150503210389327,82.002595,6.498289,7.248409,1.128176
150503220390170,82.012596,6.539538,7.213594,1.112906
150503230390862,82.022597,6.573184,7.183605,1.108626
150503240391712,82.032598,6.590879,7.16654,1.114018
150503250392384,82.042598,6.590034,7.16679,1.11739
150503260393227,82.052599,6.577982,7.178772,1.111491
150503270393910,82.062600,6.558793,7.198832,1.095034
150503280394852,82.072601,6.536611,7.22194,1.075295
150503290395472,82.082601,6.516447,7.242341,1.060351
150503300396304,82.092602,6.502682,7.2565,1.048044
150503310397011,82.102603,6.501524,7.259208,1.036364
150503320397857,82.112604,6.514405,7.248879,1.027755
150503330398532,82.122605,6.530356,7.235035,1.024071
150503340399463,82.132605,6.537459,7.22854,1.024624
150503350400059,82.142606,6.530071,7.234859,1.027116
150503360400914,82.152607,6.506284,7.256399,1.026119
150503370401622,82.162608,6.47153,7.288227,1.020311
150503380402549,82.172609,6.432999,7.323033,1.014736
150503390403379,82.182609,6.393497,7.357091,1.018028
150503400404071,82.192610,6.353829,7.389825,1.02925
150503410404679,82.202611,6.31237,7.422432,1.049531
150503420405520,82.212612,6.272111,7.452226,1.079304
150503430406217,82.222612,6.23734,7.476321,1.113648
150503440407069,82.232613,6.210726,7.493717,1.145018
150503450407762,82.242614,6.192134,7.506094,1.164485
150503460408680,82.252615,6.180011,7.515598,1.167581
150503470409529,82.262616,6.17126,7.523978,1.159867
150503480410160,82.272616,6.161996,7.533169,1.149419
150503490410839,82.282617,6.151557,7.542446,1.14447
150503500411685,82.292618,6.141025,7.550808,1.145882
150503510412606,82.302619,6.132026,7.557337,1.151053
150503520413237,82.312619,6.125344,7.562201,1.154672
150503530414144,82.322620,6.11859,7.567895,1.153165
150503540414842,82.332621,6.108458,7.577337,1.144867
150503550415454,82.342621,6.093678,7.591829,1.127483
150503560416276,82.352622,6.077554,7.607409,1.10935
150503570416964,82.362623,6.064165,7.620048,1.095772
150503580417887,82.372624,6.05815,7.625888,1.088437
150503590418745,82.382625,6.06034,7.624829,1.083633
150503600419452,82.392625,6.068027,7.619854,1.075585
150503610420302,82.402626,6.076926,7.614714,1.061639
150503620421005,82.412627,6.082027,7.612407,1.048897
150503630421851,82.422628,6.081981,7.613492,1.041264
150503640422543,82.432629,6.076999,7.617318,1.042369
150503650423151,82.442629,6.070596,7.621536,1.048845
150503660424055,82.452630,6.065666,7.624625,1.054877
150503670424656,82.462631,6.063948,7.625719,1.056865
150503680425516,82.472632,6.062036,7.627733,1.053271
150503690426442,82.482632,6.055318,7.633738,1.048399
150503700427135,82.492633,6.041629,7.644425,1.049513
150503710427981,82.502634,6.023644,7.656914,1.061778
150503720428687,82.512635,6.00623,7.668095,1.079594
150503730429305,82.522635,5.99416,7.675457,1.094267
150503740430228,82.532636,5.991429,7.676708,1.100415
150503750431069,82.542637,5.994975,7.674384,1.097325
150503760431761,82.552638,5.999859,7.671474,1.090959
150503770432377,82.562638,6.000723,7.671182,1.088247
150503780433300,82.572639,5.994192,7.675571,1.093285
150503790433915,82.582640,5.983633,7.682485,1.10252
150503800434838,82.592641,5.975721,7.687209,1.112472
150503810435440,82.602641,5.975901,7.685772,1.121392
150503820436377,82.612642,5.985699,7.677485,1.125887
150503830437235,82.622643,6.001346,7.665678,1.123053
150503840437932,82.632644,6.016133,7.655129,1.115869
150503850438778,82.642645,6.025955,7.648295,1.10969
150503860439396,82.652645,6.029748,7.645537,1.108111
150503870440088,82.662646,6.030007,7.644558,1.113441
150503880441001,82.672647,6.03104,7.642253,1.123621
150503890441846,82.682648,6.037188,7.635894,1.133776
150503900442538,82.692649,6.049271,7.62551,1.139245
150503910443155,82.702649,6.062217,7.615778,1.135541
150503920444078,82.712650,6.070389,7.611059,1.123453
150503930444694,82.722651,6.06859,7.614287,1.111226
150503940445555,82.732652,6.056568,7.624084,1.109641
150503950446476,82.742652,6.041184,7.634554,1.121453
150503960447163,82.752653,6.027504,7.642275,1.142275
150503970448015,82.762654,6.018355,7.646086,1.164792
150503980448692,82.772655,6.014247,7.646971,1.180101
150503990449300,82.782655,6.013142,7.647046,1.185248
150504000450208,82.792656,6.014424,7.646168,1.184412
150504010451053,82.802657,6.016219,7.644933,1.183248
150504020451731,82.812658,6.015327,7.645209,1.186009
150504030452348,82.822658,6.012489,7.646378,1.192846
150504040453266,82.832659,6.009004,7.648003,1.199964
150504050454111,82.842660,6.007723,7.648826,1.201139
150504060454728,82.852661,6.011011,7.647434,1.193526
150504070455420,82.862661,6.018145,7.643641,1.181806
150504080456343,82.872662,6.026987,7.637837,1.174266
150504090457188,82.882663,6.035268,7.631343,1.173947
150504100457805,82.892664,6.042505,7.624737,1.179634
150504110458497,82.902664,6.049362,7.618522,1.184619
150504120459348,82.912665,6.056652,7.612855,1.18381
150504130460269,82.922666,6.062032,7.60937,1.178665
150504140460886,82.932667,6.062474,7.609788,1.173673
150504150461573,82.942668,6.056787,7.61458,1.171969
150504160462511,82.952669,6.045684,7.623038,1.174293
150504170463127,82.962669,6.031718,7.633644,1.177227
150504180463987,82.972670,6.018736,7.64397,1.176651
150504190464659,82.982671,6.010479,7.651109,1.172456
150504200465520,82.992672,6.006771,7.654902,1.166691
150504210466427,83.002672,6.004497,7.657733,1.159804
150504220467054,83.012673,6.00043,7.661976,1.152799
150504230467746,83.022674,5.993646,7.668374,1.145527
150504240468689,83.032675,5.983753,7.677085,1.138881
150504250469302,83.042675,5.973383,7.686164,1.132058
150504260470135,83.052676,5.964221,7.69408,1.12658
150504270470827,83.062677,5.95607,7.700642,1.124879
150504280471672,83.072678,5.948484,7.706581,1.124345
150504290472381,83.082678,5.941771,7.712058,1.12228
150504300473222,83.092679,5.935655,7.717078,1.120134
150504310473926,83.102680,5.931194,7.720441,1.120585
150504320474768,83.112681,5.929594,7.72126,1.123419
150504330475460,83.122681,5.929569,7.720914,1.125937
150504340476308,83.132682,5.930768,7.719791,1.127322
150504350476986,83.142683,5.931578,7.718725,1.130344
150504360477819,83.152684,5.930314,7.71893,1.135552
150504370478531,83.162685,5.926568,7.721224,1.139511
150504380479382,83.172685,5.920971,7.725022,1.142865
150504390480101,83.182686,5.916483,7.72784,1.147041
150504400480942,83.192687,5.91442,7.7286,1.152556
150504410481633,83.202688,5.914476,7.727513,1.159527
150504420482463,83.212688,5.916878,7.72487,1.164865
150504430483171,83.222689,5.921596,7.720944,1.166943
150504440484005,83.232690,5.925823,7.718014,1.164857
150504450484622,83.242691,5.927793,7.716966,1.161756
150504460485538,83.252692,5.927027,7.717787,1.160224
150504470486217,83.262692,5.923513,7.720214,1.162009
150504480487077,83.272693,5.917194,7.72466,1.16466
150504490487750,83.282694,5.904853,7.73391,1.165916
150504500488601,83.292695,5.886093,7.748237,1.165647
150504510489209,83.302695,5.866729,7.762628,1.167501
150504520489920,83.312696,5.850635,7.774043,1.172312
150504530490857,83.322697,5.837458,7.78285,1.179553
150504540491701,83.332698,5.830945,7.786948,1.184684
150504550492394,83.342698,5.836994,7.78231,1.185391
150504560493007,83.352699,5.856067,7.768994,1.178645
150504570493915,83.362700,5.882672,7.750812,1.165787
150504580494759,83.372701,5.909592,7.732336,1.152249
150504590495387,83.382701,5.933466,7.715776,1.14051
150504600496097,83.392702,5.952559,7.702385,1.131521
150504610496925,83.402703,5.967194,7.691953,1.125358
150504620497859,83.412704,5.978407,7.683908,1.120812
150504630498477,83.422704,5.987672,7.67747,1.115453
150504640499169,83.432705,5.99619,7.672225,1.105743
150504650500015,83.442706,6.00367,7.668275,1.092477
150504660500680,83.452707,6.008603,7.666582,1.077134
150504670501531,83.462708,6.010025,7.66716,1.06501
150504680502228,83.472708,6.008758,7.669081,1.058322
150504690503158,83.482709,6.00772,7.670345,1.055043
150504700503762,83.492710,6.010073,7.668671,1.053787
150504710504608,83.502711,6.017065,7.663319,1.052836
150504720505294,83.512711,6.029719,7.653464,1.052138
150504730506138,83.522712,6.047572,7.639605,1.050382
150504740506819,83.532713,6.068624,7.623519,1.045821
150504750507677,83.542714,6.090285,7.607569,1.036013
150504760508356,83.552714,6.108107,7.595235,1.021472
150504770509191,83.562715,6.118144,7.589453,1.004233
150504780509871,83.572716,6.118552,7.590913,0.990639
150504790510725,83.582717,6.109965,7.598614,0.984574
150504800511417,83.592717,6.096608,7.609138,0.986103
150504810512034,83.602718,6.084355,7.618396,0.990273
150504820512958,83.612719,6.07882,7.622401,0.993453
150504830513789,83.622720,6.083606,7.619058,0.989801
150504840514479,83.632720,6.095907,7.61079,0.977629
150504850515325,83.642721,6.108434,7.603281,0.957675
150504860515943,83.652722,6.114818,7.601062,0.934273
150504870516635,83.662723,6.109926,7.607645,0.912457
150504880517558,83.672724,6.091081,7.624651,0.896337
150504890518412,83.682724,6.061419,7.649541,0.885287
150504900519025,83.692725,6.026314,7.678199,0.87679
150504910519717,83.702726,5.991906,7.706061,0.868141
150504920520578,83.712727,5.963323,7.729496,0.856544
150504930521251,83.722727,5.944722,7.745446,0.841626
150504940522110,83.732728,5.939677,7.751384,0.82236
150504950523018,83.742729,5.944665,7.749943,0.799586
150504960523622,83.752730,5.955009,7.744518,0.774801
150504970524315,83.762730,5.9656,7.739018,0.747786
150504980525165,83.772731,5.973713,7.73543,0.719642
150504990525843,83.782732,5.975789,7.736215,0.693498
150505000526692,83.792733,5.969296,7.743011,0.673268
150505010527396,83.802733,5.956173,7.754354,0.65879
150505020528025,83.812734,5.939559,7.768065,0.647166
150505030528948,83.822735,5.922462,7.782186,0.634071
150505040529792,83.832736,5.905775,7.796382,0.615052
150505050530471,83.842736,5.88684,7.812886,0.58648
150505060531084,83.852737,5.863518,7.832879,0.552386
150505070531930,83.862738,5.834076,7.85702,0.520334
150505080532855,83.872739,5.799633,7.884144,0.494513
150505090533538,83.882740,5.763582,7.911901,0.472176
150505100534140,83.892740,5.729416,7.937928,0.450611
150505110535054,83.902741,5.699419,7.960713,0.428595
150505120535670,83.912742,5.675865,7.978699,0.406087
150505130536593,83.922743,5.660304,7.990815,0.384483
150505140537222,83.932743,5.652771,7.997202,0.361781
150505150538153,83.942744,5.650998,7.999555,0.336662
150505160539013,83.952745,5.65332,7.999008,0.309548
150505170539645,83.962746,5.659116,7.995938,0.281833
150505180540342,83.972746,5.666804,7.991356,0.25596
150505190541203,83.982747,5.672251,7.988185,0.233349
150505200541889,83.992748,5.672724,7.988343,0.215837
150505210542742,84.002749,5.669031,7.991282,0.203752
150505220543419,84.012749,5.663122,7.995703,0.194394
150505230544265,84.022750,5.659429,7.998512,0.186062
150505240544961,84.032751,5.66059,7.997928,0.175732
150505250545583,84.042752,5.66494,7.995133,0.162099
150505260546501,84.052753,5.668036,7.993282,0.144301
150505270547132,84.062753,5.665045,7.995823,0.1187
150505280548065,84.072754,5.652693,8.005,0.084244
150505290548923,84.082755,5.632579,8.019468,0.046841
150505300549606,84.092756,5.608039,8.036768,0.015852
150505310550224,84.102756,5.582362,8.05464,-0.005708
150505320551137,84.112757,5.557969,8.071464,-0.019893
150505330552000,84.122758,5.534303,8.087669,-0.033485
150505340552663,84.132759,5.510144,8.104042,-0.053281
150505350553267,84.142759,5.48633,8.119961,-0.079852
150505360554108,84.152760,5.466137,8.133216,-0.110274
150505370554790,84.162761,5.454821,8.140283,-0.143885
150505380555654,84.172762,5.455957,8.138777,-0.181141
150505390556347,84.182762,5.472892,8.126455,-0.219502
150505400557190,84.192763,5.507625,8.101835,-0.257639
150505410557894,84.202764,5.559765,8.064974,-0.291929
150505420558750,84.212765,5.624328,8.018886,-0.323087
150505430559443,84.222765,5.695044,7.967514,-0.353848
150505440560279,84.232766,5.767104,7.913983,-0.386551
150505450560965,84.242767,5.837926,7.860228,-0.418804
150505460561811,84.252768,5.905103,7.80827,-0.447982
150505470562444,84.262768,5.966457,7.759815,-0.476144
150505480563141,84.272769,6.015024,7.720186,-0.508092
150505490563982,84.282770,6.04512,7.694645,-0.537556
150505500564689,84.292771,6.054113,7.686104,-0.558116
150505510565516,84.302772,6.04303,7.693822,-0.571717
150505520566217,84.312772,6.011583,7.717449,-0.584668
150505530567063,84.322773,5.957632,7.757765,-0.603073
150505540567756,84.332774,5.880228,7.814988,-0.623635
150505550568617,84.342775,5.783589,7.885877,-0.634876
150505560569309,84.352775,5.677562,7.963113,-0.627796
150505570570143,84.362776,5.571954,8.039419,-0.600906
150505580570838,84.372777,5.472589,8.110092,-0.563213
150505590571684,84.382778,5.378552,8.174956,-0.530371
150505600572374,84.392778,5.282719,8.238127,-0.515906
150505610573220,84.402779,5.17739,8.304113,-0.52568
150505620573843,84.412780,5.068615,8.369182,-0.553091
150505630574549,84.422781,4.97404,8.423713,-0.58306
150505640575463,84.432781,4.918508,8.455134,-0.599134
150505650576302,84.442782,4.926795,8.45065,-0.594278
150505660576915,84.452783,5.011571,8.40149,-0.58233
150505670577607,84.462784,5.164948,8.307999,-0.583509
150505680578462,84.472784,5.364882,8.1783,-0.611085
150505690579379,84.482785,5.595171,8.018491,-0.661693
150505700580004,84.492786,5.837646,7.838336,-0.722715
150505710580703,84.502787,6.072913,7.652042,-0.778433
150505720581578,84.512788,6.281913,7.477009,-0.819721
150505730582254,84.522788,6.445489,7.333154,-0.848863
150505740583095,84.532789,6.549314,7.23758,-0.874021
150505750583783,84.542790,6.59253,7.195432,-0.896815
150505760584400,84.552790,6.590062,7.195995,-0.910359
150505770585552,84.562792,6.561383,7.221534,-0.915245
150505780586165,84.572792,6.522774,7.256247,-0.916671
150505790586855,84.582793,6.483712,7.290774,-0.919857
150505800587452,84.592793,6.446617,7.322707,-0.926876
150505810588295,84.602794,6.407163,7.355789,-0.938447
150505820588994,84.612795,6.359225,7.395361,-0.95336
150505830589842,84.622796,6.299019,7.44486,-0.967717
150505840590515,84.632797,6.226646,7.503643,-0.981974
150505850591451,84.642797,6.141943,7.570869,-0.999223
150505860592297,84.652798,6.04386,7.646681,-1.019842
150505870592909,84.662799,5.932054,7.72987,-1.048741
150505880593521,84.672800,5.810611,7.816382,-1.086721
150505890594208,84.682800,5.683019,7.903375,-1.131338
150505900595121,84.692801,5.554095,7.987663,-1.178649
150505910595975,84.702802,5.428485,8.066641,-1.225096
150505920596597,84.712803,5.310655,8.137904,-1.269424
150505930597520,84.722804,5.204311,8.199324,-1.313874
150505940598203,84.732804,5.116087,8.248361,-1.352862
150505950599047,84.742805,5.066539,8.275347,-1.374347
150505960599670,84.752806,5.077943,8.268305,-1.374623
150505970600362,84.762806,5.149516,8.224185,-1.373057
150505980601220,84.772807,5.26333,8.149175,-1.388631
150505990602148,84.782808,5.391909,8.057192,-1.431416
150506000602764,84.792809,5.506066,7.968332,-1.492961
150506010603456,84.802809,5.584968,7.901663,-1.553018
150506020604318,84.812810,5.622774,7.867612,-1.589049
150506030604979,84.822811,5.62407,7.866332,-1.590802
150506040605845,84.832812,5.601459,7.888804,-1.558978
150506050606481,84.842812,5.572936,7.918931,-1.507635
150506060607402,84.852813,5.550956,7.944689,-1.452172
150506070608099,84.862814,5.542737,7.959361,-1.402374
150506080608946,84.872815,5.546767,7.962506,-1.368172
150506090609633,84.882816,5.5567,7.958749,-1.349592
150506100610443,84.892816,5.567168,7.952806,-1.341446
150506110611059,84.902817,5.571384,7.951035,-1.334453
150506120611761,84.912818,5.56607,7.957297,-1.319206
150506130612609,84.922819,5.55033,7.973226,-1.288996
150506140613301,84.932819,5.530385,7.994131,-1.244464
150506150614134,84.942820,5.514608,8.013353,-1.189657
150506160614826,84.952821,5.508013,8.026145,-1.13259
150506170615672,84.962822,5.515531,8.028835,-1.075531
150506180616361,84.972822,5.540274,8.01803,-1.027892
150506190617212,84.982823,5.585137,7.991252,-0.993042
150506200617904,84.992824,5.645266,7.951889,-0.968692
150506210618535,85.002825,5.711659,7.906291,-0.952612
150506220619363,85.012825,5.775548,7.861119,-0.941194
150506230620026,85.022826,5.828911,7.823304,-0.927213
150506240620870,85.032827,5.867602,7.797207,-0.902698
150506250621808,85.042828,5.893431,7.782062,-0.864315
150506260622471,85.052828,5.912236,7.773145,-0.814677
150506270623074,85.062829,5.929032,7.765641,-0.762463
150506280623935,85.072830,5.945885,7.757077,-0.717082
150506290624610,85.082831,5.959795,7.749305,-0.684946
150506300625228,85.092831,5.968778,7.743984,-0.666589
150506310626060,85.102832,5.973706,7.741308,-0.653427
150506320626985,85.112833,5.97692,7.740111,-0.638063
150506330627894,85.122834,5.983877,7.736452,-0.616908
150506340628512,85.132835,5.998671,7.72692,-0.592192
150506350629141,85.142835,6.014749,7.715903,-0.572424
150506360629833,85.152836,6.026005,7.707799,-0.563132
150506370630685,85.162837,6.026375,7.707587,-0.562043
150506380631377,85.172837,6.012922,7.718228,-0.560091
150506390632228,85.182838,5.98929,7.737435,-0.548188
150506400632920,85.192839,5.96248,7.759971,-0.521189
150506410633843,85.202840,5.941777,7.778177,-0.484999
150506420634697,85.212841,5.933808,7.786403,-0.449207
150506430635327,85.222841,5.939065,7.783885,-0.422656
150506440636000,85.232842,5.953972,7.773103,-0.411221
150506450636861,85.242843,5.973392,7.758225,-0.410568
150506460637558,85.252844,5.992481,7.743463,-0.41103
150506470638418,85.262844,6.007609,7.732084,-0.404354
150506480639064,85.272845,6.017418,7.725291,-0.387991
150506490639986,85.282846,6.022688,7.722357,-0.363918
150506500640692,85.292847,6.022494,7.723617,-0.339587
150506510641307,85.302847,6.014359,7.730675,-0.322665
150506520642242,85.312848,5.996457,7.744893,-0.314898
150506530642858,85.322849,5.966647,7.767903,-0.314346
150506540643699,85.332850,5.925219,7.799476,-0.31612
150506550644389,85.342850,5.881684,7.832443,-0.313986
150506560645236,85.352851,5.84524,7.859987,-0.306202
150506570645930,85.362852,5.821217,7.878127,-0.297492
150506580646834,85.372853,5.814145,7.883616,-0.290348
150506590647447,85.382853,5.821283,7.878382,-0.289403
150506600648274,85.392854,5.836332,7.866973,-0.296636
150506610648971,85.402855,5.852161,7.854685,-0.31
150506620649588,85.412856,5.864516,7.844911,-0.323743
150506630650434,85.422856,5.86788,7.842001,-0.333134
150506640651156,85.432857,5.860904,7.847103,-0.335825
150506650652074,85.442858,5.848886,7.856332,-0.329496
150506660652915,85.452859,5.840462,7.863024,-0.319192
150506670653530,85.462860,5.841182,7.862847,-0.310292
150506680654452,85.472860,5.854314,7.853304,-0.304412
150506690655058,85.482861,5.881973,7.832682,-0.302531
150506700655754,85.492862,5.924477,7.800572,-0.302662
150506710656602,85.502863,5.975959,7.761044,-0.306803
150506720657313,85.512863,6.029489,7.719238,-0.314097
150506730658159,85.522864,6.077309,7.681305,-0.322242
150506740658853,85.532865,6.113508,7.652284,-0.327932
150506750659473,85.542865,6.133219,7.636514,-0.327471
150506760660334,85.552866,6.134508,7.635918,-0.317157
150506770661019,85.562867,6.117095,7.65074,-0.295385
150506780661886,85.572868,6.085814,7.676772,-0.264663
150506790662560,85.582869,6.046225,7.709129,-0.229089
150506800663396,85.592869,6.004034,7.743035,-0.192147
150506810664317,85.602870,5.966927,7.772475,-0.156317
150506820664992,85.612871,5.94159,7.792407,-0.126072
150506830665608,85.622872,5.927987,7.803107,-0.102285
150506840666534,85.632873,5.923388,7.806827,-0.083417
150506850667149,85.642873,5.92723,7.804069,-0.066737
150506860667772,85.652874,5.939279,7.795046,-0.046773
150506870668618,85.662875,5.95959,7.77964,-0.02182
150506880669310,85.672875,5.985967,7.759391,0.002813
150506890670223,85.682876,6.012712,7.738658,0.021479
150506900671038,85.692877,6.033351,7.722544,0.032036
150506910671646,85.702878,6.039475,7.717731,0.036858
150506920672324,85.712878,6.026834,7.727586,0.041119
150506930673165,85.722879,6.003252,7.745856,0.051827
150506940673868,85.732880,5.982045,7.762097,0.070478
150506950674719,85.742881,5.973491,7.768463,0.091521
150506960675420,85.752881,5.984023,7.760146,0.107949
150506970676341,85.762882,6.009099,7.740692,0.11111
150506980677198,85.772883,6.036228,7.719741,0.097555
150506990677827,85.782884,6.050702,7.708704,0.070449
150507000678510,85.792885,6.043681,7.714415,0.04152
150507010679370,85.802885,6.012796,7.738586,0.02345
150507020680063,85.812886,5.96758,7.773508,0.024538
150507030680909,85.822887,5.922273,7.808005,0.04179
150507040681507,85.832888,5.887767,7.833901,0.064704
150507050682423,85.842888,5.872177,7.845446,0.080724
150507060683101,85.852889,5.875818,7.84273,0.079523
150507070683943,85.862890,5.890822,7.831652,0.058609
150507080684584,85.872891,5.906191,7.820248,0.024742
150507090685281,85.882891,5.915651,7.813127,-0.010534
150507100686140,85.892892,5.91472,7.813745,-0.038502
150507110686833,85.902893,5.902975,7.822518,-0.055393
150507120687677,85.912894,5.883034,7.837461,-0.063936
150507130688361,85.922894,5.860573,7.854241,-0.067725
150507140689281,85.932895,5.843639,7.866845,-0.068338
150507150689865,85.942896,5.838307,7.870816,-0.066897
150507160690488,85.952896,5.846498,7.864715,-0.068438
150507170691411,85.962897,5.866171,7.849982,-0.076271
150507180692026,85.972898,5.891402,7.830889,-0.092602
150507190692886,85.982899,5.916291,7.811856,-0.111384
150507200693793,85.992900,5.93836,7.794876,-0.125674
150507210694491,86.002900,5.955294,7.781829,-0.132818
150507220695339,86.012901,5.964093,7.775085,-0.13282
150507230695952,86.022902,5.9622,7.776592,-0.129554
150507240696654,86.032903,5.948386,7.787224,-0.125748
150507250697515,86.042904,5.921626,7.807633,-0.123273
150507260698226,86.052904,5.88256,7.837086,-0.124529
150507270699057,86.062905,5.835273,7.872306,-0.128236
150507280699752,86.072906,5.78454,7.909599,-0.131828
150507290700592,86.082907,5.734538,7.945916,-0.132379
150507300701270,86.092907,5.691671,7.976768,-0.126697
150507310701872,86.102908,5.664372,7.996338,-0.115762
150507320702795,86.112909,5.658191,8.00089,-0.10322
150507330703663,86.122910,5.672809,7.990629,-0.095361
150507340704280,86.132910,5.696269,7.973855,-0.10086
150507350704973,86.142911,5.716609,7.959045,-0.118064
150507360705819,86.152912,5.725657,7.952212,-0.138489
150507370706754,86.162913,5.717139,7.958044,-0.154427
150507380707462,86.172913,5.692904,7.9753,-0.159459
150507390708057,86.182914,5.663764,7.996172,-0.15169
150507400708896,86.192915,5.642387,8.011564,-0.135266
150507410709586,86.202916,5.636386,8.016055,-0.118407
150507420710408,86.212916,5.653029,8.004491,-0.106833
150507430711016,86.222917,5.693997,7.975462,-0.101935
150507440711679,86.232918,5.750775,7.934603,-0.103097
150507450712836,86.242919,5.812921,7.889096,-0.10979
150507460713453,86.252919,5.871187,7.845723,-0.117641
150507470714059,86.262920,5.91356,7.813759,-0.122324
150507480714767,86.272921,5.930168,7.801141,-0.123863
150507490715627,86.282922,5.916591,7.811466,-0.122334
150507500716334,86.292922,5.872985,7.844375,-0.117749
150507510717169,86.302923,5.808116,7.892666,-0.10797
150507520717846,86.312924,5.733537,7.947181,-0.094062
150507530718771,86.322925,5.6585,8.000965,-0.077311
150507540719615,86.332926,5.594183,8.046222,-0.058539
150507550720212,86.342926,5.552603,8.075099,-0.036567
150507560720904,86.352927,5.537083,8.085816,-0.017174
150507570721760,86.362928,5.544917,8.08046,-0.007399
150507580722467,86.372928,5.566856,8.06536,-0.009104
150507590723069,86.382929,5.594545,8.046166,-0.01722
150507600724021,86.392930,5.621559,8.027295,-0.024285
150507610724880,86.402931,5.643627,8.011791,-0.025383
150507620725575,86.412932,5.659135,8.000857,-0.021239
150507630726188,86.422932,5.669392,7.993611,-0.012891
150507640727019,86.432933,5.678777,7.986957,-0.003054
150507650727724,86.442934,5.696568,7.974271,0.009171
150507660728564,86.452935,5.729486,7.950634,0.020043
150507670729254,86.462935,5.776155,7.916777,0.02561
150507680730090,86.472936,5.832002,7.875736,0.024306
150507690731008,86.482937,5.887101,7.83465,0.018084
150507700731713,86.492938,5.930952,7.801521,0.010378
150507710732326,86.502938,5.954651,7.783451,0.004344
150507720732948,86.512939,5.953583,7.784264,0.005064
150507730733872,86.522940,5.930147,7.802127,0.014451
150507740734492,86.532940,5.892198,7.830778,0.029942
150507750735338,86.542941,5.84842,7.863443,0.047431
150507760736259,86.552942,5.807338,7.893725,0.062558
150507770736967,86.562943,5.776176,7.916461,0.073467
150507780737800,86.572944,5.757159,7.930264,0.077575
150507790738395,86.582944,5.748947,7.936244,0.075056
150507800739117,86.592945,5.746888,7.937801,0.067617
150507810739961,86.602946,5.747754,7.937256,0.057906
150507820740653,86.612947,5.750141,7.93558,0.049592
150507830741491,86.622947,5.753759,7.932986,0.044498
150507840742107,86.632948,5.757686,7.930146,0.042435
150507850743014,86.642949,5.761175,7.92762,0.041306
150507860743708,86.652950,5.763193,7.926163,0.038778
150507870744328,86.662950,5.762005,7.927053,0.033516
150507880745194,86.672951,5.75854,7.929593,0.027358
150507890745886,86.682952,5.753908,7.932972,0.022454
150507900746717,86.692953,5.750074,7.935756,0.020008
150507910747380,86.702953,5.749362,7.936271,0.020594
150507920748228,86.712954,5.750741,7.935268,0.02194
150507930749148,86.722955,5.749435,7.936214,0.023018
150507940749812,86.732956,5.743223,7.940714,0.020968
150507950750439,86.742956,5.73328,7.947902,0.0187
150507960751283,86.752957,5.721902,7.956089,0.021093
150507970751966,86.762958,5.713243,7.962282,0.029718
150507980752597,86.772959,5.712065,7.963073,0.04232
150507990753516,86.782960,5.719912,7.957375,0.0533
150508000754142,86.792960,5.735652,7.945993,0.058883
150508010755294,86.802961,5.754599,7.932296,0.057329
150508020755906,86.812962,5.771024,7.920412,0.048914
150508030756592,86.822963,5.779029,7.914628,0.038541
150508040757209,86.832963,5.775477,7.917243,0.033044
150508050758040,86.842964,5.760457,7.928175,0.033768
150508060758721,86.852965,5.738958,7.943722,0.04054
150508070759577,86.862966,5.717187,7.959339,0.051235
150508080760305,86.872966,5.703309,7.969203,0.063647
150508090761226,86.882967,5.70102,7.970771,0.071713
150508100762072,86.892968,5.706345,7.966965,0.071305
150508110762673,86.902969,5.713489,7.961909,0.06366
150508120763305,86.912969,5.715553,7.960526,0.04963
150508130764216,86.922970,5.708719,7.965512,0.034091
150508140764849,86.932971,5.694589,7.975657,0.02341
150508150765765,86.942972,5.679826,7.986178,0.023008
150508160766387,86.952972,5.674272,7.990086,0.034336
150508170767321,86.962973,5.686656,7.981178,0.052327
150508180768016,86.972974,5.720932,7.95653,0.067429
150508190768643,86.982975,5.769627,7.921266,0.070424
150508200769511,86.992976,5.821251,7.883512,0.057038
150508210770198,87.002976,5.867405,7.849359,0.033167
150508220771030,87.012977,5.899817,7.82509,0.01165
150508230771725,87.022978,5.916967,7.812137,0.004895
150508240772576,87.032979,5.923928,7.80684,0.017411
150508250773263,87.042979,5.9273,7.804188,0.041918
150508260774112,87.052980,5.930952,7.801245,0.066047
150508270774788,87.062981,5.936774,7.796668,0.081823
150508280775643,87.072982,5.943904,7.791174,0.087324
150508290776350,87.082982,5.951421,7.785396,0.090401
150508300776982,87.092983,5.959165,7.77937,0.09867
150508310777905,87.102984,5.96823,7.772194,0.114961
150508320778525,87.112985,5.979164,7.763429,0.136987
150508330779448,87.122985,5.993503,7.751923,0.15987
150508340780276,87.132986,6.010023,7.738729,0.177971
150508350780896,87.142987,6.027216,7.725048,0.190517
150508360781564,87.152988,6.040694,7.714394,0.195223
150508370782411,87.162988,6.045674,7.710498,0.195022
150508380783106,87.172989,6.040812,7.71433,0.194161
150508390783737,87.182990,6.030656,7.722192,0.197328
150508400784660,87.192991,6.024898,7.726399,0.208313
150508410785602,87.202992,6.031155,7.721025,0.225693
150508420786219,87.212992,6.054252,7.702378,0.243781
150508430787058,87.222993,6.090325,7.673571,0.253454
150508440787750,87.232994,6.12868,7.643172,0.247509
150508450788602,87.242995,6.16023,7.61831,0.22996
150508460789223,87.252995,6.177477,7.604919,0.209656
150508470789915,87.262996,6.177579,7.605188,0.19646
150508480790762,87.272997,6.163621,7.616467,0.19803
150508490791674,87.282998,6.14444,7.631521,0.213939
150508500792366,87.292998,6.129251,7.643139,0.23392
150508510792978,87.302999,6.121328,7.649098,0.246235
150508520793837,87.313000,6.119499,7.65068,0.242467
150508530794523,87.323001,6.118927,7.651753,0.222203
150508540795381,87.333001,6.112357,7.657713,0.196373
150508550796057,87.343002,6.09686,7.670549,0.176103
150508560796906,87.353003,6.072486,7.690081,0.166044
150508570797822,87.363004,6.041615,7.714369,0.165511
150508580798515,87.373005,6.007832,7.740602,0.170383
150508590799018,87.383005,5.975458,7.765559,0.173201
150508600799708,87.393006,5.947532,7.787024,0.170545
150508610800559,87.403007,5.926351,7.803329,0.162542
150508620801265,87.413007,5.911443,7.814838,0.151982
150508630802101,87.423008,5.902921,7.821448,0.143045
150508640802790,87.433009,5.902367,7.82197,0.137127
150508650803718,87.443010,5.91216,7.814599,0.135654
150508660804559,87.453011,5.933317,7.798504,0.13804
150508670805161,87.463011,5.962945,7.775843,0.140019
150508680805837,87.473012,5.996949,7.749705,0.136574
150508690806685,87.483013,6.028504,7.725354,0.12642
150508700807387,87.493013,6.053251,7.706193,0.112772
150508710808232,87.503014,6.064805,7.697296,0.098947
150508720808924,87.513015,6.060442,7.700822,0.091503
150508730809789,87.523016,6.044127,7.71359,0.094991
150508740810483,87.533016,6.023636,7.72943,0.108171
150508750811089,87.543017,6.007117,7.741969,0.128149
150508760812022,87.553018,5.99937,7.74767,0.14555
150508770812856,87.563019,6.002372,7.745153,0.155522
150508780813478,87.573019,6.013561,7.736458,0.156034
150508790814171,87.583020,6.027808,7.725509,0.148516
150508800815026,87.593021,6.0366,7.718823,0.138694
150508810815716,87.603022,6.036091,7.719352,0.131223
150508820816641,87.613023,6.025498,7.727631,0.130786
150508830817238,87.623023,6.009301,7.740092,0.13881
150508840818093,87.633024,5.994752,7.75109,0.153531
150508850818793,87.643025,5.988183,7.755876,0.167602
150508860819640,87.653026,5.99234,7.752509,0.174477
150508870820252,87.663026,6.007019,7.741206,0.171562
150508880820939,87.673027,6.030048,7.723447,0.163842
150508890821867,87.683028,6.059447,7.700546,0.15722
150508900822705,87.693029,6.09281,7.674215,0.155288
150508910823380,87.703029,6.127574,7.646454,0.156729
150508920824026,87.713030,6.162014,7.618681,0.158851
150508930824882,87.723031,6.194595,7.592208,0.159084
150508940825589,87.733032,6.223874,7.568263,0.15734
150508950826425,87.743032,6.248507,7.547987,0.155129
150508960827113,87.753033,6.265708,7.533748,0.15346
150508970827968,87.763034,6.276395,7.524824,0.154527
150508980828890,87.773035,6.285138,7.517416,0.159806
150508990829500,87.783036,6.29526,7.508741,0.168861
150509000830211,87.793036,6.311229,7.495118,0.177729
150509010831058,87.803037,6.333823,7.475894,0.183666
150509020831774,87.813038,6.360584,7.453099,0.18499
150509030832634,87.823039,6.387692,7.429959,0.181886
150509040833331,87.833039,6.410372,7.410523,0.176913
150509050833949,87.843040,6.425556,7.397473,0.172119
150509060834867,87.853041,6.432072,7.391859,0.169891
150509070835688,87.863042,6.430951,7.392803,0.171234
150509080836318,87.873042,6.42417,7.398639,0.173846
150509090836981,87.883043,6.416999,7.404808,0.175843
150509100837829,87.893044,6.414556,7.406908,0.176547
150509110838516,87.903045,6.420481,7.401807,0.175209
150509120839365,87.913045,6.436891,7.387577,0.173637
150509130840058,87.923046,6.463507,7.364301,0.173452
150509140840978,87.933047,6.49917,7.332879,0.172368
150509150841584,87.943048,6.535149,7.300966,0.166518
150509160842434,87.953048,6.563946,7.275365,0.153881
150509170843120,87.963049,6.582637,7.258766,0.138588
150509180843962,87.973050,6.584794,7.257083,0.123484
150509190844641,87.983051,6.564222,7.27593,0.109009
150509200845485,87.993051,6.519676,7.31606,0.095443
150509210846178,88.003052,6.456996,7.371574,0.084245
150509220847011,88.013053,6.383687,7.435223,0.077423
150509230847630,88.023054,6.305248,7.501916,0.071373
150509240848567,88.033055,6.228615,7.565741,0.06275
150509250849184,88.043055,6.161421,7.620654,0.05014
150509260849885,88.053056,6.109322,7.662574,0.03348
150509270850736,88.063057,6.074513,7.690257,0.016866
150509280851434,88.073057,6.053473,7.706843,5.01E-4
150509290852273,88.083058,6.04298,7.715058,-0.016017
150509300853196,88.093059,6.03876,7.718309,-0.03342
150509310853813,88.103060,6.037988,7.71881,-0.051228
150509320854427,88.113060,6.040514,7.716738,-0.064521
150509330855350,88.123061,6.047515,7.711197,-0.070668
150509340856047,88.133062,6.062072,7.69978,-0.068499
150509350856888,88.143063,6.083219,7.683121,-0.063653
150509360857596,88.153064,6.107094,7.664166,-0.063328
150509370858213,88.163064,6.131335,7.644737,-0.068675
150509380859355,88.173065,6.150039,7.629582,-0.080507
150509390859757,88.183066,6.15615,7.62448,-0.095295
150509400860685,88.193067,6.143953,7.634154,-0.107571
150509410861314,88.203067,6.112279,7.659449,-0.113612
150509420862156,88.213068,6.066675,7.695642,-0.112048
150509430863081,88.223069,6.014638,7.736511,-0.102654
150509440863690,88.233070,5.962324,7.777092,-0.086744
150509450864380,88.243070,5.915512,7.812968,-0.065485
150509460865286,88.253071,5.88044,7.839563,-0.040468
150509470865892,88.263072,5.861035,7.854176,-0.014294
150509480866746,88.273073,5.858676,7.855944,0.008495
150509490867438,88.283073,5.873549,7.844794,0.024522
150509500868046,88.293074,5.901817,7.823513,0.033802
150509510868959,88.303075,5.938736,7.795515,0.036551
150509520869808,88.313076,5.978766,7.764868,0.033657
150509530870485,88.323076,6.01599,7.736082,0.029398
150509540871333,88.333077,6.046557,7.712227,0.025994
150509550871930,88.343078,6.072473,7.691819,0.030604
150509560872861,88.353079,6.094946,7.673965,0.043089
150509570873487,88.363079,6.115512,7.657456,0.062284
150509580874173,88.373080,6.133484,7.642882,0.082268
150509590875017,88.383081,6.148678,7.63048,0.097642
150509600875709,88.393082,6.159025,7.622002,0.107205
150509610876553,88.403083,6.160743,7.620579,0.109562
150509620877476,88.413083,6.148263,7.63069,0.10672
150509630878113,88.423084,6.121566,7.652153,0.104555
150509640878805,88.433085,6.085904,7.680497,0.108576
150509650879649,88.443086,6.049764,7.70879,0.122122
150509660880356,88.453086,6.020052,7.73165,0.143492
150509670881202,88.463087,6.00327,7.744188,0.168308
150509680881843,88.473088,6.002824,7.744081,0.187878
150509690882769,88.483089,6.013827,7.735365,0.194995
150509700883464,88.493089,6.025185,7.726715,0.187105
150509710884324,88.503090,6.027033,7.725727,0.167298
150509720885034,88.513091,6.013689,7.736587,0.144245
150509730885651,88.523092,5.982896,7.760712,0.127438
150509740886487,88.533092,5.936623,7.796261,0.121908
150509750887174,88.543093,5.8784,7.84017,0.127095
150509760888025,88.553094,5.814265,7.887641,0.13941
150509770888718,88.563095,5.753387,7.931851,0.155679
150509780889641,88.573096,5.704018,7.967022,0.17537
150509790890246,88.583096,5.673658,7.988197,0.195779
150509800891095,88.593097,5.668081,7.991663,0.214928
150509810891774,88.603098,5.687443,7.9775,0.229059
150509820892405,88.613098,5.72499,7.950414,0.235291
150509830893233,88.623099,5.770402,7.917588,0.232917
150509840894156,88.633100,5.816107,7.884313,0.224736
150509850894818,88.643101,5.854297,7.856308,0.213642
150509860895661,88.653102,5.876082,7.840311,0.202927
150509870896276,88.663102,5.879601,7.837826,0.196931
150509880897168,88.673103,5.86853,7.845977,0.202386
150509890897861,88.683104,5.851849,7.857895,0.222041
150509900898478,88.693104,5.839237,7.866363,0.252235
150509910899339,88.703105,5.834478,7.868894,0.281753
150509920900036,88.713106,5.833843,7.868739,0.298638
150509930900959,88.723107,5.832709,7.869676,0.29618
150509940901579,88.733108,5.826387,7.87499,0.278807
150509950902447,88.743108,5.811491,7.886669,0.258944
150509960903135,88.753109,5.790236,7.902594,0.249329
150509970903981,88.763110,5.765447,7.92063,0.251378
150509980904688,88.773111,5.741192,7.937793,0.264862
150509990905529,88.783112,5.722549,7.950633,0.282469
150510000906226,88.793112,5.715933,7.954956,0.294652
150510010906858,88.803113,5.723878,7.949203,0.29566
150510020907795,88.813114,5.74368,7.935303,0.284701
150510030908629,88.823115,5.771602,7.915677,0.265826
150510040909538,88.833116,5.800246,7.895385,0.245188
150510050910164,88.843116,5.826008,7.876876,0.229068
150510060910848,88.853117,5.848419,7.860509,0.220006
150510070911464,88.863117,5.867774,7.846102,0.218865
150510080912294,88.873118,5.884907,7.833131,0.223401
150510090912986,88.883119,5.898582,7.822662,0.229592
150510100913834,88.893120,5.907476,7.815905,0.230993
150510110914522,88.903121,5.912495,7.81217,0.228932
150510120915353,88.913121,5.917497,7.808403,0.228173
150510130916260,88.923122,5.925825,7.801933,0.233301
150510140916882,88.933123,5.937402,7.792808,0.243752
150510150917575,88.943124,5.950235,7.782604,0.25638
150510160918430,88.953124,5.962013,7.773153,0.2692
150510170919137,88.963125,5.969931,7.766738,0.278775
150510180919968,88.973126,5.972523,7.764453,0.286724
150510190920584,88.983127,5.969731,7.7663,0.294813
150510200921596,88.993128,5.962867,7.771169,0.305216
150510210922136,89.003128,5.954164,7.777346,0.317448
150510220923057,89.013129,5.945266,7.783759,0.327022
150510230923666,89.023130,5.938074,7.789057,0.331523
150510240924367,89.033130,5.933839,7.792312,0.330855
150510250925276,89.043131,5.932274,7.793711,0.3259
150510260926105,89.053132,5.931934,7.794312,0.317649
150510270926812,89.063133,5.931342,7.795104,0.309092
150510280927429,89.073133,5.928283,7.797755,0.300698
150510290928289,89.083134,5.918989,7.805214,0.290164
150510300928982,89.093135,5.900141,7.820063,0.27376
150510310929905,89.103136,5.871234,7.842524,0.251903
150510320930518,89.113137,5.837436,7.868355,0.231075
150510330931361,89.123137,5.807427,7.890973,0.215277
150510340932045,89.133138,5.78615,7.906798,0.207439
150510350932891,89.143139,5.780412,7.910952,0.208945
150510360933812,89.153140,5.796147,7.899217,0.216981
150510370934427,89.163140,5.827192,7.876264,0.219833
150510380935120,89.173141,5.862578,7.850254,0.209017
150510390935977,89.183142,5.892723,7.828299,0.183255
150510400936687,89.193143,5.910516,7.815562,0.15082
150510410937518,89.203144,5.915472,7.812311,0.122336
150510420938136,89.213144,5.913357,7.814126,0.107816
150510430938828,89.223145,5.911243,7.815689,0.110214
150510440939660,89.233146,5.910062,7.816421,0.121157
150510450940571,89.243147,5.910189,7.816181,0.130457
150510460941189,89.253147,5.911082,7.815534,0.128581
150510470942105,89.263148,5.915197,7.812577,0.118616
150510480942722,89.273149,5.924542,7.805635,0.10886
150510490943415,89.283149,5.939699,7.794132,0.107175
150510500944266,89.293150,5.958688,7.779515,0.114764
150510510944956,89.303151,5.977189,7.765133,0.125974
150510520945876,89.313152,5.992392,7.753251,0.13538
150510530946482,89.323152,6.000742,7.746651,0.143123
150510540947328,89.333153,6.00089,7.746422,0.149158
150510550948020,89.343154,5.994989,7.750895,0.154126
150510560948860,89.353155,5.982184,7.760714,0.157539
150510570949562,89.363156,5.963646,7.774944,0.158649
150510580950194,89.373156,5.941003,7.792284,0.157602
150510590951131,89.383157,5.915215,7.811984,0.152154
150510600952000,89.393158,5.888394,7.832405,0.14228
150510610952618,89.403159,5.864415,7.850563,0.131542
150510620953295,89.413159,5.849765,7.861618,0.123266
150510630954156,89.423160,5.846629,7.864079,0.114965
150510640955077,89.433161,5.848912,7.86254,0.103026
150510650955760,89.443162,5.84884,7.862818,0.08469
150510660956606,89.453163,5.837245,7.871658,0.059782
150510670957204,89.463163,5.812105,7.8904,0.032538
150510680958115,89.473164,5.77648,7.916575,0.008049
150510690958731,89.483165,5.738277,7.944314,-0.008415
150510700959435,89.493165,5.705585,7.967813,-0.015415
150510710960279,89.503166,5.683159,7.983819,-0.019031
150510720960964,89.513167,5.67285,7.991122,-0.026257
150510730961820,89.523168,5.672395,7.991379,-0.041622
150510740962497,89.533168,5.678435,7.986932,-0.065532
150510750963343,89.543169,5.685653,7.981513,-0.093469
150510760964030,89.553170,5.691467,7.977028,-0.1194
150510770964890,89.563171,5.694792,7.974304,-0.140694
150510780965574,89.573172,5.69773,7.971957,-0.154225
150510790966418,89.583172,5.705906,7.965973,-0.161122
150510800967111,89.593173,5.722953,7.953632,-0.166116
150510810967943,89.603174,5.752236,7.932343,-0.172559
150510820968565,89.613175,5.794475,7.901318,-0.182358
150510830969248,89.623175,5.849977,7.860021,-0.194579
150510840970171,89.633176,5.920247,7.806905,-0.207009
150510850970791,89.643177,6.00074,7.744903,-0.218176
150510860971713,89.653178,6.086275,7.677614,-0.226839
150510870972329,89.663178,6.173707,7.607289,-0.233375
150510880973252,89.673179,6.257539,7.538335,-0.238074
150510890974106,89.683180,6.331487,7.476207,-0.242083
150510900974742,89.693181,6.389977,7.426119,-0.246749
150510910975435,89.703181,6.429957,7.391402,-0.250666
150510920976276,89.713182,6.452175,7.372052,-0.249559
150510930976973,89.723183,6.461208,7.364402,-0.241673
150510940977798,89.733184,6.458813,7.366818,-0.231793
150510950978491,89.743184,6.443417,7.380512,-0.224474
150510960979351,89.753185,6.412311,7.407618,-0.222364
150510970980045,89.763186,6.365622,7.4477,-0.224933
150510980980899,89.773187,6.309325,7.495358,-0.228069
150510990981601,89.783188,6.250485,7.544439,-0.229973
150511000982529,89.793189,6.19931,7.586635,-0.226991
150511010983144,89.803189,6.166962,7.61324,-0.217027
150511020983997,89.813190,6.159067,7.62001,-0.203341
150511030984690,89.823191,6.174909,7.60752,-0.190168
150511040985534,89.833192,6.207851,7.580764,-0.186013
150511050986226,89.843192,6.248434,7.547178,-0.192908
150511060987062,89.853193,6.290094,7.512117,-0.206869
150511070987671,89.863194,6.327675,7.48004,-0.222582
150511080988587,89.873195,6.357138,7.454582,-0.236581
150511090989284,89.883195,6.375522,7.438526,-0.247083
150511100990115,89.893196,6.379211,7.435115,-0.254438
150511110990738,89.903197,6.370087,7.44291,-0.255122
150511120991430,89.913197,6.355986,7.45524,-0.246708
150511130992353,89.923198,6.342638,7.466987,-0.234625
150511140992969,89.933199,6.32801,7.479609,-0.227479
150511150993815,89.943200,6.306545,7.497513,-0.234116
150511160994736,89.953201,6.275678,7.522755,-0.252877
150511170995353,89.963201,6.238434,7.553002,-0.272301
150511180996051,89.973202,6.200951,7.583478,-0.281127
150511190996911,89.983203,6.170215,7.608801,-0.273151
150511200997601,89.993204,6.153138,7.623546,-0.245831
150511210998449,90.003204,6.15645,7.621993,-0.208234
150511220999140,90.013205,6.178773,7.604724,-0.175877
150511231000000,90.023206,6.215948,7.574762,-0.158094
150511241000692,90.033207,6.263835,7.535269,-0.155287
150511251001529,90.043208,6.316829,7.490687,-0.165054
150511261002226,90.053208,6.364245,7.450013,-0.183516
150511271003089,90.063209,6.395486,7.422619,-0.206044
150511281003764,90.073210,6.404348,7.414387,-0.226291
150511291004610,90.083211,6.392648,7.424142,-0.237024
150511301005303,90.093211,6.371342,7.442533,-0.233909
150511311006149,90.103212,6.351978,7.459513,-0.219161
150511321006836,90.113213,6.337172,7.472608,-0.200892
150511331007687,90.123214,6.324277,7.4838,-0.190371
150511341008380,90.133214,6.310456,7.495414,-0.19205
150511351008997,90.143215,6.298164,7.505463,-0.20286
150511361009843,90.153216,6.292321,7.510062,-0.213638
150511371010536,90.163217,6.296895,7.506148,-0.216507
150511381011377,90.173217,6.31289,7.49289,-0.20989
150511391012298,90.183218,6.339122,7.471022,-0.198362
150511401012896,90.193219,6.370054,7.444889,-0.189819
150511411013589,90.203220,6.40159,7.417799,-0.189422
150511421014449,90.213220,6.433336,7.39017,-0.193803
150511431015137,90.223221,6.46262,7.364378,-0.201198
150511441015983,90.233222,6.4862,7.343392,-0.209286
150511451016674,90.243223,6.496514,7.334004,-0.218371
150511461017520,90.253224,6.488085,7.341183,-0.227518
150511471018212,90.263224,6.461776,7.364123,-0.234797
150511481019125,90.273225,6.425539,7.395769,-0.234562
150511491019762,90.283226,6.391293,7.425797,-0.221212
150511501020608,90.293227,6.368925,7.445724,-0.194999
150511511021298,90.303227,6.366197,7.44886,-0.161505
150511521022130,90.313228,6.381763,7.436084,-0.133101
150511531022820,90.323229,6.406534,7.414976,-0.120274
150511541023669,90.333230,6.431991,7.392907,-0.120193
150511551024365,90.343230,6.453297,7.374239,-0.124658
150511561024993,90.353231,6.466865,7.362325,-0.125781
150511571025921,90.363232,6.468582,7.360893,-0.121349
150511581026536,90.373233,6.456048,7.372049,-0.110927
150511591027459,90.383233,6.428791,7.395949,-0.102885
150511601028293,90.393234,6.38898,7.430405,-0.100189
150511611028916,90.403235,6.342184,7.470355,-0.102363
150511621029832,90.413236,6.293759,7.511158,-0.105654
150511631030538,90.423237,6.250714,7.546994,-0.107173
150511641031399,90.433237,6.220762,7.571744,-0.103902
150511651032087,90.443238,6.211098,7.579771,-0.096507
150511661032918,90.453239,6.225075,7.568372,-0.090555
150511671033535,90.463240,6.254238,7.544239,-0.094534
150511681034214,90.473240,6.286543,7.517095,-0.112273
150511691035089,90.483241,6.312697,7.494676,-0.140295
150511701035786,90.493242,6.324471,7.484091,-0.171476
150511711036627,90.503243,6.315672,7.490855,-0.198465
150511721037325,90.513243,6.286973,7.514534,-0.214049
150511731038146,90.523244,6.247347,7.547427,-0.216761
150511741038836,90.533245,6.211498,7.57718,-0.208768
150511751039761,90.543246,6.190418,7.594793,-0.194538
150511761040382,90.553246,6.193136,7.592891,-0.181692
150511771041233,90.563247,6.216943,7.573466,-0.179639
150511781041934,90.573248,6.248234,7.547284,-0.195095
150511791042788,90.583249,6.271562,7.527032,-0.226577
150511801043478,90.593249,6.275024,7.522894,-0.264788
150511811044308,90.603250,6.251603,7.541078,-0.299317
150511821045009,90.613251,6.207644,7.576574,-0.317346
150511831045857,90.623252,6.160312,7.615348,-0.311448
150511841046550,90.633253,6.1219,7.647403,-0.282039
150511851047394,90.643253,6.102475,7.664296,-0.2416
150511861048077,90.653254,6.104472,7.663612,-0.210871
150511871048927,90.663255,6.11886,7.652318,-0.203916
150511881049622,90.673256,6.133951,7.639684,-0.223289
150511891050466,90.683256,6.142817,7.631394,-0.259977
150511901051139,90.693257,6.138788,7.633304,-0.296583
150511911052000,90.703258,6.125126,7.643555,-0.314435
150511921052678,90.713259,6.110332,7.655871,-0.302456
150511931053290,90.723259,6.103103,7.663121,-0.262194
150511941054141,90.733260,6.110445,7.658861,-0.210465
150511951055044,90.743261,6.131562,7.642991,-0.169229
150511961055746,90.753262,6.157175,7.622724,-0.152419
150511971056596,90.763263,6.178697,7.605064,-0.163361
150511981057198,90.773263,6.183423,7.600427,-0.196916
150511991057891,90.783264,6.165073,7.614241,-0.234898
150512001058742,90.793265,6.130901,7.64112,-0.255587
150512011059648,90.803266,6.09525,7.669863,-0.247278
150512021060265,90.813266,6.072174,7.689293,-0.208554
150512031061216,90.823267,6.07468,7.688663,-0.150733
150512041061828,90.833268,6.098802,7.670348,-0.102011
150512051062515,90.843269,6.128968,7.646517,-0.080571
150512061063361,90.853269,6.153657,7.62656,-0.089883
150512071064069,90.863270,6.161845,7.619519,-0.121006
150512081064929,90.873271,6.146947,7.630877,-0.157283
150512091065621,90.883272,6.108301,7.661262,-0.183562
150512101066477,90.893272,6.055309,7.703036,-0.191075
150512111067168,90.903273,5.999729,7.746644,-0.180987
150512121068016,90.913274,5.956852,7.780219,-0.15532
150512131068711,90.923275,5.941162,7.792801,-0.121898
150512141069544,90.933276,5.955017,7.782594,-0.094596
150512151070237,90.943276,5.983059,7.761146,-0.08731
150512161071098,90.953277,6.009934,7.740132,-0.105145
150512171071788,90.963278,6.026616,7.726612,-0.139073
150512181072649,90.973279,6.028613,7.724446,-0.169624
150512191073341,90.983279,6.018445,7.732072,-0.182671
150512201074163,90.993280,6.002463,7.744641,-0.17605
150512211074841,91.003281,5.981474,7.761262,-0.15732
150512221075688,91.013282,5.959904,7.778218,-0.13729
150512231076378,91.023282,5.943601,7.790912,-0.12341
150512241077222,91.033283,5.93717,7.795931,-0.116026
150512251077918,91.043284,5.942334,7.79206,-0.111385
150512261078751,91.053285,5.957451,7.780594,-0.10554
150512271079448,91.063285,5.975597,7.766734,-0.100581
150512281080296,91.073286,5.98521,7.759286,-0.103558
150512291080986,91.083287,5.978168,7.764559,-0.114541
150512301081838,91.093288,5.956215,7.781257,-0.124619
150512311082529,91.103289,5.927002,7.803522,-0.12521
150512321083371,91.113289,5.898084,7.82557,-0.11429
150512331083987,91.123290,5.87033,7.846627,-0.098189
150512341084924,91.133291,5.840345,7.869096,-0.087659
150512351085616,91.143292,5.807363,7.893461,-0.088245
150512361086228,91.153292,5.77202,7.919214,-0.099108
150512371087151,91.163293,5.738406,7.943413,-0.113542
150512381087767,91.173294,5.713835,7.960983,-0.121832
150512391088700,91.183295,5.705322,7.967139,-0.118255
150512401089329,91.193295,5.717536,7.958625,-0.100172
150512411090195,91.203296,5.752438,7.933721,-0.074422
150512421091116,91.213297,5.808657,7.892838,-0.051157
150512431091714,91.223298,5.882256,7.838203,-0.040774
150512441092406,91.233298,5.965016,7.775357,-0.04857
150512451093239,91.243299,6.042323,7.715233,-0.073966
150512461093919,91.253300,6.100074,7.669254,-0.107753
150512471094849,91.263301,6.136653,7.639642,-0.131536
150512481095459,91.273301,6.162771,7.618585,-0.131724
150512491096306,91.283302,6.193511,7.594057,-0.103382
150512501097241,91.293303,6.236815,7.559015,-0.059019
150512511097858,91.303304,6.286214,7.518183,-0.020879
150512521098545,91.313305,6.329726,7.481615,-0.001764
150512531099392,91.323305,6.357163,7.458314,-0.004195
150512541100084,91.333306,6.360719,7.455243,-0.023933
150512551100935,91.343307,6.33727,7.475079,-0.047174
150512561101627,91.353308,6.295897,7.509884,-0.057351
150512571102549,91.363309,6.249345,7.548748,-0.046128
150512581103166,91.373309,6.216352,7.576069,-0.010404
150512591103983,91.383310,6.214636,7.57737,0.041002
150512601104675,91.393311,6.247637,7.549828,0.084381
150512611105527,91.403312,6.301202,7.505006,0.098627
150512621106248,91.413312,6.360596,7.454972,0.078826
150512631107113,91.423313,6.414232,7.409207,0.035125
150512641107800,91.433314,6.449586,7.378524,-0.015814
150512651108642,91.443315,6.455821,7.372845,-0.059108
150512661109334,91.453315,6.429775,7.39536,-0.081708
150512671110178,91.463316,6.377646,7.440365,-0.081093
150512681110870,91.473317,6.307277,7.500277,-0.064115
150512691111708,91.483318,6.225454,7.568507,-0.037796
150512701112416,91.493318,6.141283,7.637045,-0.013685
150512711113247,91.503319,6.065762,7.697175,0.003906
150512721113922,91.513320,6.006097,7.743808,0.015615
150512731114757,91.523321,5.963087,7.776955,0.023048
150512741115453,91.533321,5.934487,7.798784,0.028615
150512751116297,91.543322,5.920541,7.809358,0.03381
150512761116978,91.553323,5.916635,7.812288,0.039626
150512771117833,91.563324,5.921572,7.808492,0.0489
150512781118525,91.573325,5.934343,7.798695,0.062642
150512791119367,91.583325,5.954175,7.78341,0.079359
150512801120038,91.593326,5.980066,7.763356,0.095386
150512811120875,91.603327,6.011164,7.739133,0.108222
150512821121581,91.613328,6.046345,7.711521,0.119084
150512831122429,91.623328,6.082675,7.682767,0.127069
150512841123120,91.633329,6.112523,7.659003,0.129326
150512851123954,91.643330,6.128246,7.646524,0.123543
150512861124643,91.653331,6.125771,7.648715,0.109993
150512871125260,91.663331,6.106561,7.664271,0.094404
150512881126170,91.673332,6.080375,7.68515,0.086509
150512891127020,91.683333,6.058274,7.702501,0.093647
150512901127726,91.693334,6.050309,7.708364,0.121794
150512911128587,91.703335,6.059946,7.700067,0.161223
150512921129280,91.713335,6.085854,7.678773,0.19695
150512931129882,91.723336,6.119168,7.65168,0.218133
150512941130820,91.733337,6.151199,7.625885,0.220512
150512951131654,91.743338,6.172109,7.609462,0.202977
150512961132334,91.753338,6.171687,7.610555,0.172325
150512971133178,91.763339,6.142596,7.634782,0.136642
150512981133861,91.773340,6.08854,7.678433,0.106397
150512991134484,91.783340,6.024049,7.729353,0.089451
150513001135407,91.793341,5.962114,7.777241,0.087706
150513011136267,91.803342,5.920725,7.808596,0.103975
150513021136957,91.813343,5.918081,7.810139,0.134185
150513031137817,91.823344,5.95811,7.779036,0.165859
150513041138510,91.833345,6.025912,7.726265,0.18234
150513051139113,91.843345,6.105686,7.663537,0.175424
150513061140036,91.853346,6.182501,7.602339,0.145435
150513071140880,91.863347,6.240761,7.555304,0.101491
150513081141583,91.873348,6.275192,7.527137,0.064444
150513091142443,91.883348,6.289079,7.515661,0.047953
150513101143130,91.893349,6.295397,7.510286,0.059652
150513111143777,91.903350,6.295354,7.510019,0.090379
150513121144700,91.913351,6.286564,7.516937,0.121492
150513131145553,91.923352,6.269849,7.530584,0.13886
150513141146264,91.933352,6.241601,7.553973,0.140905
150513151146882,91.943353,6.19784,7.590081,0.131933
150513161147814,91.953354,6.14021,7.636887,0.125643
150513171148434,91.963354,6.073949,7.689578,0.132438
150513181149372,91.973355,6.008547,7.74036,0.155561
150513191150196,91.983356,5.952039,7.783085,0.191967
150513201150814,91.993357,5.910449,7.813684,0.230042
150513211151721,92.003358,5.881006,7.834985,0.258341
150513221152413,92.013358,5.857062,7.852546,0.268968
150513231153259,92.023359,5.835645,7.868669,0.263175
150513241153891,92.033360,5.819595,7.880951,0.25096
150513251154805,92.043361,5.812477,7.88643,0.243675
150513261155487,92.053361,5.815464,7.884066,0.248678
150513271156323,92.063362,5.828175,7.874288,0.26068
150513281157009,92.073363,5.851969,7.856114,0.275633
150513291157855,92.083364,5.887141,7.829386,0.286968
150513301158547,92.093365,5.937856,7.790678,0.295225
150513311159379,92.103365,6.002553,7.740793,0.299153
150513321160086,92.113366,6.074033,7.684853,0.298614
150513331160928,92.123367,6.147222,7.626592,0.29454
150513341161619,92.133368,6.2179,7.56938,0.286764
150513351162456,92.143368,6.2789,7.519194,0.277811
150513361163134,92.153369,6.326465,7.479592,0.26742
150513371164000,92.163370,6.360788,7.450769,0.257711
150513381164694,92.173371,6.382988,7.431911,0.2533
150513391165538,92.183372,6.401467,7.415816,0.258664
150513401166156,92.193372,6.425227,7.39453,0.278119
150513411167088,92.203373,6.461338,7.36188,0.306351
150513421167795,92.213374,6.503134,7.323932,0.330522
150513431168643,92.223375,6.536845,7.293541,0.337505
150513441169567,92.233376,6.548697,7.283426,0.325933
150513451170174,92.243376,6.531684,7.299749,0.301249
150513461170871,92.253377,6.492945,7.335144,0.278082
150513471171718,92.263378,6.444263,7.378354,0.267057
150513481172381,92.273378,6.398997,7.417273,0.277281
150513491173237,92.283379,6.374933,7.43652,0.31365
150513501174153,92.293380,6.384608,7.425756,0.367379
150513511174771,92.303381,6.425727,7.387698,0.41472
150513521175697,92.313382,6.482183,7.336979,0.43589
150513531176333,92.323382,6.539412,7.286804,0.422633
150513541177254,92.333383,6.579752,7.252949,0.376296
150513551177946,92.343384,6.587173,7.249158,0.314368
150513561178764,92.353385,6.559311,7.276446,0.262176
150513571179447,92.363385,6.508577,7.322784,0.235026
150513581180307,92.373386,6.45069,7.373642,0.240673
150513591180984,92.383387,6.399666,7.416835,0.273556
150513601181822,92.393388,6.369664,7.440998,0.314487
150513611182504,92.403389,6.365036,7.443627,0.344617
150513621183350,92.413389,6.378667,7.431743,0.349027
150513631184043,92.423390,6.402404,7.412324,0.326536
150513641184879,92.433391,6.431911,7.388214,0.291216
150513651185588,92.443392,6.463193,7.361923,0.263095
150513661186453,92.453392,6.49411,7.335024,0.252826
150513671187151,92.463393,6.526231,7.306147,0.261782
150513681187977,92.473394,6.558276,7.276819,0.277342
150513691188684,92.483395,6.588351,7.249082,0.290688
150513701189530,92.493396,6.61419,7.225326,0.295121
150513711190451,92.503396,6.631976,7.209386,0.285718
150513721191050,92.513397,6.638868,7.203788,0.266236
150513731191742,92.523398,6.633476,7.209468,0.246119
150513741192607,92.533399,6.619552,7.222685,0.233189
150513751193314,92.543399,6.602507,7.238382,0.229593
150513761194242,92.553400,6.586106,7.253226,0.232256
150513771195105,92.563401,6.569945,7.26777,0.235179
150513781195799,92.573402,6.551099,7.284833,0.233051
150513791196643,92.583403,6.528025,7.305745,0.225776
150513801197353,92.593403,6.499033,7.331851,0.21578
150513811198197,92.603404,6.46447,7.362576,0.207694
150513821198903,92.613405,6.424233,7.397815,0.203819
150513831199812,92.623406,6.382147,7.434157,0.203799
150513841200648,92.633407,6.34268,7.46776,0.207347
150513851201266,92.643407,6.309656,7.495554,0.212036
150513861202201,92.653408,6.285349,7.515807,0.216896
150513871202881,92.663409,6.271962,7.526883,0.22023
150513881203725,92.673410,6.268752,7.529514,0.221666
150513891204418,92.683410,6.273261,7.525897,0.217016
150513901205025,92.693411,6.280148,7.52047,0.205637
150513911205935,92.703412,6.285296,7.516588,0.189607
150513921206765,92.713413,6.286665,7.515856,0.172448
150513931207452,92.723413,6.280197,7.521617,0.156334
150513941208300,92.733414,6.266142,7.533554,0.144892
150513951208973,92.743415,6.249264,7.547703,0.137263
150513961209882,92.753416,6.23113,7.562742,0.134036
150513971210722,92.763417,6.215311,7.575743,0.134216
150513981211428,92.773417,6.204672,7.584414,0.136857
150513991212288,92.783418,6.198298,7.589562,0.140249
150514001212968,92.793419,6.194661,7.59248,0.142825
150514011213584,92.803420,6.19214,7.59454,0.142674
150514021214512,92.813421,6.18703,7.598789,0.13799
150514031215361,92.823421,6.177275,7.60692,0.126632
150514041216055,92.833422,6.16076,7.620544,0.111103
150514051216902,92.843423,6.135436,7.641182,0.093739
150514061217594,92.853424,6.104064,7.666429,0.079336
150514071218517,92.863425,6.069105,7.694212,0.070923
150514081219375,92.873425,6.034704,7.721245,0.068488
150514091220078,92.883426,6.002684,7.746142,0.070927
150514101220919,92.893427,5.97737,7.765658,0.074753
150514111221611,92.903428,5.960956,7.778238,0.077845
150514121222454,92.913428,5.952454,7.78476,0.076148
150514131223147,92.923429,5.950337,7.786428,0.070721
150514141224078,92.933430,5.953634,7.783945,0.066545
150514151224693,92.943431,5.961748,7.777717,0.068144
150514161225526,92.953432,5.973475,7.768647,0.075715
150514171226219,92.963432,5.988259,7.757141,0.086825
150514181227065,92.973433,6.005895,7.743365,0.097726
150514191227981,92.983434,6.024626,7.728724,0.103614
150514201228673,92.993435,6.040992,7.715939,0.103325
150514211229521,93.003436,6.051324,7.707907,0.098278
150514221230219,93.013436,6.053498,7.706281,0.091546
150514231231051,93.023437,6.048048,7.710626,0.085669
150514241231743,93.033438,6.039247,7.717543,0.083841
150514251232670,93.043439,6.030867,7.724062,0.086649
150514261233272,93.053439,6.024153,7.729225,0.092953
150514271234185,93.063440,6.018151,7.733822,0.099171
150514281235034,93.073441,6.01424,7.736793,0.104711
150514291235745,93.083442,6.012782,7.73785,0.11003
150514301236607,93.093443,6.014601,7.736329,0.117419
150514311237299,93.103443,6.019786,7.732133,0.127741
150514321238132,93.113444,6.027183,7.726205,0.137246
150514331239053,93.123445,6.035589,7.719498,0.144954
150514341239746,93.133446,6.042325,7.714163,0.148369
150514351240334,93.143446,6.045457,7.711692,0.149121
150514361241195,93.153447,6.045375,7.711748,0.149728
150514371242116,93.163448,6.043111,7.71346,0.152764
150514381242811,93.173449,6.039893,7.715889,0.157372
150514391243655,93.183450,6.036712,7.718311,0.1605
150514401244344,93.193450,6.034317,7.720193,0.160181
150514411245204,93.203451,6.033632,7.720783,0.157481
150514421245892,93.213452,6.034627,7.720049,0.155247
150514431246825,93.223453,6.037676,7.717686,0.154352
150514441247454,93.233453,6.042129,7.714226,0.152948
150514451248392,93.243454,6.047933,7.709766,0.148269
150514461249238,93.253455,6.052314,7.706487,0.139819
150514471249924,93.263456,6.054938,7.704605,0.129639
150514481250752,93.273457,6.057087,7.703088,0.118867
150514491251444,93.283457,6.061352,7.699866,0.10984
150514501252372,93.293458,6.07032,7.692814,0.108581
150514511252988,93.303459,6.087582,7.679078,0.114479
150514521253911,93.313460,6.115963,7.656412,0.119766
150514531254765,93.323461,6.152837,7.626822,0.119096
150514541255457,93.333461,6.191675,7.595495,0.107975
150514551256305,93.343462,6.227955,7.566016,0.089028
150514561257010,93.353463,6.257013,7.542225,0.068086
150514571257858,93.363464,6.275546,7.526936,0.052844
150514581258550,93.373465,6.285332,7.518791,0.048852
150514591259396,93.383465,6.292272,7.512917,0.058315
150514601260313,93.393466,6.301176,7.505283,0.077051
150514611260986,93.403467,6.315721,7.492814,0.096941
150514621261834,93.413468,6.335118,7.476235,0.110396
150514631262512,93.423469,6.354742,7.459532,0.112437
150514641263357,93.433469,6.369354,7.44719,0.103379
150514651264078,93.443470,6.374387,7.443069,0.089152
150514661265012,93.453471,6.369171,7.447662,0.077376
150514671265856,93.463472,6.357546,7.45761,0.075355
150514681266474,93.473472,6.344679,7.468456,0.084851
150514691267180,93.483473,6.335442,7.476093,0.101068
150514701268103,93.493474,6.331971,7.478818,0.116101
150514711268944,93.503475,6.335373,7.475793,0.124823
150514721269637,93.513476,6.343342,7.469052,0.123449
150514731270483,93.523476,6.351863,7.461972,0.113114
150514741271404,93.533477,6.355898,7.458746,0.098335
150514751272096,93.543478,6.352964,7.461383,0.087135
150514761272714,93.553479,6.346122,7.467247,0.083348
150514771273559,93.563480,6.338974,7.473238,0.090089
150514781274482,93.573480,6.335599,7.475884,0.106319
150514791275170,93.583481,6.340159,7.471739,0.124607
150514801276035,93.593482,6.353901,7.459792,0.13951
150514811276747,93.603483,6.374039,7.442487,0.144886
150514821277675,93.613484,6.395035,7.42461,0.136713
150514831278521,93.623485,6.408781,7.413087,0.116903
150514841279208,93.633485,6.408723,7.413522,0.089225
150514851280039,93.643486,6.390722,7.429332,0.06042
150514861280730,93.653487,6.356176,7.459069,0.036736
150514871281578,93.663488,6.312237,7.496341,0.023097
150514881282270,93.673488,6.266846,7.534342,0.017523
150514891283117,93.683489,6.226123,7.568036,0.015046
150514901284043,93.693490,6.195336,7.593265,0.011525
150514911284735,93.703491,6.176743,7.608402,0.004283
150514921285569,93.713492,6.171691,7.612504,-0.007544
150514931286266,93.723492,6.177309,7.607909,-0.0235
150514941287190,93.733493,6.188574,7.598675,-0.040963
150514951288034,93.743494,6.201653,7.587916,-0.055033
150514961288740,93.753495,6.21464,7.577234,-0.061369
150514971289586,93.763496,6.228595,7.56577,-0.060961
150514981290260,93.773496,6.246179,7.551303,-0.055027
150514991291115,93.783497,6.267515,7.533644,-0.049568
150515001291800,93.793498,6.290652,7.514333,-0.050221
150515011292617,93.803499,6.31097,7.497205,-0.05974
150515021293538,93.813500,6.324168,7.485927,-0.07631
150515031294245,93.823500,6.327599,7.482818,-0.094402
150515041295091,93.833501,6.319676,7.489319,-0.108739
150515051295783,93.843502,6.303113,7.503173,-0.11484
150515061296615,93.853503,6.283962,7.519257,-0.112386
150515071297315,93.863503,6.267733,7.53293,-0.102411
150515081298224,93.873504,6.258795,7.540528,-0.088829
150515091299068,93.883505,6.25653,7.542529,-0.077969
150515101299760,93.893506,6.258024,7.541339,-0.072837
150515111300587,93.903507,6.262695,7.537482,-0.070878
150515121301279,93.913507,6.271263,7.53039,-0.066931
150515131302113,93.923508,6.282697,7.520912,-0.060144
150515141303020,93.933509,6.293892,7.511605,-0.051968
150515151303652,93.943510,6.301486,7.50527,-0.047016
150515161304578,93.953511,6.302867,7.504104,-0.047754
150515171305255,93.963511,6.295378,7.51035,-0.053442
150515181306111,93.973512,6.279424,7.523626,-0.062123
150515191306817,93.983513,6.259991,7.539751,-0.068499
150515201307666,93.993514,6.240038,7.556258,-0.069763
150515211308587,94.003515,6.221317,7.571688,-0.068783
150515221309219,94.013515,6.204884,7.585149,-0.07025
150515231310140,94.023516,6.190948,7.596453,-0.07741
150515241310833,94.033517,6.179136,7.605934,-0.089536
150515251311663,94.043518,6.170136,7.613046,-0.104601
150515261312370,94.053518,6.16592,7.616269,-0.117991
150515271313218,94.063519,6.165508,7.616451,-0.127198
150515281313915,94.073520,6.169102,7.61348,-0.130697
150515291314838,94.083521,6.178423,7.60594,-0.129491
150515301315682,94.093522,6.193079,7.594023,-0.128701
150515311316389,94.103522,6.210664,7.579588,-0.132272
150515321317237,94.113523,6.227413,7.565669,-0.141437
150515331317944,94.123524,6.241112,7.55411,-0.154834
150515341318862,94.133525,6.252109,7.544726,-0.168075
150515351319706,94.143526,6.261376,7.536783,-0.17908
150515361320398,94.153526,6.270366,7.529142,-0.185733
150515371321240,94.163527,6.281893,7.519443,-0.189127
150515381321932,94.173528,6.297358,7.506443,-0.191288
150515391322870,94.183529,6.314217,7.492179,-0.194754
150515401323706,94.193530,6.329212,7.479342,-0.20127
150515411324324,94.203530,6.340296,7.469636,-0.212614
150515421325245,94.213531,6.344935,7.465245,-0.227862
150515431325949,94.223532,6.343316,7.466125,-0.243578
150515441326795,94.233533,6.34004,7.468498,-0.255695
150515451327487,94.243533,6.339984,7.468334,-0.261836
150515461328329,94.253534,6.346639,7.46267,-0.262215
150515471329250,94.263535,6.362848,7.448945,-0.259445
150515481329949,94.273536,6.387654,7.427714,-0.258789
150515491330793,94.283537,6.416846,7.402364,-0.262907
150515501331473,94.293537,6.448006,7.374964,-0.270427
150515511332319,94.303538,6.48016,7.346367,-0.279945
150515521332997,94.313539,6.511752,7.318012,-0.289481
150515531333910,94.323540,6.541963,7.290661,-0.298213
150515541334754,94.333541,6.568775,7.266132,-0.3074
150515551335449,94.343541,6.590625,7.245899,-0.317176
150515561336300,94.353542,6.602915,7.234249,-0.327349
150515571337206,94.363543,6.604458,7.23241,-0.336713
150515581337818,94.373544,6.597848,7.238173,-0.342422
150515591338739,94.383545,6.587184,7.247877,-0.342495
150515601339432,94.393545,6.576712,7.257625,-0.337262
150515611340269,94.403546,6.568455,7.26542,-0.330247
150515621341201,94.413547,6.559834,7.273329,-0.327481
150515631341893,94.423548,6.545982,7.285552,-0.332993
150515641342740,94.433549,6.523626,7.304917,-0.347075
150515651343427,94.443549,6.49378,7.330612,-0.364532
150515661344283,94.453550,6.460253,7.359479,-0.378395
150515671344975,94.463551,6.428111,7.387274,-0.384164
150515681345824,94.473552,6.402906,7.409297,-0.380955
150515691346759,94.483553,6.391238,7.419908,-0.370193
150515701347451,94.493553,6.396197,7.416308,-0.356444
150515711348312,94.503554,6.41335,7.401871,-0.348211
150515721349235,94.513555,6.433689,7.38411,-0.350078
150515731349858,94.523556,6.449996,7.369203,-0.36384
150515741350543,94.533557,6.457734,7.361333,-0.385294
150515751351468,94.543557,6.455101,7.362344,-0.409327
150515761352312,94.553558,6.443067,7.371703,-0.429929
150515771353005,94.563559,6.424067,7.38751,-0.442781
150515781353853,94.573560,6.40255,7.405824,-0.448475
150515791354535,94.583561,6.381073,7.424131,-0.451859
150515801355458,94.593561,6.360314,7.441551,-0.457944
150515811356287,94.603562,6.340325,7.457815,-0.470374
150515821356985,94.613563,6.319717,7.474145,-0.488146
150515831357838,94.623564,6.298171,7.49095,-0.50862
150515841358530,94.633565,6.2752,7.508776,-0.529291
150515851359453,94.643565,6.249449,7.52885,-0.548451
150515861360069,94.653566,6.219962,7.552026,-0.564731
150515871360987,94.663567,6.186646,7.578268,-0.579
150515881361819,94.673568,6.150591,7.606624,-0.591197
150515891362509,94.683569,6.11459,7.634734,-0.602204
150515901363420,94.693569,6.082396,7.659583,-0.612554
150515911364264,94.703570,6.056787,7.679204,-0.620618
150515921364956,94.713571,6.039418,7.692233,-0.628469
150515931365798,94.723572,6.031621,7.697583,-0.637802
150515941366493,94.733572,6.033488,7.695228,-0.648467
150515951367411,94.743573,6.042917,7.686883,-0.659511
150515961368255,94.753574,6.058051,7.674102,-0.669477
150515971368956,94.763575,6.077186,7.658267,-0.677306
150515981369802,94.773576,6.097359,7.641676,-0.683376
150515991370512,94.783577,6.11648,7.625908,-0.688614
150516001371353,94.793577,6.132975,7.612204,-0.693518
150516011372030,94.803578,6.145496,7.601657,-0.698352
150516021372953,94.813579,6.154075,7.594254,-0.703323
150516031373799,94.823580,6.158992,7.589794,-0.708418
150516041374492,94.833580,6.159075,7.589116,-0.714913
150516051375329,94.843581,6.151602,7.594555,-0.721465
150516061376035,94.853582,6.135957,7.606729,-0.726467
150516071376958,94.863583,6.114873,7.623543,-0.727958
150516081377834,94.873584,6.091043,7.642967,-0.724061
150516091378535,94.883585,6.067485,7.662675,-0.713495
150516101379463,94.893585,6.046457,7.680711,-0.697888
150516111380326,94.903586,6.028728,7.696214,-0.680225
150516121381029,94.913587,6.013434,7.709615,-0.663662
150516131381875,94.923588,5.997563,7.723213,-0.648995
150516141382569,94.933589,5.97895,7.73872,-0.635888
150516151383492,94.943589,5.959623,7.754793,-0.621309
150516161384341,94.953590,5.943852,7.768358,-0.602688
150516171385029,94.963591,5.933863,7.777843,-0.578287
150516181385889,94.973592,5.930735,7.782283,-0.54998
150516191386581,94.983593,5.934055,7.781572,-0.523545
150516201387506,94.993594,5.941437,7.77734,-0.502295
150516211388350,95.003594,5.94871,7.772785,-0.486462
150516221389062,95.013595,5.951992,7.771101,-0.473057
150516231389910,95.023596,5.947861,7.775026,-0.460371
150516241390588,95.033597,5.933834,7.786474,-0.447746
150516251391434,95.043597,5.91135,7.804346,-0.433703
150516261392337,95.053598,5.885666,7.824593,-0.4179
150516271393014,95.063599,5.863445,7.842165,-0.400529
150516281393844,95.073600,5.849162,7.853787,-0.381314
150516291394751,95.083601,5.846495,7.856667,-0.362338
150516301395447,95.093601,5.855116,7.850982,-0.345967
150516311396309,95.103602,5.86964,7.840504,-0.33729
150516321397016,95.113603,5.882513,7.830858,-0.337169
150516331397939,95.123604,5.887828,7.826567,-0.343911
150516341398789,95.133605,5.885601,7.827945,-0.350687
150516351399487,95.143605,5.877666,7.833841,-0.352099
150516361400313,95.153606,5.869171,7.8405,-0.345555
150516371401017,95.163607,5.865043,7.844195,-0.331486
150516381401866,95.173608,5.86963,7.841488,-0.313872
150516391402561,95.183609,5.884222,7.831114,-0.299301
150516401403479,95.193609,5.903643,7.816679,-0.294197
150516411404339,95.203610,5.918347,7.805238,-0.302413
150516421405029,95.213611,5.922627,7.80125,-0.320935
150516431405877,95.223612,5.914481,7.806568,-0.34116
150516441406799,95.233613,5.895229,7.820546,-0.35407
150516451407488,95.243613,5.87161,7.838289,-0.35412
150516461408349,95.253614,5.850497,7.854566,-0.34274
150516471409041,95.263615,5.832542,7.868524,-0.328363
150516481409968,95.273616,5.818534,7.879281,-0.318748
150516491410794,95.283617,5.80639,7.888202,-0.319528
150516501411472,95.293617,5.793073,7.897506,-0.331217
150516511412320,95.303618,5.776754,7.908628,-0.350308
150516521413241,95.313619,5.757571,7.921673,-0.370805
150516531413934,95.323620,5.737322,7.935557,-0.387354
150516541414785,95.333621,5.720133,7.947501,-0.396666
150516551415479,95.343621,5.709122,7.955251,-0.399966
150516561416402,95.353622,5.708334,7.955829,-0.39959
150516571417231,95.363623,5.719092,7.948024,-0.401136
150516581417910,95.373624,5.737737,7.934119,-0.410032
150516591418758,95.383625,5.757447,7.918853,-0.42847
150516601419454,95.393625,5.774009,7.905411,-0.453149
150516611420300,95.403626,5.783304,7.897028,-0.479899
150516621420998,95.413627,5.783671,7.895193,-0.505047
150516631421926,95.423628,5.776722,7.898973,-0.525101
150516641422834,95.433629,5.767195,7.905025,-0.538549
150516651423449,95.443629,5.759979,7.909696,-0.547141
150516661424372,95.453630,5.759171,7.909829,-0.55367
150516671425222,95.463631,5.764915,7.905053,-0.562026
150516681425914,95.473632,5.774797,7.896709,-0.577658
150516691426760,95.483633,5.783182,7.888752,-0.60196
150516701427672,95.493634,5.784961,7.884929,-0.634164
150516711428365,95.503634,5.77729,7.887628,-0.669489
150516721429216,95.513635,5.760454,7.897033,-0.702842
150516731429915,95.523636,5.738651,7.910455,-0.729776
150516741430756,95.533637,5.717407,7.924014,-0.749141
150516751431677,95.543638,5.700998,7.93464,-0.761635
150516761432380,95.553638,5.69235,7.939914,-0.771258
150516771433237,95.563639,5.694935,7.937061,-0.781525
150516781433925,95.573640,5.710603,7.924453,-0.795012
150516791434843,95.583641,5.738033,7.902847,-0.812387
150516801435687,95.593642,5.772862,7.875358,-0.832327
150516811436396,95.603642,5.810587,7.845223,-0.854157
150516821437336,95.613643,5.845795,7.816555,-0.876459
150516831438182,95.623644,5.874215,7.792699,-0.898568
150516841438860,95.633645,5.893322,7.775995,-0.917968
150516851439707,95.643646,5.903236,7.766654,-0.933201
150516861440401,95.653646,5.904906,7.764,-0.94465
150516871441319,95.663647,5.899317,7.767147,-0.953683
150516881442168,95.673648,5.888163,7.77434,-0.963926
150516891442847,95.683649,5.873547,7.783645,-0.977915
150516901443772,95.693650,5.856371,7.794177,-0.996862
150516911444382,95.703650,5.838028,7.804993,-1.019563
150516921445305,95.713651,5.819842,7.815449,-1.043178
150516931446149,95.723652,5.802497,7.825569,-1.063691
150516941446849,95.733653,5.78834,7.834143,-1.077656
150516951447790,95.743654,5.778005,7.840591,-1.086177
150516961448639,95.753655,5.771775,7.84434,-1.092207
150516971449322,95.763655,5.769407,7.845204,-1.098504
150516981450168,95.773656,5.76991,7.843568,-1.107524
150516991450849,95.783657,5.772474,7.840023,-1.119173
150517001451695,95.793658,5.775363,7.835911,-1.132986
150517011452611,95.803659,5.777438,7.832136,-1.148407
150517021453303,95.813659,5.778162,7.829194,-1.16471
150517031454228,95.823660,5.777036,7.827637,-1.180649
150517041455073,95.833661,5.772974,7.82827,-1.196226
150517051455770,95.843662,5.76561,7.831456,-1.210798
150517061456695,95.853663,5.755817,7.836508,-1.224632
150517071457524,95.863664,5.745073,7.842421,-1.237157
150517081458236,95.873664,5.735054,7.847933,-1.248627
150517091459082,95.883665,5.728091,7.851369,-1.258968
150517101459776,95.893666,5.725718,7.851611,-1.268206
150517111460622,95.903667,5.728239,7.848295,-1.277312
150517121461543,95.913668,5.734606,7.842149,-1.286464
150517131462216,95.923668,5.74144,7.835449,-1.296762
150517141463079,95.933669,5.74613,7.830323,-1.306905
150517151463771,95.943670,5.746956,7.828187,-1.316051
150517161464703,95.953671,5.745233,7.828428,-1.322121
150517171465552,95.963672,5.743037,7.829596,-1.324739
150517181466247,95.973672,5.743288,7.829615,-1.323552
150517191467170,95.983673,5.746101,7.827897,-1.321493
150517201468014,95.993674,5.748326,7.825956,-1.323317
150517211468706,96.003675,5.74619,7.826236,-1.330902
150517221469555,96.013676,5.737642,7.830566,-1.342264
150517231470247,96.023676,5.721264,7.840476,-1.354285
150517241471098,96.033677,5.698385,7.855688,-1.362544
150517251472033,96.043678,5.673831,7.87294,-1.365453
150517261472722,96.053679,5.652261,7.888972,-1.362355
150517271473565,96.063680,5.638993,7.89973,-1.354995
150517281474486,96.073680,5.636566,7.903061,-1.345635
150517291475168,96.083681,5.644115,7.898949,-1.338121
150517301476014,96.093682,5.657012,7.890154,-1.335548
150517311476937,96.103683,5.669814,7.880102,-1.340596
150517321477637,96.113684,5.678055,7.872257,-1.351771
150517331478469,96.123684,5.680135,7.868386,-1.365498
150517341479161,96.133685,5.675983,7.869447,-1.376601
150517351480007,96.143686,5.667963,7.874217,-1.382355
150517361480924,96.153687,5.660726,7.879558,-1.381573
150517371481616,96.163688,5.657462,7.882653,-1.377271
150517381482539,96.173689,5.658288,7.88255,-1.374494
150517391483385,96.183689,5.663447,7.878752,-1.374986
150517401484078,96.193690,5.672903,7.871391,-1.378175
150517411484929,96.203691,5.687334,7.860326,-1.381838
150517421485623,96.213692,5.706137,7.84634,-1.3838
150517431486527,96.223693,5.725777,7.832064,-1.383559
150517441487371,96.233693,5.740397,7.82179,-1.3811
150517451488061,96.243694,5.744843,7.819137,-1.377624
150517461488984,96.253695,5.736968,7.825544,-1.374081
150517471489837,96.263696,5.71842,7.839859,-1.369773
150517481490529,96.273697,5.693327,7.859188,-1.363505
150517491491375,96.283697,5.666638,7.879877,-1.355271
150517501492295,96.293698,5.640034,7.900019,-1.348975
150517511492987,96.303699,5.613803,7.919152,-1.346182
150517521493835,96.313700,5.588946,7.93692,-1.34498
150517531494770,96.323701,5.568023,7.951736,-1.344258
150517541495462,96.333701,5.555147,7.960831,-1.343692
150517551496311,96.343702,5.553384,7.962454,-1.341359
150517561497227,96.353703,5.566165,7.954464,-1.335786
150517571497920,96.363704,5.592555,7.937318,-1.327526
150517581498760,96.373705,5.629223,7.913299,-1.315872
150517591499455,96.383705,5.670645,7.886047,-1.301546
150517601500311,96.393706,5.715047,7.856363,-1.286784
150517611501245,96.403707,5.764336,7.822663,-1.272169
150517621501925,96.413708,5.82137,7.782582,-1.258193
150517631502850,96.423709,5.88904,7.733697,-1.244636
150517641503696,96.433710,5.96662,7.675951,-1.232543
150517651504391,96.443710,6.047529,7.613766,-1.223901
150517661505324,96.453711,6.123645,7.553101,-1.221334
150517671506170,96.463712,6.185901,7.501552,-1.225287
150517681506867,96.473713,6.226112,7.467003,-1.232635
150517691507790,96.483714,6.243117,7.451815,-1.238513
150517701508649,96.493715,6.242171,7.452538,-1.238956
150517711509327,96.503715,6.232289,7.461993,-1.231744
150517721510179,96.513716,6.220806,7.472984,-1.223169
150517731511096,96.523717,6.212055,7.481043,-1.218346
150517741511791,96.533718,6.205233,7.486062,-1.222292
150517751512728,96.543719,6.19584,7.491321,-1.237626
150517761513577,96.553720,6.178576,7.501925,-1.259484
150517771514254,96.563720,6.148556,7.52336,-1.278383
150517781515165,96.573721,6.103553,7.558592,-1.286196
150517791516010,96.583722,6.040927,7.610428,-1.276175
150517801516694,96.593723,5.959294,7.679088,-1.248369
150517811517632,96.603724,5.861745,7.760368,-1.206906
150517821518478,96.613724,5.752665,7.848079,-1.163846
150517831519165,96.623725,5.637999,7.935271,-1.133308
150517841520080,96.633726,5.527911,8.013911,-1.122238
150517851520924,96.643727,5.431392,8.078514,-1.130315
150517861521847,96.653728,5.358393,8.124311,-1.150325
150517871522527,96.663729,5.316606,8.148477,-1.173034
150517881523377,96.673729,5.309583,8.150318,-1.191917
150517891524056,96.683730,5.337543,8.129927,-1.206184
150517901524979,96.693731,5.391759,8.091387,-1.224092
150517911525820,96.703732,5.462808,8.040073,-1.246988
150517921526746,96.713733,5.544292,7.980138,-1.272093
150517931527440,96.723733,5.631003,7.915465,-1.295092
150517941528363,96.733734,5.718218,7.84997,-1.311473
150517951529222,96.743735,5.808706,7.782183,-1.317787
150517961529916,96.753736,5.910925,7.705456,-1.314101
150517971530767,96.763737,6.026734,7.61655,-1.306366
150517981531711,96.773738,6.151428,7.516782,-1.303031
150517991532619,96.783739,6.277533,7.409919,-1.313649
150518001533312,96.793739,6.400092,7.299437,-1.340509
150518011534242,96.803740,6.50951,7.194466,-1.380553
150518021535086,96.813741,6.59786,7.105626,-1.420687
150518031535785,96.823742,6.659913,7.042062,-1.447397
150518041536708,96.833743,6.694221,7.008493,-1.452063
150518051537563,96.843744,6.704725,7.0023,-1.433341
150518061538486,96.853744,6.696105,7.018029,-1.396223
150518071539394,96.863745,6.67387,7.047847,-1.351774
150518081540006,96.873746,6.641863,7.086635,-1.305851
150518091540927,96.883747,6.602313,7.131198,-1.263096
150518101541620,96.893748,6.558809,7.177685,-1.225915
150518111542550,96.903749,6.513502,7.223895,-1.195685
150518121543375,96.913749,6.46646,7.269699,-1.173191
150518131544288,96.923750,6.41605,7.316969,-1.155967
150518141544995,96.933751,6.359889,7.368423,-1.13939
150518151545920,96.943752,6.295094,7.42703,-1.118483
150518161546750,96.953753,6.220266,7.494027,-1.089896
150518171547474,96.963753,6.135578,7.568846,-1.052276
150518181548383,96.973754,6.040841,7.650483,-1.009142
150518191549217,96.983755,5.937654,7.73666,-0.963491
150518201550140,96.993756,5.829379,7.82418,-0.916808
150518211551063,97.003757,5.718009,7.911255,-0.86969
150518221551758,97.013758,5.604177,7.996934,-0.825985
150518231552594,97.023759,5.488223,8.080501,-0.790527
150518241553267,97.033759,5.373043,8.160395,-0.760504
150518251554200,97.043760,5.258398,8.237159,-0.733841
150518261555051,97.053761,5.145286,8.310549,-0.707665
150518271555972,97.063762,5.03938,8.377431,-0.680673
150518281556900,97.073763,4.952085,8.431647,-0.651278
150518291557597,97.083764,4.896494,8.466607,-0.617171
150518301558522,97.093765,4.872255,8.483103,-0.581446
150518311559361,97.103765,4.863156,8.490238,-0.552788
150518321560294,97.113766,4.848428,8.49967,-0.537013
150518331560984,97.123767,4.812192,8.520507,-0.532704
150518341561907,97.133768,4.748037,8.556527,-0.531067
150518351562736,97.143769,4.66413,8.603242,-0.519743
150518361563443,97.153769,4.573309,8.653243,-0.496185
150518371564374,97.163770,4.489803,8.698896,-0.459195
150518381565205,97.173771,4.426398,8.733695,-0.41176
150518391566126,97.183772,4.396126,8.751196,-0.361523
150518401567044,97.193773,4.4103,8.745733,-0.318478
150518411567736,97.203774,4.475662,8.71338,-0.292302
150518421568592,97.213775,4.591744,8.652832,-0.290466
150518431569519,97.223776,4.747344,8.567452,-0.318555
150518441570439,97.233776,4.925387,8.463997,-0.375944
150518451571116,97.243777,5.10923,8.350508,-0.452454
150518461572020,97.253778,5.286086,8.234932,-0.532119
150518471572866,97.263779,5.448869,8.123214,-0.602634
150518481573556,97.273780,5.593835,8.019877,-0.656201
150518491574479,97.283780,5.722258,7.925856,-0.690347
150518501575320,97.293781,5.837402,7.839943,-0.707118
150518511576241,97.303782,5.943444,7.759226,-0.714058
150518521577164,97.313783,6.045826,7.679175,-0.719906
150518531577841,97.323784,6.146809,7.597347,-0.732832
150518541578690,97.333785,6.245862,7.513582,-0.75846
150518551579613,97.343786,6.338643,7.431748,-0.794179
150518561580538,97.353787,6.418544,7.358604,-0.832644
150518571581256,97.363787,6.481467,7.2996,-0.863935
150518581582179,97.373788,6.526154,7.257397,-0.882905
150518591583052,97.383789,6.555588,7.23008,-0.888941
150518601583757,97.393790,6.571986,7.215618,-0.885336
150518611584680,97.403791,6.578849,7.210502,-0.876003
150518621585608,97.413792,6.581554,7.209172,-0.866583
150518631586463,97.423792,6.586407,7.205605,-0.859345
150518641587394,97.433793,6.596647,7.196519,-0.856908
150518651588086,97.443794,6.612848,7.181354,-0.85929
150518661588925,97.453795,6.633567,7.161318,-0.866792
150518671589832,97.463796,6.656418,7.138996,-0.875716
150518681590750,97.473797,6.678636,7.117455,-0.881845
150518691591668,97.483798,6.696123,7.100904,-0.882663
150518701592355,97.493798,6.707967,7.090647,-0.875194
150518711593219,97.503799,6.715215,7.085607,-0.860285
150518721594136,97.513800,6.721524,7.082196,-0.838805
150518731594828,97.523801,6.729382,7.077658,-0.813759
150518741595729,97.533802,6.742081,7.068798,-0.785146
150518751596652,97.543803,6.760496,7.054579,-0.75402
150518761597486,97.553803,6.783293,7.035804,-0.724156
150518771598399,97.563804,6.807966,7.014611,-0.697741
150518781599102,97.573805,6.829968,6.995414,-0.6751
150518791600027,97.583806,6.845327,6.982231,-0.655717
150518801600873,97.593807,6.848881,6.980495,-0.636826
150518811601799,97.603808,6.835708,6.995186,-0.616808
150518821602727,97.613809,6.805422,7.026712,-0.592902
150518831603420,97.623809,6.762012,7.07094,-0.563019
150518841604268,97.633810,6.71197,7.121224,-0.526928
150518851605203,97.643811,6.660751,7.171736,-0.490445
150518861605897,97.653812,6.611583,7.219079,-0.460279
150518871606810,97.663813,6.565427,7.262194,-0.442373
150518881607738,97.673814,6.523956,7.299948,-0.434413
150518891608583,97.683815,6.487903,7.332203,-0.431187
150518901609506,97.693816,6.458649,7.358052,-0.430014
150518911610429,97.703816,6.437973,7.376231,-0.428641
150518921611121,97.713817,6.424598,7.387922,-0.427979
150518931612046,97.723818,6.415405,7.395858,-0.428845
150518941612904,97.733819,6.408329,7.401851,-0.431168
150518951613590,97.743820,6.40386,7.405669,-0.432018
150518961614513,97.753821,6.403271,7.406319,-0.429578
150518971615407,97.763821,6.409383,7.401392,-0.42333
150518981616330,97.773822,6.421846,7.39097,-0.416451
150518991617179,97.783823,6.438674,7.376573,-0.411838
150519001618102,97.793824,6.459278,7.358758,-0.407968
150519011618799,97.803825,6.482796,7.338247,-0.404324
150519021619734,97.813826,6.508493,7.315716,-0.399733
150519031620565,97.823827,6.537755,7.289983,-0.392239
150519041621481,97.833827,6.568127,7.263224,-0.381132
150519051622175,97.843828,6.596659,7.238005,-0.367908
150519061623113,97.853829,6.621248,7.216208,-0.354175
150519071623960,97.863830,6.641098,7.198617,-0.340149
150519081624881,97.873831,6.65741,7.18429,-0.32391
150519091625794,97.883832,6.672006,7.171581,-0.304544
150519101626483,97.893832,6.686936,7.15854,-0.283111
150519111627421,97.903833,6.700797,7.146299,-0.264023
150519121628267,97.913834,6.712046,7.136237,-0.250051
150519131629188,97.923835,6.718525,7.130419,-0.2419
150519141629902,97.933836,6.720057,7.129092,-0.238432
150519151630844,97.943837,6.717479,7.131605,-0.235918
150519161631767,97.953838,6.712866,7.136178,-0.228931
150519171632608,97.963839,6.707284,7.141838,-0.215621
150519181633529,97.973840,6.700698,7.148505,-0.198804
150519191634215,97.983840,6.693691,7.155494,-0.182765
150519201635138,97.993841,6.685837,7.163107,-0.171694
150519211635988,98.003842,6.675858,7.172551,-0.165626
150519221636924,98.013843,6.66252,7.185018,-0.162251
150519231637618,98.023844,6.646472,7.199956,-0.158238
150519241638541,98.033845,6.628352,7.216806,-0.150516
150519251639388,98.043845,6.609211,7.23454,-0.140468
150519261640311,98.053846,6.589721,7.252452,-0.132332
150519271641246,98.063847,6.570598,7.269824,-0.12984
150519281642183,98.073848,6.553417,7.285281,-0.131929
150519291642866,98.083849,6.538784,7.298348,-0.13586
150519301643776,98.093850,6.527107,7.308713,-0.139968
150519311644621,98.103851,6.518439,7.316365,-0.144114
150519321645515,98.113852,6.511755,7.322216,-0.148848
150519331646203,98.123852,6.504109,7.328869,-0.155707
150519341647142,98.133853,6.492151,7.339266,-0.164708
150519351648065,98.143854,6.474083,7.354988,-0.174394
150519361648904,98.153855,6.450971,7.375137,-0.179772
150519371649813,98.163856,6.427208,7.395851,-0.179787
150519381650741,98.173857,6.405084,7.415138,-0.174958
150519391651438,98.183857,6.384358,7.433173,-0.167274
150519401652363,98.193858,6.366074,7.448994,-0.159992
150519411653212,98.203859,6.349339,7.463351,-0.155899
150519421653906,98.213860,6.332744,7.477414,-0.156999
150519431654830,98.223861,6.316571,7.490949,-0.163076
150519441655676,98.233862,6.296799,7.50737,-0.172399
150519451656662,98.243863,6.272821,7.52721,-0.181202
150519461657501,98.253864,6.246203,7.549175,-0.186754
150519471658433,98.263864,6.221054,7.569934,-0.185922
150519481659125,98.273865,6.201272,7.586324,-0.178599
150519491660060,98.283866,6.188404,7.597037,-0.169293
150519501660989,98.293867,6.183173,7.601447,-0.162542
150519511661861,98.303868,6.183788,7.600978,-0.160935
150519521662779,98.313869,6.190154,7.595728,-0.164045
150519531663459,98.323869,6.200941,7.586763,-0.171218
150519541664387,98.333870,6.215015,7.575069,-0.178686
150519551665242,98.343871,6.230716,7.562077,-0.182172
150519561666164,98.353872,6.248159,7.547751,-0.178752
150519571667083,98.363873,6.266323,7.532897,-0.16927
150519581667758,98.373874,6.285041,7.517546,-0.157259
150519591668676,98.383875,6.303774,7.502052,-0.147138
150519601669520,98.393876,6.321038,7.487623,-0.141514
150519611670443,98.403876,6.335549,7.475362,-0.140849
150519621671152,98.413877,6.347493,7.465177,-0.143191
150519631672075,98.423878,6.358385,7.455883,-0.144059
150519641673016,98.433879,6.37155,7.444733,-0.138842
150519651673852,98.443880,6.389792,7.429265,-0.128807
150519661674775,98.453881,6.415814,7.407026,-0.115138
150519671675702,98.463882,6.446417,7.380578,-0.103744
150519681676386,98.473882,6.479191,7.351914,-0.097385
150519691677217,98.483883,6.512586,7.322392,-0.093825
150519701678142,98.493884,6.543748,7.294571,-0.092601
150519711679063,98.503885,6.570432,7.270571,-0.090736
150519721679755,98.513886,6.59085,7.252131,-0.085385
150519731680690,98.523887,6.603664,7.24058,-0.075249
150519741681537,98.533888,6.60815,7.236606,-0.062162
150519751682537,98.543889,6.602175,7.242172,-0.047483
150519761683395,98.553889,6.584573,7.258258,-0.032147
150519771684093,98.563890,6.556361,7.283808,-0.016973
150519781685016,98.573891,6.519486,7.316851,-9.0E-5
150519791685925,98.583892,6.47779,7.353763,0.020662
150519801686834,98.593893,6.436429,7.389881,0.045373
150519811687684,98.603894,6.400282,7.42098,0.073601
150519821688358,98.613894,6.372432,7.444577,0.101857
150519831689281,98.623895,6.353706,7.460179,0.127106
150519841690205,98.633896,6.341359,7.470357,0.144676
150519851691126,98.643897,6.33317,7.477113,0.154112
150519861691976,98.653898,6.326401,7.48274,0.158986
150519871692676,98.663899,6.319746,7.488265,0.163388
150519881693589,98.673900,6.314723,7.492325,0.171452
150519891694512,98.683901,6.31348,7.493039,0.185257
150519901695352,98.693901,6.316328,7.490173,0.203262
150519911696275,98.703902,6.322372,7.484549,0.221759
150519921697193,98.713903,6.330291,7.477393,0.236688
150519931697907,98.723904,6.339439,7.469308,0.246938
150519941698830,98.733905,6.348956,7.460998,0.253474
150519951699671,98.743906,6.358878,7.452342,0.259338
150519961700607,98.753907,6.371853,7.440976,0.267128
150519971701329,98.763907,6.390156,7.424901,0.27706
150519981702247,98.773908,6.412547,7.405318,0.283782
150519991703161,98.783909,6.435247,7.38552,0.285714
150520001704005,98.793910,6.453586,7.36956,0.284281
150520011704933,98.803911,6.463213,7.361252,0.28072
150520021705641,98.813912,6.461436,7.362899,0.278472
150520031706578,98.823913,6.447817,7.374783,0.279695
150520041707501,98.833914,6.426305,7.393314,0.285462
150520051708348,98.843914,6.401013,7.414899,0.293804
150520061709269,98.853915,6.374416,7.437499,0.300717
150520071709983,98.863916,6.348253,7.459669,0.304983
150520081710891,98.873917,6.324627,7.479595,0.307802
150520091711732,98.883918,6.305155,7.49597,0.308963
150520101712644,98.893919,6.293131,7.506107,0.308102
150520111713553,98.903920,6.291268,7.507796,0.30487
150520121714471,98.913920,6.299066,7.501504,0.298693
150520131715163,98.923921,6.311777,7.491208,0.288588
150520141716093,98.933922,6.323728,7.481673,0.273919
150520151716939,98.943923,6.330047,7.477039,0.25375
150520161717846,98.953924,6.32535,7.481788,0.229696
150520171718541,98.963925,6.306436,7.498411,0.206642
150520181719469,98.973925,6.276121,7.524298,0.187693
150520191720388,98.983926,6.242513,7.552461,0.177144
150520201721232,98.993927,6.212603,7.577185,0.172656
150520211722126,99.003928,6.192572,7.593594,0.171183
150520221723034,99.013929,6.185055,7.599819,0.166939
150520231723727,99.023930,6.190065,7.595955,0.156518
150520241724643,99.033931,6.204708,7.584366,0.137938
150520251725493,99.043931,6.22314,7.569648,0.113995
150520261726429,99.053932,6.241497,7.554834,0.090821
150520271727347,99.063933,6.25597,7.54306,0.071459
150520281728049,99.073934,6.264145,7.536375,0.059395
150520291728983,99.083935,6.266008,7.534867,0.054209
150520301729833,99.093936,6.263739,7.536752,0.053949
150520311730756,99.103937,6.256927,7.542414,0.053449
150520321731679,99.113938,6.246344,7.551204,0.04975
150520331732587,99.123939,6.235831,7.559925,0.044409
150520341733275,99.133939,6.227174,7.567092,0.037962
150520351734127,99.143940,6.220557,7.572551,0.033721
150520361735049,99.153941,6.21863,7.57414,0.032792
150520371735748,99.163942,6.223419,7.570196,0.034378
150520381736671,99.173943,6.232897,7.562383,0.036294
150520391737594,99.183944,6.244506,7.552799,0.036739
150520401738532,99.193945,6.255934,7.543349,0.03477
150520411739390,99.203945,6.264433,7.536307,0.031398
150520421740313,99.213946,6.268931,7.532575,0.028218
150520431741012,99.223947,6.271147,7.530735,0.026422
150520441741931,99.233948,6.271882,7.530125,0.027012
150520451742777,99.243949,6.271854,7.530138,0.029674
150520461743723,99.253950,6.272344,7.529715,0.033542
150520471744639,99.263951,6.278259,7.524774,0.034655
150520481745311,99.273951,6.292719,7.512699,0.031752
150520491746219,99.283952,6.312332,7.496256,0.0254
150520501747142,99.293953,6.336892,7.475524,0.018144
150520511747974,99.303954,6.363516,7.452893,0.010187
150520521748900,99.313955,6.391239,7.429134,0.003818
150520531749828,99.323956,6.419121,7.405058,-0.002861
150520541750518,99.333957,6.44513,7.382427,-0.008753
150520551751364,99.343957,6.469641,7.360953,-0.011632
150520561752285,99.353958,6.493049,7.340307,-0.013869
150520571753198,99.363959,6.512313,7.323214,-0.017142
150520581754126,99.373960,6.522416,7.314206,-0.022065
150520591754803,99.383961,6.523394,7.313321,-0.02588
150520601755667,99.393962,6.517773,7.318314,-0.029148
150520611756650,99.403963,6.511066,7.324283,-0.030334
150520621757477,99.413963,6.507673,7.327301,-0.027978
150520631758395,99.423964,6.509583,7.325629,-0.023676
150520641759080,99.433965,6.516495,7.319487,-0.019669
150520651760003,99.443966,6.526525,7.310549,-0.018819
150520661760851,99.453967,6.536104,7.301976,-0.021931
150520671761775,99.463968,6.542603,7.296136,-0.027147
150520681762713,99.473969,6.547444,7.291769,-0.033316
150520691763405,99.483969,6.552253,7.287422,-0.038076
150520701764325,99.493970,6.554771,7.285133,-0.042521
150520711765169,99.503971,6.553756,7.285996,-0.050588
150520721766082,99.513972,6.549774,7.289493,-0.060799
150520731767005,99.523973,6.546146,7.2927,-0.067187
150520741767700,99.533974,6.546855,7.292104,-0.062273
150520751768633,99.543975,6.559811,7.280574,-0.045842
150520761769469,99.553975,6.591439,7.252073,-0.020535
150520771770405,99.563976,6.639586,7.208043,0.003866
150520781771084,99.573977,6.694724,7.156832,0.018867
150520791772023,99.583978,6.746024,7.108506,0.01709
150520801772974,99.593979,6.78465,7.071672,8.76E-4
150520811773888,99.603980,6.802117,7.054844,-0.018935
150520821774732,99.613981,6.79906,7.05774,-0.033094
150520831775669,99.623982,6.783843,7.072374,-0.032118
150520841776347,99.633982,6.767698,7.087888,-0.00994
150520851777286,99.643983,6.762857,7.092457,0.027897
150520861778210,99.653984,6.777165,7.078511,0.068679
150520871779068,99.663985,6.808473,7.048057,0.097813
150520881779991,99.673986,6.849373,7.008236,0.103291
150520891780683,99.683987,6.888296,6.970188,0.088684
150520901781608,99.693988,6.916613,6.942349,0.064909
150520911782550,99.703989,6.928161,6.931007,0.041811
150520921783395,99.713989,6.920708,6.938504,0.031253
150520931784318,99.723990,6.899741,6.959315,0.03844
150520941785016,99.733991,6.872905,6.985655,0.061661
150520951785939,99.743992,6.846386,7.011335,0.090525
150520961786785,99.753993,6.823881,7.032901,0.113635
150520971787708,99.763994,6.807252,7.048816,0.124386
150520981788611,99.773995,6.795415,7.060288,0.121134
150520991789324,99.783995,6.790103,7.065604,0.108346
150521001790229,99.793996,6.789245,7.066648,0.092987
150521011791089,99.803997,6.789503,7.066547,0.080999
150521021792089,99.813998,6.785792,7.070192,0.073523
150521031792691,99.823999,6.774332,7.081179,0.073049
150521041793614,99.834000,6.758975,7.095771,0.079411
150521051794537,99.844001,6.744577,7.109328,0.090254
150521061795450,99.854001,6.736192,7.117119,0.101531
150521071796294,99.864002,6.736387,7.116814,0.109828
150521081797227,99.874003,6.748245,7.105579,0.109081
150521091798150,99.884004,6.770862,7.084213,0.096714
150521101798845,99.894005,6.79749,7.058905,0.077518
150521111799782,99.904006,6.82134,7.036053,0.057502
150521121800628,99.914007,6.839031,7.018946,0.045037
150521131801544,99.924008,6.851183,7.007111,0.040818
150521141802467,99.934008,6.854305,7.004038,0.044323
150521151803161,99.944009,6.846452,7.011663,0.051371
150521161804084,99.954010,6.828216,7.029362,0.059468
150521171804931,99.964011,6.805251,7.051531,0.066679
150521181805847,99.974012,6.782661,7.073187,0.074221
150521191806541,99.984013,6.763816,7.091104,0.083922
150521201807478,99.994013,6.752255,7.101961,0.095966
150521211808401,100.004014,6.749429,7.104462,0.10856
150521221809324,100.014015,6.754066,7.099872,0.120114
150521231810169,100.024016,6.763736,7.090495,0.12937
150521241811083,100.034017,6.776561,7.07812,0.135833
150521251811784,100.044018,6.793102,7.062121,0.142364
150521261812709,100.054019,6.813807,7.041983,0.15006
150521271813618,100.064020,6.835813,7.020415,0.15957
150521281814447,100.074020,6.855611,7.000829,0.17025
150521291815355,100.084021,6.870192,6.9863,0.179026
150521301816048,100.094022,6.879712,6.976773,0.185001
150521311816973,100.104023,6.882547,6.973894,0.188077
150521321817901,100.114024,6.877512,6.978841,0.188715
150521331818759,100.124025,6.866771,6.98928,0.193397
150521341819678,100.134026,6.857663,6.997858,0.206145
150521351820377,100.144026,6.856863,6.998077,0.224263
150521361821296,100.154027,6.862631,6.991846,0.241585
150521371822219,100.164028,6.870367,6.98381,0.253792
150521381823055,100.174029,6.874897,6.979201,0.257985
150521391823990,100.184030,6.871176,6.983035,0.253268
150521401824684,100.194031,6.85788,6.996351,0.246111
150521411825608,100.204032,6.837888,7.016059,0.241117
150521421826546,100.214033,6.816627,7.03672,0.241093
150521431827375,100.224033,6.799195,7.053242,0.250404
150521441828308,100.234034,6.790412,7.060957,0.270555
150521451829231,100.244035,6.79262,7.057656,0.299758
150521461829925,100.254036,6.802704,7.046858,0.324059
150521471830862,100.264037,6.811469,7.037883,0.334794
150521481831786,100.274038,6.811554,7.038078,0.328887
150521491832712,100.284039,6.798052,7.051926,0.311162
150521501833563,100.294040,6.769602,7.080182,0.289034
150521511834243,100.304040,6.728168,7.120222,0.27231
150521521835166,100.314041,6.681082,7.164664,0.265938
150521531836012,100.324042,6.636822,7.205597,0.268214
150521541836934,100.334043,6.601222,7.237977,0.274839
150521551837866,100.344044,6.576279,7.260323,0.283271
150521561838793,100.354045,6.565026,7.270381,0.28623
150521571839474,100.364045,6.566222,7.269573,0.279312
150521581840401,100.374046,6.574625,7.262647,0.261216
150521591841245,100.384047,6.581147,7.257577,0.23685
150521601842164,100.394048,6.580509,7.258891,0.213029
150521611842845,100.404049,6.569132,7.269779,0.191834
150521621843782,100.414050,6.547207,7.289929,0.176041
150521631844690,100.424051,6.517903,7.31632,0.168462
150521641845599,100.434052,6.487372,7.343409,0.168241
150521651846457,100.444052,6.464282,7.363531,0.177258
150521661847380,100.454053,6.452938,7.373135,0.190893
150521671848068,100.464054,6.455071,7.370926,0.203742
150521681848916,100.474055,6.46655,7.360643,0.21128
150521691849895,100.484056,6.487038,7.342621,0.210358
150521701850741,100.494057,6.516102,7.317018,0.204093
150521711851669,100.504058,6.548482,7.288292,0.195496
150521721852363,100.514058,6.582198,7.258029,0.18894
150521731853277,100.524059,6.616362,7.226937,0.187496
150521741854205,100.534060,6.64798,7.197817,0.189168
150521751855059,100.544061,6.671872,7.175535,0.194456
150521761855982,100.554062,6.685748,7.162427,0.201003
150521771856914,100.564063,6.687405,7.16073,0.206215
150521781857606,100.574064,6.674075,7.173133,0.207088
150521791858460,100.584064,6.648155,7.197197,0.205887
150521801859376,100.594065,6.61755,7.225392,0.20436
150521811860289,100.604066,6.589328,7.251082,0.206343
150521821861212,100.614067,6.567751,7.270435,0.213118
150521831861904,100.624068,6.556219,7.280483,0.224711
150521841862800,100.634069,6.558601,7.277899,0.238637
150521851863723,100.644070,6.576434,7.261327,0.252264
150521861864567,100.654071,6.605619,7.234419,0.262679
150521871865500,100.664072,6.640328,7.202414,0.267037
150521881866192,100.674072,6.676069,7.169429,0.263378
150521891867117,100.684073,6.709348,7.138585,0.255426
150521901868050,100.694074,6.734465,7.115276,0.244516
150521911868879,100.704075,6.747195,7.103483,0.236398
150521921869813,100.714076,6.747391,7.103421,0.232564
150521931870721,100.724077,6.736275,7.113882,0.235043
150521941871418,100.734077,6.715903,7.132875,0.242419
150521951872334,100.744078,6.690246,7.156675,0.250223
150521961873180,100.754079,6.662527,7.182322,0.254903
150521971874105,100.764080,6.635047,7.207646,0.257003
150521981875043,100.774081,6.612818,7.228036,0.257161
150521991875740,100.784082,6.597736,7.241884,0.254865
150522001876675,100.794083,6.587744,7.251194,0.248693
150522011877612,100.804084,6.579857,7.258657,0.239552
150522021878533,100.814085,6.568779,7.269044,0.228417
150522031879165,100.824085,6.55418,7.282539,0.217488
150522041880075,100.834086,6.538698,7.296716,0.20834
150522051880998,100.844087,6.524262,7.309796,0.202354
150522061881926,100.854088,6.513084,7.319871,0.19804
150522071882763,100.864089,6.507519,7.32497,0.192325
150522081883674,100.874090,6.506658,7.325974,0.183176
150522091884597,100.884091,6.508131,7.324997,0.169052
150522101885548,100.894092,6.512054,7.321864,0.153197
150522111886250,100.904092,6.521384,7.313831,0.139483
150522121887183,100.914093,6.538213,7.29892,0.1324
150522131888096,100.924094,6.565075,7.274781,0.131533
150522141888937,100.934095,6.600365,7.242789,0.131368
150522151889631,100.944096,6.636899,7.209421,0.125668
150522161890569,100.954097,6.667237,7.18158,0.11334
150522171891482,100.964097,6.686436,7.163932,0.098184
150522181892329,100.974098,6.695651,7.155443,0.088839
150522191893255,100.984099,6.696913,7.154257,0.089087
150522201894178,100.994100,6.691883,7.158808,0.100982
150522211894858,101.004101,6.679763,7.169843,0.118794
150522221895780,101.014102,6.659663,7.188228,0.135372
150522231896641,101.024103,6.632109,7.213436,0.146401
150522241897563,101.034104,6.602663,7.240199,0.156092
150522251898471,101.044104,6.57727,7.263026,0.167284
150522261899161,101.054105,6.563339,7.275181,0.185197
150522271900084,101.064106,6.565509,7.272648,0.206532
150522281900909,101.074107,6.580887,7.258137,0.226533
150522291901820,101.084108,6.596923,7.243176,0.2388
150522301902726,101.094109,6.606417,7.23451,0.239048
150522311903419,101.104109,6.606059,7.235082,0.231423
150522321904334,101.114110,6.597432,7.243169,0.224483
150522331905257,101.124111,6.583493,7.255868,0.223507
150522341906094,101.134112,6.569062,7.268696,0.23122
150522351907015,101.144113,6.55646,7.279617,0.244934
150522361907710,101.154114,6.544877,7.289607,0.257326
150522371908628,101.164115,6.531965,7.301073,0.260315
150522381909551,101.174116,6.514018,7.317396,0.251581
150522391910472,101.184116,6.49027,7.338999,0.235666
150522401911315,101.194117,6.467103,7.359822,0.222673
150522411912236,101.204118,6.45281,7.372506,0.21764
150522421912944,101.214119,6.451279,7.37365,0.22418
150522431913869,101.224120,6.463124,7.362869,0.236974
150522441914792,101.234121,6.484752,7.343461,0.248059
150522451915638,101.244122,6.507488,7.323227,0.250912
150522461916563,101.254123,6.527612,7.305556,0.243192
150522471917486,101.264123,6.541497,7.293647,0.226996
150522481918193,101.274124,6.546166,7.290038,0.20754
150522491919133,101.284125,6.542546,7.293738,0.190978
150522501920071,101.294126,6.535882,7.299891,0.183938
150522511920895,101.304127,6.532202,7.303069,0.188312
150522521921818,101.314128,6.535997,7.299321,0.201781
150522531922512,101.324129,6.550097,7.286206,0.217739
150522541923426,101.334129,6.572242,7.265912,0.228352
150522551924363,101.344130,6.599645,7.240959,0.230602
150522561925208,101.354131,6.628312,7.214953,0.223407
150522571926131,101.364132,6.654208,7.191428,0.211764
150522581927059,101.374133,6.671857,7.175412,0.199319
150522591927736,101.384134,6.678407,7.169545,0.191063
150522601928661,101.394135,6.675279,7.172453,0.19119
150522611929594,101.404136,6.667823,7.179184,0.198704
150522621930439,101.414136,6.664195,7.182081,0.21502
150522631931362,101.424137,6.670772,7.17528,0.237047
150522641932054,101.434138,6.690781,7.155876,0.25871
150522651932984,101.444139,6.722539,7.125517,0.272862
150522661933892,101.454140,6.760605,7.089253,0.277002
150522671934736,101.464141,6.799473,7.052072,0.274592
150522681935676,101.474142,6.835268,7.01752,0.271145
150522691936598,101.484143,6.865798,6.987614,0.272084
150522701937292,101.494143,6.890012,6.963377,0.281349
150522711938219,101.504144,6.910193,6.94257,0.299981
150522721939157,101.514145,6.930976,6.920714,0.324486
150522731940003,101.524146,6.952845,6.89759,0.348137
150522741940924,101.534147,6.972335,6.876925,0.366701
150522751941847,101.544148,6.984927,6.863592,0.376697
150522761942553,101.554149,6.986474,6.86194,0.378037
150522771943473,101.564149,6.976872,6.871867,0.375119
150522781944311,101.574150,6.959035,6.890079,0.372333
150522791945232,101.584151,6.937512,6.911708,0.373081
150522801946155,101.594152,6.913961,6.935066,0.376762
150522811946848,101.604153,6.888211,6.960368,0.38187
150522821947773,101.614154,6.859142,6.988871,0.384498
150522831948696,101.624155,6.828523,7.018742,0.385451
150522841949525,101.634156,6.799866,7.046511,0.385276
150522851950443,101.644156,6.776537,7.068868,0.386883
150522861951366,101.654157,6.76241,7.082144,0.391189
150522871952059,101.664158,6.757447,7.086626,0.395778
150522881952979,101.674159,6.759133,7.08496,0.396894
150522891953818,101.684160,6.765115,7.079362,0.394819
150522901954727,101.694161,6.77416,7.07105,0.3886
150522911955415,101.704161,6.782246,7.063707,0.381012
150522921956324,101.714162,6.785376,7.06099,0.375638
150522931957247,101.724163,6.78402,7.062467,0.372353
150522941958175,101.734164,6.780398,7.065977,0.371665
150522951959041,101.744165,6.776206,7.069934,0.372915
150522961959962,101.754166,6.770582,7.075322,0.372839
150522971960899,101.764167,6.762152,7.083376,0.372958
150522981961593,101.774168,6.749481,7.095497,0.372028
150522991962506,101.784169,6.731148,7.112978,0.370385
150523001963353,101.794169,6.704151,7.138436,0.370304
150523011964274,101.804170,6.670601,7.169707,0.37196
150523021965197,101.814171,6.633887,7.203447,0.376706
150523031965889,101.824172,6.60024,7.233821,0.385564
150523041966819,101.834173,6.577261,7.253956,0.399746
150523051967742,101.844174,6.569566,7.25989,0.418073
150523061968655,101.854175,6.578339,7.250755,0.438189
150523071969510,101.864176,6.598104,7.231732,0.455037
150523081970439,101.874176,6.619838,7.211372,0.46246
150523091971376,101.884177,6.637314,7.195196,0.463909
150523101972070,101.894178,6.646435,7.186908,0.461793
150523111972993,101.904179,6.64654,7.186962,0.459427
150523121973818,101.914180,6.641895,7.191008,0.463274
150523131974736,101.924181,6.637465,7.194479,0.472781
150523141975412,101.934181,6.636558,7.19435,0.487264
150523151976564,101.944183,6.639723,7.190533,0.500305
150523161977253,101.954183,6.646748,7.183486,0.508196
150523171978181,101.964184,6.657854,7.172847,0.513103
150523181979039,101.974185,6.674737,7.156679,0.519391
150523191979952,101.984186,6.698202,7.134095,0.527966
150523201980880,101.994187,6.723299,7.109834,0.536142
150523211981804,102.004188,6.741328,7.092321,0.541701
150523221982496,102.014188,6.747649,7.086146,0.543842
150523231983431,102.024189,6.743469,7.090045,0.544895
150523241984267,102.034190,6.734422,7.098293,0.549356
150523251985193,102.044191,6.725949,7.105401,0.561161
150523261985886,102.054192,6.720846,7.109112,0.575105
150523271986796,102.064193,6.719486,7.109761,0.582936
150523281987719,102.074194,6.718951,7.110537,0.57962
150523291988565,102.084195,6.717546,7.112825,0.567707
150523301989486,102.094195,6.71475,7.116605,0.553226
150523311990414,102.104196,6.708569,7.123254,0.542541
150523321991114,102.114197,6.700398,7.131123,0.540122
150523331992042,102.124198,6.692956,7.137699,0.545537
150523341992965,102.134199,6.688133,7.141551,0.554158
150523351993811,102.144200,6.687628,7.141344,0.562835
150523361994818,102.154201,6.693183,7.135673,0.568746
150523371995435,102.164201,6.703955,7.125388,0.570812
150523381996349,102.174202,6.714333,7.115749,0.56906
150523391997268,102.184203,6.71671,7.114103,0.561546
150523401998181,102.194204,6.704167,7.126886,0.549202
150523411999025,102.204205,6.672674,7.157648,0.532458
150523421999948,102.214206,6.622493,7.205331,0.515548
150523432000866,102.224207,6.561256,7.261905,0.504607
150523442001556,102.234208,6.501047,7.315914,0.503744
150523452002493,102.244208,6.457747,7.353374,0.515156
150523462003427,102.254209,6.443537,7.364477,0.534097
150523472004273,102.264210,6.468966,7.340431,0.557267
150523482005203,102.274211,6.520416,7.293836,0.569265
150523492006121,102.284212,6.575734,7.244505,0.562876
150523502006813,102.294213,6.620872,7.204787,0.543252
150523512007738,102.304214,6.644864,7.18475,0.51491
150523522008676,102.314215,6.640167,7.19097,0.487947
150523532009516,102.324216,6.610581,7.219271,0.4715
150523542010439,102.334216,6.57149,7.25475,0.473444
150523552011367,102.344217,6.538445,7.283179,0.493976
150523562012295,102.354218,6.520462,7.297108,0.525134
150523572013001,102.364219,6.520931,7.294604,0.553347
150523582013926,102.374220,6.530605,7.285142,0.563823
150523592014785,102.384221,6.535903,7.281336,0.551483
150523602015707,102.394222,6.529281,7.289253,0.524639
150523612016622,102.404223,6.511725,7.306824,0.497776
150523622017316,102.414223,6.491311,7.325863,0.484391
150523632018229,102.424224,6.477003,7.33817,0.489588
150523642019162,102.434225,6.474275,7.339327,0.508032
150523652019996,102.444226,6.486519,7.326647,0.534136
150523662020938,102.454227,6.511043,7.303158,0.556941
150523672021617,102.464228,6.54133,7.275155,0.568437
150523682022771,102.474229,6.572571,7.247159,0.565672
150523692023478,102.484229,6.595884,7.226935,0.552953
150523702024388,102.494230,6.604868,7.220014,0.535848
150523712025236,102.504231,6.596011,7.229334,0.519004
150523722026159,102.514232,6.570883,7.253031,0.507007
150523732027083,102.524233,6.534202,7.28647,0.501608
150523742027777,102.534234,6.494652,7.321717,0.501931
150523752028714,102.544235,6.459021,7.352731,0.50832
150523762029546,102.554236,6.43284,7.374851,0.519761
150523772030469,102.564236,6.419379,7.385914,0.529034
150523782031390,102.574237,6.41402,7.390348,0.53208
150523792032111,102.584238,6.411747,7.392622,0.527839
150523802033041,102.594239,6.409954,7.394764,0.519589
150523812033964,102.604240,6.409878,7.395159,0.514873
150523822034814,102.614241,6.409394,7.395528,0.515577
150523832035735,102.624242,6.407872,7.39643,0.521529
150523842036646,102.634243,6.400627,7.402159,0.529154
150523852037596,102.644244,6.382543,7.417544,0.532161
150523862038276,102.654244,6.350015,7.445869,0.525703
150523872039122,102.664245,6.305278,7.484575,0.51444
150523882040132,102.674246,6.25347,7.528495,0.505866
150523892040976,102.684247,6.206729,7.567001,0.507005
150523902041899,102.694248,6.173783,7.593228,0.51698
150523912042822,102.704249,6.161667,7.602105,0.530926
150523922043740,102.714250,6.172873,7.592008,0.545007
150523932044419,102.724250,6.203524,7.56615,0.556471
150523942045358,102.734251,6.245341,7.531141,0.563574
150523952046204,102.744252,6.293114,7.491081,0.566004
150523962047111,102.754253,6.340751,7.450939,0.564307
150523972048029,102.764254,6.381328,7.416557,0.559755
150523982048724,102.774255,6.414276,7.388252,0.557496
150523992049632,102.784256,6.44678,7.359452,0.563459
150524002050555,102.794257,6.487099,7.322631,0.580167
150524012051397,102.804257,6.539614,7.27395,0.602539
150524022052304,102.814258,6.598286,7.219019,0.623214
150524032053213,102.824259,6.655766,7.165002,0.635244
150524042053907,102.834260,6.701358,7.122459,0.634369
150524052054821,102.844261,6.72381,7.102347,0.622124
150524062055734,102.854262,6.721219,7.106169,0.606256
150524072056580,102.864263,6.705219,7.121753,0.600543
150524082057501,102.874264,6.690935,7.134308,0.610732
150524092058429,102.884264,6.686486,7.136237,0.636377
150524102059347,102.894265,6.700567,7.119703,0.672482
150524112060039,102.904266,6.736152,7.08273,0.706523
150524122060954,102.914267,6.785705,7.03331,0.725811
150524132061796,102.924268,6.835497,6.985053,0.72456
150524142062717,102.934269,6.873955,6.949208,0.705146
150524152063644,102.944270,6.892683,6.933357,0.67782
150524162064582,102.954271,6.892107,6.93603,0.656025
150524172065274,102.964271,6.882693,6.946177,0.647406
150524182066200,102.974272,6.873797,6.954398,0.653646
150524192067050,102.984273,6.868843,6.957541,0.672065
150524202067986,102.994274,6.868629,6.955745,0.692482
150524212068911,103.004275,6.868671,6.954242,0.707017
150524222069856,103.014276,6.862553,6.9598,0.711712
150524232070553,103.024277,6.84515,6.97729,0.708072
150524242071478,103.034277,6.814724,7.007683,0.701371
150524252072397,103.044278,6.771314,7.04996,0.6981
150524262073236,103.054279,6.71751,7.1008,0.702587
150524272074164,103.064280,6.657802,7.155493,0.715949
150524282075082,103.074281,6.59777,7.208924,0.735409
150524292075776,103.084282,6.544175,7.255366,0.757285
150524302076704,103.094283,6.501302,7.291677,0.777511
150524312077627,103.104284,6.469942,7.317875,0.792793
150524322078551,103.114285,6.45128,7.33328,0.802492
150524332079375,103.124285,6.447672,7.335902,0.807537
150524342080298,103.134286,6.458458,7.3262,0.809427
150524352080992,103.144287,6.480134,7.306861,0.810956
150524362081920,103.154288,6.50532,7.284511,0.81035
150524372082833,103.164289,6.526436,7.266164,0.805285
150524382083704,103.174290,6.535322,7.259218,0.795797
150524392084690,103.184291,6.52712,7.267487,0.787626
150524402085529,103.194292,6.503967,7.288594,0.784101
150524412086452,103.204292,6.473729,7.315038,0.788082
150524422087144,103.214293,6.441896,7.342259,0.795765
150524432088084,103.224294,6.415322,7.364865,0.801509
150524442089011,103.234295,6.396529,7.381295,0.800564
150524452089944,103.244296,6.389211,7.388482,0.792641
150524462090779,103.254297,6.395305,7.384438,0.781114
150524472091702,103.264298,6.41457,7.369118,0.767703
150524482092387,103.274298,6.443124,7.345554,0.754298
150524492093305,103.284299,6.473122,7.320736,0.738592
150524502094228,103.294300,6.499727,7.298946,0.720405
150524512095151,103.304301,6.520206,7.282576,0.700731
150524522095996,103.314302,6.533506,7.27273,0.678731
150524532096919,103.324303,6.536962,7.27186,0.65436
150524542097608,103.334304,6.526213,7.283954,0.626502
150524552098526,103.344305,6.501634,7.308498,0.595481
150524562099444,103.354305,6.47084,7.338191,0.564906
150524572100382,103.364306,6.443584,7.364125,0.538373
150524582101298,103.374307,6.42879,7.378263,0.521383
150524592102130,103.384308,6.435071,7.373145,0.516363
150524602103053,103.394309,6.466401,7.345381,0.520557
150524612103738,103.404310,6.510512,7.306387,0.519531
150524622104661,103.414311,6.553357,7.268971,0.505507
150524632105572,103.424312,6.591485,7.235826,0.484887
150524642106444,103.434312,6.628043,7.203572,0.466471
150524652107371,103.444313,6.667852,7.167591,0.453207
150524662108309,103.454314,6.714024,7.124838,0.445592
150524672109232,103.464315,6.760692,7.080781,0.442236
150524682109938,103.474316,6.800425,7.042788,0.439722
150524692110849,103.484317,6.823019,7.021055,0.437289
150524702111772,103.494318,6.819351,7.024998,0.431074
150524712112618,103.504319,6.787236,7.056513,0.423193
150524722113541,103.514320,6.73782,7.103835,0.421064
150524732114463,103.524320,6.686471,7.151677,0.429689
150524742115146,103.534321,6.645993,7.188159,0.448425
150524752116051,103.544322,6.63228,7.199103,0.475114
150524762116974,103.554323,6.651491,7.179116,0.507882
150524772117835,103.564324,6.694043,7.137452,0.535277
150524782118741,103.574325,6.74278,7.090582,0.546385
150524792119670,103.584326,6.782517,7.053048,0.540422
150524802120593,103.594327,6.798682,7.039037,0.519468
150524812121506,103.604328,6.784228,7.05511,0.489545
150524822122198,103.614328,6.748288,7.091221,0.463941
150524832123046,103.624329,6.70748,7.130513,0.453348
150524842123969,103.634330,6.678357,7.157109,0.464015
150524852124880,103.644331,6.674685,7.1586,0.493029
150524862125800,103.654332,6.703352,7.129303,0.527371
150524872126513,103.664333,6.753684,7.079924,0.549954
150524882127436,103.674333,6.812829,7.022891,0.551722
150524892128344,103.684334,6.872384,6.965798,0.536604
150524902129190,103.694335,6.922116,6.918559,0.507826
150524912130116,103.704336,6.9539,6.889109,0.472669
150524922131044,103.714337,6.969553,6.875213,0.443623
150524932131973,103.724338,6.977509,6.868154,0.427527
150524942132881,103.734339,6.984431,6.861221,0.425894
150524952133590,103.744340,6.991957,6.852949,0.435444
150524962134508,103.754341,7.001219,6.842682,0.447937
150524972135354,103.764341,7.01455,6.828548,0.454995
150524982136261,103.774342,7.030859,6.8121,0.449756
150524992137184,103.784343,7.046915,6.796493,0.43437
150525002138092,103.794344,7.060438,6.783759,0.413335
150525012138770,103.804345,7.069416,6.775667,0.392057
150525022139709,103.814346,7.070418,6.7756,0.374757
150525032140550,103.824347,7.062116,6.78486,0.363584
150525042141454,103.834347,7.046589,6.801141,0.360656
150525052142375,103.844348,7.028994,6.819005,0.366621
150525062143312,103.854349,7.017091,6.830483,0.380621
150525072144231,103.864350,7.016736,6.829821,0.398703
150525082145154,103.874351,7.027954,6.817332,0.414577
150525092145842,103.884352,7.046355,6.797787,0.423002
150525102146690,103.894353,7.068512,6.774731,0.423286
150525112147690,103.904354,7.089787,6.752639,0.420475
150525122148562,103.914355,7.105469,6.736299,0.417799
150525132149485,103.924355,7.109235,6.732368,0.417115
150525142150178,103.934356,7.094798,6.747483,0.418717
150525152151361,103.944357,7.060056,6.78375,0.419897
150525162152060,103.954358,7.006836,6.838814,0.418182
150525172152998,103.964359,6.942639,6.90417,0.414959
150525182153935,103.974360,6.879349,6.967373,0.412579
150525192154779,103.984361,6.82941,7.016279,0.413497
150525202155711,103.994362,6.806762,7.037761,0.421721
150525212156650,104.004363,6.823492,7.020393,0.440453
150525222157344,104.014363,6.872799,6.970916,0.459283
150525232158257,104.024364,6.935274,6.908319,0.465929
150525242159190,104.034365,6.994614,6.848731,0.458614
150525252160034,104.044366,7.037707,6.805595,0.441131
150525262160957,104.054367,7.054758,6.789401,0.417576
150525272161899,104.064368,7.043258,6.802704,0.394572
150525282162818,104.074369,7.009832,6.837931,0.380653
150525292163496,104.084369,6.96718,6.881436,0.379819
150525302164421,104.094370,6.92899,6.919082,0.39418
150525312165343,104.104371,6.905514,6.94115,0.41747
150525322166260,104.114372,6.898139,6.947296,0.436821
150525332167103,104.124373,6.897567,6.94751,0.442308
150525342168020,104.134374,6.889814,6.95607,0.428451
150525352168714,104.144375,6.867703,6.979492,0.401728
150525362169637,104.154376,6.833841,7.014345,0.370914
150525372170574,104.164377,6.796526,7.051793,0.345576
150525382171420,104.174377,6.764253,7.083372,0.332653
150525392172418,104.184378,6.740718,7.105747,0.333267
150525402173262,104.194379,6.731192,7.114103,0.347233
150525412174193,104.204380,6.734887,7.109705,0.365243
150525422175126,104.214381,6.745475,7.099074,0.376444
150525432175820,104.224382,6.757137,7.088125,0.373567
150525442176723,104.234383,6.765671,7.080913,0.355466
150525452177651,104.244384,6.769281,7.078895,0.325681
150525462178497,104.254384,6.769195,7.080312,0.295293
150525472179406,104.264385,6.772416,7.077949,0.277506
150525482180328,104.274386,6.78761,7.063489,0.274732
150525492181022,104.284387,6.817155,7.03465,0.282932
150525502181935,104.294388,6.855269,6.997141,0.292048
150525512182872,104.304389,6.893462,6.959506,0.292267
150525522183806,104.314390,6.9242,6.929412,0.28046
150525532184657,104.324391,6.941902,6.912504,0.259419
150525542185573,104.334392,6.943794,6.911543,0.232949
150525552186482,104.344392,6.932673,6.923484,0.208304
150525562187400,104.354393,6.915436,6.941235,0.189664
150525572188104,104.364394,6.895728,6.96115,0.177206
150525582189032,104.374395,6.876352,6.98048,0.169362
150525592189950,104.384396,6.860546,6.996146,0.163677
150525602190873,104.394397,6.851161,7.005442,0.159084
150525612191799,104.404398,6.849417,7.007273,0.15378
150525622192653,104.414399,6.856795,7.000175,0.148104
150525632193574,104.424400,6.875978,6.981401,0.144942
150525642194497,104.434400,6.907322,6.950371,0.146034
150525652195203,104.444401,6.949951,6.907631,0.150989
150525662196123,104.454402,6.999261,6.857544,0.156331
150525672197051,104.464403,7.048965,6.806377,0.159118
150525682197945,104.474404,7.093118,6.760353,0.159105
150525692198770,104.484405,7.126574,6.725143,0.156293
150525702199688,104.494406,7.145311,6.705334,0.151797
150525712200372,104.504406,7.149329,6.701142,0.147618
150525722201295,104.514407,7.144545,6.706275,0.146069
150525732202238,104.524408,7.140218,6.710818,0.149076
150525742203156,104.534409,7.142983,6.707636,0.159307
150525752204069,104.544410,7.155834,6.693557,0.174041
150525762204909,104.554411,7.177577,6.669864,0.187682
150525772205909,104.564412,7.204063,6.641018,0.195863
150525782206741,104.574413,7.231905,6.610558,0.200217
150525792207664,104.584414,7.25908,6.58056,0.20494
150525802208353,104.594414,7.284109,6.552612,0.212261
150525812209276,104.604415,7.306461,6.527375,0.221358
150525822210213,104.614416,7.32493,6.506276,0.231891
150525832211065,104.624417,7.337569,6.491615,0.242989
150525842211983,104.634418,7.343789,6.484145,0.254202
150525852212919,104.644419,7.343742,6.483776,0.264761
150525862213871,104.654420,7.337805,6.490068,0.275023
150525872214549,104.664421,7.326997,6.501904,0.283469
150525882215474,104.674421,7.312117,6.518458,0.287444
150525892216426,104.684422,7.292383,6.540564,0.286638
150525902217350,104.694423,7.271091,6.564373,0.283174
150525912218181,104.704424,7.254408,6.582853,0.282164
150525922219104,104.714425,7.24627,6.591575,0.28765
150525932220030,104.724426,7.247748,6.589489,0.29804
150525942220934,104.734427,7.255864,6.580103,0.307639
150525952221871,104.744428,7.264589,6.570363,0.309964
150525962222565,104.754429,7.266175,6.568845,0.304914
150525972223489,104.764429,7.257136,6.579296,0.294668
150525982224407,104.774430,7.235608,6.603469,0.283123
150525992225229,104.784431,7.202989,6.639364,0.275311
150526002226150,104.794432,7.165004,6.680367,0.274647
150526012227068,104.804433,7.127971,6.719641,0.28005
150526022228001,104.814434,7.095525,6.753619,0.286582
150526032228690,104.824435,7.068509,6.781677,0.29161
150526042229828,104.834436,7.048941,6.801858,0.29524
150526052230523,104.844437,7.038388,6.812714,0.296614
150526062231431,104.854437,7.035546,6.815686,0.29582
150526072232349,104.864438,7.037574,6.813769,0.291701
150526082233195,104.874439,7.040822,6.810742,0.283867
150526092234131,104.884440,7.043566,6.808335,0.273461
150526102234825,104.894441,7.042165,6.810231,0.262012
150526112235977,104.904442,7.032245,6.820911,0.250383
150526122236686,104.914443,7.011396,6.842823,0.236796
150526132237609,104.924444,6.98024,6.875142,0.220725
150526142238532,104.934445,6.940586,6.915724,0.202423
150526152239362,104.944445,6.897288,6.959429,0.183779
150526162240368,104.954446,6.857431,6.999137,0.166417
150526172241224,104.964447,6.825448,7.030672,0.151252
150526182242145,104.974448,6.80428,7.051427,0.138261
150526192243054,104.984449,6.79753,7.058119,0.128464
150526202243751,104.994450,6.806184,7.049883,0.122551
150526212244676,105.004451,6.826137,7.030678,0.115796
150526222245599,105.014452,6.849311,7.008304,0.103101
150526232246522,105.024453,6.864951,6.993261,0.082051
150526242247440,105.034453,6.865335,6.993154,0.05434
150526252248275,105.044454,6.845513,7.012732,0.023092
150526262249207,105.054455,6.810642,7.046632,-0.008074
150526272250127,105.064456,6.771177,7.084494,-0.033184
150526282251050,105.074457,6.737474,7.116467,-0.048664
150526292251958,105.084458,6.717596,7.135191,-0.054119
150526302252650,105.094459,6.719369,7.133552,-0.050031
150526312253575,105.104460,6.742217,7.11199,-0.046484
150526322254440,105.114460,6.777921,7.077938,-0.051145
150526332255349,105.124461,6.813981,7.043108,-0.06559
150526342256271,105.134462,6.842127,7.015543,-0.086226
150526352257199,105.144463,6.855812,7.001844,-0.109614
150526362258126,105.154464,6.855221,7.00207,-0.130189
150526372258833,105.164465,6.848186,7.00876,-0.140025
150526382259987,105.174466,6.848696,7.00825,-0.140718
150526392260695,105.184467,6.862478,6.994873,-0.134708
150526402261618,105.194468,6.88139,6.976392,-0.128073
150526412262547,105.204469,6.895448,6.962536,-0.126127
150526422263400,105.214469,6.899957,6.957998,-0.129841
150526432264309,105.224470,6.8961,6.961655,-0.138285
150526442265224,105.234471,6.889128,6.96843,-0.144553
150526452266145,105.244472,6.887339,6.970212,-0.143822
150526462267073,105.254473,6.897681,6.960177,-0.134121
150526472267767,105.264474,6.921282,6.936959,-0.120189
150526482268691,105.274475,6.951371,6.906945,-0.112269
150526492269605,105.284476,6.977308,6.880667,-0.116586
150526502270542,105.294477,6.990914,6.866538,-0.133389
150526512271450,105.304477,6.993617,6.863337,-0.154691
150526522272294,105.314478,6.991125,6.865502,-0.170446
150526532273213,105.324479,6.992758,6.863759,-0.173719
150526542274136,105.334480,7.004363,6.852063,-0.167684
150526552275030,105.344481,7.02442,6.83165,-0.16154
150526562275725,105.354482,7.046417,6.808874,-0.165104
150526572276648,105.364483,7.063923,6.790339,-0.179724
150526582277571,105.374484,7.071409,6.781837,-0.204546
150526592278498,105.384484,7.06704,6.785475,-0.232946
150526602279333,105.394485,7.054605,6.797546,-0.256736
150526612280256,105.404486,7.043125,6.808828,-0.272364
150526622281174,105.414487,7.040577,6.811277,-0.277171
150526632282097,105.424488,7.051862,6.799694,-0.274661
150526642283045,105.434489,7.078105,6.772686,-0.266743
150526652283742,105.444490,7.114884,6.734276,-0.260626
150526662284896,105.454491,7.154449,6.692153,-0.262535
150526672285585,105.464492,7.191692,6.651732,-0.272069
150526682286508,105.474493,7.22876,6.61093,-0.283907
150526692287450,105.484493,7.267613,6.567724,-0.294628
150526702288304,105.494494,7.305601,6.524995,-0.304402
150526712289228,105.504495,7.335974,6.490317,-0.315083
150526722290165,105.514496,7.349585,6.474317,-0.326937
150526732291083,105.524497,7.339415,6.485422,-0.334992
150526742292001,105.534498,7.308332,6.520432,-0.335033
150526752292695,105.544499,7.270391,6.563238,-0.324648
150526762293618,105.554500,7.239077,6.598779,-0.303117
150526772294541,105.564501,7.220968,6.619894,-0.273266
150526782295478,105.574501,7.217272,6.625128,-0.242171
150526792296411,105.584502,7.221187,6.621691,-0.218497
150526802297320,105.594503,7.223773,6.619188,-0.208438
150526812298156,105.604504,7.215909,6.627604,-0.213408
150526822299073,105.614505,7.193289,6.651709,-0.226747
150526832300000,105.624506,7.158952,6.688204,-0.239305
150526842300918,105.634507,7.120167,6.729339,-0.24337
150526852301856,105.644508,7.081098,6.770715,-0.235583
150526862302788,105.654509,7.046276,6.807506,-0.218643
150526872303493,105.664509,7.020977,6.834283,-0.196114
150526882304416,105.674510,7.00565,6.850631,-0.172359
150526892305353,105.684511,6.996987,6.859954,-0.152337
150526902306276,105.694512,6.9924,6.864894,-0.140037
150526912307204,105.704513,6.989773,6.86763,-0.136811
150526922308055,105.714514,6.986913,6.870432,-0.142218
150526932308981,105.724515,6.985699,6.871437,-0.152789
150526942309906,105.734516,6.989132,6.867697,-0.163521
150526952310597,105.744517,7.000004,6.856436,-0.170754
150526962311517,105.754518,7.023738,6.832052,-0.173856
150526972312469,105.764518,7.064344,6.790123,-0.17126
150526982313387,105.774519,7.118637,6.733285,-0.16693
150526992314310,105.784520,7.179291,6.668609,-0.165428
150527002315237,105.794521,7.232995,6.610218,-0.169777
150527012316165,105.804522,7.264208,6.575594,-0.181337
150527022317012,105.814523,7.260993,6.578634,-0.198913
150527032317921,105.824524,7.224641,6.61792,-0.218364
150527042318832,105.834525,7.174651,6.671581,-0.233102
150527052319755,105.844526,7.132031,6.716943,-0.238474
150527062320678,105.854527,7.113215,6.737159,-0.229998
150527072321587,105.864528,7.125723,6.724739,-0.204814
150527082322515,105.874529,7.158609,6.690534,-0.176378
150527092323210,105.884529,7.190864,6.656242,-0.160871
150527102324114,105.894530,7.208314,6.637274,-0.16359
150527112325037,105.904531,7.205616,6.639756,-0.180905
150527122325960,105.914532,7.187856,6.658353,-0.202709
150527132326883,105.924533,7.167308,6.679905,-0.220287
150527142327712,105.934534,7.15213,6.695926,-0.227158
150527152328635,105.944535,7.141108,6.707884,-0.221068
150527162329563,105.954536,7.129526,6.720654,-0.206677
150527172330462,105.964536,7.114191,6.737275,-0.193445
150527182331381,105.974537,7.091659,6.761176,-0.186842
150527192332304,105.984538,7.062978,6.791121,-0.187124
150527202332984,105.994539,7.032699,6.822371,-0.1908
150527212333907,106.004540,7.004897,6.850768,-0.195881
150527222334839,106.014541,6.985418,6.870517,-0.199836
150527232335753,106.024542,6.974578,6.881432,-0.202844
150527242336671,106.034543,6.96648,6.889453,-0.208843
150527252337583,106.044544,6.953689,6.902024,-0.219685
150527262338430,106.054544,6.936653,6.918697,-0.23341
150527272339428,106.064545,6.919417,6.935534,-0.245113
150527282340289,106.074546,6.908709,6.946076,-0.248513
150527292341212,106.084547,6.909817,6.945208,-0.241986
150527302342130,106.094548,6.922039,6.933326,-0.233157
150527312343062,106.104549,6.935882,6.919524,-0.23172
150527322343976,106.114550,6.941382,6.913604,-0.243486
150527332344669,106.124551,6.932686,6.921419,-0.268032
150527342345589,106.134552,6.906791,6.945986,-0.299198
150527352346512,106.144553,6.870193,6.980953,-0.326693
150527362347450,106.154553,6.83804,7.011814,-0.340174
150527372348387,106.164554,6.818137,7.031092,-0.341694
150527382349310,106.174555,6.808327,7.040625,-0.340909
150527392350231,106.184556,6.804001,7.044486,-0.347521
150527402351084,106.194557,6.800437,7.047107,-0.363762
150527412351992,106.204558,6.795209,7.050832,-0.388425
150527422352924,106.214559,6.79158,7.052759,-0.41601
150527432353847,106.224560,6.791763,7.051107,-0.440217
150527442354760,106.234561,6.800651,7.04138,-0.45831
150527452355678,106.244562,6.819403,7.022402,-0.470708
150527462356601,106.254563,6.846872,6.995057,-0.479079
150527472357295,106.264563,6.879755,6.962174,-0.486899
150527482358218,106.274564,6.913622,6.92786,-0.496541
150527492359141,106.284565,6.945787,6.894942,-0.505779
150527502360056,106.294566,6.971271,6.868366,-0.516661
150527512360988,106.304567,6.984637,6.85381,-0.529286
150527522361926,106.314568,6.97987,6.857469,-0.544515
150527532362849,106.324569,6.956112,6.88017,-0.561936
150527542363770,106.334570,6.920519,6.914706,-0.577309
150527552364709,106.344571,6.882656,6.951451,-0.588567
150527562365553,106.354572,6.851781,6.981502,-0.593057
150527572366476,106.364572,6.834947,6.998345,-0.58878
150527582367394,106.374573,6.840541,6.994158,-0.573379
150527592368332,106.384574,6.868373,6.968638,-0.550994
150527602369255,106.394575,6.905131,6.933528,-0.534136
150527612370183,106.404576,6.936809,6.90206,-0.531215
150527622371106,106.414577,6.954517,6.883338,-0.542533
150527632372029,106.424578,6.950999,6.884961,-0.566476
150527642372721,106.434579,6.930577,6.903667,-0.58865
150527652373632,106.444580,6.906409,6.926983,-0.598666
150527662374556,106.454581,6.891909,6.94229,-0.588393
150527672375469,106.464581,6.893325,6.943178,-0.560647
150527682376378,106.474582,6.911661,6.927246,-0.531186
150527692377301,106.484583,6.938802,6.901261,-0.515386
150527702378127,106.494584,6.961318,6.877813,-0.52505
150527712379050,106.504585,6.973683,6.862841,-0.556001
150527722379971,106.514586,6.97465,6.858551,-0.595436
150527732380880,106.524587,6.964787,6.86554,-0.629331
150527742381805,106.534588,6.952818,6.875696,-0.650499
150527752382726,106.544589,6.945451,6.882771,-0.654351
150527762383650,106.554590,6.945379,6.883156,-0.651031
150527772384558,106.564591,6.949929,6.878791,-0.648618
150527782385481,106.574591,6.951773,6.876346,-0.654729
150527792386404,106.584592,6.946156,6.880387,-0.67169
150527802387343,106.594593,6.93488,6.88956,-0.693833
150527812388270,106.604594,6.92203,6.900087,-0.717181
150527822388964,106.614595,6.913992,6.90611,-0.736476
150527832389879,106.624596,6.913089,6.905329,-0.752051
150527842390816,106.634597,6.92037,6.896847,-0.762902
150527852391739,106.644598,6.931186,6.884736,-0.774023
150527862392672,106.654599,6.940643,6.873503,-0.788937
150527872393595,106.664600,6.94699,6.864907,-0.807689
150527882394522,106.674601,6.951449,6.858183,-0.826245
150527892395445,106.684601,6.956271,6.851122,-0.84407
150527902396368,106.694602,6.964472,6.841014,-0.858292
150527912397294,106.704603,6.976563,6.82741,-0.868356
150527922398143,106.714604,6.99017,6.812372,-0.876997
150527932399064,106.724605,7.002102,6.798857,-0.886637
150527942399987,106.734606,7.01175,6.787605,-0.896525
150527952400910,106.744607,7.017454,6.780476,-0.9058
150527962401833,106.754608,7.019193,6.777877,-0.911764
150527972402742,106.764609,7.022784,6.774209,-0.911351
150527982403669,106.774610,7.035743,6.761446,-0.906152
150527992404587,106.784611,7.057806,6.738998,-0.90183
150528002405495,106.794611,7.080761,6.714133,-0.907297
150528012406418,106.804612,7.097786,6.693784,-0.924526
150528022407113,106.814613,7.106349,6.68136,-0.948299
150528032408036,106.824614,7.108404,6.675928,-0.970855
150528042408959,106.834615,7.110539,6.671385,-0.986371
150528052409887,106.844616,7.123079,6.657272,-0.991177
150528062410824,106.854617,7.151679,6.626685,-0.990213
150528072411743,106.864618,7.190767,6.583722,-0.993717
150528082412661,106.874619,7.227875,6.540726,-1.008322
150528092413564,106.884620,7.249911,6.512155,-1.034722
150528102414479,106.894620,7.249456,6.507056,-1.06942
150528112415402,106.904621,7.226454,6.526559,-1.105621
150528122416320,106.914622,7.190893,6.560609,-1.135559
150528132417243,106.924623,7.159191,6.592416,-1.151522
150528142418164,106.934624,7.141502,6.61117,-1.153875
150528152419029,106.944625,7.146238,6.606832,-1.14937
150528162420017,106.954626,7.17007,6.580676,-1.150991
150528172420866,106.964627,7.197091,6.548367,-1.166501
150528182421809,106.974628,7.216955,6.521653,-1.193129
150528192422733,106.984629,7.228884,6.502911,-1.222886
150528202423665,106.994630,7.234284,6.492381,-1.246645
150528212424583,107.004631,7.235147,6.489047,-1.25893
150528222425521,107.014632,7.233809,6.490152,-1.260929
150528232426448,107.024632,7.230107,6.494488,-1.259825
150528242427357,107.034633,7.220651,6.504319,-1.263314
150528252428285,107.044634,7.204916,6.5196,-1.274377
150528262428969,107.054635,7.184616,6.538527,-1.291893
150528272430131,107.064636,7.163218,6.557968,-1.312006
150528282431054,107.074637,7.146862,6.572076,-1.33049
150528292431773,107.084638,7.137977,6.578812,-1.344809
150528302432686,107.094639,7.139993,6.574781,-1.353813
150528312433614,107.104640,7.154537,6.55779,-1.359388
150528322434537,107.114641,7.177526,6.531503,-1.364775
150528332435455,107.124641,7.201322,6.503056,-1.375213
150528342436388,107.134642,7.218985,6.47982,-1.39218
150528352437311,107.144643,7.225512,6.467534,-1.415271
150528362438239,107.154644,7.219437,6.468421,-1.44196
150528372439158,107.164645,7.206686,6.477243,-1.465936
150528382440095,107.174646,7.200222,6.481279,-1.479793
150528392441008,107.184647,7.209741,6.470111,-1.482328
150528402441931,107.194648,7.238308,6.438583,-1.480382
150528412442864,107.204649,7.281815,6.388862,-1.482434
150528422443787,107.214650,7.330203,6.329993,-1.49642
150528432444631,107.224651,7.373079,6.273592,-1.523071
150528442445556,107.234652,7.399446,6.234086,-1.557023
150528452446568,107.244653,7.402189,6.222817,-1.588759
150528462447420,107.254653,7.385012,6.23757,-1.610681
150528472448407,107.264654,7.362979,6.261633,-1.618181
150528482449266,107.274655,7.347693,6.280484,-1.614618
150528492450179,107.284656,7.346112,6.285067,-1.603919
150528502451102,107.294657,7.359423,6.271681,-1.59527
150528512452025,107.304658,7.379134,6.247814,-1.597881
150528522452943,107.314659,7.394651,6.225663,-1.612514
150528532453871,107.324660,7.402145,6.211948,-1.630942
150528542454774,107.334661,7.405046,6.204046,-1.64775
150528552455697,107.344662,7.410327,6.195419,-1.656449
150528562456621,107.354663,7.423069,6.180175,-1.656346
150528572457530,107.364664,7.444376,6.156169,-1.65012
150528582458453,107.374664,7.467957,6.129677,-1.642148
150528592459376,107.384665,7.482927,6.113183,-1.635485
150528602460284,107.394666,7.482012,6.114874,-1.633364
150528612461207,107.404667,7.461716,6.13929,-1.634597
150528622462130,107.414668,7.424195,6.184324,-1.635698
150528632463053,107.424669,7.381924,6.23605,-1.630592
150528642463976,107.434670,7.347646,6.278899,-1.620978
150528652464899,107.444671,7.330437,6.302174,-1.60851
150528662465823,107.454672,7.334071,6.301426,-1.594809
150528672466515,107.464673,7.358708,6.275686,-1.582763
150528682467445,107.474673,7.395591,6.234477,-1.573708
150528692468597,107.484675,7.437011,6.186377,-1.568313
150528702469295,107.494675,7.478758,6.136691,-1.564993
150528712470218,107.504676,7.516418,6.091101,-1.56266
150528722471132,107.514677,7.545291,6.055976,-1.560044
150528732472065,107.524678,7.562015,6.035596,-1.558052
150528742472993,107.534679,7.56471,6.032393,-1.557377
150528752473916,107.544680,7.555354,6.043916,-1.558092
150528762474839,107.554681,7.543159,6.059316,-1.557393
150528772475991,107.564682,7.539375,6.064549,-1.555329
150528782476690,107.574683,7.549588,6.052515,-1.552675
150528792477613,107.584684,7.571103,6.024703,-1.556071
150528802478536,107.594685,7.595904,5.991392,-1.563795
150528812479464,107.604685,7.612315,5.966898,-1.577586
150528822480387,107.614686,7.613926,5.960422,-1.594213
150528832481315,107.624687,7.598213,5.976164,-1.610158
150528842482238,107.634688,7.569066,6.010144,-1.620926
150528852483161,107.644689,7.538271,6.048134,-1.623125
150528862484084,107.654690,7.513216,6.080648,-1.617803
150528872485007,107.664691,7.49688,6.103624,-1.607034
150528882485853,107.674692,7.487621,6.118203,-1.594697
150528892486856,107.684693,7.47679,6.133095,-1.588321
150528902487767,107.694694,7.455329,6.159043,-1.58878
150528912488695,107.704695,7.420659,6.198906,-1.596052
150528922489609,107.714696,7.377671,6.247973,-1.603975
150528932490454,107.724696,7.332888,6.299156,-1.609146
150528942491379,107.734697,7.291917,6.346513,-1.609251
150528952492319,107.744698,7.260654,6.383814,-1.603075
150528962493319,107.754699,7.241681,6.407876,-1.592858
150528972494167,107.764700,7.228983,6.424593,-1.583181
150528982495165,107.774701,7.214426,6.442606,-1.576338
150528992496088,107.784702,7.190363,6.469672,-1.575457
150529002496993,107.794703,7.153965,6.508741,-1.580226
150529012497916,107.804704,7.10903,6.555914,-1.587975
150529022498833,107.814705,7.067433,6.599709,-1.592238
150529032499694,107.824706,7.038859,6.630547,-1.590674
150529042500679,107.834707,7.030189,6.642144,-1.580628
150529052501602,107.844708,7.038328,6.636523,-1.567953
150529062502429,107.854708,7.058163,6.617924,-1.557375
150529072503349,107.864709,7.08157,6.593461,-1.554862
150529082504253,107.874710,7.105102,6.566977,-1.559575
150529092505193,107.884711,7.119913,6.548359,-1.570288
150529102506116,107.894712,7.124355,6.540369,-1.583389
150529112507049,107.904713,7.121023,6.541208,-1.594875
150529122508049,107.914714,7.115145,6.546172,-1.600726
150529132508975,107.924715,7.112267,6.549295,-1.60075
150529142509828,107.934716,7.116296,6.545561,-1.598129
150529152510751,107.944717,7.127301,6.533988,-1.596435
150529162511674,107.954718,7.143592,6.515769,-1.598086
150529172512612,107.964719,7.164948,6.491166,-1.602596
150529182513535,107.974720,7.189903,6.462578,-1.606346
150529192514458,107.984720,7.212543,6.436816,-1.608291
150529202515458,107.994721,7.224603,6.422874,-1.609914
150529212516383,108.004722,7.21926,6.428598,-1.611027
150529222517213,108.014723,7.203049,6.447986,-1.606101
150529232518151,108.024724,7.189808,6.466043,-1.592773
150529242519092,108.034725,7.190223,6.470982,-1.570691
150529252520029,108.044726,7.20078,6.464982,-1.54686
150529262520967,108.054727,7.212911,6.455386,-1.530325
150529272521890,108.064728,7.21557,6.453128,-1.527316
150529282522895,108.074729,7.201721,6.467774,-1.530715
150529292523742,108.084730,7.175431,6.496572,-1.532227
150529302524644,108.094731,7.150765,6.525932,-1.522748
150529312525567,108.104732,7.13703,6.546111,-1.500407
150529322526477,108.114732,7.138335,6.552194,-1.467288
150529332527400,108.124733,7.158026,6.538636,-1.431415
150529342528332,108.134734,7.188765,6.510629,-1.404761
150529352529255,108.144735,7.216726,6.482452,-1.391663
150529362530241,108.154736,7.230577,6.467337,-1.390089
150529372531166,108.164737,7.22249,6.475209,-1.395446
150529382532015,108.174738,7.188249,6.511808,-1.401925
150529392532938,108.184739,7.135756,6.569522,-1.400829
150529402533861,108.194740,7.078559,6.633502,-1.389474
150529412534779,108.204741,7.031647,6.687486,-1.368752
150529422535703,108.214742,7.014889,6.711736,-1.335638
150529432536626,108.224743,7.042769,6.691095,-1.29176
150529442537631,108.234744,7.107353,6.629721,-1.253942
150529452538477,108.244744,7.18132,6.552396,-1.238851
150529462539391,108.254745,7.241263,6.48423,-1.248544
150529472540314,108.264746,7.26874,6.448521,-1.273564
150529482541250,108.274747,7.261014,6.452709,-1.296236
150529492542173,108.284748,7.230401,6.485615,-1.303118
150529502542868,108.294749,7.193598,6.529647,-1.286802
150529512544019,108.304750,7.159569,6.572917,-1.255905
150529522545019,108.314751,7.135242,6.605385,-1.223601
150529532545940,108.324752,7.123166,6.622571,-1.200845
150529542546784,108.334753,7.119332,6.628492,-1.190873
150529552547707,108.344754,7.115416,6.633021,-1.189085
150529562548640,108.354755,7.10729,6.641512,-1.190258
150529572549577,108.364756,7.096783,6.652668,-1.190661
150529582550515,108.374757,7.087593,6.663391,-1.185428
150529592551442,108.384757,7.083289,6.669918,-1.174408
150529602552442,108.394758,7.086941,6.668589,-1.159807
150529612553358,108.404759,7.097392,6.660172,-1.144193
150529622554188,108.414760,7.109673,6.648902,-1.133416
150529632555111,108.424761,7.120853,6.637692,-1.128941
150529642556034,108.434762,7.128291,6.629574,-1.129689
150529652556957,108.444763,7.13306,6.624307,-1.130498
150529662557880,108.454764,7.134755,6.622915,-1.127934
150529672558803,108.464765,7.13291,6.626233,-1.1201
150529682559803,108.474766,7.125983,6.63525,-1.110739
150529692560723,108.484767,7.111729,6.652048,-1.101615
150529702561553,108.494768,7.087434,6.679102,-1.094449
150529712562462,108.504768,7.053795,6.715994,-1.086007
150529722563386,108.514769,7.01499,6.758943,-1.070827
150529732564323,108.524770,6.977474,6.801639,-1.04526
150529742565237,108.534771,6.94725,6.837682,-1.010864
150529752566160,108.544772,6.931481,6.859297,-0.971939
150529762567146,108.554773,6.931681,6.863945,-0.93703
150529772568061,108.564774,6.940549,6.858476,-0.91106
150529782568920,108.574775,6.949799,6.85131,-0.894354
150529792569852,108.584776,6.952091,6.850632,-0.881647
150529802570775,108.594777,6.944922,6.859874,-0.866107
150529812571698,108.604778,6.927619,6.880046,-0.844404
150529822572631,108.614779,6.904472,6.906536,-0.817334
150529832573631,108.624780,6.881495,6.932945,-0.786956
150529842574556,108.634781,6.864926,6.953002,-0.754042
150529852575474,108.644781,6.860735,6.96041,-0.723192
150529862576318,108.654782,6.868863,6.954988,-0.697781
150529872577232,108.664783,6.881005,6.944519,-0.682232
150529882578252,108.674784,6.887099,6.939044,-0.676396
150529892579096,108.684785,6.881564,6.94477,-0.673982
150529902580006,108.694786,6.864134,6.962721,-0.666458
150529912580935,108.704787,6.841368,6.986793,-0.648363
150529922581936,108.714788,6.822901,7.007182,-0.62244
150529932582855,108.724789,6.815029,7.017354,-0.593415
150529942583699,108.734790,6.81939,7.01538,-0.565992
150529952584701,108.744791,6.839631,6.997503,-0.542598
150529962585609,108.754792,6.873998,6.965178,-0.523894
150529972586455,108.764792,6.914976,6.925292,-0.513251
150529982587378,108.774793,6.952983,6.887273,-0.511334
150529992588285,108.784794,6.978186,6.861461,-0.515002
150530002589511,108.794796,6.982714,6.856437,-0.520521
150530012590186,108.804796,6.96625,6.873085,-0.521602
150530022591110,108.814797,6.938152,6.902079,-0.51317
150530032592023,108.824798,6.909327,6.932348,-0.493673
150530042592946,108.834799,6.886976,6.956441,-0.466368
150530052593879,108.844800,6.874222,6.970794,-0.439438
150530062594802,108.854801,6.867378,6.978711,-0.420306
150530072595715,108.864802,6.85857,6.987798,-0.413108
150530082596867,108.874803,6.838396,7.007325,-0.416787
150530092597790,108.884804,6.803119,7.041344,-0.42075
150530102598465,108.894804,6.756454,7.086345,-0.417169
150530112599612,108.904806,6.703288,7.137513,-0.402296
150530122600535,108.914807,6.648708,7.189615,-0.379594
150530132601230,108.924807,6.597898,7.237566,-0.354124
150530142602153,108.934808,6.555197,7.277394,-0.330082
150530152603076,108.944809,6.520677,7.309109,-0.312536
150530162604228,108.954810,6.491695,7.335308,-0.301895
150530172605228,108.964811,6.465048,7.359095,-0.294714
150530182606078,108.974812,6.439131,7.382071,-0.287387
150530192606799,108.984813,6.412621,7.405479,-0.277725
150530202607938,108.994814,6.384938,7.429865,-0.263944
150530212608875,109.004815,6.357423,7.454006,-0.246899
150530222609803,109.014816,6.331909,7.476256,-0.229161
150530232610731,109.024817,6.30896,7.496132,-0.212081
150530242611731,109.034818,6.289346,7.513047,-0.195546
150530252612647,109.044819,6.274582,7.525758,-0.180516
150530262613496,109.054819,6.260825,7.537525,-0.166593
150530272614438,109.064820,6.246343,7.549822,-0.152984
150530282615371,109.074821,6.22954,7.563949,-0.139727
150530292616294,109.084822,6.209505,7.580685,-0.123536
150530302617217,109.094823,6.192876,7.594563,-0.104385
150530312618149,109.104824,6.187652,7.599128,-0.079209
150530322619149,109.114825,6.198215,7.590765,-0.049705
150530332620089,109.124826,6.22029,7.572814,-0.022103
150530342621012,109.134827,6.248729,7.549397,-8.77E-4
150530352621945,109.144828,6.277803,7.525227,0.011481
150530362622863,109.154829,6.302218,7.504782,0.017445
150530372623786,109.164830,6.317705,7.491732,0.023134
150530382624685,109.174831,6.324148,7.486261,0.032613
150530392625539,109.184832,6.32598,7.484615,0.050336
150530402626534,109.194833,6.327685,7.482971,0.074438
150530412627683,109.204834,6.333451,7.477772,0.101492
150530422628377,109.214834,6.344417,7.468119,0.124534
150530432629310,109.224835,6.357554,7.456697,0.138436
150530442630238,109.234836,6.369469,7.446392,0.145355
150530452631142,109.244837,6.3817,7.435772,0.152328
150530462632065,109.254838,6.394884,7.424202,0.163251
150530472632979,109.264839,6.410349,7.410503,0.178554
150530482634123,109.274840,6.427062,7.395588,0.195386
150530492635034,109.284841,6.443394,7.380922,0.211352
150530502635927,109.294842,6.458852,7.367035,0.223688
150530512636833,109.304843,6.474638,7.35282,0.23471
150530522637771,109.314844,6.490709,7.338281,0.245568
150530532638698,109.324845,6.505246,7.325036,0.256141
150530542639640,109.334846,6.514522,7.316504,0.264168
150530552640563,109.344847,6.512264,7.318389,0.267499
150530562641572,109.354848,6.49514,7.333584,0.267842
150530572642503,109.364849,6.46718,7.358199,0.269208
150530582643355,109.374849,6.435547,7.385646,0.275602
150530592644348,109.384850,6.407056,7.409911,0.287874
150530602645259,109.394851,6.385064,7.42821,0.304417
150530612646103,109.404852,6.369969,7.440521,0.319594
150530622647100,109.414853,6.361511,7.447329,0.329366
150530632648018,109.424854,6.35726,7.450767,0.333625
150530642649170,109.434855,6.355618,7.452089,0.335328
150530652650088,109.444856,6.356467,7.451218,0.338629
150530662650796,109.454857,6.362499,7.445753,0.345478
150530672651729,109.464858,6.376962,7.43289,0.355641
150530682652900,109.474859,6.399727,7.412962,0.362601
150530692653823,109.484860,6.423972,7.392034,0.361134
150530702654518,109.494861,6.441197,7.377672,0.347733
150530712655651,109.504862,6.4449,7.375417,0.32631
150530722656646,109.514863,6.430713,7.388754,0.303714
150530732657547,109.524864,6.403628,7.412908,0.286904
150530742658388,109.534864,6.372658,7.439829,0.279591
150530752659294,109.544865,6.345255,7.463267,0.278177
150530762660202,109.554866,6.323402,7.481849,0.276675
150530772661116,109.564867,6.30712,7.495783,0.271094
150530782662039,109.574868,6.293515,7.507595,0.260114
150530792663060,109.584869,6.281121,7.5184,0.247301
150530802663981,109.594870,6.268034,7.52961,0.238109
150530812664902,109.604871,6.251608,7.54338,0.234168
150530822665825,109.614872,6.23084,7.560543,0.234049
150530832666753,109.624873,6.204933,7.58182,0.234133
150530842667676,109.634874,6.175752,7.605644,0.232872
150530852668613,109.644875,6.148448,7.627748,0.232401
150530862669536,109.654876,6.129013,7.64327,0.235806
150530872670474,109.664876,6.121284,7.649179,0.24493
150530882671611,109.674878,6.127356,7.643941,0.256182
150530892672525,109.684879,6.143121,7.631027,0.263646
150530902673209,109.694879,6.161017,7.616562,0.264317
150530912674366,109.704880,6.172822,7.607183,0.258956
150530922675279,109.714881,6.176125,7.604718,0.25244
150530932676214,109.724882,6.167826,7.611507,0.250707
150530942677228,109.734883,6.152196,7.623961,0.256296
150530952678074,109.744884,6.13912,7.63405,0.269182
150530962679088,109.754885,6.13433,7.637289,0.286053
150530972680009,109.764886,6.138829,7.633089,0.301142
150530982680878,109.774887,6.145636,7.627353,0.307659
150530992681868,109.784888,6.146433,7.626859,0.303878
150531002682791,109.794889,6.135988,7.635664,0.293761
150531012683724,109.804890,6.113054,7.654383,0.284522
150531022684651,109.814891,6.079176,7.681405,0.282204
150531032685546,109.824892,6.037901,7.713677,0.288113
150531042686698,109.834893,5.994552,7.746956,0.300085
150531052687612,109.844894,5.953632,7.777872,0.31453
150531062688552,109.854895,5.920369,7.802683,0.327589
150531072689482,109.864895,5.898454,7.818845,0.337543
150531082690414,109.874896,5.891163,7.824068,0.343805
150531092691337,109.884897,5.896185,7.820176,0.346218
150531102692265,109.894898,5.908882,7.810632,0.34515
150531112693217,109.904899,5.920469,7.801992,0.34207
150531122694219,109.914900,5.926649,7.797528,0.336712
150531132695356,109.924901,5.926472,7.79791,0.330902
150531142696045,109.934902,5.918068,7.804497,0.326089
150531152696968,109.944903,5.906373,7.813376,0.325421
150531162697882,109.954904,5.897984,7.819484,0.330844
150531172698825,109.964905,5.901297,7.816541,0.341224
150531182699976,109.974906,5.919738,7.802148,0.350987
150531192700671,109.984907,5.947409,7.781015,0.352341
150531202701823,109.994908,5.975065,7.760166,0.3441
150531212702741,110.004909,5.994865,7.745475,0.330388
150531222703671,110.014910,6.003125,7.739543,0.319324
150531232704587,110.024911,6.000531,7.741665,0.316545
150531242705510,110.034912,5.993983,7.746478,0.322884
150531252706433,110.044912,5.991813,7.747624,0.335436
150531262707361,110.054913,6.000553,7.740186,0.350549
150531272708284,110.064914,6.023305,7.721923,0.362906
150531282709529,110.074916,6.061644,7.69153,0.369891
150531292710209,110.084916,6.110002,7.653167,0.369949
150531302711123,110.094917,6.162177,7.611579,0.362609
150531312712060,110.104918,6.211954,7.571517,0.351725
150531322712993,110.114919,6.253452,7.53776,0.341354
150531332714147,110.124920,6.281119,7.515013,0.334777
150531342715068,110.134921,6.290431,7.507381,0.331218
150531352715991,110.144922,6.275969,7.519605,0.328206
150531362716986,110.154923,6.237591,7.551587,0.325534
150531372717925,110.164924,6.186743,7.593332,0.324869
150531382718776,110.174925,6.135823,7.634406,0.327892
150531392719697,110.184926,6.093607,7.667871,0.334257
150531402720707,110.194927,6.065468,7.689843,0.341243
150531412721632,110.204928,6.049532,7.702239,0.344535
150531422722555,110.214929,6.039563,7.710227,0.340754
150531432723479,110.224929,6.030321,7.717827,0.332181
150531442724630,110.234931,6.01969,7.726414,0.325355
150531452725534,110.244932,6.010165,7.733871,0.32427
150531462726438,110.254932,6.003919,7.738479,0.329989
150531472727376,110.264933,6.001291,7.739985,0.342257
150531482728314,110.274934,6.001853,7.738894,0.356713
150531492729237,110.284935,6.002288,7.738045,0.36772
150531502730160,110.294936,5.99943,7.740061,0.371847
150531512731083,110.304937,5.992759,7.745355,0.369201
150531522732078,110.314938,5.981787,7.754145,0.362555
150531532732984,110.324939,5.96573,7.766895,0.354131
150531542733892,110.334940,5.94386,7.783949,0.347438
150531552734816,110.344941,5.91522,7.805891,0.34381
150531562735740,110.354942,5.880731,7.831897,0.344099
150531572736648,110.364943,5.841291,7.861206,0.34742
150531582737800,110.374944,5.801002,7.890692,0.354095
150531592738494,110.384944,5.766595,7.915426,0.363855
150531602739637,110.394946,5.747278,7.92883,0.377438
150531612740619,110.404947,5.750447,7.925638,0.395707
150531622741468,110.414947,5.776761,7.905399,0.416699
150531632742396,110.424948,5.817849,7.874265,0.434249
150531642743324,110.434949,5.864422,7.839075,0.444343
150531652744234,110.444950,5.908648,7.805708,0.445845
150531662745155,110.454951,5.944457,7.778786,0.440352
150531672746155,110.464952,5.965535,7.763118,0.431699
150531682747300,110.474953,5.96897,7.760924,0.423623
150531692748213,110.484954,5.956824,7.770436,0.420241
150531702748898,110.494955,5.940816,7.782524,0.423078
150531712750069,110.504956,5.932117,7.788641,0.43247
150531722751007,110.514957,5.937358,7.784003,0.44392
150531732751930,110.524958,5.956821,7.768737,0.450575
150531742752853,110.534959,5.983189,7.748521,0.44935
150531752753780,110.544960,6.008254,7.729566,0.441233
150531762754790,110.554961,6.026191,7.716175,0.430904
150531772755701,110.564962,6.033418,7.710922,0.423694
150531782756633,110.574963,6.029647,7.713844,0.424179
150531792757575,110.584964,6.019973,7.72091,0.433009
150531802758498,110.594964,6.011344,7.726726,0.448832
150531812759426,110.604965,6.010717,7.725951,0.470084
150531822760365,110.614966,6.021878,7.716,0.490208
150531832761518,110.624968,6.043606,7.698133,0.503601
150531842762511,110.634969,6.069988,7.677096,0.507376
150531852763437,110.644969,6.098474,7.654604,0.50564
150531862764283,110.654970,6.128511,7.630731,0.503297
150531872765276,110.664971,6.158123,7.606834,0.503624
150531882766206,110.674972,6.183336,7.586153,0.506585
150531892767143,110.684973,6.201285,7.571222,0.510507
150531902768061,110.694974,6.206933,7.56634,0.514299
150531912769218,110.704975,6.196346,7.574733,0.518388
150531922770141,110.714976,6.174894,7.591744,0.525462
150531932771054,110.724977,6.151614,7.609822,0.536859
150531942771963,110.734978,6.133738,7.623073,0.553235
150531952772900,110.744979,6.126726,7.627397,0.570993
150531962773818,110.754980,6.134011,7.620248,0.587985
150531972774742,110.764981,6.155709,7.601723,0.600882
150531982775660,110.774982,6.186655,7.576105,0.606559
150531992776662,110.784983,6.213948,7.553957,0.60382
150532002777814,110.794984,6.225955,7.544664,0.596268
150532012778737,110.804985,6.214139,7.555015,0.588392
150532022779436,110.814985,6.17383,7.588331,0.58395
150532032780603,110.824987,6.110448,7.639303,0.586016
150532042781540,110.834988,6.035514,7.698011,0.594289
150532052782540,110.844989,5.959941,7.755686,0.606982
150532062783391,110.854989,5.894229,7.804552,0.622142
150532072784391,110.864990,5.846479,7.83923,0.636524
150532082785535,110.874992,5.820166,7.858013,0.646007
150532092786449,110.884992,5.811039,7.864619,0.647742
150532102787143,110.894993,5.809444,7.86616,0.643365
150532112788057,110.904994,5.801554,7.872571,0.636076
150532122789009,110.914995,5.777144,7.890923,0.630794
150532132790166,110.924996,5.734771,7.921462,0.634746
150532142791093,110.934997,5.680745,7.959023,0.650477
150532152792016,110.944998,5.627268,7.994663,0.6776
150532162793016,110.954999,5.585221,8.021267,0.710326
150532172794172,110.965000,5.562243,8.034021,0.745622
150532182795088,110.975001,5.563174,8.030273,0.778319
150532192795780,110.985002,5.589027,8.00975,0.804137
150532202796700,110.995003,5.62982,7.979537,0.819844
150532212797614,111.005004,5.6733,7.948231,0.824182
150532222798766,111.015005,5.704799,7.926071,0.820136
150532232799689,111.025006,5.711343,7.92198,0.814124
150532242800689,111.035007,5.691066,7.936696,0.81276
150532252801609,111.045008,5.654114,7.962185,0.821317
150532262802541,111.055009,5.614321,7.988349,0.84007
150532272803391,111.065009,5.582473,8.008139,0.863571
150532282804388,111.075010,5.566663,8.016981,0.883311
150532292805555,111.085012,5.570145,8.01347,0.893179
150532302806478,111.095012,5.590939,7.999287,0.890409
150532312807162,111.105013,5.620678,7.979689,0.878943
150532322808382,111.115014,5.65468,7.957031,0.866168
150532332809292,111.125015,5.689751,7.932944,0.85738
150532342810133,111.135016,5.721725,7.910269,0.854118
150532352811133,111.145017,5.744981,7.893378,0.85427
150532362812075,111.155018,5.756802,7.884598,0.855752
150532372812998,111.165019,5.761667,7.880892,0.85717
150532382813921,111.175020,5.770132,7.874423,0.859689
150532392815088,111.185021,5.792151,7.857653,0.865049
150532402816077,111.195022,5.832549,7.82666,0.87448
150532412816988,111.205023,5.892097,7.780741,0.885003
150532422817835,111.215024,5.963208,7.725846,0.889604
150532432818756,111.225025,6.033791,7.671385,0.885017
150532442819772,111.235026,6.093851,7.624907,0.875072
150532452820700,111.245027,6.1348,7.592948,0.866826
150532462821623,111.255028,6.153956,7.577484,0.86636
150532472822551,111.265029,6.159143,7.571908,0.878148
150532482823698,111.275030,6.163871,7.565557,0.899436
150532492824679,111.285031,6.179067,7.550271,0.923337
150532502825527,111.295032,6.210443,7.522105,0.94251
150532512826544,111.305033,6.258368,7.481326,0.950042
150532522827472,111.315033,6.313889,7.435161,0.945075
150532532828397,111.325034,6.364851,7.39333,0.931333
150532542829320,111.335035,6.402337,7.362947,0.914899
150532552830472,111.345036,6.419619,7.349432,0.902403
150532562831462,111.355037,6.417361,7.352196,0.895944
150532572832373,111.365038,6.404497,7.363488,0.895259
150532582833210,111.375039,6.392299,7.373572,0.899397
150532592834229,111.385040,6.391074,7.373865,0.905726
150532602835165,111.395041,6.409941,7.356696,0.911938
150532612836013,111.405042,6.451065,7.320603,0.912419
150532622837013,111.415043,6.504405,7.274385,0.903371
150532632838136,111.425044,6.554898,7.231228,0.884701
150532642839039,111.435045,6.590467,7.201857,0.859637
150532652840035,111.445046,6.601777,7.194618,0.833052
150532662840950,111.455047,6.585261,7.212243,0.811081
150532672841900,111.465048,6.548948,7.24668,0.798079
150532682842825,111.475049,6.506428,7.285189,0.795273
150532692843743,111.485050,6.471691,7.315444,0.800937
150532702844680,111.495051,6.456595,7.327664,0.810979
150532712845834,111.505052,6.469644,7.315065,0.820686
150532722846827,111.515053,6.510443,7.278442,0.823662
150532732847738,111.525054,6.566939,7.228308,0.816619
150532742848575,111.535055,6.626556,7.175436,0.801159
150532752849564,111.545056,6.67833,7.129485,0.781229
150532762850504,111.555057,6.711381,7.100639,0.760477
150532772851413,111.565057,6.719167,7.094944,0.744677
150532782852321,111.575058,6.707865,7.106253,0.738728
150532792853475,111.585059,6.693554,7.119009,0.745696
150532802854473,111.595060,6.690247,7.120464,0.761301
150532812855412,111.605061,6.703891,7.106018,0.776151
150532822856335,111.615062,6.732366,7.078801,0.778336
150532832857268,111.625063,6.767023,7.047388,0.762698
150532842858205,111.635064,6.800397,7.018321,0.733287
150532852859128,111.645065,6.823651,6.999313,0.69813
150532862860056,111.655066,6.82979,6.99658,0.664684
150532872861210,111.665067,6.818011,7.010593,0.637422
150532882862208,111.675068,6.794304,7.035422,0.616664
150532892863119,111.685069,6.766295,7.063649,0.601761
150532902863956,111.695070,6.74094,7.088915,0.589073
150532912864956,111.705071,6.724037,7.106005,0.576216
150532922866131,111.715072,6.7167,7.114424,0.557589
150532932867069,111.725073,6.714245,7.118683,0.53224
150532942867992,111.735074,6.708963,7.125946,0.500732
150532952869002,111.745075,6.696692,7.13969,0.468132
150532962869925,111.755076,6.679213,7.158015,0.437018
150532972870850,111.765077,6.660167,7.17744,0.408051
150532982871758,111.775078,6.643568,7.194277,0.381262
150532992872681,111.785079,6.633509,7.204739,0.358121
150533002873619,111.795080,6.636015,7.203322,0.339879
150533012874766,111.805081,6.652372,7.188967,0.323509
150533022875766,111.815082,6.678066,7.16596,0.304066
150533032876602,111.825083,6.707385,7.139537,0.279392
150533042877833,111.835084,6.73535,7.114204,0.251246
150533052878751,111.845085,6.760145,7.091646,0.221262
150533062879670,111.855086,6.781278,7.072242,0.194071
150533072880583,111.865087,6.798211,7.056547,0.171564
150533082881307,111.875087,6.812697,7.042963,0.154227
150533092882454,111.885088,6.825884,7.030498,0.139301
150533102883360,111.895089,6.838904,7.018132,0.123293
150533112884358,111.905090,6.853842,7.003846,0.104952
150533122885507,111.915092,6.873594,6.98473,0.085136
150533132886430,111.925092,6.901894,6.956979,0.065979
150533142887341,111.935093,6.941227,6.917868,0.049756
150533152888262,111.945094,6.99174,6.866896,0.035886
150533162889199,111.955095,7.049701,6.807445,0.020855
150533172890204,111.965096,7.102947,6.751898,7.1E-4
150533182891122,111.975097,7.132455,6.720669,-0.026106
150533192892047,111.985098,7.122177,6.731368,-0.057334
150533202893199,111.995099,7.072049,6.783708,-0.085844
150533212894213,112.005100,7.003696,6.854051,-0.101136
150533222895047,112.015101,6.938721,6.919818,-0.10155
150533232895958,112.025102,6.892934,6.965554,-0.092367
150533242896886,112.035103,6.869609,6.988666,-0.084059
150533252897897,112.045104,6.858473,6.999561,-0.086418
150533262898807,112.055105,6.845257,7.012229,-0.105508
150533272899735,112.065106,6.8224,7.033871,-0.139656
150533282900963,112.075107,6.791294,7.063037,-0.178427
150533292901893,112.085108,6.759176,7.092864,-0.211869
150533302902802,112.095109,6.733029,7.116978,-0.234373
150533312903730,112.105110,6.718495,7.130317,-0.24588
150533322904657,112.115111,6.719903,7.128861,-0.249552
150533332905580,112.125112,6.738547,7.111185,-0.251083
150533342906489,112.135112,6.771179,7.079955,-0.255695
150533352907636,112.145114,6.811468,7.040832,-0.265713
150533362908629,112.155115,6.848925,7.003798,-0.281072
150533372909776,112.165116,6.868835,6.983457,-0.300765
150533382910470,112.175116,6.855105,6.995925,-0.323455
150533392911383,112.185117,6.79684,7.051244,-0.350603
150533402912552,112.195119,6.690043,7.15097,-0.383403
150533412913487,112.205119,6.543112,7.283819,-0.416708
150533422914397,112.215120,6.37318,7.430959,-0.451026
150533432915397,112.225121,6.196571,7.576523,-0.488664
150533442916561,112.235123,6.038768,7.700455,-0.525611
150533452917468,112.245123,5.945527,7.771498,-0.542682
150533462918376,112.255124,5.955956,7.764469,-0.528767
150533472919312,112.265125,6.083999,7.666771,-0.495529
150533482920268,112.275126,6.303215,7.48926,-0.469511
150533492921187,112.285127,6.561164,7.263958,-0.475455
150533502922201,112.295128,6.797431,7.040545,-0.515462
150533512923138,112.305129,6.974481,6.861784,-0.559023
150533522924290,112.315130,7.084636,6.74668,-0.574645
150533532925297,112.325131,7.140892,6.688789,-0.554734
150533542926143,112.335132,7.167944,6.663376,-0.509923
150533552927158,112.345133,7.188147,6.645695,-0.453091
150533562928080,112.355134,7.218433,6.616121,-0.401458
150533572928999,112.365135,7.263385,6.568136,-0.377875
150533582930151,112.375136,7.315192,6.509635,-0.390544
150533592931069,112.385137,7.362397,6.453868,-0.427354
150533602932071,112.395138,7.39818,6.409686,-0.472072
150533612933008,112.405139,7.418345,6.383379,-0.510459
150533622933907,112.415140,7.418138,6.381668,-0.534367
150533632934844,112.425141,7.3967,6.406133,-0.538813
150533642936011,112.435142,7.357333,6.45201,-0.530263
150533652936949,112.445143,7.310047,6.506925,-0.512973
150533662937931,112.455144,7.265892,6.557546,-0.495412
150533672938855,112.465145,7.23532,6.592139,-0.483552
150533682940008,112.475146,7.22276,6.606256,-0.478685
150533692941001,112.485147,7.224353,6.604466,-0.479313
150533702941836,112.495148,7.230705,6.597273,-0.482604
150533712942757,112.505149,7.234627,6.592518,-0.488726
150533722943686,112.515150,7.23261,6.594158,-0.496379
150533732944672,112.525151,7.22077,6.60641,-0.505763
150533742945595,112.535152,7.199086,6.629268,-0.515692
150533752946532,112.545153,7.170467,6.659547,-0.524271
150533762947763,112.555154,7.138631,6.692941,-0.533311
150533772948686,112.565155,7.103966,6.728922,-0.543423
150533782949605,112.575156,7.065432,6.768375,-0.555663
150533792950528,112.585157,7.02598,6.808288,-0.568133
150533802951451,112.595157,6.992739,6.841512,-0.579057
150533812952603,112.605159,6.979393,6.854771,-0.583304
150533822953513,112.615160,7.001821,6.832762,-0.572626
150533832954436,112.625160,7.05829,6.776099,-0.552245
150533842955422,112.635161,7.13329,6.698405,-0.53622
150533852956569,112.645163,7.210465,6.615753,-0.530087
150533862957486,112.655163,7.271343,6.5483,-0.536092
150533872958181,112.665164,7.301218,6.513692,-0.551416
150533882959348,112.675165,7.297903,6.516431,-0.562778
150533892960272,112.685166,7.274465,6.542968,-0.558311
150533902961272,112.695167,7.249089,6.573,-0.535104
150533912962205,112.705168,7.230413,6.596141,-0.50201
150533922963357,112.715169,7.222404,6.607098,-0.47234
150533932964349,112.725170,7.224266,6.606332,-0.454245
150533942965258,112.735171,7.230937,6.599575,-0.446192
150533952966099,112.745172,7.236741,6.593628,-0.440083
150533962967123,112.755173,7.239492,6.591332,-0.429036
150533972968041,112.765174,7.237831,6.594406,-0.409404
150533982968964,112.775175,7.230809,6.603713,-0.382594
150533992970118,112.785176,7.218633,6.618668,-0.352851
150534002971133,112.795177,7.20408,6.635964,-0.324378
150534012972054,112.805178,7.190481,6.651933,-0.297941
150534022972964,112.815179,7.182832,6.661193,-0.27473
150534032973877,112.825180,7.184571,6.660193,-0.252543
150534042975040,112.835181,7.197057,6.647451,-0.231871
150534052975953,112.845182,7.217482,6.625893,-0.213242
150534062976950,112.855183,7.243227,6.598317,-0.194602
150534072977871,112.865184,7.274176,6.564791,-0.172899
150534082979025,112.875185,7.310398,6.525089,-0.145787
150534092979963,112.885186,7.350241,6.480774,-0.116119
150534102980968,112.895187,7.389888,6.435984,-0.087515
150534112981821,112.905188,7.424496,6.396326,-0.062488
150534122982749,112.915189,7.450846,6.365782,-0.041821
150534132983730,112.925190,7.468466,6.345188,-0.024124
150534142984891,112.935191,7.479578,6.33213,-0.007897
150534152985814,112.945192,7.486278,6.324201,0.009153
150534162986831,112.955193,7.490235,6.319466,0.026412
150534172987988,112.965194,7.491372,6.318032,0.042432
150534182988911,112.975195,7.488134,6.32178,0.054292
150534192989605,112.985196,7.478091,6.333575,0.063164
150534202990776,112.995197,7.459704,6.355149,0.070237
150534212991694,113.005198,7.432733,6.386595,0.076679
150534222992622,113.015199,7.398207,6.42645,0.08536
150534232993550,113.025200,7.35937,6.470733,0.096341
150534242994781,113.035201,7.320365,6.514643,0.108139
150534252995704,113.045202,7.28408,6.554987,0.119675
150534262996699,113.055203,7.252319,6.58986,0.132799
150534272997516,113.065204,7.228358,6.61579,0.14901
150534282998448,113.075204,7.215481,6.62939,0.167307
150534292999446,113.085205,7.218755,6.625226,0.189682
150534303000369,113.095206,7.23578,6.605921,0.21281
150534313001527,113.105208,7.261646,6.576794,0.232997
150534323002540,113.115209,7.287452,6.547633,0.248051
150534333003463,113.125209,7.305695,6.526865,0.258552
150534343004612,113.135211,7.311497,6.520086,0.265522
150534353005297,113.145211,7.299349,6.533262,0.275667
150534363006444,113.155212,7.271967,6.56294,0.293808
150534373007367,113.165213,7.238321,6.598636,0.323596
150534383008290,113.175214,7.203918,6.63417,0.362443
150534393009292,113.185215,7.173881,6.664214,0.404615
150534403010444,113.195216,7.150898,6.686342,0.444446
150534413011372,113.205217,7.134676,6.701289,0.478718
150534423012358,113.215218,7.123849,6.710871,0.50496
150534433013204,113.225219,7.116811,6.716741,0.525758
150534443014210,113.235220,7.110158,6.722294,0.544451
150534453015141,113.245221,7.101425,6.729822,0.565017
150534463016066,113.255222,7.088364,6.741514,0.589099
150534473017215,113.265223,7.069987,6.758415,0.615732
150534483018218,113.275224,7.047243,6.779284,0.646265
150534493019136,113.285225,7.023269,6.80089,0.679372
150534503020290,113.295226,7.000287,6.821058,0.713548
150534513021203,113.305227,6.97851,6.840151,0.743467
150534523022121,113.315228,6.959226,6.856899,0.769502
150534533023049,113.325229,6.942374,6.871343,0.792512
150534543024056,113.335230,6.926853,6.884251,0.815967
150534553024979,113.345231,6.909848,6.89818,0.842055
150534563026141,113.355232,6.886772,6.917881,0.869099
150534573027155,113.365233,6.852884,6.948183,0.894853
150534583028075,113.375234,6.806202,6.991089,0.916659
150534593028905,113.385235,6.748207,7.044683,0.934943
150534603029916,113.395236,6.683057,7.104259,0.951936
150534613030854,113.405237,6.614748,7.165691,0.968482
150534623032008,113.415238,6.549542,7.223061,0.985306
150534633032924,113.425239,6.493499,7.271044,1.003201
150534643033919,113.435240,6.450138,7.30688,1.02235
150534653034849,113.445241,6.419566,7.331107,1.041187
150534663036003,113.455242,6.397383,7.348309,1.056319
150534673036910,113.465243,6.375238,7.366189,1.065667
150534683037813,113.475244,6.347496,7.389221,1.071758
150534693038736,113.485245,6.314305,7.416732,1.0778
150534703039738,113.495246,6.280179,7.444272,1.087266
150534713040661,113.505247,6.249961,7.467528,1.101843
150534723041890,113.515248,6.228445,7.482668,1.120773
150534733042813,113.525249,6.215978,7.490126,1.139988
150534743043733,113.535250,6.211979,7.49099,1.156019
150534753044664,113.545251,6.212257,7.489386,1.164886
150534763045575,113.555252,6.213625,7.487389,1.170418
150534773046719,113.565253,6.215417,7.484927,1.176624
150534783047660,113.575254,6.217527,7.481323,1.188347
150534793048559,113.585255,6.219809,7.476753,1.205049
150534803049790,113.595256,6.222237,7.471998,1.221896
150534813050713,113.605257,6.22225,7.469903,1.234562
150534823051703,113.615258,6.218735,7.471234,1.244196
150534833052541,113.625259,6.212746,7.474703,1.253245
150534843053459,113.635259,6.206678,7.477732,1.26518
150534853054473,113.645260,6.201208,7.479552,1.281138
150534863055398,113.655261,6.197489,7.47927,1.300633
150534873056567,113.665263,6.196189,7.47702,1.319626
150534883057564,113.675264,6.195746,7.474882,1.333742
150534893058473,113.685264,6.192507,7.476392,1.340311
150534903059624,113.695266,6.182625,7.484684,1.33964
150534913060302,113.705266,6.166616,7.498577,1.335738
150534923061463,113.715267,6.145407,7.516296,1.333897
150534933062386,113.725268,6.124918,7.532872,1.334617
150534943063374,113.735269,6.110534,7.544113,1.337073
150534953064311,113.745270,6.106862,7.546455,1.340621
150534963065463,113.755271,6.114194,7.539611,1.345704
150534973066381,113.765272,6.130534,7.525548,1.350044
150534983067383,113.775273,6.15155,7.507806,1.353256
150534993068316,113.785274,6.171418,7.491294,1.354289
150535003069234,113.795275,6.185787,7.479695,1.352838
150535013070415,113.805276,6.191374,7.475684,1.349462
150535023071357,113.815277,6.187878,7.478955,1.347377
150535033072285,113.825278,6.178404,7.486499,1.348946
150535043073530,113.835280,6.167468,7.494338,1.355449
150535053074453,113.845280,6.158475,7.499856,1.365774
150535063075347,113.855281,6.153598,7.501691,1.377607
150535073076256,113.865282,6.153761,7.499926,1.386465
150535083077182,113.875283,6.157798,7.495798,1.390876
150535093078172,113.885284,6.163839,7.490664,1.391773
150535103079110,113.895285,6.170318,7.485798,1.389242
150535113080023,113.905286,6.175898,7.482045,1.384661
150535123081252,113.915287,6.180956,7.47859,1.380749
150535133082405,113.925288,6.187296,7.47372,1.378739
150535143083309,113.935289,6.19659,7.465648,1.380722
150535153084018,113.945290,6.210417,7.453098,1.386358
150535163085170,113.955291,6.229082,7.436319,1.39275
150535173086098,113.965292,6.252255,7.415673,1.398973
150535183087013,113.975293,6.277848,7.393467,1.401864
150535193087987,113.985294,6.302963,7.371826,1.403135
150535203089136,113.995295,6.324746,7.352985,1.404009
150535213090136,114.005296,6.3425,7.337633,1.404236
150535223091061,114.015297,6.356264,7.325255,1.406613
150535233091949,114.025298,6.367263,7.314811,1.411181
150535243092903,114.035299,6.376994,7.305349,1.416272
150535253094055,114.045300,6.384745,7.297621,1.421183
150535263094997,114.055301,6.390928,7.291996,1.422255
150535273095920,114.065302,6.396107,7.288068,1.419123
150535283097151,114.075303,6.400295,7.285296,1.414458
150535293098074,114.085304,6.405014,7.281965,1.410241
150535303099066,114.095305,6.411256,7.277097,1.406998
150535313099891,114.105306,6.416185,7.273251,1.404428
150535323100910,114.115307,6.416271,7.273921,1.400542
150535333101835,114.125308,6.409693,7.28094,1.394179
150535343102774,114.135309,6.397051,7.293919,1.384389
150535353103931,114.145310,6.380579,7.310802,1.371285
150535363104929,114.155311,6.363455,7.32828,1.357499
150535373106083,114.165312,6.348536,7.343767,1.343565
150535383107001,114.175313,6.337354,7.35569,1.331075
150535393107910,114.185314,6.332143,7.362169,1.320006
150535403108834,114.195315,6.333627,7.362413,1.311492
150535413109776,114.205316,6.341855,7.356143,1.306915
150535423110778,114.215317,6.35586,7.34416,1.306264
150535433111701,114.225318,6.371394,7.330439,1.307666
150535443112867,114.235319,6.383666,7.319594,1.308567
150535453113850,114.245320,6.390036,7.314476,1.30609
150535463114997,114.255321,6.391617,7.314152,1.30017
150535473115687,114.265322,6.390575,7.315893,1.295475
150535483116853,114.275323,6.388196,7.317793,1.296483
150535493117781,114.285324,6.386917,7.317664,1.303488
150535503118783,114.295325,6.388334,7.314686,1.313225
150535513119706,114.305326,6.394803,7.307212,1.323308
150535523120614,114.315327,6.404413,7.297804,1.328749
150535533121843,114.325328,6.412991,7.290168,1.329276
150535543122734,114.335329,6.415223,7.288859,1.325693
150535553123667,114.345330,6.405904,7.298208,1.319296
150535563124602,114.355331,6.382871,7.319552,1.312662
150535573125773,114.365332,6.350257,7.348617,1.308436
150535583126699,114.375333,6.313609,7.380253,1.307734
150535593127622,114.385334,6.278526,7.409644,1.310446
150535603128619,114.395335,6.247787,7.435261,1.312269
150535613129771,114.405336,6.222124,7.456349,1.314525
150535623130773,114.415337,6.202959,7.47173,1.317757
150535633131626,114.425338,6.192548,7.479865,1.320592
150535643132646,114.435339,6.195152,7.47693,1.324993
150535653133571,114.445340,6.210395,7.463398,1.329914
150535663134725,114.455341,6.234573,7.443114,1.330473
150535673135655,114.465342,6.256671,7.425719,1.323922
150535683136655,114.475343,6.269893,7.41706,1.309823
150535693137809,114.485344,6.271198,7.418913,1.292983
150535703138718,114.495345,6.262129,7.429164,1.277993
150535713139612,114.505346,6.249898,7.440646,1.271034
150535723140564,114.515347,6.242629,7.446132,1.274636
150535733141559,114.525348,6.247224,7.440237,1.286486
150535743142484,114.535348,6.266098,7.421818,1.301017
150535753143412,114.545349,6.296177,7.394949,1.30879
150535763144546,114.555351,6.325862,7.370375,1.304237
150535773145775,114.565352,6.346451,7.355322,1.289126
150535783146669,114.575353,6.352909,7.353358,1.268331
150535793147349,114.585353,6.347608,7.360648,1.252483
150535803148511,114.595355,6.339794,7.367964,1.24903
150535813149448,114.605355,6.339173,7.366804,1.258999
150535823150453,114.615356,6.351609,7.353023,1.276774
150535833151368,114.625357,6.377898,7.327814,1.290537
150535843152512,114.635359,6.411049,7.298712,1.291234
150535853153515,114.645360,6.441871,7.273697,1.278943
150535863154671,114.655361,6.465493,7.255874,1.260837
150535873155334,114.665361,6.479485,7.246279,1.244084
150535883156501,114.675363,6.486583,7.241221,1.236515
150535893157449,114.685363,6.492399,7.235739,1.238075
150535903158449,114.695364,6.501101,7.226548,1.246057
150535913159374,114.705365,6.511544,7.215636,1.254738
150535923160521,114.715367,6.523568,7.204493,1.256313
150535933161516,114.725368,6.535274,7.195243,1.248472
150535943162422,114.735368,6.546105,7.187226,1.237867
150535953163343,114.745369,6.559004,7.177101,1.22827
150535963164301,114.755370,6.576607,7.161595,1.22466
150535973165477,114.765371,6.602224,7.137319,1.228542
150535983166376,114.775372,6.634251,7.106561,1.234313
150535993167369,114.785373,6.66594,7.07718,1.232373
150536003168521,114.795375,6.690356,7.056656,1.21769
150536013169434,114.805375,6.701331,7.050475,1.19289
150536023170436,114.815376,6.698258,7.057995,1.165347
150536033171370,114.825377,6.690086,7.069345,1.143283
150536043172293,114.835378,6.685868,7.07508,1.132448
150536053173469,114.845379,6.692556,7.068315,1.135178
150536063174392,114.855380,6.714673,7.045538,1.146095
150536073175302,114.865381,6.752797,7.007517,1.155179
150536083176230,114.875382,6.801918,6.959802,1.155438
150536093177466,114.885383,6.856457,6.907458,1.147164
150536103178466,114.895384,6.91194,6.853605,1.137196
150536113179305,114.905385,6.962152,6.804859,1.123534
150536123180312,114.915386,6.999297,6.769737,1.104753
150536133181478,114.925387,7.018942,6.752993,1.082383
150536143182417,114.935388,7.021554,6.753771,1.060361
150536153183334,114.945389,7.011132,6.767569,1.041165
150536163184336,114.955390,6.999203,6.782097,1.026787
150536173185490,114.965391,6.991578,6.791104,1.019156
150536183186425,114.975392,6.992498,6.790431,1.017334
150536193187329,114.985393,7.006364,6.776029,1.017964
150536203188335,114.995394,7.034514,6.746886,1.017443
150536213189273,115.005395,7.072432,6.708,1.011641
150536223190420,115.015396,7.110675,6.669411,0.998632
150536233191343,115.025397,7.142863,6.63787,0.978878
150536243192350,115.035398,7.165088,6.616955,0.957814
150536253193502,115.045400,7.177072,6.606437,0.940537
150536263194425,115.055400,7.183129,6.601205,0.930992
150536273195425,115.065401,7.188771,6.595213,0.929876
150536283196282,115.075402,7.199919,6.58265,0.932656
150536293197287,115.085403,7.218233,6.56218,0.935347
150536303198441,115.095404,7.242662,6.535307,0.93468
150536313199350,115.105405,7.272957,6.502043,0.931379
150536323200273,115.115406,7.306175,6.465433,0.926263
150536333201258,115.125407,7.338711,6.429257,0.920864
150536343202407,115.135408,7.36653,6.398261,0.914608
150536353203330,115.145409,7.38824,6.374181,0.907573
150536363204330,115.155410,7.402256,6.358732,0.901726
150536373205259,115.165411,7.408154,6.352571,0.896702
150536383206182,115.175412,7.407804,6.353387,0.893797
150536393207343,115.185413,7.404264,6.357953,0.890673
150536403208349,115.195414,7.401396,6.361522,0.889013
150536413209283,115.205415,7.403174,6.359299,0.890111
150536423210201,115.215416,7.410765,6.350202,0.89191
150536433211368,115.225417,7.42117,6.338039,0.891913
150536443212292,115.235418,7.427065,6.332426,0.882635
150536453213196,115.245419,7.421334,6.341825,0.863177
150536463214196,115.255420,7.398935,6.371568,0.835983
150536473215372,115.265421,7.361502,6.418444,0.807412
150536483216302,115.275422,7.315369,6.473986,0.782871
150536493217317,115.285423,7.26953,6.527641,0.764129
150536503218225,115.295424,7.233111,6.569189,0.753541
150536513219402,115.305425,7.214591,6.589572,0.753113
150536523220320,115.315426,7.21988,6.582392,0.765151
150536533221335,115.325427,7.248942,6.548059,0.784695
150536543222277,115.335428,7.293556,6.496863,0.79674
150536553223415,115.345429,7.342089,6.442036,0.796178
150536563224325,115.355430,7.385031,6.394445,0.782556
150536573225325,115.365431,7.412598,6.365557,0.757059
150536583226243,115.375432,7.41849,6.361987,0.728786
150536593227382,115.385433,7.404547,6.380418,0.709225
150536603228307,115.395434,7.384064,6.404862,0.702381
150536613229292,115.405435,7.366377,6.424352,0.710101
150536623230200,115.415436,7.357187,6.433483,0.722538
150536633231357,115.425437,7.357075,6.432818,0.729581
150536643232272,115.435438,7.361328,6.428431,0.725342
150536653233272,115.445439,7.364656,6.426314,0.710165
150536663234190,115.455440,7.364316,6.42894,0.689609
150536673235342,115.465441,7.357022,6.439586,0.667802
150536683236277,115.475442,7.340312,6.460759,0.646855
150536693237267,115.485443,7.313223,6.493344,0.627142
150536703238421,115.495444,7.276756,6.535853,0.609489
150536713239089,115.505445,7.238251,6.579954,0.593222
150536723240243,115.515446,7.20465,6.617855,0.580558
150536733241238,115.525447,7.180527,6.644502,0.575035
150536743242180,115.535448,7.174665,6.650558,0.578213
150536753243344,115.545449,7.195337,6.627083,0.590635
150536763244349,115.555450,7.239918,6.577115,0.604284
150536773245286,115.565451,7.297799,6.512459,0.608258
150536783246224,115.575452,7.358301,6.444827,0.599669
150536793247392,115.585453,7.410999,6.385965,0.580137
150536803248330,115.595454,7.447309,6.345528,0.558435
150536813249317,115.605455,7.467299,6.32318,0.544809
150536823250470,115.615456,7.48004,6.307984,0.546191
150536833251407,115.625457,7.496181,6.287488,0.561028
150536843252330,115.635458,7.519021,6.25858,0.578331
150536853253325,115.645459,7.544736,6.226826,0.586152
150536863254248,115.655460,7.568686,6.198003,0.582895
150536873255402,115.665461,7.588273,6.175036,0.571864
150536883256320,115.675462,7.601636,6.159668,0.56001
150536893257330,115.685463,7.608057,6.15229,0.553938
150536903258267,115.695464,7.608944,6.15105,0.555443
150536913259434,115.705465,7.605228,6.155113,0.561286
150536923260354,115.715466,7.600381,6.160588,0.566822
150536933261354,115.725467,7.598494,6.162531,0.571032
150536943262277,115.735468,7.601253,6.15906,0.571811
150536953263421,115.745469,7.608668,6.150176,0.568809
150536963264412,115.755470,7.62186,6.134225,0.564361
150536973265335,115.765471,7.64008,6.111772,0.561579
150536983266482,115.775472,7.663227,6.082439,0.564668
150536993267407,115.785473,7.689526,6.048438,0.572396
150537003268407,115.795474,7.715178,6.015029,0.579165
150537013269312,115.805475,7.735869,5.987982,0.583445
150537023270466,115.815476,7.748632,5.971406,0.58393
150537033271393,115.825477,7.754128,5.964497,0.581606
150537043272393,115.835478,7.753116,5.966035,0.5793
150537053273307,115.845479,7.747519,5.973073,0.581672
150537063274459,115.855480,7.740986,5.980685,0.590374
150537073275374,115.865481,7.737316,5.984277,0.601956
150537083276355,115.875482,7.737537,5.982889,0.612779
150537093277268,115.885483,7.740574,5.978142,0.620751
150537103278422,115.895484,7.742593,5.975141,0.624464
150537113279340,115.905485,7.739229,5.979624,0.623211
150537123280335,115.915486,7.726181,5.997132,0.616874
150537133281482,115.925487,7.701272,6.030082,0.607041
150537143282408,115.935488,7.667765,6.073531,0.597971
150537153283331,115.945489,7.632807,6.117628,0.595721
150537163284335,115.955490,7.603749,6.153037,0.602556
150537173285482,115.965491,7.5855,6.174148,0.616465
150537183286419,115.975492,7.580455,6.17864,0.633348
150537193287426,115.985493,7.585644,6.17088,0.64668
150537203288349,115.995494,7.597495,6.155678,0.652419
150537213289496,116.005495,7.610994,6.139584,0.646761
150537223290426,116.015496,7.618387,6.131954,0.631904
150537233291440,116.025497,7.614403,6.138857,0.612646
150537243292363,116.035498,7.597378,6.161645,0.594985
150537253293520,116.045500,7.572414,6.193062,0.587021
150537263294464,116.055500,7.546641,6.224051,0.59106
150537273295445,116.065501,7.527541,6.245701,0.606091
150537283296354,116.075502,7.51789,6.255173,0.627759
150537293297505,116.085504,7.518647,6.251949,0.650414
150537303298431,116.095504,7.529128,6.237517,0.667559
150537313299422,116.105505,7.546673,6.215192,0.67755
150537323300349,116.115506,7.56851,6.188036,0.682543
150537333301501,116.125508,7.586988,6.165407,0.682158
150537343302503,116.135509,7.596659,6.153617,0.681014
150537353303432,116.145509,7.594589,6.156306,0.679799
150537363304598,116.155511,7.582044,6.171735,0.679935
150537373305509,116.165512,7.564737,6.192536,0.683602
150537383306513,116.175513,7.550497,6.208957,0.691979
150537393307446,116.185513,7.54474,6.214503,0.704858
150537403308600,116.195515,7.551097,6.204887,0.721305
150537413309595,116.205516,7.569667,6.180454,0.736288
150537423310533,116.215517,7.594219,6.149361,0.74377
150537433311456,116.225517,7.615106,6.123903,0.740252
150537443312603,116.235519,7.625239,6.112947,0.726351
150537453313619,116.245520,7.622916,6.118138,0.706798
150537463314551,116.255521,7.611253,6.13456,0.689944
150537473315474,116.265521,7.598135,6.151467,0.683965
150537483316628,116.275523,7.591572,6.15856,0.692951
150537493317561,116.285524,7.598631,6.147598,0.712603
150537503318561,116.295525,7.621589,6.116756,0.732548
150537513319712,116.305526,7.652313,6.077221,0.741287
150537523320637,116.315527,7.679725,6.043476,0.733596
150537533321623,116.325528,7.696484,6.024667,0.712449
150537543322532,116.335529,7.699033,6.024543,0.685378
150537553323698,116.345530,7.684972,6.045072,0.662031
150537563324700,116.355531,7.658368,6.080318,0.64742
150537573325618,116.365532,7.625161,6.122317,0.64351
150537583326546,116.375533,7.589024,6.166814,0.645828
150537593327700,116.385534,7.554614,6.208342,0.65139
150537603328685,116.395535,7.526942,6.241257,0.657142
150537613329604,116.405536,7.507006,6.264655,0.662557
150537623330756,116.415537,7.497455,6.27581,0.665084
150537633331681,116.425538,7.497744,6.275254,0.667068
150537643332681,116.435539,7.503688,6.267961,0.668811
150537653333618,116.445540,7.509909,6.260535,0.668552
150537663334777,116.455541,7.508479,6.262905,0.662401
150537673335777,116.465542,7.49541,6.279835,0.64999
150537683336705,116.475543,7.468689,6.313039,0.635779
150537693337842,116.485544,7.434611,6.354304,0.624003
150537703338767,116.495545,7.40434,6.38992,0.620179
150537713339772,116.505546,7.385966,6.410485,0.627045
150537723340690,116.515547,7.386065,6.408659,0.644293
150537733341837,116.525548,7.408855,6.379871,0.667933
150537743342834,116.535549,7.448891,6.331082,0.686594
150537753343757,116.545550,7.496186,6.274363,0.692483
150537763344909,116.555551,7.545608,6.215447,0.687025
150537773345832,116.565552,7.591367,6.161006,0.673176
150537783346844,116.575553,7.62974,6.115787,0.651317
150537793347762,116.585554,7.659022,6.081489,0.628382
150537803348900,116.595555,7.678231,6.059145,0.609559
150537813349902,116.605556,7.686239,6.05018,0.597518
150537823350829,116.615557,7.682523,6.055467,0.591727
150537833351739,116.625558,7.670896,6.070489,0.588694
150537843352892,116.635559,7.659752,6.084254,0.591684
150537853353815,116.645560,7.655785,6.088636,0.597862
150537863354806,116.655561,7.660922,6.081795,0.601694
150537873355959,116.665562,7.672941,6.066793,0.600005
150537883356959,116.675563,7.68667,6.050316,0.59056
150537893357888,116.685564,7.698423,6.037009,0.573466
150537903358830,116.695565,7.70699,6.027606,0.557012
150537913359972,116.705566,7.715427,6.017573,0.548642
150537923360893,116.715567,7.726338,6.003359,0.550757
150537933361888,116.725568,7.7381,5.987782,0.555228
150537943363039,116.735569,7.748954,5.973476,0.557936
150537953363965,116.745570,7.756667,5.964037,0.551703
150537963364965,116.755571,7.7621,5.958023,0.540192
150537973366113,116.765572,7.767062,5.952489,0.529769
150537983367027,116.775573,7.774765,5.942614,0.527604
150537993368027,116.785574,7.786452,5.926811,0.532969
150538003368965,116.795575,7.80022,5.90808,0.53957
150538013369893,116.805576,7.807817,5.897831,0.541824
150538023371047,116.815577,7.802706,5.905135,0.535858
150538033371984,116.825578,7.782942,5.932255,0.523611
150538043373215,116.835579,7.754935,5.969469,0.516223
150538053374128,116.845580,7.727698,6.004469,0.518735
150538063375066,116.855581,7.709465,6.026652,0.532504
150538073376297,116.865582,7.700926,6.035618,0.554075
150538083377189,116.875583,7.699941,6.034984,0.574296
150538093378114,116.885584,7.698348,6.036088,0.58402
150538103379119,116.895585,7.687696,6.049743,0.583047
150538113380046,116.905586,7.665514,6.078507,0.575908
150538123381198,116.915587,7.63564,6.116582,0.569638
150538133382123,116.925588,7.606031,6.153306,0.570144
150538143383123,116.935589,7.581218,6.183212,0.577078
150538153384275,116.945590,7.560152,6.208091,0.586273
150538163385215,116.955591,7.539988,6.231801,0.594277
150538173386224,116.965592,7.520155,6.255252,0.599246
150538183387133,116.975593,7.502443,6.276511,0.598927
150538193388277,116.985594,7.489799,6.291788,0.596955
150538203389248,116.995595,7.483536,6.299417,0.594993
150538213390171,117.005596,7.483259,6.299968,0.592689
150538223391343,117.015597,7.487473,6.295387,0.588083
150538233392345,117.025598,7.49116,6.292014,0.577122
150538243393268,117.035599,7.490562,6.293905,0.56416
150538253394410,117.045600,7.48522,6.301279,0.552604
150538263395345,117.055601,7.477548,6.311114,0.544183
150538273396359,117.065602,7.471869,6.318127,0.540789
150538283397287,117.075603,7.472929,6.316807,0.541524
150538293398426,117.085604,7.481878,6.305848,0.545702
150538303399426,117.095605,7.499113,6.285049,0.549069
150538313400349,117.105606,7.521166,6.258717,0.548204
150538323401501,117.115608,7.542436,6.23385,0.539227
150538333402426,117.125608,7.558485,6.215441,0.526919
150538343403421,117.135609,7.569859,6.202869,0.511519
150538353404595,117.145611,7.577141,6.194986,0.499089
150538363405532,117.155612,7.581395,6.190219,0.493601
150538373406541,117.165613,7.587089,6.183049,0.495959
150538383407464,117.175613,7.596441,6.170931,0.50376
150538393408616,117.185615,7.609748,6.153496,0.515961
150538403409527,117.195616,7.628113,6.129397,0.531395
150538413410522,117.205617,7.651125,6.099096,0.548931
150538423411669,117.215618,7.677592,6.064244,0.565261
150538433412624,117.225619,7.70402,6.029497,0.577322
150538443413614,117.235620,7.724847,6.002392,0.581425
150538453414771,117.245621,7.739245,5.983805,0.581517
150538463415691,117.255622,7.748193,5.972331,0.580333
150538473416691,117.265623,7.753711,5.964816,0.583904
150538483417629,117.275624,7.759459,5.956277,0.594595
150538493418768,117.285625,7.766738,5.945136,0.610818
150538503419773,117.295626,7.771039,5.937842,0.626872
150538513420682,117.305627,7.768046,5.94074,0.636467
150538523421838,117.315628,7.755247,5.957383,0.636951
150538533422763,117.325629,7.734327,5.984955,0.632829
150538543423758,117.335630,7.712533,6.013337,0.629765
150538553424681,117.345631,7.69606,6.033999,0.633611
150538563425831,117.355632,7.688957,6.041953,0.643985
150538573426845,117.365633,7.692169,6.036445,0.657205
150538583427778,117.375634,7.702672,6.021526,0.670897
150538593428927,117.385635,7.720138,5.997514,0.685098
150538603429936,117.395636,7.742924,5.966383,0.699544
150538613430839,117.405637,7.769469,5.929742,0.716585
150538623432010,117.415638,7.795863,5.893158,0.731581
150538633432935,117.425639,7.81608,5.865776,0.735891
150538643433945,117.435640,7.82139,5.860239,0.723488
150538653435099,117.445641,7.804554,5.885325,0.701333
150538663436008,117.455642,7.769548,5.934308,0.676839
150538673437022,117.465643,7.725266,5.994045,0.657047
150538683437945,117.475644,7.678992,6.054487,0.645207
150538693439107,117.485645,7.63343,6.112054,0.643098
150538703440109,117.495646,7.592134,6.162923,0.646416
150538713441027,117.505647,7.558151,6.204323,0.648623
150538723442164,117.515648,7.532115,6.236187,0.645904
150538733443065,117.525649,7.51752,6.254302,0.640736
150538743444065,117.535650,7.51821,6.253788,0.637651
150538753445219,117.545651,7.536101,6.232027,0.639537
150538763446147,117.555652,7.567535,6.192929,0.648141
150538773447147,117.565653,7.609532,6.139822,0.661533
150538783448304,117.575654,7.661337,6.073649,0.674281
150538793449229,117.585655,7.716095,6.002702,0.685143
150538803450219,117.595656,7.765004,5.938993,0.687816
150538813451137,117.605657,7.798969,5.895714,0.675795
150538823452277,117.615658,7.809262,5.88505,0.649297
150538833453277,117.625659,7.793659,5.909624,0.612519
150538843454214,117.635660,7.75881,5.958763,0.577922
150538853455366,117.645661,7.719867,6.011565,0.551996
150538863456291,117.655662,7.689726,6.051124,0.540366
150538873457272,117.665663,7.674199,6.070621,0.542424
150538883458431,117.675664,7.671721,6.073069,0.549989
150538893459349,117.685665,7.6777,6.065243,0.552939
150538903460363,117.695666,7.687869,6.052735,0.54867
150538913461302,117.705667,7.698208,6.040756,0.535581
150538923462455,117.715668,7.707898,6.029676,0.520895
150538933463455,117.725669,7.7174,6.018686,0.507021
150538943464379,117.735670,7.726064,6.008553,0.495171
150538953465529,117.745672,7.734488,5.998659,0.483567
150538963466460,117.755672,7.745961,5.984841,0.470898
150538973467460,117.765673,7.76254,5.964051,0.461673
150538983468611,117.775675,7.787167,5.93244,0.454014
150538993469552,117.785676,7.814906,5.896518,0.44536
150539003470552,117.795677,7.838958,5.865525,0.431685
150539013471699,117.805678,7.85242,5.849255,0.407072
150539023472629,117.815679,7.849808,5.854953,0.374213
150539033473629,117.825680,7.831314,5.881909,0.337111
150539043474552,117.835681,7.802013,5.922505,0.30418
150539053475706,117.845682,7.76738,5.968912,0.282676
150539063476702,117.855683,7.731515,6.0156,0.276031
150539073477859,117.865684,7.696276,6.06048,0.279126
150539083478769,117.875685,7.662384,6.102979,0.285501
150539093479769,117.885686,7.629696,6.143578,0.290158
150539103480692,117.895687,7.600928,6.179054,0.291877
150539113481828,117.905688,7.577099,6.208329,0.29016
150539123482754,117.915689,7.560751,6.228325,0.288152
150539133483740,117.925690,7.552373,6.238409,0.289718
150539143484888,117.935691,7.549885,6.24118,0.294769
150539153485802,117.945692,7.551704,6.238571,0.303335
150539163486802,117.955693,7.556846,6.231756,0.315085
150539173487955,117.965694,7.566401,6.219129,0.334649
150539183488884,117.975695,7.584435,6.195595,0.36184
150539193489884,117.985696,7.610723,6.161485,0.391102
150539203490802,117.995697,7.641504,6.121321,0.420504
150539213491956,118.005698,7.672253,6.080918,0.446082
150539223492971,118.015699,7.69618,6.049078,0.466376
150539233494143,118.025700,7.708859,6.031698,0.481775
150539243495055,118.035701,7.709599,6.029712,0.494616
150539253496062,118.045702,7.699057,6.042386,0.504052
150539263496985,118.055703,7.679272,6.066844,0.512039
150539273498132,118.065704,7.655515,6.096182,0.519244
150539283499134,118.075705,7.632672,6.1242,0.525845
150539293500300,118.085706,7.617372,6.14242,0.535084
150539303501229,118.095707,7.615428,6.143566,0.549415
150539313502168,118.105708,7.627167,6.1277,0.563565
150539323503168,118.115709,7.647968,6.100866,0.572687
150539333504322,118.125710,7.670547,6.072597,0.571213
150539343505239,118.135711,7.690404,6.0486,0.558707
150539353506239,118.145712,7.706141,6.030234,0.540087
150539363507391,118.155713,7.717611,6.017096,0.522548
150539373508316,118.165714,7.726932,6.006106,0.511128
150539383509316,118.175715,7.738018,5.992095,0.507807
150539393510465,118.185716,7.753978,5.971152,0.511046
150539403511374,118.195717,7.774186,5.94416,0.51866
150539413512364,118.205718,7.796218,5.914573,0.526078
150539423513316,118.215719,7.815917,5.888384,0.527599
150539433514470,118.225720,7.830365,5.869692,0.521624
150539443515393,118.235721,7.837558,5.860823,0.513266
150539453516393,118.245722,7.837962,5.860536,0.510303
150539463517537,118.255724,7.837889,5.859921,0.518487
150539473518446,118.265724,7.842777,5.851929,0.534543
150539483519441,118.275725,7.852989,5.83634,0.554711
150539493520593,118.285727,7.86363,5.820145,0.573775
150539503521518,118.295728,7.869963,5.810432,0.585275
150539513522518,118.305729,7.866607,5.814655,0.588449
150539523523677,118.315730,7.849714,5.838072,0.582189
150539533524591,118.325731,7.820451,5.878329,0.57079
150539543525820,118.335732,7.783593,5.9281,0.559709
150539553526745,118.345733,7.747773,5.975529,0.552291
150539563527745,118.355734,7.718312,6.013549,0.552155
150539573528658,118.365735,7.699815,6.036432,0.5606
150539583529576,118.375736,7.696778,6.03891,0.575451
150539593530744,118.385737,7.707935,6.022783,0.594804
150539603531735,118.395738,7.728529,5.994693,0.611172
150539613532889,118.405739,7.751669,5.963834,0.619913
150539623533812,118.415740,7.772369,5.936754,0.620697
150539633534807,118.425741,7.786414,5.918743,0.61661
150539643535961,118.435742,7.792177,5.911817,0.610245
150539653536898,118.445743,7.791533,5.912797,0.608961
150539663537898,118.455744,7.791959,5.911168,0.61924
150539673539038,118.465745,7.799478,5.899257,0.637883
150539683539966,118.475746,7.812958,5.879628,0.653965
150539693540966,118.485747,7.827727,5.85923,0.660393
150539703542124,118.495748,7.842227,5.840042,0.658324
150539713543047,118.505749,7.855537,5.823232,0.648466
150539723543985,118.515750,7.864671,5.812528,0.633586
150539733544985,118.525751,7.871489,5.804704,0.620532
150539743546137,118.535752,7.877673,5.796964,0.614347
150539753547139,118.545753,7.886062,5.785518,0.614642
150539763548293,118.555754,7.895591,5.772252,0.617038
150539773549216,118.565755,7.904562,5.760023,0.616447
150539783550206,118.575756,7.91245,5.749759,0.611044
150539793551129,118.585757,7.920508,5.739881,0.599435
150539803552296,118.595758,7.929337,5.729501,0.58172
150539813553302,118.605759,7.937373,5.720346,0.561935
150539823554240,118.615760,7.947059,5.708442,0.545893
150539833555392,118.625761,7.960377,5.690529,0.538775
150539843556317,118.635762,7.977545,5.666452,0.538631
150539853557330,118.645763,7.998851,5.636279,0.539224
150539863558263,118.655764,8.018459,5.608798,0.534524
150539873559422,118.665765,8.026957,5.598019,0.51972
150539883560422,118.675766,8.017169,5.614551,0.491717
150539893561574,118.685768,7.987454,5.659785,0.455467
150539903562508,118.695769,7.942567,5.725129,0.422445
150539913563508,118.705770,7.892557,5.79544,0.400578
150539923564676,118.715771,7.850662,5.852732,0.390706
150539933565614,118.725772,7.826157,5.885188,0.394701
150539943566604,118.735773,7.828427,5.880508,0.418767
150539953567747,118.745774,7.859242,5.836761,0.452269
150539963568753,118.755775,7.90433,5.773275,0.480469
150539973569676,118.765776,7.948293,5.711031,0.498831
150539983570819,118.775777,7.976908,5.670913,0.499623
150539993571734,118.785778,7.973648,5.677155,0.480453
150540003572729,118.795779,7.934575,5.734378,0.446654
150540013573652,118.805780,7.872827,5.821324,0.413184
150540023574883,118.815781,7.807154,5.910515,0.392625
150540033575806,118.825782,7.756693,5.975968,0.401852
150540043576944,118.835783,7.741001,5.99296,0.44874
150540053577864,118.845784,7.763362,5.958893,0.511668
150540063578864,118.855785,7.802024,5.903701,0.561003
150540073580018,118.865786,7.835108,5.857623,0.58252
150540083581004,118.875787,7.847384,5.842238,0.571725
150540093581927,118.885788,7.834453,5.862969,0.535633
150540103583065,118.895789,7.806874,5.902834,0.49923
150540113583975,118.905790,7.780645,5.939058,0.478647
150540123584990,118.915791,7.764467,5.960199,0.478585
150540133585913,118.925792,7.759433,5.965506,0.493871
150540143587067,118.935793,7.76313,5.959198,0.511669
150540153588067,118.945794,7.768105,5.951937,0.520571
150540163589216,118.955795,7.766546,5.954265,0.51718
150540173590240,118.965796,7.754571,5.971394,0.499044
150540183591167,118.975797,7.730484,6.004961,0.469147
150540193592305,118.985798,7.697511,6.049797,0.433887
150540203593216,118.995799,7.661372,6.097875,0.399154
150540213594211,119.005800,7.629712,6.139255,0.370216
150540223595365,119.015801,7.60812,6.167127,0.350798
150540233596274,119.025802,7.600708,6.176718,0.342654
150540243597274,119.035803,7.609456,6.165918,0.343047
150540253598425,119.045804,7.630825,6.13939,0.34411
150540263599350,119.055805,7.660568,6.102426,0.340814
150540273600350,119.065806,7.698072,6.055576,0.331137
150540283601273,119.075807,7.740052,6.002676,0.3153
150540293602512,119.085809,7.782433,5.948742,0.293645
150540303603437,119.095809,7.820494,5.899799,0.268771
150540313604360,119.105810,7.849672,5.861951,0.245424
150540323605591,119.115812,7.868551,5.837267,0.22854
150540333606499,119.125812,7.879132,5.823347,0.218846
150540343607632,119.135814,7.883624,5.817318,0.217367
150540353608555,119.145815,7.884641,5.815807,0.220925
150540363609567,119.155816,7.884489,5.815811,0.226169
150540373610730,119.165817,7.884886,5.815256,0.226637
150540383611672,119.175818,7.885806,5.814286,0.219428
150540393612672,119.185819,7.886952,5.813125,0.208784
150540403613824,119.195820,7.895466,5.801763,0.202898
150540413614764,119.205821,7.916954,5.772237,0.207722
150540423615764,119.215822,7.949915,5.726386,0.217592
150540433616923,119.225823,7.98224,5.681059,0.222343
150540443617846,119.235824,8.00261,5.652382,0.220949
150540453618846,119.245825,8.005328,5.649078,0.206419
150540463619988,119.255826,7.990207,5.671277,0.182177
150540473620913,119.265827,7.964395,5.708235,0.156373
150540483621913,119.275828,7.936822,5.747036,0.135674
150540493623067,119.285829,7.913718,5.779083,0.123724
150540503623988,119.295830,7.899576,5.798418,0.122724
150540513625004,119.305831,7.894632,5.805075,0.125897
150540523626149,119.315832,7.896695,5.802235,0.127609
150540533627081,119.325833,7.902449,5.794485,0.123497
150540543628086,119.335834,7.909119,5.78559,0.112767
150540553629243,119.345835,7.914926,5.777894,0.099503
150540563630216,119.355836,7.919858,5.771319,0.087988
150540573631139,119.365837,7.924854,5.764581,0.07904
150540583632296,119.375838,7.931673,5.75527,0.073919
150540593633221,119.385839,7.941577,5.741602,0.073191
150540603634216,119.395840,7.954987,5.722932,0.078982
150540613635370,119.405841,7.972568,5.698302,0.086597
150540623636293,119.415842,7.988927,5.675287,0.09027
150540633637293,119.425843,7.995105,5.666678,0.084295
150540643638460,119.435844,7.984171,5.682315,0.065492
150540653639462,119.445845,7.954426,5.724144,0.03527
150540663640385,119.455846,7.91577,5.777589,0.004723
150540673641532,119.465848,7.884284,5.820474,-0.011061
150540683642534,119.475849,7.8734,5.8352,-0.005101
150540693643471,119.485849,7.888439,5.814805,0.024265
150540703644613,119.495851,7.920635,5.770598,0.060819
150540713645538,119.505852,7.954869,5.722984,0.086174
150540723646543,119.515853,7.979361,5.688678,0.093409
150540733647711,119.525854,7.990387,5.673302,0.085735
150540743648710,119.535855,7.98997,5.674159,0.065409
150540753649629,119.545856,7.979491,5.689119,0.04003
150540763650781,119.555857,7.962269,5.71331,0.018238
150540773651779,119.565858,7.946603,5.735116,9.96E-4
150540783652697,119.575859,7.93726,5.748031,-0.007781
150540793653849,119.585860,7.941041,5.742809,-0.002358
150540803654851,119.595861,7.966663,5.707183,0.019243
150540813656017,119.605862,8.009454,5.646834,0.044186
150540823656936,119.615863,8.056404,5.579505,0.0591
150540833657933,119.625864,8.09678,5.520794,0.054504
150540843658860,119.635865,8.120867,5.485495,0.02892
150540853660007,119.645866,8.124043,5.480863,-0.00972
150540863661010,119.655867,8.110952,5.500018,-0.047011
150540873662162,119.665868,8.092042,5.527528,-0.072478
150540883663085,119.675869,8.073604,5.554327,-0.079699
150540893664086,119.685870,8.062657,5.570331,-0.07064
150540903665005,119.695871,8.063928,5.56872,-0.049604
150540913666160,119.705872,8.078774,5.5473,-0.029851
150540923667163,119.715873,8.103396,5.511319,-0.017714
150540933668316,119.725874,8.13177,5.469383,-0.011239
150540943669224,119.735875,8.16058,5.426311,-0.008781
150540953670229,119.745876,8.186323,5.387391,-0.01008
150540963671387,119.755877,8.20661,5.35644,-0.011315
150540973672310,119.765878,8.216445,5.341341,-0.010717
150540983673296,119.775879,8.215061,5.34348,-0.003546
150540993674450,119.785880,8.203648,5.360974,0.010328
150541003675378,119.795881,8.184661,5.389834,0.031851
150541013676382,119.805882,8.162511,5.423105,0.057812
150541023677551,119.815884,8.140263,5.456065,0.08667
150541033678464,119.825884,8.118268,5.488209,0.11505
150541043679464,119.835885,8.096675,5.519454,0.139788
150541053680611,119.845887,8.075774,5.549524,0.156973
150541063681541,119.855888,8.052778,5.582598,0.165555
150541073682541,119.865889,8.024127,5.623582,0.169553
150541083683698,119.875890,7.991669,5.669543,0.171723
150541093684709,119.885891,7.957905,5.716705,0.176051
150541103685632,119.895892,7.925986,5.760586,0.18554
150541113686799,119.905893,7.898704,5.797447,0.200306
150541123687786,119.915894,7.879138,5.823308,0.219747
150541133688709,119.925895,7.868476,5.836809,0.242357
150541143689863,119.935896,7.865389,5.83994,0.266117
150541153690859,119.945897,7.866694,5.837103,0.288685
150541163692027,119.955898,7.868959,5.833206,0.305304
150541173692945,119.965899,7.869588,5.831948,0.313022
150541183693931,119.975900,7.865192,5.838115,0.308479
150541193695069,119.985901,7.851536,5.857212,0.293982
150541203696006,119.995902,7.823846,5.894972,0.277074
150541213697013,120.005903,7.783523,5.948684,0.264478
150541223697945,120.015904,7.736741,6.009587,0.260201
150541233699171,120.025905,7.690447,6.068567,0.263557
150541243700094,120.035906,7.648439,6.121262,0.267479
150541253701251,120.045907,7.612954,6.165418,0.265524
150541263702167,120.055908,7.584539,6.20078,0.255182
150541273703167,120.065909,7.560624,6.23062,0.237358
150541283704335,120.075910,7.538969,6.257583,0.215949
150541293705335,120.085911,7.518444,6.282956,0.193535
150541303706272,120.095912,7.497765,6.30824,0.172248
150541313707409,120.105913,7.476689,6.333729,0.151718
150541323708416,120.115914,7.455894,6.358588,0.134204
150541333709330,120.125915,7.438521,6.37917,0.120534
150541343710472,120.135916,7.429587,6.389734,0.11192
150541353711484,120.145917,7.432867,6.385943,0.110637
150541363712642,120.155919,7.449948,6.365893,0.116902
150541373713565,120.165920,7.476769,6.334215,0.125017
150541383714551,120.175921,7.506955,6.298326,0.129381
150541393715705,120.185922,7.534608,6.265239,0.128333
150541403716633,120.195923,7.554898,6.240869,0.122677
150541413717633,120.205924,7.566056,6.227464,0.116243
150541423718785,120.215925,7.572528,6.219628,0.114181
150541433719773,120.225926,7.57878,6.211981,0.115788
150541443720696,120.235927,7.584347,6.205107,0.119859
150541453721590,120.245928,7.584368,6.205014,0.123142
150541463722806,120.255929,7.574299,6.217359,0.119979
150541473723729,120.265930,7.551149,6.245679,0.108035
150541483724896,120.275931,7.515213,6.289152,0.090142
150541493725893,120.285932,7.469734,6.343364,0.069379
150541503727042,120.295933,7.417859,6.404139,0.048346
150541513727979,120.305934,7.361474,6.468995,0.027974
150541523728998,120.315935,7.303825,6.534071,0.008551
150541533730152,120.325936,7.249101,6.594729,-0.009055
150541543731071,120.335937,7.201573,6.646563,-0.024283
150541553732056,120.345938,7.168218,6.682474,-0.034489
150541563733208,120.355939,7.15393,6.697777,-0.033273
150541573734138,120.365940,7.162555,6.688597,-0.021737
150541583735138,120.375941,7.186945,6.662413,-0.008661
150541593736287,120.385942,7.214949,6.632082,-6.73E-4
150541603737210,120.395943,7.23978,6.604968,-0.001222
150541613738195,120.405944,7.254879,6.58837,-0.010056
150541623739349,120.415945,7.256739,6.586294,-0.021282
150541633740288,120.425946,7.25003,6.593662,-0.025332
150541643741302,120.435947,7.247253,6.596746,-0.015023
150541653742456,120.445948,7.256439,6.586658,0.006652
150541663743466,120.455949,7.277179,6.563665,0.031344
150541673744389,120.465950,7.299802,6.538362,0.052048
150541683745556,120.475952,7.318085,6.517777,0.06489
150541693746556,120.485953,7.326707,6.508024,0.07065
150541703747701,120.495954,7.322911,6.512286,0.071431
150541713748705,120.505955,7.306665,6.530528,0.069237
150541723749628,120.515956,7.285484,6.554166,0.067569
150541733750790,120.525957,7.266454,6.575253,0.068293
150541743751778,120.535958,7.252755,6.590322,0.072049
150541753752701,120.545959,7.244698,6.599128,0.076308
150541763753853,120.555960,7.240396,6.603814,0.079209
150541773754859,120.565961,7.237439,6.60705,0.079902
150541783755792,120.575962,7.234362,6.61044,0.078357
150541793756960,120.585963,7.232552,6.612448,0.075669
150541803757975,120.595964,7.233684,6.611222,0.074852
150541813759122,120.605965,7.238301,6.606162,0.075303
150541823760016,120.615966,7.24451,6.599349,0.075527
150541833761018,120.625967,7.247563,6.596025,0.07269
150541843762167,120.635968,7.243415,6.600654,0.065577
150541853763076,120.645969,7.232325,6.612883,0.056985
150541863764305,120.655970,7.217097,6.629539,0.051939
150541873765230,120.665971,7.201878,6.646055,0.053801
150541883766220,120.675972,7.192322,6.656301,0.06458
150541893767153,120.685973,7.190901,6.657655,0.081144
150541903768319,120.695974,7.195549,6.65242,0.096915
150541913769321,120.705975,7.202129,6.645169,0.105189
150541923770458,120.715976,7.206049,6.640935,0.10423
150541933771374,120.725977,7.207345,6.639644,0.09654
150541943772374,120.735978,7.20849,6.638541,0.086322
150541953773518,120.745980,7.213343,6.633359,0.079043
150541963774427,120.755980,7.226009,6.619552,0.07949
150541973775427,120.765981,7.24752,6.59592,0.085289
150541983776581,120.775983,7.272729,6.568003,0.093509
150541993777524,120.785984,7.29828,6.539492,0.100746
150542003778524,120.795985,7.320799,6.514175,0.106809
150542013779663,120.805986,7.337322,6.495486,0.111284
150542023780647,120.815987,7.343482,6.488512,0.111677
150542033781806,120.825988,7.336071,6.496968,0.106878
150542043782728,120.835989,7.312536,6.523637,0.094481
150542053783735,120.845990,7.275474,6.565199,0.075329
150542063784874,120.855991,7.233289,6.611857,0.053211
150542073785798,120.865992,7.1953,6.6533,0.034937
150542083786793,120.875993,7.170399,6.680166,0.028246
150542093787939,120.885994,7.166792,6.684003,0.035035
150542103788953,120.895995,7.184122,6.665282,0.049519
150542113789884,120.905996,7.210766,6.636353,0.060116
150542123791035,120.915997,7.232463,6.612697,0.060746
150542133792037,120.925998,7.240957,6.603504,0.047411
150542143793204,120.935999,7.231502,6.613995,0.021808
150542153794129,120.946000,7.207538,6.640135,-0.005868
150542163795114,120.956001,7.18089,6.668896,-0.025343
150542173796052,120.966002,7.163754,6.687283,-0.030005
150542183797232,120.976003,7.164604,6.686419,-0.016457
150542193798243,120.986004,7.188079,6.661189,0.010352
150542203799393,120.996005,7.229646,6.615947,0.038504
150542213800393,121.006006,7.277927,6.562645,0.058974
150542223801316,121.016007,7.325927,6.508907,0.069984
150542233802460,121.026008,7.367086,6.462266,0.071958
150542243803453,121.036009,7.395805,6.429435,0.066674
150542253804628,121.046011,7.405479,6.418334,0.062043
150542263805553,121.056012,7.395216,6.430206,0.056669
150542273806555,121.066013,7.370364,6.458707,0.053343
150542283807719,121.076014,7.340118,6.493036,0.055604
150542293808719,121.086015,7.313662,6.522742,0.064167
150542303809642,121.096016,7.296075,6.542234,0.080021
150542313810796,121.106017,7.2931,6.545253,0.102119
150542323811794,121.116018,7.30389,6.532871,0.121666
150542333812705,121.126019,7.321539,6.512888,0.131721
150542343813858,121.136020,7.336538,6.496031,0.129451
150542353814844,121.146021,7.342109,6.48995,0.118244
150542363815996,121.156022,7.336051,6.497027,0.104809
150542373816926,121.166023,7.321444,6.51362,0.095999
150542383817914,121.176024,7.307017,6.529783,0.096936
150542393819070,121.186025,7.301408,6.535811,0.112419
150542403820092,121.196026,7.311823,6.523614,0.140441
150542413821258,121.206027,7.339352,6.49185,0.172512
150542423822169,121.216028,7.378441,6.446634,0.198694
150542433823171,121.226029,7.418585,6.399947,0.212822
150542443824094,121.236030,7.449083,6.364418,0.213039
150542453825248,121.246031,7.462614,6.348855,0.203503
150542463826243,121.256032,7.454295,6.359081,0.188629
150542473827383,121.266033,7.427185,6.391087,0.175759
150542483828381,121.276034,7.393399,6.430326,0.168999
150542493829535,121.286036,7.364195,6.463729,0.169837
150542503830458,121.296036,7.346662,6.483433,0.17782
150542513831470,121.306037,7.344876,6.485099,0.190414
150542523832393,121.316038,7.356509,6.471538,0.202352
150542533833542,121.326040,7.373696,6.451787,0.207425
150542543834542,121.336041,7.387723,6.435852,0.203501
150542553835701,121.346042,7.392357,6.430889,0.191678
150542563836699,121.356043,7.385518,6.439234,0.174217
150542573837624,121.366044,7.368914,6.45867,0.157182
150542583838756,121.376045,7.349745,6.480736,0.14603
150542593839753,121.386046,7.334565,6.497999,0.141953
150542603840657,121.396047,7.328542,6.504747,0.144038
150542613841826,121.406048,7.332286,6.500389,0.149997
150542623842826,121.416049,7.344082,6.48686,0.158492
150542633843758,121.426050,7.361686,6.466647,0.167581
150542643844901,121.436051,7.38268,6.442445,0.1758
150542653845917,121.446052,7.402382,6.419593,0.183178
150542663847071,121.456053,7.416184,6.403496,0.188301
150542673848066,121.466054,7.419512,6.399585,0.190128
150542683848989,121.476055,7.409499,6.411205,0.18909
150542693850143,121.486056,7.387629,6.436439,0.187539
150542703851141,121.496057,7.357609,6.470774,0.186352
150542713852071,121.506058,7.324537,6.508144,0.187716
150542723853208,121.516059,7.292646,6.543721,0.192281
150542733854215,121.526060,7.265931,6.573161,0.19952
150542743855364,121.536061,7.249927,6.590525,0.208586
150542753856364,121.546062,7.245763,6.59476,0.219154
150542763857516,121.556064,7.249292,6.590562,0.228493
150542773858465,121.566064,7.25394,6.585259,0.233897
150542783859449,121.576065,7.252331,6.587011,0.234516
150542793860388,121.586066,7.239376,6.601319,0.232396
150542803861526,121.596068,7.213845,6.629298,0.229873
150542813862542,121.606069,7.180926,6.664872,0.231799
150542823863695,121.616070,7.148402,6.699468,0.239631
150542833864696,121.626071,7.122484,6.726491,0.253963
150542843865619,121.636072,7.10676,6.742326,0.273889
150542853866791,121.646073,7.101704,6.746856,0.29285
150542863867724,121.656074,7.102685,6.745362,0.303292
150542873868961,121.666075,7.100887,6.747262,0.303082
150542883869946,121.676076,7.091324,6.75765,0.295477
150542893870880,121.686077,7.074398,6.77574,0.286743
150542903872031,121.696078,7.053931,6.797253,0.281737
150542913873023,121.706079,7.03504,6.816703,0.284205
150542923873937,121.716080,7.018448,6.83337,0.29395
150542933875076,121.726081,6.998415,6.853435,0.304375
150542943876076,121.736082,6.97038,6.881785,0.307941
150542953876984,121.746083,6.93303,6.919592,0.303834
150542963878132,121.756084,6.891299,6.961413,0.297918
150542973879119,121.766085,6.853205,6.999068,0.294222
150542983880273,121.776086,6.825261,7.026424,0.291835
150542993881196,121.786087,6.811191,7.040041,0.292389
150543003882196,121.796088,6.810963,7.04008,0.296701
150543013883336,121.806089,6.819184,7.031939,0.300906
150543023884319,121.816090,6.828468,7.022967,0.299975
150543033885470,121.826091,6.833844,7.017958,0.294677
150543043886463,121.836092,6.83586,7.016134,0.291419
150543053887388,121.846093,6.84133,7.010476,0.298939
150543063888546,121.856095,6.862041,6.988989,0.326255
150543073889552,121.866096,6.918356,6.930396,0.382012
150543083890475,121.876096,7.016001,6.828139,0.438516
150543093891648,121.886098,7.142324,6.693398,0.47496
150543103892663,121.896099,7.267317,6.556417,0.489438
150543113893600,121.906100,7.358098,6.455091,0.479732
150543123894834,121.916101,7.394766,6.415478,0.446176
150543133895759,121.926102,7.37102,6.445969,0.396918
150543143896911,121.936103,7.297258,6.532363,0.34389
150543153897913,121.946104,7.194115,6.648095,0.295806
150543163898836,121.956105,7.086498,6.764176,0.259701
150543173899975,121.966106,7.001124,6.853116,0.242932
150543183900988,121.976107,6.956595,6.898084,0.249431
150543193902158,121.986108,6.955765,6.897936,0.27535
150543203903079,121.996109,6.987783,6.864186,0.306356
150543213904081,122.006110,7.037158,6.812503,0.328966
150543223905233,122.016111,7.090435,6.756887,0.331904
150543233906258,122.026112,7.134166,6.711775,0.309366
150543243907410,122.036113,7.161549,6.684395,0.266614
150543253908335,122.046114,7.189524,6.655632,0.230939
150543263909328,122.056115,7.248669,6.59115,0.231533
150543273910248,122.066116,7.360329,6.464945,0.264503
150543283911477,122.076117,7.51043,6.287944,0.308583
150543293912402,122.086118,7.670315,6.089259,0.356666
150543303913554,122.096120,7.817116,5.897394,0.391628
150543313914566,122.106121,7.933815,5.73884,0.400379
150543323915705,122.116122,8.012332,5.629766,0.385107
150543333916630,122.126123,8.050044,5.577562,0.357263
150543343917638,122.136124,8.048269,5.581699,0.331616
150543353918779,122.146125,8.009929,5.63724,0.320233
150543363919777,122.156126,7.943324,5.730341,0.326688
150543373920702,122.166127,7.859425,5.843443,0.351608
150543383921858,122.176128,7.765732,5.964943,0.391004
150543393922860,122.186129,7.667128,6.087953,0.438133
150543403924010,122.196130,7.565964,6.209898,0.483094
150543413924923,122.206131,7.464848,6.328542,0.515374
150543423925923,122.216132,7.366591,6.441778,0.526118
150543433927082,122.226133,7.272687,6.54877,0.511503
150543443928003,122.236134,7.182413,6.650375,0.474877
150543453929005,122.246135,7.090515,6.751588,0.425062
150543463930159,122.256136,6.991442,6.857118,0.373642
150543473931164,122.266137,6.883248,6.967822,0.332216
150543483932082,122.276138,6.770231,7.078811,0.307256
150543493933231,122.286139,6.660151,7.182815,0.299274
150543503934245,122.296140,6.566929,7.267777,0.308005
150543513935393,122.306141,6.499432,7.327363,0.327321
150543523936382,122.316142,6.458338,7.362403,0.353366
150543533937293,122.326143,6.440422,7.376736,0.380421
150543543938444,122.336144,6.443506,7.372822,0.403459
150543553939446,122.346145,6.46305,7.354586,0.423175
150543563940584,122.356147,6.493345,7.326867,0.439828
150543573941504,122.366148,6.530224,7.292969,0.456979
150543583942518,122.376149,6.571946,7.25416,0.476177
150543593943672,122.386150,6.620529,7.20811,0.501703
150543603944677,122.396151,6.675445,7.15543,0.527491
150543613945826,122.406152,6.733303,7.099307,0.549943
150543623946819,122.416153,6.782074,7.051737,0.562567
150543633947744,122.426154,6.809395,7.025461,0.561309
150543643948883,122.436155,6.808371,7.027437,0.548807
150543653949869,122.446156,6.779846,7.055808,0.537814
150543663951021,122.456157,6.733847,7.099442,0.541489
150543673951932,122.466158,6.680214,7.148197,0.563968
150543683952932,122.476159,6.627146,7.194121,0.604646
150543693954091,122.486160,6.582512,7.230049,0.660966
150543703955011,122.496161,6.550926,7.253234,0.718288
150543713956244,122.506162,6.5333,7.264456,0.763987
150543723957180,122.516163,6.525156,7.268696,0.792736
150543733958182,122.526164,6.522186,7.269797,0.806933
150543743959124,122.536165,6.521451,7.269449,0.815972
150543753960355,122.546166,6.521576,7.268128,0.826643
150543763961497,122.556167,6.519956,7.267819,0.842003
150543773962422,122.566168,6.51492,7.270015,0.861792
150543783963422,122.576169,6.506406,7.275012,0.883666
150543793964336,122.586170,6.49764,7.280223,0.904987
150543803965502,122.596172,6.490492,7.284424,0.922314
150543813966509,122.606173,6.488107,7.284818,0.935849
150543823967675,122.616174,6.491804,7.280179,0.946296
150543833968600,122.626175,6.502323,7.269455,0.956484
150543843969610,122.636176,6.51876,7.253296,0.967206
150543853970783,122.646177,6.538345,7.234304,0.977201
150543863971704,122.656178,6.556751,7.216148,0.988029
150543873972932,122.666179,6.569302,7.203119,0.999681
150543883973930,122.676180,6.571759,7.1995,1.009528
150543893974855,122.686181,6.561944,7.207527,1.016085
150543903976007,122.696182,6.538181,7.228653,1.0192
150543913977009,122.706183,6.50368,7.259094,1.02357
150543923977932,122.716184,6.465048,7.292085,1.033748
150543933979067,122.726185,6.42908,7.3213,1.051402
150543943980061,122.736186,6.403812,7.339938,1.075406
150543953981220,122.746187,6.393254,7.345482,1.100096
150543963982218,122.756188,6.393972,7.341917,1.119523
150543973983162,122.766189,6.399276,7.33564,1.130346
150543983984300,122.776190,6.403696,7.331813,1.130128
150543993985302,122.786191,6.400352,7.335879,1.122653
150544003986453,122.796192,6.385576,7.350269,1.112646
150544013987451,122.806193,6.361706,7.371759,1.107168
150544023988369,122.816194,6.333834,7.395447,1.109027
150544033989513,122.826196,6.30716,7.416755,1.118659
150544043990513,122.836197,6.28684,7.432051,1.131495
150544053991671,122.846198,6.274676,7.440801,1.141463
150544063992598,122.856199,6.268198,7.445914,1.14371
150544073993614,122.866200,6.261928,7.452548,1.134823
150544083994767,122.876201,6.25198,7.463665,1.116434
150544093995767,122.886202,6.23743,7.478942,1.095374
150544103996691,122.896203,6.221364,7.494695,1.078958
150544113997858,122.906204,6.205631,7.508777,1.071633
150544123998861,122.916205,6.19304,7.518994,1.072845
150544134000013,122.926206,6.186128,7.523882,1.078427
150544144000934,122.936207,6.186063,7.523224,1.083387
150544154002153,122.946208,6.192396,7.518122,1.082627
150544164003060,122.956209,6.200705,7.512203,1.07613
150544174004066,122.966210,6.209146,7.506326,1.068454
150544184005218,122.976211,6.217045,7.500381,1.064262
150544194006235,122.986212,6.226662,7.492106,1.066316
150544204007158,122.996213,6.240981,7.479108,1.073831
150544214008302,123.006214,6.261195,7.460788,1.083549
150544224009292,123.016215,6.286487,7.438407,1.090963
150544234010432,123.026216,6.313992,7.414582,1.094297
150544244011411,123.036217,6.339854,7.392453,1.094495
150544254012336,123.046218,6.361185,7.374012,1.095119
150544264013489,123.056219,6.376862,7.359731,1.099999
150544274014490,123.066220,6.389294,7.34742,1.110102
150544284015627,123.076222,6.401373,7.334164,1.128041
150544294016552,123.086223,6.41642,7.316602,1.156228
150544304017567,123.096224,6.436118,7.293995,1.189119
150544314018725,123.106225,6.458509,7.26912,1.219673
150544324019709,123.116226,6.479145,7.246749,1.243097
150544334020634,123.126227,6.494917,7.229959,1.258484
150544344021863,123.136228,6.504828,7.219795,1.265605
150544354022783,123.146229,6.507796,7.216697,1.268022
150544364023935,123.156230,6.503492,7.219528,1.273964
150544374024850,123.166231,6.494735,7.224596,1.289835
150544384026079,123.176232,6.486597,7.226829,1.317962
150544394027014,123.186233,6.481145,7.224876,1.354951
150544404028017,123.196234,6.476416,7.22206,1.392057
150544414029187,123.206235,6.469641,7.222425,1.421376
150544424030185,123.216236,6.45838,7.229225,1.437931
150544434031129,123.226237,6.444093,7.24069,1.444309
150544444032267,123.236238,6.430836,7.251874,1.447294
150544454033269,123.246239,6.422686,7.257278,1.45637
150544464034418,123.256240,6.420273,7.256029,1.473128
150544474035432,123.266241,6.4227,7.249872,1.492749
150544484036351,123.276242,6.428425,7.241441,1.508927
150544494037589,123.286244,6.435849,7.232848,1.518477
150544504038514,123.296245,6.445166,7.223731,1.522331
150544514039668,123.306246,6.457457,7.21176,1.527013
150544524040589,123.316247,6.474326,7.195103,1.534143
150544534041606,123.326248,6.494137,7.175436,1.542504
150544544042745,123.336249,6.512366,7.157722,1.54793
150544554043774,123.346250,6.524739,7.146334,1.548444
150544564044927,123.356251,6.526927,7.145266,1.544148
150544574045856,123.366252,6.515608,7.15677,1.538668
150544584046856,123.376253,6.492248,7.178454,1.53639
150544594048084,123.386254,6.462531,7.204747,1.538611
150544604049009,123.396255,6.431478,7.231235,1.544443
150544614050163,123.406256,6.403253,7.25539,1.54844
150544624051175,123.416257,6.379934,7.276593,1.545203
150544634052090,123.426258,6.361582,7.295016,1.533963
150544644053248,123.436259,6.348535,7.309886,1.517124
150544654054167,123.446260,6.341974,7.318723,1.501897
150544664055398,123.456261,6.341947,7.320522,1.493204
150544674056398,123.466262,6.347992,7.31591,1.490121
150544684057307,123.476263,6.357939,7.307978,1.486632
150544694058461,123.486264,6.366965,7.302127,1.476733
150544704059459,123.496265,6.372915,7.300265,1.460179
150544714060615,123.506267,6.377826,7.299928,1.440268
150544724061608,123.516268,6.382814,7.299552,1.419936
150544734062552,123.526269,6.385753,7.300438,1.402052
150544744063690,123.536270,6.384632,7.30461,1.385322
150544754064682,123.546271,6.378331,7.313316,1.368325
150544764065822,123.556272,6.366118,7.326985,1.351972
150544774066745,123.566273,6.35125,7.342555,1.337355
150544784067740,123.576274,6.339216,7.354632,1.328047
150544794068894,123.586275,6.334189,7.359399,1.325631
150544804069892,123.596276,6.337747,7.355892,1.328107
150544814071053,123.606277,6.349006,7.345758,1.330397
150544824071983,123.616278,6.365033,7.332481,1.327038
150544834072976,123.626279,6.381974,7.319487,1.317395
150544844074134,123.636280,6.396845,7.309003,1.303396
150544854075125,123.646281,6.411201,7.298362,1.292433
150544864076262,123.656282,6.428104,7.283863,1.290274
150544874077264,123.666283,6.448668,7.264521,1.296676
150544884078202,123.676284,6.472593,7.241572,1.305809
150544894079356,123.686285,6.496158,7.219302,1.312082
150544904080358,123.696286,6.514807,7.202545,1.311726
150544914081274,123.706287,6.525434,7.194019,1.305676
150544924082503,123.716289,6.524863,7.196371,1.295525
150544934083437,123.726289,6.510039,7.211681,1.284931
150544944084591,123.736291,6.481623,7.238709,1.276583
150544954085586,123.746292,6.443124,7.274028,1.270712
150544964086509,123.756293,6.399631,7.313058,1.266455
150544974087730,123.766294,6.355314,7.352045,1.263913
150544984088862,123.776295,6.315842,7.386091,1.263228
150544994089798,123.786296,6.287441,7.410336,1.262944
150545004090798,123.796297,6.272218,7.423877,1.259113
150545014091730,123.806298,6.269652,7.427622,1.249763
150545024092878,123.816299,6.276006,7.424757,1.234815
150545034093864,123.826300,6.288237,7.41719,1.217935
150545044095032,123.836301,6.304072,7.406068,1.203681
150545054096032,123.846302,6.321762,7.392398,1.194907
150545064096941,123.856303,6.339399,7.378073,1.19001
150545074098171,123.866304,6.354226,7.366307,1.183783
150545084099309,123.876305,6.361774,7.361668,1.172038
150545094100238,123.886306,6.36127,7.364407,1.157462
150545104101232,123.896307,6.355313,7.37133,1.146074
150545114102402,123.906308,6.349372,7.376818,1.143697
150545124103415,123.916309,6.348468,7.376273,1.15222
150545134104575,123.926311,6.353652,7.369714,1.165509
150545144105511,123.936312,6.360337,7.362985,1.171542
150545154106513,123.946313,6.359489,7.364729,1.165179
150545164107681,123.956314,6.345124,7.379654,1.148944
150545174108667,123.966315,6.318071,7.405611,1.130915
150545184109575,123.976316,6.28534,7.435221,1.118917
150545194110806,123.986317,6.254853,7.461092,1.117564
150545204111734,123.996318,6.234996,7.476287,1.126922
150545214112888,124.006319,6.230458,7.478132,1.13971
150545224113911,124.016320,6.242022,7.467097,1.148746
150545234115067,124.026321,6.267308,7.445486,1.151336
150545244115988,124.036322,6.301261,7.417197,1.148585
150545254116990,124.046323,6.337722,7.386837,1.14366
150545264118173,124.056324,6.370158,7.359645,1.138731
150545274119168,124.066325,6.391837,7.341566,1.133956
150545284120095,124.076326,6.399333,7.33551,1.130849
150545294121249,124.086327,6.39602,7.338222,1.131996
150545304122235,124.096328,6.389894,7.342384,1.139589
150545314123389,124.106329,6.384668,7.344847,1.152934
150545324124387,124.116330,6.383658,7.34317,1.169085
150545334125543,124.126332,6.386635,7.33834,1.183089
150545344126555,124.136333,6.390626,7.333768,1.189834
150545354127480,124.146333,6.392719,7.332262,1.187883
150545364128647,124.156335,6.390486,7.335426,1.18035
150545374129634,124.166336,6.384255,7.342112,1.172449
150545384130543,124.176337,6.37572,7.349838,1.170507
150545394131687,124.186338,6.36749,7.35605,1.176291
150545404132687,124.196339,6.362735,7.358548,1.186338
150545414133841,124.206340,6.361071,7.358979,1.192547
150545424134856,124.216341,6.361037,7.35956,1.189144
150545434136009,124.226342,6.362472,7.36042,1.176089
150545444136918,124.236343,6.367636,7.35833,1.161106
150545454138146,124.246344,6.376209,7.352533,1.150772
150545464139074,124.256345,6.387708,7.342707,1.149695
150545474140081,124.266346,6.401663,7.329395,1.157015
150545484141220,124.276347,6.416563,7.314868,1.166368
150545494142161,124.286348,6.431721,7.300488,1.172958
150545504143392,124.296349,6.443179,7.290512,1.172133
150545514144377,124.306350,6.446312,7.289114,1.163557
150545524145288,124.316351,6.43656,7.300015,1.149121
150545534146442,124.326352,6.412808,7.32356,1.131962
150545544147425,124.336353,6.379486,7.354961,1.116579
150545554148581,124.346355,6.344904,7.386139,1.10777
150545564149579,124.356356,6.316827,7.410105,1.108195
150545574150504,124.366357,6.302563,7.420689,1.118528
150545584151672,124.376358,6.307423,7.413779,1.136811
150545594152671,124.386359,6.333194,7.38861,1.157186
150545604153826,124.396360,6.372089,7.353036,1.170177
150545614154749,124.406361,6.415229,7.31494,1.173229
150545624155964,124.416362,6.457589,7.278422,1.16794
150545634156889,124.426363,6.49572,7.245899,1.158694
150545644157892,124.436364,6.526535,7.219964,1.147385
150545654159038,124.446365,6.546863,7.203237,1.13663
150545664160036,124.456366,6.555515,7.19653,1.129236
150545674161185,124.466367,6.552143,7.199821,1.127825
150545684162108,124.476368,6.541797,7.207897,1.136278
150545694163110,124.486369,6.530152,7.21548,1.154976
150545704164279,124.496370,6.523417,7.217547,1.179847
150545714165264,124.506371,6.522885,7.214144,1.203361
150545724166411,124.516372,6.5272,7.207173,1.221595
150545734167413,124.526373,6.533947,7.199506,1.230696
150545744168351,124.536374,6.540972,7.192953,1.231728
150545754169519,124.546376,6.548236,7.186431,1.23118
150545764170503,124.556377,6.558014,7.17679,1.235371
150545774171659,124.566378,6.5713,7.162538,1.24741
150545784172642,124.576379,6.588047,7.144348,1.263321
150545794173567,124.586380,6.606259,7.125136,1.276634
150545804174731,124.596381,6.622812,7.109308,1.279094
150545814175731,124.606382,6.633838,7.100826,1.269044
150545824176874,124.616383,6.638943,7.099157,1.251565
150545834177884,124.626384,6.639484,7.101351,1.236165
150545844179031,124.636385,6.639254,7.102643,1.229943
150545854180033,124.646386,6.643814,7.097594,1.23446
150545864180941,124.656387,6.657709,7.082531,1.246055
150545874182095,124.666388,6.682554,7.057018,1.257783
150545884183088,124.676389,6.713855,7.026207,1.263567
150545894184247,124.686390,6.745356,6.996553,1.260304
150545904185252,124.696391,6.771111,6.974011,1.247083
150545914186422,124.706392,6.785339,6.963865,1.226264
150545924187348,124.716393,6.786779,6.96654,1.202882
150545934188345,124.726394,6.780733,6.975258,1.186351
150545944189497,124.736395,6.77582,6.980613,1.182921
150545954190499,124.746396,6.780224,6.974743,1.192286
150545964191666,124.756398,6.794305,6.959219,1.202811
150545974192668,124.766399,6.812397,6.941315,1.203914
150545984193581,124.776400,6.82556,6.930551,1.191294
150545994194735,124.786401,6.828019,6.932042,1.168298
150546004195738,124.796402,6.817996,6.946142,1.142805
150546014196663,124.806403,6.798699,6.96818,1.123457
150546024197810,124.816404,6.776558,6.991106,1.114768
150546034198817,124.826405,6.756559,7.010486,1.11445
150546044200000,124.836406,6.74244,7.023861,1.115734
150546054201000,124.846407,6.735266,7.030903,1.114706
150546064202158,124.856408,6.734553,7.032488,1.109032
150546074203168,124.866409,6.739503,7.029144,1.100108
150546084204308,124.876410,6.749283,7.021097,1.091507
150546094205306,124.886411,6.763024,7.009055,1.08381
150546104206226,124.896412,6.778628,6.995063,1.076696
150546114207370,124.906413,6.794994,6.980413,1.068604
150546124208373,124.916414,6.809028,6.968277,1.058404
150546134209527,124.926416,6.818092,6.961125,1.047058
150546144210517,124.936417,6.822277,6.958591,1.036589
150546154211433,124.946417,6.822295,6.960136,1.026054
150546164212599,124.956419,6.817861,6.965974,1.015865
150546174213601,124.966420,6.811433,6.973475,1.007492
150546184214754,124.976421,6.805632,6.980441,0.998405
150546194215754,124.986422,6.798732,6.988994,0.985506
150546204216891,124.996423,6.788867,7.000767,0.969822
150546214217816,125.006424,6.775868,7.015685,0.952763
150546224218802,125.016425,6.759042,7.03411,0.936286
150546234219956,125.026426,6.741043,7.053029,0.923652
150546244220949,125.036427,6.724128,7.07056,0.912849
150546254222105,125.046428,6.707051,7.088183,0.90175
150546264223122,125.056429,6.691265,7.104352,0.891747
150546274224047,125.066430,6.678504,7.117409,0.883177
150546284225192,125.076431,6.669762,7.126362,0.877053
150546294226182,125.086432,6.667178,7.129042,0.874907
150546304227336,125.096433,6.670975,7.125325,0.876229
150546314228336,125.106434,6.679908,7.116805,0.877463
150546324229268,125.116435,6.69063,7.107281,0.872917
150546334230509,125.126437,6.696846,7.102978,0.860185
150546344231661,125.136438,6.691733,7.110535,0.837265
150546354232586,125.146439,6.670773,7.133309,0.810336
150546364233571,125.156440,6.635098,7.16908,0.787223
150546374234725,125.166441,6.590649,7.211501,0.773029
150546384235656,125.176442,6.546279,7.252271,0.768635
150546394236875,125.186443,6.510119,7.284363,0.772283
150546404237796,125.196444,6.487552,7.303547,0.780937
150546414238812,125.206445,6.480924,7.308576,0.788844
150546424239971,125.216446,6.48773,7.30261,0.788198
150546434240971,125.226447,6.499624,7.293328,0.776053
150546444242123,125.236448,6.511156,7.285196,0.755454
150546454243125,125.246449,6.517924,7.281591,0.731507
150546464244077,125.256450,6.516535,7.284919,0.710412
150546474245259,125.266451,6.512814,7.28946,0.697907
150546484246259,125.276452,6.513184,7.289646,0.69245
150546494247412,125.286453,6.519429,7.28405,0.692561
150546504248396,125.296454,6.531754,7.272782,0.694909
150546514249549,125.306456,6.548736,7.257611,0.693641
150546524250563,125.316457,6.567176,7.241619,0.686394
150546534251490,125.326457,6.583924,7.227483,0.674835
150546544252657,125.336459,6.595165,7.218692,0.659015
150546554253652,125.346460,6.598707,7.216944,0.642457
150546564254811,125.356461,6.598253,7.218459,0.630035
150546574255809,125.366462,6.598784,7.218388,0.625189
150546584256734,125.376463,6.600567,7.216885,0.623761
150546594257888,125.386464,6.601687,7.216153,0.620371
150546604258869,125.396465,6.59881,7.219576,0.61111
150546614260023,125.406466,6.591386,7.227468,0.597808
150546624261035,125.416467,6.582139,7.236779,0.586903
150546634262189,125.426468,6.571744,7.246859,0.579012
150546644263098,125.436469,6.55875,7.259159,0.572178
150546654264081,125.446470,6.54348,7.273519,0.564642
150546664265310,125.456471,6.526124,7.289649,0.557437
150546674266235,125.466472,6.507354,7.306918,0.550706
150546684267383,125.476473,6.488428,7.324087,0.545946
150546694268396,125.486474,6.47095,7.339775,0.54268
150546704269535,125.496476,6.455147,7.353926,0.539268
150546714270552,125.506477,6.442946,7.364876,0.535728
150546724271689,125.516478,6.437034,7.370179,0.533904
150546734272617,125.526479,6.439999,7.367411,0.536358
150546744273619,125.536480,6.45461,7.353791,0.547524
150546754274771,125.546481,6.481292,7.328998,0.564453
150546764275802,125.556482,6.513767,7.299159,0.577101
150546774276939,125.566483,6.544934,7.270997,0.580003
150546784277867,125.576484,6.568068,7.250568,0.574234
150546794278869,125.586485,6.577819,7.242572,0.563417
150546804280009,125.596486,6.568057,7.252348,0.551417
150546814281009,125.606487,6.536401,7.281463,0.543797
150546824282158,125.616488,6.487615,7.325015,0.543176
150546834283158,125.626489,6.428989,7.37624,0.546978
150546844284086,125.636490,6.368853,7.427574,0.555704
150546854285225,125.646491,6.315212,7.472449,0.566217
150546864286231,125.656492,6.273875,7.506359,0.577066
150546874287384,125.666493,6.248008,7.527055,0.588089
150546884288389,125.676494,6.238206,7.534409,0.597871
150546894289528,125.686496,6.243005,7.52985,0.605191
150546904290540,125.696497,6.25948,7.515803,0.609593
150546914291465,125.706497,6.281217,7.497759,0.608176
150546924292694,125.716499,6.299601,7.483069,0.598916
150546934293619,125.726500,6.309119,7.476074,0.585951
150546944294744,125.736501,6.311372,7.474891,0.576709
150546954295759,125.746502,6.310214,7.475783,0.577805
150546964296918,125.756503,6.311463,7.473543,0.592909
150546974297834,125.766504,6.319607,7.464667,0.617499
150546984298821,125.776505,6.331868,7.452317,0.640646
150546994300050,125.786506,6.344106,7.440606,0.655502
150547004300961,125.796507,6.353473,7.431981,0.662615
150547014302115,125.806508,6.356845,7.428912,0.664662
150547024303115,125.816509,6.350191,7.434401,0.666906
150547034304296,125.826510,6.332629,7.448679,0.674524
150547044305290,125.836511,6.30561,7.470062,0.690994
150547054306429,125.846512,6.273521,7.494714,0.715681
150547064307348,125.856513,6.243579,7.516895,0.744297
150547074308579,125.866515,6.221926,7.53193,0.773128
150547084309502,125.876516,6.212145,7.537127,0.800617
150547094310489,125.886516,6.214959,7.532374,0.823162
150547104311627,125.896518,6.229675,7.518333,0.840134
150547114312632,125.906519,6.253276,7.497404,0.851718
150547124313571,125.916520,6.279016,7.474982,0.859383
150547134314725,125.926521,6.297355,7.459295,0.861533
150547144315715,125.936522,6.303097,7.45457,0.860417
150547154316869,125.946523,6.296028,7.460689,0.859148
150547164317877,125.956524,6.27926,7.474724,0.859869
150547174319044,125.966525,6.257667,7.4921,0.866047
150547184320062,125.976526,6.236308,7.508693,0.876351
150547194321213,125.986527,6.217221,7.523486,0.885055
150547204322121,125.996528,6.19782,7.539084,0.888373
150547214323105,126.006529,6.177845,7.555844,0.885142
150547224324262,126.016530,6.156993,7.573848,0.876509
150547234325262,126.026531,6.133622,7.59395,0.86639
150547244326425,126.036532,6.108561,7.614891,0.859571
150547254327425,126.046533,6.08333,7.635345,0.857058
150547264328579,126.056535,6.05814,7.655354,0.85703
150547274329502,126.066536,6.036746,7.672095,0.858288
150547284330519,126.076537,6.023795,7.682238,0.85855
150547294331682,126.086538,6.021356,7.684198,0.858131
150547304332682,126.096539,6.029862,7.677851,0.855194
150547314333834,126.106540,6.045724,7.666159,0.848062
150547324334834,126.116541,6.062843,7.653835,0.837082
150547334335993,126.126542,6.072739,7.647868,0.819723
150547344336897,126.136543,6.066067,7.655499,0.797629
150547354338133,126.146544,6.041173,7.677224,0.777474
150547364339041,126.156545,6.00439,7.706972,0.768027
150547374340043,126.166546,5.965806,7.736354,0.773286
150547384341209,126.176547,5.934141,7.758853,0.791297
150547394342200,126.186548,5.916075,7.770159,0.815274
150547404343354,126.196549,5.912648,7.770858,0.833275
150547414344348,126.206550,5.921227,7.763432,0.841544
150547424345278,126.216551,5.938951,7.749886,0.84151
150547434346437,126.226552,5.959853,7.73434,0.836712
150547444347451,126.236553,5.977336,7.72149,0.830684
150547454348619,126.246555,5.986632,7.714921,0.824753
150547464349614,126.256556,5.986652,7.715318,0.820881
150547474350766,126.266557,5.98161,7.718919,0.823774
150547484351747,126.276558,5.979531,7.719258,0.835635
150547494352667,126.286559,5.987434,7.711048,0.854619
150547504353836,126.296560,6.008517,7.692682,0.871971
150547514354831,126.306561,6.037616,7.669125,0.878465
150547524355996,126.316562,6.070992,7.642884,0.877144
150547534356996,126.326563,6.108373,7.613089,0.876749
150547544357903,126.336564,6.150054,7.578702,0.883246
150547554359145,126.346565,6.193586,7.541188,0.899971
150547564360299,126.356566,6.238518,7.501177,0.923701
150547574361222,126.366567,6.282633,7.461608,0.94494
150547584362463,126.376568,6.320919,7.427114,0.961228
150547594363392,126.386569,6.351573,7.399341,0.973301
150547604364392,126.396570,6.376384,7.37663,0.983395
150547614365312,126.406571,6.396514,7.357742,0.994109
150547624366541,126.416573,6.414323,7.340245,1.00859
150547634367695,126.426574,6.431391,7.32328,1.023131
150547644368613,126.436575,6.444828,7.310184,1.032174
150547654369620,126.446576,6.448078,7.306935,1.034879
150547664370764,126.456577,6.4376,7.316611,1.031743
150547674371774,126.466578,6.413621,7.338347,1.026711
150547684372913,126.476579,6.377502,7.370569,1.020874
150547694373921,126.486580,6.333533,7.408901,1.017138
150547704375075,126.496581,6.285722,7.449854,1.014559
150547714376012,126.506582,6.239674,7.488529,1.014107
150547724377014,126.516583,6.203147,7.518309,1.017835
150547734378168,126.526584,6.185005,7.531609,1.029823
150547744379180,126.536585,6.192394,7.522586,1.051197
150547754380334,126.546586,6.227576,7.489794,1.077177
150547764381338,126.556587,6.282115,7.441634,1.094103
150547774382473,126.566588,6.340519,7.392082,1.093126
150547784383473,126.576589,6.389216,7.352475,1.076596
150547794384398,126.586590,6.420909,7.328425,1.051695
150547804385621,126.596592,6.436452,7.317914,1.029664
150547814386761,126.606593,6.441325,7.314603,1.022704
150547824387689,126.616594,6.444591,7.31025,1.033208
150547834388689,126.626595,6.451946,7.300961,1.052782
150547844389857,126.636596,6.460845,7.291033,1.066929
150547854390852,126.646597,6.468676,7.284078,1.066972
150547864392006,126.656598,6.473442,7.282149,1.051128
150547874393011,126.666599,6.474703,7.284538,1.026514
150547884393936,126.676600,6.473025,7.289278,1.003171
150547894395095,126.686601,6.473042,7.290753,0.992329
150547904396093,126.696602,6.480813,7.283201,0.997031
150547914397247,126.706603,6.497749,7.266427,1.009083
150547924398237,126.716604,6.522006,7.24349,1.017489
150547934399362,126.726605,6.548683,7.219459,1.01695
150547944400348,126.736606,6.57239,7.199527,1.005234
150547954401273,126.746607,6.59023,7.18631,0.982735
150547964402447,126.756608,6.600101,7.180926,0.955496
150547974403432,126.766609,6.602355,7.182237,0.929694
150547984404584,126.776611,6.598392,7.188415,0.909897
150547994405589,126.786612,6.591967,7.195626,0.899401
150548004406748,126.796613,6.586056,7.201493,0.89575
150548014407733,126.806614,6.581422,7.205723,0.895794
150548024408887,126.816615,6.578825,7.207942,0.897023
150548034409810,126.826616,6.579997,7.206599,0.899202
150548044410812,126.836617,6.583322,7.203457,0.90003
150548054411966,126.846618,6.583284,7.203876,0.896954
150548064412964,126.856619,6.575366,7.212022,0.889544
150548074414115,126.866620,6.557842,7.229323,0.878408
150548084415104,126.876621,6.533923,7.25224,0.867682
150548094416257,126.886622,6.510423,7.273697,0.864675
150548104417181,126.896623,6.494761,7.286612,0.873723
150548114418207,126.906624,6.49151,7.287148,0.893155
150548124419379,126.916625,6.498558,7.277876,0.917201
150548134420391,126.926626,6.511733,7.263396,0.938311
150548144421547,126.936628,6.525545,7.249513,0.949644
150548154422559,126.946629,6.536915,7.238594,0.954734
150548164423728,126.956630,6.545891,7.230075,0.957781
150548174424648,126.966631,6.553949,7.222509,0.959722
150548184425879,126.976632,6.55652,7.220055,0.96066
150548194426781,126.986633,6.545722,7.230159,0.958297
150548204427797,126.996634,6.519954,7.253964,0.954041
150548214428956,127.006635,6.487377,7.283559,0.950642
150548224429969,127.016636,6.457428,7.309636,0.95435
150548234431123,127.026637,6.434062,7.328569,0.9669
150548244432125,127.036638,6.420038,7.338495,0.98467
150548254433272,127.046639,6.415098,7.341037,0.997812
150548264434272,127.056640,6.413207,7.342817,0.996915
150548274435202,127.066641,6.408942,7.348774,0.980277
150548284436431,127.076642,6.400159,7.359909,0.953787
150548294437346,127.086643,6.393038,7.368843,0.932301
150548304438500,127.096645,6.396195,7.366851,0.926403
150548314439495,127.106645,6.412178,7.351967,0.934104
150548324440642,127.116647,6.440214,7.325653,0.947892
150548334441565,127.126648,6.477972,7.290986,0.957787
150548344442553,127.136649,6.521706,7.251922,0.95755
150548354443707,127.146650,6.565798,7.213386,0.947284
150548364444920,127.156651,6.606389,7.177993,0.933822
150548374445835,127.166652,6.64222,7.1464,0.921888
150548384446851,127.176653,6.675936,7.115696,0.915841
150548394448002,127.186654,6.710082,7.083484,0.915999
150548404448999,127.196655,6.744287,7.050688,0.917819
150548414450137,127.206656,6.775418,7.020578,0.919347
150548424451132,127.216657,6.797366,6.999659,0.916863
150548434452286,127.226658,6.802941,6.994874,0.912019
150548444453209,127.236659,6.78782,7.010389,0.905478
150548454454211,127.246660,6.754774,7.042971,0.899751
150548464455358,127.256661,6.714488,7.081441,0.899349
150548474456360,127.266662,6.676318,7.116658,0.905498
150548484457512,127.276664,6.648109,7.141479,0.917588
150548494458512,127.286665,6.635547,7.150754,0.936087
150548504459671,127.296666,6.64194,7.141808,0.95875
150548514460661,127.306667,6.665454,7.116525,0.983248
150548524461815,127.316668,6.700358,7.080868,1.003261
150548534462738,127.326669,6.73727,7.044083,1.014906
150548544463755,127.336670,6.769004,7.013307,1.016898
150548554464923,127.346671,6.787463,6.996238,1.011422
150548564465923,127.356672,6.788831,6.995849,1.004922
150548574467075,127.366673,6.777473,7.007261,1.002073
150548584468061,127.376674,6.761801,7.021844,1.005852
150548594469215,127.386675,6.748008,7.033726,1.015439
150548604470133,127.396676,6.739457,7.040547,1.024897
150548614471383,127.406677,6.736168,7.043143,1.028674
150548624472306,127.416678,6.737817,7.042055,1.025329
150548634473308,127.426679,6.745812,7.035641,1.016755
150548644474467,127.436680,6.759453,7.02413,1.005705
150548654475467,127.446681,6.774543,7.010981,0.995824
150548664476620,127.456683,6.785316,7.002278,0.983661
150548674477614,127.466684,6.78812,7.001749,0.967961
150548684478762,127.476685,6.78329,7.008729,0.951151
150548694479776,127.486686,6.774223,7.019208,0.93841
150548704480702,127.496687,6.769947,7.024053,0.933
150548714481855,127.506688,6.775905,7.018014,0.935208
150548724482855,127.516689,6.791474,7.002478,0.938701
150548734484009,127.526690,6.811742,6.983349,0.934349
150548744484993,127.536691,6.830679,6.96683,0.919315
150548754486147,127.546692,6.844663,6.955749,0.898963
150548764487156,127.556693,6.856498,6.946054,0.883631
150548774488310,127.566694,6.871089,6.931694,0.883038
150548784489238,127.576695,6.894351,6.906448,0.899371
150548794490226,127.586696,6.927723,6.869903,0.922523
150548804491454,127.596697,6.964992,6.829676,0.94046
150548814492377,127.606698,6.996445,6.797084,0.94309
150548824493531,127.616700,7.018895,6.775046,0.934824
150548834494531,127.626701,7.032716,6.762591,0.921028
150548844495685,127.636702,7.037319,6.75986,0.905792
150548854496690,127.646703,7.035168,6.763332,0.89654
150548864497846,127.656704,7.032351,6.766517,0.894592
150548874498844,127.666705,7.034825,6.763314,0.899383
150548884499998,127.676706,7.045856,6.750606,0.908404
150548894500921,127.686707,7.065975,6.7287,0.914663
150548904501923,127.696708,7.088472,6.70567,0.909695
150548914503077,127.706709,7.104928,6.691217,0.887467
150548924504077,127.716710,7.113275,6.686878,0.852653
150548934505226,127.726711,7.119284,6.684805,0.818034
150548944506229,127.736712,7.129209,6.677156,0.7937
150548954507140,127.746713,7.148635,6.657233,0.786273
150548964508294,127.756714,7.183204,6.619105,0.793118
150548974509522,127.766716,7.226823,6.570352,0.802226
150548984510459,127.776716,7.261642,6.532028,0.800723
150548994511461,127.786717,7.274908,6.519246,0.784314
150549004512615,127.796719,7.260176,6.539728,0.749543
150549014513615,127.806720,7.218018,6.5913,0.703556
150549024514783,127.816721,7.159057,6.660405,0.653409
150549034515764,127.826722,7.095016,6.732958,0.606608
150549044516916,127.836723,7.035915,6.797806,0.570709
150549054517916,127.846724,6.99337,6.842985,0.553486
150549064518841,127.856725,6.976267,6.860193,0.556236
150549074519995,127.866726,6.983843,6.851024,0.573906
150549084520995,127.876727,7.005665,6.827076,0.593052
150549094522149,127.886728,7.031547,6.799564,0.602741
150549104523156,127.896729,7.054869,6.775711,0.598785
150549114524324,127.906730,7.068649,6.7625,0.585471
150549124525324,127.916731,7.071444,6.761042,0.568325
150549134526480,127.926732,7.071414,6.76212,0.555723
150549144527478,127.936733,7.081371,6.75153,0.557662
150549154528632,127.946735,7.11079,6.719119,0.574535
150549164529536,127.956736,7.153115,6.672112,0.596512
150549174530767,127.966737,7.198364,6.621483,0.616027
150549184531690,127.976738,7.238096,6.576382,0.633322
150549194532692,127.986739,7.26496,6.545752,0.643025
150549204533841,127.996740,7.275857,6.533495,0.644463
150549214534854,128.006741,7.272203,6.537599,0.644096
150549224536009,128.016742,7.257315,6.553995,0.645345
150549234537007,128.026743,7.237519,6.575188,0.652048
150549244538174,128.036744,7.217884,6.595473,0.664735
150549254539097,128.046745,7.198908,6.614777,0.678525
150549264540328,128.056746,7.177403,6.637072,0.68861
150549274541328,128.066747,7.15488,6.660957,0.692361
150549284542258,128.076748,7.134112,6.683434,0.690064
150549294543394,128.086749,7.120619,6.698104,0.687175
150549304544398,128.096750,7.118173,6.700809,0.686136
150549314545550,128.106752,7.127846,6.690025,0.690957
150549324546482,128.116752,7.144717,6.671518,0.695618
150549334547718,128.126754,7.158678,6.656553,0.695419
150549344548737,128.136755,7.161342,6.6545,0.687591
150549354549662,128.146756,7.149202,6.669277,0.670574
150549364550891,128.156757,7.12295,6.699483,0.648474
150549374551816,128.166758,7.089102,6.737124,0.629106
150549384553031,128.176759,7.057177,6.771627,0.617537
150549394553941,128.186760,7.034812,6.795025,0.615644
150549404555095,128.196761,7.025132,6.804507,0.621463
150549414556090,128.206762,7.026906,6.80191,0.629737
150549424557244,128.216763,7.038299,6.789662,0.634657
150549434558242,128.226764,7.057648,6.76956,0.634505
150549444559397,128.236765,7.081004,6.746002,0.625141
150549454560411,128.246766,7.104774,6.723045,0.602334
150549464561350,128.256767,7.122483,6.707154,0.569515
150549474562594,128.266769,7.131725,6.70044,0.531538
150549484563519,128.276770,7.134186,6.700552,0.49599
150549494564667,128.286771,7.132649,6.704168,0.468425
150549504565666,128.296772,7.124265,6.714432,0.448608
150549514566804,128.306773,7.106193,6.734769,0.430019
150549524567785,128.316774,7.078384,6.765462,0.406228
150549534568941,128.326775,7.044331,6.80248,0.379047
150549544569939,128.336776,7.00939,6.839758,0.355113
150549554571093,128.346777,6.981486,6.869139,0.337308
150549564572030,128.356778,6.97133,6.879956,0.326658
150549574573266,128.366779,6.98383,6.86724,0.327344
150549584574276,128.376780,7.014716,6.835354,0.334266
150549594575206,128.386781,7.052911,6.795546,0.341968
150549604576345,128.396782,7.087349,6.759487,0.344653
150549614577343,128.406783,7.110417,6.735541,0.338286
150549624578499,128.416784,7.11729,6.728909,0.325558
150549634579478,128.426785,7.106648,6.740945,0.308524
150549644580632,128.436787,7.082759,6.766753,0.292566
150549654581555,128.446788,7.054629,6.796484,0.282865
150549664582548,128.456789,7.029543,6.822448,0.282329
150549674583697,128.466790,7.012401,6.839497,0.295917
150549684584931,128.476791,7.011016,6.839375,0.329552
150549694585867,128.486792,7.031015,6.816093,0.381759
150549704586874,128.496793,7.071314,6.770855,0.438173
150549714588026,128.506794,7.12397,6.712258,0.484395
150549724589026,128.516795,7.179262,6.650937,0.513068
150549734590182,128.526796,7.229887,6.59495,0.52475
150549744591168,128.536797,7.270837,6.549716,0.525473
150549754592082,128.546798,7.302422,6.514283,0.527912
150549764593310,128.556799,7.330167,6.481798,0.543109
150549774594454,128.566800,7.358732,6.446649,0.574245
150549784595377,128.576801,7.389683,6.407293,0.61578
150549794596374,128.586802,7.41985,6.368382,0.655411
150549804597543,128.596804,7.444684,6.336188,0.685177
150549814598541,128.606805,7.458395,6.318066,0.70311
150549824599704,128.616806,7.45578,6.32122,0.702514
150549834600692,128.626807,7.438694,6.342354,0.693106
150549844601851,128.636808,7.414751,6.371159,0.685406
150549854602849,128.646809,7.392258,6.397373,0.684199
150549864603779,128.656810,7.375427,6.416148,0.690053
150549874605007,128.666811,7.367283,6.424159,0.702377
150549884606152,128.676812,7.364324,6.426128,0.715291
150549894607152,128.686813,7.360933,6.42925,0.722078
150549904608306,128.696814,7.35383,6.437775,0.718526
150549914609224,128.706815,7.344339,6.450069,0.705181
150549924610240,128.716816,7.338083,6.459213,0.686349
150549934611392,128.726817,7.340944,6.458022,0.666695
150549944612399,128.736818,7.35586,6.442624,0.651138
150549954613551,128.746820,7.383043,6.412333,0.642429
150549964614474,128.756820,7.418705,6.371547,0.637363
150549974615711,128.766822,7.457851,6.326245,0.631743
150549984616695,128.776823,7.494865,6.283263,0.622572
150549994617833,128.786824,7.522414,6.251827,0.606561
150550004618757,128.796825,7.534092,6.240246,0.580333
150550014619740,128.806826,7.527663,6.251326,0.543317
150550024620968,128.816827,7.508961,6.277371,0.500127
150550034621893,128.826828,7.489795,6.303063,0.463047
150550044623061,128.836829,7.479638,6.316798,0.439381
150550054624059,128.846830,7.482321,6.314224,0.43061
150550064625213,128.856831,7.49705,6.296711,0.430878
150550074626218,128.866832,7.516246,6.273839,0.430171
150550084627372,128.876833,7.530355,6.257519,0.420898
150550094628280,128.886834,7.534565,6.253711,0.4018
150550104629287,128.896835,7.528411,6.262707,0.376233
150550114630516,128.906837,7.512898,6.282698,0.352278
150550124631670,128.916838,7.493957,6.306113,0.336971
150550134632670,128.926839,7.475014,6.328799,0.332299
150550144633590,128.936840,7.457018,6.349705,0.33775
150550154634744,128.946841,7.441853,6.366862,0.34919
150550164635742,128.956842,7.432461,6.377009,0.363673
150550174636896,128.966843,7.430403,6.378561,0.378163
150550184637911,128.976844,7.435869,6.371254,0.393646
150550194639085,128.986845,7.448783,6.354987,0.412031
150550204640080,128.996846,7.466629,6.332686,0.431845
150550214641229,129.006847,7.484646,6.31013,0.44984
150550224642152,129.016848,7.49938,6.291525,0.464739
150550234643368,129.026849,7.508139,6.280062,0.478183
150550244644296,129.036850,7.509901,6.276884,0.492039
150550254645298,129.046851,7.506873,6.279094,0.509738
150550264646447,129.056852,7.501801,6.283449,0.530298
150550274647466,129.066853,7.500467,6.282821,0.556046
150550284648385,129.076854,7.506457,6.272936,0.585991
150550294649613,129.086856,7.518489,6.255969,0.61256
150550304650767,129.096857,7.530164,6.239983,0.631863
150550314651772,129.106858,7.533928,6.234329,0.642688
150550324652926,129.116859,7.528731,6.240012,0.648425
150550334653944,129.126860,7.518063,6.25258,0.651123
150550344655098,129.136861,7.507561,6.264587,0.656884
150550354656026,129.146862,7.500524,6.27167,0.669539
150550364657028,129.156863,7.499841,6.270375,0.689017
150550374658163,129.166864,7.506828,6.259527,0.711244
150550384659383,129.176865,7.51723,6.244906,0.729671
150550394660306,129.186866,7.525024,6.234527,0.737997
150550404661317,129.196867,7.526443,6.23325,0.734361
150550414662464,129.206868,7.52225,6.239664,0.722753
150550424663469,129.216869,7.517738,6.24602,0.714723
150550434664623,129.226871,7.516545,6.247624,0.713282
150550444665636,129.236872,7.517165,6.246417,0.717324
150550454666557,129.246873,7.518116,6.244594,0.72319
150550464667711,129.256874,7.520457,6.241378,0.726563
150550474668940,129.266875,7.525292,6.235355,0.728237
150550484669849,129.276876,7.529822,6.229901,0.728109
150550494670851,129.286877,7.535285,6.223189,0.728922
150550504672005,129.296878,7.542706,6.214212,0.728792
150550514672991,129.306879,7.54972,6.205854,0.727395
150550524674134,129.316880,7.550606,6.205676,0.719675
150550534675132,129.326881,7.539637,6.220611,0.705597
150550544676286,129.336882,7.515968,6.251318,0.68646
150550554677286,129.346883,7.483729,6.291712,0.669493
150550564678454,129.356884,7.449943,6.332829,0.658482
150550574679396,129.366885,7.421248,6.366772,0.655217
150550584680608,129.376887,7.39732,6.394065,0.65998
150550594681526,129.386888,7.38231,6.410238,0.671095
150550604682519,129.396889,7.380158,6.411017,0.687137
150550614683673,129.406890,7.386467,6.401977,0.703388
150550624684673,129.416891,7.393707,6.392389,0.714453
150550634685817,129.426892,7.395895,6.389603,0.716726
150550644686820,129.436893,7.390911,6.395769,0.713125
150550654687986,129.446894,7.376822,6.41242,0.709462
150550664688993,129.456895,7.357359,6.43445,0.712086
150550674690133,129.466896,7.337594,6.455777,0.72297
150550684691128,129.476897,7.321052,6.472425,0.741561
150550694692053,129.486898,7.308798,6.48378,0.762924
150550704693277,129.496899,7.302387,6.488604,0.783061
150550714694216,129.506900,7.303568,6.485454,0.798024
150550724695436,129.516901,7.311059,6.475808,0.807683
150550734696375,129.526902,7.323295,6.46103,0.815137
150550744697529,129.536904,7.33795,6.443616,0.821197
150550754698518,129.546905,7.354525,6.424082,0.825936
150550764699673,129.556906,7.37407,6.400225,0.836769
150550774700687,129.566907,7.401249,6.366063,0.857166
150550784701834,129.576908,7.437939,6.31919,0.885929
150550794702836,129.586909,7.480193,6.265654,0.910097
150550804703988,129.596910,7.51765,6.218849,0.922413
150550814704906,129.606911,7.53985,6.192137,0.920923
150550824706132,129.616912,7.54465,6.188493,0.905987
150550834707055,129.626913,7.533325,6.205304,0.884999
150550844708277,129.636914,7.511714,6.233807,0.868195
150550854709200,129.646915,7.486878,6.264523,0.861631
150550864710211,129.656916,7.461179,6.294237,0.867952
150550874711380,129.666917,7.437279,6.320175,0.884439
150550884712380,129.676918,7.418248,6.339236,0.907558
150550894713522,129.686920,7.40539,6.350749,0.931748
150550904714522,129.696921,7.399025,6.355262,0.951348
150550914715681,129.706922,7.397468,6.355712,0.96042
150550924716666,129.716923,7.397769,6.355324,0.960683
150550934717820,129.726924,7.399492,6.35354,0.959184
150550944718825,129.736925,7.403629,6.348403,0.961278
150550954719755,129.746926,7.408838,6.34116,0.968888
150550964720984,129.756927,7.412227,6.335564,0.979543
150550974722151,129.766928,7.409624,6.337675,0.985564
150550984723156,129.776929,7.399123,6.350107,0.98443
150550994724077,129.786930,7.383294,6.369186,0.980014
150551004725240,129.796931,7.367086,6.38886,0.973923
150551014726454,129.806932,7.355199,6.403349,0.968606
150551024727382,129.816933,7.349884,6.409837,0.966038
150551034728387,129.826934,7.351438,6.408168,0.965278
150551044729548,129.836936,7.356124,6.402937,0.964272
150551054730546,129.846937,7.357867,6.401871,0.95802
150551064731461,129.856937,7.352031,6.41061,0.944315
150551074732615,129.866939,7.339336,6.42796,0.924898
150551084733620,129.876940,7.324839,6.447595,0.902896
150551094734834,129.886941,7.312404,6.464664,0.88143
150551104735759,129.896942,7.303797,6.477126,0.861047
150551114736974,129.906943,7.300342,6.483379,0.843108
150551124737897,129.916944,7.304216,6.481061,0.827194
150551134739053,129.926945,7.317986,6.467266,0.813374
150551144740048,129.936946,7.34343,6.439402,0.805076
150551154741200,129.946947,7.380096,6.397412,0.804538
150551164742190,129.956948,7.424774,6.345321,0.806026
150551174743344,129.966949,7.468214,6.295284,0.797026
150551184744340,129.976950,7.499187,6.261574,0.771273
150551194745523,129.986952,7.508966,6.254444,0.733065
150551204746450,129.996952,7.502655,6.266264,0.695751
150551214747452,130.006953,7.492542,6.28099,0.671555
150551224748696,130.016955,7.489078,6.285029,0.672424
150551234749849,130.026956,7.500784,6.267635,0.703583
150551244750772,130.036957,7.528228,6.229511,0.747647
150551254751765,130.046958,7.563362,6.182056,0.785966
150551264752918,130.056959,7.600807,6.132945,0.809116
150551274753930,130.066960,7.639607,6.083241,0.818908
150551284755079,130.076961,7.676627,6.036218,0.820645
150551294756093,130.086962,7.708083,5.996452,0.81733
150551304757247,130.096963,7.731346,5.966726,0.815154
150551314758247,130.106964,7.745153,5.947902,0.821611
150551324759386,130.116965,7.750938,5.938576,0.834437
150551334760386,130.126966,7.74793,5.940284,0.850084
150551344761540,130.136968,7.734649,5.955685,0.863153
150551354762468,130.146968,7.71266,5.983275,0.86911
150551364763455,130.156969,7.687085,6.015807,0.871065
150551374764665,130.166971,7.662906,6.046451,0.871956
150551384765580,130.176972,7.645651,6.067771,0.875341
150551394766734,130.186973,7.639855,6.074028,0.882494
150551404767744,130.196974,7.642483,6.06895,0.894588
150551414768877,130.206975,7.64629,6.062445,0.906084
150551424769872,130.216976,7.646384,6.061545,0.911299
150551434771026,130.226977,7.641383,6.068101,0.909612
150551444772028,130.236978,7.632071,6.079847,0.909372
150551454773166,130.246979,7.622854,6.090746,0.913717
150551464774166,130.256980,7.61554,6.098884,0.920413
150551474775096,130.266981,7.609035,6.105716,0.928887
150551484776320,130.276982,7.604379,6.109791,0.940117
150551494777474,130.286983,7.601998,6.110892,0.952186
150551504778406,130.296984,7.601812,6.109473,0.962696
150551514779408,130.306985,7.601086,6.109498,0.968252
150551524780567,130.316987,7.597595,6.113753,0.968774
150551534781581,130.326988,7.587904,6.126772,0.962488
150551544782754,130.336989,7.571414,6.148395,0.954414
150551554783745,130.346990,7.550205,6.175433,0.947863
150551564784897,130.356991,7.53038,6.199769,0.946689
150551574785887,130.366992,7.517408,6.214055,0.956065
150551584787031,130.376993,7.513382,6.216639,0.970838
150551594788051,130.386994,7.514951,6.212929,0.982361
150551604789195,130.396995,7.5195,6.206676,0.98706
150551614790118,130.406996,7.526801,6.198102,0.985305
150551624791359,130.416997,7.534663,6.189742,0.977716
150551634792286,130.426998,7.541489,6.183228,0.966231
150551644793308,130.436999,7.547142,6.178218,0.954103
150551654794456,130.447000,7.551263,6.174969,0.942439
150551664795461,130.457001,7.552498,6.175561,0.928553
150551674796690,130.467003,7.547032,6.184981,0.910113
150551684797619,130.477004,7.53562,6.202045,0.888289
150551694798759,130.487005,7.521039,6.222412,0.869245
150551704799757,130.497006,7.507574,6.24033,0.857111
150551714800910,130.507007,7.500141,6.250367,0.848995
150551724801898,130.517008,7.497514,6.254763,0.839764
150551734803061,130.527009,7.495905,6.258611,0.825308
150551744804059,130.537010,7.491292,6.267282,0.801062
150551754805228,130.547011,7.481728,6.282555,0.770211
150551764806151,130.557012,7.46783,6.302555,0.741124
150551774807153,130.567013,7.455888,6.319027,0.72085
150551784808292,130.577014,7.451497,6.324736,0.716148
150551794809536,130.587016,7.457566,6.316569,0.725002
150551804810449,130.597016,7.473943,6.295797,0.73698
150551814811449,130.607017,7.491694,6.27397,0.742833
150551824812600,130.617019,7.506858,6.256254,0.739161
150551834813595,130.627020,7.518803,6.242735,0.732035
150551844814759,130.637021,7.532171,6.226537,0.732583
150551854815757,130.647022,7.552294,6.200094,0.749475
150551864816899,130.657023,7.582089,6.160289,0.776376
150551874817894,130.667024,7.617528,6.112509,0.806511
150551884819061,130.677025,7.651216,6.067003,0.830876
150551894820075,130.687026,7.676168,6.033149,0.847107
150551904821000,130.697027,7.689003,6.015851,0.853676
150551914822149,130.707028,7.687407,6.018411,0.849985
150551924823149,130.717029,7.669647,6.042112,0.84229
150551934824303,130.727030,7.639075,6.081443,0.837008
150551944825303,130.737031,7.601744,6.127893,0.838072
150551954826456,130.747032,7.561119,6.177122,0.844197
150551964827457,130.757033,7.518025,6.228294,0.853063
150551974828685,130.767035,7.475054,6.278564,0.862056
150551984829610,130.777036,7.436291,6.323085,0.871867
150551994830773,130.787037,7.411119,6.350957,0.883568
150552004831759,130.797038,7.404152,6.357225,0.896821
150552014832911,130.807039,7.417451,6.33951,0.912155
150552024833820,130.817040,7.448333,6.301592,0.923197
150552034834811,130.827041,7.484586,6.257864,0.927406
150552044836050,130.837042,7.51693,6.219485,0.924012
150552054837218,130.847043,7.543163,6.188776,0.916388
150552064838208,130.857044,7.559866,6.169353,0.909676
150552074839362,130.867045,7.566524,6.161334,0.908665
150552084840285,130.877046,7.567403,6.159141,0.916179
150552094841273,130.887047,7.570282,6.152804,0.934784
150552104842432,130.897048,7.581324,6.134679,0.963952
150552114843417,130.907049,7.603753,6.101917,0.994759
150552124844586,130.917051,7.633075,6.061786,1.015333
150552134845584,130.927052,7.662114,6.024337,1.019497
150552144846735,130.937053,7.68188,6.001009,1.008274
150552154847733,130.947054,7.687101,5.998164,0.985148
150552164848892,130.957055,7.675092,6.0179,0.95802
150552174849906,130.967056,7.650132,6.053539,0.932822
150552184851064,130.977057,7.617544,6.097325,0.914109
150552194852080,130.987058,7.581959,6.143127,0.903259
150552204853256,130.997059,7.547863,6.1852,0.901718
150552214854256,131.007060,7.520313,6.217343,0.910788
150552224855428,131.017061,7.505441,6.233179,0.925118
150552234856416,131.027062,7.509494,6.225575,0.943265
150552244857570,131.037064,7.534615,6.192605,0.959798
150552254858522,131.047065,7.574999,6.14122,0.972005
150552264859524,131.057066,7.622882,6.08097,0.97645
150552274860676,131.067067,7.668497,6.024141,0.971549
150552284861673,131.077068,7.698987,5.987862,0.954498
150552294862827,131.087069,7.702143,5.987965,0.928058
150552304863827,131.097070,7.67273,6.02968,0.901187
150552314864981,131.107071,7.620012,6.099433,0.878842
150552324865979,131.117072,7.560177,6.174637,0.870366
150552334867140,131.127073,7.50661,6.238076,0.881606
150552344868135,131.137074,7.471747,6.275553,0.911239
150552354869287,131.147075,7.460228,6.283731,0.948541
150552364870260,131.157076,7.465849,6.272652,0.977212
150552374871188,131.167077,7.477331,6.257146,0.988747
150552384872342,131.177078,7.490771,6.242073,0.982311
150552394873332,131.187079,7.506155,6.226049,0.966426
150552404874550,131.197081,7.520854,6.210769,0.950317
150552414875462,131.207081,7.530725,6.199822,0.943617
150552424876690,131.217083,7.532973,6.19653,0.947265
150552434877844,131.227084,7.527622,6.20139,0.957946
150552444878767,131.237085,7.514333,6.215692,0.969514
150552454879769,131.247086,7.495239,6.237599,0.97662
150552464880913,131.257087,7.470094,6.267772,0.976074
150552474881911,131.267088,7.442003,6.302143,0.969295
150552484883067,131.277089,7.413647,6.33684,0.960328
150552494884067,131.287090,7.391612,6.363084,0.95671
150552504885219,131.297091,7.381184,6.374596,0.96053
150552514886219,131.307092,7.382729,6.371423,0.969708
150552524887368,131.317093,7.390846,6.360707,0.978137
150552534888368,131.327094,7.399863,6.349711,0.981442
150552544889546,131.337096,7.403287,6.346351,0.977316
150552554890460,131.347096,7.404327,6.34654,0.968177
150552564891457,131.357097,7.403424,6.349065,0.958485
150552574892686,131.367099,7.40121,6.352836,0.950582
150552584893840,131.377100,7.397346,6.358074,0.945605
150552594894763,131.387101,7.38878,6.36875,0.940701
150552604895779,131.397102,7.373169,6.388126,0.931787
150552614896933,131.407103,7.348351,6.419033,0.915285
150552624897918,131.417104,7.316515,6.458214,0.89447
150552634899077,131.427105,7.282585,6.499048,0.875386
150552644900087,131.437106,7.25326,6.534119,0.857598
150552654901238,131.447107,7.236315,6.554367,0.846152
150552664902240,131.457108,7.235861,6.555354,0.842413
150552674903392,131.467109,7.257883,6.528738,0.859507
150552684904394,131.477110,7.297066,6.481448,0.885225
150552694905541,131.487112,7.343218,6.426262,0.905691
150552704906550,131.497113,7.387533,6.37317,0.920352
150552714907695,131.507114,7.427222,6.325392,0.930485
150552724908682,131.517115,7.459497,6.2867,0.93453
150552734909834,131.527116,7.486754,6.253577,0.93874
150552744910757,131.537117,7.510072,6.224297,0.947036
150552754911988,131.547118,7.528846,6.19911,0.963064
150552764912911,131.557119,7.548773,6.170748,0.988906
150552774914127,131.567120,7.570676,6.138833,1.019564
150552784915127,131.577121,7.591476,6.108032,1.049485
150552794916052,131.587122,7.608172,6.082429,1.076909
150552804917206,131.597123,7.621005,6.062971,1.095772
150552814918196,131.607124,7.628751,6.051583,1.104775
150552824919348,131.617125,7.627737,6.053245,1.102662
150552834920355,131.627126,7.618644,6.066231,1.094146
150552844921504,131.637128,7.603046,6.088023,1.081503
150552854922488,131.647128,7.584928,6.112302,1.071743
150552864923641,131.657130,7.570287,6.130239,1.072803
150552874924645,131.667131,7.563568,6.135741,1.088604
150552884925795,131.677132,7.565479,6.128403,1.11633
150552894926792,131.687133,7.573539,6.113303,1.144105
150552904927953,131.697134,7.581007,6.100169,1.164594
150552914928944,131.707135,7.58591,6.092516,1.172664
150552924930098,131.717136,7.590467,6.086671,1.173554
150552934931098,131.727137,7.598324,6.076292,1.176483
150552944932023,131.737138,7.607164,6.063596,1.184866
150552954933267,131.747139,7.614868,6.051066,1.199336
150552964934207,131.757140,7.618653,6.042653,1.217562
150552974935421,131.767141,7.61586,6.042907,1.233662
150552984936358,131.777142,7.605524,6.053913,1.243423
150552994937514,131.787144,7.584563,6.080327,1.242583
150553004938519,131.797145,7.553958,6.120064,1.2339
150553014939678,131.807146,7.51888,6.165445,1.222178
150553024940668,131.817147,7.484432,6.208751,1.214361
150553034941811,131.827148,7.456543,6.241875,1.216127
150553044942822,131.837149,7.441338,6.257427,1.229277
150553054943969,131.847150,7.440676,6.254166,1.24968
150553064944984,131.857151,7.452017,6.236159,1.27193
150553074946139,131.867152,7.469933,6.211242,1.28863
150553084947153,131.877153,7.488929,6.187075,1.294625
150553094948315,131.887154,7.501735,6.172549,1.289807
150553104949328,131.897155,7.497704,6.180699,1.274128
150553114950258,131.907156,7.467858,6.220628,1.254932
150553124951412,131.917157,7.413747,6.288071,1.239553
150553134952641,131.927159,7.345374,6.369206,1.232339
150553144953626,131.937160,7.277032,6.445809,1.239524
150553154954551,131.947161,7.221299,6.504583,1.258255
150553164955720,131.957162,7.182084,6.542638,1.285138
150553174956705,131.967163,7.159483,6.562237,1.311027
150553184957859,131.977164,7.149406,6.56972,1.328427
150553194958846,131.987165,7.148434,6.569845,1.333046
150553204960004,131.997166,7.155305,6.562497,1.332375
150553214961004,132.007167,7.172886,6.542026,1.338503
150553224962233,132.017168,7.206356,6.500922,1.358817
150553234963161,132.027169,7.257949,6.436873,1.388826
150553244964319,132.037170,7.321206,6.357619,1.421475
150553254965293,132.047171,7.386249,6.276395,1.445762
150553264966445,132.057172,7.444851,6.204183,1.456792
150553274967445,132.067173,7.493114,6.145607,1.457666
150553284968601,132.077175,7.535708,6.094254,1.453652
150553294969599,132.087176,7.574118,6.047423,1.449622
150553304970752,132.097177,7.601998,6.013698,1.443956
150553314971676,132.107178,7.616573,5.998117,1.431928
150553324972901,132.117179,7.612203,6.009749,1.406139
150553334973903,132.127180,7.588345,6.04767,1.372126
150553344975059,132.137181,7.556502,6.095256,1.336839
150553354975987,132.147182,7.53103,6.131816,1.313168
150553364977223,132.157183,7.526071,6.138026,1.312606
150553374978156,132.167184,7.553371,6.09818,1.341205
150553384979158,132.177185,7.607852,6.020352,1.384166
150553394980326,132.187186,7.672672,5.929169,1.419512
150553404981326,132.197187,7.732113,5.84829,1.432463
150553414982475,132.207188,7.771908,5.798456,1.419647
150553424983461,132.217189,7.78572,5.788229,1.385276
150553434984704,132.227191,7.781577,5.803463,1.344189
150553444985624,132.237192,7.771042,5.824315,1.314658
150553454986764,132.247193,7.761033,5.840131,1.30356
150553464987762,132.257194,7.751174,5.850427,1.31598
150553474988918,132.267195,7.742984,5.856718,1.336053
150553484989918,132.277196,7.734914,5.863879,1.351312
150553494991077,132.287197,7.726803,5.873738,1.354881
150553504992082,132.297198,7.722728,5.880396,1.349224
150553514993219,132.307199,7.724343,5.879869,1.342257
150553524994143,132.317200,7.726431,5.879013,1.333959
150553534995368,132.327201,7.72007,5.889407,1.324925
150553544996349,132.337202,7.697698,5.921366,1.312581
150553554997493,132.347203,7.659234,5.974318,1.297559
150553564998493,132.357204,7.607497,6.04387,1.279695
150553574999644,132.367206,7.547101,6.122471,1.263574
150553585000642,132.377207,7.484942,6.200861,1.250996
150553595001796,132.387208,7.428272,6.269483,1.246743
150553605002738,132.397209,7.387382,6.316378,1.252956
150553615003755,132.407210,7.367247,6.337699,1.263821
150553625004998,132.417211,7.358917,6.346733,1.267001
150553635005918,132.427212,7.351372,6.358932,1.249527
150553645007147,132.437213,7.331672,6.389657,1.207825
150553655008082,132.447214,7.293742,6.442959,1.153076
150553665009236,132.457215,7.242963,6.509697,1.096957
150553675010231,132.467216,7.190223,6.57513,1.052792
150553685011385,132.477217,7.147141,6.626293,1.025001
150553695012385,132.487218,7.121476,6.654698,1.019601
150553705013552,132.497220,7.120828,6.652053,1.04113
150553715014539,132.507221,7.147322,6.618261,1.074443
150553725015705,132.517222,7.192209,6.564669,1.103293
150553735016709,132.527223,7.245905,6.503476,1.114281
150553745017874,132.537224,7.296524,6.449153,1.099599
150553755018877,132.547225,7.331737,6.415634,1.060782
150553765020031,132.557226,7.345747,6.407039,1.014816
150553775021033,132.567227,7.349435,6.407881,0.982289
150553785022172,132.577228,7.357278,6.400663,0.970535
150553795023172,132.587229,7.373866,6.379971,0.980841
150553805024311,132.597230,7.396105,6.351142,1.000333
150553815025257,132.607231,7.421485,6.319477,1.012813
150553825026488,132.617232,7.450086,6.285646,1.013369
150553835027488,132.627233,7.48197,6.249399,1.002577
150553845028403,132.637234,7.514371,6.213418,0.983711
150553855029632,132.647236,7.54264,6.182364,0.962753
150553865030562,132.657237,7.559801,6.16466,0.941484
150553875031716,132.667238,7.559571,6.167168,0.926784
150553885032706,132.677239,7.541677,6.189842,0.921382
150553895033954,132.687240,7.516605,6.219018,0.929736
150553905034879,132.697241,7.499624,6.235876,0.953685
150553915036108,132.707242,7.50277,6.225998,0.99268
150553925037261,132.717243,7.53373,6.180589,1.040796
150553935038195,132.727244,7.586567,6.108336,1.082686
150553945039206,132.737245,7.648601,6.026121,1.106716
150553955040354,132.747246,7.708581,5.949181,1.106794
150553965041345,132.757247,7.759948,5.885111,1.090245
150553975042499,132.767248,7.797381,5.839068,1.070575
150553985043499,132.777249,7.822803,5.8073,1.057854
150553995044653,132.787251,7.843254,5.778806,1.06245
150554005045636,132.797252,7.862538,5.748947,1.081717
150554015046785,132.807253,7.877952,5.722869,1.107532
150554025047785,132.817254,7.883294,5.712202,1.124456
150554035048951,132.827255,7.875223,5.723552,1.123302
150554045049946,132.837256,7.853094,5.758046,1.101713
150554055051104,132.847257,7.82403,5.803159,1.07138
150554065052113,132.857258,7.799266,5.840963,1.046234
150554075053267,132.867259,7.788857,5.855343,1.043388
150554085054265,132.877260,7.800964,5.834982,1.066721
150554095055417,132.887261,7.830248,5.788365,1.105435
150554105056340,132.897262,7.862063,5.738564,1.138797
150554115057556,132.907264,7.884552,5.704149,1.156095
150554125058551,132.917265,7.889375,5.698834,1.149365
150554135059709,132.927266,7.871021,5.729886,1.120439
150554145060643,132.937267,7.835345,5.784932,1.087153
150554155061873,132.947268,7.794043,5.845122,1.061777
150554165062796,132.957269,7.754693,5.899369,1.049866
150554175064027,132.967270,7.722814,5.940588,1.052413
150554185065022,132.977271,7.703237,5.963589,1.06568
150554195065966,132.987272,7.694789,5.972017,1.079443
150554205067125,132.997273,7.693234,5.973085,1.084613
150554215068101,133.007274,7.6924,5.97524,1.078646
150554225069238,133.017275,7.689454,5.981663,1.063945
150554235070240,133.027276,7.685596,5.989426,1.04803
150554245071390,133.037277,7.681687,5.99672,1.034909
150554255072385,133.047278,7.676331,6.004898,1.027199
150554265073532,133.057280,7.666773,6.01815,1.021021
150554275074519,133.067281,7.649888,6.041753,1.008192
150554285075673,133.077282,7.627256,6.073493,0.988728
150554295076678,133.087283,7.604361,6.105492,0.967808
150554305077811,133.097284,7.583971,6.133703,0.949215
150554315078798,133.107285,7.568667,6.155008,0.93336
150554325079952,133.117286,7.56007,6.167517,0.920389
150554335080950,133.127287,7.558992,6.170029,0.912343
150554345082092,133.137288,7.566384,6.161822,0.906558
150554355083090,133.147289,7.579653,6.146303,0.901037
150554365084253,133.157290,7.594409,6.128885,0.895389
150554375085156,133.167291,7.609735,6.111541,0.88373
150554385086382,133.177292,7.623777,6.096183,0.868647
150554395087382,133.187293,7.632943,6.086784,0.853946
150554405088536,133.197295,7.637113,6.083504,0.839931
150554415089551,133.207296,7.636306,6.086424,0.826003
150554425090705,133.217297,7.631664,6.094074,0.812389
150554435091695,133.227298,7.623597,6.105894,0.799271
150554445092854,133.237299,7.613535,6.120373,0.784277
150554455093868,133.247300,7.60382,6.134078,0.771386
150554465095022,133.257301,7.602299,6.136442,0.767567
150554475095945,133.267302,7.613067,6.122246,0.774164
150554485097181,133.277303,7.63372,6.094815,0.78714
150554495098210,133.287304,7.657162,6.064309,0.795031
150554505099149,133.297305,7.673789,6.043973,0.789486
150554515100303,133.307306,7.679275,6.039204,0.772494
150554525101547,133.317308,7.673359,6.049995,0.746376
150554535102547,133.327309,7.661072,6.067976,0.726392
150554545103690,133.337310,7.648951,6.083407,0.725066
150554555104614,133.347311,7.644615,6.086021,0.748434
150554565105621,133.357312,7.653497,6.069932,0.787344
150554575106774,133.367313,7.675212,6.037313,0.825804
150554585107785,133.377314,7.701804,6.000076,0.849251
150554595108941,133.387315,7.72308,5.972283,0.851956
150554605109941,133.397316,7.730318,5.965913,0.830687
150554615111093,133.407317,7.715117,5.990226,0.796329
150554625112109,133.417318,7.679015,6.040572,0.764382
150554635113261,133.427319,7.634616,6.098963,0.745197
150554645114263,133.437320,7.590517,6.154405,0.739846
150554655115432,133.447321,7.552373,6.200127,0.748416
150554665116651,133.457323,7.523424,6.233515,0.762485
150554675117546,133.467324,7.503389,6.256082,0.775008
150554685118548,133.477325,7.492431,6.268517,0.780534
150554695119688,133.487326,7.487348,6.275356,0.774315
150554705120671,133.497327,7.48677,6.277324,0.763813
150554715121811,133.507328,7.489284,6.275575,0.753532
150554725122811,133.517329,7.49285,6.272048,0.747396
150554735123969,133.527330,7.495351,6.269438,0.744203
150554745124955,133.537331,7.491912,6.273504,0.744587
150554755126093,133.547332,7.479299,6.28776,0.751072
150554765127109,133.557333,7.462686,6.306256,0.761232
150554775128029,133.567334,7.448999,6.321078,0.772278
150554785129242,133.577335,7.442534,6.326897,0.786839
150554795130398,133.587336,7.448005,6.317895,0.807127
150554805131381,133.597337,7.464446,6.295925,0.826619
150554815132537,133.607339,7.486072,6.268705,0.837882
150554825133460,133.617339,7.501381,6.250351,0.838088
150554835134689,133.627341,7.501075,6.252087,0.827822
150554845135675,133.637342,7.481808,6.277593,0.808911
150554855136843,133.647343,7.445781,6.322908,0.788139
150554865137752,133.657344,7.400217,6.378195,0.771662
150554875138983,133.667345,7.35416,6.432616,0.760169
150554885140012,133.677346,7.314516,6.478134,0.756071
150554895141194,133.687347,7.286368,6.50928,0.760347
150554905142218,133.697348,7.275164,6.520594,0.770609
150554915143139,133.707349,7.281144,6.512291,0.784227
150554925144372,133.717350,7.300317,6.489489,0.794916
150554935145541,133.727352,7.326029,6.459826,0.799954
150554945146435,133.737352,7.353991,6.428329,0.797081
150554955147437,133.747353,7.378389,6.401088,0.790846
150554965148581,133.757355,7.395626,6.382066,0.783571
150554975149809,133.767356,7.40333,6.374046,0.776039
150554985150824,133.777357,7.400247,6.378248,0.770872
150554995151968,133.787358,7.38915,6.39119,0.770167
150555005152891,133.797359,7.375971,6.406083,0.772754
150555015153893,133.807360,7.370791,6.410997,0.781396
150555025155108,133.817361,7.380718,6.398046,0.793734
150555035156047,133.827362,7.40703,6.365873,0.807207
150555045157262,133.837363,7.448711,6.315179,0.821696
150555055158187,133.847364,7.5044,6.246755,0.837862
150555065159326,133.857365,7.570577,6.164424,0.85221
150555075160312,133.867366,7.638242,6.079565,0.857962
150555085161451,133.877367,7.698921,6.003239,0.853042
150555095162471,133.887368,7.742655,5.948601,0.839903
150555105163634,133.897370,7.761379,5.927105,0.818785
150555115164634,133.907371,7.759908,5.932266,0.795017
150555125165788,133.917372,7.749527,5.948147,0.77742
150555135166796,133.927373,7.739998,5.961498,0.770019
150555145167966,133.937374,7.739177,5.961976,0.774583
150555155168986,133.947375,7.75221,5.943611,0.785364
150555165170219,133.957376,7.779111,5.906662,0.798011
150555175171380,133.967377,7.815145,5.857407,0.808894
150555185172301,133.977378,7.854563,5.804098,0.811362
150555195173303,133.987379,7.889037,5.757852,0.806357
150555205174440,133.997380,7.912777,5.726102,0.799804
150555215175437,134.007381,7.926252,5.708033,0.795549
150555225176604,134.017383,7.932295,5.699282,0.798029
150555235177606,134.027384,7.933376,5.696413,0.807751
150555245178760,134.037385,7.932642,5.695274,0.822814
150555255179758,134.047386,7.932445,5.693009,0.840188
150555265180918,134.057387,7.931442,5.692869,0.850536
150555275181902,134.067388,7.926359,5.699657,0.852466
150555285183058,134.077389,7.912858,5.719772,0.843129
150555295184058,134.087390,7.889782,5.75414,0.825347
150555305185212,134.097391,7.857829,5.800451,0.805797
150555315186217,134.107392,7.818854,5.855554,0.786159
150555325187364,134.117393,7.778831,5.910941,0.768522
150555335188366,134.127394,7.744257,5.957525,0.757876
150555345189513,134.137396,7.719129,5.990159,0.756975
150555355190520,134.147397,7.709931,5.999997,0.772678
150555365191656,134.157398,7.719314,5.98449,0.798813
150555375192683,134.167399,7.739951,5.954362,0.823826
150555385193846,134.177400,7.760397,5.925754,0.837661
150555395194846,134.187401,7.770724,5.912917,0.832617
150555405195984,134.197402,7.759581,5.931334,0.805062
150555415196984,134.207403,7.722742,5.984651,0.763659
150555425198138,134.217404,7.669289,6.057741,0.725099
150555435199140,134.227405,7.615931,6.127019,0.705123
150555445200292,134.237406,7.579988,6.170143,0.716297
150555455201292,134.247407,7.575824,6.170007,0.760199
150555465202436,134.257408,7.606649,6.12475,0.816299
150555475203436,134.267409,7.655699,6.057162,0.860839
150555485204590,134.277411,7.707361,5.988376,0.880877
150555495205597,134.287412,7.747588,5.93814,0.867947
150555505206748,134.297413,7.767534,5.917174,0.832137
150555515207744,134.307414,7.770263,5.918574,0.795907
150555525208897,134.317415,7.766615,5.92609,0.775372
150555535209900,134.327416,7.764541,5.929101,0.773054
150555545211060,134.337417,7.762469,5.931135,0.77827
150555555212050,134.347418,7.757352,5.937772,0.778702
150555565213200,134.357419,7.749531,5.949171,0.769493
150555575214123,134.367420,7.741135,5.962486,0.750736
150555585215370,134.377421,7.737649,5.969692,0.729081
150555595216368,134.387422,7.744297,5.963044,0.712719
150555605217508,134.397424,7.765132,5.936765,0.705355
150555615218507,134.407425,7.794584,5.898861,0.698479
150555625219423,134.417425,7.822744,5.862984,0.685663
150555635220654,134.427427,7.843694,5.837532,0.663061
150555645221815,134.437428,7.861262,5.816657,0.638009
150555655222815,134.447429,7.883802,5.787982,0.620445
150555665223962,134.457430,7.915022,5.745768,0.615246
150555675224883,134.467431,7.954629,5.690481,0.618249
150555685226114,134.477432,7.998807,5.627813,0.621952
150555695227114,134.487433,8.046017,5.559261,0.629502
150555705228253,134.497434,8.096092,5.485329,0.635952
150555715229253,134.507435,8.146674,5.408987,0.643866
150555725230397,134.517436,8.195357,5.334229,0.649678
150555735231403,134.527437,8.238089,5.268058,0.649178
150555745232556,134.537439,8.266079,5.22564,0.636099
150555755233556,134.547440,8.267111,5.227458,0.607104
150555765234491,134.557440,8.236539,5.280058,0.566034
150555775235733,134.567442,8.183336,5.366709,0.520998
150555785236904,134.577443,8.121697,5.463137,0.481834
150555795237887,134.587444,8.070561,5.539809,0.465403
150555805239037,134.597445,8.049058,5.569075,0.487963
150555815239955,134.607446,8.064346,5.541139,0.549584
150555825240966,134.617447,8.101822,5.478974,0.617539
150555835242115,134.627448,8.137145,5.420359,0.668241
150555845243364,134.637449,8.150908,5.397577,0.684746
150555855244373,134.647450,8.135153,5.423498,0.66703
150555865245527,134.657452,8.099906,5.479579,0.636976
150555875246512,134.667453,8.062423,5.537101,0.614676
150555885247675,134.677454,8.030267,5.584084,0.610555
150555895248675,134.687455,8.005407,5.617762,0.627854
150555905249848,134.697456,7.980971,5.648904,0.658768
150555915250767,134.707457,7.94766,5.692923,0.68217
150555925251783,134.717458,7.898372,5.760592,0.686543
150555935253011,134.727459,7.831957,5.852523,0.669677
150555945254170,134.737460,7.759099,5.952031,0.64011
150555955255155,134.747461,7.691894,6.042498,0.602515
150555965256309,134.757462,7.641983,6.108652,0.569588
150555975257324,134.767463,7.618465,6.138581,0.562886
150555985258492,134.777464,7.624607,6.129133,0.582305
150555995259497,134.787465,7.650299,6.094159,0.611671
150556005260627,134.797467,7.681582,6.051997,0.63772
150556015261627,134.807468,7.710755,6.012747,0.656589
150556025262786,134.817469,7.732726,5.983456,0.665756
150556035263773,134.827470,7.745495,5.967005,0.664945
150556045264920,134.837471,7.750001,5.961551,0.661347
150556055265935,134.847472,7.747191,5.965595,0.657805
150556065267089,134.857473,7.738078,5.978248,0.650141
150556075268085,134.867474,7.721205,6.001852,0.6331
150556085269234,134.877475,7.695219,6.037608,0.609057
150556095270234,134.887476,7.664211,6.079259,0.585257
150556105271373,134.897477,7.637005,6.114429,0.574349
150556115272358,134.907478,7.623608,6.13007,0.585505
150556125273284,134.917479,7.629645,6.120302,0.608593
150556135274512,134.927481,7.649425,6.09395,0.624599
150556145275661,134.937482,7.670383,6.068358,0.616631
150556155276661,134.947483,7.682309,6.056341,0.585522
150556165277812,134.957484,7.683651,6.058712,0.541803
150556175278812,134.967485,7.680854,6.065847,0.499993
150556185279964,134.977486,7.679053,6.070791,0.466563
150556195280964,134.987487,7.676618,6.075494,0.444909
150556205282104,134.997488,7.673121,6.080922,0.430732
150556215283099,135.007489,7.670886,6.084372,0.421815
150556225284268,135.017490,7.673809,6.081217,0.414079
150556235285284,135.027491,7.683563,6.069625,0.403146
150556245286441,135.037492,7.696652,6.05396,0.388741
150556255287446,135.047493,7.709332,6.038963,0.370273
150556265288604,135.057495,7.722527,6.023083,0.353613
150556275289604,135.067496,7.737284,6.00477,0.342235
150556285290760,135.077497,7.751571,5.986869,0.332514
150556295291746,135.087498,7.760982,5.975249,0.321808
150556305292897,135.097499,7.759102,5.978558,0.305238
150556315293897,135.107500,7.739899,6.004383,0.285179
150556325295051,135.117501,7.702899,6.052881,0.260716
150556335296051,135.127502,7.653386,6.116375,0.235923
150556345297190,135.137503,7.600344,6.182939,0.214569
150556355298210,135.147504,7.553589,6.240495,0.198827
150556365299363,135.157505,7.519426,6.281896,0.18991
150556375300378,135.167506,7.503764,6.300498,0.193082
150556385301551,135.177508,7.507993,6.295154,0.202585
150556395302551,135.187509,7.520629,6.279786,0.21083
150556405303705,135.197510,7.530582,6.267825,0.211394
150556415304695,135.207511,7.531,6.267568,0.203906
150556425305837,135.217512,7.516206,6.285775,0.188833
150556435306840,135.227513,7.483491,6.325124,0.173782
150556445307994,135.237514,7.440398,6.376014,0.164234
150556455308984,135.247515,7.399587,6.423298,0.165483
150556465310152,135.257516,7.367064,6.460298,0.17583
150556475311152,135.267517,7.346238,6.483612,0.188594
150556485312305,135.277518,7.334868,6.496219,0.197168
150556495313305,135.287519,7.325622,6.506677,0.19597
150556505314459,135.297520,7.312773,6.521363,0.18758
150556515315469,135.307521,7.295221,6.54124,0.1787
150556525316638,135.317523,7.277584,6.560882,0.177731
150556535317625,135.327524,7.262228,6.577632,0.186473
150556545318783,135.337525,7.24991,6.590776,0.201239
150556555319783,135.347526,7.239655,6.601612,0.214779
150556565320949,135.357527,7.228064,6.614092,0.221095
150556575321954,135.367528,7.208804,6.635167,0.21842
150556585323120,135.377529,7.18202,6.664345,0.212306
150556595324120,135.387530,7.156907,6.69144,0.208129
150556605325274,135.397531,7.137204,6.71229,0.213289
150556615326274,135.407532,7.129482,6.719893,0.231341
150556625327427,135.417533,7.14002,6.707702,0.258434
150556635328413,135.427534,7.169753,6.674742,0.287152
150556645329577,135.437536,7.210995,6.629136,0.310057
150556655330575,135.447537,7.260752,6.573759,0.32744
150556665331758,135.457538,7.310745,6.517501,0.339414
150556675332759,135.467539,7.351862,6.470815,0.344434
150556685333910,135.477540,7.373049,6.446851,0.340956
150556695334912,135.487541,7.371677,6.449018,0.32948
150556705336057,135.497542,7.353916,6.470008,0.314486
150556715337055,135.507543,7.330772,6.496613,0.306342
150556725338286,135.517544,7.312601,6.516949,0.308632
150556735339220,135.527545,7.30459,6.525222,0.323204
150556745340355,135.537546,7.309808,6.518394,0.342419
150556755341355,135.547547,7.325031,6.50034,0.359802
150556765342499,135.557548,7.33966,6.483388,0.367541
150556775343738,135.567550,7.345924,6.476559,0.362727
150556785344656,135.577551,7.342287,6.481449,0.348711
150556795345673,135.587552,7.329836,6.496358,0.332916
150556805346827,135.597553,7.311549,6.517573,0.320144
150556815347825,135.607554,7.292466,6.539147,0.315408
150556825348991,135.617555,7.27622,6.556869,0.322628
150556835350214,135.627556,7.266115,6.567353,0.336836
150556845351148,135.637557,7.266873,6.565728,0.351837
150556855352135,135.647558,7.279968,6.550612,0.362725
150556865353363,135.657559,7.305619,6.521494,0.371614
150556875354503,135.667561,7.340653,6.481496,0.380837
150556885355431,135.677561,7.38013,6.436073,0.388157
150556895356647,135.687563,7.414929,6.395785,0.390859
150556905357570,135.697564,7.438438,6.368486,0.389885
150556915358558,135.707565,7.44802,6.357523,0.385875
150556925359678,135.717566,7.448073,6.35737,0.38738
150556935360668,135.727567,7.450635,6.353343,0.403814
150556945361902,135.737568,7.465885,6.33356,0.431976
150556955362813,135.747569,7.492149,6.300545,0.459145
150556965363952,135.757570,7.521383,6.264458,0.474742
150556975364952,135.767571,7.548547,6.23153,0.476945
150556985366177,135.777572,7.570412,6.205414,0.470826
150556995367106,135.787573,7.586901,6.185577,0.466456
150557005368260,135.797574,7.600191,6.168892,0.471037
150557015369464,135.807575,7.613723,6.150964,0.486667
150557025370480,135.817576,7.62711,6.132821,0.505664
150557035371419,135.827577,7.63665,6.119858,0.518566
150557045372572,135.837579,7.639245,6.116538,0.519493
150557055373587,135.847580,7.631662,6.126846,0.509396
150557065374825,135.857581,7.615103,6.148705,0.493563
150557075375988,135.867582,7.596209,6.173188,0.478837
150557085377008,135.877583,7.584592,6.18786,0.473583
150557095378166,135.887584,7.590849,6.179548,0.481819
150557105379181,135.897585,7.620578,6.140955,0.505444
150557115380101,135.907586,7.668952,6.077765,0.536598
150557125381330,135.917587,7.727294,6.000976,0.563224
150557135382484,135.927588,7.786537,5.922318,0.579643
150557145383498,135.937589,7.837686,5.853664,0.587637
150557155384637,135.947591,7.873359,5.805853,0.585014
150557165385574,135.957592,7.889095,5.785217,0.577437
150557175386805,135.967593,7.884434,5.791913,0.573953
150557185387805,135.977594,7.867213,5.814546,0.581389
150557195388959,135.987595,7.84528,5.842187,0.600397
150557205389988,135.997596,7.824684,5.866935,0.627221
150557215391136,136.007597,7.807634,5.886536,0.655403
150557225392117,136.017598,7.794417,5.901102,0.681228
150557235393273,136.027599,7.786979,5.908733,0.699879
150557245394257,136.037600,7.785993,5.908671,0.711278
150557255395410,136.047601,7.790058,5.902243,0.720102
150557265396406,136.057602,7.79695,5.891999,0.729329
150557275397560,136.067604,7.802228,5.883717,0.739666
150557285398581,136.077605,7.800856,5.884451,0.748247
150557295399735,136.087606,7.789742,5.898154,0.756117
150557305400730,136.097607,7.769295,5.924144,0.763253
150557315401877,136.107608,7.742338,5.958681,0.768324
150557325402872,136.117609,7.710692,5.999682,0.767515
150557335404026,136.127610,7.674863,6.046565,0.758649
150557345405014,136.137611,7.6356,6.097673,0.745647
150557355406168,136.147612,7.597917,6.145491,0.738004
150557365407396,136.157613,7.570493,6.178673,0.742743
150557375408320,136.167614,7.55975,6.189699,0.760166
150557385409308,136.177615,7.564712,6.180803,0.782822
150557395410452,136.187616,7.575878,6.164699,0.801591
150557405411461,136.197617,7.5839,6.153967,0.808168
150557415412601,136.207619,7.579672,6.160209,0.800235
150557425413830,136.217620,7.556113,6.19153,0.781119
150557435414830,136.227621,7.514745,6.244379,0.759139
150557445415760,136.237622,7.462484,6.308694,0.742752
150557455416913,136.247623,7.407082,6.37457,0.734816
150557465417909,136.257624,7.356618,6.432908,0.733388
150557475419138,136.267625,7.317635,6.476673,0.738181
150557485420301,136.277626,7.293967,6.502516,0.745181
150557495421229,136.287627,7.285291,6.511693,0.74989
150557505422236,136.297628,7.288523,6.50785,0.751871
150557515423390,136.307629,7.302426,6.492185,0.752414
150557525424374,136.317630,7.33105,6.458594,0.763107
150557535425529,136.327632,7.379441,6.401408,0.778389
150557545426757,136.337633,7.440684,6.329234,0.785526
150557555427685,136.347634,7.499535,6.260187,0.779104
150557565428910,136.357635,7.540453,6.213191,0.760142
150557575429912,136.367636,7.556841,6.195691,0.740025
150557585431064,136.377637,7.562935,6.189131,0.732587
150557595432059,136.387638,7.571098,6.178573,0.737347
150557605433213,136.397639,7.582345,6.163153,0.750672
150557615434218,136.407640,7.592883,6.149176,0.75877
150557625435379,136.417641,7.596714,6.145692,0.748568
150557635436393,136.427642,7.59483,6.151499,0.719437
150557645437545,136.437644,7.594044,6.157578,0.674321
150557655438541,136.447645,7.600059,6.155513,0.623497
150557665439685,136.457646,7.621776,6.133003,0.578632
150557675440685,136.467647,7.666338,6.080726,0.540393
150557685441853,136.477648,7.728208,6.005276,0.501468
150557695442855,136.487649,7.79299,5.924869,0.45307
150557705444039,136.497650,7.848307,5.855952,0.389717
150557715445051,136.507651,7.889344,5.805077,0.315069
150557725446205,136.517652,7.910351,5.780091,0.238451
150557735447202,136.527653,7.912664,5.779237,0.17359
150557745448346,136.537654,7.903934,5.792269,0.132303
150557755449346,136.547655,7.893719,5.80643,0.120575
150557765450500,136.557657,7.891802,5.808673,0.136949
150557775451500,136.567658,7.903286,5.792062,0.173453
150557785452663,136.577659,7.927512,5.757333,0.218244
150557795453678,136.587660,7.958367,5.712758,0.26228
150557805454822,136.597661,7.991608,5.664385,0.298322
150557815455808,136.607662,8.022492,5.619288,0.321228
150557825456962,136.617663,8.045971,5.585042,0.331071
150557835457962,136.627664,8.059203,5.566126,0.327864
150557845459200,136.637665,8.062233,5.562367,0.316991
150557855460359,136.647666,8.055985,5.571911,0.308048
150557865461253,136.657667,8.04502,5.587609,0.310244
150557875462484,136.667668,8.036892,5.598495,0.324338
150557885463474,136.677669,8.037711,5.595569,0.353187
150557895464614,136.687671,8.052257,5.572352,0.387377
150557905465537,136.697672,8.079069,5.53138,0.415311
150557915466767,136.707673,8.108194,5.487658,0.427587
150557925467767,136.717674,8.12987,5.455791,0.423699
150557935468935,136.727675,8.135257,5.449251,0.404041
150557945469931,136.737676,8.118872,5.475522,0.377504
150557955471080,136.747677,8.085198,5.52651,0.356728
150557965471993,136.757678,8.049738,5.578466,0.349835
150557975473210,136.767679,8.023428,5.615787,0.357191
150557985474217,136.777680,8.010439,5.633008,0.377003
150557995475371,136.787681,8.0077,5.635413,0.39855
150558005476369,136.797682,8.00759,5.634417,0.414524
150558015477522,136.807684,8.004799,5.638012,0.419515
150558025478518,136.817685,8.002544,5.641382,0.417186
150558035479457,136.827685,8.011886,5.628288,0.414716
150558045480702,136.837687,8.038714,5.589833,0.415806
150558055481852,136.847688,8.079295,5.53076,0.419207
150558065482850,136.857689,8.125048,5.463617,0.415294
150558075484001,136.867690,8.16473,5.405181,0.401559
150558085485001,136.877691,8.192001,5.365153,0.382395
150558095486168,136.887692,8.206714,5.344196,0.359786
150558105487168,136.897693,8.210752,5.339327,0.339356
150558115488411,136.907694,8.2048,5.349469,0.323167
150558125489565,136.917696,8.194479,5.365862,0.31308
150558135490492,136.927696,8.182815,5.384086,0.305145
150558145491499,136.937697,8.169957,5.404184,0.294208
150558155492672,136.947699,8.154526,5.428378,0.276507
150558165493672,136.957700,8.139242,5.452261,0.25613
150558175494826,136.967701,8.125223,5.473855,0.240107
150558185496055,136.977702,8.112776,5.492782,0.228586
150558195497055,136.987703,8.103395,5.507045,0.217746
150558205497980,136.997704,8.094104,5.521321,0.201223
150558215499204,137.007705,8.081759,5.540155,0.178646
150558225500344,137.017706,8.063184,5.567909,0.153036
150558235501358,137.027707,8.038598,5.604014,0.12651
150558245502516,137.037709,8.007741,5.648563,0.099157
150558255503517,137.047710,7.971956,5.69931,0.075901
150558265504442,137.057710,7.935786,5.749767,0.05895
150558275505595,137.067712,7.907605,5.788555,0.049426
150558285506812,137.077713,7.891681,5.810312,0.04091
150558295507795,137.087714,7.88678,5.817026,0.030867
150558305508935,137.097715,7.893137,5.808447,0.019066
150558315509939,137.107716,7.910621,5.784639,0.003685
150558325511100,137.117717,7.937875,5.747174,-0.01143
150558335512091,137.127718,7.976241,5.693782,-0.020468
150558345513243,137.137719,8.023549,5.626895,-0.027921
150558355514245,137.147720,8.071693,5.557514,-0.042365
150558365515395,137.157721,8.11063,5.500266,-0.069173
150558375516624,137.167723,8.134349,5.464566,-0.104305
150558385517542,137.177724,8.144753,5.448249,-0.140084
150558395518549,137.187725,8.151139,5.438041,-0.163317
150558405519716,137.197726,8.162248,5.421042,-0.173282
150558415520698,137.207727,8.177962,5.397113,-0.179157
150558425521847,137.217728,8.191376,5.376408,-0.188599
150558435523075,137.227729,8.197237,5.366975,-0.202306
150558445524075,137.237730,8.193446,5.372062,-0.219958
150558455525000,137.247731,8.180621,5.390888,-0.236125
150558465526229,137.257732,8.162648,5.417805,-0.242031
150558475527388,137.267733,8.145532,5.443761,-0.236109
150558485528388,137.277734,8.134735,5.460609,-0.218777
150558495529537,137.287736,8.130687,5.467394,-0.198717
150558505530455,137.297736,8.129151,5.470154,-0.185208
150558515531457,137.307737,8.122266,5.480389,-0.184789
150558525532611,137.317739,8.103548,5.507611,-0.196808
150558535533840,137.327740,8.076749,5.546177,-0.214644
150558545534858,137.337741,8.051572,5.581877,-0.234195
150558555536012,137.347742,8.035351,5.604562,-0.249056
150558565537017,137.357743,8.034872,5.605034,-0.253741
150558575537942,137.367744,8.054994,5.576455,-0.245419
150558585539159,137.377745,8.091701,5.523635,-0.231884
150558595540312,137.387746,8.137028,5.456954,-0.224569
150558605541311,137.397747,8.184311,5.385802,-0.223952
150558615542471,137.407748,8.229566,5.316295,-0.226351
150558625543479,137.417749,8.270873,5.251683,-0.229066
150558635544635,137.427751,8.306847,5.194381,-0.233895
150558645545644,137.437752,8.334281,5.150247,-0.23395
150558655546808,137.447753,8.346954,5.129458,-0.238896
150558665547811,137.457754,8.336842,5.145272,-0.251522
150558675548965,137.467755,8.298594,5.205732,-0.271452
150558685549966,137.477756,8.239032,5.298454,-0.291113
150558695551120,137.487757,8.170771,5.402654,-0.29976
150558705552125,137.497758,8.108716,5.495621,-0.294712
150558715553270,137.507759,8.063821,5.562042,-0.280152
150558725554484,137.517760,8.040053,5.597231,-0.261767
150558735555470,137.527761,8.031182,5.61054,-0.24897
150558745556624,137.537763,8.025888,5.618109,-0.24886
150558755557624,137.547764,8.013437,5.635185,-0.263517
150558765558762,137.557765,7.991209,5.665353,-0.290486
150558775559682,137.567766,7.96129,5.70546,-0.324987
150558785560916,137.577767,7.92707,5.750834,-0.359787
150558795561916,137.587768,7.893327,5.79527,-0.38763
150558805563061,137.597769,7.866966,5.829993,-0.40257
150558815564061,137.607770,7.851801,5.850306,-0.403945
150558825565217,137.617771,7.851401,5.851803,-0.389769
150558835566191,137.627772,7.863043,5.837176,-0.374054
150558845567332,137.637773,7.879752,5.81504,-0.367224
150558855568327,137.647774,7.895929,5.792729,-0.372351
150558865569479,137.657775,7.90843,5.774533,-0.389203
150558875570479,137.667776,7.918987,5.758815,-0.40705
150558885571635,137.677778,7.938909,5.731337,-0.406807
150558895572659,137.687779,7.981131,5.674125,-0.381902
150558905573813,137.697780,8.048661,5.580529,-0.341721
150558915574828,137.707781,8.134349,5.457516,-0.296456
150558925575980,137.717782,8.226917,5.318887,-0.259232
150558935576982,137.727783,8.314693,5.18137,-0.24337
150558945578238,137.737784,8.388871,5.059952,-0.252487
150558955579182,137.747785,8.44488,4.964465,-0.279385
150558965580411,137.757786,8.482546,4.898002,-0.309826
150558975581560,137.767788,8.507236,4.853809,-0.327732
150558985582555,137.777789,8.526938,4.819176,-0.326872
150558995583709,137.787790,8.545259,4.78766,-0.311277
150559005584709,137.797791,8.561996,4.758818,-0.292956
150559015585892,137.807792,8.575532,4.73509,-0.281387
150559025586906,137.817793,8.58374,4.720135,-0.282359
150559035588076,137.827794,8.583496,4.719744,-0.295971
150559045589074,137.837795,8.573693,4.735982,-0.31973
150559055590229,137.847796,8.555656,4.766499,-0.348129
150559065591229,137.857797,8.533523,4.803907,-0.376105
150559075592368,137.867798,8.512452,4.839652,-0.394843
150559085593370,137.877799,8.496701,4.867061,-0.397218
150559095594524,137.887801,8.488249,4.883188,-0.379668
150559105595517,137.897802,8.487128,4.887436,-0.34874
150559115596672,137.907803,8.489863,4.884894,-0.316257
150559125597641,137.917804,8.491002,4.884406,-0.29225
150559135598795,137.927805,8.487834,4.890519,-0.281931
150559145599783,137.937806,8.478271,4.907045,-0.282575
150559155600942,137.947807,8.461276,4.936291,-0.282503
150559165601947,137.957808,8.437956,4.976881,-0.267582
150559175603186,137.967809,8.409554,5.026432,-0.233322
150559185604111,137.977810,8.379334,5.078836,-0.179305
150559195605265,137.987811,8.348223,5.13161,-0.117328
150559205606265,137.997812,8.317173,5.182799,-0.057033
150559215607465,138.007813,8.287557,5.230339,-0.003504
150559225608619,138.017815,8.260865,5.272206,0.043975
150559235609614,138.027816,8.239589,5.304835,0.08861
150559245610768,138.037817,8.22475,5.326993,0.12893
150559255611768,138.047818,8.215773,5.339885,0.163277
150559265612921,138.057819,8.212203,5.344437,0.191531
150559275613845,138.067820,8.211665,5.344489,0.212143
150559285615075,138.077821,8.210625,5.345522,0.225846
150559295616082,138.087822,8.20541,5.353227,0.232871
150559305617236,138.097823,8.19367,5.3713,0.230042
150559315618248,138.107824,8.175646,5.399124,0.219827
150559325619404,138.117825,8.15502,5.430895,0.202636
150559335620399,138.127826,8.13344,5.464043,0.177107
150559345621553,138.137828,8.109705,5.500122,0.146206
150559355622543,138.147829,8.082335,5.541075,0.11082
150559365623695,138.157830,8.052804,5.584561,0.070869
150559375624709,138.167831,8.024104,5.626101,0.027332
150559385625930,138.177832,7.997833,5.663421,-0.017145
150559395627080,138.187833,7.973322,5.697573,-0.061638
150559405628003,138.197834,7.951511,5.727387,-0.102477
150559415629009,138.207835,7.93217,5.753383,-0.138787
150559425630168,138.217836,7.914964,5.776166,-0.170891
150559435631396,138.227837,7.899854,5.795861,-0.20085
150559445632396,138.237838,7.887501,5.811623,-0.228704
150559455633555,138.247840,7.87905,5.822035,-0.254064
150559465634557,138.257841,7.877399,5.823227,-0.27674
150559475635711,138.267842,7.883043,5.814566,-0.297309
150559485636713,138.277843,7.895591,5.796622,-0.314312
150559495637867,138.287844,7.912201,5.77307,-0.329682
150559505638867,138.297845,7.930431,5.747199,-0.343368
150559515640021,138.307846,7.950299,5.719215,-0.351204
150559525641007,138.317847,7.973611,5.686738,-0.350031
150559535642163,138.327848,8.001461,5.648058,-0.340761
150559545643173,138.337849,8.03138,5.606273,-0.32656
150559555644313,138.347850,8.056633,5.570579,-0.315107
150559565645313,138.357851,8.070384,5.550838,-0.311558
150559575646460,138.367852,8.068098,5.553825,-0.317518
150559585647457,138.377853,8.052051,5.576583,-0.325904
150559595648640,138.387855,8.028517,5.610358,-0.326742
150559605649640,138.397856,8.004005,5.645898,-0.315801
150559615650802,138.407857,7.980984,5.679428,-0.296595
150559625651802,138.417858,7.959153,5.711134,-0.273507
150559635652945,138.427859,7.937797,5.741832,-0.250408
150559645654173,138.437860,7.914964,5.774043,-0.231856
150559655655094,138.447861,7.886773,5.812865,-0.222221
150559665656082,138.457862,7.851733,5.860189,-0.220113
150559675657306,138.467863,7.811314,5.913837,-0.223268
150559685658460,138.477864,7.770115,5.96765,-0.229069
150559695659455,138.487865,7.733678,6.014641,-0.233168
150559705660618,138.497867,7.705042,6.051324,-0.232033
150559715661614,138.507868,7.685337,6.076642,-0.223604
150559725662770,138.517869,7.671716,6.094295,-0.210635
150559735663747,138.527870,7.65802,6.111892,-0.198726
150559745664897,138.537871,7.638931,6.135932,-0.192539
150559755665897,138.547872,7.611482,6.16985,-0.195651
150559765667060,138.557873,7.573817,6.21572,-0.205269
150559775668041,138.567874,7.526246,6.272848,-0.216954
150559785669194,138.577875,7.473526,6.335261,-0.225519
150559795670191,138.587876,7.4211,6.396568,-0.226137
150559805671345,138.597877,7.374075,6.4511,-0.21518
150559815672343,138.607878,7.335739,6.495352,-0.193284
150559825673490,138.617879,7.309126,6.526061,-0.164954
150559835674723,138.627881,7.295504,6.541941,-0.136452
150559845675738,138.637882,7.295701,6.542193,-0.111627
150559855676653,138.647883,7.309156,6.527448,-0.092983
150559865677793,138.657884,7.333966,6.499698,-0.082733
150559875678797,138.667885,7.365915,6.4635,-0.080529
150559885680017,138.677886,7.399739,6.424718,-0.082548
150559895681176,138.687887,7.432492,6.386777,-0.08437
150559905682176,138.697888,7.465347,6.348319,-0.086429
150559915683121,138.707889,7.499823,6.307492,-0.090407
150559925684275,138.717890,7.535197,6.265097,-0.09659
150559935685490,138.727891,7.569921,6.222972,-0.104541
150559945686488,138.737892,7.60202,6.183565,-0.11307
150559955687657,138.747894,7.630738,6.147957,-0.12025
150559965688659,138.757895,7.655241,6.117307,-0.126077
150559975689813,138.767896,7.675123,6.092256,-0.12993
150559985690801,138.777897,7.689167,6.074426,-0.134359
150559995691952,138.787898,7.698916,6.061986,-0.137997
150560005692965,138.797899,7.706787,6.051862,-0.142607
150560015694106,138.807900,7.714783,6.041535,-0.14826
150560025695335,138.817901,7.724523,6.028897,-0.155257
150560035696345,138.827902,7.736068,6.013824,-0.164895
150560045697270,138.837903,7.749064,5.996768,-0.175559
150560055698438,138.847904,7.762845,5.97855,-0.187695
150560065699438,138.857905,7.778177,5.958227,-0.198781
150560075700677,138.867907,7.796412,5.934119,-0.205457
150560085701844,138.877908,7.818472,5.904971,-0.206943
150560095702840,138.887909,7.843089,5.872288,-0.20551
150560105703770,138.897910,7.869159,5.837413,-0.202327
150560115704998,138.907911,7.894437,5.803359,-0.197262
150560125705938,138.917912,7.917921,5.771555,-0.188911
150560135707180,138.927913,7.940649,5.740694,-0.174811
150560145708324,138.937914,7.964527,5.708026,-0.157281
150560155709339,138.947915,7.990261,5.672416,-0.13909
150560165710493,138.957916,8.014025,5.639175,-0.12278
150560175711499,138.967917,8.032438,5.613134,-0.112621
150560185712644,138.977919,8.040558,5.601604,-0.107059
150560195713658,138.987920,8.032827,5.612701,-0.106184
150560205714810,138.997921,8.009895,5.645286,-0.111091
150560215715807,139.007922,7.9756,5.693533,-0.116217
150560225716959,139.017923,7.93364,5.751802,-0.118898
150560235717961,139.027924,7.887679,5.814686,-0.118114
150560245719115,139.037925,7.840419,5.878345,-0.113342
150560255720115,139.047926,7.794545,5.939204,-0.104452
150560265721250,139.057927,7.752419,5.994264,-0.093991
150560275722245,139.067928,7.716501,6.040596,-0.082265
150560285723398,139.077929,7.688625,6.076169,-0.071711
150560295724398,139.087930,7.667656,6.102709,-0.063141
150560305725627,139.097932,7.652812,6.121379,-0.056504
150560315726772,139.107933,7.643886,6.13257,-0.050143
150560325727788,139.117934,7.63941,6.138209,-0.04338
150560335728930,139.127935,7.636386,6.142007,-0.036934
150560345729930,139.137936,7.631592,6.147979,-0.033494
150560355731070,139.147937,7.622435,6.15933,-0.0335
150560365732079,139.157938,7.605697,6.179969,-0.036926
150560375733233,139.167939,7.5804,6.210928,-0.044199
150560385734221,139.177940,7.549701,6.24815,-0.051084
150560395735380,139.187941,7.517081,6.287337,-0.054265
150560405736385,139.197942,7.486212,6.324063,-0.053051
150560415737532,139.207944,7.459858,6.355175,-0.047867
150560425738532,139.217945,7.43899,6.379638,-0.041173
150560435739687,139.227946,7.42359,6.397575,-0.036479
150560445740692,139.237947,7.412853,6.410011,-0.036998
150560455741850,139.247948,7.403712,6.420529,-0.042809
150560465742856,139.257949,7.394509,6.431051,-0.052786
150560475744014,139.267950,7.385648,6.441151,-0.061234
150560485745010,139.277951,7.377293,6.450663,-0.067302
150560495746164,139.287952,7.370949,6.457876,-0.070158
150560505747373,139.297953,7.368903,6.460221,-0.069633
150560515748373,139.307954,7.373125,6.455434,-0.066468
150560525749529,139.317956,7.384362,6.442618,-0.06195
150560535750542,139.327957,7.401984,6.422416,-0.056594
150560545751696,139.337958,7.423301,6.397799,-0.052737
150560555752681,139.347959,7.444926,6.372628,-0.051505
150560565753840,139.357960,7.463195,6.351206,-0.053636
150560575754842,139.367961,7.477819,6.33396,-0.056743
150560585756010,139.377962,7.488842,6.320912,-0.058004
150560595757008,139.387963,7.498236,6.309796,-0.054029
150560605758163,139.397964,7.507733,6.29858,-0.042983
150560615759163,139.407965,7.51882,6.285428,-0.026599
150560625760311,139.417966,7.530627,6.271326,-0.009997
150560635761317,139.427967,7.54045,6.259522,0.003408
150560645762471,139.437968,7.54659,6.252106,0.010684
150560655763462,139.447969,7.548487,6.249819,0.010991
150560665764709,139.457971,7.546016,6.252805,0.00625
150560675765872,139.467972,7.540933,6.258945,0.001401
150560685766872,139.477973,7.53412,6.267137,-5.7E-5
150560695768027,139.487974,7.527411,6.275196,0.005219
150560705769022,139.497975,7.522656,6.280878,0.016517
150560715769937,139.507976,7.520255,6.283685,0.03234
150560725771105,139.517977,7.519227,6.284805,0.049485
150560735772336,139.527978,7.519491,6.284343,0.065536
150560745773334,139.537979,7.521277,6.282047,0.078953
150560755774483,139.547980,7.52498,6.277451,0.090965
150560765775484,139.557981,7.528728,6.272857,0.09772
150560775776623,139.567983,7.527459,6.274333,0.100382
150560785777629,139.577984,7.516549,6.287376,0.102183
150560795778786,139.587985,7.49386,6.31439,0.102432
150560805779790,139.597986,7.460692,6.353547,0.102469
150560815780946,139.607987,7.420945,6.399853,0.107087
150560825781932,139.617988,7.382185,6.444324,0.118472
150560835783086,139.627989,7.349882,6.480782,0.136569
150560845784074,139.637990,7.324969,6.508466,0.157221
150560855785211,139.647991,7.307119,6.528032,0.175462
150560865786197,139.657992,7.294341,6.541976,0.187584
150560875787430,139.667993,7.28561,6.551523,0.193447
150560885788570,139.677995,7.279928,6.557707,0.197749
150560895789560,139.687996,7.277141,6.560582,0.204911
150560905790485,139.697996,7.275998,6.56155,0.214241
150560915791639,139.707998,7.274577,6.562733,0.22601
150560925792879,139.717999,7.27212,6.56497,0.239706
150560935793908,139.728000,7.267994,6.569048,0.252719
150560945795040,139.738001,7.26109,6.576252,0.263625
150560955796045,139.748002,7.253008,6.584698,0.275006
150560965797199,139.758003,7.246582,6.591219,0.287898
150560975798209,139.768004,7.243583,6.593915,0.301309
150560985799363,139.778005,7.244547,6.592443,0.310246
150560995800348,139.788006,7.247898,6.588608,0.313351
150561005801520,139.798008,7.251806,6.584374,0.311972
150561015802518,139.808009,7.255427,6.580594,0.307482
150561025803688,139.818010,7.258453,6.577417,0.304078
150561035804922,139.828011,7.260045,6.575674,0.303737
150561045805912,139.838012,7.261902,6.573455,0.307387
150561055806847,139.848013,7.266217,6.568397,0.313458
150561065808090,139.858014,7.275374,6.557895,0.320878
150561075809247,139.868015,7.291031,6.539997,0.33056
150561085810247,139.878016,7.31598,6.511465,0.342441
150561095811173,139.888017,7.349737,6.472769,0.353065
150561105812345,139.898018,7.386675,6.430169,0.360467
150561115813574,139.908020,7.422709,6.388443,0.362181
150561125814589,139.918021,7.453972,6.352325,0.355435
150561135815740,139.928022,7.479918,6.322656,0.338904
150561145816740,139.938023,7.500734,6.298909,0.320526
150561155817877,139.948024,7.517021,6.280018,0.309467
150561165818863,139.958025,7.527171,6.267874,0.308998
150561175820017,139.968026,7.532463,6.260801,0.323086
150561185821028,139.978027,7.530312,6.262302,0.34344
150561195822178,139.988028,7.51877,6.275114,0.362015
150561205823173,139.998029,7.49879,6.298159,0.375963
150561215824310,140.008030,7.473023,6.328081,0.386472
150561225825556,140.018032,7.446309,6.358815,0.397442
150561235826469,140.028032,7.423569,6.384244,0.414816
150561245827485,140.038033,7.407007,6.401834,0.439099
150561255828639,140.048035,7.395054,6.413702,0.466416
150561265829625,140.058036,7.381823,6.427175,0.489965
150561275830853,140.068037,7.361566,6.449176,0.505482
150561285831988,140.078038,7.331359,6.482804,0.514201
150561295832973,140.088039,7.291836,6.526794,0.519724
150561305833898,140.098040,7.247584,6.575378,0.526198
150561315835052,140.108041,7.205272,6.621043,0.534605
150561325836274,140.118042,7.169728,6.65864,0.54546
150561335837272,140.128043,7.140909,6.688595,0.556872
150561345838442,140.138044,7.116431,6.71383,0.566506
150561355839442,140.148045,7.093233,6.737614,0.574939
150561365840594,140.158047,7.070976,6.760257,0.583313
150561375841602,140.168048,7.052926,6.77847,0.5904
150561385842758,140.178049,7.041545,6.789783,0.596223
150561395843765,140.188050,7.035648,6.79578,0.59751
150561405844900,140.198051,7.031848,6.800199,0.59195
150561415845895,140.208052,7.026735,6.806559,0.579456
150561425847048,140.218053,7.01687,6.818173,0.562194
150561435848048,140.228054,6.999754,6.837243,0.543591
150561445849212,140.238055,6.975198,6.863561,0.527447
150561455850197,140.248056,6.944813,6.895363,0.513346
150561465851356,140.258057,6.910862,6.930374,0.499946
150561475852371,140.268058,6.876292,6.965534,0.487751
150561485853595,140.278060,6.845447,6.996349,0.480625
150561495854749,140.288061,6.821821,7.019377,0.480721
150561505855763,140.298062,6.808737,7.031528,0.48856
150561515856912,140.308063,6.808046,7.031394,0.49994
150561525857835,140.318064,6.814775,7.024072,0.511146
150561535859083,140.328065,6.821751,7.017126,0.513424
150561545860078,140.338066,6.822184,7.01743,0.503505
150561555861232,140.348067,6.810083,7.030508,0.484465
150561565862232,140.358068,6.783779,7.057132,0.466058
150561575863384,140.368069,6.751104,7.088926,0.457982
150561585864381,140.378070,6.722472,7.115503,0.466933
150561595865548,140.388072,6.704961,7.13044,0.490208
150561605866548,140.398073,6.699024,7.134068,0.517796
150561615867678,140.408074,6.700168,7.131358,0.539833
150561625868681,140.418075,6.700428,7.130222,0.55154
150561635869851,140.428076,6.693524,7.136297,0.556749
150561645871080,140.438077,6.680032,7.1487,0.559678
150561655871975,140.448078,6.663796,7.16343,0.564897
150561665872981,140.458079,6.651184,7.174516,0.572758
150561675874210,140.468080,6.64578,7.17874,0.582502
150561685875350,140.478081,6.645868,7.178159,0.58861
150561695876364,140.488082,6.646741,7.177315,0.589071
150561705877513,140.498084,6.645814,7.178362,0.586736
150561715878485,140.508084,6.643382,7.180776,0.584764
150561725879645,140.518086,6.638853,7.185042,0.58378
150561735880643,140.528087,6.628711,7.194662,0.580512
150561745881798,140.538088,6.609885,7.212646,0.57196
150561755882798,140.548089,6.5816,7.239389,0.560188
150561765883979,140.558090,6.549689,7.269024,0.55036
150561775885215,140.568091,6.520821,7.295163,0.547244
150561785886142,140.578092,6.50289,7.310464,0.556358
150561795887154,140.588093,6.49954,7.31203,0.574681
150561805888303,140.598094,6.50853,7.302493,0.593826
150561815889298,140.608095,6.52204,7.28945,0.60574
150561825890438,140.618096,6.531785,7.28069,0.606072
150561835891438,140.628097,6.535493,7.278056,0.597685
150561845892667,140.638099,6.530952,7.283027,0.58664
150561855893592,140.648100,6.516434,7.296612,0.579235
150561865894816,140.658101,6.495067,7.315439,0.581751
150561875895741,140.668102,6.473751,7.33322,0.595358
150561885896972,140.678103,6.458598,7.345088,0.613356
150561895898138,140.688104,6.450004,7.350944,0.633297
150561905899124,140.698105,6.447426,7.351582,0.651864
150561915900262,140.708106,6.448582,7.349264,0.666387
150561925901259,140.718107,6.449293,7.347785,0.675782
150561935902413,140.728108,6.446616,7.349794,0.679452
150561945903406,140.738109,6.440051,7.355886,0.675774
150561955904562,140.748111,6.42715,7.368025,0.666285
150561965905560,140.758112,6.406527,7.387227,0.652091
150561975906786,140.768113,6.381388,7.410013,0.639993
150561985907701,140.778114,6.355346,7.432696,0.636078
150561995908860,140.788115,6.330343,7.453728,0.639265
150562005909875,140.798116,6.310395,7.469772,0.649163
150562015911048,140.808117,6.294313,7.482239,0.661566
150562025912262,140.818118,6.281787,7.491803,0.672377
150562035913262,140.828119,6.272364,7.499005,0.679957
150562045914187,140.838120,6.266777,7.503397,0.683042
150562055915416,140.848121,6.267656,7.502545,0.684352
150562065916562,140.858123,6.275301,7.495944,0.686592
150562075917560,140.868124,6.286608,7.486136,0.69014
150562085918728,140.878125,6.297065,7.477206,0.691642
150562095919730,140.888126,6.303406,7.471902,0.691181
150562105920887,140.898127,6.305418,7.470354,0.689565
150562115921872,140.908128,6.303597,7.471894,0.689538
150562125923028,140.918129,6.298604,7.475729,0.693593
150562135924028,140.928130,6.293066,7.479775,0.700208
150562145925182,140.938131,6.287796,7.483516,0.707525
150562155926192,140.948132,6.281406,7.488435,0.712252
150562165927355,140.958133,6.273091,7.495379,0.712473
150562175928584,140.968135,6.261944,7.504993,0.709302
150562185929584,140.978136,6.249418,7.515798,0.705404
150562195930509,140.988137,6.238625,7.525028,0.702527
150562205931644,140.998138,6.232847,7.529767,0.703012
150562215932644,141.008139,6.233616,7.528754,0.707021
150562225933803,141.018140,6.240512,7.522497,0.712782
150562235935031,141.028141,6.25194,7.512485,0.718232
150562245936045,141.038142,6.265037,7.501394,0.720005
150562255937199,141.048143,6.277165,7.491474,0.717654
150562265938199,141.058144,6.285777,7.484556,0.714447
150562275939341,141.068145,6.290827,7.480587,0.711566
150562285940359,141.078146,6.292652,7.479117,0.71088
150562295941519,141.088148,6.292721,7.478789,0.713728
150562305942515,141.098149,6.292752,7.47816,0.719995
150562315943652,141.108150,6.297015,7.473812,0.727843
150562325944652,141.118151,6.306697,7.464746,0.736987
150562335945803,141.128152,6.321258,7.451537,0.745864
150562345946808,141.138153,6.339413,7.435447,0.752305
150562355947962,141.148154,6.357055,7.420074,0.755223
150562365948962,141.158155,6.371104,7.408066,0.7547
150562375950116,141.168156,6.380142,7.400535,0.752227
150562385951116,141.178157,6.382505,7.398829,0.748975
150562395952354,141.188158,6.378363,7.402642,0.746566
150562405953508,141.198160,6.370096,7.409771,0.746429
150562415954498,141.208160,6.360255,7.417969,0.748916
150562425955423,141.218161,6.348675,7.427224,0.755417
150562435956652,141.228163,6.332745,7.439916,0.764189
150562445957801,141.238164,6.310635,7.45774,0.773278
150562455958816,141.248165,6.278762,7.483508,0.783753
150562465959965,141.258166,6.239459,7.515046,0.795774
150562475960960,141.268167,6.196167,7.549572,0.807166
150562485962116,141.278168,6.151908,7.584836,0.815076
150562495963123,141.288169,6.109986,7.618115,0.819987
150562505964277,141.298170,6.077624,7.643318,0.825931
150562515965279,141.308171,6.063184,7.653474,0.837959
150562525966508,141.318173,6.07063,7.645968,0.852415
150562535967448,141.328173,6.089274,7.630652,0.856672
150562545968607,141.338175,6.101217,7.622723,0.842153
150562555969607,141.348176,6.094327,7.63184,0.808838
150562565970774,141.358177,6.068483,7.656293,0.771169
150562575971775,141.368178,6.030708,7.688932,0.742217
150562585972928,141.378179,5.990782,7.721371,0.728688
150562595974157,141.388180,5.955375,7.748399,0.732008
150562605975089,141.398181,5.927288,7.768487,0.746937
150562615976320,141.408182,5.906324,7.783054,0.761197
150562625977339,141.418183,5.887398,7.797225,0.762804
150562635978495,141.428184,5.862631,7.817428,0.746619
150562645979499,141.438185,5.831587,7.843135,0.719573
150562655980648,141.448187,5.803001,7.866626,0.693799
150562665981667,141.458188,5.785269,7.88085,0.680372
150562675982823,141.468189,5.779811,7.884614,0.683145
150562685983828,141.478190,5.785219,7.879188,0.699756
150562695984982,141.488191,5.798404,7.867637,0.720312
150562705985982,141.498192,5.81587,7.853124,0.737674
150562715987119,141.508193,5.838823,7.834731,0.751755
150562725988115,141.518194,5.868561,7.81169,0.75992
150562735989345,141.528195,5.8967,7.790788,0.756695
150562745990270,141.538196,5.908533,7.783162,0.742691
150562755991424,141.548197,5.888925,7.800588,0.715095
150562765992672,141.558199,5.828893,7.849118,0.674828
150562775993676,141.568200,5.733906,7.922628,0.627921
150562785994830,141.578201,5.625368,8.003321,0.584891
150562795995831,141.588202,5.528332,8.071881,0.567689
150562805996965,141.598203,5.472452,8.107595,0.599298
150562815997883,141.608204,5.489815,8.08893,0.686424
150562825999124,141.618205,5.594476,8.006317,0.800461
150562836000124,141.628206,5.760965,7.876895,0.897693
150562846001285,141.638207,5.955686,7.725469,0.941758
150562856002264,141.648208,6.145308,7.578299,0.919028
150562866003434,141.658209,6.305571,7.453994,0.84723
150562876004432,141.668210,6.424563,7.36103,0.76169
150562886005592,141.678212,6.503845,7.298059,0.691567
150562896006588,141.688213,6.552258,7.258404,0.650779
150562906007741,141.698214,6.578019,7.236021,0.640057
150562916008741,141.708215,6.586054,7.227789,0.650345
150562926009909,141.718216,6.581401,7.230835,0.663469
150562936010893,141.728217,6.570663,7.240102,0.668825
150562946012095,141.738218,6.55648,7.253373,0.664209
150562956013015,141.748219,6.540078,7.269148,0.653335
150562966014244,141.758220,6.524865,7.283826,0.641887
150562976015398,141.768221,6.512114,7.296205,0.630726
150562986016383,141.778222,6.504945,7.303409,0.621188
150562996017537,141.788224,6.506641,7.302628,0.612527
150563006018544,141.798225,6.517042,7.29421,0.602184
150563016019682,141.808226,6.539289,7.274556,0.598768
150563026020682,141.818227,6.572596,7.243794,0.607002
150563036021852,141.828228,6.614677,7.203633,0.627466
150563046022836,141.838229,6.662213,7.156974,0.657779
150563056023989,141.848230,6.710469,7.108608,0.690894
150563066024984,141.858231,6.75149,7.066752,0.720021
150563076026149,141.868232,6.776351,7.04097,0.738782
150563086027149,141.878233,6.777335,7.039286,0.745748
150563096028303,141.888234,6.751586,7.064098,0.744716
150563106029289,141.898235,6.706883,7.106447,0.745711
150563116030527,141.908237,6.655812,7.153229,0.755951
150563126031696,141.918238,6.6052,7.197913,0.775522
150563136032696,141.928239,6.55659,7.239423,0.801185
150563146033850,141.938240,6.512419,7.276069,0.828968
150563156034863,141.948241,6.47548,7.306035,0.854409
150563166036024,141.958242,6.447744,7.327937,0.876292
150563176037022,141.968243,6.430331,7.340938,0.895234
150563186038163,141.978244,6.424995,7.343617,0.911434
150563196039159,141.988245,6.42942,7.338256,0.923355
150563206040307,141.998246,6.437258,7.330738,0.928434
150563216041296,142.008247,6.441526,7.327278,0.926132
150563226042449,142.018248,6.438771,7.330536,0.919488
150563236043465,142.028249,6.427956,7.341099,0.910862
150563246044620,142.038251,6.408248,7.359655,0.899914
150563256045615,142.048252,6.380217,7.385367,0.888374
150563266046769,142.058253,6.344931,7.417358,0.874418
150563276047769,142.068254,6.305488,7.453162,0.855077
150563286048923,142.078255,6.263302,7.491356,0.831013
150563296050156,142.088256,6.21922,7.530901,0.804218
150563306051094,142.098257,6.175018,7.569899,0.778313
150563316052096,142.108258,6.131901,7.607182,0.755333
150563326053327,142.118259,6.092115,7.640904,0.736686
150563336054479,142.128260,6.059336,7.668301,0.72222
150563346055483,142.138261,6.035712,7.688169,0.708713
150563356056637,142.148263,6.021128,7.701164,0.691431
150563366057652,142.158264,6.014008,7.708781,0.668152
150563376058810,142.168265,6.01422,7.710902,0.641192
150563386059810,142.178266,6.022469,7.706694,0.61379
150563396060968,142.188267,6.040834,7.69408,0.591119
150563406061968,142.198268,6.070587,7.671857,0.574904
150563416063122,142.208269,6.111136,7.640613,0.561261
150563426064093,142.218270,6.15975,7.602491,0.547382
150563436065247,142.228271,6.212601,7.560547,0.530745
150563446066249,142.238272,6.265003,7.518505,0.511676
150563456067403,142.248273,6.311397,7.480889,0.492517
150563466068418,142.258274,6.348592,7.450292,0.478051
150563476069632,142.268276,6.375883,7.427479,0.469751
150563486070773,142.278277,6.394063,7.41198,0.467468
150563496071773,142.288278,6.403065,7.404131,0.468647
150563506072693,142.298279,6.405293,7.402008,0.471696
150563516073922,142.308280,6.404455,7.402474,0.475698
150563526075087,142.318281,6.404346,7.402326,0.479477
150563536076080,142.328282,6.405053,7.401523,0.482454
150563546077249,142.338283,6.406335,7.400273,0.484597
150563556078233,142.348284,6.40907,7.397815,0.485939
150563566079387,142.358285,6.412925,7.39442,0.486801
150563576080387,142.368286,6.416399,7.391386,0.487081
150563586081536,142.378288,6.418259,7.389781,0.486917
150563596082533,142.388289,6.41843,7.389491,0.489092
150563606083702,142.398290,6.416534,7.390726,0.49521
150563616084711,142.408291,6.413503,7.392658,0.505508
150563626085865,142.418292,6.409932,7.394885,0.518112
150563636087094,142.428293,6.406109,7.397489,0.528141
150563646088017,142.438294,6.398719,7.403609,0.531937
150563656089000,142.448295,6.384135,7.416539,0.526987
150563666090229,142.458296,6.360818,7.437483,0.513654
150563676091168,142.468297,6.331889,7.463282,0.496612
150563686092402,142.478298,6.300934,7.490464,0.480804
150563696093555,142.488300,6.271344,7.515994,0.469139
150563706094540,142.498301,6.246525,7.537006,0.463121
150563716095680,142.508302,6.230023,7.550817,0.460357
150563726096680,142.518303,6.221932,7.557602,0.458499
150563736097822,142.528304,6.220299,7.559074,0.45637
150563746098835,142.538305,6.222972,7.557152,0.451742
150563756099996,142.548306,6.229169,7.552413,0.44555
150563766101225,142.558307,6.238721,7.544939,0.438462
150563776102148,142.568308,6.251728,7.534546,0.431871
150563786103154,142.578309,6.26908,7.520286,0.428846
150563796104388,142.588310,6.292378,7.500661,0.43141
150563806105294,142.598311,6.323953,7.473573,0.439653
150563816106448,142.608312,6.363829,7.438991,0.450646
150563826107667,142.618314,6.409016,7.399553,0.459443
150563836108658,142.628315,6.455158,7.359007,0.464753
150563846109840,142.638316,6.499812,7.319462,0.466774
150563856110825,142.648317,6.540255,7.283383,0.466239
150563866111751,142.658318,6.574579,7.2525,0.464929
150563876112989,142.668319,6.600549,7.229047,0.462241
150563886114143,142.678320,6.617767,7.213565,0.457873
150563896115145,142.688321,6.62615,7.206116,0.453909
150563906116303,142.698322,6.628159,7.204316,0.453172
150563916117299,142.708323,6.626951,7.205224,0.456389
150563926118435,142.718324,6.624913,7.206722,0.462261
150563936119442,142.728325,6.62283,7.208378,0.466285
150563946120601,142.738327,6.620713,7.210211,0.468017
150563956121606,142.748328,6.617541,7.213205,0.466731
150563966122760,142.758329,6.613373,7.217117,0.465328
150563976123984,142.768330,6.61087,7.219244,0.467819
150563986124989,142.778331,6.613385,7.216428,0.475705
150563996126138,142.788332,6.62243,7.207237,0.488996
150564006127147,142.798333,6.637673,7.191965,0.506892
150564016128300,142.808334,6.656685,7.173022,0.525596
150564026129273,142.818335,6.676554,7.153154,0.544069
150564036130425,142.828336,6.69652,7.132888,0.564422
150564046131442,142.838337,6.716913,7.111992,0.585375
150564056132581,142.848339,6.736964,7.091218,0.606588
150564066133591,142.858340,6.756369,7.071028,0.626081
150564076134733,142.868341,6.772751,7.05414,0.639495
150564086135740,142.878342,6.785167,7.041467,0.64749
150564096136889,142.888343,6.794522,7.031839,0.653973
150564106137889,142.898344,6.802174,7.023562,0.663317
150564116139133,142.908345,6.809535,7.014981,0.678401
150564126140268,142.918346,6.81772,7.005323,0.695821
150564136141258,142.928347,6.825649,6.996194,0.709784
150564146142408,142.938348,6.831465,6.989772,0.717074
150564156143408,142.948349,6.833203,6.988371,0.714149
150564166144566,142.958351,6.82862,6.993981,0.702982
150564176145570,142.968352,6.820087,7.003653,0.689364
150564186146712,142.978353,6.811521,7.013181,0.677085
150564196147726,142.988354,6.806812,7.018496,0.669321
150564206148883,142.998355,6.80953,7.016109,0.666706
150564216149883,143.008356,6.821174,7.004775,0.666878
150564226151085,143.018357,6.842862,6.983534,0.667455
150564236152249,143.028358,6.873162,6.953869,0.665859
150564246153153,143.038359,6.905772,6.922085,0.65957
150564256154174,143.048360,6.935103,6.893702,0.648973
150564266155323,143.058361,6.956957,6.873173,0.632685
150564276156347,143.068362,6.968346,6.863534,0.611593
150564286157501,143.078364,6.970709,6.862618,0.594682
150564296158740,143.088365,6.971983,6.861844,0.588662
150564306159740,143.098366,6.983132,6.849731,0.597534
150564316160894,143.108367,7.005182,6.82568,0.614451
150564326161896,143.118368,7.02766,6.801518,0.625589
150564336163049,143.128369,7.040303,6.788875,0.620707
150564346164049,143.138370,7.039485,6.791469,0.60135
150564356165196,143.148371,7.030152,6.803066,0.57903
150564366166220,143.158372,7.019776,6.814984,0.564523
150564376167361,143.168373,7.015537,6.819618,0.561258
150564386168376,143.178374,7.021366,6.813034,0.568342
150564396169605,143.188376,7.034618,6.798133,0.582693
150564406170759,143.198377,7.049212,6.781745,0.597112
150564416171701,143.208378,7.056549,6.773437,0.604712
150564426172716,143.218379,7.054098,6.775709,0.607851
150564436173932,143.228380,7.046057,6.78385,0.610273
150564446175090,143.238381,7.036218,6.793714,0.614075
150564456176076,143.248382,7.028862,6.800503,0.623072
150564466177230,143.258383,7.027455,6.800591,0.63781
150564476178230,143.268384,7.032522,6.793866,0.653473
150564486179398,143.278385,7.041531,6.783316,0.66594
150564496180403,143.288386,7.048431,6.775639,0.671076
150564506181557,143.298388,7.046932,6.77746,0.6684
150564516182557,143.308389,7.035409,6.790191,0.660541
150564526183706,143.318390,7.016097,6.811019,0.651473
150564536184697,143.328391,6.993495,6.834879,0.6446
150564546185926,143.338392,6.975329,6.853401,0.644696
150564556187080,143.348393,6.967432,6.860556,0.653942
150564566188003,143.358394,6.9714,6.855152,0.668174
150564576189243,143.368395,6.985312,6.839825,0.679859
150564586190257,143.378396,7.002355,6.822253,0.681095
150564596191399,143.388397,7.014399,6.811141,0.668222
150564606192397,143.398398,7.018211,6.809507,0.644441
150564616193549,143.408400,7.015562,6.814882,0.615821
150564626194544,143.418401,7.012812,6.81996,0.590481
150564636195712,143.428402,7.015321,6.818855,0.573115
150564646196710,143.438403,7.026397,6.807928,0.567295
150564656197865,143.448404,7.043713,6.78989,0.568775
150564666198841,143.458405,7.061363,6.771394,0.570408
150564676200056,143.468406,7.070789,6.761734,0.568222
150564686201205,143.478407,7.069458,6.763699,0.561348
150564696202205,143.488408,7.060545,6.773864,0.550873
150564706203349,143.498409,7.048496,6.787331,0.539334
150564716204359,143.508410,7.035739,6.801444,0.527956
150564726205520,143.518412,7.022865,6.815515,0.517852
150564736206549,143.528413,7.008908,6.830506,0.509297
150564746207688,143.538414,6.992669,6.84769,0.501718
150564756208688,143.548415,6.974331,6.866864,0.494896
150564766209828,143.558416,6.957237,6.884687,0.487786
150564776210823,143.568417,6.946845,6.895666,0.480739
150564786211989,143.578418,6.948,6.895027,0.473221
150564796212987,143.588419,6.963071,6.880255,0.466669
150564806214135,143.598420,6.990804,6.852342,0.462681
150564816215345,143.608421,7.024126,6.818464,0.458511
150564826216259,143.618422,7.056405,6.785554,0.451005
150564836217502,143.628424,7.081329,6.760463,0.43697
150564846218517,143.638425,7.095597,6.746721,0.417405
150564856219671,143.648426,7.097549,6.746014,0.395064
150564866220663,143.658427,7.088657,6.756519,0.374688
150564876221803,143.668428,7.074597,6.772081,0.359164
150564886222817,143.678429,7.061506,6.786183,0.350485
150564896223976,143.688430,7.052561,6.795683,0.346499
150564906224962,143.698431,7.04866,6.799901,0.343057
150564916226087,143.708432,7.047001,6.801936,0.336841
150564926227087,143.718433,7.044891,6.804645,0.326121
150564936228316,143.728434,7.041505,6.808877,0.310504
150564946229483,143.738435,7.034069,6.817406,0.291202
150564956230411,143.748436,7.019295,6.833531,0.269034
150564966231618,143.758438,6.996383,6.857877,0.245144
150564976232637,143.768439,6.967545,6.887991,0.221081
150564986233798,143.778440,6.938196,6.918173,0.200718
150564996234803,143.788441,6.914612,6.942146,0.186546
150565006236057,143.798442,6.902044,6.954857,0.178222
150565016236980,143.808443,6.904402,6.952589,0.175117
150565026238196,143.818444,6.924345,6.932662,0.177844
150565036239126,143.828445,6.961048,6.895578,0.186556
150565046240290,143.838446,7.008299,6.847262,0.196834
150565056241533,143.848448,7.056218,6.797631,0.204894
150565066242456,143.858448,7.096236,6.755803,0.206383
150565076243682,143.868450,7.120855,6.730026,0.200388
150565086244682,143.878451,7.125251,6.725633,0.191436
150565096245835,143.888452,7.109851,6.742074,0.185503
150565106246849,143.898453,7.081875,6.771382,0.188086
150565116248003,143.908454,7.049776,6.804508,0.19828
150565126249020,143.918455,7.018286,6.836529,0.213401
150565136250159,143.928456,6.990403,6.864479,0.230674
150565146251159,143.938457,6.967091,6.887568,0.24701
150565156252323,143.948458,6.94885,6.905359,0.263653
150565166253304,143.958459,6.938743,6.914807,0.281634
150565176254458,143.968460,6.940933,6.911774,0.301347
150565186255687,143.978462,6.956875,6.894879,0.320182
150565196256687,143.988463,6.980763,6.870105,0.332572
150565206257826,143.998464,7.003293,6.846984,0.335666
150565216258850,144.008465,7.01807,6.832157,0.329135
150565226259999,144.018466,7.025483,6.825121,0.316719
150565236261011,144.028467,7.030301,6.820591,0.307195
150565246262157,144.038468,7.040764,6.80948,0.313961
150565256263160,144.048469,7.065717,6.782227,0.342154
150565266264301,144.058470,7.104844,6.73933,0.377596
150565276265301,144.068471,7.14727,6.69256,0.407566
150565286266457,144.078472,7.180442,6.655921,0.424188
150565296267443,144.088473,7.198844,6.635952,0.425202
150565306268597,144.098475,7.199352,6.636184,0.412762
150565316269582,144.108476,7.182441,6.655688,0.392934
150565326270755,144.118477,7.155182,6.686076,0.373851
150565336271984,144.128478,7.127319,6.716397,0.362421
150565346272999,144.138479,7.106973,6.737891,0.363053
150565356274153,144.148480,7.099084,6.745358,0.378416
150565366275155,144.158481,7.105859,6.73681,0.40272
150565376276063,144.168482,7.12509,6.714997,0.426504
150565386277227,144.178483,7.152189,6.685053,0.443003
150565396278446,144.188484,7.184631,6.649715,0.44985
150565406279434,144.198485,7.219913,6.611477,0.448533
150565416280575,144.208487,7.254378,6.574134,0.441365
150565426281806,144.218488,7.28394,6.542088,0.430506
150565436282806,144.228489,7.306931,6.517078,0.420034
150565446283746,144.238490,7.322849,6.499576,0.413978
150565456284975,144.248491,7.334411,6.486432,0.415501
150565466285904,144.258492,7.344801,6.474039,0.425108
150565476287133,144.268493,7.357117,6.458979,0.440895
150565486288282,144.278494,7.372566,6.440115,0.458482
150565496289282,144.288495,7.390373,6.418622,0.47297
150565506290432,144.298496,7.406893,6.398873,0.482044
150565516291432,144.308497,7.41776,6.386092,0.484416
150565526292571,144.318499,7.417487,6.386959,0.477114
150565536293557,144.328500,7.401227,6.407051,0.459961
150565546294713,144.338501,7.368247,6.446614,0.435956
150565556295711,144.348502,7.320943,6.50217,0.406917
150565566296861,144.358503,7.264385,6.567238,0.37436
150565576297857,144.368504,7.205971,6.633031,0.3419
150565586299085,144.378505,7.157647,6.686352,0.317491
150565596300024,144.388506,7.132493,6.713609,0.30814
150565606301258,144.398507,7.133602,6.712153,0.314166
150565616302178,144.408508,7.15495,6.68864,0.329772
150565626303332,144.418509,7.183108,6.65762,0.345035
150565636304557,144.428511,7.208232,6.629839,0.35575
150565646305554,144.438512,7.230242,6.605521,0.361505
150565656306720,144.448513,7.249327,6.584639,0.360294
150565666307720,144.458514,7.263133,6.569766,0.353656
150565676308874,144.468515,7.271885,6.560323,0.349104
150565686309871,144.478516,7.279737,6.551507,0.350938
150565696311011,144.488517,7.288588,6.541182,0.359724
150565706312030,144.498518,7.295663,6.532729,0.369787
150565716313272,144.508519,7.296842,6.531021,0.376592
150565726314426,144.518520,7.287965,6.540968,0.37592
150565736315359,144.528521,7.267126,6.564718,0.365166
150565746316356,144.538522,7.237357,6.598509,0.3469
150565756317585,144.548524,7.206955,6.632697,0.327323
150565766318510,144.558525,7.180776,6.661869,0.30976
150565776319739,144.568526,7.159881,6.684928,0.296417
150565786320878,144.578527,7.142836,6.70351,0.287815
150565796321874,144.588528,7.129685,6.717767,0.281519
150565806323023,144.598529,7.118089,6.730394,0.273089
150565816324032,144.608530,7.106146,6.743544,0.259419
150565826325201,144.618531,7.092768,6.758376,0.23872
150565836326203,144.628532,7.078261,6.774389,0.214149
150565846327362,144.638533,7.065019,6.788923,0.189795
150565856328376,144.648534,7.058185,6.796565,0.169334
150565866329530,144.658536,7.062372,6.792544,0.155733
150565876330530,144.668537,7.080046,6.774204,0.152035
150565886331678,144.678538,7.108662,6.744099,0.154969
150565896332922,144.688539,7.139324,6.711599,0.156402
150565906333922,144.698540,7.162256,6.687259,0.150497
150565916335094,144.708541,7.168545,6.680859,0.134458
150565926336094,144.718542,7.156731,6.693947,0.110923
150565936337260,144.728543,7.133106,6.719465,0.087209
150565946338243,144.738544,7.107973,6.746221,0.072048
150565956339418,144.748545,7.087991,6.767236,0.069934
150565966340431,144.758546,7.073663,6.782125,0.07812
150565976341577,144.768548,7.062022,6.794156,0.085464
150565986342575,144.778549,7.051424,6.805152,0.085535
150565996343726,144.788550,7.044769,6.812126,0.07853
150566006344698,144.798551,7.048658,6.808192,0.070269
150566016345852,144.808552,7.06812,6.788,0.068982
150566026346838,144.818553,7.101166,6.75339,0.071565
150566036348056,144.828554,7.138431,6.71403,0.067637
150566046349210,144.838555,7.171684,6.678617,0.054658
150566056350210,144.848556,7.197223,6.651222,0.035128
150566066351373,144.858557,7.219152,6.627487,0.015597
150566076352375,144.868558,7.240815,6.603832,-2.05E-4
150566086353529,144.878560,7.265348,6.57683,-0.005067
150566096354515,144.888561,7.28987,6.549638,-0.005689
150566106355669,144.898562,7.305449,6.532248,-0.01084
150566116356667,144.908563,7.305232,6.532448,-0.027049
150566126357811,144.918564,7.294053,6.544785,-0.050027
150566136358828,144.928565,7.283789,6.556031,-0.069814
150566146359962,144.938566,7.28531,6.554232,-0.07926
150566156361187,144.948567,7.303486,6.534042,-0.073268
150566166362138,144.958568,7.33566,6.498077,-0.055465
150566176363140,144.968569,7.369124,6.460225,-0.039313
150566186364384,144.978570,7.39006,6.436275,-0.037591
150566196365541,144.988572,7.392237,6.43364,-0.05542
150566206366555,144.998573,7.376338,6.451508,-0.08734
150566216367707,145.008574,7.352543,6.478116,-0.11902
150566226368735,145.018575,7.334149,6.498525,-0.139423
150566236369634,145.028576,7.329293,6.503948,-0.141938
150566246370863,145.038577,7.338202,6.494157,-0.129457
150566256372008,145.048578,7.351873,6.478907,-0.117002
150566266373001,145.058579,7.357708,6.472307,-0.115563
150566276374230,145.068580,7.350348,6.480396,-0.129782
150566286375139,145.078581,7.333736,6.49867,-0.153536
150566296376298,145.088582,7.318001,6.515829,-0.175669
150566306377312,145.098583,7.313241,6.520861,-0.186634
150566316378481,145.108584,7.327456,6.505134,-0.177796
150566326379715,145.118586,7.356626,6.4726,-0.159631
150566336380695,145.128587,7.383343,6.442403,-0.147338
150566346381843,145.138588,7.391433,6.433029,-0.151182
150566356382843,145.148589,7.374057,6.452315,-0.175853
150566366383997,145.158590,7.338366,6.491806,-0.211779
150566376385002,145.168591,7.299232,6.534638,-0.244359
150566386386156,145.178592,7.272474,6.563706,-0.262487
150566396387156,145.188593,7.267076,6.56978,-0.259943
150566406388296,145.198594,7.28823,6.547256,-0.234855
150566416389310,145.208595,7.329538,6.502168,-0.199134
150566426390461,145.218596,7.378997,6.446977,-0.163989
150566436391471,145.228597,7.426854,6.392378,-0.138982
150566446392710,145.238599,7.466936,6.345682,-0.130961
150566456393655,145.248600,7.49423,6.313219,-0.140678
150566466394794,145.258601,7.508863,6.295377,-0.158654
150566476396023,145.268602,7.517003,6.28518,-0.176456
150566486397009,145.278603,7.523344,6.277232,-0.188857
150566496398162,145.288604,7.528552,6.270828,-0.193745
150566506399162,145.298605,7.530046,6.269162,-0.189636
150566516400321,145.308606,7.525184,6.275294,-0.179699
150566526401340,145.318607,7.514003,6.289009,-0.167564
150566536402479,145.328608,7.499789,6.306255,-0.155797
150566546403467,145.338609,7.485415,6.323464,-0.149658
150566556404624,145.348611,7.473878,6.337053,-0.151199
150566566405859,145.358612,7.469579,6.342001,-0.156138
150566576406859,145.368613,7.476197,6.334121,-0.159317
150566586407799,145.378614,7.495118,6.311809,-0.155569
150566596408953,145.388615,7.523724,6.277952,-0.144336
150566606409953,145.398616,7.555586,6.239908,-0.129039
150566616411107,145.408617,7.584139,6.205497,-0.112328
150566626412326,145.418618,7.606448,6.178407,-0.096297
150566636413321,145.428619,7.621038,6.160576,-0.084427
150566646414503,145.438621,7.627354,6.152807,-0.080177
150566656415503,145.448622,7.625151,6.155504,-0.082631
150566666416670,145.458623,7.617378,6.165085,-0.0853
150566676417675,145.468624,7.606455,6.178569,-0.084547
150566686418831,145.478625,7.593888,6.194076,-0.079218
150566696419831,145.488626,7.57923,6.212104,-0.070868
150566706420985,145.498627,7.560938,6.234436,-0.063313
150566716421990,145.508628,7.537204,6.263131,-0.061081
150566726423214,145.518629,7.510387,6.295229,-0.064635
150566736424139,145.528630,7.484645,6.325774,-0.068705
150566746425368,145.538631,7.465472,6.348403,-0.067232
150566756426293,145.548632,7.454849,6.360957,-0.058562
150566766427438,145.558633,7.451104,6.365446,-0.046275
150566776428662,145.568635,7.447304,6.369956,-0.03672
150566786429676,145.578636,7.436792,6.382227,-0.03628
150566796430844,145.588637,7.418427,6.403513,-0.044181
150566806431844,145.598638,7.398812,6.426111,-0.051144
150566816432983,145.608639,7.387339,6.439307,-0.049738
150566826433983,145.618640,7.389812,6.436561,-0.036606
150566836435125,145.628641,7.406959,6.416912,-0.015012
150566846436125,145.638642,7.431521,6.388467,0.004878
150566856437277,145.648643,7.451775,6.364815,0.014035
150566866438267,145.658644,7.460037,6.355139,0.008741
150566876439421,145.668645,7.456488,6.359303,-0.007039
150566886440652,145.678647,7.444765,6.372977,-0.024116
150566896441666,145.688648,7.434489,6.384936,-0.032051
150566906442835,145.698649,7.43346,6.386157,-0.025102
150566916443849,145.708650,7.444813,6.372969,-0.004579
150566926445003,145.718651,7.463443,6.351112,0.018327
150566936445984,145.728652,7.481197,6.33012,0.036422
150566946447147,145.738653,7.491149,6.318299,0.042296
150566956448133,145.748654,7.491198,6.318295,0.033494
150566966449272,145.758655,7.48119,6.330207,0.016291
150566976450272,145.768656,7.464465,6.349942,-0.002291
150566986451427,145.778657,7.449516,6.367453,-0.016085
150566996452432,145.788658,7.442509,6.375635,-0.019627
150567006453584,145.798660,7.444681,6.373117,-0.011873
150567016454581,145.808661,7.454075,6.362131,0.004763
150567026455735,145.818662,7.468375,6.345295,0.023914
150567036456730,145.828663,7.482735,6.328276,0.03995
150567046457884,145.838664,7.494132,6.314724,0.047434
150567056459128,145.848665,7.500412,6.307269,0.046539
150567066460113,145.858666,7.501034,6.306587,0.038147
150567076461250,145.868667,7.497545,6.310806,0.022573
150567086462234,145.878668,7.491441,6.318095,0.003385
150567096463390,145.888669,7.486731,6.323664,-0.013585
150567106464402,145.898670,7.486891,6.323426,-0.026296
150567116465553,145.908672,7.492323,6.316963,-0.032917
150567126466566,145.918673,7.504631,6.302339,-0.032448
150567136467721,145.928674,7.524209,6.278972,-0.027375
150567146468716,145.938675,7.548749,6.24948,-0.019965
150567156469870,145.948676,7.57429,6.218516,-0.013507
150567166470865,145.958677,7.595753,6.192283,-0.01276
150567176472094,145.968678,7.60822,6.176934,-0.021821
150567186473248,145.978679,7.60913,6.175724,-0.039575
150567196474248,145.988680,7.600706,6.185923,-0.060338
150567206475402,145.998681,7.588841,6.200299,-0.075801
150567216476392,146.008682,7.5795,6.211677,-0.078761
150567226477546,146.018684,7.575546,6.21664,-0.067204
150567236478546,146.028685,7.574845,6.217666,-0.048223
150567246479702,146.038686,7.572855,6.220197,-0.031486
150567256480707,146.048687,7.564541,6.230336,-0.024932
150567266481922,146.058688,7.549426,6.248634,-0.027451
150567276483070,146.068689,7.528809,6.273414,-0.035225
150567286484060,146.078690,7.507478,6.298902,-0.039907
150567296485200,146.088691,7.485404,6.325135,-0.036813
150567306486202,146.098692,7.462902,6.351723,-0.026745
150567316487359,146.108693,7.441376,6.376965,-0.014661
150567326488361,146.118694,7.420935,6.400754,-0.004037
150567336489515,146.128696,7.404263,6.420038,0.004085
150567346490515,146.138697,7.395174,6.430492,0.013087
150567356491749,146.148698,7.397922,6.427288,0.027308
150567366492888,146.158699,7.412643,6.410182,0.048471
150567376493888,146.168700,7.431566,6.388062,0.067476
150567386495052,146.178701,7.446161,6.370909,0.078697
150567396496054,146.188702,7.45144,6.364725,0.079417
150567406497208,146.198703,7.447491,6.369424,0.072834
150567416498445,146.208704,7.436331,6.382552,0.063133
150567426499441,146.218705,7.422098,6.399154,0.057306
150567436500609,146.228707,7.41147,6.411431,0.060821
150567446501628,146.238708,7.407604,6.415777,0.071999
150567456502784,146.248709,7.408202,6.414972,0.081645
150567466503793,146.258710,7.406131,6.417345,0.083027
150567476504931,146.268711,7.3983,6.42647,0.074824
150567486506148,146.278712,7.385373,6.441488,0.05902
150567496507148,146.288713,7.366736,6.462959,0.037442
150567506508302,146.298714,7.34247,6.490604,0.014176
150567516509302,146.308715,7.313603,6.523121,-0.009797
150567526510465,146.318716,7.284227,6.555821,-0.033961
150567536511705,146.328718,7.258237,6.584445,-0.055133
150567546512705,146.338719,7.238046,6.606476,-0.071632
150567556513859,146.348720,7.225575,6.619984,-0.083014
150567566514865,146.358721,7.223586,6.622085,-0.088431
150567576516024,146.368722,7.235139,6.609452,-0.088711
150567586517017,146.378723,7.260692,6.581469,-0.081247
150567596518159,146.388724,7.299457,6.538636,-0.064678
150567606519159,146.398725,7.349352,6.482675,-0.044513
150567616520393,146.408726,7.404779,6.419378,-0.028552
150567626521533,146.418728,7.456422,6.359346,-0.021552
150567636522530,146.428729,7.49159,6.317861,-0.025636
150567646523684,146.438730,7.505652,6.30108,-0.039766
150567656524926,146.448731,7.502024,6.305279,-0.05553
150567666525926,146.458732,7.487587,6.322317,-0.065944
150567676527094,146.468733,7.475211,6.336969,-0.064044
150567686528325,146.478734,7.474,6.338548,-0.045969
150567696529311,146.488735,7.481281,6.330092,-0.019968
150567706530470,146.498736,7.489026,6.320951,0.003038
150567716531470,146.508737,7.491188,6.318369,0.016542
150567726532624,146.518739,7.4881,6.322028,0.017403
150567736533855,146.528740,7.485371,6.325277,0.011207
150567746534850,146.538741,7.488662,6.321385,0.006655
150567756535999,146.548742,7.502335,6.30514,0.010854
150567766536999,146.558743,7.527747,6.274739,0.025687
150567776538244,146.568744,7.560157,6.235552,0.044054
150567786539393,146.578745,7.592153,6.196408,0.060999
150567796540393,146.588746,7.616823,6.165895,0.075702
150567806541552,146.598748,7.632784,6.14594,0.089626
150567816542783,146.608749,7.639468,6.137463,0.100347
150567826543789,146.618750,7.634003,6.144171,0.1058
150567836544943,146.628751,7.612972,6.170225,0.10472
150567846545929,146.638752,7.574548,6.217472,0.096165
150567856547078,146.648753,7.519724,6.283894,0.080068
150567866548302,146.658754,7.453362,6.362687,0.060116
150567876549307,146.668755,7.383537,6.443745,0.039396
150567886550537,146.678757,7.31915,6.516865,0.02261
150567896551691,146.688758,7.271683,6.569808,0.014457
150567906552686,146.698759,7.249252,6.594547,0.016811
150567916553917,146.708760,7.25684,6.586134,0.034289
150567926555071,146.718761,7.288129,6.551301,0.060405
150567936556071,146.728762,7.32963,6.504571,0.084292
150567946557227,146.738763,7.372195,6.456046,0.100954
150567956558456,146.748764,7.40863,6.414068,0.109474
150567966559456,146.758765,7.43226,6.386643,0.110858
150567976560610,146.768767,7.441776,6.375609,0.10773
150567986561840,146.778768,7.444524,6.37242,0.106526
150567996562854,146.788769,7.449321,6.366707,0.112303
150568006564017,146.798770,7.460952,6.352775,0.128257
150568016565017,146.808771,7.476178,6.334474,0.14562
150568026566248,146.818772,7.487955,6.320244,0.158214
150568036567395,146.828773,7.490275,6.317431,0.16076
150568046568400,146.838774,7.482969,6.326282,0.152735
150568056569549,146.848776,7.469045,6.343094,0.136128
150568066570791,146.858777,7.453303,6.361944,0.118093
150568076571798,146.868778,7.439292,6.378567,0.103651
150568086572951,146.878779,7.427464,6.392468,0.095785
150568096574182,146.888780,7.416114,6.405658,0.093496
150568106575197,146.898781,7.402357,6.421538,0.094386
150568116576430,146.908782,7.385649,6.440734,0.095924
150568126577582,146.918784,7.367014,6.462045,0.095065
150568136578811,146.928785,7.348766,6.482855,0.090945
150568146579811,146.938786,7.334442,6.499161,0.082673
150568156580960,146.948787,7.3264,6.508372,0.0707
150568166582190,146.958788,7.32456,6.510582,0.055963
150568176583178,146.968789,7.328837,6.505879,0.041075
150568186584327,146.978790,7.337788,6.495848,0.028615
150568196585327,146.988791,7.350219,6.481807,0.020858
150568206586556,146.998793,7.367209,6.462498,0.019326
150568216587709,147.008794,7.390578,6.435749,0.022818
150568226588711,147.018795,7.418063,6.404021,0.028998
150568236589912,147.028796,7.44642,6.370987,0.036473
150568246591068,147.038797,7.473771,6.338828,0.044769
150568256592282,147.048798,7.498211,6.309861,0.049885
150568266593498,147.058799,7.516192,6.288429,0.049916
150568276594498,147.068800,7.5258,6.27697,0.04462
150568286595673,147.078802,7.526215,6.276538,0.033967
150568296596673,147.088803,7.516342,6.288419,0.019792
150568306597902,147.098804,7.497505,6.310895,0.00642
150568316599058,147.108805,7.475943,6.336427,-0.003872
150568326600063,147.118806,7.456683,6.35907,-0.009442
150568336601287,147.128807,7.442114,6.376116,-0.010445
150568346602457,147.138808,7.432002,6.387905,-0.006295
150568356603463,147.148809,7.424006,6.397202,-0.001456
150568366604696,147.158811,7.416611,6.405767,0.002221
150568376605865,147.168812,7.409568,6.413915,0.004976
150568386607094,147.178813,7.403053,6.421429,0.00817
150568396608092,147.188814,7.398094,6.427129,0.013272
150568406609321,147.198815,7.39477,6.430932,0.022086
150568416610463,147.208816,7.392442,6.433558,0.033346
150568426611692,147.218818,7.39063,6.435572,0.044748
150568436612692,147.228819,7.389005,6.437347,0.056281
150568446613845,147.238820,7.387149,6.439329,0.071197
150568456615066,147.248821,7.387086,6.439195,0.088173
150568466616052,147.258822,7.389539,6.436118,0.105351
150568476617278,147.268823,7.393362,6.431463,0.120375
150568486618419,147.278824,7.395882,6.428384,0.129699
150568496619405,147.288825,7.392461,6.432252,0.132791
150568506620653,147.298827,7.380118,6.446437,0.131479
150568516621788,147.308828,7.35944,6.470104,0.128009
150568526623018,147.318829,7.332262,6.500922,0.126283
150568536624008,147.328830,7.302588,6.53418,0.129254
150568546625239,147.338831,7.272001,6.568086,0.134868
150568556626398,147.348832,7.240599,6.602561,0.140982
150568566627405,147.358833,7.208952,6.637065,0.142836
150568576628634,147.368835,7.177095,6.671598,0.138224
150568586629788,147.378836,7.145252,6.705872,0.128876
150568596631033,147.388837,7.115861,6.737254,0.117909
150568606632047,147.398838,7.090202,6.76448,0.103894
150568616633277,147.408839,7.068866,6.78701,0.087597
150568626634424,147.418840,7.05221,6.804522,0.069512
150568636635653,147.428842,7.039555,6.817779,0.050521
150568646636658,147.438843,7.029581,6.828174,0.03195
150568656637903,147.448844,7.024052,6.83392,0.014602
150568666639071,147.458845,7.02266,6.835368,-5.59E-4
150568676640073,147.468846,7.022834,6.835176,-0.014094
150568686641302,147.478847,7.023263,6.834707,-0.02383
150568696642455,147.488848,7.02488,6.833014,-0.030811
150568706643686,147.498850,7.027619,6.830168,-0.036527
150568716644691,147.508851,7.029028,6.828689,-0.042263
150568726645922,147.518852,7.026674,6.831053,-0.050429
150568736647071,147.528853,7.016757,6.841125,-0.06415
150568746648302,147.538854,6.999882,6.858196,-0.082707
150568756649312,147.548855,6.980139,6.878036,-0.101101
150568766650556,147.558857,6.960757,6.897403,-0.11693
150568776651696,147.568858,6.943244,6.914856,-0.127211
150568786652703,147.578859,6.92822,6.929766,-0.134446
150568796653932,147.588860,6.912451,6.945307,-0.143984
150568806655086,147.598861,6.89536,6.961973,-0.157952
150568816656302,147.608862,6.880026,6.976701,-0.175928
150568826657302,147.618863,6.869408,6.986675,-0.193847
150568836658533,147.628865,6.865641,6.990028,-0.206195
150568846659687,147.638866,6.868775,6.986735,-0.213284
150568856660674,147.648867,6.877232,6.97817,-0.220955
150568866661907,147.658868,6.886898,6.968189,-0.2344
150568876663123,147.668869,6.895293,6.959226,-0.253052
150568886664274,147.678870,6.900977,6.952882,-0.271992
150568896665508,147.688872,6.903834,6.949306,-0.290283
150568906666508,147.698873,6.904639,6.947872,-0.304918
150568916667662,147.708874,6.904716,6.947357,-0.314817
150568926668898,147.718875,6.906383,6.945317,-0.323152
150568936669894,147.728876,6.90782,6.943461,-0.332269
150568946671122,147.738877,6.90815,6.942731,-0.340498
150568956672278,147.748878,6.908884,6.94164,-0.347804
150568966673488,147.758879,6.911567,6.938662,-0.353829
150568976674734,147.768881,6.916332,6.933738,-0.357275
150568986675762,147.778882,6.921433,6.928492,-0.360251
150568996676904,147.788883,6.925689,6.923961,-0.36542
150569006678132,147.798884,6.928377,6.921037,-0.369896
150569016679363,147.808885,6.926178,6.923022,-0.373928
150569026680379,147.818886,6.918014,6.930883,-0.379366
150569036681538,147.828888,6.903651,6.944833,-0.385903
150569046682782,147.838889,6.884041,6.963785,-0.394599
150569056683793,147.848890,6.864027,6.98298,-0.40388
150569066685017,147.858891,6.847932,6.998307,-0.411823
150569076686158,147.868892,6.840202,7.005625,-0.415758
150569086687383,147.878893,6.841153,7.00465,-0.416497
150569096688383,147.888894,6.847125,6.998778,-0.417032
150569106689614,147.898896,6.853582,6.992313,-0.419458
150569116690835,147.908897,6.855775,6.989754,-0.426214
150569126691775,147.918898,6.851178,6.993559,-0.437621
150569136693006,147.928899,6.838836,7.004811,-0.450486
150569146694235,147.938900,6.821768,7.020747,-0.461072
150569156695362,147.948901,6.80505,7.036695,-0.465038
150569166696600,147.958903,6.793328,7.048219,-0.461813
150569176697602,147.968904,6.788534,7.053411,-0.452957
150569186698840,147.978905,6.790807,7.052007,-0.44055
150569196699980,147.988906,6.799968,7.044024,-0.426803
150569206701206,147.998907,6.815841,7.029394,-0.414553
150569216702206,148.008908,6.835254,7.011049,-0.405588
150569226703357,148.018909,6.85373,6.993183,-0.402238
150569236704586,148.028911,6.866147,6.980785,-0.405786
150569246705830,148.038912,6.869452,6.977074,-0.413561
150569256706832,148.048913,6.862313,6.983559,-0.42255
150569266708052,148.058914,6.847518,6.99774,-0.427919
150569276709206,148.068915,6.830771,7.014235,-0.425528
150569286710441,148.078916,6.817844,7.027328,-0.416734
150569296711443,148.088917,6.810786,7.03491,-0.404076
150569306712687,148.098919,6.810621,7.03589,-0.389467
150569316713841,148.108920,6.815646,7.031775,-0.375629
150569326715071,148.118921,6.825456,7.022802,-0.365279
150569336716076,148.128922,6.837025,7.011829,-0.359718
150569346717302,148.138923,6.846121,7.002989,-0.35893
150569356718456,148.148924,6.849366,6.999674,-0.361624
150569366719458,148.158925,6.849,6.999998,-0.362178
150569376720689,148.168927,6.848834,7.000272,-0.360141
150569386721918,148.178928,6.852155,6.99731,-0.354494
150569396723073,148.188929,6.857239,6.992721,-0.346586
150569406724297,148.198930,6.863884,6.986457,-0.341416
150569416725297,148.208931,6.873355,6.977233,-0.339434
150569426726453,148.218932,6.884189,6.966484,-0.340638
150569436727696,148.228934,6.895134,6.955463,-0.344409
150569446728922,148.238935,6.903952,6.946457,-0.349535
150569456729915,148.248936,6.911195,6.939111,-0.352295
150569466731129,148.258937,6.917905,6.932269,-0.355319
150569476732284,148.268938,6.926813,6.923322,-0.356094
150569486733508,148.278940,6.940363,6.910058,-0.349864
150569496734508,148.288941,6.962593,6.888344,-0.336227
150569506735739,148.298942,6.991431,6.85995,-0.317786
150569516736900,148.308943,7.019444,6.832076,-0.300199
150569526738129,148.318944,7.039576,6.811804,-0.289302
150569536739350,148.328945,7.048608,6.802591,-0.286119
150569546740351,148.338946,7.047262,6.803883,-0.288571
150569556741506,148.348948,7.036368,6.81493,-0.293721
150569566742719,148.358949,7.018466,6.833251,-0.296352
150569576743950,148.368950,6.995076,6.857311,-0.293646
150569586744950,148.378951,6.967452,6.885616,-0.287957
150569596746106,148.388952,6.937017,6.916541,-0.281521
150569606747335,148.398953,6.906445,6.947291,-0.275978
150569616748570,148.408955,6.879636,6.974031,-0.271077
150569626749574,148.418956,6.859229,6.994311,-0.265683
150569636750805,148.428957,6.848516,7.005078,-0.258224
150569646751969,148.438958,6.848263,7.005707,-0.247734
150569656753186,148.448959,6.858098,6.99658,-0.233058
150569666754190,148.458960,6.874105,6.981383,-0.216731
150569676755421,148.468961,6.893327,6.962895,-0.200362
150569686756575,148.478963,6.913718,6.943115,-0.183625
150569696757815,148.488964,6.933052,6.924158,-0.169791
150569706758815,148.498965,6.949408,6.908025,-0.157851
150569716759956,148.508966,6.961519,6.89611,-0.144593
150569726761187,148.518967,6.970429,6.887384,-0.130696
150569736762446,148.528968,6.976782,6.881182,-0.117508
150569746763465,148.538969,6.980487,6.877612,-0.106002
150569756764691,148.548971,6.978469,6.87976,-0.099391
150569766765847,148.558972,6.970601,6.887747,-0.098321
150569776767080,148.568973,6.960128,6.898294,-0.100886
150569786768080,148.578974,6.950588,6.907821,-0.106312
150569796769326,148.588975,6.944271,6.914102,-0.111004
150569806770470,148.598976,6.94238,6.915976,-0.112354
150569816771701,148.608978,6.943741,6.914634,-0.110785
150569826772717,148.618979,6.946455,6.911928,-0.109682
150569836773947,148.628980,6.949897,6.908457,-0.110363
150569846775120,148.638981,6.952568,6.905731,-0.11237
150569856776122,148.648982,6.954149,6.904123,-0.11337
150569866777571,148.658984,6.955098,6.903188,-0.11235
150569876778571,148.668985,6.953523,6.904783,-0.111971
150569886779742,148.678986,6.950311,6.908019,-0.111298
150569896780971,148.688987,6.947871,6.910499,-0.109922
150569906781955,148.698988,6.948304,6.910108,-0.10699
150569916783188,148.708989,6.95341,6.905049,-0.101883
150569926784311,148.718990,6.962061,6.896403,-0.096871
150569936785547,148.728992,6.971931,6.886455,-0.094169
150569946786558,148.738993,6.983525,6.874719,-0.092661
150569956787782,148.748994,6.997379,6.860678,-0.088583
150569966788995,148.758995,7.011138,6.84671,-0.08058
150569976790158,148.768996,7.023478,6.83419,-0.067684
150569986791394,148.778997,7.032392,6.825143,-0.053913
150569996792389,148.788998,7.034428,6.823123,-0.042787
150570006793534,148.799000,7.030079,6.827653,-0.033276
150570016794744,148.809001,7.022082,6.835911,-0.02637
150570026795975,148.819002,7.014032,6.844193,-0.019353
150570036796975,148.829003,7.011022,6.847295,-0.011094
150570046798206,148.839004,7.013724,6.844536,-0.00365
150570056799360,148.849005,7.016738,6.841441,0.002263
150570066800374,148.859006,7.016052,6.842144,0.006306
150570076801600,148.869008,7.009442,6.848918,0.007025
150570086802825,148.879009,6.995852,6.862798,0.006023
150570096803979,148.889010,6.97566,6.883325,0.004036
150570106805195,148.899011,6.951516,6.907706,0.002189
150570116806417,148.909012,6.926672,6.932622,0.005172
150570126807421,148.919013,6.90588,6.953314,0.014471
150570136808568,148.929015,6.892245,6.966791,0.028468
150570146809568,148.939016,6.888351,6.970563,0.043932
150570156810792,148.949017,6.893309,6.96557,0.056233
150570166812041,148.959018,6.903997,6.954916,0.062753
150570176813205,148.969019,6.917449,6.941513,0.065871
150570186814450,148.979020,6.930874,6.928095,0.067322
150570196815452,148.989021,6.942412,6.916546,0.065472
150570206816681,148.999023,6.949543,6.909425,0.060596
150570216817835,149.009024,6.950951,6.90808,0.052168
150570226819060,149.019025,6.948639,6.910457,0.044663
150570236820031,149.029026,6.947064,6.912057,0.042561
150570246821267,149.039027,6.950682,6.908385,0.047493
150570256822429,149.049028,6.960379,6.898547,0.056429
150570266823677,149.059030,6.974396,6.884313,0.063114
150570276824689,149.069031,6.987391,6.871125,0.063209
150570286825932,149.079032,6.995198,6.863233,0.056901
150570296827088,149.089033,6.99825,6.86018,0.049265
150570306828316,149.099034,6.99856,6.859889,0.045576
150570316829303,149.109035,6.998095,6.860353,0.047024
150570326830532,149.119037,6.997108,6.861304,0.054697
150570336831693,149.129038,6.994131,6.864258,0.064025
150570346832903,149.139039,6.991503,6.866854,0.072253
150570356833903,149.149040,6.990666,6.867627,0.079169
150570366835129,149.159041,6.997171,6.860894,0.088101
150570376836359,149.169042,7.016076,6.841396,0.099784
150570386837513,149.179044,7.041896,6.81464,0.111219
150570396838763,149.189045,7.065717,6.789829,0.117683
150570406839773,149.199046,7.07928,6.775736,0.114708
150570416840927,149.209047,7.079261,6.775936,0.103611
150570426842143,149.219048,7.064801,6.791218,0.089023
150570436843145,149.229049,7.042235,6.814766,0.076917
150570446844369,149.239050,7.021088,6.836583,0.073854
150570456845604,149.249052,7.007062,6.85084,0.08425
150570466846740,149.259053,7.001528,6.856178,0.106718
150570476847745,149.269054,7.000169,6.857126,0.131847
150570486848984,149.279055,6.992875,6.864243,0.147889
150570496850215,149.289056,6.975545,6.881855,0.147808
150570506851354,149.299057,6.949269,6.908698,0.13243
150570516852604,149.309059,6.919486,6.938922,0.109878
150570526853606,149.319060,6.895344,6.963182,0.091565
150570536854779,149.329061,6.883681,6.97478,0.085651
150570546856008,149.339062,6.88778,6.970641,0.093125
150570556857008,149.349063,6.905455,6.952889,0.109932
150570566858210,149.359064,6.930212,6.927884,0.128645
150570576859445,149.369065,6.957255,6.900435,0.1435
150570586860599,149.379067,6.983861,6.873373,0.149835
150570596861845,149.389068,7.009888,6.846894,0.146631
150570606862860,149.399069,7.036064,6.820159,0.138538
150570616864076,149.409070,7.064643,6.790744,0.128905
150570626865225,149.419071,7.098184,6.755767,0.124072
150570636866246,149.429072,7.136824,6.714932,0.124379
150570646867696,149.439074,7.178736,6.670029,0.128511
150570656868624,149.449075,7.218225,6.627218,0.131013
150570666869878,149.459076,7.249573,6.592929,0.130478
150570676871124,149.469077,7.270133,6.570363,0.124607
150570686872124,149.479078,7.279751,6.559891,0.114248
150570696873339,149.489079,7.280493,6.559285,0.101021
150570706874493,149.499080,7.277996,6.562184,0.092034
150570716875710,149.509082,7.278927,6.561226,0.086477
150570726876698,149.519083,7.286179,6.553179,0.085952
150570736877852,149.529084,7.300977,6.536687,0.086258
150570746879094,149.539085,7.324798,6.509998,0.085663
150570756880096,149.549086,7.354752,6.476151,0.083828
150570766881309,149.559087,7.388899,6.437216,0.080172
150570776882476,149.569088,7.425153,6.395457,0.07237
150570786883720,149.579090,7.460911,6.353844,0.05941
150570796884941,149.589091,7.493681,6.315294,0.043153
150570806885927,149.599092,7.521409,6.282339,0.025854
150570816887158,149.609093,7.542404,6.25716,0.005515
150570826888312,149.619094,7.557125,6.239358,-0.015784
150570836889304,149.629095,7.567469,6.226726,-0.036309
150570846890532,149.639097,7.575162,6.217246,-0.052606
150570856891674,149.649098,7.582828,6.207783,-0.064609
150570866892893,149.659099,7.593703,6.194386,-0.072312
150570876894124,149.669100,7.608563,6.176072,-0.076838
150570886895124,149.679101,7.628512,6.15138,-0.079884
150570896896290,149.689102,7.654449,6.119052,-0.081384
150570906897519,149.699104,7.68755,6.077405,-0.081703
150570916898523,149.709105,7.725502,6.029043,-0.08511
150570926899739,149.719106,7.764646,5.978401,-0.09473
150570936900970,149.729107,7.800868,5.930763,-0.111822
150570946902104,149.739108,7.83268,5.888209,-0.134425
150570956903349,149.749109,7.857054,5.855017,-0.159481
150570966904366,149.759110,7.871631,5.834662,-0.184678
150570976905505,149.769112,7.877557,5.825946,-0.206054
150570986906720,149.779113,7.876916,5.826181,-0.223171
150570996907722,149.789114,7.870729,5.833982,-0.237196
150571006908952,149.799115,7.861802,5.845639,-0.246083
150571016910104,149.809116,7.854547,5.855214,-0.250078
150571026911321,149.819117,7.852916,5.857432,-0.249515
150571036912552,149.829119,7.857051,5.852172,-0.242646
150571046913570,149.839120,7.866271,5.840228,-0.231436
150571056914724,149.849121,7.879347,5.823079,-0.218289
150571066915955,149.859122,7.893564,5.804244,-0.20587
150571076916972,149.869123,7.907959,5.785015,-0.194337
150571086918190,149.879124,7.922292,5.765681,-0.184935
150571096919360,149.889125,7.937149,5.745466,-0.176734
150571106920591,149.899127,7.953283,5.723297,-0.1707
150571116921596,149.909128,7.970695,5.699116,-0.167411
150571126922836,149.919129,7.986291,5.677323,-0.164751
150571136923975,149.929130,7.998538,5.660054,-0.164819
150571146925220,149.939131,8.008433,5.645865,-0.170869
150571156926235,149.949132,8.015913,5.634877,-0.182371
150571166927479,149.959133,8.021755,5.626065,-0.197051
150571176928650,149.969135,8.030234,5.613339,-0.213978
150571186929879,149.979136,8.042142,5.595459,-0.234083
150571196930879,149.989137,8.05705,5.572963,-0.256896
150571206932124,149.999138,8.076945,5.542766,-0.284087
150571216933292,150.009139,8.104089,5.501119,-0.318507
150571226934508,150.019141,8.139795,5.44555,-0.360197
150571236935522,150.029142,8.183834,5.375483,-0.411168
150571246936679,150.039143,8.232593,5.295187,-0.474682
150571256937888,150.049144,8.279899,5.213752,-0.54772
150571266938893,150.059145,8.317576,5.145081,-0.621338
150571276940124,150.069146,8.339225,5.102346,-0.680771
150571286941355,150.079147,8.339866,5.097297,-0.710077
150571296942504,150.089149,8.319583,5.131903,-0.698631
150571306943500,150.099150,8.287443,5.189555,-0.653302
150571316944733,150.109151,8.25717,5.245407,-0.587265
150571326945861,150.119152,8.239189,5.28112,-0.515274
150571336947090,150.129153,8.240296,5.284837,-0.456095
150571346948092,150.139154,8.25621,5.262652,-0.423592
150571356949307,150.149155,8.272188,5.237603,-0.422363
150571366950463,150.159156,8.274504,5.231622,-0.450295
150571376951692,150.169158,8.25555,5.256807,-0.501794
150571386952708,150.179159,8.21401,5.314918,-0.567179
150571396953857,150.189160,8.150263,5.403697,-0.642839
150571406955090,150.199161,8.070379,5.512376,-0.723001
150571416956073,150.209162,7.982996,5.627228,-0.803753
150571426957312,150.219163,7.8962,5.737088,-0.880796
150571436958481,150.229164,7.819661,5.830553,-0.947423
150571446959710,150.239166,7.75764,5.903474,-1.004029
150571456960946,150.249167,7.709276,5.957449,-1.05636
150571466961951,150.259168,7.675235,5.992782,-1.103338
150571476963091,150.269169,7.655265,6.010791,-1.14337
150571486964320,150.279170,7.650848,6.009375,-1.179804
150571496965315,150.289171,7.659084,5.991163,-1.218366
150571506966575,150.299173,7.67359,5.962892,-1.2649
150571516967806,150.309174,7.6891,5.930885,-1.319966
150571526968960,150.319175,7.701604,5.901983,-1.375462
150571536969962,150.329176,7.708147,5.881738,-1.424634
150571546971177,150.339177,7.707483,5.873179,-1.463048
150571556972330,150.349178,7.697354,5.8792,-1.491895
150571566973546,150.359180,7.674962,5.903008,-1.513104
150571576974561,150.369181,7.64038,5.943723,-1.528658
150571586975792,150.379182,7.597378,5.9959,-1.539164
150571596976950,150.389183,7.552046,6.051563,-1.544409
150571606977948,150.399184,7.511111,6.103486,-1.539711
150571616979169,150.409185,7.480949,6.144192,-1.524555
150571626980326,150.419186,7.464389,6.169974,-1.50143
150571636981546,150.429188,7.458238,6.183371,-1.476697
150571646982548,150.439189,7.458836,6.187723,-1.455295
150571656983772,150.449190,7.465278,6.184051,-1.43775
150571666985018,150.459191,7.476281,6.174527,-1.421421
150571676986158,150.469192,7.489976,6.161675,-1.404996
150571686987131,150.479193,7.503639,6.149268,-1.386315
150571696988346,150.489194,7.512718,6.142544,-1.366817
150571706989500,150.499196,7.513924,6.145092,-1.348613
150571716990730,150.509197,7.507321,6.156304,-1.334188
150571726991730,150.519198,7.495529,6.172844,-1.324024
150571736992989,150.529199,7.481335,6.191335,-1.317965
150571746994145,150.539200,7.470179,6.206097,-1.31178
150571756995150,150.549201,7.464678,6.214464,-1.303455
150571766996309,150.559202,7.465598,6.21577,-1.291913
150571776997612,150.569204,7.472029,6.210061,-1.282153
150571786998763,150.579205,7.483775,6.198417,-1.269948
150571796999749,150.589206,7.501601,6.180424,-1.252342
150571807000975,150.599207,7.527027,6.153536,-1.232009
150571817002131,150.609208,7.556178,6.121528,-1.212857
150571827003350,150.619209,7.582699,6.091993,-1.195939
150571837004355,150.629210,7.602457,6.069792,-1.183318
150571847005570,150.639212,7.613065,6.057322,-1.17902
150571857006736,150.649213,7.612978,6.056373,-1.184454
150571867007978,150.659214,7.607463,6.061551,-1.193356
150571877008978,150.669215,7.606156,6.062719,-1.195745
150571887010134,150.679216,7.615308,6.052503,-1.189254
150571897011349,150.689217,7.63343,6.032126,-1.176524
150571907012351,150.699218,7.653007,6.009618,-1.164455
150571917013565,150.709220,7.667381,5.99235,-1.158871
150571927014721,150.719221,7.674437,5.983011,-1.160441
150571937015941,150.729222,7.674456,5.982226,-1.16434
150571947017152,150.739223,7.671436,5.986074,-1.164465
150571957018152,150.749224,7.670692,5.988354,-1.157619
150571967019301,150.759225,7.675274,5.985417,-1.142362
150571977020303,150.769226,7.685448,5.977029,-1.117617
150571987021532,150.779228,7.701992,5.961747,-1.084832
150571997022700,150.789229,7.722466,5.9419,-1.047546
150572007023936,150.799230,7.744695,5.91922,-1.011204
150572017025162,150.809231,7.769274,5.892174,-0.980148
150572027026177,150.819232,7.79667,5.86012,-0.954436
150572037027330,150.829233,7.825562,5.824779,-0.934102
150572047028571,150.839235,7.854673,5.787577,-0.920895
150572057029581,150.849236,7.8802,5.753772,-0.914622
150572067030826,150.859237,7.899458,5.728259,-0.908604
150572077031990,150.869238,7.912694,5.711434,-0.89933
150572087032992,150.879239,7.915387,5.708896,-0.891695
150572097034223,150.889240,7.903396,5.726086,-0.887861
150572107035437,150.899241,7.875458,5.764415,-0.888056
150572117036576,150.909243,7.835041,5.818307,-0.894093
150572127037573,150.919244,7.79084,5.876082,-0.902475
150572137038741,150.929245,7.752297,5.926023,-0.907816
150572147039985,150.939246,7.723264,5.963729,-0.908386
150572157041216,150.949247,7.705598,5.987434,-0.902463
150572167042232,150.959248,7.696388,6.000563,-0.893788
150572177043372,150.969249,7.691219,6.00852,-0.884801
150572187044610,150.979251,7.685833,6.016164,-0.879642
150572197045617,150.989252,7.679193,6.025428,-0.874182
150572207046845,150.999253,7.675622,6.031154,-0.866033
150572217047986,151.009254,7.678767,6.028414,-0.857169
150572227049210,151.019255,7.690396,6.015564,-0.843097
150572237050200,151.029256,7.710353,5.992939,-0.821701
150572247051356,151.039257,7.73859,5.959899,-0.796136
150572257052585,151.049259,7.770723,5.921659,-0.767995
150572267053801,151.059260,7.802318,5.883698,-0.738851
150572277054811,151.069261,7.825804,5.855465,-0.714381
150572287055966,151.079262,7.83486,5.845444,-0.696982
150572297057209,151.089263,7.826884,5.857208,-0.687723
150572307058207,151.099264,7.79715,5.896352,-0.690979
150572317059436,151.109265,7.743109,5.96583,-0.702216
150572327060585,151.119267,7.66856,6.059077,-0.721603
150572337061572,151.129268,7.580401,6.165989,-0.747052
150572347062787,151.139269,7.484893,6.278016,-0.776442
150572357063943,151.149270,7.393092,6.382059,-0.807199
150572367065171,151.159271,7.323124,6.46,-0.824773
150572377066171,151.169272,7.294286,6.494017,-0.813093
150572387067402,151.179273,7.323827,6.466915,-0.761935
150572397068586,151.189275,7.413242,6.372995,-0.684709
150572407069590,151.199276,7.540882,6.230002,-0.601788
150572417070833,151.209277,7.677339,6.067241,-0.535747
150572427071987,151.219278,7.79355,5.919954,-0.504734
150572437073216,151.229279,7.870963,5.816366,-0.507708
150572447074223,151.239280,7.905091,5.76722,-0.537387
150572457075465,151.249281,7.902481,5.76734,-0.573235
150572467076626,151.259283,7.873632,5.803815,-0.601405
150572477077635,151.269284,7.833912,5.855948,-0.614556
150572487078879,151.279285,7.795093,5.908276,-0.607275
150572497080035,151.289286,7.76332,5.952386,-0.583017
150572507081264,151.299287,7.740297,5.985207,-0.552303
150572517082266,151.309288,7.722653,6.010536,-0.523559
150572527083509,151.319290,7.706815,6.032806,-0.50023
150572537084691,151.329291,7.692316,6.052412,-0.486382
150572547085693,151.339292,7.682038,6.065721,-0.483069
150572557086907,151.349293,7.674827,6.074493,-0.487345
150572567088129,151.359294,7.66942,6.080721,-0.494816
150572577089278,151.369295,7.661143,6.090687,-0.500422
150572587090509,151.379297,7.648154,6.10681,-0.502635
150572597091499,151.389297,7.633909,6.124706,-0.501426
150572607092639,151.399299,7.621613,6.14046,-0.49576
150572617093634,151.409300,7.613574,6.151356,-0.484047
150572627094864,151.419301,7.61747,6.147728,-0.468625
150572637096006,151.429302,7.633544,6.128957,-0.452639
150572647097230,151.439303,7.657818,6.099859,-0.435359
150572657098232,151.449304,7.68693,6.064294,-0.418822
150572667099446,151.459305,7.717561,6.026186,-0.405452
150572677100593,151.469307,7.744055,5.992631,-0.397507
150572687101822,151.479308,7.76035,5.971733,-0.394131
150572697102822,151.489309,7.761396,5.970118,-0.397985
150572707104052,151.499310,7.747703,5.987341,-0.406034
150572717105177,151.509311,7.727992,6.012608,-0.408303
150572727106172,151.519312,7.710935,6.035021,-0.39994
150572737107403,151.529313,7.701585,6.047962,-0.38445
150572747108567,151.539315,7.69646,6.055484,-0.368313
150572757109562,151.549316,7.692768,6.06074,-0.358818
150572767110783,151.559317,7.690327,6.063793,-0.359478
150572777111944,151.569318,7.688448,6.065675,-0.367869
150572787113177,151.579319,7.687908,6.065551,-0.381074
150572797114417,151.589320,7.690223,6.061776,-0.394065
150572807115427,151.599321,7.694535,6.055681,-0.403531
150572817116595,151.609323,7.69909,6.049413,-0.41071
150572827117597,151.619324,7.701454,6.045944,-0.417309
150572837118831,151.629325,7.698366,6.049309,-0.425477
150572847119982,151.639326,7.68774,6.062038,-0.43632
150572857121211,151.649327,7.6732,6.079842,-0.444434
150572867122211,151.659328,7.659784,6.096442,-0.448489
150572877123366,151.669329,7.65122,6.107099,-0.449628
150572887124590,151.679331,7.647129,6.11252,-0.445561
150572897125590,151.689332,7.646532,6.113542,-0.44171
150572907126761,151.699333,7.642725,6.118153,-0.443756
150572917127982,151.709334,7.632345,6.130396,-0.453425
150572927128977,151.719335,7.616976,6.148482,-0.466735
150572937130206,151.729336,7.604077,6.163746,-0.47569
150572947131437,151.739337,7.601124,6.16753,-0.473763
150572957132590,151.749339,7.609061,6.158743,-0.460528
150572967133592,151.759340,7.627013,6.13799,-0.440175
150572977134835,151.769341,7.651649,6.108616,-0.420804
150572987135985,151.779342,7.679925,6.074207,-0.403443
150572997136967,151.789343,7.714975,6.030941,-0.383214
150573007138184,151.799344,7.757837,5.977122,-0.360543
150573017139347,151.809345,7.802277,5.920298,-0.33851
150573027140586,151.819347,7.839004,5.872698,-0.318465
150573037141588,151.829348,7.857298,5.848804,-0.307136
150573047142727,151.839349,7.851765,5.856418,-0.30364
150573057143941,151.849350,7.825287,5.891656,-0.305393
150573067145182,151.859351,7.791593,5.936325,-0.301964
150573077146182,151.869352,7.762366,5.97538,-0.283754
150573087147427,151.879353,7.747684,5.9961,-0.245277
150573097148595,151.889355,7.753063,5.991134,-0.190487
150573107149605,151.899356,7.776856,5.961828,-0.131048
150573117150769,151.909357,7.809035,5.920479,-0.083112
150573127151999,151.919358,7.840337,5.879331,-0.051298
150573137152999,151.929359,7.865912,5.845202,-0.032482
150573147154215,151.939360,7.884318,5.820399,-0.022756
150573157155357,151.949361,7.89207,5.80989,-0.019811
150573167156595,151.959363,7.887148,5.816571,-0.01942
150573177157610,151.969364,7.871855,5.837247,-0.020444
150573187158775,151.979365,7.850206,5.866334,-0.020049
150573197160009,151.989366,7.826224,5.898304,-0.016465
150573207161006,151.999367,7.807181,5.92351,-0.003974
150573217162257,152.009368,7.796708,5.93726,0.018704
150573227163426,152.019369,7.796118,5.937887,0.045486
150573237164428,152.029370,7.803007,5.928635,0.066002
150573247165562,152.039372,7.811163,5.917786,0.074527
150573257166791,152.049373,7.812602,5.915934,0.07035
150573267168009,152.059374,7.806412,5.924249,0.056471
150573277169004,152.069375,7.794965,5.93942,0.042118
150573287170165,152.079376,7.784987,5.952522,0.03757
150573297171399,152.089377,7.781507,5.956981,0.050288
150573307172412,152.099378,7.782669,5.955189,0.076033
150573317173667,152.109380,7.783856,5.953271,0.100661
150573327174809,152.119381,7.778969,5.959412,0.114134
150573337175809,152.129382,7.765695,5.976784,0.109742
150573347177045,152.139383,7.74752,6.00061,0.092864
150573357178269,152.149384,7.728317,6.025601,0.072622
150573367179428,152.159385,7.712157,6.046415,0.059267
150573377180418,152.169386,7.704661,6.055945,0.060842
150573387181579,152.179388,7.706232,6.053761,0.077001
150573397182797,152.189389,7.710989,6.047358,0.100589
150573407183797,152.199390,7.71419,6.042904,0.120643
150573417185047,152.209391,7.714531,6.042222,0.132542
150573427186201,152.219392,7.713496,6.043393,0.13919
150573437187432,152.229393,7.712465,6.044655,0.141466
150573447188432,152.239394,7.710965,6.046565,0.141597
150573457189579,152.249396,7.704802,6.054437,0.140667
150573467190787,152.259397,7.692338,6.07032,0.138291
150573477191790,152.269398,7.673922,6.093646,0.135604
150573487192933,152.279399,7.650722,6.122797,0.133711
150573497194138,152.289400,7.628158,6.150811,0.136934
150573507195384,152.299401,7.610765,6.172082,0.147306
150573517196369,152.309402,7.600458,6.184349,0.163919
150573527197523,152.319404,7.59402,6.191862,0.178039
150573537198525,152.329405,7.587726,6.199393,0.184335
150573547199665,152.339406,7.57727,6.212374,0.17707
150573557200891,152.349407,7.563743,6.229295,0.160254
150573567202119,152.359408,7.550628,6.245621,0.142321
150573577203121,152.369409,7.542132,6.256091,0.132554
150573587204275,152.379410,7.544359,6.253245,0.139804
150573597205504,152.389412,7.561034,6.232386,0.167823
150573607206499,152.399412,7.590934,6.194732,0.207427
150573617207730,152.409414,7.627551,6.148106,0.247526
150573627208889,152.419415,7.664284,6.100999,0.276743
150573637209905,152.429416,7.697105,6.058961,0.289029
150573647211153,152.439417,7.724845,6.023599,0.288185
150573657212313,152.449418,7.74695,5.995591,0.27855
150573667213537,152.459420,7.76361,5.97452,0.267283
150573677214556,152.469421,7.77384,5.961542,0.259659
150573687215712,152.479422,7.775069,5.960081,0.256397
150573697216943,152.489423,7.768326,5.9688,0.257885
150573707217939,152.499424,7.757942,5.981997,0.264703
150573717219168,152.509425,7.749161,5.992943,0.274215
150573727220340,152.519426,7.746269,5.996123,0.286153
150573737221340,152.529427,7.751331,5.989142,0.295022
150573747222480,152.539428,7.762406,5.974668,0.297307
150573757223714,152.549430,7.776406,5.956675,0.292455
150573767224945,152.559431,7.792338,5.936287,0.282671
150573777225950,152.569432,7.807703,5.916562,0.272085
150573787227106,152.579433,7.820271,5.900311,0.26398
150573797228335,152.589434,7.831584,5.885334,0.262909
150573807229330,152.599435,7.84332,5.869328,0.270707
150573817230566,152.609437,7.856753,5.850684,0.284469
150573827231709,152.619438,7.869677,5.832608,0.29816
150573837232707,152.629439,7.876508,5.822976,0.305924
150573847233866,152.639440,7.87147,5.829972,0.302321
150573857235090,152.649441,7.85278,5.85587,0.287401
150573867236102,152.659442,7.825745,5.892765,0.270352
150573877237331,152.669443,7.797194,5.931012,0.25869
150573887238485,152.679444,7.772231,5.963729,0.257593
150573897239487,152.689445,7.750198,5.991933,0.266765
150573907240711,152.699447,7.729277,6.018392,0.27804
150573917241861,152.709448,7.707281,6.046061,0.28805
150573927243105,152.719449,7.683789,6.075602,0.293991
150573937244336,152.729450,7.663151,6.101479,0.296848
150573947245331,152.739451,7.652224,6.114886,0.302818
150573957246256,152.749452,7.653015,6.113272,0.314955
150573967247485,152.759453,7.662093,6.101045,0.331012
150573977248646,152.769455,7.671853,6.087882,0.346933
150573987249875,152.779456,7.676099,6.08204,0.355359
150573997250884,152.789457,7.670331,6.089398,0.353894
150574007252119,152.799458,7.654548,6.109714,0.345412
150574017253273,152.809459,7.630351,6.140569,0.333422
150574027254261,152.819460,7.604688,6.172617,0.327875
150574037255484,152.829461,7.584456,6.197126,0.334168
150574047256624,152.839463,7.57374,6.208987,0.356327
150574057257831,152.849464,7.572374,6.208818,0.386939
150574067258831,152.859465,7.573363,6.206003,0.411994
150574077259971,152.869466,7.571597,6.207362,0.42376
150574087261196,152.879467,7.567478,6.212617,0.420351
150574097262197,152.889468,7.56349,6.21822,0.409053
150574107263342,152.899469,7.563881,6.218259,0.401176
150574117264566,152.909471,7.570874,6.209532,0.404516
150574127265561,152.919472,7.582358,6.194743,0.415957
150574137266797,152.929473,7.594803,6.178594,0.428918
150574147267946,152.939474,7.6074,6.162441,0.43795
150574157268942,152.949475,7.62026,6.146219,0.442223
150574167270173,152.959476,7.634534,6.128345,0.44415
150574177271307,152.969477,7.650433,6.108494,0.444007
150574187272552,152.979479,7.664624,6.091048,0.438978
150574197273475,152.989479,7.673681,6.080336,0.429102
150574207274720,152.999481,7.673126,6.082179,0.412606
150574217275945,153.009482,7.663947,6.094937,0.394509
150574227276965,153.019483,7.650366,6.112915,0.379685
150574237278119,153.029484,7.640407,6.125512,0.377188
150574247279125,153.039485,7.637858,6.127981,0.388552
150574257280369,153.049486,7.642417,6.12112,0.406695
150574267281600,153.059488,7.650042,6.110799,0.418291
150574277282753,153.069489,7.652592,6.107566,0.418862
150574287283769,153.079490,7.644287,6.118984,0.403627
150574297285003,153.089491,7.624551,6.145342,0.375449
150574307286162,153.099492,7.595865,6.182584,0.344226
150574317287152,153.109493,7.562278,6.224962,0.319009
150574327288298,153.119494,7.528136,6.267033,0.302373
150574337289527,153.129496,7.495285,6.306563,0.296588
150574347290527,153.139497,7.46245,6.3454,0.296215
150574357291758,153.149498,7.428946,6.384559,0.296918
150574367292918,153.159499,7.395531,6.423415,0.293011
150574377293899,153.169500,7.367938,6.455363,0.286032
150574387295128,153.179501,7.353014,6.472582,0.280716
150574397296287,153.189502,7.3595,6.4649,0.287878
150574407297294,153.199503,7.391251,6.427495,0.310922
150574417298542,153.209505,7.44201,6.36719,0.339762
150574427299773,153.219506,7.497437,6.300409,0.365111
150574437300927,153.229507,7.543976,6.243696,0.380412
150574447301836,153.239508,7.571485,6.210439,0.378262
150574457303067,153.249509,7.57657,6.205165,0.362681
150574467304054,153.259510,7.557,6.230207,0.341012
150574477305268,153.269511,7.520645,6.275036,0.322233
150574487306424,153.279512,7.479954,6.324015,0.311672
150574497307643,153.289514,7.443604,6.366905,0.308696
150574507308653,153.299515,7.415101,6.399844,0.313423
150574517309884,153.309516,7.396251,6.421171,0.322459
150574527310804,153.319517,7.389008,6.428946,0.333407
150574537312033,153.329518,7.393213,6.423644,0.342387
150574547313264,153.339519,7.408345,6.405781,0.349813
150574557314436,153.349520,7.433343,6.376358,0.357102
150574567315422,153.359521,7.464606,6.339497,0.361142
150574577316572,153.369523,7.496197,6.302116,0.36099
150574587317553,153.379524,7.521714,6.271662,0.360595
150574597318778,153.389525,7.537886,6.252273,0.359655
150574607320004,153.399526,7.544952,6.243731,0.35984
150574617321158,153.409527,7.54591,6.242208,0.366162
150574627322160,153.419528,7.544004,6.243574,0.38174
150574637323394,153.429529,7.542683,6.24382,0.40321
150574647324560,153.439531,7.539081,6.246879,0.422789
150574657325577,153.449532,7.52764,6.260125,0.430679
150574667326806,153.459533,7.501921,6.29127,0.425555
150574677327989,153.469534,7.456839,6.345659,0.410025
150574687328991,153.479535,7.391926,6.422474,0.38883
150574697330219,153.489536,7.312655,6.513804,0.368004
150574707331373,153.499537,7.226092,6.610666,0.350372
150574717332380,153.509538,7.137641,6.706788,0.336287
150574727333604,153.519540,7.054449,6.794703,0.326696
150574737334739,153.529541,6.981879,6.869442,0.322726
150574747335754,153.539542,6.92508,6.926738,0.321901
150574757336974,153.549543,6.888134,6.963441,0.322648
150574767338140,153.559544,6.872432,6.978678,0.328098
150574777339135,153.569545,6.885255,6.964917,0.350953
150574787340366,153.579546,6.939384,6.908211,0.401886
150574797341525,153.589548,7.039725,6.801739,0.46752
150574807342525,153.599549,7.167562,6.66203,0.532339
150574817343739,153.609550,7.294867,6.518389,0.579231
150574827344893,153.619551,7.394301,6.403974,0.59446
150574837345881,153.629552,7.451721,6.338536,0.578624
150574847347109,153.639553,7.467323,6.323266,0.543561
150574857348236,153.649554,7.450279,6.346726,0.502441
150574867349465,153.659555,7.413868,6.391968,0.466126
150574877350465,153.669556,7.368814,6.445734,0.439409
150574887351614,153.679558,7.321483,6.500236,0.427631
150574897352845,153.689559,7.274095,6.553052,0.430191
150574907353850,153.699560,7.228313,6.603281,0.433789
150574917354996,153.709561,7.190062,6.644873,0.434306
150574927356224,153.719562,7.169999,6.666488,0.4348
150574937357239,153.729563,7.180779,6.654469,0.440887
150574947358379,153.739564,7.229096,6.601017,0.454681
150574957359610,153.749566,7.307011,6.51365,0.469004
150574967360615,153.759567,7.391985,6.416666,0.474288
150574977361764,153.769568,7.459765,6.338804,0.459917
150574987363009,153.779569,7.491917,6.30377,0.416676
150574997364028,153.789570,7.484383,6.316331,0.357711
150575007365184,153.799571,7.456219,6.352395,0.30301
150575017366422,153.809572,7.430566,6.384003,0.266771
150575027367428,153.819573,7.425862,6.389206,0.273143
150575037368658,153.829575,7.44404,6.365943,0.317851
150575047369597,153.839576,7.46681,6.336373,0.370268
150575057370831,153.849577,7.472904,6.326832,0.408592
150575067371985,153.859578,7.451172,6.351745,0.418775
150575077372987,153.869579,7.402677,6.409455,0.399038
150575087374225,153.879580,7.347262,6.474677,0.369196
150575097375394,153.889581,7.30858,6.519006,0.356669
150575107376396,153.899582,7.30838,6.517576,0.385672
150575117377625,153.909584,7.352558,6.463403,0.451998
150575127378778,153.919585,7.417736,6.382645,0.528272
150575137380022,153.929586,7.473475,6.311645,0.591905
150575147381036,153.939587,7.495862,6.282367,0.619574
150575157382197,153.949588,7.47478,6.308524,0.608413
150575167383202,153.959589,7.41295,6.384604,0.57004
150575177384426,153.969590,7.327365,6.486721,0.521743
150575187385594,153.979592,7.239098,6.588626,0.474818
150575197386825,153.989593,7.167186,6.669065,0.441626
150575207387830,153.999594,7.119793,6.720615,0.426506
150575217388976,154.009595,7.09485,6.746519,0.433043
150575227389972,154.019596,7.086748,6.753031,0.46316
150575237391181,154.029597,7.087774,6.74831,0.513603
150575247392325,154.039598,7.094524,6.736234,0.575229
150575257393327,154.049599,7.106332,6.718431,0.634597
150575267394481,154.059600,7.119754,6.699883,0.67869
150575277395687,154.069602,7.129393,6.687938,0.69516
150575287396687,154.079603,7.130137,6.689013,0.676938
150575297397927,154.089604,7.121857,6.702122,0.632981
150575307398852,154.099605,7.109689,6.71941,0.584646
150575317400083,154.109606,7.097328,6.735721,0.545888
150575327401241,154.119607,7.088475,6.746662,0.525438
150575337402236,154.129608,7.086559,6.748443,0.528391
150575347403453,154.139609,7.093964,6.738661,0.553228
150575357404602,154.149611,7.111411,6.717292,0.588083
150575367405831,154.159612,7.136125,6.688285,0.618528
150575377406802,154.169613,7.158077,6.663468,0.632532
150575387407958,154.179614,7.16907,6.652164,0.62702
150575397409178,154.189615,7.162951,6.660863,0.604238
150575407410184,154.199616,7.142851,6.684405,0.581751
150575417411343,154.209617,7.118807,6.711126,0.568637
150575427412358,154.219618,7.098555,6.732428,0.569983
150575437413600,154.229620,7.086343,6.743671,0.588758
150575447414754,154.239621,7.089418,6.737591,0.620499
150575457415985,154.249622,7.112602,6.709707,0.656284
150575467416995,154.259623,7.156163,6.659658,0.691622
150575477418165,154.269624,7.214795,6.592838,0.721939
150575487419370,154.279625,7.279961,6.518535,0.742205
150575497420354,154.289626,7.340785,6.449212,0.748669
150575507421506,154.299628,7.389662,6.394138,0.74021
150575517422719,154.309629,7.426168,6.35394,0.720745
150575527423657,154.319630,7.453311,6.32452,0.698988
150575537424880,154.329631,7.475975,6.29925,0.68503
150575547426123,154.339632,7.499556,6.271129,0.685254
150575557427143,154.349633,7.527202,6.236339,0.699473
150575567428321,154.359634,7.55904,6.194821,0.724614
150575577429332,154.369635,7.59165,6.152081,0.747506
150575587430486,154.379636,7.618294,6.118073,0.755506
150575597431710,154.389638,7.631974,6.102564,0.742751
150575607432712,154.399639,7.629236,6.109887,0.709941
150575617433866,154.409640,7.613425,6.134318,0.66773
150575627435094,154.419641,7.587908,6.170299,0.625342
150575637436096,154.429642,7.558602,6.209873,0.587366
150575647437236,154.439643,7.53164,6.245303,0.557316
150575657438474,154.449644,7.51199,6.270607,0.537991
150575667439474,154.459645,7.50215,6.28297,0.531072
150575677440616,154.469647,7.505378,6.278363,0.539875
150575687441635,154.479648,7.525984,6.251056,0.569078
150575697442869,154.489649,7.564047,6.200626,0.614318
150575707444030,154.499650,7.616718,6.130148,0.668449
150575717445243,154.509651,7.674729,6.0508,0.725516
150575727446229,154.519652,7.724247,5.981159,0.775691
150575737447373,154.529653,7.753824,5.93906,0.803587
150575747448580,154.539655,7.754762,5.936895,0.810503
150575757449580,154.549656,7.728131,5.972349,0.804371
150575767450739,154.559657,7.689576,6.022918,0.796771
150575777451731,154.569658,7.654092,6.067741,0.79837
150575787452946,154.579659,7.632206,6.092727,0.817382
150575797453875,154.589660,7.625896,6.096116,0.850354
150575807455104,154.599661,7.627766,6.088892,0.884642
150575817456265,154.609662,7.629925,6.082706,0.908268
150575827457493,154.619663,7.62601,6.086875,0.913192
150575837458508,154.629665,7.611562,6.107656,0.894791
150575847459665,154.639666,7.58391,6.147336,0.857101
150575857460874,154.649667,7.541938,6.205395,0.807612
150575867461855,154.659668,7.488811,6.275867,0.755764
150575877463001,154.669669,7.43129,6.349456,0.707383
150575887464226,154.679670,7.379878,6.4131,0.670508
150575897465240,154.689671,7.343982,6.456372,0.648952
150575907466389,154.699672,7.329674,6.472931,0.64578
150575917467629,154.709674,7.338148,6.462024,0.65866
150575927468552,154.719675,7.365794,6.428121,0.681433
150575937469783,154.729676,7.408627,6.375914,0.707087
150575947470792,154.739677,7.460952,6.312503,0.725587
150575957472038,154.749678,7.514093,6.248554,0.730763
150575967473192,154.759679,7.559924,6.194698,0.716412
150575977474189,154.769680,7.592945,6.1577,0.685491
150575987475418,154.779681,7.615633,6.132827,0.656168
150575997476567,154.789683,7.635611,6.109797,0.638661
150576007477567,154.799684,7.657125,6.083085,0.636016
150576017478737,154.809685,7.675462,6.058983,0.644954
150576027479980,154.819686,7.682908,6.048381,0.655773
150576037480996,154.829687,7.678468,6.053752,0.658217
150576047482163,154.839688,7.665856,6.071016,0.646075
150576057483394,154.849689,7.650538,6.092757,0.622547
150576067484393,154.859690,7.642088,6.105918,0.596822
150576077485538,154.869692,7.648342,6.099503,0.582215
150576087486528,154.879693,7.67168,6.069666,0.586918
150576097487759,154.889694,7.703891,6.027556,0.598845
150576107488913,154.899695,7.72916,5.994847,0.601604
150576117489915,154.909696,7.73577,5.987659,0.588059
150576127491074,154.919697,7.720759,6.009691,0.559951
150576137492088,154.929698,7.694497,6.045961,0.530125
150576147493320,154.939699,7.667549,6.08182,0.509995
150576157494462,154.949700,7.646464,6.108639,0.506144
150576167495453,154.959701,7.632314,6.125149,0.519904
150576177496676,154.969703,7.62049,6.13841,0.536682
150576187497816,154.979704,7.600975,6.16163,0.54725
150576197499037,154.989705,7.565208,6.205553,0.54657
150576207500042,154.999706,7.512825,6.269747,0.536407
150576217501196,155.009707,7.449512,6.346047,0.521958
150576227502205,155.019708,7.384421,6.422698,0.509179
150576237503440,155.029709,7.326485,6.489568,0.498105
150576247504604,155.039711,7.280534,6.541891,0.487286
150576257505604,155.049712,7.251758,6.573941,0.485038
150576267506774,155.059713,7.243034,6.582378,0.500807
150576277507769,155.069714,7.253399,6.568228,0.53534
150576287508994,155.079715,7.274804,6.540796,0.579012
150576297510138,155.089716,7.299016,6.509904,0.620919
150576307511354,155.099717,7.318262,6.485329,0.650763
150576317512340,155.109718,7.326554,6.475025,0.660062
150576327513504,155.119720,7.318897,6.484927,0.647644
150576337514510,155.129721,7.297339,6.511253,0.626451
150576347515744,155.139722,7.271159,6.542166,0.608537
150576357516912,155.149723,7.248307,6.568218,0.600471
150576367517912,155.159724,7.23124,6.586646,0.604373
150576377519062,155.169725,7.219617,6.598325,0.615861
150576387520292,155.179726,7.214675,6.602279,0.631201
150576397521290,155.189727,7.216293,6.598954,0.647242
150576407522420,155.199728,7.223438,6.5898,0.660665
150576417523434,155.209729,7.233893,6.57766,0.667214
150576427524588,155.219731,7.244829,6.565855,0.664814
150576437525821,155.229732,7.254732,6.556063,0.65336
150576447526827,155.239733,7.26341,6.547967,0.637954
150576457528047,155.249734,7.270786,6.541353,0.621591
150576467529201,155.259735,7.275619,6.537326,0.607242
150576477530196,155.269736,7.274904,6.539346,0.593912
150576487531362,155.279737,7.267612,6.548866,0.578075
150576497532591,155.289739,7.254977,6.564628,0.557657
150576507533600,155.299740,7.241578,6.581362,0.534072
150576517534764,155.309741,7.233201,6.592477,0.509899
150576527535766,155.319742,7.236361,6.590441,0.491074
150576537536995,155.329743,7.255355,6.570018,0.484383
150576547538143,155.339744,7.289578,6.531629,0.489744
150576557539145,155.349745,7.330842,6.484754,0.496706
150576567540285,155.359746,7.368884,6.441387,0.498112
150576577541528,155.369748,7.396176,6.410525,0.491679
150576587542509,155.379749,7.412608,6.392418,0.479816
150576597543665,155.389750,7.419229,6.385779,0.465706
150576607544665,155.399751,7.417699,6.38846,0.453124
150576617545894,155.409752,7.409505,6.398474,0.445813
150576627547048,155.419753,7.397658,6.412402,0.44242
150576637548278,155.429754,7.382204,6.430469,0.438307
150576647549283,155.439755,7.361713,6.454325,0.432275
150576657550436,155.449756,7.335615,6.484581,0.42306
150576667551453,155.459757,7.304727,6.520339,0.407666
150576677552607,155.469759,7.269121,6.561247,0.387198
150576687553602,155.479760,7.229167,6.60656,0.364011
150576697554756,155.489761,7.189784,6.650589,0.34167
150576707555987,155.499762,7.159021,6.684517,0.325011
150576717556987,155.509763,7.143459,6.701462,0.318438
150576727558216,155.519764,7.145996,6.698354,0.326826
150576737559370,155.529765,7.165539,6.676117,0.352791
150576747560386,155.539766,7.198622,6.638235,0.391969
150576757561605,155.549768,7.241289,6.58871,0.438882
150576767562759,155.559769,7.287153,6.534406,0.488781
150576777563759,155.569770,7.327273,6.486019,0.531647
150576787564900,155.579771,7.354871,6.452614,0.556476
150576797565898,155.589772,7.362453,6.443669,0.55984
150576807567143,155.599773,7.346878,6.462744,0.544344
150576817568293,155.609774,7.31164,6.504617,0.519545
150576827569312,155.619775,7.265822,6.557522,0.496747
150576837570458,155.629776,7.219161,6.610009,0.481165
150576847571673,155.639778,7.177931,6.655204,0.474982
150576857572670,155.649779,7.143714,6.691726,0.477681
150576867573824,155.659780,7.115412,6.720963,0.489474
150576877575052,155.669781,7.090461,6.746255,0.503411
150576887576059,155.679782,7.064901,6.772044,0.516363
150576897577211,155.689783,7.036578,6.80063,0.527211
150576907578222,155.699784,7.006169,6.831272,0.536053
150576917579446,155.709785,6.975394,6.862331,0.540636
150576927580600,155.719787,6.945203,6.892574,0.544596
150576937581615,155.729788,6.915907,6.921559,0.549747
150576947582771,155.739789,6.887196,6.949911,0.552551
150576957583776,155.749790,6.857949,6.978701,0.553415
150576967585009,155.759791,6.825942,7.010202,0.551016
150576977586162,155.769792,6.791524,7.043865,0.546972
150576987587173,155.779793,6.757851,7.076466,0.543258
150576997588402,155.789794,6.729149,7.104027,0.539766
150577007589561,155.799796,6.709757,7.122492,0.537813
150577017590592,155.809797,6.700347,7.131237,0.539265
150577027591744,155.819798,6.698779,7.132327,0.544326
150577037592746,155.829799,6.702291,7.128585,0.55008
150577047593904,155.839800,6.70638,7.124486,0.553347
150577057595133,155.849801,6.706269,7.124614,0.553021
150577067596130,155.859802,6.700941,7.129923,0.549195
150577077597359,155.869803,6.693821,7.136925,0.545026
150577087598517,155.879805,6.689097,7.141564,0.542283
150577097599495,155.889805,6.689842,7.14094,0.541267
150577107600719,155.899807,6.697599,7.133844,0.53894
150577117601630,155.909808,6.709763,7.122834,0.533197
150577127602868,155.919809,6.720439,7.113549,0.522623
150577137604032,155.929810,6.726345,7.108996,0.508368
150577147605034,155.939811,6.726316,7.110133,0.492616
150577157606258,155.949812,6.721459,7.115693,0.47841
150577167607384,155.959813,6.713666,7.123707,0.468492
150577177608380,155.969814,6.706926,7.13045,0.462401
150577187609611,155.979816,6.703301,7.13406,0.459292
150577197610521,155.989817,6.703814,7.133538,0.459858
150577207611759,155.999818,6.710245,7.127306,0.462715
150577217612910,156.009819,6.723336,7.114748,0.465949
150577227613905,156.019820,6.742217,7.096747,0.467618
150577237615139,156.029821,6.7624,7.077658,0.465492
150577247616305,156.039822,6.780685,7.060467,0.460555
150577257617303,156.049823,6.795168,7.046995,0.453416
150577267618459,156.059824,6.806812,7.036149,0.447152
150577277619687,156.069826,6.819013,7.024553,0.443542
150577287620702,156.079827,6.834172,7.009921,0.441674
150577297621856,156.089828,6.852292,6.992272,0.440701
150577307622843,156.099829,6.871563,6.973381,0.439976
150577317624071,156.109830,6.890447,6.954824,0.438379
150577327625221,156.119831,6.905561,6.940079,0.434172
150577337626230,156.129832,6.913684,6.932395,0.427671
150577347627461,156.139833,6.91369,6.932972,0.418059
150577357628386,156.149834,6.907216,6.940228,0.404444
150577367629601,156.159836,6.893996,6.954286,0.388235
150577377630822,156.169837,6.87639,6.972584,0.37189
150577387631752,156.179838,6.859489,6.989866,0.359376
150577397632995,156.189839,6.848878,7.000549,0.353798
150577407634148,156.199840,6.847716,7.001576,0.35597
150577417635156,156.209841,6.856532,6.992643,0.361788
150577427636307,156.219842,6.872931,6.976353,0.365161
150577437637552,156.229844,6.890007,6.959804,0.359082
150577447638552,156.239845,6.900089,6.950716,0.341022
150577457639715,156.249846,6.89835,6.953749,0.313231
150577467640708,156.259847,6.885081,6.968233,0.281732
150577477641862,156.269848,6.866492,6.987563,0.255422
150577487642862,156.279849,6.849209,7.005022,0.240732
150577497644091,156.289850,6.838774,7.015192,0.241365
150577507645251,156.299851,6.836139,7.017363,0.252685
150577517646255,156.309852,6.837689,7.015455,0.26336
150577527647470,156.319853,6.841579,7.011631,0.264214
150577537648637,156.329855,6.848875,7.004898,0.253507
150577547649637,156.339856,6.859909,6.99473,0.235326
150577557650864,156.349857,6.874178,6.981261,0.2184
150577567651780,156.359858,6.89439,6.961523,0.211028
150577577653013,156.369859,6.922516,6.933494,0.213168
150577587654155,156.379860,6.954311,6.901492,0.216697
150577597655394,156.389861,6.982688,6.872739,0.217977
150577607656398,156.399862,7.002307,6.852868,0.214292
150577617657548,156.409864,7.009735,6.845574,0.204268
150577627658552,156.419865,7.004368,6.851537,0.187784
150577637659709,156.429866,6.988404,6.868345,0.167652
150577647660955,156.439867,6.967671,6.889837,0.147172
150577657661940,156.449868,6.947648,6.910389,0.129257
150577667663081,156.459869,6.930974,6.927372,0.114612
150577677664081,156.469870,6.917639,6.940908,0.100036
150577687665250,156.479871,6.907429,6.95127,0.085231
150577697666494,156.489872,6.897248,6.961551,0.068958
150577707667494,156.499873,6.883387,6.975417,0.050163
150577717668650,156.509875,6.862635,6.99596,0.028597
150577727669879,156.519876,6.834738,7.023269,0.004289
150577737670879,156.529877,6.800211,7.056672,-0.020894
150577747672029,156.539878,6.761653,7.093513,-0.045889
150577757673024,156.549879,6.722244,7.130677,-0.069748
150577767674169,156.559880,6.686755,7.163749,-0.089428
150577777675150,156.569881,6.659053,7.189301,-0.104704
150577787676314,156.579882,6.640984,7.205811,-0.116408
150577797677516,156.589884,6.634948,7.21125,-0.123735
150577807678516,156.599885,6.641378,7.205245,-0.128606
150577817679675,156.609886,6.660381,7.187601,-0.133176
150577827680889,156.619887,6.68899,7.160911,-0.136878
150577837681908,156.629888,6.723031,7.128873,-0.14147
150577847683079,156.639889,6.760436,7.093301,-0.14673
150577857684278,156.649890,6.799779,7.055487,-0.152082
150577867685293,156.659891,6.840073,7.016321,-0.157049
150577877686442,156.669892,6.879071,6.977981,-0.161746
150577887687428,156.679893,6.914829,6.942426,-0.166975
150577897688580,156.689895,6.945699,6.911393,-0.173108
150577907689797,156.699896,6.969879,6.886796,-0.181349
150577917690797,156.709897,6.988201,6.867937,-0.191099
150577927691953,156.719898,7.002776,6.85282,-0.199972
150577937693187,156.729899,7.015957,6.839144,-0.206066
150577947694191,156.739900,7.030598,6.824049,-0.207535
150577957695360,156.749901,7.048947,6.805254,-0.202215
150577967696362,156.759902,7.072646,6.780931,-0.191552
150577977697529,156.769904,7.098844,6.753795,-0.180696
150577987698758,156.779905,7.123712,6.727804,-0.171559
150577997699753,156.789906,7.144982,6.705337,-0.166386
150578007700895,156.799907,7.160516,6.688787,-0.164691
150578017701878,156.809908,7.170199,6.678403,-0.164903
150578027703044,156.819909,7.176073,6.672107,-0.16419
150578037704254,156.829910,7.180005,6.667942,-0.161516
150578047705273,156.839911,7.185527,6.662177,-0.153557
150578057706429,156.849912,7.196428,6.650754,-0.137413
150578067707438,156.859913,7.214691,6.631362,-0.115319
150578077708592,156.869915,7.240092,6.604016,-0.090013
150578087709830,156.879916,7.2712,6.570041,-0.065261
150578097710837,156.889917,7.305193,6.532396,-0.04414
150578107711995,156.899918,7.33752,6.496153,-0.027471
150578117713210,156.909919,7.363805,6.466388,-0.015497
150578127714133,156.919920,7.380824,6.446966,-0.009166
150578137715364,156.929921,7.386996,6.439895,-0.006349
150578147716364,156.939922,7.382298,6.445282,-0.003617
150578157717595,156.949924,7.37156,6.457556,-8.72E-4
150578167718754,156.959925,7.361844,6.468634,0.003395
150578177719763,156.969926,7.355446,6.475906,0.00826
150578187720927,156.979927,7.351811,6.480025,0.011828
150578197721927,156.989928,7.348942,6.483274,0.01423
150578207723087,156.999929,7.34325,6.48972,0.014615
150578217724320,157.009930,7.332695,6.501658,0.008022
150578227725292,157.019931,7.316935,6.519387,-0.005741
150578237726438,157.029932,7.299095,6.539319,-0.022122
150578247727667,157.039934,7.280916,6.559471,-0.03934
150578257728677,157.049935,7.26663,6.575215,-0.051425
150578267729826,157.059936,7.259121,6.583453,-0.057425
150578277730821,157.069937,7.258919,6.583672,-0.057831
150578287731987,157.079938,7.264944,6.577046,-0.055164
150578297733215,157.089939,7.276808,6.563961,-0.049538
150578307734215,157.099940,7.294824,6.543963,-0.045952
150578317735364,157.109941,7.316711,6.519481,-0.046107
150578327736378,157.119942,7.338819,6.494576,-0.046913
150578337737534,157.129944,7.358586,6.4722,-0.042988
150578347738777,157.139945,7.371672,6.45733,-0.036334
150578357739779,157.149946,7.37666,6.451691,-0.022902
150578367740938,157.159947,7.375405,6.453168,-5.28E-4
150578377741938,157.169948,7.370855,6.458294,0.030819
150578387743078,157.179949,7.367854,6.461383,0.072438
150578397744087,157.189950,7.370232,6.457906,0.123163
150578407745333,157.199951,7.37941,6.446107,0.17884
150578417746471,157.209952,7.395816,6.425427,0.236209
150578427747468,157.219953,7.418873,6.396441,0.29313
150578437748696,157.229955,7.447168,6.360785,0.346618
150578447749852,157.239956,7.479901,6.319504,0.39357
150578457750838,157.249957,7.516857,6.272992,0.43174
150578467751992,157.259958,7.557226,6.222462,0.457504
150578477752987,157.269959,7.600832,6.168206,0.469615
150578487754151,157.279960,7.647041,6.110656,0.471844
150578497755365,157.289961,7.695049,6.050553,0.465839
150578507756367,157.299962,7.744865,5.987655,0.45277
150578517757507,157.309964,7.797675,5.920188,0.4332
150578527758736,157.319965,7.852892,5.848732,0.405442
150578537759659,157.329966,7.908155,5.776376,0.366839
150578547760889,157.339967,7.961305,5.705821,0.318152
150578557761900,157.349968,8.012381,5.63675,0.262257
150578567763134,157.359969,8.062438,5.567391,0.20313
150578577764288,157.369970,8.111773,5.497117,0.144356
150578587765304,157.379971,8.161565,5.424084,0.09034
150578597766458,157.389972,8.20968,5.351565,0.043289
150578607767449,157.399973,8.251831,5.286516,-3.04E-4
150578617768598,157.409975,8.283752,5.236203,-0.040529
150578627769836,157.419976,8.30372,5.204099,-0.074888
150578637770836,157.429977,8.311146,5.191744,-0.102922
150578647771992,157.439978,8.306362,5.198786,-0.130268
150578657772987,157.449979,8.281516,5.236928,-0.176403
150578667774140,157.459980,8.257515,5.274434,-0.183721
150578677775369,157.469981,8.237873,5.305864,-0.158936
150578687776369,157.479982,8.217105,5.338467,-0.141362
150578697777600,157.489984,8.197567,5.368487,-0.138577
150578707778511,157.499985,8.18436,5.388648,-0.136938
150578717779725,157.509986,8.178315,5.397896,-0.133584
150578727780889,157.519987,8.1782,5.398053,-0.13445
150578737781891,157.529988,8.183318,5.390222,-0.137094
150578747783043,157.539989,8.193016,5.375441,-0.138247
150578757784274,157.549990,8.204985,5.357128,-0.139267
150578767785274,157.559991,8.215495,5.340911,-0.142452
150578777786432,157.569992,8.222453,5.330034,-0.148333
150578787787436,157.579993,8.224205,5.327064,-0.157613
150578797788687,157.589995,8.221196,5.33137,-0.168597
150578807789836,157.599996,8.215193,5.340267,-0.179156
150578817790841,157.609997,8.208017,5.350926,-0.189838
150578827791994,157.619998,8.200481,5.362104,-0.1999
150578837792996,157.629999,8.192324,5.374079,-0.21228
150578847794225,157.640000,8.183612,5.386748,-0.226809
150578857795379,157.650001,8.173052,5.40198,-0.244589
150578867796379,157.660002,8.160302,5.420362,-0.262853
150578877797561,157.670004,8.146518,5.440381,-0.276574
150578887798592,157.680005,8.132254,5.461245,-0.284968
150578897799756,157.690006,8.119179,5.480511,-0.287892
150578907800979,157.700007,8.108793,5.49588,-0.287809
150578917801979,157.710008,8.103035,5.504459,-0.285914
150578927803135,157.720009,8.10198,5.506191,-0.282402
150578937804349,157.730010,8.104697,5.502411,-0.278144
150578947805359,157.740011,8.110674,5.493824,-0.273626
150578957806513,157.750013,8.119614,5.480839,-0.26881
150578967807499,157.760013,8.131786,5.463067,-0.262563
150578977808659,157.770015,8.148373,5.43875,-0.252971
150578987809659,157.780016,8.169799,5.407153,-0.238849
150578997810888,157.790017,8.196334,5.367604,-0.221261
150579007812043,157.800018,8.226377,5.32213,-0.204048
150579017813034,157.810019,8.257772,5.273783,-0.190991
150579027814186,157.820020,8.289222,5.224541,-0.181591
150579037815183,157.830021,8.317061,5.180121,-0.181245
150579047816398,157.840022,8.338778,5.144782,-0.189715
150579057817524,157.850024,8.352833,5.121434,-0.202603
150579067818509,157.860025,8.357527,5.113169,-0.217352
150579077819745,157.870026,8.353581,5.119069,-0.229819
150579087820899,157.880027,8.344286,5.133857,-0.23746
150579097821899,157.890028,8.333822,5.150763,-0.238815
150579107823064,157.900029,8.325333,5.164736,-0.233065
150579117824060,157.910030,8.320144,5.173524,-0.223376
150579127825218,157.920031,8.319991,5.174227,-0.212439
150579137826204,157.930032,8.325912,5.165189,-0.200176
150579147827432,157.940033,8.337057,5.147599,-0.189076
150579157828588,157.950035,8.350407,5.126114,-0.183388
150579167829588,157.960036,8.362904,5.105729,-0.182721
150579177830747,157.970037,8.371096,5.092035,-0.189482
150579187831752,157.980038,8.372564,5.089139,-0.202039
150579197832985,157.990039,8.367053,5.097583,-0.216922
150579207834137,158.000040,8.35655,5.114207,-0.230112
150579217835141,158.010041,8.344986,5.132637,-0.23913
150579227836295,158.020042,8.337307,5.144963,-0.2423
150579237837295,158.030043,8.337262,5.145063,-0.241644
150579247838528,158.040045,8.347414,5.128885,-0.23502
150579257839682,158.050046,8.368554,5.094866,-0.222695
150579267840698,158.060047,8.398677,5.045722,-0.207007
150579277841852,158.070048,8.433744,4.987523,-0.191188
150579287843067,158.080049,8.467822,4.929704,-0.184532
150579297844048,158.090050,8.49955,4.874969,-0.179896
150579307845213,158.100051,8.526185,4.828175,-0.181198
150579317846197,158.110052,8.546014,4.792622,-0.191003
150579327847353,158.120053,8.560426,4.766275,-0.204311
150579337848596,158.130055,8.571145,4.746381,-0.217513
150579347849577,158.140056,8.579813,4.730099,-0.230207
150579357850738,158.150057,8.586379,4.717464,-0.24415
150579367851736,158.160058,8.589855,4.710139,-0.26263
150579377852895,158.170059,8.590298,4.708131,-0.283352
150579387853895,158.180060,8.588273,4.710606,-0.30298
150579397855134,158.190061,8.583758,4.71766,-0.320593
150579407856288,158.200062,8.576581,4.729732,-0.334483
150579417857283,158.210063,8.566899,4.746657,-0.342797
150579427858424,158.220064,8.554543,4.768788,-0.344198
150579437859624,158.230066,8.53988,4.795244,-0.340724
150579447860624,158.240067,8.523711,4.824476,-0.332837
150579457861792,158.250068,8.506411,4.855646,-0.321994
150579467862806,158.260069,8.488825,4.887204,-0.308373
150579477863951,158.270070,8.472479,4.916521,-0.291431
150579487864953,158.280071,8.458364,4.941912,-0.271163
150579497866186,158.290072,8.447545,4.961593,-0.248049
150579507867311,158.300073,8.439928,4.975627,-0.225361
150579517868313,158.310074,8.43446,4.985754,-0.205453
150579527869467,158.320075,8.430236,4.993556,-0.188331
150579537870471,158.330076,8.424775,5.003253,-0.174958
150579547871700,158.340078,8.416083,5.01821,-0.164629
150579557872859,158.350079,8.403384,5.039748,-0.155145
150579567873859,158.360080,8.387165,5.066792,-0.151897
150579577875076,158.370081,8.369554,5.095778,-0.153605
150579587876250,158.380082,8.349191,5.129056,-0.154283
150579597877173,158.390083,8.325364,5.167638,-0.15451
150579607878417,158.400084,8.298724,5.210344,-0.153149
150579617879422,158.410085,8.270106,5.255735,-0.15032
150579627880590,158.420087,8.241184,5.301101,-0.145539
150579637881821,158.430088,8.215166,5.341543,-0.137832
150579647882831,158.440089,8.194391,5.373565,-0.129357
150579657883995,158.450090,8.179995,5.395611,-0.122608
150579667884995,158.460091,8.173663,5.405376,-0.11477
150579677886160,158.470092,8.175987,5.402016,-0.107059
150579687887173,158.480093,8.185282,5.388048,-0.100378
150579697888404,158.490094,8.198446,5.368078,-0.09599
150579707889558,158.500096,8.211557,5.347996,-0.096203
150579717890553,158.510097,8.221601,5.332448,-0.101488
150579727891701,158.520098,8.226206,5.325091,-0.113792
150579737892702,158.530099,8.224095,5.32797,-0.130502
150579747893869,158.540100,8.215007,5.341629,-0.143746
150579757895094,158.550101,8.200865,5.363177,-0.14884
150579767896094,158.560102,8.185633,5.386614,-0.1407
150579777897235,158.570103,8.173868,5.404905,-0.122258
150579787898230,158.580104,8.169723,5.411658,-0.097946
150579797899447,158.590105,8.177281,5.400673,-0.069235
150579807900372,158.600106,8.197195,5.370688,-0.04113
150579817901620,158.610108,8.227938,5.323598,-0.017793
150579827902856,158.620109,8.268478,5.260437,-0.001056
150579837903774,158.630110,8.317728,5.182212,0.011528
150579847905009,158.640111,8.373149,5.092135,0.023906
150579857906158,158.650112,8.43088,4.995869,0.03876
150579867907076,158.660113,8.485646,4.902148,0.052117
150579877908307,158.670114,8.532849,4.81939,0.062894
150579887909528,158.680116,8.570254,4.752374,0.074962
150579897910533,158.690117,8.596394,4.704576,0.094964
150579907911687,158.700118,8.613453,4.672634,0.122169
150579917912682,158.710119,8.627669,4.645699,0.144152
150579927913832,158.720120,8.642332,4.618229,0.148391
150579937915057,158.730121,8.656178,4.592793,0.129641
150579947916071,158.740122,8.665478,4.576114,0.093253
150579957917215,158.750123,8.667064,4.573761,0.051922
150579967918211,158.760124,8.660892,4.585704,0.017967
150579977919349,158.770125,8.650538,4.605227,0.005247
150579987920321,158.780126,8.638366,4.628003,0.014791
150579997921566,158.790128,8.623509,4.655522,0.035231
150580007922706,158.800129,8.602436,4.694197,0.050698
150580017923692,158.810130,8.570191,4.752846,0.047752
150580027924851,158.820131,8.522534,4.837959,0.023795
150580037925860,158.830132,8.460443,4.945785,-0.009255
150580047927081,158.840133,8.391029,5.062557,-0.034083
150580057928235,158.850134,8.322682,5.174066,-0.044089
150580067929249,158.860135,8.260419,5.272898,-0.045263
150580077930479,158.870136,8.206417,5.356529,-0.048361
150580087931408,158.880137,8.159944,5.4269,-0.063572
150580097932556,158.890139,8.11978,5.486367,-0.094485
150580107933792,158.900140,8.086296,5.534666,-0.138729
150580117934797,158.910141,8.059779,5.571763,-0.188267
150580127935980,158.920142,8.041651,5.59627,-0.231555
150580137937216,158.930143,8.033159,5.607031,-0.263667
150580147938225,158.940144,8.032469,5.606792,-0.288599
150580157939394,158.950145,8.037304,5.598903,-0.306541
150580167940379,158.960146,8.046935,5.584367,-0.318838
150580177941548,158.970148,8.061437,5.562933,-0.326992
150580187942557,158.980149,8.082268,5.532138,-0.335319
150580197943702,158.990150,8.107651,5.494012,-0.34908
150580207944913,159.000151,8.135516,5.451526,-0.366389
150580217945932,159.010152,8.166076,5.404903,-0.377171
150580227947067,159.020153,8.204601,5.346541,-0.372897
150580237948062,159.030154,8.256926,5.266633,-0.354581
150580247949216,159.040155,8.325045,5.159843,-0.331047
150580257950201,159.050156,8.409838,5.022218,-0.303189
150580267951365,159.060157,8.508635,4.85498,-0.268872
150580277952580,159.070159,8.616086,4.664066,-0.222675
150580287953576,159.080160,8.725927,4.457705,-0.164622
150580297954720,159.090161,8.833456,4.242608,-0.101755
150580307955720,159.100162,8.932982,4.029842,-0.046704
150580317956864,159.110163,9.017338,3.837658,-0.005747
150580327958094,159.120164,9.080571,3.685456,0.025835
150580337959033,159.130165,9.119937,3.586507,0.060418
150580347960277,159.140166,9.136576,3.542658,0.111974
150580357961272,159.150167,9.133765,3.54689,0.184255
150580367962436,159.160168,9.116829,3.584346,0.275452
150580377963445,159.170169,9.092281,3.637011,0.377655
150580387964599,159.180171,9.066166,3.690569,0.473551
150580397965835,159.190172,9.042573,3.738338,0.544699
150580407966835,159.200173,9.024061,3.777269,0.58188
150580417967763,159.210174,9.010573,3.808945,0.584398
150580427969249,159.220175,8.998488,3.841287,0.558374
150580437970249,159.230176,8.982293,3.884647,0.517639
150580447971186,159.240177,8.958323,3.945397,0.471501
150580457972417,159.250178,8.927266,4.019752,0.430693
150580467973566,159.260180,8.891942,4.100322,0.40098
150580477974480,159.270180,8.855303,4.181028,0.377666
150580487975710,159.280182,8.817667,4.261993,0.352381
150580497976724,159.290183,8.778698,4.343687,0.326821
150580507977874,159.300184,8.738672,4.424591,0.314059
150580517978864,159.310185,8.698818,4.502468,0.313623
150580527980105,159.320186,8.660917,4.575236,0.30937
150580537981028,159.330187,8.626979,4.640136,0.290343
150580547982188,159.340188,8.597441,4.696632,0.256327
150580557983399,159.350189,8.572607,4.743971,0.212384
150580567984394,159.360190,8.552745,4.781598,0.163845
150580577985548,159.370192,8.544359,4.797899,0.118667
150580587986548,159.380193,8.559217,4.771863,0.09569
150580597987768,159.390194,8.599867,4.698362,0.087725
150580607988692,159.400195,8.659925,4.586963,0.073484
150580617989862,159.410196,8.728823,4.45466,0.060433
150580627991091,159.420197,8.796368,4.319656,0.066547
150580637992091,159.430198,8.849669,4.209093,0.083343
150580647993256,159.440199,8.88295,4.137937,0.103359
150580657994271,159.450200,8.89869,4.10344,0.122795
150580667995401,159.460201,8.901629,4.096834,0.130021
150580677996381,159.470202,8.896801,4.107299,0.130493
150580687997605,159.480204,8.889611,4.122351,0.145162
150580697998745,159.490205,8.881113,4.139331,0.178397
150580707999745,159.500206,8.872051,4.156465,0.224752
150580718000885,159.510207,8.863491,4.171181,0.282357
150580728001887,159.520208,8.856808,4.180702,0.344435
150580738003029,159.530209,8.852471,4.184785,0.401693
150580748004031,159.540210,8.851301,4.182124,0.452041
150580758005259,159.550211,8.853477,4.172688,0.494634
150580768006413,159.560212,8.857527,4.160128,0.526889
150580778007408,159.570213,8.859878,4.152584,0.54646
150580788008550,159.580215,8.857453,4.156971,0.552393
150580798009550,159.590216,8.847516,4.178756,0.547192
150580808010704,159.600217,8.829021,4.218951,0.537417
150580818011933,159.610218,8.804239,4.271083,0.532238
150580828012947,159.620219,8.776772,4.326743,0.536224
150580838014096,159.630220,8.751085,4.377097,0.547265
150580848015113,159.640221,8.730724,4.416347,0.557119
150580858016252,159.650222,8.716429,4.444483,0.557155
150580868017257,159.660223,8.707087,4.464013,0.547039
150580878018410,159.670224,8.700016,4.479948,0.528966
150580888019424,159.680225,8.692279,4.497802,0.504001
150580898020655,159.690227,8.681614,4.521476,0.475248
150580908021824,159.700228,8.667233,4.551682,0.448668
150580918022824,159.710229,8.650145,4.585891,0.429657
150580928023990,159.720230,8.632263,4.620389,0.419571
150580938025235,159.730231,8.616192,4.65076,0.414357
150580948026163,159.740232,8.605477,4.670888,0.410596
150580958027383,159.750233,8.601359,4.679124,0.403001
150580968028383,159.760234,8.603019,4.677286,0.388703
150580978029537,159.770236,8.607197,4.671391,0.366454
150580988030523,159.780237,8.61086,4.666796,0.337763
150580998031650,159.790238,8.612133,4.666644,0.305955
150581008032888,159.800239,8.608317,4.675601,0.275065
150581018033883,159.810240,8.599206,4.693811,0.248586
150581028034837,159.820241,8.586242,4.718557,0.227278
150581038036077,159.830242,8.572449,4.744282,0.211801
150581048037236,159.840243,8.560185,4.766854,0.200943
150581058038236,159.850244,8.549387,4.786502,0.193398
150581068039390,159.860245,8.540551,4.802426,0.188862
150581078040380,159.870246,8.534038,4.814159,0.18464
150581088041549,159.880248,8.529227,4.823051,0.174391
150581098042763,159.890249,8.5245,4.831992,0.157224
150581108043751,159.900250,8.517625,4.844854,0.132045
150581118044905,159.910251,8.506946,4.864283,0.102868
150581128045915,159.920252,8.491787,4.891187,0.076153
150581138047068,159.930253,8.471848,4.92592,0.0558
150581148048283,159.940254,8.447742,4.967271,0.04389
150581158049297,159.950255,8.421239,5.012097,0.040863
150581168050466,159.960256,8.394512,5.056681,0.046105
150581178051456,159.970257,8.369247,5.098278,0.057725
150581188052610,159.980259,8.34773,5.133242,0.072176
150581198053600,159.990260,8.332164,5.158243,0.086998
150581208054831,160.000261,8.324074,5.17106,0.099473
150581218055766,160.010262,8.323964,5.170947,0.113605
150581228056995,160.020263,8.330815,5.159565,0.128149
150581238057930,160.030264,8.344171,5.137459,0.146018
150581248059163,160.040265,8.363504,5.105301,0.166448
150581258060319,160.050266,8.387418,5.065116,0.189224
150581268061319,160.060267,8.414176,5.019624,0.212201
150581278062467,160.070268,8.441333,4.97281,0.23465
150581288063467,160.080269,8.466128,4.929453,0.255297
150581298064681,160.090271,8.485958,4.894274,0.273121
150581308065606,160.100272,8.49896,4.870807,0.287967
150581318066849,160.110273,8.504802,4.859901,0.299567
150581328068020,160.120274,8.504494,4.859902,0.308103
150581338069003,160.130275,8.500281,4.866933,0.313382
150581348070174,160.140276,8.493936,4.877881,0.315132
150581358071403,160.150277,8.486202,4.89133,0.314989
150581368072398,160.160278,8.47722,4.906921,0.31445
150581378073323,160.170279,8.467599,4.923531,0.314021
150581388074538,160.180281,8.458463,4.939176,0.314573
150581398075693,160.190282,8.451116,4.951603,0.316672
150581408076697,160.200283,8.445841,4.960417,0.319427
150581418077832,160.210284,8.441786,4.967283,0.319927
150581428078832,160.220285,8.437182,4.975307,0.316648
150581438079991,160.230286,8.430663,4.986677,0.311478
150581448080991,160.240287,8.422208,5.001209,0.307135
150581458082205,160.250288,8.411801,5.018801,0.305315
150581468083377,160.260289,8.400552,5.037548,0.306322
150581478084382,160.270290,8.389323,5.056,0.31
150581488085536,160.280292,8.378484,5.073662,0.314495
150581498086736,160.290293,8.368602,5.089761,0.317525
150581508087750,160.300294,8.360142,5.103569,0.318772
150581518088890,160.310295,8.353387,5.114682,0.317717
150581528089885,160.320296,8.34863,5.122596,0.315224
150581538091035,160.330297,8.345184,5.12836,0.312764
150581548092040,160.340298,8.342032,5.133673,0.309682
150581558093194,160.350299,8.338116,5.140278,0.305569
150581568094179,160.360300,8.33297,5.148876,0.301145
150581578095324,160.370301,8.327179,5.158552,0.295673
150581588096338,160.380302,8.320954,5.168994,0.288542
150581598097553,160.390304,8.313684,5.181105,0.28069
150581608098692,160.400305,8.305528,5.194615,0.272373
150581618099709,160.410306,8.296935,5.208743,0.264312
150581628100845,160.420307,8.288758,5.222071,0.25788
150581638101828,160.430308,8.28093,5.234732,0.252539
150581648102977,160.440309,8.272526,5.248312,0.246074
150581658104205,160.450310,8.262425,5.264647,0.236294
150581668105219,160.460311,8.24979,5.284948,0.224221
150581678106388,160.470312,8.234569,5.309082,0.213391
150581688107388,160.480313,8.217108,5.336405,0.204935
150581698108547,160.490315,8.199116,5.364259,0.198072
150581708109537,160.500316,8.182511,5.389799,0.191342
150581718110763,160.510317,8.168512,5.411267,0.183287
150581728111917,160.520318,8.158576,5.426473,0.176252
150581738112927,160.530319,8.153802,5.433717,0.173709
150581748114085,160.540320,8.153855,5.433534,0.177044
150581758115087,160.550321,8.157672,5.427567,0.184109
150581768116251,160.560322,8.163811,5.418027,0.192727
150581778117265,160.570323,8.170768,5.407195,0.201975
150581788118419,160.580324,8.177461,5.396741,0.210531
150581798119419,160.590325,8.183594,5.3871,0.21898
150581808120662,160.600327,8.189722,5.377379,0.228631
150581818121825,160.610328,8.195527,5.36803,0.239976
150581828122811,160.620329,8.200714,5.359503,0.253035
150581838123965,160.630330,8.205201,5.351964,0.266766
150581848124936,160.640331,8.208895,5.345646,0.279458
150581858126111,160.650332,8.212291,5.33993,0.28882
150581868127111,160.660333,8.215424,5.334804,0.294441
150581878128280,160.670334,8.217053,5.332196,0.296164
150581888129509,160.680336,8.215634,5.334413,0.295577
150581898130494,160.690336,8.210824,5.341851,0.294965
150581908131655,160.700338,8.203439,5.353073,0.297015
150581918132658,160.710339,8.194267,5.366884,0.300881
150581928133799,160.720340,8.184269,5.381925,0.304287
150581938134804,160.730341,8.174819,5.396096,0.307309
150581948136032,160.740342,8.167035,5.407733,0.309766
150581958136952,160.750343,8.162119,5.414932,0.313546
150581968138197,160.760344,8.161366,5.415848,0.317248
150581978139351,160.770345,8.164418,5.411236,0.317564
150581988140341,160.780346,8.169065,5.404529,0.312215
150581998141505,160.790348,8.173728,5.398098,0.301193
150582008142521,160.800349,8.176859,5.394027,0.288865
150582018143675,160.810350,8.176444,5.39519,0.278668
150582028144894,160.820351,8.171255,5.403323,0.273363
150582038145889,160.830352,8.162384,5.416743,0.272749
150582048147029,160.840353,8.151941,5.432415,0.273395
150582058148014,160.850354,8.142105,5.447241,0.271484
150582068149173,160.860355,8.134329,5.459133,0.265714
150582078150175,160.870356,8.129555,5.466687,0.256234
150582088151317,160.880357,8.128219,5.469187,0.245023
150582098152333,160.890358,8.129422,5.467861,0.234435
150582108153547,160.900360,8.131957,5.464535,0.223934
150582118154701,160.910361,8.134153,5.461692,0.213249
150582128155634,160.920362,8.135376,5.46029,0.202217
150582138156865,160.930363,8.134898,5.461428,0.190319
150582148157867,160.940364,8.132806,5.464973,0.177519
150582158159019,160.950365,8.129758,5.469916,0.164483
150582168160009,160.960366,8.127333,5.47394,0.149727
150582178161151,160.970367,8.126653,5.475437,0.130739
150582188162156,160.980368,8.12788,5.474096,0.109098
150582198163314,160.990369,8.131212,5.469589,0.083886
150582208164566,161.000371,8.135419,5.463662,0.058012
150582218165566,161.010372,8.137166,5.461257,0.034528
150582228166749,161.020373,8.139211,5.458265,0.023872
150582238167745,161.030374,8.141963,5.454187,0.016894
150582248168901,161.040375,8.145596,5.44878,0.007495
150582258169905,161.050376,8.149914,5.442318,-0.007693
150582268171059,161.060377,8.155026,5.434608,-0.024299
150582278172074,161.070378,8.159235,5.428233,-0.03442
150582288173534,161.080380,8.16029,5.426653,-0.033474
150582298174223,161.090380,8.15714,5.431447,-0.020992
150582308175452,161.100381,8.151781,5.439528,-0.002544
150582318176603,161.110383,8.145446,5.448998,0.01197
150582328177851,161.120384,8.137842,5.460334,0.016711
150582338178788,161.130385,8.129247,5.473136,0.009778
150582348179799,161.140386,8.119872,5.487046,-0.004815
150582358181027,161.150387,8.112224,5.498325,-0.017542
150582368182177,161.160388,8.110407,5.500985,-0.021089
150582378183086,161.170389,8.116216,5.492418,-0.019368
150582388184400,161.180390,8.128114,5.474775,-0.022922
150582398185309,161.190391,8.143607,5.451658,-0.032907
150582408186463,161.200392,8.159446,5.42782,-0.046666
150582418187697,161.210394,8.173215,5.406953,-0.058565
150582428188692,161.220395,8.18247,5.392843,-0.06644
150582438189629,161.230396,8.18645,5.386748,-0.070653
150582448190864,161.240397,8.186661,5.386387,-0.07369
150582458192033,161.250398,8.184598,5.389455,-0.078278
150582468193042,161.260399,8.18086,5.395024,-0.084975
150582478194273,161.270400,8.17585,5.402494,-0.092346
150582488195421,161.280401,8.170049,5.411141,-0.099339
150582498196407,161.290402,8.164462,5.419449,-0.105611
150582508197561,161.300404,8.159403,5.426934,-0.111988
150582518198580,161.310405,8.154847,5.433631,-0.118885
150582528199739,161.320406,8.150374,5.440149,-0.127117
150582538200753,161.330407,8.145405,5.447325,-0.137701
150582548201898,161.340408,8.140599,5.454244,-0.147875
150582558203129,161.350409,8.137148,5.459156,-0.156418
150582568204133,161.360410,8.134962,5.462173,-0.164474
150582578205287,161.370411,8.133919,5.463503,-0.171786
150582588206282,161.380412,8.1332,5.464376,-0.177885
150582598207456,161.390413,8.132786,5.46487,-0.181633
150582608208427,161.400414,8.133544,5.463691,-0.182995
150582618209562,161.410416,8.136178,5.459751,-0.183635
150582628210538,161.420417,8.14061,5.453106,-0.184671
150582638211691,161.430418,8.146204,5.444656,-0.187288
150582648212917,161.440419,8.152055,5.435715,-0.192347
150582658213912,161.450420,8.157419,5.427478,-0.197452
150582668215066,161.460421,8.162265,5.420094,-0.200049
150582678216051,161.470422,8.166448,5.413794,-0.199919
150582688217200,161.480423,8.170176,5.408275,-0.197051
150582698218205,161.490424,8.174058,5.402582,-0.192084
150582708219345,161.500425,8.178425,5.396171,-0.186395
150582718220326,161.510426,8.183305,5.388955,-0.180736
150582728221475,161.520427,8.189118,5.380281,-0.175874
150582738222730,161.530429,8.19585,5.370189,-0.170613
150582748223730,161.540430,8.202784,5.359626,-0.169594
150582758224883,161.550431,8.210275,5.348155,-0.169187
150582768225869,161.560432,8.218675,5.335338,-0.166036
150582778227032,161.570433,8.227153,5.322444,-0.159822
150582788228046,161.580434,8.233874,5.312201,-0.1543
150582798229196,161.590435,8.237238,5.307052,-0.152031
150582808230186,161.600436,8.236476,5.308202,-0.153144
150582818231346,161.610437,8.23236,5.314521,-0.155452
150582828232355,161.620438,8.225732,5.324723,-0.157023
150582838233509,161.630440,8.217325,5.337713,-0.156119
150582848234750,161.640441,8.206716,5.354129,-0.152005
150582858235726,161.650442,8.19392,5.373809,-0.147827
150582868236889,161.660443,8.180401,5.394515,-0.142275
150582878237899,161.670444,8.16621,5.416074,-0.138369
150582888239067,161.680445,8.151902,5.437638,-0.13641
150582898240053,161.690446,8.137631,5.458962,-0.136765
150582908241197,161.700447,8.123214,5.480298,-0.140437
150582918242427,161.710448,8.107245,5.503733,-0.146637
150582928243427,161.720449,8.089695,5.529301,-0.153684
150582938244566,161.730451,8.071011,5.556374,-0.159689
150582948245566,161.740452,8.052754,5.582692,-0.163429
150582958246706,161.750453,8.034652,5.608639,-0.165936
150582968247730,161.760454,8.017987,5.632365,-0.168332
150582978248884,161.770455,8.003172,5.653236,-0.173611
150582988249884,161.780456,7.990176,5.67138,-0.180353
150582998251120,161.790457,7.977649,5.688721,-0.188548
150583008252274,161.800458,7.966112,5.704644,-0.195257
150583018253274,161.810459,7.956533,5.717775,-0.201614
150583028254442,161.820460,7.950222,5.726249,-0.209826
150583038255413,161.830461,7.948314,5.728521,-0.21979
150583048256571,161.840463,7.950224,5.725382,-0.232246
150583058257586,161.850464,7.953632,5.72006,-0.246252
150583068258740,161.860465,7.956691,5.715257,-0.258578
150583078259754,161.870466,7.959222,5.711323,-0.267496
150583088260985,161.880467,7.961218,5.708247,-0.273632
150583098262149,161.890468,7.962407,5.706317,-0.279382
150583108263158,161.900469,7.962048,5.706531,-0.285125
150583118264303,161.910470,7.960854,5.707963,-0.289722
150583128265317,161.920471,7.958657,5.710897,-0.292348
150583138266452,161.930472,7.955243,5.715597,-0.293272
150583148267452,161.940473,7.949836,5.723154,-0.292629
150583158268591,161.950475,7.942742,5.733094,-0.290632
150583168269576,161.960476,7.935321,5.743677,-0.28433
150583178270716,161.970477,7.928896,5.753057,-0.273779
150583188271715,161.980478,7.92497,5.759126,-0.259516
150583198272869,161.990479,7.925067,5.759716,-0.242745
150583208274099,162.000480,7.93102,5.751933,-0.232683
150583218275085,162.010481,7.941015,5.738376,-0.226536
150583228276239,162.020482,7.95403,5.720359,-0.22559
150583238277225,162.030483,7.969654,5.698169,-0.235496
150583248278374,162.040484,7.98537,5.675415,-0.252166
150583258279359,162.050485,7.998838,5.655684,-0.268003
150583268280518,162.060487,8.0087,5.641343,-0.275533
150583278281523,162.070488,8.01423,5.633651,-0.272157
150583288282706,162.080489,8.015635,5.631959,-0.2657
150583298283937,162.090490,8.015148,5.632937,-0.259699
150583308284961,162.100491,8.015475,5.632593,-0.257008
150583318286115,162.110492,8.017617,5.629271,-0.262907
150583328287144,162.120493,8.022245,5.621278,-0.29115
150583338288312,162.130494,8.030665,5.605755,-0.351982
150583348289312,162.140495,8.044572,5.579346,-0.442469
150583358290471,162.150496,8.065171,5.539884,-0.550224
150583368291471,162.160497,8.092613,5.487723,-0.659158
150583378292702,162.170499,8.123997,5.428337,-0.757528
150583388293884,162.180500,8.157491,5.366188,-0.836277
150583398294884,162.190501,8.190444,5.303772,-0.909199
150583408296048,162.200502,8.21921,5.244215,-0.99136
150583418297062,162.210503,8.24386,5.186279,-1.086884
150583428298187,162.220504,8.266999,5.127144,-1.187052
150583438299187,162.230505,8.290254,5.067355,-1.278112
150583448300327,162.240506,8.313807,5.009639,-1.350605
150583458301327,162.250507,8.33631,4.957194,-1.404324
150583468302481,162.260508,8.356074,4.911455,-1.446917
150583478303476,162.270509,8.373499,4.871468,-1.480984
150583488304610,162.280511,8.390691,4.835063,-1.502802
150583498305840,162.290512,8.408868,4.800394,-1.512332
150583508306840,162.300513,8.427358,4.767033,-1.514955
150583518308008,162.310514,8.444266,4.737502,-1.513417
150583528309013,162.320515,8.4547,4.719351,-1.511899
150583538310157,162.330516,8.451684,4.720815,-1.524131
150583548311177,162.340517,8.438508,4.736289,-1.548914
150583558312316,162.350518,8.419311,4.760612,-1.57856
150583568313316,162.360519,8.399381,4.785567,-1.608969
150583578314465,162.370520,8.382663,4.803138,-1.643422
150583588315682,162.380522,8.372312,4.806595,-1.685538
150583598316692,162.390523,8.367635,4.797993,-1.732614
150583608317615,162.400524,8.366516,4.781862,-1.781899
150583618318841,162.410525,8.369778,4.759061,-1.827062
150583628319984,162.420526,8.379242,4.729468,-1.86023
150583638320970,162.430527,8.393898,4.695353,-1.880455
150583648322124,162.440528,8.411996,4.659272,-1.889316
150583658323124,162.450529,8.431861,4.623606,-1.888396
150583668324268,162.460530,8.45294,4.588011,-1.880952
150583678325258,162.470531,8.471455,4.553148,-1.882356
150583688326412,162.480532,8.48781,4.521982,-1.88382
150583698327393,162.490533,8.502152,4.49325,-1.887904
150583708328557,162.500535,8.511181,4.471653,-1.898455
150583718329566,162.510536,8.515871,4.459294,-1.906479
150583728330720,162.520537,8.516834,4.457077,-1.907347
150583738331937,162.530538,8.513906,4.464992,-1.901902
150583748332937,162.540539,8.508633,4.482084,-1.885225
150583758334105,162.550540,8.50176,4.506906,-1.856844
150583768335124,162.560541,8.494695,4.536659,-1.81628
150583778336278,162.570542,8.48839,4.567884,-1.766825
150583788337288,162.580543,8.482777,4.596629,-1.718565
150583798338465,162.590544,8.478094,4.619995,-1.678575
150583808339465,162.600545,8.474575,4.638376,-1.645301
150583818340619,162.610547,8.472059,4.654256,-1.61313
150583828341624,162.620548,8.469624,4.670222,-1.579413
150583838342792,162.630549,8.467266,4.688444,-1.537487
150583848344023,162.640550,8.464696,4.70927,-1.48719
150583858345023,162.650551,8.460942,4.731911,-1.435784
150583868346191,162.660552,8.455284,4.755351,-1.390972
150583878347187,162.670553,8.446988,4.78131,-1.351844
150583888348322,162.680554,8.433528,4.814513,-1.317603
150583898349317,162.690555,8.413988,4.857264,-1.285222
150583908350480,162.700556,8.387794,4.910638,-1.253182
150583918351490,162.710557,8.356469,4.972045,-1.219938
150583928352630,162.720559,8.324073,5.035485,-1.180538
150583938353846,162.730560,8.296035,5.093885,-1.126108
150583948354855,162.740561,8.275288,5.142755,-1.054373
150583958356004,162.750562,8.26108,5.179993,-0.980927
150583968356990,162.760563,8.25456,5.203419,-0.909221
150583978358144,162.770564,8.253273,5.220072,-0.821187
150583988359139,162.780565,8.253948,5.233968,-0.719644
150583998360293,162.790566,8.255773,5.242729,-0.629282
150584008361293,162.800567,8.266346,5.23367,-0.562344
150584018362457,162.810568,8.288841,5.204325,-0.500087
150584028363456,162.820569,8.317107,5.166324,-0.418173
150584038364625,162.830571,8.343494,5.129598,-0.336639
150584048365634,162.840572,8.364571,5.100159,-0.249588
150584058366869,162.850573,8.380285,5.078328,-0.146267
150584068368028,162.860574,8.392385,5.060296,-0.036036
150584078369033,162.870575,8.403809,5.040909,0.072285
150584088370176,162.880576,8.414969,5.019732,0.174897
150584098371191,162.890577,8.422574,5.003038,0.264429
150584108372344,162.900578,8.425298,4.993767,0.341569
150584118373335,162.910579,8.420877,4.995448,0.417531
150584128374484,162.920580,8.408008,5.009184,0.503537
150584138375484,162.930581,8.394331,5.023012,0.586988
150584148376643,162.940583,8.386403,5.027401,0.65837
150584158377648,162.950584,8.385133,5.021993,0.713495
150584168378802,162.960585,8.386796,5.012757,0.757576
150584178379802,162.970586,8.385415,5.008906,0.797336
150584188380956,162.980587,8.379164,5.013258,0.834758
150584198382159,162.990588,8.371918,5.018612,0.874382
150584208383159,163.000589,8.363512,5.02184,0.934255
150584218384308,163.010590,8.350984,5.024194,1.028869
150584228385308,163.020591,8.325774,5.034157,1.174194
150584238386466,163.030592,8.284919,5.05382,1.363449
150584248387471,163.040593,8.232065,5.077777,1.577758
150584258388610,163.050595,8.170105,5.102258,1.80455
150584268389615,163.060596,8.10274,5.125781,2.027795
150584278390769,163.070597,8.035826,5.160216,2.199451
150584288391774,163.080598,7.975487,5.219408,2.278032
150584298393009,163.090599,7.927602,5.271853,2.323934
150584308393923,163.100600,7.892452,5.307553,2.362008
150584318395072,163.110601,7.861483,5.332687,2.408216
150584328396067,163.120602,7.823335,5.35582,2.480038
150584338397221,163.130603,7.778302,5.376304,2.57554
150584348398466,163.140604,7.730287,5.389255,2.690455
150584358399466,163.150605,7.680448,5.393204,2.822058
150584368400620,163.160607,7.63012,5.393201,2.955448
150584378401643,163.170608,7.589254,5.388594,3.066972
150584388402783,163.180609,7.563327,5.375943,3.152028
150584398403774,163.190610,7.549785,5.348573,3.230098
150584408404932,163.200611,7.535847,5.315895,3.315458
150584418405922,163.210612,7.51695,5.287905,3.401985
150584428407090,163.220613,7.491162,5.267579,3.489288
150584438408326,163.230614,7.461609,5.251896,3.575186
150584448409326,163.240615,7.428166,5.235937,3.667059
150584458410475,163.250616,7.399211,5.205593,3.767423
150584468411461,163.260617,7.365246,5.160039,3.894497
150584478412629,163.270619,7.327983,5.116369,4.020379
150584488413633,163.280620,7.285992,5.086152,4.13344
150584498414787,163.290621,7.235282,5.06958,4.241466
150584508415787,163.300622,7.176526,5.059321,4.352096
150584518416941,163.310623,7.117611,5.052257,4.455817
150584528417913,163.320624,7.071285,5.041867,4.540539
150584538419053,163.330625,7.045119,5.016897,4.608365
150584548420058,163.340626,7.040529,4.972689,4.662976
150584558421225,163.350627,7.056244,4.911058,4.704347
150584568422220,163.360628,7.087324,4.838963,4.732255
150584578423350,163.370629,7.12969,4.783102,4.725404
150584588424355,163.380630,7.177754,4.748904,4.686981
150584598425581,163.390632,7.230765,4.73102,4.623145
150584608426721,163.400633,7.281344,4.723982,4.550387
150584618427721,163.410634,7.326652,4.697696,4.504644
150584628428861,163.420635,7.373527,4.667652,4.459163
150584638429889,163.430636,7.412116,4.649883,4.413509
150584648431038,163.440637,7.437604,4.644335,4.376319
150584658432024,163.450638,7.455255,4.650558,4.339523
150584668433183,163.460639,7.473467,4.668569,4.288557
150584678434188,163.470640,7.492384,4.692025,4.229552
150584688435342,163.480641,7.51735,4.706128,4.169144
150584698436351,163.490642,7.552524,4.709626,4.10108
150584708437520,163.500644,7.585006,4.703314,4.048019
150584718438505,163.510645,7.609768,4.689761,4.017163
150584728439658,163.520646,7.627032,4.667033,4.010883
150584738440904,163.530647,7.643533,4.636644,4.014715
150584748441923,163.540648,7.658791,4.594757,4.033739
150584758443082,163.550649,7.668292,4.541605,4.075679
150584768444086,163.560650,7.669428,4.474987,4.146607
150584778445245,163.570651,7.658303,4.404357,4.241707
150584788446245,163.580652,7.640693,4.344966,4.333713
150584798447409,163.590653,7.620524,4.300118,4.41323
150584808448409,163.600654,7.607011,4.258092,4.476835
150584818449577,163.610656,7.603877,4.213724,4.523894
150584828450591,163.620657,7.598835,4.180978,4.562579
150584838451726,163.630658,7.591453,4.149706,4.603235
150584848452720,163.640659,7.576613,4.122722,4.651676
150584858453874,163.650660,7.551481,4.111692,4.702031
150584868454884,163.660661,7.520651,4.113426,4.749689
150584878456037,163.670662,7.492461,4.118941,4.789293
150584888457032,163.680663,7.471845,4.123421,4.817564
150584898458186,163.690664,7.45937,4.127097,4.833723
150584908459417,163.700665,7.455304,4.132182,4.83565
150584918460412,163.710666,7.455006,4.131017,4.837098
150584928461561,163.720668,7.464972,4.127162,4.82501
150584938462556,163.730669,7.468536,4.12353,4.822605
150584948463725,163.740670,7.457934,4.120355,4.84168
150584958464710,163.750671,7.436691,4.115042,4.878739
150584968465874,163.760672,7.411943,4.105366,4.924333
150584978467091,163.770673,7.390788,4.091596,4.967403
150584988468000,163.780674,7.376247,4.075919,5.001783
150584998469231,163.790675,7.362294,4.061458,5.034001
150585008470168,163.800676,7.353839,4.045037,5.059516
150585018471177,163.810677,7.360352,4.018017,5.071564
150585028472342,163.820678,7.378885,3.980124,5.074506
150585038473332,163.830679,7.40014,3.936304,5.077738
150585048474562,163.840681,7.418307,3.887975,5.088456
150585058475721,163.850682,7.434116,3.831045,5.108519
150585068476706,163.860683,7.450198,3.764891,5.134211
150585078477846,163.870684,7.463775,3.695185,5.165045
150585088478860,163.880685,7.473799,3.627512,5.198418
150585098480014,163.890686,7.485781,3.567878,5.222386
150585108481014,163.900687,7.502593,3.520632,5.230319
150585118482139,163.910688,7.519584,3.487738,5.227957
150585128483154,163.920689,7.536791,3.464849,5.218396
150585138484288,163.930690,7.552944,3.449049,5.20549
150585148485288,163.940691,7.566214,3.439412,5.192572
150585158486428,163.950692,7.572822,3.434447,5.186222
150585168487428,163.960693,7.575698,3.430488,5.184651
150585178488553,163.970695,7.578304,3.42575,5.183964
150585188489783,163.980696,7.580858,3.416745,5.186184
150585198490774,163.990697,7.580855,3.404352,5.194332
150585208491932,164.000698,7.578476,3.388893,5.207894
150585218492932,164.010699,7.573997,3.371621,5.225581
150585228494086,164.020700,7.567753,3.354941,5.24533
150585238495101,164.030701,7.561489,3.339389,5.264251
150585248496260,164.040702,7.548244,3.324845,5.292389
150585258497245,164.050703,7.522535,3.311737,5.337022
150585268498394,164.060704,7.486547,3.298039,5.395791
150585278499399,164.070705,7.445993,3.280101,5.462435
150585288500563,164.080707,7.407821,3.256995,5.527758
150585298501563,164.090708,7.375415,3.22874,5.58735
150585308502731,164.100709,7.348583,3.197613,5.640355
150585318503746,164.110710,7.326611,3.165444,5.686894
150585328504977,164.120711,7.305279,3.133233,5.731993
150585338506130,164.130712,7.280238,3.102606,5.780305
150585348507057,164.140713,7.25442,3.073226,5.828267
150585358508303,164.150714,7.232032,3.043518,5.871514
150585368509303,164.160715,7.212714,3.015497,5.909612
150585378510457,164.170716,7.19554,2.991885,5.94246
150585388511442,164.180717,7.183095,2.97106,5.96791
150585398512582,164.190719,7.174729,2.950862,5.987959
150585408513591,164.200720,7.168123,2.93077,6.005714
150585418514760,164.210721,7.162624,2.913189,6.020809
150585428515760,164.220722,7.15987,2.898235,6.031292
150585438516904,164.230723,7.157777,2.88962,6.037909
150585448517904,164.240724,7.151394,2.889001,6.045763
150585458519058,164.250725,7.139259,2.892434,6.058449
150585468520058,164.260726,7.123594,2.89634,6.074996
150585478521197,164.270727,7.103352,2.900857,6.09651
150585488522188,164.280728,7.078311,2.905231,6.123489
150585498523403,164.290729,7.048462,2.910691,6.15525
150585508524572,164.300731,7.009063,2.9134,6.198807
150585518525567,164.310732,6.964811,2.909742,6.250183
150585528526485,164.320732,6.924976,2.902893,6.297451
150585538527716,164.330734,6.890918,2.899613,6.336204
150585548528865,164.340735,6.859433,2.902148,6.369124
150585558529865,164.350736,6.832734,2.906573,6.395746
150585568531034,164.360737,6.814199,2.911768,6.413134
150585578532010,164.370738,6.801452,2.915067,6.425156
150585588533159,164.380739,6.792956,2.916982,6.433271
150585598534164,164.390740,6.784324,2.917548,6.44212
150585608535327,164.400741,6.777333,2.916568,6.449913
150585618536318,164.410742,6.775517,2.912643,6.453598
150585628537472,164.420743,6.779242,2.903842,6.453649
150585638538476,164.430744,6.7908,2.890338,6.447554
150585648539630,164.440746,6.810306,2.872809,6.434805
150585658540625,164.450747,6.834371,2.854425,6.417451
150585668541778,164.460748,6.86124,2.837667,6.396175
150585678542774,164.470749,6.889668,2.823026,6.372045
150585688544014,164.480750,6.918716,2.80933,6.346582
150585698545173,164.490751,6.94765,2.795813,6.320889
150585708546187,164.500752,6.977631,2.780919,6.294375
150585718547346,164.510753,7.010059,2.762471,6.266399
150585728548360,164.520754,7.046502,2.740664,6.235025
150585738549514,164.530756,7.083448,2.718077,6.202974
150585748550529,164.540757,7.119207,2.694574,6.17221
150585758551668,164.550758,7.153404,2.669646,6.143436
150585768552668,164.560759,7.184953,2.641823,6.118594
150585778553827,164.570760,7.212617,2.610775,6.099342
150585788554827,164.580761,7.237204,2.579316,6.083589
150585798555991,164.590762,7.258104,2.552086,6.070156
150585808556991,164.600763,7.273889,2.530943,6.060104
150585818558159,164.610764,7.284879,2.514684,6.053672
150585828559398,164.620765,7.295263,2.50185,6.046481
150585838560398,164.630766,7.310613,2.4896,6.032977
150585848561572,164.640768,7.332737,2.476734,6.011383
150585858562581,164.650769,7.357808,2.463296,5.986222
150585868563509,164.660770,7.374609,2.449441,5.971214
150585878564648,164.670771,7.378719,2.436509,5.971426
150585888565648,164.680772,7.378333,2.425061,5.976559
150585898566879,164.690773,7.379849,2.415123,5.978713
150585908568018,164.700774,7.384598,2.409699,5.97504
150585918569018,164.710775,7.39343,2.410714,5.96369
150585928570168,164.720776,7.405834,2.416485,5.94594
150585938571182,164.730777,7.417341,2.425247,5.928004
150585948572322,164.740778,7.428079,2.43533,5.910401
150585958573322,164.750779,7.439679,2.44499,5.891793
150585968574476,164.760780,7.451752,2.454091,5.872723
150585978575476,164.770781,7.464247,2.464055,5.852644
150585988576615,164.780783,7.474394,2.473935,5.835504
150585998577621,164.790784,7.478887,2.479934,5.827192
150586008578774,164.800785,7.478549,2.47482,5.8298
150586018579774,164.810786,7.474564,2.454646,5.843426
150586028580913,164.820787,7.466107,2.421569,5.867987
150586038582144,164.830788,7.452121,2.382718,5.901567
150586048583125,164.840789,7.43472,2.344656,5.938645
150586058584279,164.850790,7.415435,2.308156,5.976936
150586068585279,164.860791,7.397206,2.274427,6.012345
150586078586216,164.870792,7.38496,2.245787,6.038116
150586088587447,164.880793,7.378026,2.223046,6.054976
150586098588606,164.890795,7.375498,2.206983,6.063933
150586108589606,164.900796,7.378369,2.198412,6.063553
150586118590770,164.910797,7.385237,2.197201,6.055626
150586128591774,164.920798,7.395153,2.200541,6.042295
150586138592924,164.930799,7.407839,2.206115,6.0247
150586148593924,164.940800,7.4215,2.217382,6.003716
150586158595086,164.950801,7.434317,2.235947,5.980922
150586168596086,164.960802,7.444088,2.259537,5.959866
150586178597240,164.970803,7.450894,2.285259,5.941529
150586188598240,164.980804,7.456077,2.312692,5.924387
150586198599394,164.990805,7.45782,2.342209,5.910582
150586208600384,165.000806,7.454125,2.370863,5.903815
150586218601552,165.010808,7.443862,2.397426,5.906042
150586228602553,165.020809,7.426111,2.41768,5.920112
150586238603707,165.030810,7.415761,2.436905,5.925198
150586248604938,165.040811,7.403243,2.460771,5.930984
150586258605938,165.050812,7.383675,2.481241,5.946825
150586268607096,165.060813,7.368384,2.495677,5.959739
150586278608096,165.070814,7.353008,2.506174,5.974311
150586288609249,165.080815,7.332686,2.505337,5.999582
150586298610231,165.090816,7.3168,2.491192,6.024815
150586308611389,165.100817,7.304047,2.474517,6.04712
150586318612390,165.110818,7.289357,2.463907,6.069137
150586328613533,165.120820,7.273327,2.464323,6.088168
150586338614533,165.130821,7.259892,2.471907,6.101118
150586348615687,165.140822,7.251642,2.480478,6.107448
150586358616687,165.150823,7.24637,2.488235,6.110546
150586368617846,165.160824,7.243441,2.493946,6.111691
150586378618855,165.170825,7.241177,2.500946,6.111516
150586388620009,165.180826,7.237822,2.512662,6.110679
150586398621009,165.190827,7.23484,2.525998,6.108718
150586408622163,165.200828,7.235775,2.536207,6.103379
150586418623177,165.210829,7.23965,2.541063,6.096756
150586428624331,165.220830,7.244289,2.542057,6.090831
150586438625326,165.230831,7.247051,2.544894,6.086358
150586448626557,165.240833,7.249532,2.54981,6.081343
150586458627711,165.250834,7.257182,2.554854,6.070095
150586468628725,165.260835,7.268816,2.559167,6.054339
150586478629663,165.270836,7.279236,2.563726,6.039873
150586488630817,165.280837,7.284362,2.56877,6.031542
150586498631826,165.290838,7.283562,2.575119,6.029799
150586508633056,165.300839,7.279379,2.582214,6.031817
150586518634210,165.310840,7.274698,2.589033,6.03454
150586528635210,165.320841,7.269696,2.595604,6.037747
150586538636359,165.330842,7.263059,2.604163,6.042043
150586548637345,165.340843,7.254524,2.612728,6.048593
150586558638499,165.350844,7.244262,2.619098,6.05813
150586568639499,165.360845,7.234123,2.621856,6.069053
150586578640648,165.370847,7.225346,2.621399,6.079686
150586588641638,165.380848,7.21807,2.620262,6.088819
150586598642787,165.390849,7.210536,2.620832,6.097491
150586608643792,165.400850,7.201159,2.625997,6.106349
150586618644933,165.410851,7.190592,2.634796,6.115002
150586628645937,165.420852,7.180181,2.645382,6.122655
150586638647091,165.430853,7.171369,2.65458,6.129005
150586648648307,165.440854,7.166332,2.662554,6.131435
150586658649321,165.450855,7.16468,2.669434,6.130375
150586668650494,165.460856,7.166671,2.672898,6.126534
150586678651494,165.470857,7.170976,2.672736,6.12157
150586688652633,165.480859,7.17576,2.670345,6.117002
150586698653556,165.490860,7.179181,2.666783,6.114542
150586708654802,165.500861,7.179538,2.662305,6.11608
150586718655802,165.510862,7.1785,2.655694,6.120163
150586728656956,165.520863,7.184372,2.645305,6.117772
150586738657956,165.530864,7.194298,2.632665,6.11156
150586748659114,165.540865,7.200551,2.620313,6.109504
150586758660114,165.550866,7.208712,2.605718,6.106118
150586768661288,165.560867,7.232085,2.58855,6.085748
150586778662283,165.570868,7.265168,2.579276,6.050174
150586788663446,165.580869,7.297909,2.578257,6.011081
150586798664442,165.590870,7.313258,2.591874,5.986521
150586808665591,165.600872,7.329344,2.610583,5.958657
150586818666591,165.610873,7.363961,2.634134,5.905368
150586828667729,165.620874,7.416126,2.660121,5.827932
150586838668729,165.630875,7.474955,2.693367,5.736793
150586848669869,165.640876,7.534141,2.731334,5.640614
150586858671114,165.650877,7.590472,2.768972,5.545951
150586868672114,165.660878,7.635552,2.804425,5.465669
150586878673259,165.670879,7.664717,2.837367,5.407538
150586888674264,165.680880,7.682481,2.866271,5.366934
150586898675417,165.690881,7.693629,2.893126,5.33646
150586908676413,165.700882,7.699762,2.918873,5.313555
150586918677323,165.710883,7.696149,2.940159,5.307047
150586928678547,165.720885,7.677215,2.954936,5.32623
150586938679701,165.730886,7.649832,2.959426,5.363011
150586948680687,165.740887,7.626322,2.955125,5.398745
150586958681860,165.750888,7.636545,2.943807,5.390471
150586968682860,165.760889,7.672935,2.939265,5.34105
150586978684018,165.770890,7.715319,2.943587,5.277227
150586988685018,165.780891,7.758539,2.956015,5.206448
150586998686172,165.790892,7.795269,2.972906,5.141558
150587008687398,165.800893,7.822718,2.993533,5.087617
150587018688321,165.810894,7.837121,3.018062,5.050822
150587028689537,165.820896,7.838981,3.044939,5.031765
150587038690460,165.830896,7.832388,3.072435,5.025316
150587048691677,165.840898,7.821553,3.09871,5.026061
150587058692657,165.850899,7.811774,3.122156,5.026761
150587068693811,165.860900,7.804013,3.142775,5.025971
150587078694740,165.870901,7.799582,3.16079,5.021549
150587088695986,165.880902,7.79724,3.177137,5.014857
150587098696986,165.890903,7.797031,3.193189,5.004987
150587108698125,165.900904,7.79971,3.208837,4.990783
150587118699125,165.910905,7.806923,3.221004,4.971627
150587128700294,165.920906,7.817862,3.22897,4.94922
150587138701202,165.930907,7.829263,3.235106,4.92714
150587148702509,165.940909,7.839023,3.24019,4.908251
150587158703663,165.950910,7.847913,3.242945,4.892197
150587168704663,165.960911,7.856975,3.241644,4.878488
150587178705596,165.970912,7.867108,3.237263,4.865055
150587188706827,165.980913,7.879102,3.230714,4.849972
150587198707689,165.990914,7.89275,3.223488,4.832561
150587208708995,166.000915,7.906956,3.216611,4.813877
150587218709928,166.010916,7.919256,3.211125,4.797293
150587228711177,166.020917,7.928745,3.207977,4.783712
150587238712331,166.030918,7.93606,3.207108,4.77215
150587248713331,166.040919,7.942285,3.206202,4.762394
150587258714270,166.050920,7.946721,3.203655,4.756703
150587268715499,166.060921,7.948782,3.200896,4.755115
150587278716668,166.070923,7.948173,3.198937,4.757447
150587288717668,166.080924,7.945554,3.198938,4.761827
150587298718821,166.090925,7.940977,3.20131,4.767865
150587308720052,166.100926,7.935357,3.204854,4.774831
150587318720975,166.110927,7.929379,3.209886,4.781375
150587328722206,166.120928,7.923064,3.21726,4.786887
150587338723129,166.130929,7.916914,3.227332,4.790276
150587348724355,166.140930,7.911257,3.23967,4.791301
150587358725360,166.150931,7.905683,3.25293,4.791517
150587368726518,166.160933,7.899348,3.265997,4.793076
150587378727441,166.170933,7.893028,3.276327,4.796431
150587388728686,166.180935,7.889155,3.280911,4.79967
150587398729682,166.190936,7.89094,3.278071,4.798677
150587408730836,166.200937,7.897391,3.271043,4.792857
150587418731836,166.210938,7.90519,3.262117,4.786078
150587428732990,166.220939,7.911828,3.251443,4.782376
150587438734004,166.230940,7.916803,3.238307,4.783055
150587448735226,166.240941,7.920122,3.221535,4.788872
150587458736151,166.250942,7.922349,3.201429,4.798672
150587468737379,166.260943,7.923844,3.180204,4.810299
150587478738303,166.270944,7.924997,3.159865,4.821794
150587488739532,166.280946,7.927687,3.141107,4.829613
150587498740672,166.290947,7.933317,3.122479,4.832453
150587508741677,166.300948,7.942663,3.104225,4.828858
150587518742836,166.310949,7.955044,3.087779,4.819012
150587528743831,166.320950,7.968873,3.076687,4.803241
150587538744982,166.330951,7.98228,3.076922,4.780774
150587548746197,166.340952,7.991465,3.087827,4.758346
150587558747091,166.350953,7.999255,3.103231,4.735173
150587568748324,166.360954,8.006829,3.117721,4.712803
150587578749310,166.370955,8.014338,3.128492,4.692861
150587588750461,166.380956,8.023173,3.133489,4.674391
150587598751461,166.390957,8.033132,3.132783,4.657733
150587608752678,166.400959,8.043681,3.127126,4.643298
150587618753586,166.410960,8.056308,3.119907,4.626237
150587628754812,166.420961,8.072073,3.123228,4.596424
150587638755752,166.430962,8.086694,3.140293,4.558941
150587648756968,166.440963,8.106028,3.163283,4.50843
150587658758108,166.450964,8.133421,3.18747,4.441557
150587668759091,166.460965,8.164963,3.214895,4.363238
150587678760240,166.470966,8.197611,3.246101,4.278087
150587688761467,166.480967,8.230129,3.281568,4.187636
150587698762390,166.490968,8.260209,3.322263,4.095297
150587708763621,166.500970,8.288376,3.368149,3.999792
150587718764558,166.510971,8.318335,3.416835,3.894932
150587728765790,166.520972,8.352547,3.466169,3.776324
150587738767028,166.530973,8.391784,3.516113,3.640728
150587748768048,166.540974,8.434874,3.567977,3.487473
150587758768971,166.550975,8.480717,3.625935,3.312102
150587768770206,166.560976,8.527769,3.693939,3.109972
150587778771129,166.570977,8.573355,3.773671,2.880465
150587788772360,166.580978,8.61179,3.860114,2.641327
150587798773519,166.590980,8.637943,3.942345,2.425669
150587808774731,166.600981,8.651938,4.013529,2.252897
150587818775740,166.610982,8.657662,4.070459,2.125157
150587828776909,166.620983,8.660556,4.110856,2.033632
150587838777861,166.630984,8.665583,4.134469,1.963101
150587848779091,166.640985,8.6759,4.14373,1.896913
150587858780096,166.650986,8.692992,4.142065,1.820777
150587868781327,166.660987,8.715074,4.136109,1.726279
150587878782264,166.670988,8.740317,4.128543,1.613048
150587888783497,166.680989,8.766541,4.121279,1.484205
150587898784646,166.690991,8.788929,4.118587,1.353499
150587908785654,166.700992,8.803982,4.119382,1.249223
150587918786798,166.710993,8.808106,4.13161,1.177736
150587928788029,166.720994,8.801316,4.157582,1.136371
150587938788952,166.730995,8.789644,4.189602,1.1088
150587948790183,166.740996,8.777062,4.220731,1.090237
150587958791183,166.750997,8.767177,4.250569,1.053232
150587968792413,166.760998,8.754963,4.289221,0.996608
150587978793557,166.771000,8.738731,4.340052,0.915713
150587988794562,166.781001,8.720847,4.393633,0.826311
150587998795726,166.791002,8.698831,4.451175,0.746598
150588008796942,166.801003,8.673694,4.512891,0.663995
150588018797865,166.811004,8.64602,4.577838,0.574228
150588028799091,166.821005,8.61802,4.640206,0.488122
150588038800087,166.831006,8.590746,4.698302,0.406184
150588048801308,166.841007,8.565943,4.750419,0.313217
150588058802443,166.851008,8.54318,4.797021,0.206561
150588068803443,166.861009,8.519872,4.841541,0.1063
150588078804348,166.871010,8.495027,4.886126,0.015581
150588088805581,166.881012,8.468579,4.931353,-0.070379
150588098806732,166.891013,8.443553,4.972291,-0.150825
150588108807961,166.901014,8.42106,5.007759,-0.21935
150588118808899,166.911015,8.397768,5.044115,-0.272865
150588128810132,166.921016,8.375212,5.079035,-0.315014
150588138811346,166.931017,8.354073,5.109819,-0.373171
150588148812346,166.941018,8.33362,5.137443,-0.444379
150588158813271,166.951019,8.315536,5.160065,-0.515392
150588168814717,166.961021,8.302285,5.174933,-0.576307
150588178815649,166.971022,8.295484,5.18057,-0.621759
150588188816879,166.981023,8.295419,5.176763,-0.653563
150588198817794,166.991024,8.301939,5.163234,-0.677335
150588208819108,167.001025,8.314939,5.140395,-0.691424
150588218820260,167.011026,8.333447,5.108978,-0.701453
150588228821260,167.021027,8.351108,5.076527,-0.726552
150588238822433,167.031028,8.364534,5.047547,-0.772529
150588248823664,167.041030,8.375175,5.021412,-0.825755
150588258824582,167.051031,8.383316,4.997103,-0.888202
150588268825813,167.061032,8.38831,4.975608,-0.958953
150588278826823,167.071033,8.390118,4.956571,-1.038423
150588288828056,167.081034,8.387431,4.941247,-1.129208
150588298829178,167.091035,8.380043,4.92998,-1.228921
150588308830423,167.101036,8.371122,4.918974,-1.329672
150588318831351,167.111037,8.365381,4.902446,-1.42352
150588328832587,167.121039,8.364596,4.878237,-1.508775
150588338833601,167.131040,8.368468,4.847369,-1.584855
150588348834837,167.141041,8.375034,4.813798,-1.651106
150588358835991,167.151042,8.381633,4.783023,-1.706156
150588368836993,167.161043,8.387297,4.757811,-1.748282
150588378838217,167.171044,8.39339,4.738441,-1.771478
150588388839351,167.181045,8.399107,4.726983,-1.774988
150588398840346,167.191046,8.401795,4.726042,-1.764753
150588408841582,167.201048,8.399889,4.736629,-1.745343
150588418842492,167.211048,8.392742,4.758419,-1.720285
150588428843721,167.221050,8.38142,4.788883,-1.690689
150588438844880,167.231051,8.367776,4.82429,-1.657292
150588448846118,167.241052,8.353641,4.861162,-1.620425
150588458847347,167.251053,8.339945,4.89627,-1.584891
150588468848342,167.261054,8.326376,4.928864,-1.554898
150588478849296,167.271055,8.312001,4.960354,-1.531526
150588488850529,167.281057,8.295658,4.993314,-1.512906
150588498851689,167.291058,8.2769,5.028227,-1.499937
150588508852913,167.301059,8.256634,5.066423,-1.483012
150588518853908,167.311060,8.234098,5.108918,-1.4624
150588528855139,167.321061,8.20759,5.155789,-1.446837
150588538856293,167.331062,8.177278,5.206774,-1.435835
150588548857281,167.341063,8.144506,5.260359,-1.426741
150588558858515,167.351065,8.110567,5.31467,-1.418824
150588568859761,167.361066,8.07571,5.368726,-1.414107
150588578860697,167.371067,8.040105,5.421204,-1.416767
150588588862158,167.381068,8.004377,5.471542,-1.425559
150588598863067,167.391069,7.969047,5.518991,-1.440511
150588608864312,167.401070,7.934919,5.562904,-1.459838
150588618865310,167.411071,7.903512,5.601827,-1.481207
150588628866539,167.421073,7.878502,5.631431,-1.502076
150588638867770,167.431074,7.861896,5.650515,-1.517325
150588648868914,167.441075,7.852981,5.660036,-1.527976
150588658869823,167.451076,7.850135,5.66143,-1.537408
150588668871033,167.461077,7.85253,5.656103,-1.544777
150588678872028,167.471078,7.858375,5.646868,-1.548812
150588688873264,167.481079,7.863832,5.63876,-1.550645
150588698874189,167.491080,7.865657,5.634762,-1.555927
150588708875651,167.501082,7.863832,5.635417,-1.562749
150588718876664,167.511083,7.858676,5.641416,-1.567049
150588728877909,167.521084,7.852154,5.648872,-1.572869
150588738879058,167.531085,7.846199,5.655899,-1.577314
150588748880288,167.541086,7.84223,5.662438,-1.573592
150588758881211,167.551087,7.839416,5.669607,-1.561765
150588768882519,167.561089,7.83718,5.677634,-1.543726
150588778883456,167.571089,7.835044,5.68788,-1.516605
150588788884904,167.581091,7.831393,5.702739,-1.479215
150588798885832,167.591092,7.824927,5.723126,-1.433995
150588808887048,167.601093,7.815555,5.748085,-1.384419
150588818888033,167.611094,7.803285,5.776234,-1.33561
150588828889264,167.621095,7.787864,5.806384,-1.29423
150588838890431,167.631096,7.771219,5.835921,-1.261022
150588848891667,167.641098,7.755833,5.863365,-1.22801
150588858892648,167.651099,7.743514,5.8878,-1.188187
150588868893879,167.661100,7.733938,5.909722,-1.140788
150588878895038,167.671101,7.725573,5.930553,-1.088151
150588888896269,167.681102,7.718264,5.949586,-1.034798
150588898897254,167.691103,7.713447,5.964339,-0.984573
150588908898490,167.701104,7.711457,5.974159,-0.939598
150588918899429,167.711105,7.711848,5.979892,-0.899053
150588928900657,167.721107,7.713135,5.984885,-0.853666
150588938901811,167.731108,7.71369,5.990728,-0.806329
150588948903114,167.741109,7.711119,5.999981,-0.760871
150588958904059,167.751110,7.704071,6.015199,-0.710401
150588968905288,167.761111,7.697206,6.030088,-0.656554
150588978906442,167.771112,7.698216,6.035221,-0.594609
150588988907758,167.781114,7.705218,6.02932,-0.562966
150588998908687,167.791115,7.717713,6.015162,-0.542912
150589008909917,167.801116,7.737206,5.990891,-0.533721
150589018911066,167.811117,7.759611,5.960977,-0.54333
150589028912311,167.821118,7.779836,5.932311,-0.567268
150589038913326,167.831119,7.795309,5.909672,-0.590711
150589048914566,167.841121,7.806016,5.893675,-0.608845
150589058915720,167.851122,7.810863,5.886094,-0.619963
150589068916961,167.861123,7.808449,5.88873,-0.625304
150589078917961,167.871124,7.799025,5.900726,-0.629822
150589088919186,167.881125,7.787855,5.91621,-0.62272
150589098920326,167.891126,7.782719,5.925213,-0.600952
150589108921562,167.901128,7.786485,5.922196,-0.581623
150589118922566,167.911129,7.79724,5.909873,-0.562545
150589128923793,167.921130,7.814536,5.887658,-0.555482
150589138924947,167.931131,7.834599,5.861066,-0.554068
150589148926191,167.941132,7.856106,5.832746,-0.548364
150589158927197,167.951133,7.8795,5.802632,-0.531961
150589168928417,167.961134,7.901955,5.773665,-0.513657
150589178929342,167.971135,7.920789,5.748127,-0.509973
150589188930571,167.981137,7.936415,5.726995,-0.504841
150589198931730,167.991138,7.944693,5.717671,-0.479744
150589208933038,168.001139,7.947108,5.716703,-0.450314
150589218933961,168.011140,7.942414,5.726238,-0.410235
150589228935403,168.021141,7.929972,5.746891,-0.358849
150589238936327,168.031142,7.910322,5.777208,-0.301237
150589248937653,168.041144,7.884811,5.81472,-0.242475
150589258938807,168.051145,7.857593,5.85352,-0.185746
150589268940043,168.061146,7.8306,5.891106,-0.12857
150589278941033,168.071147,7.805742,5.924911,-0.076283
150589288942172,168.081148,7.787064,5.949894,-0.020272
150589298943159,168.091149,7.777254,5.962597,0.042094
150589308944610,168.101151,7.772235,5.968062,0.120825
150589318945534,168.111152,7.767371,5.971488,0.221911
150589328946764,168.121153,7.761062,5.974632,0.331229
150589338947764,168.131154,7.753793,5.978085,0.425662
150589348949236,168.141155,7.749744,5.979336,0.478559
150589358950154,168.151156,7.749115,5.977618,0.509229
150589368951457,168.161157,7.753231,5.970977,0.524324
150589378952371,168.171158,7.764878,5.956237,0.519517
150589388953808,168.181160,7.782306,5.935814,0.491736
150589398954798,168.191161,7.802843,5.912112,0.450074
150589408956029,168.201162,7.824491,5.886011,0.414966
150589418956937,168.211163,7.846949,5.857299,0.396777
150589428958399,168.221164,7.870508,5.82607,0.389871
150589438959303,168.231165,7.894886,5.792951,0.39049
150589448960544,168.241167,7.918989,5.759547,0.39648
150589458961560,168.251168,7.942312,5.727126,0.399686
150589468963019,168.261169,7.96409,5.696806,0.399605
150589478963956,168.271170,7.981498,5.672277,0.401149
150589488965260,168.281171,7.990613,5.658938,0.408042
150589498966418,168.291172,7.989688,5.659367,0.420102
150589508967649,168.301174,7.981487,5.669596,0.437726
150589518968654,168.311175,7.970789,5.682427,0.465381
150589528969890,168.321176,7.959947,5.695513,0.49029
150589538970820,168.331177,7.948207,5.710594,0.505144
150589548972049,168.341178,7.935296,5.727238,0.519427
150589558973293,168.351179,7.92233,5.74222,0.550968
150589568974524,168.361181,7.910316,5.753908,0.59953
150589578975678,168.371182,7.900992,5.761892,0.64421
150589588976895,168.381183,7.892006,5.768878,0.690171
150589598977899,168.391184,7.880106,5.77786,0.748517
150589608979145,168.401185,7.86337,5.792007,0.812423
150589618980279,168.411186,7.840897,5.812876,0.877943
150589628981510,168.421188,7.817804,5.833851,0.942382
150589638982510,168.431189,7.797166,5.848371,1.020192
150589648983741,168.441190,7.782313,5.853067,1.103298
150589658984895,168.451191,7.776104,5.846351,1.180003
150589668986116,168.461192,7.780842,5.829918,1.229027
150589678987116,168.471193,7.791741,5.808144,1.262628
150589688988332,168.481194,7.802407,5.787401,1.291685
150589698989481,168.491195,7.812128,5.768817,1.315827
150589708990712,168.501197,7.822136,5.752053,1.3297
150589718991716,168.511198,7.831745,5.738465,1.331832
150589728992938,168.521199,7.841485,5.727103,1.323379
150589738994101,168.531200,7.85257,5.716688,1.302535
150589748995318,168.541201,7.864862,5.707905,1.266429
150589758996332,168.551202,7.87704,5.701464,1.218829
150589768997557,168.561204,7.890663,5.693743,1.165651
150589778998697,168.571205,7.905874,5.683105,1.113289
150589788999928,168.581206,7.920773,5.670653,1.070037
150589799000944,168.591207,7.93408,5.65925,1.031128
150589809002399,168.601208,7.945825,5.648671,0.998206
150589819003322,168.611209,7.957134,5.637636,0.970104
150589829004582,168.621211,7.966906,5.628273,0.943886
150589839005827,168.631212,7.973976,5.621649,0.923481
150589849007042,168.641213,7.978236,5.618188,0.907579
150589859007970,168.651214,7.980054,5.617474,0.895983
150589869009283,168.661215,7.980218,5.618676,0.886881
150589879010422,168.671216,7.979237,5.620922,0.881471
150589889011653,168.681218,7.977079,5.623999,0.881382
150589899012581,168.691219,7.972634,5.628973,0.889832
150589909013894,168.701220,7.963756,5.638358,0.909665
150589919015061,168.711221,7.949864,5.653049,0.939517
150589929016292,168.721222,7.932574,5.670791,0.97797
150589939017297,168.731223,7.914835,5.687496,1.023602
150589949018523,168.741225,7.900125,5.698762,1.07341
150589959019691,168.751226,7.890382,5.702386,1.124576
150589969020917,168.761227,7.885402,5.69959,1.17268
150589979021908,168.771228,7.884437,5.692167,1.214459
150589989023369,168.781229,7.886151,5.681767,1.251447
150589999024268,168.791230,7.888337,5.671297,1.284743
150590009025571,168.801232,7.889666,5.662547,1.314805
150590019026512,168.811233,7.889991,5.655624,1.34237
150590029027755,168.821234,7.889055,5.651259,1.366036
150590039028895,168.831235,7.887109,5.650302,1.38113
150590049030140,168.841236,7.884782,5.652997,1.383443
150590059031370,168.851237,7.882402,5.658239,1.375523
150590069032615,168.861239,7.879025,5.665732,1.363989
150590079033538,168.871240,7.873484,5.675754,1.354277
150590089034844,168.881241,7.865346,5.68818,1.349405
150590099035996,168.891242,7.8548,5.702171,1.3518
150590109037222,168.901243,7.843474,5.71568,1.360456
150590119038222,168.911244,7.832882,5.727768,1.370638
150590129039683,168.921246,7.823436,5.738905,1.377988
150590139040610,168.931247,7.815137,5.749627,1.380394
150590149041856,168.941248,7.807031,5.760958,1.379014
150590159042858,168.951249,7.798793,5.772792,1.376111
150590169044110,168.961250,7.791085,5.783701,1.373978
150590179045259,168.971251,7.784479,5.792892,1.372671
150590189046490,168.981252,7.778688,5.801214,1.370374
150590199047706,168.991254,7.773129,5.809776,1.365645
150590209048922,169.001255,7.767866,5.818848,1.356921
150590219049845,169.011256,7.762446,5.829168,1.343588
150590229051153,169.021257,7.755919,5.840934,1.330096
150590239052073,169.031258,7.746872,5.855002,1.320935
150590249053533,169.041260,7.735431,5.872101,1.312061
150590259054538,169.051261,7.721791,5.892353,1.30158
150590269055769,169.061262,7.708799,5.912879,1.285398
150590279056908,169.071263,7.697817,5.932007,1.262898
150590289058163,169.081264,7.689698,5.948193,1.235936
150590299059169,169.091265,7.680592,5.966896,1.201913
150590309060398,169.101266,7.664728,5.99523,1.161548
150590319061552,169.111268,7.642113,6.027108,1.145457
150590329062778,169.121269,7.616348,6.058644,1.150692
150590339063999,169.131270,7.59234,6.086519,1.16217
150590349065230,169.141271,7.570913,6.111492,1.170868
150590359066230,169.151272,7.552145,6.134285,1.172881
150590369067456,169.161273,7.537244,6.152912,1.17117
150590379068610,169.171275,7.529023,6.164351,1.163836
150590389069855,169.181276,7.527274,6.16919,1.149469
150590399070778,169.191277,7.530161,6.16932,1.129647
150590409072077,169.201278,7.538999,6.161971,1.110691
150590419073230,169.211279,7.551162,6.149235,1.09857
150590429074451,169.221280,7.562273,6.13623,1.094874
150590439075446,169.231281,7.570219,6.126712,1.093229
150590449076918,169.241283,7.574996,6.122013,1.086454
150590459077826,169.251284,7.576844,6.122227,1.072262
150590469079048,169.261285,7.576972,6.125567,1.052103
150590479080278,169.271286,7.576547,6.129599,1.031469
150590489081504,169.281288,7.576616,6.1315,1.01961
150590499082504,169.291289,7.579272,6.130461,1.006037
150590509083739,169.301290,7.580652,6.130369,0.996131
150590519084889,169.311291,7.582164,6.130015,0.986789
150590529086105,169.321292,7.584591,6.129322,0.972338
150590539087115,169.331293,7.588835,6.126755,0.955232
150590549088346,169.341294,7.594783,6.12115,0.94381
150590559089499,169.351295,7.604695,6.111085,0.929091
150590569090725,169.361297,7.616994,6.09748,0.917716
150590579091710,169.371298,7.629895,6.08268,0.908674
150590589092956,169.381299,7.642672,6.068506,0.895974
150590599094110,169.391300,7.654331,6.056898,0.874733
150590609095423,169.401301,7.662333,6.050206,0.850692
150590619096352,169.411302,7.665979,6.04892,0.826634
150590629097811,169.421304,7.665951,6.052371,0.801282
150590639098739,169.431305,7.663752,6.059278,0.769466
150590649100044,169.441306,7.659886,6.068379,0.735432
150590659101196,169.451307,7.654589,6.078493,0.706477
150590669102437,169.461308,7.6489,6.087446,0.69089
150590679103432,169.471309,7.644705,6.094366,0.676157
150590689104663,169.481311,7.641652,6.099758,0.66192
150590699105828,169.491312,7.640059,6.103204,0.64842
150590709107124,169.501313,7.63863,6.105703,0.641644
150590719108054,169.511314,7.636614,6.108072,0.643125
150590729109285,169.521315,7.632432,6.112394,0.651629
150590739110528,169.531317,7.626933,6.118578,0.657928
150590749111773,169.541318,7.622271,6.123416,0.666893
150590759112899,169.551319,7.617511,6.127676,0.682018
150590769114153,169.561320,7.611933,6.132553,0.700196
150590779115153,169.571321,7.604601,6.139308,0.720391
150590789116384,169.581322,7.596868,6.146347,0.741625
150590799117523,169.591324,7.589012,6.153269,0.764283
150590809118754,169.601325,7.580416,6.16082,0.788426
150590819119754,169.611326,7.571405,6.168661,0.813298
150590829120990,169.621327,7.561998,6.176569,0.840361
150590839122210,169.631328,7.552949,6.183571,0.869707
150590849123446,169.641329,7.544841,6.189606,0.896715
150590859124600,169.651331,7.538672,6.193951,0.918354
150590869125831,169.661332,7.536682,6.194036,0.933993
150590879126836,169.671333,7.538222,6.190569,0.944492
150590889128082,169.681334,7.541774,6.18518,0.951424
150590899129232,169.691335,7.545304,6.179905,0.957675
150590909130461,169.701336,7.546734,6.176431,0.968791
150590919131437,169.711337,7.545708,6.174814,0.986893
150590929132904,169.721339,7.543043,6.174935,1.006316
150590939133837,169.731340,7.539296,6.175676,1.029597
150590949135116,169.741341,7.535281,6.177347,1.048737
150590959136044,169.751342,7.531417,6.179549,1.063441
150590969137519,169.761344,7.527831,6.181874,1.075276
150590979138534,169.771345,7.524163,6.184779,1.08422
150590989139764,169.781346,7.519676,6.189025,1.091063
150590999140914,169.791347,7.514086,6.194445,1.09878
150591009142145,169.801348,7.507386,6.200504,1.110373
150591019143149,169.811349,7.499669,6.206594,1.128327
150591029144380,169.821350,7.490671,6.212622,1.154621
150591039145534,169.831352,7.480668,6.218541,1.18718
150591049146836,169.841353,7.468791,6.225786,1.22341
150591059147761,169.851354,7.455385,6.234239,1.261542
150591069149228,169.861355,7.441608,6.242713,1.300409
150591079150226,169.871356,7.429342,6.249121,1.339143
150591089151472,169.881357,7.41897,6.253171,1.377198
150591099152611,169.891359,7.40999,6.255319,1.415303
150591109153846,169.901360,7.401467,6.256329,1.454867
150591119154783,169.911361,7.392643,6.256607,1.497882
150591129156102,169.921362,7.382683,6.257581,1.542295
150591139157254,169.931363,7.37226,6.26001,1.581776
150591149158471,169.941364,7.364072,6.26175,1.612739
150591159159485,169.951365,7.359886,6.261996,1.63078
150591169160716,169.961367,7.360697,6.259024,1.638516
150591179161966,169.971368,7.366204,6.251889,1.641021
150591189163210,169.981369,7.374244,6.243087,1.638406
150591199164364,169.991370,7.382536,6.234266,1.634665
150591209165605,170.001372,7.387834,6.228803,1.631532
150591219166605,170.011373,7.389204,6.226888,1.632643
150591229167836,170.021374,7.38754,6.227426,1.638094
150591239169005,170.031375,7.384935,6.228557,1.64554
150591249170235,170.041376,7.383263,6.228342,1.653824
150591259171235,170.051377,7.383744,6.225918,1.66081
150591269172692,170.061379,7.385861,6.221983,1.666126
150591279173615,170.071380,7.388715,6.217389,1.670621
150591289174908,170.081381,7.392055,6.212163,1.675289
150591299175819,170.091382,7.395879,6.206073,1.680974
150591309177279,170.101383,7.399543,6.199719,1.688258
150591319178283,170.111384,7.402334,6.19395,1.697175
150591329179528,170.121386,7.404226,6.189042,1.706812
150591339180682,170.131387,7.405675,6.185196,1.714458
150591349181971,170.141388,7.407464,6.181514,1.719983
150591359182896,170.151389,7.409267,6.177578,1.726341
150591369184110,170.161390,7.410751,6.173464,1.734677
150591379185259,170.171391,7.411714,6.169529,1.744534
150591389186509,170.181393,7.411461,6.166479,1.756363
150591399187509,170.191394,7.409119,6.165373,1.770074
150591409188725,170.201395,7.404772,6.166056,1.785795
150591419189881,170.211396,7.398564,6.168018,1.804673
150591429191172,170.221397,7.391629,6.170204,1.825478
150591439192341,170.231398,7.385699,6.170988,1.846707
150591449193572,170.241400,7.381108,6.170268,1.867362
150591459194601,170.251401,7.376941,6.169497,1.886283
150591469195831,170.261402,7.372449,6.170054,1.901948
150591479196985,170.271403,7.36702,6.173173,1.91284
150591489198206,170.281404,7.358314,6.179774,1.924993
150591499199191,170.291405,7.347885,6.190206,1.931313
150591509200403,170.301406,7.336863,6.202002,1.935356
150591519201564,170.311408,7.327656,6.212314,1.937161
150591529202779,170.321409,7.321636,6.219351,1.937351
150591539203798,170.331410,7.319945,6.222297,1.934276
150591549205242,170.341411,7.321889,6.222696,1.925617
150591559206240,170.351412,7.328054,6.220251,1.910006
150591569207465,170.361413,7.337023,6.215165,1.892034
150591579208619,170.371415,7.34745,6.207811,1.875648
150591589209851,170.381416,7.357008,6.200482,1.862374
150591599210881,170.391417,7.363215,6.195995,1.852758
150591609212109,170.401418,7.365181,6.195433,1.846811
150591619213265,170.411419,7.363633,6.198149,1.843871
150591629214480,170.421420,7.359122,6.2036,1.843544
150591639215475,170.431421,7.351244,6.212468,1.845113
150591649216706,170.441423,7.341025,6.223634,1.848165
150591659217862,170.451424,7.329425,6.235838,1.853075
150591669219172,170.461425,7.318178,6.247459,1.858372
150591679220102,170.471426,7.309746,6.255817,1.863447
150591689221563,170.481428,7.305652,6.259407,1.867418
150591699222552,170.491429,7.306072,6.25798,1.870556
150591709223778,170.501430,7.309886,6.253166,1.871757
150591719224946,170.511431,7.315822,6.246528,1.870735
150591729226149,170.521432,7.323586,6.238756,1.866279
150591739227156,170.531433,7.332812,6.230654,1.857091
150591749228389,170.541434,7.343604,6.222005,1.843408
150591759229538,170.551436,7.355757,6.212958,1.825381
150591769230832,170.561437,7.368012,6.204801,1.803561
150591779231757,170.571438,7.379373,6.198348,1.779139
150591789233222,170.581439,7.389727,6.19363,1.752383
150591799234217,170.591440,7.399102,6.190414,1.723957
150591809235448,170.601441,7.407793,6.188092,1.694716
150591819236601,170.611443,7.415592,6.186916,1.664645
150591829237904,170.621444,7.42207,6.1866,1.636704
150591839238829,170.631445,7.42824,6.185667,1.612087
150591849240053,170.641446,7.434933,6.183043,1.591148
150591859241207,170.651447,7.442588,6.178459,1.573059
150591869242443,170.661448,7.450315,6.173235,1.556904
150591879243443,170.671449,7.456686,6.169252,1.542125
150591889244668,170.681451,7.461283,6.167484,1.526879
150591899245899,170.691452,7.464882,6.167446,1.509346
150591909247130,170.701453,7.468452,6.16764,1.490797
150591919248060,170.711454,7.470255,6.168653,1.477491
150591929249526,170.721456,7.470901,6.16838,1.475369
150591939250524,170.731457,7.469657,6.169463,1.477133
150591949251666,170.741458,7.46872,6.170989,1.475498
150591959252894,170.751459,7.470716,6.169661,1.470928
150591969254192,170.761460,7.478602,6.161535,1.464904
150591979255117,170.771461,7.493122,6.145608,1.457609
150591989256577,170.781463,7.513413,6.123145,1.447673
150591999257495,170.791463,7.538103,6.093691,1.443583
150592009258799,170.801465,7.56826,6.057241,1.439187
150592019259722,170.811466,7.603067,6.015659,1.430119
150592029261187,170.821467,7.640216,5.971419,1.417478
150592039262192,170.831468,7.673996,5.93029,1.407646
150592049263423,170.841469,7.698591,5.898701,1.406071
150592059264587,170.851471,7.710871,5.879913,1.417445
150592069265832,170.861472,7.711235,5.873921,1.440106
150592079266834,170.871473,7.70343,5.877268,1.467959
150592089268054,170.881474,7.691606,5.884269,1.50151
150592099269204,170.891475,7.678288,5.891045,1.542557
150592109270438,170.901476,7.664951,5.895288,1.591876
150592119271683,170.911478,7.653554,5.895872,1.643702
150592129272683,170.921479,7.643462,5.894963,1.693183
150592139273844,170.931480,7.633731,5.894376,1.738534
150592149275155,170.941481,7.622396,5.896118,1.781811
150592159276070,170.951482,7.609869,5.900094,1.821742
150592169277539,170.961484,7.597255,5.904413,1.859991
150592179278538,170.971485,7.58613,5.906507,1.898374
150592189279769,170.981486,7.578237,5.904753,1.934986
150592199281014,170.991487,7.573051,5.899545,1.970856
150592209282245,171.001488,7.56752,5.893268,2.010467
150592219283168,171.011489,7.559983,5.888002,2.053797
150592229284395,171.021490,7.552815,5.884213,2.090702
150592239285625,171.031492,7.546757,5.880544,2.122639
150592249286779,171.041493,7.540945,5.878106,2.149887
150592259288010,171.051494,7.539179,5.873241,2.169278
150592269289241,171.061495,7.54552,5.866395,2.165766
150592279290245,171.071496,7.558371,5.857604,2.14464
150592289291395,171.081497,7.575676,5.847397,2.111174
150592299292626,171.091499,7.595666,5.835911,2.070746
150592309293856,171.101500,7.617339,5.821615,2.030985
150592319294858,171.111501,7.638956,5.805199,1.996489
150592329296100,171.121502,7.658386,5.788186,1.97131
150592339297271,171.131503,7.676995,5.772089,1.94594
150592349298504,171.141505,7.693575,5.757311,1.924128
150592359299519,171.151506,7.705103,5.745219,1.914118
150592369300965,171.161507,7.709691,5.738739,1.915087
150592379301965,171.171508,7.706784,5.739496,1.924493
150592389303196,171.181509,7.695056,5.748989,1.943005
150592399304350,171.191510,7.675748,5.766534,1.967216
150592409305581,171.201512,7.653677,5.788231,1.989358
150592419306583,171.211513,7.632892,5.809566,2.00695
150592429307737,171.221514,7.616065,5.827859,2.017824
150592439308968,171.231515,7.604146,5.843146,2.018571
150592449310201,171.241516,7.597848,5.855261,2.007134
150592459311188,171.251517,7.596801,5.863238,1.98772
150592469312648,171.261519,7.601964,5.864674,1.963589
150592479313571,171.271520,7.613668,5.858196,1.937414
150592489314802,171.281521,7.629641,5.845747,1.912008
150592499316019,171.291522,7.648198,5.829632,1.886915
150592509317240,171.301523,7.667997,5.812367,1.859622
150592519318254,171.311524,7.687705,5.795882,1.829446
150592529319471,171.321525,7.706602,5.781089,1.796451
150592539320625,171.331527,7.724973,5.768046,1.759095
150592549321856,171.341528,7.742137,5.757163,1.718827
150592559323087,171.351529,7.75744,5.747906,1.680376
150592569324092,171.361530,7.77107,5.739673,1.645191
150592579325336,171.371531,7.783626,5.731945,1.612446
150592589326495,171.381532,7.795694,5.72369,1.583196
150592599327726,171.391534,7.808056,5.713512,1.558843
150592609328967,171.401535,7.820213,5.701978,1.540046
150592619329981,171.411536,7.831978,5.689263,1.527228
150592629331135,171.421537,7.841607,5.67839,1.518251
150592639332366,171.431538,7.848191,5.671269,1.510814
150592649333581,171.441540,7.85205,5.668167,1.502403
150592659334579,171.451541,7.854476,5.667785,1.491125
150592669335822,171.461542,7.856654,5.668908,1.475289
150592679337048,171.471543,7.858882,5.670854,1.455807
150592689338188,171.481544,7.860707,5.674,1.433523
150592699339419,171.491545,7.8623,5.677862,1.409288
150592709340419,171.501546,7.864402,5.681275,1.383549
150592719341664,171.511548,7.867583,5.683252,1.357109
150592729342817,171.521549,7.871186,5.684787,1.329518
150592739344038,171.531550,7.874722,5.686009,1.303112
150592749345240,171.541551,7.877371,5.687752,1.279266
150592759346236,171.551552,7.878135,5.691634,1.25708
150592769347467,171.561553,7.876611,5.698479,1.235461
150592779348683,171.571555,7.872409,5.708677,1.214978
150592789349831,171.581556,7.866267,5.721407,1.194746
150592799351062,171.591557,7.858629,5.736177,1.173986
150592809352077,171.601558,7.849851,5.752017,1.155053
150592819353313,171.611559,7.84191,5.76636,1.137317
150592829354544,171.621561,7.836494,5.777369,1.11864
150592839355700,171.631562,7.834089,5.784268,1.099689
150592849356929,171.641563,7.834205,5.787702,1.080621
150592859357929,171.651564,7.835519,5.78956,1.060995
150592869359159,171.661565,7.836897,5.791004,1.042755
150592879360312,171.671566,7.838229,5.79241,1.024741
150592889361515,171.681568,7.839393,5.794584,1.003381
150592899362746,171.691569,7.840301,5.797731,0.977749
150592909363752,171.701570,7.840636,5.802091,0.948799
150592919364996,171.711571,7.840362,5.807313,0.918593
150592929366226,171.721572,7.838597,5.81414,0.890024
150592939367382,171.731573,7.834186,5.823289,0.868834
150592949368596,171.741575,7.827423,5.833455,0.861536
150592959369603,171.751576,7.819334,5.843447,0.867259
150592969370832,171.761577,7.811732,5.851643,0.880386
150592979372063,171.771578,7.805372,5.857758,0.895989
150592989373219,171.781579,7.800311,5.862289,0.910322
150592999374433,171.791580,7.796808,5.865853,0.917367
150593009375430,171.801581,7.795007,5.870645,0.901873
150593019376659,171.811583,7.794373,5.874952,0.879007
150593029377890,171.821584,7.797947,5.874084,0.852751
150593039379036,171.831585,7.807669,5.865376,0.823225
150593049380284,171.841586,7.824397,5.848563,0.783025
150593059381514,171.851588,7.846894,5.825799,0.725484
150593069382514,171.861589,7.870449,5.801544,0.661897
150593079383760,171.871590,7.889932,5.781984,0.598019
150593089384915,171.881591,7.897768,5.780064,0.506064
150593099386139,171.891592,7.888049,5.801606,0.399993
150593109387139,171.901593,7.865146,5.838481,0.302643
150593119388384,171.911594,7.832905,5.885454,0.216882
150593129389601,171.921596,7.791432,5.942738,0.132019
150593139390831,171.931597,7.741131,6.009443,0.039374
150593149391985,171.941598,7.684163,6.081915,-0.062541
150593159392986,171.951599,7.623746,6.155495,-0.1686
150593169394244,171.961600,7.562349,6.226997,-0.274522
150593179395480,171.971601,7.500837,6.295639,-0.377349
150593189396636,171.981603,7.440236,6.360777,-0.47268
150593199397850,171.991604,7.38184,6.421237,-0.562287
150593209398852,172.001605,7.325567,6.478749,-0.633942
150593219400095,172.011606,7.273065,6.532854,-0.681398
150593229401321,172.021607,7.225653,6.582821,-0.704555
150593239402552,172.031609,7.185354,6.628337,-0.689832
150593249403698,172.041610,7.157574,6.663067,-0.642438
150593259404913,172.051611,7.142451,6.685271,-0.576648
150593269406149,172.061612,7.140129,6.693445,-0.506285
150593279407149,172.071613,7.147781,6.689916,-0.440697
150593289408385,172.081614,7.158764,6.681916,-0.379616
150593299409543,172.091616,7.168426,6.673935,-0.334996
150593309410774,172.101617,7.172926,6.670276,-0.310835
150593319412019,172.111618,7.167419,6.676491,-0.304213
150593329413244,172.121619,7.157689,6.687453,-0.292362
150593339414216,172.131620,7.147706,6.698565,-0.282031
150593349415358,172.141621,7.145276,6.701102,-0.283303
150593359416582,172.151623,7.148839,6.696924,-0.29205
150593369417827,172.161624,7.152158,6.693079,-0.298949
150593379419054,172.171625,7.15199,6.693069,-0.302996
150593389420056,172.181626,7.147174,6.69814,-0.304636
150593399421284,172.191627,7.138647,6.707338,-0.302181
150593409422515,172.201629,7.129164,6.717736,-0.294979
150593419423651,172.211630,7.120162,6.727887,-0.28081
150593429424880,172.221631,7.113744,6.735533,-0.259239
150593439426111,172.231632,7.11018,6.740291,-0.232081
150593449427097,172.241633,7.108365,6.743175,-0.201732
150593459428309,172.251634,7.107289,6.745202,-0.169424
150593469429548,172.261636,7.106694,6.746592,-0.1354
150593479430704,172.271637,7.106416,6.747519,-0.099147
150593489431904,172.281638,7.106364,6.748023,-0.061157
150593499432911,172.291639,7.105803,6.748858,-0.020726
150593509434159,172.301640,7.105219,6.749466,0.024522
150593519435390,172.311641,7.103489,6.750897,0.07636
150593529436625,172.321643,7.099427,6.754274,0.133575
150593539437765,172.331644,7.093414,6.759077,0.19586
150593549439005,172.341645,7.08559,6.764979,0.263522
150593559440241,172.351646,7.074582,6.773209,0.337543
150593569441238,172.361647,7.05776,6.786107,0.420456
150593579442486,172.371648,7.034096,6.804629,0.508435
150593589443642,172.381650,7.004791,6.827893,0.593939
150593599444870,172.391651,6.972769,6.853477,0.6711
150593609446096,172.401652,6.939679,6.880226,0.737123
150593619447117,172.411653,6.905904,6.908147,0.791221
150593629448348,172.421654,6.874071,6.934451,0.836997
150593639449569,172.431656,6.846485,6.956721,0.877281
150593649450798,172.441657,6.822383,6.975717,0.913451
150593659451951,172.451658,6.801892,6.99189,0.942162
150593669453192,172.461659,6.784935,7.005999,0.959483
150593679454413,172.471660,6.771268,7.018351,0.965769
150593689455427,172.481661,6.761162,7.028415,0.963367
150593699456658,172.491663,6.75461,7.03599,0.953977
150593709457909,172.501664,6.749334,7.043234,0.93774
150593719459037,172.511665,6.743469,7.05184,0.914975
150593729460278,172.521666,6.736838,7.061013,0.892795
150593739461514,172.531668,6.727159,7.07187,0.879753
150593749462745,172.541669,6.71482,7.083788,0.878119
150593759463742,172.551670,6.702559,7.094128,0.888292
150593769464985,172.561671,6.692798,7.100867,0.907819
150593779466132,172.571672,6.687152,7.1029,0.933185
150593789467357,172.581673,6.68373,7.102195,0.962586
150593799468600,172.591675,6.679906,7.101356,0.994801
150593809469846,172.601676,6.675529,7.100946,1.02656
150593819470831,172.611677,6.671827,7.100503,1.053353
150593829472062,172.621678,6.669397,7.099427,1.075758
150593839473284,172.631679,6.665946,7.099779,1.09466
150593849474448,172.641680,6.660608,7.102716,1.108039
150593859475677,172.651682,6.653793,7.108145,1.114139
150593869476903,172.661683,6.645229,7.115861,1.116006
150593879477884,172.671684,6.634341,7.125993,1.116112
150593889479363,172.681685,6.622007,7.137956,1.112914
150593899480361,172.691686,6.609197,7.150884,1.106073
150593909481576,172.701688,6.594268,7.165557,1.100193
150593919482812,172.711689,6.579002,7.180678,1.092978
150593929483968,172.721690,6.569108,7.189461,1.094748
150593939485197,172.731691,6.55876,7.195602,1.116241
150593949486208,172.741692,6.54624,7.202786,1.143094
150593959487437,172.751693,6.528546,7.214305,1.17127
150593969488682,172.761695,6.504318,7.232414,1.194164
150593979489908,172.771696,6.476004,7.255811,1.206075
150593989491078,172.781697,6.449342,7.278995,1.209227
150593999492321,172.791698,6.431753,7.295013,1.206375
