time,seconds_elapsed,z,y,x
150421328016514,0.120223,-0.1082125,0.0609125,0.0391875
150421338017745,0.130224,-0.168025,0.1892,0.0746625
150421348018951,0.140225,-0.2072125,0.2759625,0.117425
150421358020163,0.150226,-0.2327875,0.318725,0.156475
150421368021369,0.160227,-0.24255,0.3333,0.187
150421378022510,0.170229,-0.2352625,0.307725,0.2017125
150421388023744,0.180230,-0.20845,0.214775,0.1956625
150421398024975,0.190231,-0.1632125,0.0719125,0.16499999
150421408026201,0.200232,-0.117975,-0.0881375,0.10395
150421418027436,0.210233,-0.0935,-0.20185,0.051425
150421428028681,0.220235,-0.08745,-0.2336125,0.0331375
150421438029927,0.230236,-0.1021625,-0.19195,0.0367125
150421448030924,0.240237,-0.1216875,-0.100375,0.0611875
150421458032153,0.250238,-0.1387375,-0.001375,0.1076625
150421468033389,0.260239,-0.1387375,0.0669625,0.1271875
150421478034619,0.270241,-0.1155,0.0999625,0.0991375
150421488035850,0.280242,-0.0862125,0.092675,0.018424999
150421498037077,0.290243,-0.043449998,0.0889625,-0.0939125
150421508038308,0.300244,0.004125,0.1379125,-0.1843875
150421518039519,0.310246,0.0078375,0.2343,-0.2259125
150421528040674,0.320247,0.004125,0.363825,-0.21615
150421538041980,0.330248,-0.0031625,0.4873,-0.1684375
150421548043218,0.340249,0.0176,0.5641625,-0.10615
150421558044358,0.350250,0.11165,0.55935,-0.091437496
150421568045572,0.360252,0.1654125,0.534875,-0.0853875
150421578046773,0.370253,0.219175,0.451825,-0.0853875
150421588048004,0.380254,0.24365,0.3040125,-0.1013375
150421598049226,0.390255,0.246125,0.0584375,-0.1403875
150421608050457,0.400256,0.2338875,-0.0820875,-0.1769625
150421618051693,0.410258,0.373175,-0.2849,-0.1551
150421628052924,0.420259,0.428175,-0.4802875,-0.136675
150421638054155,0.430260,0.4904625,-0.7161,-0.0768625
150421648055375,0.440261,0.5075125,-0.6257625,-0.0011
150421658056376,0.450262,0.5490375,-0.619575,0.0771375
150421668057619,0.460264,0.5245625,-0.7063375,0.067375
150421678058836,0.470265,0.451275,-0.71005,-0.0243375
150421688060085,0.480266,0.4037,-0.65505,-0.11715
150421698061316,0.490267,0.390225,-0.508475,-0.21367499
150421708062547,0.500269,0.3975125,-0.1749,-0.3102
150421718063778,0.510270,0.3999875,-0.0331375,-0.3834875
150421728064934,0.520271,0.335225,0.2099625,-0.456775
150421738066239,0.530272,0.2057,0.3773,-0.4750625
150421748067409,0.540273,0.1276,0.4090625,-0.4079625
150421758068653,0.550275,0.0908875,0.2539625,-0.285725
150421768069879,0.560276,0.075075,0.0572,-0.1233375
150421778071124,0.570277,0.0506,-0.105325,0.062425
150421788072364,0.580278,-0.0166375,-0.2567125,0.217525
150421798073595,0.590280,-0.1692625,-0.506,0.319
150421808074826,0.600281,-0.106975,-0.8053375,0.4521
150421818076062,0.610282,-0.0801625,-0.8151,0.3862375
150421828077297,0.620283,-0.043449998,-0.605,0.28105
150421838078528,0.630285,-0.034925,-0.4877125,0.1186625
150421848079505,0.640286,-0.139975,-0.304425,0.0466125
150421858080749,0.650287,-0.1546875,-0.1186625,0.05995
150421868081965,0.660288,-0.1546875,-0.0246125,0.0111375
150421878083196,0.670289,-0.1265,0.0303875,-0.042625
150421888084431,0.680290,-0.0837375,0.065725,-0.108625
150421898085662,0.690292,-0.045925,0.124437496,-0.219725
150421908086893,0.700293,-0.014162499,0.236775,-0.3542
150421918088124,0.710294,0.020075,0.2673,-0.47025
150421928089326,0.720295,-0.028875,0.2905375,-0.5594875
150421938090548,0.730297,-0.0374,0.451825,-0.495825
150421948091779,0.740298,0.015125,0.451825,-0.3664375
150421958092991,0.750299,0.120175,0.38334998,-0.163625
150421968094222,0.760300,0.0884125,0.2490125,0.0551375
150421978095372,0.770301,0.07865,0.102437496,0.283525
150421988096600,0.780303,0.034649998,-0.072325,0.3788125
150421998097826,0.790304,-0.0092124995,-0.2299,0.32999998
150422008099072,0.800305,-0.067925,-0.3361875,0.2041875
150422018100303,0.810306,-0.095975,-0.43147498,0.045375
150422028101534,0.820308,-0.0716375,-0.5267625,-0.1013375
150422038102774,0.830309,-0.0251625,-0.5352875,-0.2063875
150422048104010,0.840310,0.004125,-0.37895,-0.257675
150422058105241,0.850311,0.0127875,-0.13585,-0.329725
150422068106458,0.860312,-0.0154,0.20019999,-0.4433
150422078107684,0.870314,-0.054449998,0.4420625,-0.5105375
150422088108915,0.880315,-0.106975,0.63635,-0.6645375
150422098109934,0.890316,-0.1705,0.721875,-0.81235
150422108111394,0.900317,-0.2242625,0.74387497,-0.8941625
150422118112642,0.910319,-0.3403125,0.9477875,-0.94545
150422128113882,0.920320,-0.59688747,1.2337875,-1.0054
150422138114882,0.930321,-0.8107,1.3338875,-1.0236875
150422148116110,0.940322,-0.87175,1.478125,-0.9284
150422158117336,0.950323,-0.780175,1.4524125,-0.7231125
150422168118567,0.960325,-0.6518875,1.225125,-0.45925
150422178119798,0.970326,-0.581075,0.90145,-0.208725
150422188121009,0.980327,-0.5566,0.4873,0.00385
150422198122239,0.990328,-0.55165,0.0572,0.1442375
150422208123470,1.000329,-0.5663625,-0.2959,0.19195
150422218124687,1.010331,-0.593175,-0.506,0.1687125
150422228125913,1.020332,-0.614075,-0.5267625,0.1076625
150422238127149,1.030333,-0.620125,-0.415525,0.0319
150422248128380,1.040334,-0.587125,-0.23595,-0.036575
150422258129611,1.050336,-0.51507497,-0.036849998,-0.0658625
150422268130856,1.060337,-0.42955,0.0864875,-0.06215
150422278132077,1.070338,-0.36355,0.0754875,-0.0268125
150422288133289,1.080339,-0.33055,-0.028324999,0.01595
150422298134525,1.090341,-0.306075,-0.2237125,0.040425
150422308135756,1.100342,-0.2817375,-0.404525,0.0526625
150422318136987,1.110343,-0.2682625,-0.451,0.0966625
150422328138218,1.120344,-0.26345,-0.3691875,0.1821875
150422338139448,1.130345,-0.249975,-0.2336125,0.29205
150422348140678,1.140347,-0.227975,-0.0991375,0.4008125
150422358141903,1.150348,-0.2035,-0.0198,0.4741
150422368143129,1.160349,-0.1802625,-0.0210375,0.49005
150422378144360,1.170350,-0.1546875,-0.0539,0.4533375
150422388145501,1.180352,-0.12045,-0.0820875,0.40205
150422398146816,1.190353,-0.0947375,-0.1040875,0.3458125
150422408148049,1.200354,-0.067925,-0.111375,0.283525
150422418149266,1.210355,-0.0422125,-0.1150875,0.2041875
150422428150477,1.220356,-0.029975,-0.138325,0.101475
150422438151703,1.230358,-0.045925,-0.1711875,-0.0023375
150422448152853,1.240359,-0.056925,-0.2677125,-0.1208625
150422458154172,1.250360,-0.0532125,-0.3179,-0.2014375
150422468155328,1.260361,-0.0496375,-0.2982375,-0.2369125
150422478156630,1.270363,-0.051975,-0.2457125,-0.251625
150422488157862,1.280364,-0.0471625,-0.1639,-0.2283875
150422498159088,1.290365,-0.032449998,-0.0759,-0.1623875
150422508160319,1.300366,-0.0264,-0.034375,-0.078099996
150422518161536,1.310368,-0.0264,-0.0820875,0.0209
150422528162767,1.320369,-0.043449998,-0.3227125,0.0501875
150422538163987,1.330370,-0.0642125,-0.4802875,0.0759
150422548165217,1.340371,-0.0336875,-0.5097125,0.117425
150422558166467,1.350372,-0.0801625,-0.414425,0.1552375
150422568167627,1.360374,-0.1632125,-0.276375,0.1491875
150422578168856,1.370375,-0.194975,-0.1076625,0.1296625
150422588170086,1.380376,-0.166925,0.020624999,0.0991375
150422598171413,1.390377,-0.1362625,0.043725,0.0759
150422608172646,1.400379,-0.12773749,0.0119624995,0.0746625
150422618173805,1.410380,-0.1326875,-0.050325,0.0856625
150422628175110,1.420381,-0.1485,-0.122375,0.09295
150422638176352,1.430382,-0.168025,-0.1601875,0.0917125
150422648177583,1.440384,-0.177925,-0.150425,0.0979
150422658178829,1.450385,-0.1827375,-0.116325,0.1442375
150422668180069,1.460386,-0.190025,-0.058849998,0.2127125
150422678181285,1.470387,-0.1962125,-0.0050875,0.2737625
150422688182516,1.480389,-0.1986875,0.037675,0.3117125
150422698183761,1.490390,-0.1912625,0.0669625,0.3287625
150422708185020,1.500391,-0.1692625,0.0584375,0.3067625
150422718186237,1.510392,-0.117975,0.009625,0.2432375
150422728187467,1.520393,-0.0496375,-0.056375,0.1601875
150422738188669,1.530395,-0.001925,-0.078375,0.073425
150422748189893,1.540396,0.0127875,-0.0515625,-0.020624999
150422758191134,1.550397,0.0127875,0.004675,-0.1098625
150422768192350,1.560398,0.0127875,0.0804375,-0.1782
150422778193581,1.570400,0.004125,0.1170125,-0.21367499
150422788194802,1.580401,-0.0154,0.09515,-0.229625
150422798196053,1.590402,-0.023924999,0.0523875,-0.2222
150422808197284,1.600403,-0.0276375,-0.012375,-0.2283875
150422818198715,1.610405,-0.0276375,-0.089375,-0.27115
150422828199717,1.620406,-0.02145,-0.1431375,-0.34925
150422838200927,1.630407,-0.0154,-0.1516625,-0.43353748
150422848202158,1.640408,-0.0044,-0.0748,-0.4653
150422858203633,1.650410,0.01155,0.0804375,-0.43353748
150422868204636,1.660411,0.034649998,0.2050125,-0.356675
150422878206095,1.670412,0.0543125,0.2222,-0.24915
150422888207342,1.680413,0.0653125,0.159775,-0.125675
150422898208318,1.690414,0.0603625,0.0279125,-0.0011
150422908209547,1.700416,0.0298375,-0.12485,0.0917125
150422918211008,1.710417,-0.0166375,-0.2409,0.123475
150422928212309,1.720418,-0.054449998,-0.2921875,0.0661375
150422938213237,1.730419,-0.0617375,-0.2531375,-0.0413875
150422948214701,1.740421,-0.0496375,-0.1296625,-0.125675
150422958215919,1.750422,-0.040975,0.02915,-0.147675
150422968217150,1.760423,-0.054449998,0.1854875,-0.103675
150422978218461,1.770424,-0.089925,0.27225,-0.014575
150422988219694,1.780426,-0.1302125,0.25025,0.10395
150422998220934,1.790427,-0.161975,0.1219625,0.22247499
150423008221872,1.800428,-0.1912625,-0.0638,0.3227125
150423018223413,1.810429,-0.21945,-0.2189,0.3837625
150423028224641,1.820431,-0.24145,-0.2946625,0.374
150423038225872,1.830432,-0.2487375,-0.2787125,0.283525
150423048227102,1.840433,-0.245025,-0.194425,0.145475
150423058228318,1.850434,-0.2327875,-0.0906125,0.0037125
150423068229530,1.860436,-0.21945,-0.0198,-0.147675
150423078230756,1.870437,-0.2072125,0.0169125,-0.2919125
150423088232002,1.880438,-0.1925,0.0559625,-0.384725
150423098233232,1.890439,-0.177925,0.07425,-0.417725
150423108234471,1.900440,-0.1705,0.043725,-0.389675
150423118235701,1.910442,-0.1607375,-0.0331375,-0.31515
150423128236947,1.920443,-0.1571625,-0.1065625,-0.2259125
150423138238182,1.930444,-0.1607375,-0.1529,-0.147675
150423148239428,1.940445,-0.1485,-0.1480875,-0.0891
150423158240659,1.950447,-0.1144,-0.10285,-0.053625
150423168241885,1.960448,-0.0814,-0.0528,-0.0523875
150423178243116,1.970449,-0.0606375,0.00715,-0.1013375
150423188244337,1.980450,-0.039875,0.0644875,-0.1879625
150423198245797,1.990452,-0.0202125,0.0829125,-0.274725
150423208246799,2.000453,-0.014162499,0.0534875,-0.33467498
150423218248038,2.010454,-0.012925,0.0132,-0.3529625
150423228249269,2.020455,-0.0081124995,-0.0026125,-0.3359125
150423238250514,2.030457,0.004125,0.015675,-0.296725
150423248251980,2.040458,0.03355,0.0792,-0.2332
150423258253213,2.050459,0.0688875,0.16225,-0.1464375
150423268254241,2.060460,0.10065,0.2160125,-0.042625
150423278255470,2.070461,0.1104125,0.2270125,0.0539
150423288256701,2.080463,0.0933625,0.1659625,0.106425
150423298257936,2.090464,0.0578875,0.032725,0.090475
150423308259384,2.100465,0.02255,-0.127325,-0.0083875
150423318260622,2.110467,0.0286,-0.2567125,-0.158675
150423328261866,2.120468,0.0713625,-0.249425,-0.2979625
150423338263097,2.130469,0.1128875,-0.133375,-0.3859625
150423348264328,2.140470,0.1434125,0.054725,-0.390775
150423358265559,2.150472,0.164175,0.258775,-0.312675
150423368266804,2.160473,0.164175,0.379775,-0.169675
150423378268039,2.170474,0.1508375,0.3515875,0.0111375
150423388269269,2.180475,0.1373625,0.20253749,0.19195
150423398270494,2.190476,0.1128875,0.015675,0.3422375
150423408271725,2.200478,0.0738375,-0.1260875,0.4313375
150423418272951,2.210479,0.03355,-0.1676125,0.4631
150423428274168,2.220480,0.0078375,-0.1150875,0.4497625
150423438275155,2.230481,5.5E-4,-0.0270875,0.407
150423448276615,2.240483,5.5E-4,0.0413875,0.3312375
150423458277862,2.250484,0.0017875,0.0669625,0.217525
150423468279093,2.260485,-0.0056375,0.054725,0.095425
150423478280308,2.270486,-0.029975,0.0364375,-0.0048125
150423488281539,2.280488,-0.073975,9.625E-4,-0.069575
150423498282756,2.290489,-0.12045,-0.0539,-0.10615
150423508283987,2.300490,-0.150975,-0.0991375,-0.124437496
150423518285218,2.310491,-0.150975,-0.1211375,-0.1343375
150423528286218,2.320492,-0.133925,-0.105325,-0.1318625
150423538287436,2.330493,-0.10945,-0.061325,-0.1098625
150423548288879,2.340495,-0.0837375,-0.02585,-0.0719125
150423558290126,2.350496,-0.0606375,-0.047849998,-0.036575
150423568291126,2.360497,-0.0374,-0.089375,1.375E-4
150423578292355,2.370498,-0.0092124995,-0.064899996,0.0636625
150423588293816,2.380500,0.0127875,0.0352,0.1662375
150423598295049,2.390501,0.0127875,0.16225,0.3092375
150423608296054,2.400502,-0.0044,0.247775,0.4533375
150423618297499,2.410503,-0.018975,0.252725,0.56581247
150423628298732,2.420505,-0.0422125,0.1634875,0.619575
150423638299977,2.430506,-0.0666875,0.0389125,0.6061
150423648300997,2.440507,-0.095975,-0.064899996,0.53405
150423658302212,2.450508,-0.1326875,-0.122375,0.4081
150423668303443,2.460509,-0.1766875,-0.127325,0.2322375
150423678304687,2.470511,-0.2107875,-0.116325,0.0441375
150423688305913,2.480512,-0.2352625,-0.128425,-0.1354375
150423698307135,2.490513,-0.238975,-0.1859,-0.2894375
150423708308366,2.500514,-0.21945,-0.24695,-0.3884375
150423718309822,2.510516,-0.1986875,-0.238425,-0.4164875
150423728310833,2.520517,-0.190025,-0.15413749,-0.3639625
150423738312062,2.530518,-0.2072125,-0.0576125,-0.2393875
150423748313274,2.540519,-0.2352625,-0.023375,-0.0829125
150423758314505,2.550521,-0.2365,-0.0930875,0.0441375
150423768315722,2.560522,-0.19745,-0.1931875,0.1051875
150423778316961,2.570523,-0.122925,-0.2189,0.132
150423788318187,2.580524,-0.039875,-0.1431375,0.14795
150423798319418,2.590525,0.0323125,-0.0356125,0.1419
150423808320644,2.600527,0.0823625,0.037675,0.10395
150423818321846,2.610528,0.103125,0.0523875,0.03795
150423828323077,2.620529,0.0908875,0.048675,-0.0499125
150423838324304,2.630530,0.0664125,0.05115,-0.12815
150423848325549,2.640532,0.0433125,0.0474375,-0.1758625
150423858326766,2.650533,0.0237875,0.0523875,-0.1892
150423868327987,2.660534,0.0103124995,0.0999625,-0.158675
150423878329227,2.670535,0.0028875,0.1964875,-0.078099996
150423888330381,2.680536,0.0017875,0.285725,0.0429
150423898331596,2.690538,5.5E-4,0.3040125,0.1821875
150423908332827,2.700539,0.0028875,0.2429625,0.3128125
150423918334067,2.710540,0.015125,0.136675,0.3972375
150423928335288,2.720541,0.026124999,0.031625,0.432575
150423938336519,2.730543,0.0237875,-0.0320375,0.41799998
150423948337779,2.740544,5.5E-4,-0.0356125,0.365475
150423958339005,2.750545,-0.0361625,0.0119624995,0.30305
150423968340236,2.760546,-0.0826375,0.103675,0.28105
150423978341481,2.770547,-0.1387375,0.22453749,0.3397625
150423988342712,2.780549,-0.201025,0.3210625,0.4778125
150423998343948,2.790550,-0.278025,0.3370125,0.6598625
150424008345193,2.800551,-0.36107498,0.2222,0.8064375
150424018346194,2.810552,-0.438075,-0.0356125,0.8199125
150424028347422,2.820553,-0.455125,-0.3312375,0.6831
150424038348663,2.830555,-0.4038375,-0.605,0.415525
150424048349889,2.840556,-0.306075,-0.7833375,0.040425
150424058351125,2.850557,-0.1802625,-0.7821,-0.406725
150424068352341,2.860558,-0.0594,-0.630575,-0.8465875
150424078353571,2.870560,0.0323125,-0.3752375,-1.21055
150424088354817,2.880561,0.098175,-0.050325,-1.4586
150424098356038,2.890562,0.13859999,0.2673,-1.5563625
150424108357269,2.900563,0.14093749,0.4615875,-1.4988875
150424118358486,2.910564,0.103125,0.48235,-1.2887875
150424128359698,2.920566,0.0506,0.3284875,-0.964975
150424138360853,2.930567,-6.875E-4,0.0193875,-0.6303
150424148362077,2.940568,-0.045925,-0.3361875,-0.329725
150424158363327,2.950569,-0.1034,-0.6367625,-0.0853875
150424168364558,2.960571,-0.17545,-0.83709997,0.0356125
150424178365783,2.970572,-0.2292125,-0.878625,-0.0158125
150424188367004,2.980573,-0.24145,-0.7601,-0.23567499
150424198368220,2.990574,-0.2132625,-0.5328125,-0.5435375
150424208369451,3.000575,-0.150975,-0.276375,-0.8306375
150424218370682,3.010577,-0.0814,-0.086899996,-1.013925
150424228371674,3.020578,-0.0116875,-0.0075625,-1.0542125
150424238372902,3.030579,0.0543125,-0.017324999,-0.97473747
150424248374133,3.040580,0.1043625,-0.061325,-0.8171625
150424258375374,3.050581,0.12265,-0.1016125,-0.63635
150424268376600,3.060583,0.109175,-0.14685,-0.49101248
150424278377831,3.070584,0.0823625,-0.1969,-0.3920125
150424288379075,3.080585,0.0653125,-0.265375,-0.323675
150424298380246,3.090586,0.0688875,-0.321475,-0.27115
150424308381561,3.100588,0.1018875,-0.310475,-0.2173875
150424318382732,3.110589,0.1519375,-0.2629,-0.1868625
150424328383951,3.120590,0.2314125,-0.1639,-0.1843875
150424338385181,3.130591,0.32793748,-0.0185625,-0.17215
150424348386412,3.140592,0.4037,0.125675,-0.125675
150424358387648,3.150594,0.44027498,0.22453749,-0.053625
150424368388903,3.160595,0.4415125,0.2600125,0.040425
150424378389910,3.170596,0.41593748,0.2490125,0.1529
150424388391139,3.180597,0.37675,0.1989625,0.2481875
150424398392397,3.190598,0.3364625,0.0939125,0.3007125
150424408393619,3.200600,0.302225,-0.023375,0.3227125
150424418394850,3.210601,0.252175,-0.0771375,0.3312375
150424428396066,3.220602,0.197175,-0.058849998,0.352
150424438397242,3.230603,0.1324125,-0.00385,0.4008125
150424448398551,3.240605,0.056649998,0.0609125,0.4717625
150424458399707,3.250606,-0.014162499,0.1170125,0.5608625
150424468400951,3.260607,-0.0814,0.1524875,0.669625
150424478402187,3.270608,-0.144925,0.158675,0.7893875
150424488403418,3.280609,-0.1925,0.1304875,0.90543747
150424498404628,3.290611,-0.2242625,0.065725,0.9860125
150424508405621,3.300612,-0.2437875,-0.0160875,1.0214875
150424518406854,3.310613,-0.256025,-0.0771375,1.0349625
150424528408071,3.320614,-0.2633125,-0.0979,1.0300125
150424538409302,3.330615,-0.260975,-0.10285,1.0032
150424548410533,3.340617,-0.2475,-0.0796125,0.95425
150424558411744,3.350618,-0.23155,-0.0320375,0.8724375
150424568412910,3.360619,-0.2182125,0.032725,0.7673875
150424578414139,3.370620,-0.1997875,0.131725,0.6733375
150424588415370,3.380621,-0.1827375,0.22825,0.597575
150424598416582,3.390623,-0.1876875,0.296725,0.515625
150424608417826,3.400624,-0.20845,0.3565375,0.42405
150424618419067,3.410625,-0.234025,0.3553,0.355575
150424628420050,3.420626,-0.2633125,0.3113,0.319
150424638421274,3.430627,-0.271975,0.28325,0.2932875
150424648422505,3.440629,-0.2633125,0.2759625,0.2627625
150424658423651,3.450630,-0.2695,0.274725,0.22495
150424668424866,3.460631,-0.306075,0.208725,0.1577125
150424678426091,3.470632,-0.3135,0.0584375,0.0367125
150424688427322,3.480633,-0.2963125,-0.0856625,-0.10615
150424698428538,3.490635,-0.2206875,-0.22013749,-0.30415
150424708429536,3.500636,-0.0996875,-0.3399,-0.59235
150424718430774,3.510637,-0.0251625,-0.495,-1.013925
150424728432005,3.520638,-0.001925,-0.5927625,-1.528175
150424738433235,3.530639,0.0103124995,-0.580525,-1.9960874
150424748434391,3.540640,0.0273625,-0.462,-2.3051875
150424758435620,3.550642,0.0713625,-0.2151875,-2.4151876
150424768436851,3.560643,0.1483625,0.0694375,-2.317425
150424778438077,3.570644,0.22893749,0.31501248,-1.9888
150424788439298,3.580645,0.2827,0.4763,-1.445125
150424798440300,3.590646,0.2924625,0.4786375,-0.7744
150424808441529,3.600648,0.23265,0.4090625,-0.1331
150424818442685,3.610649,0.208175,0.20019999,0.421575
150424828443991,3.620650,0.16293749,-0.0881375,0.857725
150424838445137,3.630651,0.053075,-0.32395,1.1290125
150424848446365,3.640652,-0.08745,-0.49995,1.249875
150424858447596,3.650654,-0.2242625,-0.627,1.2145375
150424868448822,3.660655,-0.3355,-0.6782875,1.0373
150424878449819,3.670656,-0.3892625,-0.624525,0.774675
150424888451048,3.680657,-0.3892625,-0.492525,0.503525
150424898452219,3.690658,-0.3513125,-0.3337125,0.272525
150424908453452,3.700659,-0.30855,-0.1896125,0.1027125
150424918454682,3.710661,-0.29273748,-0.0160875,0.0061875
150424928455913,3.720662,-0.289025,0.1892,-0.0341
150424938456901,3.730663,-0.2682625,0.319825,-0.0059125
150424948458130,3.740664,-0.2523125,0.3614875,0.086899996
150424958459350,3.750665,-0.2267375,0.324775,0.227425
150424968460576,3.760667,-0.17173749,0.20253749,0.3568125
150424978461731,3.770668,-0.0801625,-0.023375,0.4362875
150424988462955,3.780669,0.0213125,-0.2849,0.4497625
150424998463953,3.790670,0.1104125,-0.464475,0.41181248
150425008465182,3.800671,0.1923625,-0.508475,0.3262875
150425018466417,3.810672,0.268125,-0.41799998,0.2151875
150425028467663,3.820674,0.329175,-0.243375,0.111237496
150425038468818,3.830675,0.35475,-0.0270875,0.02695
150425048470052,3.840676,0.3449875,0.1915375,-0.04015
150425058471283,3.850677,0.3267,0.30525,-0.075625
150425068472294,3.860678,0.268125,0.3284875,-0.0903375
150425078473523,3.870680,0.180125,0.2954875,-0.092675
150425088474674,3.880681,0.097075,0.247775,-0.0804375
150425098475889,3.890682,0.05555,0.19525,-0.0463375
150425108477124,3.900683,0.0543125,0.120725,0.0111375
150425118478369,3.910684,0.0738375,0.070675,0.073425
150425128479376,3.920685,0.0884125,0.0572,0.117425
150425138480605,3.930687,0.0738375,0.0902,0.106425
150425148481772,3.940688,0.05555,0.153725,0.0611875
150425158483010,3.950689,0.048125,0.208725,0.0196625
150425168484255,3.960690,0.0433125,0.236775,-0.0011
150425178485247,3.970691,0.0408375,0.2355375,0.0026125
150425188486476,3.980692,0.0017875,0.1904375,-0.0011
150425198487692,3.990694,-0.0056375,0.197725,-0.0083875
150425208488848,4.000695,-0.0031625,0.208725,-0.01815
150425218490073,4.010696,-0.0264,0.1304875,-0.020624999
150425228491075,4.020697,-0.0581625,0.0389125,0.0099
150425238492293,4.030698,-0.0886875,-0.0906125,0.0221375
150425248493449,4.040699,-0.089925,-0.205425,-0.009625
150425258494678,4.050701,-0.062975,-0.2861375,-0.091437496
150425268495919,4.060702,-0.034925,-0.304425,-0.197725
150425278496921,4.070703,-0.0154,-0.22495,-0.2869625
150425288498149,4.080704,-0.014162499,-0.0906125,-0.3432
150425298499305,4.090705,-0.0422125,0.091437496,-0.362725
150425308500533,4.100707,-0.0886875,0.2649625,-0.345675
150425318501760,4.110708,-0.1351625,0.363825,-0.2844875
150425328502747,4.120709,-0.1582625,0.38225,-0.1672
150425338503986,4.130710,-0.155925,0.32725,-0.014575
150425348505142,4.140711,-0.1375,0.2539625,0.13213749
150425358506375,4.150712,-0.106975,0.186725,0.261525
150425368507615,4.160714,-0.08745,0.11715,0.3557125
150425378508626,4.170715,-0.0801625,0.0609125,0.41181248
150425388509787,4.180716,-0.084975,0.0144375,0.4313375
150425398511018,4.190717,-0.1106875,-0.0100375,0.410575
150425408512030,4.200718,-0.1485,0.0034375,0.35805
150425418513268,4.210719,-0.1962125,0.021724999,0.2957625
150425428514499,4.220720,-0.2437875,0.031625,0.24695
150425438515636,4.230722,-0.26455,0.043725,0.2322375
150425448516869,4.240723,-0.2572625,0.06215,0.2567125
150425458518105,4.250724,-0.24255,0.0829125,0.3031875
150425468519121,4.260725,-0.2267375,0.1049125,0.3482875
150425478520259,4.270726,-0.21573749,0.0889625,0.3702875
150425488521494,4.280727,-0.216975,0.0279125,0.3458125
150425498522725,4.290729,-0.21573749,-0.0441375,0.2847625
150425508523733,4.300730,-0.205975,-0.0966625,0.2077625
150425518524866,4.310731,-0.190025,-0.0955625,0.1406625
150425528526096,4.320732,-0.1766875,-0.0331375,0.086899996
150425538527317,4.330733,-0.1705,0.037675,0.0441375
150425548528334,4.340734,-0.1766875,0.0499125,0.0086624995
150425558529553,4.350736,-0.1887875,0.009625,-0.0328625
150425568530709,4.360737,-0.1962125,-0.064899996,-0.0804375
150425578531637,4.370738,-0.194975,-0.1431375,-0.1269125
150425588532943,4.380739,-0.172975,-0.19813749,-0.1464375
150425598534098,4.390740,-0.1412125,-0.1846625,-0.1183875
150425608535098,4.400741,-0.1216875,-0.09185,-0.06215
150425618536336,4.410742,-0.12045,0.0352,1.375E-4
150425628537557,4.420744,-0.1326875,0.147675,0.051425
150425638538709,4.430745,-0.1472625,0.1830125,0.084425
150425648539694,4.440746,-0.15345,0.1194875,0.0831875
150425658540923,4.450747,-0.155925,-0.001375,0.0539
150425668542140,4.460748,-0.161975,-0.1186625,0.0306625
150425678543300,4.470749,-0.17173749,-0.1846625,0.034375
150425688544543,4.480751,-0.1766875,-0.2041875,0.0539
150425698545545,4.490752,-0.1766875,-0.1786125,0.0881375
150425708546468,4.500752,-0.1887875,-0.0991375,0.1161875
150425718547702,4.510754,-0.1962125,-0.0160875,0.123475
150425728548923,4.520755,-0.19373749,0.015675,0.1247125
150425738549848,4.530756,-0.179025,-0.0210375,0.1247125
150425748551082,4.540757,-0.1595,-0.127325,0.12595
150425758552308,4.550758,-0.1326875,-0.2299,0.1309
150425768553464,4.560759,-0.0935,-0.2457125,0.14795
150425778554692,4.570761,-0.0617375,-0.2006125,0.1772375
150425788555699,4.580762,-0.0507375,-0.1406625,0.205425
150425798556855,4.590763,-0.0605,-0.1016125,0.227425
150425808558096,4.600764,-0.0727375,-0.0710875,0.2517625
150425818559337,4.610765,-0.0776875,-0.0441375,0.283525
150425828560334,4.620766,-0.08745,-0.0295625,0.316525
150425838561500,4.630768,-0.1057375,-0.0466125,0.332475
150425848562531,4.640769,-0.1155,-0.0906125,0.3422375
150425858563678,4.650770,-0.1265,-0.1381875,0.349525
150425868564878,4.660771,-0.1387375,-0.16885,0.32999998
150425878565880,4.670772,-0.144925,-0.1516625,0.271425
150425888567109,4.680773,-0.150975,-0.117425,0.1907125
150425898568260,4.690774,-0.1557875,-0.056375,0.1101375
150425908569475,4.700775,-0.1485,0.032725,0.0576125
150425918570482,4.710776,-0.13145,0.147675,0.0636625
150425928571701,4.720778,-0.1155,0.22825,0.133375
150425938572857,4.730779,-0.1155,0.2770625,0.242
150425948573862,4.740780,-0.13145,0.2649625,0.3507625
150425958574994,4.750781,-0.1412125,0.153725,0.4167625
150425968576225,4.760782,-0.128975,-0.02585,0.44605
150425978577212,4.770783,-0.1032625,-0.2261875,0.426525
150425988578359,4.780784,-0.0715,-0.4021875,0.3752375
150425998579586,4.790786,-0.0605,-0.4852375,0.305525
150426008580602,4.800787,-0.0837375,-0.4302375,0.2102375
150426018581739,4.810788,-0.12045,-0.232375,0.1137125
150426028582956,4.820789,-0.1557875,0.0144375,0.0501875
150426038583968,4.830790,-0.1766875,0.18425,0.0356125
150426048585206,4.840791,-0.1692625,0.202675,0.0576125
150426058586362,4.850792,-0.1522125,0.0889625,0.08195
150426068587353,4.860793,-0.1375,-0.0881375,0.08085
150426078588505,4.870795,-0.124025,-0.232375,0.0380875
150426088589521,4.880796,-0.1106875,-0.293425,-0.0389125
150426098590668,4.890797,-0.1032625,-0.233475,-0.1109625
150426108591899,4.900798,-0.1021625,-0.09185,-0.15015
150426118592901,4.910799,-0.0972125,0.0572,-0.1464375
150426128594053,4.920800,-0.1057375,0.181775,-0.1049125
150426138595313,4.930801,-0.1167375,0.2074875,-0.0499125
150426148596328,4.940802,-0.1192125,0.10725,-0.0133375
150426158597484,4.950803,-0.12045,-0.0636625,0.001375
150426168598715,4.960805,-0.1252625,-0.1871375,0.0026125
150426178599722,4.970806,-0.124025,-0.2226125,-0.009625
150426188600951,4.980807,-0.12045,-0.1846625,-0.015675
150426198602107,4.990808,-0.1155,-0.0966625,-0.0023375
150426208603116,5.000809,-0.1155,-0.006325,0.0466125
150426218604273,5.010810,-0.135025,0.0644875,0.1296625
150426228605266,5.020811,-0.1742125,0.0389125,0.1969
150426238606437,5.030812,-0.2132625,-0.0600875,0.20899999
150426248607668,5.040814,-0.2327875,-0.2066625,0.1529
150426258608670,5.050815,-0.2217875,-0.3727625,0.0380875
150426268609830,5.060816,-0.1777875,-0.4582875,-0.1073875
150426278610852,5.070817,-0.113025,-0.4131875,-0.2514875
150426288612004,5.080818,-0.056925,-0.2481875,-0.3504875
150426298613235,5.090819,-0.0264,-0.0405625,-0.37125
150426308614237,5.100820,-0.0312125,0.124437496,-0.3040125
150426318615360,5.110821,-0.051975,0.1904375,-0.1794375
150426328616376,5.120822,-0.06545,0.113437496,-0.0328625
150426338617542,5.130824,-0.0776875,-0.09185,0.09185
150426348618540,5.140825,-0.082499996,-0.2897125,0.1639
150426358619773,5.150826,-0.07645,-0.3716625,0.16995
150426393623698,5.185830,-0.117975,0.06215,-0.0059125
150426403624698,5.195831,-0.1387375,0.0939125,0.0050875
150426413625847,5.205832,-0.172975,0.037675,0.0050875
150426423626862,5.215833,-0.194975,-0.0686125,-0.0463375
150426433628011,5.225834,-0.17173749,-0.233475,-0.0999625
150426443629011,5.235835,-0.14973749,-0.308,-0.1659625
150426453630223,5.245836,-0.100925,-0.282425,-0.21725
150426463631366,5.255837,-0.0556875,-0.17613749,-0.2234375
150426473632366,5.265838,-0.0397375,-0.0319,-0.152625
150426483633520,5.275840,-0.0752125,0.10725,-0.0279125
150426493634491,5.285840,-0.1375,0.1794375,0.1431375
150426503635645,5.295842,-0.2047375,0.1524875,0.3227125
150426513636862,5.305843,-0.256025,0.0303875,0.4497625
150426523637867,5.315844,-0.300025,-0.0746625,0.4632375
150426533639021,5.325845,-0.227975,-0.2176625,0.4362875
150426543640035,5.335846,-0.19373749,-0.29095,0.376475
150426553641160,5.345847,-0.1595,-0.277475,0.3031875
150426563642160,5.355848,-0.14245,-0.205425,0.2079
150426573643314,5.365849,-0.1472625,-0.11385,0.1211375
150426583644300,5.375850,-0.1705,-0.01485,0.0796125
150426593645453,5.385851,-0.2035,0.02915,0.0721875
150426603646688,5.395853,-0.2365,-0.0270875,0.084425
150426613647688,5.405854,-0.26455,-0.1101375,0.0856625
150426623648842,5.415855,-0.251075,-0.1736625,0.0416625
150426633649861,5.425856,-0.2022625,-0.238425,-0.003575
150426643651025,5.435857,-0.161975,-0.2017125,-0.0584375
150426653652025,5.445858,-0.1106875,-0.122375,-0.0963875
150426663653184,5.455859,-0.0935,-0.0270875,-0.0829125
150426673654198,5.465860,-0.100925,0.091437496,-0.0144375
150426683655338,5.475861,-0.1142625,0.1599125,0.09295
150426693656343,5.485862,-0.128975,0.1500125,0.2017125
150426703657557,5.495864,-0.1375,0.070675,0.2627625
150426713658491,5.505864,-0.1705,-1.375E-4,0.253
150426723659655,5.515866,-0.1192125,-0.100375,0.2079
150426733660655,5.525867,-0.0935,-0.1419,0.1491875
150426743661807,5.535868,-0.0617375,-0.1016125,0.1101375
150426753663064,5.545869,-0.0446875,-0.028324999,0.0881375
150426763663997,5.555870,-0.06545,0.037675,0.064899996
150426773664988,5.565871,-0.106975,0.042625,0.036849998
150426783666141,5.575872,-0.146025,0.00715,-0.0121
150426793667146,5.585873,-0.157025,-0.050325,-0.0804375
150426803668362,5.595874,-0.1387375,-0.1260875,-0.1599125
150426813669290,5.605875,-0.095975,-0.150425,-0.197725
150426823670536,5.615877,-0.0484,-0.0979,-0.18315
150426833671468,5.625877,-0.0226875,-1.375E-4,-0.1012
150426843672608,5.635879,-0.0336875,0.1219625,0.02585
150426853673622,5.645880,-0.0691625,0.18425,0.1651375
150426863674760,5.655881,-0.0996875,0.125675,0.2701875
150426873675771,5.665882,-0.100925,-0.01485,0.297
150426883676906,5.675883,-0.062975,-0.177375,0.2371875
150426893678127,5.685884,-0.0031625,-0.2959,0.1101375
150426903679050,5.695885,0.047025,-0.2787125,-0.04015
150426913680050,5.705886,0.0653125,-0.13585,-0.1513875
150426923681179,5.715887,0.0383625,0.065725,-0.169675
150426933682170,5.725888,-0.0312125,0.26125,-0.103675
150426943683393,5.735889,-0.111925,0.318725,0.013612499
150426953684319,5.745890,-0.1815,0.2099625,0.1357125
150426963685482,5.755891,-0.2217875,-0.00385,0.20047499
150426973686467,5.765892,-0.21573749,-0.2519,0.1931875
150426983687611,5.775894,-0.16555,-0.4032875,0.13213749
150426993688597,5.785895,-0.0947375,-0.37895,0.0636625
150427003689520,5.795896,-0.0471625,-0.1907125,0.017324999
150427013690780,5.805897,-0.0592625,0.0559625,-0.0023375
150427023691929,5.815898,-0.1155,0.225775,0.0026125
150427033692929,5.825899,-0.1742125,0.2294875,-0.0011
150427043694088,5.835900,-0.223025,0.091437496,-0.0242
150427053695078,5.845901,-0.24255,-0.058849998,-0.098725
150427063696232,5.855902,-0.1595,-0.3007125,-0.164725
150427073697170,5.865903,-0.0862125,-0.3862375,-0.263725
150427083698174,5.875904,0.01155,-0.308,-0.3322
150427093699336,5.885905,0.0738375,-0.1040875,-0.3345375
150427103700348,5.895906,0.059125,0.1549625,-0.263725
150427113701502,5.905908,-0.014162499,0.3223,-0.131725
150427123702487,5.915908,-0.1106875,0.3064875,0.01485
150427133703627,5.925910,-0.1925,0.1269125,0.11495
150427143704550,5.935911,-0.24255,-0.1381875,0.1296625
150427153705779,5.945912,-0.24007499,-0.3642375,0.0576125
150427163706700,5.955913,-0.1997875,-0.396,-0.0584375
150427173707695,5.965914,-0.1522125,-0.2176625,-0.16115
150427183708832,5.975915,-0.1362625,0.0682,-0.202675
150427193709834,5.985916,-0.1692625,0.2990625,-0.17215
150427203710987,5.995917,-0.22055,0.362725,-0.0719125
150427213711907,6.005918,-0.267025,0.21367499,0.0759
150427223713151,6.015919,-0.3025,-0.0416625,0.216425
150427233714074,6.025920,-0.3245,-0.3069,0.275
150427243715083,6.035921,-0.3293125,-0.459525,0.260425
150427253716233,6.045922,-0.322025,-0.4057625,0.233475
150427263717237,6.055923,-0.3135,-0.2041875,0.277475
150427273718160,6.065924,-0.3146,0.15125,0.3581875
150427283719319,6.075925,-0.350075,0.2429625,0.3031875
150427293720319,6.085926,-0.4318875,0.1489125,0.155375
150427303721487,6.095927,-0.44907498,0.09515,0.0820875
150427313722492,6.105928,-0.4136,-0.0221375,0.028324999
150427323723661,6.115930,-0.4197875,-0.304425,-0.0559625
150427333724603,6.125931,-0.36355,-0.2787125,-0.12815
150427343725608,6.135932,-0.35255,-0.15413749,-0.1892
150427353726783,6.145933,-0.383075,0.0499125,-0.247775
150427363727771,6.155934,-0.4246,0.1964875,-0.3614875
150427373728925,6.165935,-0.422125,0.1610125,-0.511775
150427383729852,6.175936,-0.44288749,0.0352,-0.550825
150427393731088,6.185937,-0.4673625,-0.111375,-0.4665375
150427403732011,6.195938,-0.4538875,-0.2959,-0.38225
150427413733025,6.205939,-0.39655,-0.3887125,-0.3212
150427423734169,6.215940,-0.3293125,-0.3202375,-0.241725
150427433735092,6.225941,-0.2695,-0.166375,-0.103675
150427443736323,6.235942,-0.227975,0.004675,0.089375
150427453737264,6.245943,-0.2437875,0.1084875,0.2762375
150427463738266,6.255944,-0.30855,0.08415,0.3911875
150427473739419,6.265945,-0.38555,-0.0416625,0.38747498
150427483740342,6.275946,-0.42955,-0.2591875,0.2591875
150427493741342,6.285947,-0.416075,-0.4767125,0.047849998
150427503742492,6.295948,-0.36107498,-0.5633375,-0.1439625
150427513743400,6.305949,-0.2853125,-0.4412375,-0.2539625
150427523744387,6.315950,-0.2132625,-0.1846625,-0.291775
150427533745524,6.325952,-0.1802625,0.1159125,-0.2514875
150427543746526,6.335953,-0.19855,0.3944875,-0.1403875
150427553747680,6.345954,-0.2707375,0.5105375,0.0246125
150427563748603,6.355955,-0.3573625,0.3320625,0.205425
150427573749603,6.365956,-0.4307875,-0.0490875,0.304425
150427583750526,6.375957,-0.4466,-0.503525,0.282425
150427593751685,6.385958,-0.38555,-0.81014997,0.1601875
150427603752680,6.395959,-0.2938375,-0.8724375,-0.00715
150427613753826,6.405960,-0.2047375,-0.702625,-0.1414875
150427623754814,6.415961,-0.1522125,-0.360525,-0.208725
150427633755732,6.425962,-0.1607375,0.0352,-0.21725
150427643756879,6.435963,-0.2267375,0.318725,-0.169675
150427653757876,6.445964,-0.3245,0.36025,-0.131725
150427663759030,6.455965,-0.3977875,0.1464375,-0.124437496
150427673759953,6.465966,-0.416075,-0.172425,-0.125675
150427683760886,6.475967,-0.4038375,-0.44,-0.1073875
150427693762136,6.485968,-0.3928375,-0.448525,-0.0584375
150427703763057,6.495969,-0.40507498,-0.282425,-0.0242
150427713764073,6.505970,-0.45155,-0.064899996,-0.026675
150427723765225,6.515971,-0.5223625,0.1012,-0.0584375
150427733766150,6.525972,-0.5919375,0.0719125,-0.1414875
150427743767148,6.535973,-0.6274125,-0.1076625,-0.2222
150427753768299,6.545974,-0.6213625,-0.25547498,-0.2564375
150427763769230,6.555975,-0.60665,-0.2762375,-0.2160125
150427773770237,6.565976,-0.604175,-0.2481875,-0.1684375
150427783771180,6.575977,-0.604175,-0.1736625,-0.1549625
150427793772334,6.585978,-0.593175,-0.117425,-0.1599125
150427803773339,6.595979,-0.560175,-0.1639,-0.1854875
150427813774498,6.605980,-0.49665,-0.2616625,-0.2270125
150427823775426,6.615981,-0.4258375,-0.319,-0.2759625
150427833776426,6.625982,-0.377025,-0.29095,-0.2941125
150427843777348,6.635983,-0.3647875,-0.22495,-0.270875
150427853778502,6.645985,-0.3685,-0.211475,-0.2244
150427863779472,6.655985,-0.3647875,-0.2726625,-0.1926375
150427873780397,6.665986,-0.355025,-0.437525,-0.2281125
150427883781549,6.675988,-0.2952125,-0.65505,-0.314875
150427893782474,6.685988,-0.1106875,-0.807675,-0.39545
150427903783488,6.695989,-0.0031625,-0.7173375,-0.41387498
150427913784647,6.705991,0.054175,-0.420475,-0.3491125
150427923785649,6.715992,0.0078375,0.0548625,-0.18053749
150427933786560,6.725993,-0.1302125,0.522775,0.0369875
150427943787712,6.735994,-0.2902625,0.7156875,0.2556125
150427953788637,6.745995,-0.4503125,0.5203,0.364375
150427963789637,6.755996,-0.5663625,0.08415,0.3265625
150427973790555,6.765997,-0.587125,-0.459525,0.1445125
150427983791712,6.775998,-0.537075,-0.8724375,-0.1060125
150427993792642,6.785999,-0.4357375,-0.96415,-0.36245
150428003793627,6.796000,-0.3317875,-0.7381,-0.573925
150428013794781,6.806001,-0.2487375,-0.1907125,-0.722975
150428023795707,6.816002,-0.227975,0.5495875,-0.817025
150428033796709,6.826003,-0.2817375,1.1385,-0.86955
150428043797875,6.836004,-0.37345,1.5159374,-0.9158875
150428053798800,6.846005,-0.4797375,1.545225,-1.021075
150428063799798,6.856006,-0.5786,1.280125,-1.17865
150428073800709,6.866007,-0.6593125,0.91368747,-1.3765125
150428083801856,6.876008,-0.7033125,0.5423,-1.54275
150428093802781,6.886009,-0.724075,0.113437496,-1.6355625
150428103803781,6.896010,-0.6923125,-0.1969,-1.6698
150428113804933,6.906011,-0.598125,-0.31295,-1.5756125
150428123805842,6.916012,-0.4797375,-0.2311375,-1.4265625
150428133806857,6.926013,-0.3612125,0.0389125,-1.27875
150428143808011,6.936014,-0.2902625,0.30525,-1.1834625
150428153808944,6.946015,-0.1986875,0.3040125,-1.2128875
150428163809860,6.956016,-0.150975,0.27225,-1.2824625
150428173810857,6.966017,-0.1816375,0.0792,-1.298275
150428183812019,6.976018,-0.3232625,-0.1846625,-1.209175
150428193812943,6.986019,-0.5493125,-0.5303375,-1.0649375
150428203813956,6.996020,-0.725175,-0.87119997,-0.883025
150428213814881,7.006021,-0.7643625,-1.005675,-0.6862625
150428223816038,7.016022,-0.6776,-0.8699625,-0.5225
150428233816948,7.026023,-0.5102625,-0.58905,-0.3894
150428243817963,7.036024,-0.3355,-0.2311375,-0.3196875
150428253819102,7.046025,-0.056925,0.04015,-0.4041125
150428263820009,7.056026,0.2424125,-0.050325,-0.5445
150428273820934,7.066027,0.3535125,-0.2176625,-0.5555
150428283822177,7.076028,0.1678875,-0.1406625,-0.53473747
150428293822871,7.086029,-0.0666875,-0.1236125,-0.496925
150428303824029,7.096030,-0.2292125,-0.1639,-0.375925
150428313825016,7.106031,-0.3575,-0.2299,-0.1621125
150428323825949,7.116032,-0.35145,-0.44,0.0895125
150428333826872,7.126033,-0.232925,-0.867625,0.3240875
150428343828024,7.136034,-0.1436875,-1.2645875,0.5781875
150428353829031,7.146035,-0.19373749,-1.397825,0.755425
150428363829954,7.156036,-0.2121625,-1.3025374,0.7847125
150428373831088,7.166037,-0.1852125,-1.0582,0.789525
150428383831995,7.176038,-0.1986875,-0.8053375,0.76147497
150428393832997,7.186039,-0.2365,-0.630575,0.6771875
150428403834158,7.196040,-0.2536875,-0.5157625,0.60995
150428413835081,7.206041,-0.3782625,-0.5462875,0.52085
150428423836004,7.216042,-0.5346,-0.73315,0.45113748
150428433837026,7.226043,-0.575025,-0.8993875,0.42185
150428443837964,7.236044,-0.5212625,-1.033725,0.4096125
150428453839103,7.246045,-0.4857875,-0.956725,0.446325
150428463840025,7.256046,-0.56155,-0.65505,0.529375
150428473841021,7.266047,-0.6776,-0.385,0.67347497
150428483841944,7.276048,-0.6213625,-0.45581248,0.8042375
150428493843084,7.286049,-0.5115,-0.4338125,0.976525
150428503844005,7.296050,-0.36355,-0.5303375,1.0888625
150428513844993,7.306051,-0.1436875,-0.55,1.0583375
150428523845916,7.316052,-0.1486375,-0.3557125,0.9862875
150428533847070,7.326053,-0.2682625,-0.1931875,0.9838125
150428543847996,7.336054,-0.403975,-0.1797125,1.0131
150428553849025,7.346055,-0.4442625,-0.2897125,0.9887625
150428563849944,7.356056,-0.3086875,-0.503525,0.8262375
150428573851098,7.366057,-0.160875,-0.47547498,0.7847125
150428583852019,7.376058,-0.1131625,-0.3166625,0.87023747
150428593852944,7.386059,-0.1216875,-0.21395,1.0107625
150428603853925,7.396060,-0.1254,-0.49005,1.0901
150428613855079,7.406061,-0.122925,-0.542575,1.1108625
150428623856000,7.416062,-0.2047375,-0.2629,1.020525
150428633856925,7.426063,-0.2024,-0.14795,0.7541875
150428643857925,7.436064,-0.0851125,-0.308,0.45113748
150428653859079,7.446065,-0.0251625,-0.5292375,0.3168
150428663860014,7.456066,-0.0325875,-0.6037625,0.275275
150428673860939,7.466067,0.0286,-0.757625,0.10175
150428683861967,7.476068,0.136125,-0.724625,-0.0290125
150428693862890,7.486069,0.2239875,-0.5902875,-0.0363
150428703864042,7.496070,0.241175,-0.484,0.0419375
150428713864967,7.506071,0.280225,-0.409475,0.1029875
150428723865967,7.516072,0.192225,-0.1956625,0.1995125
150428733867107,7.526073,0.1287,-0.1016125,0.2325125
150428743868033,7.536074,0.0688875,-0.108899996,0.18727499
150428753869054,7.546075,-8.25E-4,-0.12485,0.126225
150428763869962,7.556076,-0.006875,-0.20047499,0.0235125
150428773870900,7.566077,0.0066,-0.2591875,-0.0460625
150428783872047,7.576078,-0.014162499,-0.227425,-0.0215875
150428793872967,7.586079,-0.0961125,-0.0991375,0.0809875
150428803873965,7.596080,-0.216975,0.0034375,0.2068
150428813874891,7.606081,-0.3427875,-0.0356125,0.28985
150428823876042,7.616082,-0.421025,-0.1749,0.29479998
150428833876953,7.626083,-0.438075,-0.41305,0.2190375
150428843877951,7.636084,-0.4162125,-0.613525,0.1029875
150428853878848,7.646085,-0.3917375,-0.64033747,-0.0350625
150428863880004,7.656086,-0.3452625,-0.4252875,-0.159775
150428873880944,7.666087,-0.31845,-0.14795,-0.2561625
150428883881937,7.676088,-0.3012625,0.092675,-0.3454
150428893882862,7.686089,-0.26345,0.27719998,-0.40645
150428903884011,7.696090,-0.19745,0.3773,-0.48221248
150428913884916,7.706091,-0.122925,0.49101248,-0.568975
150428923885837,7.716092,-0.0521125,0.5105375,-0.5812125
150428933886839,7.726093,-0.0191125,0.4225375,-0.39545
150428943887762,7.736094,-0.05335,0.285725,-0.1230625
150428953888690,7.746095,-0.061875,0.0804375,0.0858
150428963889832,7.756096,-0.050875,-0.0185625,0.2360875
150428973890834,7.766097,-0.04235,-0.045375,0.33385
150428983891757,7.776098,-0.078925,0.031625,0.413325
150428993892680,7.786099,-0.0996875,-0.023375,0.4181375
150429003893846,7.796100,-0.1596375,-0.13585,0.4169
150429013894834,7.806101,-0.21945,-0.27995,0.4169
150429023895771,7.816102,-0.21573749,-0.4448125,0.36313748
150429033896689,7.826103,-0.1656875,-0.536525,0.2618
150429043897832,7.836104,-0.1291125,-0.448525,0.2030875
150429053898757,7.846105,-0.1181125,-0.3056625,0.21285
150429063899760,7.856106,-0.138875,-0.1871375,0.26785
150429073900684,7.866107,-0.1546875,-0.13213749,0.3301375
150429083901850,7.876108,-0.1706375,-0.1651375,0.386375
150429093902766,7.886109,-0.1926375,-0.2261875,0.4096125
150429103903764,7.896110,-0.1791625,-0.3117125,0.3521375
150429113904689,7.906111,-0.1351625,-0.4107125,0.2630375
150429123905848,7.916112,-0.083875,-0.6037625,0.2250875
150429133906799,7.926113,-0.150975,-0.4582875,0.18975
150429143907802,7.936114,-0.2047375,-0.332475,0.1810875
150429153908727,7.946115,-0.2671625,-0.3117125,0.1700875
150429163909874,7.956116,-0.2792625,-0.2591875,0.121275
150429173910554,7.966117,-0.2365,-0.144375,0.1029875
150429183911721,7.976118,-0.1816375,-0.1431375,0.121275
150429193912727,7.986119,-0.1522125,-0.0906125,0.2105125
150429203913650,7.996120,-0.1706375,-0.01485,0.4291375
150429213914804,8.006121,-0.23045,-0.0796125,0.651475
150429223915735,8.016122,-0.282975,-0.3251875,0.750475
150429233916732,8.026123,-0.32945,-0.6488625,0.6771875
150429243917655,8.036124,-0.35021248,-0.724625,0.45485
150429253918785,8.046125,-0.3306875,-0.4912875,0.1848
150429263919721,8.056126,-0.289025,-0.1687125,-0.06325
150429273920722,8.066127,-0.23539999,0.0572,-0.20487499
150429283921660,8.076128,-0.221925,0.16225,-0.2855875
150429293922809,8.086129,-0.216975,0.16225,-0.3086875
150429303923711,8.096130,-0.155925,0.0779625,-0.3356375
150429313924631,8.106131,-0.0521125,0.009625,-0.3185875
150429323925629,8.116132,0.0334125,-0.023375,-0.2146375
150429333926554,8.126133,0.0396,-0.073425,-0.0840125
150429343927711,8.136134,-0.001925,-0.1076625,0.0077
150429353928650,8.146135,-0.0325875,-0.189475,0.027224999
150429363929571,8.156136,-0.034925,-0.3312375,-0.0545875
150429373930583,8.166137,-0.006875,-0.409475,-0.1755875
150429383931737,8.176138,0.0298375,-0.2726625,-0.26235
150429393932645,8.186139,0.0444125,-0.050325,-0.32587498
150429403933581,8.196140,0.043175,0.1379125,-0.3026375
150429413934597,8.206141,0.0554125,0.2014375,-0.176825
150429423935539,8.216142,0.073699996,0.16225,-0.00825
150429433936693,8.226143,0.0847,0.0523875,0.149325
150429443937691,8.236144,0.1153625,-0.1969,0.2605625
150429453938616,8.246145,0.0969375,-0.3067625,0.3388
150429463939525,8.256146,-0.0191125,-0.1821875,0.3411375
150429473940679,8.266147,-0.0972125,-0.3922875,0.18727499
150429483941681,8.276148,-0.122925,-0.5731,-0.0705375
150429493942606,8.286149,-0.0484,-0.3532375,-0.298925
150429503943536,8.296150,0.098175,-0.14795,-0.5115
150429513944675,8.306151,0.203225,-0.0221375,-0.64845
150429523945582,8.316152,0.2044625,0.246675,-0.6177875
150429533946522,8.326153,0.186175,0.17215,-0.4907375
150429543947735,8.336154,0.0884125,0.0034375,-0.3636875
150429553948659,8.346155,0.010175,-0.0831875,-0.2123
150429563949582,8.356156,-0.0191125,-0.2726625,-0.099825
150429573950584,8.366157,-0.0264,-0.304425,-0.0790625
150429583951498,8.376157,-0.0226875,-0.2066625,-0.132825
150429593952637,8.386159,-0.0166375,-0.1016125,-0.2110625
150429603953544,8.396160,-0.00935,-0.0576125,-0.2220625
150429613954551,8.406161,-0.0105875,-0.1357125,-0.1780625
150429623955474,8.416161,-0.011825,-0.216425,-0.1511125
150429633956396,8.426162,-0.0105875,-0.183425,-0.1450625
150429643957548,8.436164,-0.0166375,-0.047849998,-0.132825
150429653958560,8.446165,-0.0545875,0.1524875,-0.0155375
150429663959483,8.456165,-0.1071125,0.2039125,0.18975
150429673960637,8.466167,-0.1216875,0.0034375,0.3619
150429683961552,8.476168,-0.1192125,-0.32999998,0.4389
150429693962569,8.486169,-0.08745,-0.597575,0.342375
150429703963491,8.496169,-0.0361625,-0.5731,0.2140875
150429713964645,8.506171,0.0138875,-0.3777125,0.1310375
150429723965566,8.516172,0.0518375,-0.0490875,0.126225
150429733966506,8.526173,0.065175,0.2539625,0.21779999
150429743967735,8.536174,0.037125,0.3284875,0.3790875
150429753968660,8.546175,-0.006875,0.142725,0.5476625
150429763969581,8.556176,-0.050875,-0.1467125,0.682
150429773970588,8.566177,-0.083875,-0.3972375,0.733425
150429783971506,8.576178,-0.1071125,-0.47547498,0.6686625
150429793972660,8.586179,-0.09845,-0.352,0.50985
150429803973581,8.596180,-0.0691625,-0.18095,0.320375
150429813974583,8.606181,-0.0386375,-0.0196625,0.1615625
150429823975735,8.616182,-0.0264,0.048675,0.0675125
150429833976648,8.626183,-0.0446875,0.037675,0.027224999
150429843977650,8.636184,-0.0606375,-0.028324999,0.010175
150429853978559,8.646185,-0.061875,-0.0820875,-0.00825
150429863979706,8.656186,-0.050875,-0.1051875,-0.0583
150429873980631,8.666187,-0.034925,0.020624999,-0.0803
150429883981616,8.676188,-0.0325875,0.1183875,-0.0790625
150429893982756,8.686189,-0.0411125,0.15015,-0.0473
150429903983662,8.696190,-0.050875,0.1329625,0.0235125
150429913984587,8.706191,-0.0606375,-0.0075625,2.75E-4
150429923985585,8.716192,-0.0741125,-0.02585,-0.06435
150429933986526,8.726193,-0.093637496,0.1122,-0.0950125
150429943987672,8.736194,-0.116875,0.21367499,-0.0815375
150429953988674,8.746195,-0.1376375,0.2514875,0.0077
150429963989597,8.756196,-0.1522125,0.147675,0.0639375
150429973990506,8.766197,-0.1522125,-0.047849998,0.0529375
150429983991662,8.776198,-0.1486375,-0.18095,-0.0094875
150429993992664,8.786199,-0.105875,-0.1626625,-0.1401125
150430003993603,8.796200,-0.056925,0.0303875,-0.2281125
150430013994756,8.806201,-0.0336875,0.2332,-0.253825
150430023995693,8.816202,-0.0386375,0.31625,-0.1670625
150430033996699,8.826203,-0.06545,0.1659625,-0.0180125
150430043997850,8.836204,-0.09845,-0.117425,0.088275
150430053998776,8.846205,-0.1181125,-0.326425,0.1249875
150430063999788,8.856206,-0.1181125,-0.2946625,0.1249875
150430074000713,8.866207,-0.1082125,-0.089375,0.1285625
150430084001636,8.876208,-0.0851125,0.0853875,0.1518
150430094002790,8.886209,-0.0666875,0.114675,0.170225
150430104003790,8.896210,-0.050875,-0.013612499,0.1810875
150430114004713,8.906211,-0.0484,-0.188375,0.1615625
150430124005870,8.916212,-0.05335,-0.282425,0.1310375
150430134006795,8.926213,-0.100925,-0.21395,0.077275
150430144007809,8.936214,-0.15345,-0.16995,-0.0435875
150430154008959,8.946215,-0.1571625,-0.177375,-0.198825
150430164009879,8.956216,-0.1436875,-0.1676125,-0.303875
150430174010853,8.966217,-0.100925,-0.1711875,-0.358875
150430184011762,8.976218,-0.06435,-0.1639,-0.32835
150430194012901,8.986219,-0.0594,-0.086899996,-0.2525875
150430204013894,8.996220,-0.0851125,0.0364375,-0.104775
150430214014814,9.006221,-0.1351625,-0.013612499,0.0297
150430224015966,9.016222,-0.1596375,-0.095425,0.1408
150430234016968,9.026223,-0.14245,-0.189475,0.220275
150430244017905,9.036224,-0.1216875,-0.2286625,0.281325
150430254019059,9.046225,-0.1144,-0.2591875,0.3070375
150430264019980,9.056226,-0.122925,-0.2151875,0.3070375
150430274020905,9.066227,-0.1364,-0.17613749,0.270325
150430284021896,9.076228,-0.1302125,-0.166375,0.193325
150430294022804,9.086229,-0.12045,-0.1271875,0.1274625
150430304023956,9.096230,-0.1021625,-0.1346125,0.0847
150430314024958,9.106231,-0.0886875,-0.0966625,0.098037496
150430324025881,9.116232,-0.1082125,0.020624999,0.1420375
150430334027035,9.126233,-0.127875,0.098725,0.2080375
150430344027970,9.136234,-0.1254,0.131725,0.29479998
150430354028992,9.146235,-0.0961125,0.1304875,0.41085
150430364030159,9.156236,-0.0446875,0.0169125,0.5379
150430374031088,9.166237,0.034649998,-0.2457125,0.49995
150430384032097,9.176238,0.073699996,-0.332475,0.369325
150430394033020,9.186239,0.098175,-0.172425,0.132275
150430404033939,9.196240,0.1274625,0.19167499,-0.0595375
150430414035156,9.206241,0.1494625,0.373725,-0.1315875
150430424036092,9.216242,0.15565,0.31501248,-0.0985875
150430434037261,9.226243,0.1678875,0.13915,-0.013062499
150430444038259,9.236244,0.2094125,-0.0710875,0.098037496
150430454039179,9.246245,0.2937,-0.238425,0.22385
150430464040345,9.256246,0.3487,-0.24447499,0.3216125
150430474041270,9.266247,0.3229875,-0.0636625,0.3570875
150430484042191,9.276248,0.2424125,0.1452,0.3388
150430494043422,9.286249,0.1544125,0.247775,0.281325
150430504044350,9.296250,0.092125,0.1744875,0.1469875
150430514045275,9.306251,0.07865,0.0523875,-0.0485375
150430524046273,9.316252,0.1043625,-0.0086624995,-0.2220625
150430534047193,9.326253,0.126225,0.05115,-0.28187498
150430544048345,9.336254,0.1287,0.1379125,-0.2464
150430554049270,9.346255,0.137225,0.2184875,-0.1683
150430564050266,9.356256,0.136125,0.2160125,-0.0375375
150430574051424,9.366257,0.114125,0.0792,0.0174625
150430584052345,9.376258,0.1043625,-0.039325,0.0149875
150430594053333,9.386259,0.0749375,-0.0746625,-0.06435
150430604054472,9.396260,0.037125,0.04015,-0.10835
150430614055395,9.406261,-0.022824999,0.1672,-0.082775
150430624056395,9.416262,-0.0741125,0.252725,0.016224999
150430634057318,9.426263,-0.1082125,0.20019999,0.077275
150430644058466,9.436264,-0.1302125,0.037675,0.088275
150430654059391,9.446265,-0.1694,-0.1467125,0.0199375
150430664060405,9.456266,-0.1791625,-0.253,-0.113299996
150430674061328,9.466267,-0.1706375,-0.18095,-0.264825
150430684062475,9.476268,-0.1571625,-0.028324999,-0.3381125
150430694063400,9.486269,-0.1461625,0.108625,-0.2965875
150430704064400,9.496270,-0.1302125,0.0364375,-0.2281125
150430714065554,9.506272,-0.0961125,-0.1467125,-0.22687499
150430724066552,9.516273,-0.0325875,-0.2739,-0.3026375
150430734067713,9.526274,0.0089375,-0.1529,-0.3075875
150430744068629,9.536275,4.125E-4,0.1403875,-0.19635
150430754069631,9.546276,-0.0374,0.395725,0.044275
150430764070554,9.556277,-0.100925,0.4225375,0.320375
150430774071713,9.566278,-0.1461625,0.186725,0.5451875
150430784072638,9.576279,-0.183975,-0.2506625,0.623425
150430794073624,9.586280,-0.177925,-0.5927625,0.535425
150430804074550,9.596281,-0.1216875,-0.569525,0.2996125
150430814075708,9.606282,-0.06545,-0.2739,0.073699996
150430824076639,9.616283,-0.0521125,0.1342,0.0039875
150430834077651,9.626284,-0.078925,0.44701248,0.11385
150430844078559,9.636285,-0.1106875,0.390775,0.2506625
150430854079713,9.646286,-0.14973749,0.1354375,0.3471875
150430864080707,9.656287,-0.223025,-0.2481875,0.3092375
150430874081632,9.666288,-0.24255,-0.6073375,0.06985
150430884082784,9.676289,-0.1692625,-0.6598625,-0.285725
150430894083709,9.686290,-0.078925,-0.3287625,-0.545875
150430904084702,9.696291,-0.012925,0.1599125,-0.5973
150430914085862,9.706292,0.0066,0.4800125,-0.4945875
150430924086783,9.716293,-0.01045,0.440825,-0.263725
150430934087785,9.726294,-0.0264,0.1879625,0.045375
150430944088937,9.736295,-0.0482625,-0.1431375,0.2762375
150430954089854,9.746296,-0.07645,-0.288475,0.3887125
150430964090770,9.756297,-0.113025,-0.21395,0.393525
150430974091785,9.766298,-0.1227875,-0.089375,0.3287625
150430984092947,9.776299,-0.0862125,-0.067375,0.188375
150430994093867,9.786300,-0.014162499,-0.0771375,0.00385
150431004094858,9.796301,0.047025,0.0022,-0.180675
150431014096011,9.806302,0.0543125,0.1744875,-0.2844875
150431024096932,9.816303,-0.0031625,0.3810125,-0.2490125
150431034097877,9.826304,-0.078925,0.3870625,-0.1769625
150431044098877,9.836305,-0.1337875,0.20625,-0.1414875
150431054100030,9.846306,-0.16555,-0.0416625,-0.1672
150431064100951,9.856307,-0.1692625,-0.1969,-0.2184875
150431074101939,9.866308,-0.1595,-0.117425,-0.19525
150431084103091,9.876309,-0.1582625,0.1989625,-0.059675
150431094104093,9.886310,-0.1863125,0.434775,0.161425
150431104105021,9.896311,-0.21807499,0.4580125,0.376475
150431114106180,9.906312,-0.245025,0.3260125,0.4657125
150431124107101,9.916313,-0.2487375,0.0193875,0.40094998
150431134108026,9.926314,-0.2217875,-0.232375,0.2457125
150431144109026,9.936315,-0.1595,-0.31295,0.0295625
150431154110165,9.946316,-0.102025,-0.2189,-0.1342
150431164111086,9.956317,-0.062975,-0.0111375,-0.1929125
150431174112088,9.966318,-0.043449998,0.175725,-0.1989625
150431184113011,9.976319,-0.0251625,0.19525,-0.2014375
150431194114180,9.986320,0.0103124995,0.0963875,-0.20019999
150431204115163,9.996321,0.0408375,-0.0111375,-0.1549625
150431214116103,10.006322,0.02255,-0.012375,-0.0633875
150431224117254,10.016323,-0.06545,0.1379125,0.13585
150431234118254,10.026324,-0.1667875,0.2099625,0.3777125
150431244119179,10.036325,-0.227975,0.12925,0.5267625
150431254120088,10.046326,-0.25355,-0.078375,0.5352875
150431264121240,10.056327,-0.2267375,-0.30195,0.3777125
150431274122254,10.066328,-0.146025,-0.3069,0.13585
150431284123160,10.076329,-0.0752125,-0.106425,-0.0413875
150431294124083,10.086330,-0.056925,0.1183875,-0.0559625
150431304125235,10.096331,-0.082499996,0.3064875,0.095425
150431314126237,10.106332,-0.15345,0.31501248,0.260425
150431324127160,10.116333,-0.22055,0.2099625,0.349525
150431334128328,10.126334,-0.2767875,-0.0551375,0.341
150431344129326,10.136335,-0.2926,-0.3287625,0.26895
150431354130242,10.146336,-0.25355,-0.4217125,0.1150875
150431364131380,10.156337,-0.2242625,-0.321475,-0.0462
150431374132305,10.166338,-0.2145,-0.11385,-0.12815
150431384133291,10.176339,-0.172975,0.031625,-0.15015
150431394134416,10.186340,-0.1167375,0.026675,-0.09515
150431404135337,10.196341,-0.082499996,-0.001375,-0.0022
150431414136339,10.206342,-0.0947375,0.0352,0.1296625
150431424137510,10.216344,-0.150975,0.114675,0.3617625
150431434138447,10.226344,-0.223025,0.12815,0.6061
150431444139342,10.236345,-0.262075,0.07315,0.7233875
150431454140343,10.246346,-0.2805,-0.12485,0.7161
150431464141497,10.256347,-0.2487375,-0.43505,0.553575
150431474142420,10.266348,-0.1155,-0.580525,0.2127125
150431484143416,10.276349,0.0408375,-0.4607625,-0.1929125
150431494144353,10.286350,0.14465,-0.1186625,-0.4580125
150431504145505,10.296352,0.1898875,0.30525,-0.523875
150431514146433,10.306352,0.18865,0.56787497,-0.4285875
150431524147435,10.316353,0.1533125,0.5825875,-0.208725
150431534148603,10.326355,0.0983125,0.3260125,0.01485
150431544149519,10.336356,0.02255,-0.0331375,0.2189
150431554150534,10.346357,-0.080025,-0.382525,0.360525
150431564151701,10.356358,-0.146025,-0.49981248,0.3947625
150431574152632,10.366359,-0.1595,-0.4142875,0.32999998
150431584153630,10.376360,-0.1265,-0.2946625,0.1871375
150431594154550,10.386361,-0.0471625,-0.1456125,0.006325
150431604155702,10.396362,0.025024999,0.0218625,-0.1452
150431614156651,10.406363,0.06655,0.1354375,-0.2404875
150431624157665,10.416364,0.0653125,0.1684375,-0.274725
150431634158819,10.426365,0.0396,0.1329625,-0.25025
150431644159745,10.436366,0.014025,-0.0075625,-0.26125
150431654160676,10.446367,0.02255,-0.1931875,-0.3504875
150431664161662,10.456368,0.086075,-0.260425,-0.500775
150431674162800,10.466369,0.1496,-0.1271875,-0.5911125
150431684163793,10.476370,0.1863125,0.13915,-0.5630625
150431694164719,10.486371,0.18259999,0.3210625,-0.396825
150431704165865,10.496372,0.1373625,0.318725,-0.1122
150431714166872,10.506373,0.086075,0.1183875,0.1639
150431724167782,10.516374,0.0396,-0.12485,0.2836625
150431734168949,10.526375,-0.0092124995,-0.2701875,0.2641375
150431744169851,10.536376,-0.054449998,-0.25795,0.1419
150431754170867,10.546377,-0.0922625,-0.0979,0.0221375
150431764171790,10.556378,-0.1362625,0.0108624995,-0.059675
150431774172944,10.566379,-0.150975,0.0462,-0.1084875
150431784173841,10.576380,-0.1412125,-0.0490875,-0.17325
150431794174843,10.586381,-0.082499996,-0.161425,-0.22825
150431804175766,10.596382,0.01155,-0.1931875,-0.2992
150431814176930,10.606383,0.1007875,-0.1271875,-0.3540625
150431824177908,10.616384,0.1373625,-0.058849998,-0.3430625
150431834178843,10.626385,0.13365,0.00715,-0.2783
150431844179997,10.636386,0.1276,0.0132,-0.20019999
150431854180997,10.646387,0.130075,-0.073425,-0.1219625
150431864181934,10.656388,0.1654125,-0.13585,-0.081675
150431874182857,10.666389,0.2033625,-0.106425,-0.015675
150431884184014,10.676390,0.2204125,-0.067375,0.1199
150431894185031,10.686391,0.219175,-0.0319,0.2519
150431904185925,10.696392,0.2253625,-0.0380875,0.3166625
150431914187086,10.706393,0.2314125,-0.150425,0.2946625
150431924188077,10.716394,0.246125,-0.1821875,0.2091375
150431934189006,10.726395,0.246125,-0.14685,0.0551375
150431944190160,10.736396,0.2278375,-0.086899996,-0.0779625
150431954191082,10.746397,0.18865,0.009625,-0.08415
150431964192112,10.756398,0.17407499,0.0779625,0.006325
150431974193264,10.766399,0.17407499,0.065725,0.073425
150431984194178,10.776400,0.1643125,-0.047849998,0.108899996
150431994195192,10.786401,0.15565,-0.1797125,0.095425
150432004196112,10.796402,0.147125,-0.2567125,0.0416625
150432014197035,10.806403,0.130075,-0.25547498,-0.0011
150432024198189,10.816404,0.1128875,-0.2006125,-0.0584375
150432034199175,10.826405,0.1043625,-0.0539,-0.1379125
150432044200322,10.836406,0.0787875,0.0963875,-0.2160125
150432054201231,10.846407,0.0543125,0.1610125,-0.15015
150432064202231,10.856408,0.0372625,0.1414875,0.013612499
150432074203156,10.866409,0.036025,0.09515,0.14685
150432084204310,10.876410,0.036025,0.0108624995,0.20047499
150432094205238,10.886411,0.031075,-0.078375,0.2079
150432104206233,10.896412,0.0347875,-0.1309,0.1626625
150432114207152,10.906413,0.05555,-0.199375,0.14685
150432124208299,10.916414,0.075075,-0.1859,0.073425
150432134209286,10.926415,0.0763125,-0.06985,-0.0034375
150432144210209,10.936416,0.0603625,0.01815,-0.0218625
150432154211363,10.946417,0.0383625,0.037675,0.0405625
150432164212366,10.956418,0.020075,-0.0551375,0.1346125
150432174213286,10.966419,0.0262625,-0.1931875,0.205425
150432184214440,10.976420,0.0628375,-0.2811875,0.1846625
150432194215438,10.986421,0.095837496,-0.2677125,0.1101375
150432204216363,10.996422,0.108075,-0.22247499,0.0295625
150432214217517,11.006424,0.125125,-0.15785,-0.00715
150432224218443,11.016424,0.1398375,-0.095425,-0.0438625
150432234219454,11.026425,0.136125,-0.0246125,-0.0572
150432244220392,11.036426,0.1348875,-0.0306625,-0.0438625
150432254221559,11.046428,0.14355,-0.0551375,0.0050875
150432264222475,11.056428,0.141075,-0.1126125,0.1051875
150432274223477,11.066429,0.1117875,-0.1749,0.2519
150432284224634,11.076431,0.069025,-0.2176625,0.3471875
150432294225624,11.086432,0.03355,-0.210375,0.370425
150432304226554,11.096433,0.0127875,-0.22013749,0.3447125
150432314227477,11.106433,0.0262625,-0.2409,0.297
150432324228629,11.116435,0.0262625,-0.13213749,0.2519
150432334229631,11.126436,0.0628375,-0.0429,0.172425
150432344230544,11.136437,0.0726,0.0438625,0.1736625
150432354231703,11.146438,0.0726,0.0572,0.1601875
150432364232624,11.156439,0.0787875,0.0229625,0.1516625
150432374233631,11.166440,0.0726,-0.013612499,0.1260875
150432384234554,11.176441,0.059125,-0.0441375,0.083325
150432394235783,11.186442,0.059125,-0.0636625,0.0466125
150432404236708,11.196443,0.0738375,-0.078375,0.023375
150432414237862,11.206444,0.0933625,-0.0380875,0.0026125
150432424238783,11.216445,0.1153625,0.0523875,-0.0352
150432434239788,11.226446,0.1276,0.1574375,-0.0669625
150432444240713,11.236447,0.117837496,0.252725,-0.0352
150432454241862,11.246448,0.1093125,0.29425,0.0416625
150432464242860,11.256449,0.125125,0.3100625,0.1346125
150432474243794,11.266450,0.147125,0.2685375,0.2116125
150432484244932,11.276451,0.15565,0.153725,0.2872375
150432494245855,11.286452,0.1458875,0.0719125,0.3312375
150432504246855,11.296453,0.1288375,0.0719125,0.3337125
150432514248002,11.306454,0.125125,0.0572,0.243375
150432524248932,11.316455,0.11055,0.11715,0.15413749
150432534249934,11.326456,0.114125,0.1232,0.01485
150432544251082,11.336457,0.114125,0.1634875,-0.0999625
150432554252005,11.346458,0.0897875,0.2270125,-0.1989625
150432564253005,11.356459,0.064075,0.2905375,-0.2820125
150432574253930,11.366460,0.0286,0.3419625,-0.3480125
150432584255072,11.376461,-0.0092124995,0.3760625,-0.385825
150432594255995,11.386462,-0.0092124995,0.4090625,-0.3870625
150432604256997,11.396463,-0.0202125,0.4555375,-0.307725
150432614258151,11.406464,-0.0422125,0.429825,-0.16225
150432624259135,11.416465,-0.0642125,0.374825,0.00385
150432634260074,11.426466,-0.08745,0.29425,0.1676125
150432644261226,11.436467,-0.1265,0.2294875,0.31295
150432654262135,11.446468,-0.1362625,0.1342,0.3617625
150432664263154,11.456469,-0.14245,0.0279125,0.3422375
150432674264298,11.466470,-0.15345,-0.0906125,0.233475
150432684265235,11.476471,-0.139975,-0.14795,0.089375
150432694266218,11.486472,-0.117975,-0.1150875,-0.0462
150432704267365,11.496473,-0.0972125,-0.0160875,-0.15125
150432714268288,11.506474,-0.073975,0.054725,-0.258775
150432724269286,11.516475,-0.073975,0.1782,-0.346775
150432734270209,11.526476,-0.0727375,0.2222,-0.4175875
150432744271365,11.536477,-0.058025,0.2014375,-0.4140125
150432754272360,11.546478,-0.045925,0.142725,-0.374825
150432764273514,11.556480,-0.0165,0.098725,-0.3284875
150432774274437,11.566480,-0.01045,0.0694375,-0.3003
150432784275442,11.576481,-0.0262625,0.14025,-0.252725
150432794276367,11.586482,-0.0165,0.18425,-0.203775
150432804277533,11.596484,-0.023924999,0.12815,-0.1672
150432814278519,11.606485,-0.02145,-0.056375,-0.1672
150432824279444,11.616485,0.042075,-0.221375,-0.186725
150432834280591,11.626487,0.0908875,-0.2591875,-0.219725
150432844281524,11.636488,0.12265,-0.0198,-0.2294875
150432854282526,11.646489,0.1276,0.2380125,-0.1892
150432864283683,11.656490,0.09955,0.318725,0.0160875
150432874284611,11.666491,0.042075,0.2184875,0.321475
150432884285613,11.676492,-0.0251625,0.15125,0.608575
150432894286541,11.686493,-0.09845,0.1329625,0.729575
150432904287769,11.696494,-0.19373749,0.0719125,0.663575
150432914288692,11.706495,-0.2718375,0.0364375,0.4852375
150432924289841,11.716496,-0.3012625,-0.086899996,0.326425
150432934290765,11.726497,-0.378125,-0.1051875,0.2041875
150432944291767,11.736498,-0.3317875,-0.128425,0.02585
150432954292923,11.746499,-0.2585,-0.0441375,-0.1084875
150432964293841,11.756500,-0.1753125,-1.375E-4,-0.203775
150432974294844,11.766501,-0.1007875,-0.083325,-0.230725
150432984296010,11.776502,-0.0837375,-0.086899996,-0.15015
150432994296947,11.786503,-0.1582625,0.026675,-0.1049125
150433004297947,11.796504,-0.0996875,-0.094325,-0.2319625
150433014299101,11.806505,-0.0812625,-0.1711875,-0.3870625
150433024300024,11.816506,-0.023924999,-0.2017125,-0.534875
150433034301019,11.826507,0.0787875,-0.155375,-0.6301625
150433044302173,11.836508,0.0823625,-0.045375,-0.6546375
150433054303096,11.846509,-0.01045,0.1744875,-0.545875
150433064304098,11.856510,0.0347875,0.2074875,-0.4200625
150433074305036,11.866511,0.0055,0.2759625,-0.186725
150433084306189,11.876512,-0.043449998,0.2624875,0.0380875
150433094307202,11.886513,-0.091025,0.2099625,0.2237125
150433104308128,11.896514,-0.0361625,0.042625,0.3532375
150433114309295,11.906515,-0.082499996,0.054725,0.4668125
150433124310289,11.916516,-0.29755,-0.0209,0.5438125
150433134311213,11.926517,-0.2193125,-0.26895,0.4021875
150433144312366,11.936518,-0.19373749,-0.3557125,0.211475
150433154313364,11.946519,-0.146025,-0.3922875,0.039325
150433164314523,11.956521,-0.0642125,-0.348425,-0.0853875
150433174315432,11.966521,0.003025,-0.25795,-0.12815
150433184316438,11.976522,0.0543125,-0.111375,-0.0633875
150433194317362,11.986523,0.147125,-0.056375,0.100375
150433204318520,11.996525,0.05555,0.065725,0.321475
150433214319443,12.006525,-0.040975,-0.0429,0.49005
150433224320443,12.016526,-0.0581625,-0.22247499,0.498575
150433234321597,12.026528,-0.102025,-0.3069,0.4082375
150433244322597,12.036529,-0.1117875,-0.3312375,0.205425
150433254323735,12.046530,-0.0947375,-0.2849,-0.0328625
150433264324735,12.056531,-0.0715,-0.2849,-0.2294875
150433274325645,12.066532,-0.0642125,-0.2897125,-0.3333
150433284326797,12.076533,-0.0935,-0.1199,-0.351725
150433294327783,12.086534,0.02255,0.0352,-0.2844875
150433304328694,12.096535,-0.1216875,0.186725,-0.109725
150433314329831,12.106536,-0.20955,0.1892,0.144375
150433324330831,12.116537,-0.251075,0.0438625,0.2959
150433334331766,12.126538,-0.3243625,-0.050325,0.371525
150433344332684,12.136539,-0.3463625,-0.122375,0.3532375
150433354333838,12.146540,-0.350075,-0.155375,0.25547498
150433364334833,12.156541,-0.333025,-0.1566125,0.1199
150433374335987,12.166542,-0.3073125,-0.1529,-0.004675
150433384336985,12.176543,-0.300025,-0.1431375,-0.0633875
150433394337910,12.186544,-0.2963125,-0.133375,-0.087725
150433404338833,12.196545,-0.2902625,-0.1309,-0.102437496
150433414340059,12.206546,-0.278025,-0.1346125,-0.0669625
150433424340982,12.216547,-0.2792625,-0.1749,-0.0132
150433434342129,12.226548,-0.2817375,-0.2457125,0.034375
150433444343131,12.236549,-0.2877875,-0.271425,0.050325
150433454344273,12.246550,-0.2718375,-0.2677125,0.0319
150433464345191,12.256551,-0.2217875,-0.243375,-0.0034375
150433474346177,12.266552,-0.1742125,-0.1821875,-0.0449625
150433484347102,12.276553,-0.1485,-0.1211375,-0.08415
150433494348256,12.286554,-0.15345,-0.1199,-0.0939125
150433504349268,12.296555,-0.168025,-0.108899996,-0.0548625
150433514350422,12.306556,-0.183975,-0.1199,0.0075625
150433524351340,12.316557,-0.1802625,-0.14795,0.0796125
150433534352340,12.326558,-0.1607375,-0.188375,0.133375
150433544353265,12.336559,-0.12773749,-0.24213749,0.1406625
150433554354420,12.346560,-0.104499996,-0.2261875,0.117425
150433564355405,12.356561,-0.09845,-0.1516625,0.1101375
150433574356552,12.366563,-0.10945,-0.0930875,0.13585
150433584357557,12.376564,-0.1192125,-0.078375,0.1797125
150433594358482,12.386564,-0.1155,-0.1529,0.1797125
150433604359644,12.396566,-0.1106875,-0.2542375,0.1296625
150433614360572,12.406567,-0.10945,-0.35694999,0.0686125
150433624361569,12.416568,-0.1032625,-0.36795,0.0075625
150433634362745,12.426569,-0.0935,-0.3532375,-0.0231
150433644363745,12.436570,-0.084975,-0.3581875,-0.0303875
150433654364913,12.446571,-0.067925,-0.3471875,-0.053625
150433664365851,12.456572,-0.0471625,-0.32999998,-0.0449625
150433674366837,12.466573,-0.032449998,-0.3092375,0.0196625
150433684367752,12.476574,-0.0336875,-0.2849,0.1040875
150433694368906,12.486575,-0.0385,-0.21395,0.1601875
150433704369906,12.496576,-0.0397375,-0.161425,0.18095
150433714371073,12.506577,-0.0385,-0.1516625,0.15413749
150433724372073,12.516578,-0.0251625,-0.21395,0.095425
150433734372998,12.526579,-0.0116875,-0.2677125,0.0600875
150433744374159,12.536580,-0.0044,-0.2921875,0.0490875
150433754375082,12.546581,-0.012925,-0.2652375,0.0600875
150433764376303,12.556582,-0.0251625,-0.1931875,0.0820875
150433774377202,12.566583,-0.0251625,-0.1651375,0.0979
150433784378125,12.576584,-0.0165,-0.17613749,0.1016125
150433794379356,12.586585,0.0053625,-0.22013749,0.067375
150433804380284,12.596586,0.0347875,-0.249425,0.0636625
150433814381267,12.606587,0.058025,-0.24695,0.0820875
150433824382424,12.616588,0.0713625,-0.1529,0.1161875
150433834383342,12.626589,0.064075,-0.0405625,0.1736625
150433844384358,12.636590,0.048125,0.0218625,0.271425
150433854385515,12.646592,0.0396,-0.012375,0.34347498
150433864386520,12.656593,0.0396,-0.1016125,0.376475
150433874387445,12.666593,0.0518375,-0.2311375,0.36795
150433884388601,12.676595,0.069025,-0.2787125,0.308
150433894389524,12.686596,0.0823625,-0.221375,0.2409
150433904390531,12.696597,0.0798875,-0.111375,0.205425
150433914391685,12.706598,0.0738375,-0.017324999,0.20295
150433924392688,12.716599,0.0738375,-0.0160875,0.23595
150433934393852,12.726600,0.0836,-0.0906125,0.271425
150433944394856,12.736601,0.086075,-0.1406625,0.2959
150433954395799,12.746602,0.070125,-0.1626625,0.338525
150433964396940,12.756603,0.048125,-0.1076625,0.36795
150433974397938,12.766604,0.0347875,-0.0710875,0.3812875
150433984398863,12.776605,0.0408375,-0.073425,0.3777125
150433994400027,12.786606,0.0603625,-0.1260875,0.3031875
150434004401025,12.796607,0.0933625,-0.1871375,0.1956625
150434014401955,12.806608,0.136125,-0.2151875,0.106425
150434024403093,12.816609,0.1716,-0.14795,0.058849998
150434034404101,12.826610,0.18865,-0.0551375,0.062425
150434044405021,12.836611,0.1874125,0.0022,0.1161875
150434054406250,12.846612,0.169125,0.042625,0.2091375
150434064407160,12.856613,0.14355,-0.0026125,0.282425
150434074408312,12.866614,0.1288375,-0.0539,0.321475
150434084409231,12.876615,0.1128875,-0.111375,0.3422375
150434094410237,12.886616,0.09955,-0.1309,0.3691875
150434104411394,12.896617,0.081125,-0.11385,0.3972375
150434114412389,12.906618,0.0543125,-0.084425,0.442475
150434124413552,12.916620,0.036025,-0.067375,0.4657125
150434134414476,12.926620,0.0396,-0.047849998,0.4302375
150434144415478,12.936621,0.0506,-0.034375,0.352
150434154416631,12.946623,0.0616,-0.0490875,0.2616625
150434164417644,12.956624,0.07755,-0.0856625,0.1516625
150434174418564,12.966625,0.081125,-0.10285,0.0441375
150434184419706,12.976626,0.07755,-0.06985,-0.0108624995
150434194420707,12.986627,0.075075,-0.0405625,0.0086624995
150434204421632,12.996628,0.075075,-0.0246125,0.0636625
150434214422860,13.006629,0.075075,-0.0295625,0.14685
150434224423785,13.016630,0.0798875,-0.062425,0.24695
150434234424937,13.026631,0.08855,-0.072325,0.3056625
150434244425860,13.036632,0.0908875,-0.073425,0.3361875
150434254426862,13.046633,0.0946,-0.08085,0.3276625
150434264428016,13.056634,0.106837496,-0.095425,0.27995
150434274429011,13.066635,0.1153625,-0.086899996,0.1896125
150434284429925,13.076636,0.1128875,-0.0539,0.1016125
150434294431154,13.086637,0.12265,0.0011,0.036849998
150434304432060,13.096638,0.14465,0.098725,0.0026125
150434314433209,13.106639,0.1496,0.1744875,0.0270875
150434324434221,13.116640,0.14355,0.1744875,0.0930875
150434334435137,13.126641,0.13859999,0.14025,0.1529
150434344436305,13.136642,0.119075,0.0682,0.16995
150434354437303,13.146643,0.097075,-1.375E-4,0.1199
150434364438457,13.156644,0.081125,-0.0026125,0.028324999
150434374439380,13.166645,0.0787875,0.0279125,-0.0694375
150434384440397,13.176646,0.08855,0.08415,-0.1232
150434394441549,13.186648,0.1093125,0.102437496,-0.153725
150434404442486,13.196648,0.15565,0.0682,-0.197725
150434414443717,13.206650,0.1923625,-0.0050875,-0.252725
150434424444640,13.216651,0.2228875,-0.0405625,-0.3235375
150434434445642,13.226652,0.2253625,0.004675,-0.368775
150434444446570,13.236653,0.213125,0.0572,-0.35901248
150434454447714,13.246654,0.2033625,0.120725,-0.2844875
150434464448707,13.256655,0.1948375,0.1599125,-0.1879625
150434474449861,13.266656,0.19607499,0.1940125,-0.0669625
150434484450876,13.276657,0.2094125,0.2234375,0.0429
150434494451786,13.286658,0.2118875,0.2539625,0.1186625
150434504452940,13.296659,0.197175,0.2820125,0.161425
150434514453935,13.306660,0.1643125,0.29425,0.1907125
150434524454844,13.316661,0.1348875,0.2662,0.216425
150434534456017,13.326662,0.1238875,0.19167499,0.2237125
150434544457003,13.336663,0.1458875,0.113437496,0.188375
150434554458125,13.346664,0.180125,0.092675,0.0979
150434564459125,13.356665,0.19607499,0.1232,-0.0011
150434574460264,13.366666,0.202125,0.1989625,-0.097625
150434584461173,13.376667,0.1874125,0.2844875,-0.1329625
150434594462168,13.386668,0.15565,0.307725,-0.102437496
150434604463093,13.396669,0.1313125,0.27101249,-0.0462
150434614464312,13.406670,0.1153625,0.2099625,0.001375
150434624465237,13.416671,0.1093125,0.15619999,0.0111375
150434634466418,13.426672,0.1203125,0.1269125,-0.015675
150434644467438,13.436673,0.14465,0.1329625,-0.0902
150434654468592,13.446675,0.19607499,0.113437496,-0.23567499
150434664469534,13.456676,0.2693625,0.0669625,-0.43725
150434674470536,13.466677,0.346225,0.0474375,-0.6436375
150434684471685,13.476678,0.3927,0.124437496,-0.776875
150434694472606,13.486679,0.39765,0.24653749,-0.771925
150434704473598,13.496680,0.368225,0.3724875,-0.6314
150434714474762,13.506681,0.318175,0.4580125,-0.4054875
150434724475776,13.516682,0.2717,0.42734998,-0.1659625
150434734476699,13.526683,0.2509375,0.280775,0.034375
150434744477853,13.536684,0.2448875,0.020624999,0.1639
150434754478853,13.546685,0.2827,-0.249425,0.1211375
150434764480026,13.556686,0.32793748,-0.326425,-0.0694375
150434774481029,13.566687,0.3023625,-0.15895,-0.2429625
150434784482182,13.576688,0.2376,0.109725,-0.27101249
150434794483192,13.586689,0.1434125,0.3700125,-0.13915
150434804484101,13.596690,0.0506,0.4640625,0.0636625
150434814485012,13.606691,-0.0312125,0.3955875,0.288475
150434824486161,13.616692,-0.0922625,0.202675,0.476575
150434834487152,13.626693,-0.1142625,-0.047849998,0.558525
150434844488303,13.636694,-0.1265,-0.24695,0.5292375
150434854489308,13.646695,-0.1582625,-0.29947498,0.43395
150434864490475,13.656696,-0.194975,-0.2286625,0.32395
150434874491385,13.666697,-0.2182125,-0.12485,0.25547498
150434884492387,13.676698,-0.2022625,-0.0856625,0.1846625
150434894493545,13.686700,-0.1557875,-0.108899996,0.0759
150434904494538,13.696701,-0.0935,-0.194425,-0.0719125
150434914495687,13.706702,-0.040975,-0.2726625,-0.21725
150434924496692,13.716703,-0.040975,-0.22247499,-0.3125375
150434934497612,13.726704,-0.0715,-0.1101375,-0.3614875
150434944498764,13.736705,-0.106975,0.0022,-0.3540625
150434954499672,13.746706,-0.113025,0.0682,-0.2539625
150434964500669,13.756707,-0.0972125,0.059675,-0.098725
150434974501823,13.766708,-0.078925,0.0449625,0.073425
150434984502823,13.776709,-0.067925,0.0389125,0.2237125
150434994503980,13.786710,-0.0642125,0.0242,0.310475
150435004504987,13.796711,-0.0605,0.0242,0.332475
150435014505905,13.806712,-0.0532125,0.0254375,0.2849
150435024507059,13.816713,-0.0361625,0.0389125,0.194425
150435034508049,13.826714,-0.0154,0.0449625,0.1076625
150435044509201,13.836715,-0.0031625,0.0559625,0.034375
150435054510216,13.846716,-0.01045,0.1073875,0.00385
150435064511141,13.856717,-0.0471625,0.1964875,0.0380875
150435074512300,13.866718,-0.106975,0.2905375,0.128425
150435084513305,13.876719,-0.17173749,0.3260125,0.2457125
150435094514209,13.886720,-0.23155,0.27225,0.3532375
150435104515363,13.896721,-0.2926,0.1574375,0.45581248
150435114516578,13.906723,-0.3452625,0.031625,0.525525
150435124517529,13.916724,-0.372075,-0.106425,0.497475
150435134518515,13.926725,-0.3598375,-0.1491875,0.3581875
150435144519655,13.936726,-0.3025,-0.1199,0.1491875
150435154520655,13.946727,-0.2217875,-0.0380875,-0.0658625
150435164521809,13.956728,-0.146025,0.0462,-0.252725
150435174522717,13.966729,-0.12045,0.1634875,-0.3309625
150435184523719,13.976730,-0.1412125,0.2564375,-0.2893
150435194524647,13.986731,-0.179025,0.3064875,-0.1672
150435204525866,13.996732,-0.18755,0.280775,0.0185625
150435214527015,14.006733,-0.1557875,0.18425,0.20295
150435224527953,14.016734,-0.080025,0.02915,0.31295
150435234528955,14.026735,-0.0116875,-0.13585,0.3227125
150435244529878,14.036736,0.0433125,-0.24213749,0.2176625
150435254531121,14.046737,0.0798875,-0.227425,0.017324999
150435264532289,14.056738,0.0823625,-0.1040875,-0.197725
150435274533213,14.066739,0.0493625,0.0584375,-0.357775
150435284534213,14.076740,-0.001925,0.2112,-0.390775
150435294535394,14.086741,-0.0471625,0.2930125,-0.30525
150435304536395,14.096742,-0.054449998,0.2270125,-0.1599125
150435314537334,14.106743,-0.040975,0.0474375,-0.037675
150435324538496,14.116744,-0.0495,-0.15413749,-0.0303875
150435334539490,14.126745,-0.0617375,-0.326425,-0.1439625
150435344540658,14.136747,-0.0702625,-0.3972375,-0.3394875
150435354541658,14.146748,-0.0605,-0.3581875,-0.5275875
150435364542812,14.156749,-0.0482625,-0.1346125,-0.6375875
150435374543730,14.166750,-0.0336875,0.136675,-0.64735
150435384544732,14.176751,-0.012925,0.3309625,-0.5251125
150435394545884,14.186752,-0.0044,0.3614875,-0.2784375
150435404546872,14.196753,-0.0336875,0.2564375,0.0221375
150435414547799,14.206754,-0.0776875,0.1012,0.2616625
150435424548969,14.216755,-0.14245,0.0144375,0.40094998
150435434549952,14.226756,-0.2132625,-0.0270875,0.464475
150435444551106,14.236757,-0.2805,-0.0636625,0.464475
150435454552034,14.246758,-0.333025,-0.0526625,0.4437125
150435464553246,14.256759,-0.3537875,-0.0209,0.4192375
150435474554154,14.266760,-0.333025,0.0144375,0.376475
150435484555156,14.276761,-0.2902625,0.0889625,0.29947498
150435494556084,14.286762,-0.2633125,0.164725,0.233475
150435504557238,14.296763,-0.2585,0.2270125,0.19813749
150435514558472,14.306764,-0.2608375,0.25025,0.1956625
150435524559385,14.316765,-0.27555,0.24419999,0.2261875
150435534560381,14.326766,-0.2718375,0.224675,0.2629
150435544561537,14.336768,-0.2462625,0.20019999,0.2921875
150435554562472,14.346768,-0.19855,0.10615,0.2811875
150435564563474,14.356769,-0.135025,-0.0270875,0.2066625
150435574564642,14.366771,-0.07645,-0.0991375,0.100375
150435584565642,14.376772,-0.029975,-0.0686125,-0.0022
150435594566779,14.386773,0.0176,0.0229625,-0.092675
150435604567779,14.396774,0.0713625,0.1489125,-0.1709125
150435614568699,14.406775,0.1153625,0.247775,-0.2222
150435624569849,14.416776,0.1716,0.24419999,-0.224675
150435634570849,14.426777,0.2228875,0.1599125,-0.2099625
150435644572001,14.436778,0.2448875,0.081675,-0.1574375
150435654573001,14.446779,0.2278375,0.064625,-0.087725
150435664574141,14.456780,0.17765,0.114675,-0.0121
150435674575073,14.466781,0.1093125,0.1709125,0.051425
150435684576075,14.476782,0.036025,0.20625,0.1016125
150435694577250,14.486783,-0.0202125,0.197725,0.1456125
150435704578255,14.496784,-0.0532125,0.1329625,0.1516625
150435714579408,14.506785,-0.080025,0.125675,0.1431375
150435724580317,14.516786,-0.1155,0.1879625,0.1601875
150435734581319,14.526787,-0.1362625,0.2564375,0.1859
150435744582470,14.536788,-0.1227875,0.26125,0.23595
150435754583445,14.546789,-0.082499996,0.20019999,0.3056625
150435764584582,14.556791,-0.034925,0.1109625,0.360525
150435774585505,14.566792,-0.01045,0.0523875,0.41305
150435784586507,14.576793,-0.0067375,0.05115,0.4547125
150435794587664,14.586794,-0.0275,0.0694375,0.4802875
150435804588592,14.596795,-0.023924999,0.0829125,0.4497625
150435814589823,14.606796,0.0042625,0.0572,0.398475
150435824590823,14.616797,0.0506,0.0144375,0.3251875
150435834591762,14.626798,0.1007875,-0.0050875,0.2432375
150435844592924,14.636799,0.136125,0.0169125,0.1491875
150435854593837,14.646800,0.1618375,0.0584375,0.0796125
150435864595070,14.656801,0.1654125,0.114675,0.0416625
150435874595986,14.666802,0.13859999,0.1769625,0.0771375
150435884596988,14.676803,0.08855,0.1672,0.144375
150435894598140,14.686804,0.064075,0.0963875,0.1969
150435904599142,14.696805,0.0713625,-0.0050875,0.2066625
150435914600294,14.706806,0.0848375,-0.0515625,0.1419
150435924601227,14.716807,0.070125,0.0193875,0.051425
150435934602247,14.726808,0.0567875,0.1159125,-0.004675
150435944603387,14.736809,0.0433125,0.1989625,0.013612499
150435954604385,14.746810,0.0163625,0.2355375,0.0710875
150435964605553,14.756812,-0.0202125,0.1940125,0.139425
150435974606476,14.766812,-0.0471625,0.1012,0.1907125
150435984607487,14.776813,-0.0617375,0.043725,0.2189
150435994608646,14.786815,-0.0581625,0.02915,0.2127125
150436004609635,14.796816,-0.034925,0.02915,0.166375
150436014610795,14.806817,0.0017875,0.0108624995,0.1040875
150436024611808,14.816818,0.0262625,0.00715,0.056375
150436034612742,14.826819,0.02255,0.0229625,0.0319
150436044613887,14.836820,-0.0044,0.06215,0.040425
150436054614808,14.846821,-0.0446875,0.08415,0.0771375
150436064615805,14.856822,-0.0581625,0.0449625,0.06985
150436074616968,14.866823,-0.0422125,0.0119624995,0.0086624995
150436084617959,14.876824,-0.0055,-0.0526625,-0.0902
150436094619111,14.886825,0.0726,-0.0881375,-0.2184875
150436104620132,14.896826,0.136125,-0.047849998,-0.3113
150436114621276,14.906827,0.1458875,0.06215,-0.3320625
150436124622294,14.916828,0.0983125,0.2184875,-0.2404875
150436134623190,14.926829,0.0383625,0.2930125,-0.092675
150436144624340,14.936830,0.0042625,0.2050125,0.0526625
150436154625325,14.946831,-6.875E-4,0.0218625,0.166375
150436164626476,14.956832,0.0042625,-0.17613749,0.1907125
150436174627395,14.966833,0.015262499,-0.24695,0.1271875
150436184628397,14.976834,5.5E-4,-0.15785,0.040425
150436194629550,14.986836,-0.0336875,0.0328625,-0.0022
150436204630463,14.996836,-0.0862125,0.164725,0.001375
150436214631673,15.006838,-0.13145,0.1634875,0.0466125
150436224632601,15.016839,-0.1557875,0.0339625,0.0831875
150436234633603,15.026840,-0.15455,-0.1566125,0.0661375
150436244634822,15.036841,-0.1472625,-0.2677125,0.0086624995
150436254635747,15.046842,-0.157025,-0.243375,-0.053625
150436264636909,15.056843,-0.194975,-0.1040875,-0.0902
150436274637817,15.066844,-0.227975,0.0059125,-0.076725
150436284638819,15.076845,-0.245025,0.0229625,-0.0193875
150436294639969,15.086846,-0.2462625,-0.0539,0.0380875
150436304640981,15.096847,-0.234025,-0.1676125,0.0686125
150436314642142,15.106848,-0.2047375,-0.29947498,0.017324999
150436324643140,15.116849,-0.1632125,-0.321475,-0.0889625
150436334644079,15.126850,-0.13145,-0.260425,-0.19525
150436344645233,15.136851,-0.1216875,-0.1639,-0.27225
150436354646154,15.146852,-0.1216875,-0.0906125,-0.28325
150436364647385,15.156853,-0.1142625,-0.0906125,-0.246675
150436374648380,15.166854,-0.09845,-0.1626625,-0.208725
150436384649314,15.176855,-0.0691625,-0.2811875,-0.224675
150436394650464,15.186856,-0.0275,-0.3251875,-0.2905375
150436404651464,15.196857,-6.875E-4,-0.277475,-0.346775
150436414652401,15.206858,0.0066,-0.1529,-0.368775
150436424653639,15.216860,0.009075,-0.045375,-0.3504875
150436434654550,15.226861,0.0262625,0.01815,-0.263725
150436444655702,15.236862,0.047025,-0.028324999,-0.131725
150436454656702,15.246863,0.0738375,-0.14795,-0.05115
150436464657856,15.256864,0.108075,-0.288475,-0.0792
150436474658785,15.266865,0.152075,-0.3397625,-0.1659625
150436484659801,15.276866,0.180125,-0.26895,-0.2404875
150436494660953,15.286867,0.1728375,-0.1186625,-0.2552
150436504661934,15.296868,0.147125,0.0279125,-0.1904375
150436514663088,15.306869,0.108075,0.092675,-0.0474375
150436524664006,15.316870,0.0677875,0.009625,0.1309
150436534665008,15.326871,0.053075,-0.1651375,0.2176625
150436544666145,15.336872,0.0713625,-0.3752375,0.22013749
150436554667145,15.346873,0.11165,-0.49981248,0.144375
150436564668066,15.356874,0.1458875,-0.451,0.023375
150436574669220,15.366875,0.1398375,-0.2629,-0.0438625
150436584670217,15.376876,0.11055,-0.0526625,-0.0449625
150436594671367,15.386877,0.0836,0.04015,-0.0121
150436604672369,15.396878,0.0823625,-0.0405625,-0.0108624995
150436614673510,15.406880,0.1007875,-0.2066625,-0.0132
150436624674434,15.416880,0.1263625,-0.32999998,-0.0254375
150436634675434,15.426881,0.1533125,-0.31295,-0.0584375
150436644676567,15.436883,0.1618375,-0.161425,-0.06215
150436654677552,15.446884,0.1606,0.0034375,-0.0011
150436664678692,15.456885,0.1593625,0.0694375,0.10285
150436674679615,15.466886,0.1716,-0.0099,0.19813749
150436684680615,15.476887,0.1936,-0.1626625,0.23595
150436694681774,15.486888,0.208175,-0.2481875,0.17847499
150436704682697,15.496889,0.1984125,-0.19195,0.0941875
150436714683699,15.506890,0.1568875,-0.034375,0.047849998
150436724684853,15.516891,0.106837496,0.0963875,0.0721875
150436734685855,15.526892,0.0836,0.0864875,0.122375
150436744687009,15.536893,0.0946,-0.023375,0.12485
150436754687995,15.546894,0.119075,-0.1931875,0.0539
150436764688920,15.556895,0.141075,-0.2629,-0.0584375
150436774690074,15.566896,0.1313125,-0.15895,-0.1304875
150436784691072,15.576897,0.08855,0.043725,-0.102437496
150436794692006,15.586898,0.0457875,0.1794375,0.0160875
150436804693235,15.596899,0.036025,0.15619999,0.1821875
150436814694170,15.606900,0.058025,-0.0209,0.2811875
150436824695322,15.616901,0.086075,-0.2591875,0.2542375
150436834696259,15.626902,0.106837496,-0.4277625,0.1161875
150436844697280,15.636903,0.1276,-0.381425,-0.076725
150436854698439,15.646904,0.119075,-0.139425,-0.1819125
150436864699449,15.656905,0.0983125,0.1049125,-0.1782
150436874700601,15.666907,0.092125,0.1794375,-0.1159125
150436884701514,15.676908,0.1093125,0.0609125,-0.0523875
150436894702525,15.686909,0.14465,-0.122375,-0.0523875
150436904703684,15.696910,0.1716,-0.23595,-0.147675
150436914704620,15.706911,0.1533125,-0.19195,-0.25753748
150436924705622,15.716912,0.1128875,-0.0306625,-0.296725
150436934706790,15.726913,0.086075,0.09515,-0.2685375
150436944707773,15.736914,0.103125,0.08415,-0.214775
150436954708944,15.746915,0.1618375,0.009625,-0.19525
150436964709927,15.756916,0.2278375,-0.0270875,-0.1929125
150436974710852,15.766917,0.25959998,0.026675,-0.20625
150436984712011,15.776918,0.2558875,0.175725,-0.17215
150436994713005,15.786919,0.219175,0.3370125,-0.0658625
150437004714159,15.796920,0.1788875,0.4175875,0.0759
150437014715159,15.806921,0.1618375,0.3113,0.1859
150437024716070,15.816922,0.16665,0.0974875,0.19813749
150437034717229,15.826923,0.1898875,-0.108899996,0.13213749
150437044718227,15.836924,0.2179375,-0.194425,0.0026125
150437054719170,15.846925,0.2253625,-0.10285,-0.13915
150437064720327,15.856926,0.1936,0.10615,-0.180675
150437074721338,15.866927,0.1568875,0.2893,-0.1329625
150437084722476,15.876928,0.1398375,0.2954875,-0.076725
150437094723476,15.886929,0.141075,0.1464375,-0.0231
150437104724630,15.896931,0.1544125,-0.0526625,-0.01815
150437114725558,15.906932,0.1496,-0.1749,-0.070675
150437124726553,15.916933,0.125125,-0.144375,-0.10615
150437134727721,15.926934,0.0946,-0.02585,-0.0902
150437144728644,15.936935,0.069025,0.065725,-0.0413875
150437154729644,15.946936,0.0603625,0.092675,0.001375
150437164730800,15.956937,0.0603625,0.07315,0.012375
150437174731707,15.966938,0.058025,0.026675,-0.004675
150437184732709,15.976939,0.0383625,0.00715,-0.020624999
150437194733845,15.986940,0.0017875,0.0218625,-0.0193875
150437204734852,15.996941,-0.045925,0.0108624995,-0.015675
150437214736005,16.006942,-0.08745,-0.023375,-0.026675
150437224736918,16.016943,-0.10945,-0.0356125,-0.0449625
150437234737921,16.026944,-0.1082125,-0.0466125,-0.081675
150437244739060,16.036945,-0.091025,-0.0270875,-0.1464375
150437254740058,16.046946,-0.0715,0.0242,-0.214775
150437264741212,16.056947,-0.0592625,0.0694375,-0.2564375
150437274742135,16.066948,-0.0471625,0.0864875,-0.3125375
150437284743144,16.076949,-0.014162499,0.092675,-0.3345375
150437294744080,16.086950,0.0042625,0.109725,-0.285725
150437304745308,16.096951,-0.0044,0.1549625,-0.2074875
150437314746218,16.106952,-0.02145,0.1989625,-0.0792
150437324747372,16.116953,-0.034925,0.16225,0.0856625
150437334748389,16.126954,-0.032449998,0.015675,0.2041875
150437344749314,16.136955,-0.023924999,-0.1126125,0.1896125
150437354750468,16.146956,5.5E-4,-0.1931875,0.1101375
150437364751487,16.156957,0.015262499,-0.1381875,-0.042625
150437374752415,16.166958,0.0163625,0.0779625,-0.1489125
150437384753554,16.176960,-0.0177375,0.2624875,-0.081675
150437394754554,16.186961,-0.0482625,0.3223,0.0686125
150437404755464,16.196961,-0.08745,0.2074875,0.19813749
150437414756613,16.206963,-0.1302125,-0.00385,0.2762375
150437424757599,16.216964,-0.146025,-0.1969,0.2506625
150437434758751,16.226965,-0.1582625,-0.2567125,0.1456125
150437444759674,16.236966,-0.190025,-0.199375,0.0209
150437454760907,16.246967,-0.1925,-0.12485,-0.081675
150437464761828,16.256968,-0.1595,-0.0906125,-0.1929125
150437474762825,16.266969,-0.1302125,-0.09185,-0.30525
150437484763748,16.276970,-0.1227875,-0.0856625,-0.3920125
150437494764991,16.286971,-0.1252625,-0.0075625,-0.4250125
150437504765921,16.296972,-0.1412125,0.1159125,-0.39325
150437514767059,16.306973,-0.1667875,0.2514875,-0.31501248
150437524768059,16.316974,-0.179025,0.2882,-0.219725
150437534768984,16.326975,-0.17173749,0.17325,-0.15015
150437544770131,16.336976,-0.157025,0.031625,-0.14025
150437554771059,16.346977,-0.14355,-0.0771375,-0.252725
150437564772289,16.356978,-0.150975,-0.034375,-0.37125
150437574773212,16.366979,-0.17173749,0.0682,-0.412775
150437584774214,16.376980,-0.17655,0.1219625,-0.396825
150437594775359,16.386981,-0.15455,0.1049125,-0.4065875
150437604776357,16.396982,-0.1216875,0.0413875,-0.4420625
150437614777282,16.406983,-0.100925,0.0169125,-0.4395875
150437624778436,16.416984,-0.0935,0.070675,-0.42625
150437634779357,16.426985,-0.1117875,0.16225,-0.38225
150437644780359,16.436986,-0.1106875,0.169675,-0.318725
150437654781513,16.446988,-0.080025,0.0853875,-0.2564375
150437664782513,16.456989,-0.0264,-0.047849998,-0.22825
150437674783660,16.466990,0.01155,-0.14795,-0.241725
150437684784587,16.476991,0.0286,-0.0966625,-0.24419999
150437694785587,16.486992,0.0262625,0.0584375,-0.1819125
150437704786756,16.496993,0.0163625,0.158675,-0.0462
150437714787741,16.506994,0.0286,0.12925,0.058849998
150437724788666,16.516995,0.0616,0.0364375,0.0796125
150437734789815,16.526996,0.06655,-0.1051875,0.0380875
150437744790736,16.536997,0.0603625,-0.150425,-0.01815
150437754791753,16.546998,0.053075,-0.15785,-0.076725
150437764792921,16.556999,0.064075,-0.108899996,-0.16115
150437774793919,16.567000,0.0726,-0.0270875,-0.2222
150437784794872,16.577001,0.0848375,0.004675,-0.219725
150437794796026,16.587002,0.08855,0.026675,-0.197725
150437804797024,16.597003,0.075075,0.064625,-0.147675
150437814798183,16.607004,0.0506,0.06215,-0.0633875
150437824799183,16.617005,0.036025,0.0389125,0.039325
150437834800108,16.627006,0.0262625,0.00715,0.133375
150437844801260,16.637007,0.015262499,-0.045375,0.177375
150437854802260,16.647008,0.003025,-0.0551375,0.1871375
150437864803409,16.657009,-0.0226875,-0.067375,0.1956625
150437874804332,16.667010,-0.023924999,-0.0551375,0.20295
150437884805332,16.677011,-0.007975,-0.0600875,0.205425
150437894806257,16.687012,0.0066,-0.0686125,0.1651375
150437904807411,16.697013,0.003025,-0.0270875,0.13213749
150437914808404,16.707014,-0.0165,0.0229625,0.1236125
150437924809560,16.717016,-0.043449998,0.05115,0.13695
150437934810467,16.727016,-0.0715,0.0499125,0.166375
150437944811469,16.737017,-0.0837375,-0.00385,0.177375
150437954812378,16.747018,-0.0886875,-0.06985,0.14795
150437964813616,16.757020,-0.0862125,-0.13695,0.1126125
150437974814541,16.767021,-0.084975,-0.1309,0.0881375
150437984815689,16.777022,-0.09845,-0.1076625,0.0856625
150437994816691,16.787023,-0.09845,-0.061325,0.086899996
150438004817619,16.797024,-0.08745,-0.034375,0.08085
150438014818773,16.807025,-0.078925,-0.0270875,0.062425
150438024819773,16.817026,-0.0702625,-0.0539,0.056375
150438034820710,16.827027,-0.0592625,-0.084425,0.047849998
150438044821864,16.837028,-0.0361625,-0.095425,0.0111375
150438054822862,16.847029,-0.0044,-0.0991375,-0.04015
150438064824017,16.857030,0.0262625,-0.0686125,-0.0889625
150438074824953,16.867031,0.047025,-0.028324999,-0.1122
150438084825955,16.877032,0.0506,0.0193875,-0.0779625
150438094827106,16.887033,0.036025,0.0682,0.0160875
150438104828121,16.897034,0.0372625,0.0719125,0.117425
150438114829061,16.907035,0.0433125,0.0339625,0.17613749
150438124830214,16.917036,0.0567875,-0.028324999,0.19195
150438134831188,16.927037,0.06655,-0.089375,0.15895
150438144832128,16.937038,0.06655,-0.0930875,0.095425
150438154833294,16.947039,0.0506,-0.064899996,0.028324999
150438164834293,16.957040,0.0323125,-1.375E-4,-0.0218625
150438174835219,16.967041,0.03355,0.0303875,-0.0682
150438184836372,16.977042,0.058025,0.02915,-0.114675
150438194837356,16.987043,0.0787875,-0.0088,-0.1574375
150438204838497,16.997044,0.09955,-0.001375,-0.158675
150438214839413,17.007045,0.1153625,0.015675,-0.1293875
150438224840413,17.017046,0.136125,0.026675,-0.102437496
150438234841567,17.027048,0.14355,0.0559625,-0.04015
150438244842490,17.037048,0.1373625,0.098725,0.0490875
150438254843477,17.047049,0.13859999,0.124437496,0.1309
150438264844648,17.057051,0.136125,0.1354375,0.2457125
150438274845649,17.067052,0.114125,0.098725,0.4032875
150438284846574,17.077053,0.0798875,0.0303875,0.5707625
150438294847711,17.087054,0.0603625,-0.0441375,0.6831
150438304848634,17.097055,0.042075,-0.15895,0.72833747
150438314849651,17.107056,0.0396,-0.2457125,0.6892875
150438324850790,17.117057,0.0518375,-0.3251875,0.5462875
150438334851711,17.127058,0.0946,-0.376475,0.3532375
150438344852914,17.137059,0.14465,-0.2506625,0.1797125
150438354853832,17.147060,0.2008875,-0.0099,-0.0034375
150438364854834,17.157061,0.22659999,0.2930125,-0.1342
150438374855772,17.167062,0.2094125,0.5251125,-0.1269125
150438384856931,17.177063,0.17765,0.59235,0.0088
150438394857929,17.187064,0.13255,0.5556375,0.2237125
150438404859073,17.197065,0.08855,0.4005375,0.45581248
150438414859981,17.207066,0.0787875,0.1940125,0.58905
150438424860981,17.217067,0.0677875,0.0303875,0.64762497
150438434861892,17.227068,0.0738375,-0.0600875,0.6073375
150438444863027,17.237069,0.0908875,-0.067375,0.4547125
150438454864010,17.247070,0.1007875,-0.001375,0.319
150438464865161,17.257071,0.114125,0.0719125,0.2299
150438474866068,17.267072,0.117837496,0.1610125,0.1626625
150438484867070,17.277073,0.114125,0.21725,0.128425
150438494868224,17.287074,0.0983125,0.224675,0.1271875
150438504869159,17.297075,0.092125,0.2234375,0.13695
150438514870147,17.307076,0.07755,0.202675,0.1381875
150438524871313,17.317077,0.0763125,0.12815,0.1101375
150438534872236,17.327078,0.0798875,0.0462,0.064899996
150438544873238,17.337079,0.081125,-0.0050875,0.01485
150438554874378,17.347080,0.086075,0.0279125,-0.0242
150438564875279,17.357081,0.0933625,0.1269125,-0.0034375
150438574876280,17.367082,0.1203125,0.203775,0.0661375
150438584877434,17.377083,0.1483625,0.2160125,0.15413749
150438594878365,17.387084,0.1753125,0.1464375,0.2261875
150438604879596,17.397086,0.185075,0.0474375,0.2151875
150438614880548,17.407087,0.1838375,-0.0600875,0.14685
150438624881550,17.417088,0.18865,-0.1150875,0.0246125
150438634882473,17.427088,0.18259999,-0.034375,-0.131725
150438644883641,17.437090,0.169125,0.1073875,-0.23567499
150438654884644,17.447091,0.163075,0.2600125,-0.2050125
150438664885798,17.457092,0.16665,0.341825,-0.0694375
150438674886716,17.467093,0.169125,0.31625,0.067375
150438684887701,17.477094,0.158125,0.19167499,0.183425
150438694888870,17.487095,0.147125,0.020624999,0.2237125
150438704889793,17.497096,0.130075,-0.155375,0.18095
150438714890795,17.507097,0.1166,-0.1969,0.0441375
150438724891947,17.517098,0.1117875,-0.13213749,-0.16225
150438734892870,17.527099,0.1018875,0.0889625,-0.285725
150438744893877,17.537100,0.0933625,0.29425,-0.269775
150438754894815,17.547101,0.0946,0.4225375,-0.1304875
150438764896063,17.557102,0.0726,0.4800125,0.0429
150438774896988,17.567103,0.0457875,0.4225375,0.2371875
150438784897916,17.577104,0.0078375,0.24653749,0.3801875
150438794899084,17.587105,-0.0422125,0.053625,0.462
150438804900073,17.597106,-0.0935,-0.064899996,0.497475
150438814901232,17.607107,-0.1302125,-0.1040875,0.4607625
150438824902232,17.617108,-0.1362625,-0.0380875,0.4057625
150438834903157,17.627109,-0.1216875,0.04015,0.3642375
150438844904296,17.637110,-0.1142625,0.114675,0.332475
150438854905311,17.647111,-0.0947375,0.197725,0.2836625
150438864906238,17.657112,-0.0886875,0.2099625,0.24447499
150438874907386,17.667113,-0.080025,0.15125,0.1456125
150438884908304,17.677114,-0.0702625,0.0584375,0.0380875
150438894909306,17.687115,-0.0776875,-0.023375,-0.0144375
150438904910458,17.697116,-0.069025,-0.0490875,-0.0548625
150438914911473,17.707117,-0.0446875,-0.0515625,-0.0792
150438924912396,17.717118,0.009075,-0.0295625,-0.136675
150438934913574,17.727120,0.0677875,-0.0551375,-0.2294875
150438944914481,17.737120,0.1043625,-0.056375,-0.3174875
150438954915707,17.747122,0.0983125,0.009625,-0.35901248
150438964916630,17.757123,0.0506,0.0974875,-0.3309625
150438974917630,17.767124,0.014025,0.15619999,-0.2552
150438984918540,17.777125,0.015262499,0.131725,-0.19525
150438994919689,17.787126,0.031075,0.015675,-0.147675
150439004920596,17.797127,0.0567875,-0.0856625,-0.2039125
150439014921588,17.807128,0.0543125,-0.089375,-0.30153748
150439024922747,17.817129,0.042075,-0.02585,-0.37125
150439034923747,17.827130,0.0163625,0.048675,-0.4090625
150439044924670,17.837131,5.5E-4,0.1183875,-0.385825
150439054925824,17.847132,0.0042625,0.109725,-0.35901248
150439064926841,17.857133,0.031075,0.0449625,-0.352825
150439074927785,17.867134,0.0653125,-0.039325,-0.3724875
150439084928944,17.877135,0.0787875,-0.0636625,-0.401775
150439094929942,17.887136,0.0823625,-0.0600875,-0.4225375
150439104930852,17.897137,0.0726,-0.012375,-0.40425
150439114932006,17.907138,0.0628375,0.0438625,-0.324775
150439124932985,17.917139,0.036025,0.075625,-0.1769625
150439134933925,17.927140,0.0078375,0.091437496,0.0246125
150439144935079,17.937141,-0.0031625,0.092675,0.2322375
150439154936091,17.947142,-0.0044,0.0218625,0.3911875
150439164937245,17.957143,5.5E-4,-0.09185,0.486475
150439174938173,17.967144,0.020075,-0.183425,0.4778125
150439184939189,17.977145,0.015262499,-0.1736625,0.3972375
150439194940341,17.987146,-0.012925,-0.0991375,0.31295
150439204941274,17.997147,-0.0312125,0.0083875,0.2409
150439214942285,18.007148,-0.0471625,0.0719125,0.1907125
150439224943452,18.017149,-0.0471625,0.103675,0.17613749
150439234944360,18.027150,-0.06545,0.0902,0.1566125
150439244945346,18.037151,-0.095975,0.0609125,0.1381875
150439254946485,18.047152,-0.1447875,0.0242,0.150425
150439264947404,18.057153,-0.17655,0.0011,0.161425
150439274948406,18.067154,-0.1887875,-0.01485,0.1406625
150439284949329,18.077155,-0.190025,-0.089375,0.1381875
150439294950478,18.087156,-0.1595,-0.1797125,0.086899996
150439304951481,18.097157,-0.0947375,-0.24695,-0.0449625
150439314952620,18.107159,-0.0372625,-0.271425,-0.1989625
150439324953529,18.117160,-0.0055,-0.24447499,-0.3430625
150439334954502,18.127161,-0.001925,-0.1639,-0.4701125
150439344955651,18.137162,-0.0177375,-0.0088,-0.5300625
150439354956567,18.147163,-0.0336875,0.103675,-0.5105375
150439364957490,18.157163,-0.043449998,0.15015,-0.4115375
150439374958726,18.167165,-0.0592625,0.1304875,-0.224675
150439384959635,18.177166,-0.0972125,0.0609125,0.0270875
150439394960635,18.187167,-0.157025,0.0242,0.277475
150439404961760,18.197168,-0.21573749,-0.0221375,0.448525
150439414962789,18.207169,-0.26455,-0.0661375,0.5182375
150439424963712,18.217170,-0.28655,-0.144375,0.531575
150439434964637,18.227171,-0.2963125,-0.1821875,0.5132875
150439444965791,18.237172,-0.2915,-0.17613749,0.473
150439454966791,18.247173,-0.2853125,-0.083325,0.42295
150439464967942,18.257174,-0.29755,0.05115,0.3837625
150439474968856,18.267175,-0.3268375,0.16225,0.4107125
150439484969841,18.277176,-0.37454998,0.1904375,0.514525
150439494970782,18.287177,-0.422125,0.1159125,0.6488625
150439504971945,18.297178,-0.4613125,-0.0221375,0.7539125
150439514972943,18.307179,-0.466125,-0.1846625,0.7931
150439524973887,18.317180,-0.4307875,-0.3056625,0.7233875
150439534975056,18.327181,-0.3683625,-0.35694999,0.5731
150439544975962,18.337182,-0.2938375,-0.319,0.3972375
150439554976960,18.347183,-0.2072125,-0.2286625,0.2237125
150439564978128,18.357184,-0.1106875,-0.1431375,0.0796125
150439574979128,18.367185,-0.0044,-0.100375,-0.0339625
150439584980051,18.377186,0.0873125,-0.1016125,-0.1159125
150439594981214,18.387187,0.163075,-0.122375,-0.1659625
150439604982123,18.397188,0.202125,-0.14685,-0.186725
150439614983352,18.407189,0.185075,-0.128425,-0.1720125
150439624984275,18.417190,0.1166,-0.0771375,-0.10615
150439634985198,18.427191,0.0396,-0.0270875,0.001375
150439644986200,18.437192,0.003025,-0.039325,0.09185
150439654987366,18.447193,0.0176,-0.1150875,0.1076625
150439664988366,18.457194,0.059125,-0.1969,0.0246125
150439674989291,18.467195,0.0897875,-0.183425,-0.1073875
150439684990450,18.477196,0.0908875,-0.078375,-0.2454375
150439694991371,18.487197,0.0763125,0.04015,-0.3785375
150439704992602,18.497199,0.059125,0.1109625,-0.4835875
150439714993516,18.507200,0.0518375,0.1012,-0.5336375
150439724994516,18.517201,0.0298375,0.059675,-0.5203
150439734995440,18.527201,0.0066,0.054725,-0.44935
150439744996588,18.537203,-0.032449998,0.0902,-0.2893
150439754997602,18.547204,-0.0996875,0.120725,-0.076725
150439764998532,18.557205,-0.168025,0.0864875,0.0991375
150439774999684,18.567206,-0.1912625,-0.001375,0.1639
150439785000621,18.577207,-0.1595,-0.155375,0.111375
150439795001623,18.587208,-0.0862125,-0.2921875,-0.0121
150439805002768,18.597209,0.0053625,-0.2762375,-0.1329625
150439815003684,18.607210,0.0457875,-0.117425,-0.1720125
150439825004681,18.617211,0.0396,0.0853875,-0.0999625
150439835005604,18.627212,0.014025,0.214775,0.067375
150439845006758,18.637213,-0.029975,0.202675,0.2567125
150439855007772,18.647214,-0.0581625,0.0144375,0.376475
150439865008685,18.657215,-0.045925,-0.227425,0.4057625
150439875009824,18.667216,-0.014162499,-0.4252875,0.365475
150439885010755,18.677217,0.0163625,-0.4668125,0.2531375
150439895011757,18.687218,0.025024999,-0.354475,0.1040875
150439905012925,18.697219,0.0213125,-0.1381875,-0.0328625
150439915013923,18.707220,0.0383625,0.0364375,-0.1194875
150439925014858,18.717221,0.0933625,0.0499125,-0.175725
150439935016012,18.727222,0.1423125,-0.0221375,-0.1879625
150439945016981,18.737223,0.13859999,-0.0416625,-0.15015
150439955017891,18.747224,0.0677875,0.0108624995,-0.0633875
150439965019034,18.757225,-0.0372625,0.076725,0.0576125
150439975019957,18.767226,-0.1167375,0.070675,0.1626625
150439985020968,18.777227,-0.117975,-0.02585,0.1956625
150439995021891,18.787228,-0.062975,-0.1516625,0.1419
150440005023036,18.797229,0.014025,-0.2457125,0.013612499
150440015024040,18.807230,0.086075,-0.210375,-0.153725
150440025025207,18.817231,0.1263625,-0.0416625,-0.2905375
150440035026125,18.827232,0.12265,0.13915,-0.35901248
150440045027053,18.837233,0.08855,0.2905375,-0.329725
150440055028298,18.847234,0.042075,0.3064875,-0.236775
150440065029207,18.857235,0.015262499,0.197725,-0.1329625
150440075030202,18.867236,0.003025,0.0169125,-0.0633875
150440085031127,18.877237,-0.02145,-0.1040875,-0.0034375
150440095032050,18.887238,-0.054449998,-0.083325,0.028324999
150440105033185,18.897239,-0.0837375,0.037675,0.0429
150440115034194,18.907240,-0.0812625,0.14025,0.064899996
150440125035132,18.917241,-0.045925,0.1684375,0.0966625
150440135036300,18.927242,0.009075,0.125675,0.1199
150440145037216,18.937243,0.04455,0.0999625,0.1346125
150440155038223,18.947244,0.0408375,0.136675,0.1381875
150440165039391,18.957245,-0.001925,0.180675,0.12485
150440175040322,18.967246,-0.0446875,0.2074875,0.078375
150440185041324,18.977247,-0.0642125,0.1904375,0.00385
150440195042492,18.987248,-0.0495,0.1452,-0.0889625
150440205043471,18.997249,-0.007975,0.10615,-0.18425
150440215044401,19.007250,0.0433125,0.081675,-0.2674375
150440225045324,19.017251,0.0897875,0.098725,-0.3260125
150440235046478,19.027252,0.11055,0.1599125,-0.33825
150440245047471,19.037253,0.11055,0.247775,-0.31501248
150440255048396,19.047254,0.11055,0.2930125,-0.27719998
150440265049538,19.057256,0.1288375,0.2454375,-0.24653749
150440275050538,19.067257,0.1568875,0.15125,-0.2662
150440285051468,19.077257,0.1863125,0.0474375,-0.3394875
150440295052603,19.087259,0.197175,0.0121,-0.429825
150440305053524,19.097260,0.19965,0.054725,-0.5093
150440315054540,19.107261,0.1936,0.1489125,-0.534875
150440325055463,19.117261,0.1788875,0.2820125,-0.4970625
150440335056617,19.127263,0.163075,0.4175875,-0.412775
150440345057605,19.137264,0.125125,0.500775,-0.3040125
150440355058516,19.147265,0.070125,0.4811125,-0.169675
150440365059675,19.157266,0.0078375,0.35901248,-0.0572
150440375060658,19.167267,-0.0617375,0.2074875,0.0160875
150440385061593,19.177268,-0.1252625,0.0609125,0.028324999
150440395062745,19.187269,-0.16445,0.0352,-0.020624999
150440405063653,19.197270,-0.1753125,0.070675,-0.1159125
150440415064661,19.207271,-0.1607375,0.15125,-0.214775
150440425065804,19.217272,-0.1192125,0.2014375,-0.3064875
150440435066727,19.227273,-0.056925,0.180675,-0.4090625
150440445067743,19.237274,0.0078375,0.124437496,-0.52635
150440455068652,19.247275,0.0383625,0.136675,-0.622875
150440465069580,19.257276,0.0273625,0.208725,-0.6705875
150440475070808,19.267277,-0.0067375,0.3210625,-0.65587497
150440485071731,19.277278,-0.0482625,0.3920125,-0.5581125
150440495072643,19.287279,-0.0702625,0.374825,-0.3955875
150440505073781,19.297280,-0.054449998,0.23925,-0.2662
150440515074779,19.307281,-0.0116875,0.053625,-0.219725
150440525075710,19.317282,0.0176,-0.0356125,-0.2332
150440535076863,19.327283,0.0103124995,0.02915,-0.2564375
150440545077784,19.337284,-0.0312125,0.1794375,-0.2380125
150440555078785,19.347285,-0.0886875,0.2882,-0.1709125
150440565079940,19.357286,-0.13145,0.26125,-0.0999625
150440575080852,19.367287,-0.15455,0.1452,-0.065725
150440585081785,19.377288,-0.1667875,-0.0209,-0.1049125
150440595082802,19.387289,-0.1582625,-0.15785,-0.258775
150440605083948,19.397290,-0.1522125,-0.15413749,-0.4665375
150440615084876,19.407291,-0.1667875,-0.0088,-0.5984
150440625085886,19.417292,-0.2083125,0.2074875,-0.5740625
150440635086811,19.427293,-0.26455,0.3845875,-0.4005375
150440645087979,19.437294,-0.2853125,0.4140125,-0.197725
150440655088977,19.447295,-0.26455,0.2844875,-0.048675
150440665089912,19.457296,-0.2327875,0.0169125,0.0088
150440675091080,19.467297,-0.1973125,-0.24695,-0.0119624995
150440685091987,19.477298,-0.1595,-0.332475,-0.0694375
150440695092989,19.487299,-0.1302125,-0.210375,-0.1122
150440705093926,19.497300,-0.10945,0.0242,-0.09515
150440715095075,19.507301,-0.082499996,0.19167499,-0.0303875
150440725096070,19.517302,-0.040975,0.1904375,0.0416625
150440735096993,19.527303,-0.0031625,0.0364375,0.0746625
150440745097912,19.537304,0.0273625,-0.183425,0.0380875
150440755099066,19.547305,0.0286,-0.3166625,-0.0559625
150440765100063,19.557306,-0.012925,-0.2811875,-0.136675
150440775101217,19.567307,-0.0642125,-0.1186625,-0.15015
150440785102111,19.577308,-0.102025,0.0743875,-0.076725
150440795103048,19.587309,-0.1142625,0.1794375,0.058849998
150440805104050,19.597310,-0.0972125,0.1439625,0.199375
150440815104988,19.607311,-0.0752125,0.0229625,0.2762375
150440825106132,19.617312,-0.080025,-0.100375,0.2677125
150440835107048,19.627313,-0.1142625,-0.161425,0.221375
150440845108045,19.637314,-0.146025,-0.1419,0.13585
150440855108973,19.647315,-0.157025,-0.0820875,0.0416625
150440865110117,19.657316,-0.14355,-0.012375,-0.0108624995
150440875111117,19.667317,-0.1192125,0.0449625,-0.01815
150440885112069,19.677318,-0.09845,0.064625,1.375E-4
150440895113209,19.687319,-0.091025,0.076725,0.0405625
150440905114135,19.697320,-0.113025,0.098725,0.095425
150440915115134,19.707321,-0.1447875,0.1269125,0.155375
150440925116286,19.717322,-0.18755,0.120725,0.2347125
150440935117221,19.727323,-0.2498375,0.053625,0.363
150440945118149,19.737324,-0.295075,-0.0429,0.4668125
150440955119141,19.747325,-0.3073125,-0.13695,0.473
150440965120069,19.757326,-0.2915,-0.19195,0.381425
150440975121223,19.767327,-0.2608375,-0.216425,0.232375
150440985122221,19.777328,-0.216975,-0.1749,0.056375
150440995123136,19.787329,-0.1827375,-0.072325,-0.0853875
150441005124300,19.797330,-0.1692625,0.0254375,-0.15125
150441015125221,19.807331,-0.16445,0.092675,-0.1599125
150441025126144,19.817332,-0.157025,0.091437496,-0.13915
150441035127380,19.827333,-0.146025,0.0462,-0.08415
150441045128312,19.837334,-0.1302125,-0.062425,-0.009625
150441055129221,19.847335,-0.12045,-0.1821875,0.0356125
150441065130223,19.857336,-0.1252625,-0.2519,0.067375
150441075131146,19.867337,-0.150975,-0.2787125,0.1040875
150441085132055,19.877338,-0.17173749,-0.2849,0.122375
150441095133213,19.887339,-0.17173749,-0.3092375,0.1101375
150441105134232,19.897340,-0.1485,-0.3691875,0.0526625
150441115135147,19.907341,-0.102025,-0.43147498,-0.0389125
150441125136300,19.917342,-0.0592625,-0.45595,-0.1354375
150441135137309,19.927343,-0.0336875,-0.420475,-0.1892
150441145138243,19.937344,-0.0397375,-0.2946625,-0.186725
150441155139394,19.947345,-0.069025,-0.1199,-0.1342
150441165140318,19.957346,-0.104499996,0.004675,-0.0254375
150441175141241,19.967347,-0.128975,0.026675,0.1040875
150441185142248,19.977348,-0.14973749,-0.0416625,0.2079
150441195143405,19.987349,-0.1607375,-0.1687125,0.2311375
150441205144318,19.997350,-0.14973749,-0.2872375,0.1846625
150441215145318,20.007351,-0.1447875,-0.3557125,0.1346125
150441225146239,20.017352,-0.14973749,-0.3361875,0.1076625
150441235147386,20.027353,-0.146025,-0.2127125,0.0991375
150441245148309,20.037354,-0.1387375,-0.0429,0.1161875
150441255149309,20.047355,-0.12773749,0.076725,0.15785
150441265150234,20.057356,-0.1155,0.1122,0.2079
150441275151157,20.067357,-0.1167375,0.07315,0.2616625
150441285152316,20.077358,-0.1252625,-0.006325,0.2959
150441295153311,20.087359,-0.128975,-0.062425,0.2897125
150441305154239,20.097360,-0.12045,-0.172425,0.2409
150441315155391,20.107361,-0.1557875,-0.161425,0.19195
150441325156298,20.117362,-0.1582625,-0.17613749,0.1199
150441335157298,20.127363,-0.12773749,-0.2151875,0.0319
150441345158223,20.137364,-0.095975,-0.24447499,-0.0743875
150441355159356,20.147365,-0.051975,-0.2506625,-0.19525
150441365160255,20.157366,0.003025,-0.24213749,-0.2893
150441375161267,20.167367,0.0347875,-0.2127125,-0.341825
150441385162170,20.177368,0.036025,-0.177375,-0.3430625
150441395163093,20.187369,0.0066,-0.1236125,-0.302775
150441405164252,20.197370,-0.0482625,-0.0331375,-0.1929125
150441415165257,20.207371,-0.106975,0.026675,-0.0108624995
150441425166180,20.217372,-0.1412125,0.004675,0.2017125
150441435167341,20.227373,-0.1522125,-0.0906125,0.37895
150441445168264,20.237374,-0.1412125,-0.2189,0.4742375
150441455169158,20.247375,-0.1192125,-0.3361875,0.4742375
150441465170158,20.257376,-0.104499996,-0.3691875,0.40094998
150441475171303,20.267377,-0.1106875,-0.2921875,0.27513748
150441485172221,20.277378,-0.1326875,-0.1601875,0.166375
150441495173226,20.287379,-0.16555,-0.0551375,0.1406625
150441505174176,20.297380,-0.1925,-0.0185625,0.1907125
150441515175330,20.307381,-0.207075,-0.0759,0.266475
150441525176236,20.317382,-0.2242625,-0.1907125,0.337425
150441535177169,20.327383,-0.24007499,-0.3177625,0.360525
150441545178174,20.337384,-0.245025,-0.4082375,0.3007125
150441555179318,20.347385,-0.2193125,-0.437525,0.1651375
150441565180250,20.357386,-0.1607375,-0.4302375,-0.026675
150441575181265,20.367387,-0.07645,-0.3691875,-0.2209625
150441585182200,20.377388,-0.0055,-0.25795,-0.346775
150441595183133,20.387389,0.031075,-0.1101375,-0.35901248
150441605184056,20.397390,0.0237875,0.053625,-0.2552
150441615185285,20.407391,-0.007975,0.214775,-0.0669625
150441625186215,20.417392,-0.0482625,0.2783,0.155375
150441635187147,20.427393,-0.080025,0.219725,0.332475
150441645188325,20.437394,-0.091025,0.07315,0.448525
150441655189242,20.447395,-0.1007875,-0.089375,0.508475
150441665190242,20.457396,-0.12045,-0.22495,0.553575
150441675191167,20.467397,-0.1472625,-0.2921875,0.60005
150441685192319,20.477398,-0.1802625,-0.2836625,0.63305
150441695193216,20.487399,-0.1973125,-0.238425,0.641575
150441705194149,20.497400,-0.194975,-0.183425,0.5963375
150441715195151,20.507401,-0.17655,-0.1529,0.50105
150441725196079,20.517402,-0.157025,-0.1626625,0.3691875
150441735197228,20.527403,-0.13145,-0.1711875,0.2237125
150441745198154,20.537404,-0.1082125,-0.14795,0.0906125
150441755199156,20.547405,-0.0922625,-0.128425,-0.0011
150441765200305,20.557406,-0.0666875,-0.1076625,-0.0474375
150441775201211,20.567407,-0.0262625,-0.1051875,-0.0682
150441785202120,20.577408,0.020075,-0.106425,-0.0682
150441795203122,20.587409,0.0628375,-0.1211375,-0.0633875
150441805204045,20.597410,0.09955,-0.111375,-0.0523875
150441815205206,20.607411,0.13255,-0.0710875,-0.0254375
150441825206115,20.617412,0.1606,-0.006325,0.01485
150441835207024,20.627413,0.1838375,0.053625,0.061325
150441845208054,20.637414,0.2058375,0.1122,0.111375
150441855208977,20.647415,0.22165,0.15619999,0.1797125
150441865210115,20.657416,0.230175,0.1684375,0.2542375
150441875211047,20.667417,0.224125,0.13915,0.3179
150441885212049,20.677418,0.2058375,0.08415,0.34595
150441895212959,20.687419,0.180125,0.0083875,0.308
150441905214115,20.697420,0.1483625,-0.0515625,0.2237125
150441915215110,20.707421,0.117837496,-0.056375,0.1309
150441925216039,20.717422,0.0873125,0.0364375,0.0539
150441935216964,20.727423,0.0518375,0.1659625,0.01485
150441945218116,20.737424,0.0066,0.280775,0.036849998
150441955219039,20.747425,-0.0275,0.3100625,0.100375
150441965219967,20.757426,-0.043449998,0.2294875,0.155375
150441975220967,20.767427,-0.032449998,0.0889625,0.15413749
150441985221887,20.777428,-0.0031625,-0.078375,0.083325
150441995223017,20.787429,0.0482625,-0.199375,-0.0364375
150442005223928,20.797430,0.108075,-0.2041875,-0.1672
150442015224851,20.807431,0.16665,-0.0966625,-0.291775
150442025225853,20.817432,0.2058375,0.0584375,-0.368775
150442035226758,20.827433,0.2338875,0.1964875,-0.3724875
150442045227912,20.837434,0.2363625,0.274725,-0.324775
150442055228842,20.847435,0.1973125,0.2882,-0.2184875
150442065229770,20.857436,0.1276,0.2160125,-0.0609125
150442075230782,20.867437,0.0396,0.075625,0.10285
150442085231705,20.877438,-0.0446875,-0.058849998,0.2017125
150442095232862,20.887439,-0.095975,-0.1419,0.2127125
150442105233775,20.897440,-0.117975,-0.14795,0.1786125
150442115234770,20.907441,-0.1252625,-0.089375,0.13585
150442125235695,20.917442,-0.12773749,0.0022,0.0906125
150442135236623,20.927443,-0.128975,0.064625,0.0405625
150442145237777,20.937444,-0.13255,0.0779625,-0.0229625
150442155238775,20.947445,-0.13255,0.042625,-0.0999625
150442165239688,20.957446,-0.1227875,-0.01485,-0.1659625
150442175240619,20.967447,-0.1032625,-0.084425,-0.208725
150442185241556,20.977448,-0.078925,-0.100375,-0.21725
150442195242710,20.987449,-0.0702625,-0.0661375,-0.1720125
150442205243636,20.997450,-0.0776875,-0.0111375,-0.0999625
150442215244641,21.007451,-0.0972125,0.0462,-0.0229625
150442225245551,21.017452,-0.1337875,0.064625,0.061325
150442235246479,21.027452,-0.15455,0.0132,0.111375
150442245247633,21.037454,-0.1485,-0.0539,0.0820875
150442255248631,21.047455,-0.1227875,-0.117425,-0.026675
150442265249575,21.057456,-0.0922625,-0.1456125,-0.1744875
150442275250513,21.067457,-0.0752125,-0.086899996,-0.2990625
150442285251665,21.077458,-0.078925,0.00715,-0.346775
150442295252592,21.087459,-0.09845,0.0963875,-0.32725
150442305253592,21.097460,-0.1227875,0.114675,-0.269775
150442315254517,21.107461,-0.14245,0.075625,-0.175725
150442325255435,21.117461,-0.16555,-0.0088,-0.06215
150442335256363,21.127462,-0.188925,-0.122375,0.022275
150442345257281,21.137463,-0.1986875,-0.2091375,0.0259875
150442355258448,21.147464,-0.188925,-0.260425,-0.0473
150442365259459,21.157465,-0.1694,-0.2176625,-0.15235
150442375260382,21.167466,-0.161975,-0.10395,-0.237875
150442385261305,21.177467,-0.1656875,-1.375E-4,-0.28187498
150442395262459,21.187468,-0.1681625,0.0303875,-0.28187498
150442405263394,21.197469,-0.17545,-0.012375,-0.2451625
150442415264392,21.207470,-0.194975,-0.09185,-0.1841125
150442425265315,21.217471,-0.221925,-0.1626625,-0.1181125
150442435266225,21.227472,-0.243925,-0.205425,-0.0765875
150442445267361,21.237473,-0.25245,-0.2261875,-0.0790625
150442455268295,21.247474,-0.2451625,-0.2347125,-0.138875
150442465269218,21.257475,-0.216975,-0.25795,-0.264825
150442475270234,21.267476,-0.16445,-0.2652375,-0.4101625
150442485271152,21.277477,-0.12045,-0.2079,-0.5201625
150442495272066,21.287478,-0.100925,-0.117425,-0.57145
150442505272993,21.297479,-0.09845,0.0059125,-0.5311625
150442515274143,21.307480,-0.111925,0.0779625,-0.4076875
150442525275141,21.317481,-0.1412125,0.0779625,-0.2171125
150442535276051,21.327482,-0.17173749,0.0254375,-0.0020625
150442545276979,21.337483,-0.1901625,-0.0991375,0.154275
150442555277887,21.347484,-0.2024,-0.2409,0.22385
150442565279025,21.357485,-0.2145,-0.2836625,0.2360875
150442575279953,21.367486,-0.2292125,-0.2322375,0.226325
150442585280883,21.377487,-0.2365,-0.1419,0.2190375
150442595281887,21.387488,-0.2341625,-0.0820875,0.2080375
150442605282825,21.397489,-0.2244,-0.0796125,0.1799875
150442615283979,21.407490,-0.210925,-0.1529,0.1175625
150442625284900,21.417491,-0.1852125,-0.2629,0.021175
150442635285832,21.427492,-0.161975,-0.354475,-0.1010625
150442645286756,21.437493,-0.149875,-0.3702875,-0.20487499
150442655287730,21.447494,-0.14739999,-0.310475,-0.253825
150442665288672,21.457495,-0.161975,-0.17613749,-0.21835
150442675289840,21.467496,-0.1986875,-0.056375,-0.0985875
150442685290761,21.477497,-0.2341625,-0.013612499,0.0565125
150442695291699,21.487498,-0.2451625,-0.089375,0.182325
150442705292622,21.497499,-0.2341625,-0.227425,0.23127499
150442715293638,21.507500,-0.20845,-0.3471875,0.1848
150442725294804,21.517501,-0.1816375,-0.3642375,0.0847
150442735295742,21.527502,-0.1694,-0.2616625,-0.00825
150442745296665,21.537503,-0.1656875,-0.108899996,-0.055825
150442755297583,21.547504,-0.1694,0.0242,-0.0473
150442765298506,21.557505,-0.172975,0.06215,0.0149875
150442775299502,21.567506,-0.1766875,0.020624999,0.095699996
150442785300411,21.577506,-0.17173749,-0.0856625,0.1505625
150442795301329,21.587507,-0.1766875,-0.18095,0.182325
150442805302476,21.597508,-0.1816375,-0.21395,0.1885125
150442815303404,21.607509,-0.1742125,-0.1736625,0.1628
150442825304420,21.617510,-0.1522125,-0.0881375,0.132275
150442835305312,21.627511,-0.1254,-0.0050875,0.1175625
150442845306225,21.637512,-0.111925,0.0341,0.1285625
150442855307152,21.647513,-0.111925,0.0242,0.1335125
150442865308304,21.657514,-0.1071125,-0.0306625,0.1029875
150442875309222,21.667515,-0.0851125,-0.1126125,0.0284625
150442885310131,21.677516,-0.0435875,-0.1626625,-0.071775
150442895311040,21.687517,0.0114124995,-0.139425,-0.1315875
150442905312027,21.697518,0.059125,-0.0661375,-0.1255375
150442915312936,21.707519,0.0908875,0.015675,-0.0765875
150442925313839,21.717520,0.11165,0.0804375,-0.0045375
150442935314996,21.727521,0.117699996,0.09515,0.0675125
150442945315919,21.737522,0.120175,0.0609125,0.1188
150442955316842,21.747523,0.1214125,0.0231,0.1505625
150442965317765,21.757524,0.1153625,0.0034375,0.193325
150442975318683,21.767525,0.1079375,0.0034375,0.2398
150442985319681,21.777526,0.1054625,0.0144375,0.2776125
150442995320828,21.787527,0.11165,0.015675,0.2715625
150443005321780,21.797528,0.1263625,-0.012375,0.2030875
150443015322717,21.807529,0.148225,-0.0576125,0.07975
150443025323714,21.817530,0.1689875,-0.078375,-0.0583
150443035324636,21.827531,0.1739375,-0.0611875,-0.1596375
150443045325561,21.837532,0.1604625,0.0023375,-0.1793
150443055326484,21.847532,0.1299375,0.1109625,-0.10835
150443065327407,21.857533,0.0859375,0.17325,0.02475
150443075328344,21.867534,0.0396,0.1672,0.1799875
150443085329513,21.877536,-0.0081124995,0.0829125,0.3106125
150443095330443,21.887536,-0.0386375,-0.040425,0.3741375
150443105331352,21.897537,-0.04235,-0.1467125,0.33385
150443115332277,21.907538,-0.0325875,-0.216425,0.21175
150443125333263,21.917539,-0.0116875,-0.21395,0.0529375
150443135334410,21.927540,0.0188375,-0.1211375,-0.0925375
150443145335099,21.937541,0.0444125,0.02915,-0.1621125
150443155336251,21.947542,0.059125,0.15015,-0.1463
150443165337174,21.957543,0.056649998,0.197725,-0.0570625
150443175338101,21.967544,0.0468875,0.11715,0.0394625
150443185339011,21.977545,0.043175,-0.0331375,0.0968
150443195339948,21.987546,0.0419375,-0.1931875,0.0895125
150443205340955,21.997547,0.045649998,-0.26895,0.0297
150443215341878,22.007548,0.0529375,-0.2322375,-0.066825
150443225342815,22.017549,0.065175,-0.108899996,-0.1560625
150443235343963,22.027550,0.0847,0.0303875,-0.2085875
150443245344886,22.037551,0.098175,0.1183875,-0.2036375
150443255345794,22.047552,0.103125,0.114675,-0.1621125
150443265346736,22.057553,0.1018875,0.031625,-0.1023
150443275347757,22.067554,0.0884125,-0.064899996,-0.049775
150443285348603,22.077555,0.0726,-0.1406625,-0.011825
150443295349603,22.087556,0.059125,-0.166375,-0.0033
150443305350541,22.097557,0.059125,-0.1601875,-0.0485375
150443315351690,22.107558,0.0688875,-0.128425,-0.1145375
150443325352392,22.117558,0.0847,-0.08085,-0.1755875
150443335353557,22.127560,0.092125,-0.02585,-0.2195875
150443345354476,22.137560,0.07865,0.0231,-0.198825
150443355355399,22.147561,0.0506,0.0341,-0.1181125
150443365356304,22.157562,0.0114124995,0.0242,-0.0070125
150443375357311,22.167563,-0.050875,-0.0075625,0.1335125
150443385358234,22.177564,-0.1216875,-0.0416625,0.26785
150443395359381,22.187565,-0.1742125,-0.084425,0.3656125
150443405360304,22.197566,-0.1925,-0.128425,0.3925625
150443415361245,22.207567,-0.1876875,-0.15413749,0.3570875
150443425362168,22.217568,-0.1607375,-0.1577125,0.26427498
150443435363106,22.227569,-0.1302125,-0.1309,0.154275
150443445364014,22.237570,-0.1106875,-0.0771375,0.0650375
150443455364919,22.247571,-0.1034,-0.0380875,0.0089375
150443465365915,22.257572,-0.105875,-0.02585,-0.005775
150443475366824,22.267573,-0.1106875,-0.0380875,-0.0033
150443485367747,22.277574,-0.1106875,-0.0796125,0.00275
150443495368670,22.287575,-0.0961125,-0.1516625,-0.0033
150443505369803,22.297576,-0.072875,-0.2041875,-0.0510125
150443515370731,22.307577,-0.0521125,-0.211475,-0.1243
150443525371654,22.317578,-0.0374,-0.1431375,-0.1865875
150443535372577,22.327579,-0.0446875,-0.0246125,-0.198825
150443545373495,22.337579,-0.06435,0.108625,-0.13035
150443555374413,22.347580,-0.0826375,0.18315,0.0149875
150443565375401,22.357581,-0.0741125,0.1549625,0.1860375
150443575376333,22.367582,-0.0556875,0.0559625,0.3155625
150443585377229,22.377583,-0.050875,-0.0551375,0.3595625
150443595378147,22.387584,-0.061875,-0.1161875,0.320375
150443605379070,22.397585,-0.0826375,-0.106425,0.2190375
150443615379989,22.407586,-0.1082125,-0.0466125,0.099275
150443625381142,22.417587,-0.1241625,0.04015,-0.0180125
150443635382069,22.427588,-0.12045,0.097625,-0.1181125
150443645383006,22.437589,-0.1071125,0.1049125,-0.187825
150443655383929,22.447590,-0.0972125,0.0658625,-0.231825
150443665384881,22.457591,-0.0972125,0.020624999,-0.24887499
150443675385818,22.467592,-0.10945,-0.0111375,-0.25135
150443685386814,22.477593,-0.122925,-0.023375,-0.2464
150443695387739,22.487594,-0.1364,-0.0270875,-0.2305875
150443705388666,22.497595,-0.14739999,-0.0196625,-0.20735
150443715389823,22.507596,-0.1607375,-0.0026125,-0.1475375
150443725390746,22.517597,-0.177925,0.0328625,-0.0680625
150443735391684,22.527598,-0.18645,0.0548625,0.0114124995
150443745392607,22.537599,-0.1791625,0.0242,0.071225
150443755393309,22.547599,-0.15345,-0.0441375,0.088275
150443765394467,22.557600,-0.127875,-0.0979,0.0504625
150443775395395,22.567601,-0.1131625,-0.117425,-0.0215875
150443785396318,22.577602,-0.104637496,-0.1076625,-0.099825
150443795397246,22.587603,-0.104637496,-0.0611875,-0.1560625
150443805398260,22.597604,-0.1071125,-0.013612499,-0.1780625
150443815399198,22.607605,-0.116875,0.0242,-0.1560625
150443825400121,22.617606,-0.127875,0.0438625,-0.116875
150443835401022,22.627607,-0.1412125,0.0242,-0.071775
150443845401916,22.637608,-0.1571625,-0.0319,-0.0215875
150443855402849,22.647609,-0.1632125,-0.1016125,4.125E-4
150443865403767,22.657610,-0.155925,-0.1186625,0.0125124995
150443875404914,22.667611,-0.1436875,-0.067375,0.03575
150443885405837,22.677612,-0.1364,0.0083875,0.088275
150443895406756,22.687613,-0.13145,0.053625,0.165275
150443905407679,22.697614,-0.1351625,0.042625,0.2605625
150443915408583,22.707615,-0.1461625,-0.0209,0.3290375
150443925409506,22.717616,-0.1596375,-0.0966625,0.325325
150443935410448,22.727616,-0.1706375,-0.1687125,0.26675
150443945411368,22.737617,-0.1571625,-0.2127125,0.1445125
150443955412285,22.747618,-0.127875,-0.2127125,-0.0105875
150443965413198,22.757619,-0.0972125,-0.177375,-0.1621125
150443975414200,22.767620,-0.078925,-0.1161875,-0.259875
150443985415109,22.777621,-0.07645,-0.0576125,-0.2794
150443995416031,22.787622,-0.093637496,-0.023375,-0.2366375
150444005416960,22.797623,-0.111925,-0.023375,-0.16335
150444015417893,22.807624,-0.122925,-0.0611875,-0.1035375
150444025418811,22.817625,-0.116875,-0.1456125,-0.0705375
150444035419734,22.827626,-0.0996875,-0.2041875,-0.071775
150444045420878,22.837627,-0.06435,-0.211475,-0.0875875
150444055421804,22.847628,-0.03135,-0.13695,-0.1023
150444065422732,22.857629,-0.014162499,-0.012375,-0.0875875
150444075423660,22.867630,-0.0191125,0.0889625,-0.0143
150444085424578,22.877631,-0.0251625,0.102437496,0.087037496
150444095425515,22.887632,-0.017875,0.0121,0.1615625
150444105426424,22.897632,-6.875E-4,-0.1101375,0.1689875
150444115427352,22.907633,0.0066,-0.1797125,0.1054625
150444125428347,22.917634,4.125E-4,-0.1821875,0.00275
150444135429283,22.927635,-0.0154,-0.111375,-0.082775
150444145430143,22.937636,-0.03135,-0.0111375,-0.1145375
150444155431141,22.947637,-0.0496375,0.059675,-0.0741125
150444165432066,22.957638,-0.0741125,0.0743875,0.0284625
150444175432989,22.967639,-0.0972125,0.0231,0.1518
150444185433902,22.977640,-0.1192125,-0.0710875,0.253275
150444195434830,22.987641,-0.128975,-0.1736625,0.2715625
150444205435763,22.997642,-0.111925,-0.242,0.2129875
150444215436686,23.007643,-0.0826375,-0.242,0.1287
150444225437589,23.017644,-0.0631125,-0.15895,0.087037496
150444235438504,23.027645,-0.0631125,-0.036849998,0.1139875
150444245439671,23.037646,-0.067925,0.0328625,0.1750375
150444255440598,23.047647,-0.061875,0.0328625,0.220275
150444265441521,23.057648,-0.045925,-0.0490875,0.2250875
150444275442458,23.067648,-0.012925,-0.1601875,0.1469875
150444285443381,23.077649,0.0273625,-0.29095,0.0015125
150444295444304,23.087650,0.0908875,-0.354475,-0.1816375
150444305445227,23.097651,0.1604625,-0.2897125,-0.35021248
150444315446150,23.107652,0.2008875,-0.1577125,-0.46873748
150444325447058,23.117653,0.2118875,-0.039325,-0.553025
150444335447981,23.127654,0.2129875,0.0254375,-0.5897375
150444345448983,23.137655,0.2228875,0.0364375,-0.58355
150444355449921,23.147656,0.2424125,-0.006325,-0.56168747
150444365450838,23.157657,0.269225,-0.0429,-0.535975
150444375451679,23.167658,0.28875,-0.0246125,-0.5066875
150444385452679,23.177659,0.29975,0.0218625,-0.4675
150444395453546,23.187660,0.3169375,0.07315,-0.4321625
150444405454558,23.197661,0.3487,0.120725,-0.40645
150444415455487,23.207661,0.3938,0.1904375,-0.370975
150444425456396,23.217662,0.44275,0.280775,-0.30635
150444435457319,23.227663,0.4890875,0.3370125,-0.2036375
150444445458242,23.237664,0.50875,0.3944875,-0.0545875
150444455459152,23.247665,0.4659875,0.42625,0.1189375
150444465460075,23.257666,0.3669875,0.4285875,0.28985
150444475461003,23.267667,0.230175,0.3553,0.4426125
150444485461926,23.277668,0.0908875,0.208725,0.5451875
150444495462835,23.287669,-0.0215875,0.059675,0.595375
150444505464001,23.297670,-0.0996875,0.0023375,0.58795
150444515464924,23.307671,-0.150975,0.0144375,0.5599
150444525465847,23.317672,-0.1804,0.070675,0.5586625
150444535466770,23.327673,-0.2035,0.1183875,0.590425
150444545467698,23.337674,-0.2316875,0.1183875,0.6441875
150444555468621,23.347675,-0.2572625,0.0451,0.6809
150444565469539,23.357676,-0.2682625,-0.09185,0.6441875
150444575470462,23.367676,-0.2536875,-0.2677125,0.50985
150444585471405,23.377677,-0.2072125,-0.453475,0.2765125
150444595472328,23.387678,-0.1216875,-0.5828625,-0.0473
150444605473242,23.397679,-0.0116875,-0.5401,-0.4137375
150444615474165,23.407680,0.098175,-0.352,-0.7753625
150444625475083,23.417681,0.1984125,-0.1051875,-1.077175
150444635476006,23.427682,0.285175,0.102437496,-1.2837
150444645476929,23.437683,0.363275,0.2490125,-1.3850375
150444655477847,23.447684,0.4145625,0.346775,-1.336225
150444665478770,23.457685,0.412225,0.384725,-1.1028875
150444675479707,23.467686,0.3499375,0.3212,-0.7497875
150444685480617,23.477687,0.2509375,0.153725,-0.3906375
150444695481540,23.487688,0.136125,-0.09185,-0.099825
150444705482463,23.497688,0.020075,-0.3642375,0.095699996
150444715483381,23.507689,-0.0581625,-0.5608625,0.1249875
150444725484299,23.517690,-0.0752125,-0.5828625,-0.0033
150444735485222,23.527691,-0.054449998,-0.4778125,-0.1621125
150444745486145,23.537692,-0.0116875,-0.3141875,-0.2756875
150444755487147,23.547693,0.054175,-0.1406625,-0.3722125
150444765488059,23.557694,0.1104125,-0.0356125,-0.4272125
150444775488910,23.567695,0.1373625,-0.058849998,-0.4186875
150444785489933,23.577696,0.1373625,-0.144375,-0.3784
150444795490768,23.587697,0.109175,-0.231,-0.3221625
150444805491689,23.597698,0.059125,-0.2982375,-0.2426875
150444815492689,23.607699,0.010175,-0.3251875,-0.14739999
150444825493527,23.617700,-0.0215875,-0.338525,-0.049775
150444835494525,23.627701,-0.03135,-0.32395,0.0394625
150444845495362,23.637701,-0.0251625,-0.2811875,0.1029875
150444855496362,23.647702,-0.006875,-0.231,0.1494625
150444865497193,23.657703,0.0138875,-0.1626625,0.192225
150444875498195,23.667704,0.0273625,-0.10285,0.2470875
150444885499119,23.677705,0.02365,-0.0380875,0.3168
150444895499956,23.687706,0.0188375,-0.013612499,0.3815625
150444905500883,23.697707,0.0053625,-0.0111375,0.4499
150444915501881,23.707708,4.125E-4,-0.0416625,0.4829
150444925502727,23.717709,0.010175,-0.0721875,0.4695625
150444935503723,23.727710,0.0273625,-0.0856625,0.42185
150444945504643,23.737711,0.0419375,-0.0831875,0.36685
150444955505549,23.747712,0.0408375,-0.0576125,0.325325
150444965506496,23.757712,0.0248875,-0.0319,0.325325
150444975507350,23.767713,0.00165,-1.375E-4,0.36685
150444985508350,23.777714,-0.0215875,-0.0086624995,0.39985
150444995509210,23.787715,-0.0411125,-0.017324999,0.397375
150445005510131,23.797716,-0.0666875,-0.012375,0.358325
150445015511143,23.807717,-0.0886875,-0.0160875,0.28985
150445025511989,23.817718,-0.106975,0.004675,0.2288
150445035513001,23.827719,-0.1326875,0.059675,0.1945625
150445045513847,23.837720,-0.1571625,0.1183875,0.193325
150445055514863,23.847721,-0.16445,0.1634875,0.24475
150445065515784,23.857722,-0.1412125,0.1574375,0.369325
150445075516709,23.867723,-0.093637496,0.1159125,0.5501375
150445085517637,23.877724,-0.043449998,0.0499125,0.739475
150445095518498,23.887724,0.01265,-0.0099,0.871475
150445105519483,23.897725,0.076175,-0.028324999,0.8762875
150445115520404,23.907726,0.159225,-0.0319,0.726
150445125521236,23.917727,0.2497,-0.0501875,0.457325
150445135522157,23.927728,0.3169375,0.015675,0.14575
150445145523078,23.937729,0.3315125,0.12815,-0.1230625
150445155524065,23.947730,0.3095125,0.1892,-0.3381125
150445165524890,23.957731,0.302225,0.1659625,-0.4992625
150445175525814,23.967732,0.3425125,0.042625,-0.6337375
150445185526737,23.977733,0.40974998,-0.1639,-0.8267875
150445195527737,23.987734,0.467225,-0.2701875,-1.06865
150445205528583,23.997735,0.5038,-0.2091375,-1.2714624
150445215529506,24.007736,0.506275,-0.006325,-1.35575
150445225530415,24.017736,0.457325,0.23925,-1.3069375
150445235531431,24.027737,0.3510375,0.4164875,-1.1419375
150445245532275,24.037738,0.1824625,0.550825,-0.8756
150445255533189,24.047739,-0.0031625,0.5533,-0.56045
150445265534112,24.057740,-0.1571625,0.4360125,-0.2146375
150445275535021,24.067741,-0.293975,0.2820125,0.1420375
150445285535949,24.077742,-0.394075,0.131725,0.4609
150445295536872,24.087743,-0.4467375,0.009625,0.6967125
150445305537814,24.097744,-0.4442625,-0.0721875,0.83599997
150445315538732,24.107745,-0.4112625,-0.1296625,0.882475
150445325539674,24.117746,-0.366025,-0.11495,0.8237625
150445335540617,24.127747,-0.3232625,-0.036849998,0.67347497
150445345541540,24.137748,-0.29273748,0.0853875,0.4756125
150445355542467,24.147748,-0.2646875,0.2074875,0.2728
150445365543376,24.157749,-0.2487375,0.31501248,0.1287
150445375544055,24.167750,-0.232925,0.3480125,0.038225
150445385545207,24.177751,-0.2072125,0.34925,4.125E-4
150445395545901,24.187752,-0.172975,0.2979625,0.02475
150445405546824,24.197753,-0.127875,0.20625,0.088275
150445415547747,24.207754,-0.0666875,0.097625,0.120037496
150445425548656,24.217755,-6.875E-4,0.0254375,0.098037496
150445435549584,24.227756,0.0713625,-0.0331375,0.021175
150445445550502,24.237757,0.1434125,-0.0099,-0.0815375
150445455551435,24.247757,0.203225,0.0669625,-0.17435
150445465552363,24.257758,0.2717,0.142725,-0.2635875
150445475553277,24.267759,0.3499375,0.175725,-0.34045
150445485554214,24.277760,0.423225,0.153725,-0.40645
150445495555118,24.287761,0.47575,0.113437496,-0.4651625
150445505556041,24.297762,0.4965125,0.108625,-0.491975
150445515556964,24.307763,0.48675,0.12815,-0.463925
150445525557887,24.317764,0.4598,0.1513875,-0.3856875
150445535558805,24.327765,0.4268,0.147675,-0.3026375
150445545559666,24.337766,0.38775,0.102437496,-0.24887499
150445555560664,24.347767,0.3474625,0.015675,-0.23539999
150445565561589,24.357768,0.3059375,-0.034375,-0.276925
150445575562512,24.367769,0.2607,-0.039325,-0.336875
150445585563356,24.377769,0.2167,0.0303875,-0.3784
150445595564293,24.387770,0.1739375,0.136675,-0.3771625
150445605565216,24.397771,0.125125,0.21367499,-0.3331625
150445615566226,24.407772,0.0884125,0.2369125,-0.2476375
150445625567062,24.417773,0.065175,0.208725,-0.1205875
150445635567985,24.427774,0.0554125,0.142725,0.0284625
150445645568904,24.437775,0.059125,0.0364375,0.176275
150445655569827,24.447776,0.0738375,-0.0270875,0.2850375
150445665570722,24.457777,0.0908875,-0.001375,0.35585
150445675571645,24.467778,0.095699996,0.0694375,0.413325
150445685572582,24.477779,0.1079375,0.1049125,0.4426125
150445695573288,24.487779,0.1348875,0.108625,0.44385
150445705574213,24.497780,0.170225,0.0804375,0.4230875
150445715575370,24.507781,0.1984125,0.042625,0.37661248
150445725576065,24.517782,0.22893749,0.0169125,0.297275
150445735577003,24.527783,0.2399375,0.026675,0.2410375
150445745577912,24.537784,0.2228875,0.0584375,0.21175
150445755578835,24.547785,0.2057,0.0694375,0.170225
150445765579758,24.557786,0.208175,0.0243375,0.1115125
150445775580681,24.567787,0.22165,-0.045375,0.0309375
150445785581599,24.577788,0.2277,-0.0820875,-0.0570625
150445795582517,24.587789,0.219175,-0.040425,-0.132825
150445805583373,24.597789,0.2154625,0.059675,-0.18287499
150445815584295,24.607790,0.2008875,0.1964875,-0.15235
150445825585223,24.617791,0.186175,0.268675,-0.0583
150445835586236,24.627792,0.1837,0.2160125,0.0345125
150445845587111,24.637793,0.1837,0.086625,0.095699996
150445855588019,24.647794,0.1788875,-0.056375,0.121275
150445865588942,24.657795,0.15565,-0.1577125,0.1164625
150445875589865,24.667796,0.1214125,-0.18095,0.1115125
150445885590774,24.677797,0.0994125,-0.1467125,0.0944625
150445895591469,24.687797,0.0836,-0.0416625,0.088275
150445905592621,24.697799,0.0639375,0.0548625,0.076175
150445915593563,24.707800,0.0578875,0.08415,0.03575
150445925594257,24.717800,0.0554125,0.0694375,-0.022824999
150445935595180,24.727801,0.0396,0.026675,-0.077825
150445945596108,24.737802,0.004125,0.009625,-0.1205875
150445955597036,24.747803,-0.0264,0.0523875,-0.1376375
150445965597944,24.757804,-0.039875,0.103675,-0.1230625
150445975598867,24.767805,-0.0276375,0.1329625,-0.0741125
150445985599791,24.777806,-0.0044,0.1329625,-0.0143
150445995600632,24.787807,0.0298375,0.0939125,0.038225
150446005601553,24.797808,0.0664125,0.0303875,0.071225
150446015602476,24.807808,0.0884125,-0.01485,0.073699996
150446025603386,24.817809,0.098175,-0.007425,0.0394625
150446035604309,24.827810,0.095699996,0.026675,0.0077
150446045605203,24.837811,0.0994125,0.0584375,-0.0180125
150446055606140,24.847812,0.098175,0.0829125,-0.0265375
150446065607058,24.857813,0.0884125,0.102437496,-0.0045375
150446075607982,24.867814,0.0664125,0.124437496,0.0517
150446085608900,24.877815,0.034649998,0.1354375,0.1397
150446095609588,24.887816,-0.012925,0.1232,0.2508
150446105610513,24.897817,-0.056925,0.0523875,0.3058
150446115611421,24.907817,-0.0752125,-0.062425,0.270325
150446125612325,24.917818,-0.072875,-0.1687125,0.148225
150446135613248,24.927819,-0.0631125,-0.1859,-0.0105875
150446145614176,24.937820,-0.07645,-0.056375,-0.121825
150446155615098,24.947821,-0.111925,0.1329625,-0.138875
150446165615944,24.957822,-0.150975,0.2564375,-0.069299996
150446175616876,24.967823,-0.172975,0.2222,0.038225
150446185617801,24.977824,-0.1791625,0.05115,0.1079375
150446195618722,24.987825,-0.1791625,-0.1419,0.1054625
150446205619650,24.997826,-0.1742125,-0.2519,0.0369875
150446215620573,25.007827,-0.1522125,-0.2286625,-0.0655875
150446225621501,25.017828,-0.115637496,-0.0906125,-0.165825
150446235622424,25.027828,-0.093637496,0.086625,-0.1926375
150446245623119,25.037829,-0.089925,0.1744875,-0.160875
150446255624042,25.047830,-0.0851125,0.1452,-0.105875
150446265624960,25.057831,-0.07645,0.009625,-0.050875
150446275625888,25.067832,-0.067925,-0.144375,-0.0325875
150446285626825,25.077833,-0.0606375,-0.2567125,-0.0925375
150446295627761,25.087834,-0.05335,-0.2591875,-0.199925
150446305628622,25.097835,-0.0386375,-0.189475,-0.309925
150446315629551,25.107836,-0.0336875,-0.062425,-0.3674
150446325630472,25.117836,-0.0496375,0.0669625,-0.3356375
150446335631390,25.127837,-0.0776875,0.120725,-0.2206875
150446345632304,25.137838,-0.105875,0.1183875,-0.0545875
150446355633213,25.147839,-0.1364,0.0389125,0.126225
150446365634136,25.157840,-0.1584,-0.0686125,0.2545125
150446375634840,25.167841,-0.1656875,-0.16995,0.275275
150446385635758,25.177842,-0.150975,-0.2627625,0.181225
150446395636696,25.187843,-0.117975,-0.2897125,0.027224999
150446405637614,25.197844,-0.094875,-0.24695,-0.1340625
150446415638537,25.207845,-0.0606375,-0.150425,-0.26235
150446425639383,25.217845,-0.03135,-0.018424999,-0.3136375
150446435640294,25.227846,-0.0081124995,0.06215,-0.2891625
150446445641203,25.237847,0.004125,0.0462,-0.2305875
150446455642128,25.247848,0.0103124995,-0.0429,-0.1731125
150446465643049,25.257849,0.0273625,-0.2041875,-0.171875
150446475643957,25.267850,0.0688875,-0.332475,-0.2574
150446485644881,25.277851,0.1238875,-0.3312375,-0.397925
150446495645583,25.287852,0.16293749,-0.183425,-0.5102625
150446505646508,25.297853,0.1739375,0.0303875,-0.5262125
150446515647436,25.307853,0.169125,0.2319625,-0.42473748
150446525648363,25.317854,0.14093749,0.31625,-0.210925
150446535649306,25.327855,0.1153625,0.2332,0.04675
150446545650219,25.337856,0.092125,0.0023375,0.2410375
150446555651133,25.347857,0.07865,-0.253,0.3058
150446565651977,25.357858,0.0713625,-0.354475,0.2545125
150446575652896,25.367859,0.059125,-0.266475,0.1469875
150446585653819,25.377860,0.0383625,-0.0636625,0.0517
150446595654756,25.387861,0.0224125,0.1403875,0.01265
150446605655689,25.397862,0.0066,0.2454375,0.0407
150446615656390,25.407862,-0.014162499,0.1733875,0.0944625
150446625657331,25.417863,-0.02145,0.0108624995,0.1335125
150446635658268,25.427864,-0.02145,-0.1797125,0.1274625
150446645659205,25.437865,-0.014162499,-0.2897125,0.071225
150446655660037,25.447866,-0.0031625,-0.2701875,-0.0325875
150446665661030,25.457867,0.0103124995,-0.1431375,-0.099825
150446675661955,25.467868,0.0298375,-0.0086624995,-0.094875
150446685662806,25.477869,0.0554125,0.0572,-0.03135
150446695663727,25.487870,0.081125,0.0083875,0.0297
150446705664650,25.497871,0.114125,-0.10285,0.0259875
150446715665569,25.507872,0.1519375,-0.2299,-0.0595375
150446725666507,25.517873,0.1837,-0.271425,-0.1571625
150446735667210,25.527873,0.202125,-0.2041875,-0.209825
150446745668133,25.537874,0.191125,-0.0611875,-0.1975875
150446755669066,25.547875,0.1507,0.103675,-0.0851125
150446765669897,25.557876,0.103125,0.1794375,0.0834625
150446775670810,25.567877,0.06765,0.153725,0.225225
150446785671732,25.577878,0.0603625,0.0243375,0.2520375
150446795672671,25.587879,0.0664125,-0.1309,0.1665125
150446805673573,25.597880,0.0628375,-0.211475,0.03575
150446815674477,25.607880,0.0383625,-0.155375,-0.049775
150446825675409,25.617881,0.0138875,-0.001375,-0.055825
150446835676089,25.627882,0.004125,0.1513875,0.02475
150446845677012,25.637883,-0.00935,0.2234375,0.14575
150446855677926,25.647884,-0.02145,0.164725,0.2459875
150446865678845,25.657885,-0.017875,0.009625,0.2740375
150446875679773,25.667886,0.004125,-0.150425,0.20075
150446885680617,25.677887,0.020075,-0.1969,0.05775
150446895681525,25.687888,0.02365,-0.1271875,-0.0875875
150446905682444,25.697888,0.034649998,0.015675,-0.1755875
150446915683371,25.707889,0.0688875,0.1269125,-0.177925
150446925684046,25.717890,0.10065,0.15015,-0.143825
150446935684956,25.727891,0.120175,0.10615,-0.11935
150446945686107,25.737892,0.13365,0.00715,-0.115637496
150446955686802,25.747893,0.1483625,-0.07095,-0.149875
150446965687696,25.757894,0.1384625,-0.0501875,-0.17435
150446975688532,25.767895,0.1128875,0.0279125,-0.1315875
150446985689458,25.777895,0.0908875,0.1012,-0.0180125
150446995690381,25.787896,0.087175,0.125675,0.1359875
150447005691325,25.797897,0.0908875,0.0792,0.2800875
150447015692246,25.807898,0.1067,-0.040425,0.3290375
150447025693175,25.817899,0.1324125,-0.156475,0.2545125
150447035693867,25.827900,0.147125,-0.1907125,0.121275
150447045694782,25.837901,0.1299375,-0.106425,0.0039875
150447055695705,25.847902,0.0859375,0.06215,-0.04235
150447065696640,25.857903,0.034649998,0.202675,0.0028875
150447075697486,25.867903,0.0078375,0.2380125,0.10175
150447085698405,25.877904,-0.0056375,0.141625,0.1958
150447095699329,25.887905,-0.006875,-0.0319,0.2325125
150447105700266,25.897906,0.0078375,-0.177375,0.17875
150447115700958,25.907907,0.0053625,-0.2041875,0.0969375
150447125701883,25.917908,-0.017875,-0.1199,0.02365
150447135702811,25.927909,-0.045925,0.0231,-0.011825
150447145703748,25.937910,-0.0691625,0.1452,0.0149875
150447155704607,25.947911,-0.072875,0.1623875,0.0774125
150447165705544,25.957912,-0.0606375,0.059675,0.126225
150447175706469,25.967912,-0.034925,-0.0979,0.110275
150447185707390,25.977913,-0.012925,-0.15895,0.0334125
150447195708304,25.987914,-0.012925,-0.1126125,-0.044825
150447205708982,25.997915,-0.028875,0.0364375,-0.066825
150447215709907,26.007916,-0.043449998,0.1733875,-0.0143
150447225710834,26.017917,-0.032449998,0.1929125,0.0785125
150447235711742,26.027918,-0.00935,0.0902,0.148225
150447245712653,26.037919,0.0224125,-0.0611875,0.1530375
150447255713516,26.047920,0.053075,-0.1651375,0.065175
150447265714439,26.057920,0.0688875,-0.12595,-0.0460625
150447275715152,26.067921,0.0836,-0.012375,-0.1461625
150447285716290,26.077922,0.1079375,0.1232,-0.199925
150447295716973,26.087923,0.1263625,0.20019999,-0.18535
150447305717897,26.097924,0.1348875,0.1929125,-0.1353
150447315718820,26.107925,0.1324125,0.142725,-0.0741125
150447325719661,26.117926,0.13365,0.037675,-0.0180125
150447335720597,26.127927,0.13365,-0.0429,0.027224999
150447345721491,26.137927,0.1324125,-0.0391875,0.0407
150447355722414,26.147928,0.12265,0.0609125,0.06875
150447365723351,26.157929,0.103125,0.1904375,0.143275
150447375724059,26.167930,0.0859375,0.27101249,0.2495625
150447385724984,26.177931,0.0738375,0.2404875,0.3510375
150447395725844,26.187932,0.07865,0.119625,0.37785
150447405726871,26.197933,0.095837496,-0.028324999,0.31185
150447415727717,26.207934,0.1056,-0.1271875,0.18727499
150447425728640,26.217935,0.11165,-0.1161875,0.0334125
150447435729563,26.227936,0.10065,0.0231,-0.0826375
150447445730481,26.237936,0.08965,0.20625,-0.1120625
150447455731423,26.247937,0.076175,0.3333,-0.044825
150447465732116,26.257938,0.0774125,0.2784375,0.0517
150447475733051,26.267939,0.1079375,0.09515,0.0859375
150447485733897,26.277940,0.1287,-0.10285,0.060225
150447495734822,26.287941,0.1434125,-0.1992375,-0.038775
150447505735731,26.297942,0.1483625,-0.106425,-0.16335
150447515736683,26.307943,0.14093749,0.092675,-0.2415875
150447525737591,26.317944,0.14093749,0.263725,-0.2611125
150447535738299,26.327944,0.1568875,0.3114375,-0.243925
150447545739224,26.337945,0.18493749,0.2429625,-0.2256375
150447555740154,26.347946,0.17765,0.180675,-0.2036375
150447565740974,26.357947,0.1287,0.1744875,-0.149875
150447575741897,26.367948,0.0554125,0.20515,-0.049775
150447585742817,26.377949,0.009075,0.219725,0.0614625
150447595743517,26.387950,-0.00935,0.1769625,0.143275
150447605744426,26.397950,-0.0081124995,0.0804375,0.1445125
150447615745344,26.407951,0.0114124995,-1.375E-4,0.0407
150447625746253,26.417952,0.0444125,-0.0611875,-0.1353
150447635747171,26.427953,0.087175,-0.0111375,-0.3234
150447645748030,26.437954,0.125125,0.108625,-0.487025
150447655748953,26.447955,0.1324125,0.257675,-0.5555
150447665749634,26.457956,0.1263625,0.335775,-0.5225
150447675750781,26.467957,0.1299375,0.313775,-0.425975
150447685751460,26.477957,0.142175,0.1964875,-0.3161125
150447695752383,26.487958,0.164175,0.0133375,-0.237875
150447705753229,26.497959,0.1593625,-0.0941875,-0.1816375
150447715754138,26.507960,0.1458875,-0.1199,-0.1791625
150447725755059,26.517961,0.125125,-0.0306625,-0.2281125
150447735755986,26.527962,0.103125,0.092675,-0.2952125
150447745756920,26.537963,0.0884125,0.2112,-0.348975
150447755757600,26.547964,0.0836,0.3199625,-0.386925
150447765758518,26.557965,0.0726,0.418825,-0.403975
150447775759359,26.567965,0.0639375,0.583825,-0.43945
150447785760359,26.577966,0.0383625,0.7071625,-0.4577375
150447795761217,26.587967,-0.028875,0.7634,-0.4321625
150447805762140,26.597968,-0.1082125,0.7451125,-0.370975
150447815763050,26.607969,-0.1607375,0.6351125,-0.30745
150447825763742,26.617970,-0.1962125,0.473825,-0.2976875
150447835764667,26.627971,-0.2145,0.36025,-0.3587375
150447845765604,26.637972,-0.23045,0.3419625,-0.458975
150447855766455,26.647972,-0.2572625,0.3969625,-0.5702125
150447865767386,26.657973,-0.2877875,0.5020125,-0.6483125
150447875768310,26.667974,-0.3207875,0.5973,-0.6703125
150447885768999,26.677975,-0.3257375,0.59482497,-0.636075
150447895769912,26.687976,-0.3025,0.51535,-0.5677375
150447905770835,26.697977,-0.271975,0.36025,-0.5187875
150447915771763,26.707978,-0.249975,0.21615,-0.50545
150447925772607,26.717979,-0.2462625,0.1122,-0.5127375
150447935773515,26.727980,-0.256025,0.0584375,-0.50545
150447945774434,26.737980,-0.2487375,0.0743875,-0.509025
150447955775357,26.747981,-0.2206875,0.131725,-0.5115
150447965776047,26.757982,-0.1815,0.21367499,-0.48221248
150447975776970,26.767983,-0.128975,0.30153748,-0.4345
150447985777811,26.777984,-0.0704,0.3834875,-0.3771625
150447995778732,26.787985,-0.02035,0.4420625,-0.30621248
150448005779655,26.797986,0.0066,0.4690125,-0.22935
150448015780579,26.807987,0.0213125,0.4665375,-0.1560625
150448025781502,26.817988,0.0213125,0.40425,-0.069299996
150448035782203,26.827988,0.0188375,0.30525,0.021175
150448045783042,26.837989,0.0114124995,0.1782,0.082225
150448055784046,26.847990,-0.00935,0.0438625,0.132275
150448065784895,26.857991,-0.0386375,-0.0086624995,0.1604625
150448075785842,26.867992,-0.061875,-0.013612499,0.1225125
150448085786766,26.877993,-0.061875,-0.0026125,0.034649998
150448095787463,26.887993,-0.034925,-0.0099,-0.0765875
150448105788401,26.897994,-0.001925,-0.040425,-0.1731125
150448115789250,26.907995,0.02365,-0.0771375,-0.24035
150448125790271,26.917996,0.0334125,-0.0746625,-0.2831125
150448135791120,26.927997,0.0213125,-0.0441375,-0.2941125
150448145792038,26.937998,0.0078375,-0.0416625,-0.2611125
150448155792731,26.947999,-0.001925,-0.1016125,-0.2011625
150448165793656,26.958000,-0.0116875,-0.2151875,-0.1230625
150448175794595,26.968001,-0.0301125,-0.33495,-0.0240625
150448185795441,26.978001,-0.0422125,-0.3997125,0.0675125
150448195796362,26.988002,-0.0386375,-0.363,0.1189375
150448205797265,26.998003,-0.0336875,-0.277475,0.1445125
150448215797958,27.008004,-0.02035,-0.1749,0.1530375
150448225798879,27.018005,-0.001925,-0.0856625,0.1579875
150448235799816,27.028006,-0.001925,-0.029424999,0.17875
150448245800710,27.038007,-0.0154,0.0169125,0.20075
150448255801570,27.048008,-0.0411125,0.0451,0.2019875
150448265802487,27.058008,-0.0814,0.048675,0.1970375
150448275803194,27.068009,-0.1254,-0.001375,0.165275
150448285804119,27.078010,-0.1607375,-0.084425,0.110275
150448295805042,27.088011,-0.1912625,-0.1419,0.065175
150448305805941,27.098012,-0.2242625,-0.139425,0.0419375
150448315806792,27.108013,-0.232925,-0.07095,0.032175
150448325807724,27.118014,-0.21573749,0.048675,0.0565125
150448335808417,27.128014,-0.1766875,0.164725,0.099275
150448345809325,27.138015,-0.13145,0.2099625,0.1335125
150448355810248,27.148016,-0.0972125,0.164725,0.170225
150448365811180,27.158017,-0.08745,0.0609125,0.1799875
150448375812026,27.168018,-0.095975,-0.01485,0.1519375
150448385812952,27.178019,-0.1216875,-0.0319,0.1189375
150448395813875,27.188020,-0.13145,-1.375E-4,0.0944625
150448405814784,27.198021,-0.1302125,0.0561,0.1054625
150448415815463,27.208021,-0.1266375,0.0878625,0.1507
150448425816388,27.218022,-0.1216875,0.059675,0.1860375
150448435817220,27.228023,-0.12045,-0.00385,0.1934625
150448445818155,27.238024,-0.122925,-0.084425,0.17875
150448455818835,27.248025,-0.1254,-0.161425,0.1359875
150448465819982,27.258026,-0.13145,-0.2079,0.0774125
150448475820682,27.268027,-0.14973749,-0.1882375,0.0259875
150448485821605,27.278028,-0.1766875,-0.122375,-0.0045375
150448495822453,27.288028,-0.2035,-0.0539,-0.005775
150448505823372,27.298029,-0.221925,-0.013612499,0.027224999
150448515824295,27.308030,-0.2316875,-0.006325,0.071225
150448525824989,27.318031,-0.2487375,-0.0196625,0.1359875
150448535825911,27.328032,-0.2842125,-0.064899996,0.237325
150448545826831,27.338033,-0.3293125,-0.1491875,0.36685
150448555827694,27.348034,-0.370975,-0.2066625,0.47079998
150448565828604,27.358035,-0.4015,-0.2481875,0.5586625
150448575829535,27.368036,-0.4235,-0.3067625,0.6466625
150448585830453,27.378036,-0.4197875,-0.3667125,0.7261375
150448595831159,27.388037,-0.3843125,-0.4142875,0.7261375
150448605832084,27.398038,-0.3293125,-0.398475,0.661375
150448615832999,27.408039,-0.2732125,-0.305525,0.5709
150448625833843,27.418040,-0.232925,-0.1357125,0.474375
150448635834751,27.428041,-0.2121625,0.0523875,0.4316125
150448645835448,27.438041,-0.2047375,0.1929125,0.4719
150448655836392,27.448042,-0.194975,0.197725,0.551375
150448665837311,27.458043,-0.1766875,0.102437496,0.6417125
150448675838234,27.468044,-0.155925,0.0133375,0.7211875
150448685839081,27.478045,-0.144925,-0.051425,0.77494997
150448695839986,27.488046,-0.1485,-0.0746625,0.8262375
150448705840664,27.498047,-0.1705,-0.078375,0.89705
150448715841598,27.508048,-0.19373749,-0.0686125,0.9752875
150448725842507,27.518049,-0.199925,-0.0906125,1.0107625
150448735843430,27.528049,-0.1804,-0.1467125,0.98505
150448745844275,27.538050,-0.1376375,-0.189475,0.893475
150448755845208,27.548051,-0.0801625,-0.2322375,0.739475
150448765845906,27.558052,-0.0264,-0.216425,0.5636125
150448775846829,27.568053,-0.0056375,-0.1137125,0.4158
150448785847752,27.578054,0.00165,0.02915,0.3155625
150448795848670,27.588055,0.01265,0.103675,0.248325
150448805849529,27.598056,0.0286,0.097625,0.192225
150448815850229,27.608056,0.059125,0.02915,0.1029875
150448825851132,27.618057,0.1043625,-0.108899996,-0.0143
150448835852051,27.628058,0.181225,-0.2567125,-0.1596375
150448845852880,27.638059,0.2704625,-0.277475,-0.3331625
150448855853808,27.648060,0.329175,-0.1051875,-0.4895
150448865854731,27.658061,0.3730375,0.2039125,-0.5225
150448875855669,27.668062,0.401225,0.52635,-0.348975
150448885856363,27.678062,0.37675,0.70235,0.0284625
150448895857272,27.688063,0.3084125,0.5985375,0.4731375
150448905858118,27.698064,0.2619375,0.269775,0.76147497
150448915859058,27.708065,0.2484625,-0.1601875,0.781
150448925859991,27.718066,0.225225,-0.4338125,0.60885
150448935860909,27.728067,0.2008875,-0.443575,0.35585
150448945861604,27.738068,0.1837,-0.2457125,0.1507
150448955862512,27.748069,0.1703625,0.0743875,0.06875
150448965863356,27.758069,0.1483625,0.3614875,0.1335125
150448975864274,27.768070,0.1018875,0.4360125,0.3205125
150448985864964,27.778071,0.0616,0.2674375,0.5526125
150448995865888,27.788072,0.02365,-0.0331375,0.70042497
150449005866815,27.798073,-0.0276375,-0.304425,0.711425
150449015867743,27.808074,-0.089925,-0.476575,0.5990875
150449025868608,27.818075,-0.1485,-0.5267625,0.4060375
150449035869529,27.828076,-0.1827375,-0.503525,0.1628
150449045870238,27.838076,-0.188925,-0.42405,-0.091299996
150449055871161,27.848077,-0.1364,-0.42405,-0.4015
150449065872008,27.858078,0.0213125,-0.4753375,-0.823075
150449075872931,27.868079,0.24365,-0.3887125,-1.3105125
150449085873850,27.878080,0.3950375,-0.106425,-1.6831375
150449095874756,27.888081,0.4684625,0.3333,-1.828475
150449105875448,27.898081,0.4879875,0.7585875,-1.7051375
150449115876364,27.908082,0.4585625,1.0052625,-1.25675
150449125877299,27.918083,0.37675,0.9576875,-0.5592125
150449135878164,27.928084,0.2387,0.64735,0.220275
150449145879083,27.938085,0.081125,0.1879625,0.90805
150449155879781,27.948086,-0.083875,-0.2836625,1.4542
150449165880704,27.958087,-0.2255,-0.685575,1.7730625
150449175881627,27.968088,-0.3037375,-0.873675,1.831775
150449185882473,27.978088,-0.3172125,-0.895675,1.72425
150449195883391,27.988089,-0.2767875,-0.768625,1.5629625
150449205884071,27.998090,-0.2072125,-0.520575,1.362625
150449215884994,28.008091,-0.13145,-0.139425,1.1341
150449225885906,28.018092,-0.073975,0.25025,0.9508125
150449235886748,28.028093,-0.043449998,0.4860625,0.8727125
150449245887670,28.038094,-0.032449998,0.5165875,0.89705
150449255888577,28.048095,-0.03135,0.3529625,0.9422875
150449265889270,28.058095,-0.045925,0.0768625,0.9607125
150449275890209,28.068096,-0.0631125,-0.264,0.946
150449285891132,28.078097,-0.067925,-0.5352875,0.860475
150449295892036,28.088098,-0.054449998,-0.61105,0.6919
150449305892875,28.098099,-0.023924999,-0.5731,0.45485
150449315893570,28.108100,0.045649998,-0.506,0.165275
150449325894493,28.118100,0.1458875,-0.41181248,-0.1243
150449335895411,28.128101,0.2569875,-0.3227125,-0.3784
150449345896334,28.138102,0.3730375,-0.242,-0.58355
150449355897171,28.148103,0.4855125,-0.14795,-0.7387875
150449365898092,28.158104,0.583275,-0.08085,-0.834075
150449375898787,28.168105,0.655325,-0.0306625,-0.86088747
150449385899710,28.178106,0.70785,0.0548625,-0.81565
150449395900633,28.188107,0.749375,0.1513875,-0.6898375
150449405901469,28.198107,0.75185,0.2234375,-0.45045
150449415902390,28.208108,0.7029,0.25025,-0.116875
150449425903098,28.218109,0.5930375,0.1782,0.2740375
150449435904036,28.228110,0.47575,0.020624999,0.6136625
150449445904931,28.238111,0.385275,-0.18095,0.825
150449455905775,28.248112,0.3119875,-0.376475,0.8837125
150449465906703,28.258113,0.2277,-0.5157625,0.816475
150449475907626,28.268114,0.1348875,-0.55605,0.6576625
150449485908308,28.278114,0.0396,-0.453475,0.452375
150449495909223,28.288115,-0.0422125,-0.2542375,0.2569875
150449505910146,28.298116,-0.1021625,-0.034375,0.1115125
150449515911001,28.308117,-0.1302125,0.1489125,0.0039875
150449525911909,28.318118,-0.1241625,0.2479125,-0.0924
150449535912603,28.328119,-0.0996875,0.2589125,-0.1901625
150449545913521,28.338120,-0.0801625,0.19525,-0.2611125
150449555914459,28.348120,-0.0581625,0.0988625,-0.31845
150449565915300,28.358121,-0.0361625,0.0633875,-0.364925
150449575916236,28.368122,-0.02145,0.1183875,-0.392975
150449585916930,28.378123,-0.0251625,0.23567499,-0.3674
150449595917863,28.388124,-0.034925,0.3529625,-0.2806375
150449605918781,28.398125,-0.0411125,0.412775,-0.1621125
150449615919625,28.408126,-0.0532125,0.3785375,-0.03135
150449625920560,28.418127,-0.067925,0.27719998,0.0664125
150449635921490,28.428127,-0.067925,0.1403875,0.0895125
150449645922183,28.438128,-0.050875,0.04015,0.034649998
150449655923094,28.448129,-0.0166375,-0.006325,-0.0570625
150449665923954,28.458130,0.020075,0.0353375,-0.1486375
150449675924880,28.468131,0.0444125,0.120725,-0.2096875
150449685925798,28.478132,0.0628375,0.2332,-0.22935
150449695926508,28.488133,0.0664125,0.318725,-0.19139999
150449705927440,28.498133,0.059125,0.30153748,-0.1291125
150449715928291,28.508134,0.0518375,0.1929125,-0.099825
150449725929214,28.518135,0.0493625,0.081675,-0.1120625
150449735930145,28.528136,0.0506,-0.0099,-0.13035
150449745930839,28.538137,0.048125,-0.0391875,-0.1340625
150449755931763,28.548138,0.048125,-0.001375,-0.1205875
150449765932686,28.558139,0.0518375,0.0963875,-0.0741125
150449775933522,28.568140,0.0603625,0.180675,-0.016775
150449785934433,28.578140,0.092125,0.1819125,0.0039875
150449795935356,28.588141,0.1458875,0.1232,-0.0215875
150449805936058,28.598142,0.1947,0.0413875,-0.0655875
150449815936983,28.608143,0.208175,0.009625,-0.0875875
150449825937828,28.618144,0.18493749,0.042625,-0.093637496
150449835938751,28.628145,0.16665,0.108625,-0.0875875
150449845939674,28.638146,0.1458875,0.197725,-0.05335
150449855940363,28.648146,0.1373625,0.219725,-0.0070125
150449865941286,28.658147,0.164175,0.1098625,-8.25E-4
150449875942132,28.668148,0.2094125,-0.036849998,-0.0473
150449885943056,28.678149,0.2239875,-0.1247125,-0.10835
150449895943982,28.688150,0.2154625,-0.145475,-0.176825
150449905944674,28.698151,0.197175,-0.0746625,-0.237875
150449915945609,28.708152,0.1519375,0.0462,-0.276925
150449925946458,28.718152,0.114125,0.18315,-0.2756875
150449935947381,28.728153,0.10065,0.2479125,-0.24035
150449945948076,28.738154,0.1189375,0.1989625,-0.19635
150449955948984,28.748155,0.147125,0.125675,-0.1596375
150449965949898,28.758156,0.1458875,0.0694375,-0.1144
150449975950729,28.768157,0.103125,0.0499125,-0.05335
150449985951650,28.778158,0.043175,0.059675,0.01265
150449995952588,28.788159,-0.0056375,0.0671,0.060225
150450005953276,28.798159,-0.0276375,0.0694375,0.0785125
150450015954201,28.808160,-0.03135,0.0609125,0.087175
150450025955056,28.818161,-0.02145,0.0499125,0.0809875
150450035955977,28.828162,-0.0154,0.0671,0.0809875
150450045956888,28.838163,-0.017875,0.0853875,0.099275
150450055957578,28.848164,-0.0374,0.0902,0.1225125
150450065958488,28.858164,-0.054449998,0.059675,0.117699996
150450075959329,28.868165,-0.0581625,-0.012375,0.0639375
150450085960247,28.878166,-0.06545,-0.073425,-0.039875
150450095960926,28.888167,-0.061875,-0.11495,-0.1755875
150450105961849,28.898168,-0.056925,-0.1016125,-0.298925
150450115962772,28.908169,-0.0631125,-0.012375,-0.3661625
150450125963633,28.918170,-0.0691625,0.0999625,-0.3636875
150450135964564,28.928171,-0.06545,0.19415,-0.2904
150450145965487,28.938171,-0.054449998,0.2209625,-0.177925
150450155966189,28.948172,-0.028875,0.1769625,-0.0521125
150450165967109,28.958173,0.0028875,0.0572,0.0297
150450175967955,28.968174,0.0286,-0.0796125,0.027224999
150450185968881,28.978175,0.0396,-0.1639,-0.0363
150450195969581,28.988176,0.045649998,-0.1236125,-0.1023
150450205970499,28.998176,0.0408375,-0.0050875,-0.0925375
150450215971431,29.008177,0.0358875,0.131725,-0.0105875
150450225972290,29.018178,0.020075,0.230725,0.1139875
150450235973208,29.028179,-0.012925,0.21725,0.2545125
150450245974131,29.038180,-0.0386375,0.097625,0.330275
150450255974824,29.048181,-0.0496375,-0.0759,0.31185
150450265975744,29.058182,-0.0446875,-0.2506625,0.2105125
150450275976574,29.068183,-0.0361625,-0.3312375,0.04675
150450285977502,29.078184,-0.0411125,-0.25547498,-0.1023
150450295978410,29.088184,-0.056925,-0.058849998,-0.1804
150450305979102,29.098185,-0.072875,0.1489125,-0.1584
150450315979956,29.108186,-0.0801625,0.2429625,-0.077825
150450325980862,29.118187,-0.0666875,0.1623875,-0.0070125
150450335981785,29.128188,-0.0374,0.00715,0.016224999
150450345982477,29.138188,0.0028875,-0.18095,-0.0460625
150450355983402,29.148189,0.037125,-0.30195,-0.171875
150450365984258,29.158190,0.0616,-0.2762375,-0.2794
150450375985180,29.168191,0.081125,-0.13695,-0.3306875
150450385986098,29.178192,0.1043625,0.0413875,-0.3234
150450395987007,29.188193,0.1276,0.1794375,-0.2806375
150450405987718,29.198194,0.1593625,0.2369125,-0.210925
150450415988643,29.208195,0.1898875,0.2319625,-0.13035
150450425989487,29.218195,0.191125,0.1819125,-0.08635
150450435990429,29.228196,0.1788875,0.1232,-0.0606375
150450445991141,29.238197,0.1324125,0.075625,-0.0081124995
150450455992064,29.248198,0.0749375,0.0609125,0.0809875
150450465992907,29.258199,0.045649998,0.0279125,0.14575
150450475993828,29.268200,0.048125,-0.007425,0.1519375
150450485994523,29.278201,0.07865,-0.0306625,0.0749375
150450495995474,29.288201,0.106837496,-0.0270875,-0.0325875
150450505996402,29.298202,0.1153625,0.01815,-0.1340625
150450515997246,29.308203,0.103125,0.1012,-0.1816375
150450525998171,29.318204,0.0774125,0.1843875,-0.149875
150450535998840,29.328205,0.059125,0.202675,-0.0606375
150450545999763,29.338206,0.0603625,0.1342,0.02365
150450556000619,29.348207,0.076175,0.048675,0.0809875
150450566001540,29.358208,0.098175,-0.047849998,0.0884125
150450576002463,29.368208,0.11165,-0.0501875,0.082225
150450586003147,29.378209,0.1056,0.0303875,0.0675125
150450596004070,29.388210,0.0908875,0.119625,0.0554125
150450606004914,29.398211,0.098175,0.125675,0.0028875
150450616005834,29.408212,0.13365,0.0572,-0.0900625
150450626006526,29.418213,0.1727,-0.0160875,-0.1791625
150450636007446,29.428213,0.1874125,-0.001375,-0.24035
150450646008301,29.438214,0.1788875,0.0889625,-0.193875
150450656009236,29.448215,0.1678875,0.202675,-0.0705375
150450666010145,29.458216,0.1324125,0.230725,0.1005125
150450676010833,29.468217,0.10065,0.1634875,0.2325125
150450686011681,29.478218,0.1104125,-0.0319,0.23127499
150450696012602,29.488219,0.13859999,-0.233475,0.12375
150450706013525,29.498220,0.153175,-0.3312375,-0.069299996
150450716014232,29.508220,0.1544125,-0.1859,-0.2366375
150450726015161,29.518221,0.1287,0.0768625,-0.309925
150450736016085,29.528222,0.12265,0.3004375,-0.2831125
150450746016931,29.538223,0.142175,0.33825,-0.243925
150450756017861,29.548224,0.19965,0.1854875,-0.2341625
150450766018548,29.558225,0.2459875,0.0023375,-0.2366375
150450776019479,29.568225,0.252175,-0.0979,-0.2366375
150450786020311,29.578226,0.20693749,-0.0246125,-0.1645875
150450796021233,29.588227,0.147125,0.1109625,-0.0473
150450806021908,29.598228,0.10065,0.2429625,0.098175
150450816022845,29.608229,0.0774125,0.2319625,0.1995125
150450826023681,29.618230,0.10065,0.0939125,0.2019875
150450836024573,29.628231,0.131175,-0.084425,0.109175
150450846025492,29.638231,0.158125,-0.167475,-0.027775
150450856026191,29.648232,0.1617,-0.0746625,-0.127875
150450866027100,29.658233,0.1397,0.102437496,-0.149875
150450876027936,29.668234,0.12265,0.2479125,-0.1181125
150450886028857,29.678235,0.117699996,0.2784375,-0.06435
150450896029549,29.688236,0.1299375,0.21615,-0.02035
150450906030475,29.698236,0.1507,0.125675,0.0174625
150450916031305,29.708237,0.16665,0.0548625,0.03575
150450926032228,29.718238,0.1593625,0.075625,0.05775
150450936033151,29.728239,0.1348875,0.1623875,0.1299375
150450946033838,29.738240,0.11165,0.2552,0.2349875
150450956034686,29.748241,0.120175,0.241725,0.270325
150450966035621,29.758242,0.1458875,0.1549625,0.26675
150450976036559,29.768243,0.1714625,0.048675,0.2215125
150450986037227,29.778243,0.186175,0.015675,0.13475
150450996038167,29.788244,0.169125,0.037675,0.03575
150451006039027,29.798245,0.142175,0.102437496,-0.0105875
150451016039958,29.808246,0.109175,0.1574375,-0.0143
150451026040667,29.818247,0.1043625,0.1403875,-0.0325875
150451036041604,29.828248,0.114125,0.0902,-0.077825
150451046042460,29.838248,0.117699996,0.0499125,-0.121825
150451056043367,29.848249,0.1104125,0.0341,-0.14135
150451066044299,29.858250,0.0946,0.0609125,-0.14135
150451076044993,29.868251,0.076175,0.113437496,-0.143825
150451086045945,29.878252,0.064075,0.12815,-0.1571625
150451096046779,29.888253,0.0713625,0.0889625,-0.19139999
150451106047465,29.898253,0.0859375,0.0658625,-0.23539999
150451116048388,29.908254,0.092125,0.0694375,-0.2756875
150451126049325,29.918255,0.07865,0.1183875,-0.303875
150451136050186,29.928256,0.0603625,0.20019999,-0.292875
150451146051093,29.938257,0.045649998,0.2270125,-0.2671625
150451156051799,29.948258,0.0506,0.2039125,-0.237875
150451166052724,29.958259,0.0774125,0.1574375,-0.22687499
150451176053568,29.968260,0.1166,0.142725,-0.243925
150451186054487,29.978260,0.1397,0.1354375,-0.259875
150451196055182,29.988261,0.125125,0.175725,-0.19139999
150451206056090,29.998262,0.092125,0.2209625,-0.07535
150451216057008,30.008263,0.0554125,0.2112,0.0614625
150451226057852,30.018264,0.0273625,0.153725,0.1837
150451236058775,30.028265,0.020075,0.0059125,0.225225
150451246059441,30.038265,0.0334125,-0.1027125,0.1640375
150451256060364,30.048266,0.0444125,-0.15895,0.0309375
150451266061194,30.058267,0.0628375,-0.1431375,-0.09735
150451276062132,30.068268,0.0738375,-0.012375,-0.1681625
150451286062826,30.078269,0.0713625,0.1769625,-0.1120625
150451296063657,30.088270,0.0688875,0.263725,0.01265
150451306064549,30.098271,0.087175,0.27225,0.1689875
150451316065472,30.108271,0.114125,0.1403875,0.27775
150451326066182,30.118272,0.1397,-1.375E-4,0.3375625
150451336067105,30.128273,0.142175,-0.0881375,0.36685
150451346067965,30.138274,0.1287,-0.0356125,0.3938
150451356068886,30.148275,0.103125,0.078099996,0.42061248
150451366069809,30.158276,0.0908875,0.2259125,0.485375
150451376070488,30.168276,0.106837496,0.257675,0.540375
150451386071334,30.178277,0.1483625,0.224675,0.5379
150451396072261,30.188278,0.1837,0.1464375,0.45485
150451406073184,30.198279,0.1923625,0.0988625,0.3278
150451416073905,30.208280,0.1837,0.081675,0.2288
150451426074816,30.218281,0.1617,0.103675,0.1469875
150451436075661,30.228282,0.1324125,0.1733875,0.0884125
150451446076355,30.238282,0.103125,0.2539625,0.0884125
150451456077273,30.248283,0.0848375,0.27225,0.0944625
150451466078210,30.258284,0.0798875,0.2600125,0.0944625
150451476079054,30.268285,0.0823625,0.2222,0.0859375
150451486079764,30.278286,0.0798875,0.164725,0.056649998
150451496080687,30.288287,0.0688875,0.1452,0.004125
150451506081595,30.298288,0.059125,0.1464375,-0.0595375
150451516082441,30.308288,0.059125,0.1379125,-0.1230625
150451526083362,30.318289,0.0603625,0.15619999,-0.17435
150451536084056,30.328290,0.056649998,0.2259125,-0.165825
150451546084903,30.338291,0.0518375,0.285725,-0.1095875
150451556085839,30.348292,0.053075,0.335775,-0.05335
150451566086761,30.358293,0.0726,0.27101249,-0.0301125
150451576087468,30.368293,0.0994125,0.1634875,-0.04235
150451586088379,30.378294,0.1189375,0.0658625,-0.116875
150451596089223,30.388295,0.120175,0.086625,-0.1876875
150451606090174,30.398296,0.10065,0.1794375,-0.2206875
150451616090873,30.408297,0.103125,0.2844875,-0.1975875
150451626091811,30.418298,0.117837496,0.3322,-0.1706375
150451636092666,30.428299,0.1458875,0.3235375,-0.1584
150451646093587,30.438300,0.169125,0.2600125,-0.1425875
150451656094280,30.448300,0.1764125,0.15619999,-0.1266375
150451666095219,30.458301,0.16293749,0.1219625,-0.1010625
150451676096140,30.468302,0.1299375,0.1293875,-0.0545875
150451686096972,30.478303,0.1079375,0.153725,-0.0301125
150451696097895,30.488304,0.103125,0.158675,-0.0631125
150451706098587,30.498305,0.1128875,0.131725,-0.110825
150451716099434,30.508305,0.1373625,0.0963875,-0.171875
150451726100113,30.518306,0.1496,0.086625,-0.2426875
150451736101022,30.528307,0.14465,0.1293875,-0.2756875
150451746101945,30.538308,0.1128875,0.22715,-0.24887499
150451756102791,30.548309,0.092125,0.23925,-0.2036375
150451766103707,30.558310,0.0774125,0.20515,-0.1340625
150451776104386,30.568310,0.0726,0.102437496,-0.0924
150451786105292,30.578311,0.0738375,0.0108624995,-0.1131625
150451796106107,30.588312,0.0603625,-0.001375,-0.1291125
150451806107016,30.598313,0.0323125,0.075625,-0.07535
150451816107713,30.608314,0.00165,0.1782,0.0174625
150451826108638,30.618315,-0.034925,0.269775,0.1139875
150451836109564,30.628316,-0.0606375,0.268675,0.17875
150451846110410,30.638316,-0.0801625,0.2259125,0.2080375
150451856111333,30.648317,-0.0972125,0.152625,0.214225
150451866112025,30.658318,-0.1216875,0.0963875,0.2129875
150451876112871,30.668319,-0.14245,0.0474375,0.1799875
150451886113802,30.678320,-0.155925,0.0023375,0.115225
150451896114737,30.688321,-0.1375,-0.1016125,0.004125
150451906115429,30.698321,-0.0814,-0.1381875,-0.1376375
150451916116275,30.708322,-0.032449998,-0.1419,-0.298925
150451926117184,30.718323,0.0078375,-0.05995,-0.3966875
150451936117877,30.728324,0.0078375,0.070675,-0.4137375
150451946118787,30.738325,0.015125,0.1452,-0.3991625
150451956119648,30.748326,0.0323125,0.141625,-0.3466375
150451966120578,30.758327,0.065175,0.0999625,-0.303875
150451976121277,30.768327,0.098175,0.020624999,-0.2732125
150451986122112,30.778328,0.1043625,-0.007425,-0.22935
150451996123049,30.788329,0.0688875,0.0584375,-0.11935
150452006123967,30.798330,0.01265,0.1159125,0.0554125
150452016124659,30.808331,-0.0312125,0.15015,0.258225
150452026125584,30.818332,-0.0336875,0.1109625,0.39985
150452036126430,30.828332,-0.0202125,0.01815,0.4841375
150452046127123,30.838333,-0.0154,-0.0881375,0.53185
150452056128027,30.848334,-0.0264,-0.1601875,0.5256625
150452066128873,30.858335,-0.0471625,-0.1859,0.45485
150452076129808,30.868336,-0.093637496,-0.167475,0.3730375
150452086130717,30.878337,-0.1387375,-0.117425,0.26675
150452096131433,30.888337,-0.1681625,-0.1247125,0.1689875
150452106132364,30.898338,-0.1742125,-0.1529,0.0419375
150452116133222,30.908339,-0.15345,-0.20295,-0.1401125
150452126134140,30.918340,-0.1131625,-0.20295,-0.314875
150452136134823,30.928341,-0.078925,-0.1821875,-0.4785
150452146135685,30.938342,-0.0361625,-0.122375,-0.5982625
150452156136596,30.948343,-0.0301125,-0.0099,-0.6435
150452166137289,30.958343,-0.039875,0.0988625,-0.59455
150452176138209,30.968344,-0.083875,0.2074875,-0.454025
150452186139130,30.978345,-0.1167375,0.27101249,-0.24145
150452196139976,30.988346,-0.128975,0.2319625,0.01265
150452206140668,30.998347,-0.10945,0.086625,0.198275
150452216141609,31.008348,-0.073975,-0.05995,0.2728
150452226142546,31.018349,-0.06545,-0.1871375,0.281325
150452236143390,31.028349,-0.06545,-0.216425,0.2349875
150452246144098,31.038350,-0.0801625,-0.1882375,0.16293749
150452256145036,31.048351,-0.0947375,-0.1491875,0.0724625
150452266145856,31.058352,-0.0972125,-0.100375,-0.0496375
150452276146551,31.068353,-0.093637496,-0.064899996,-0.1755875
150452286147474,31.078353,-0.1106875,0.0243375,-0.2781625
150452296148397,31.088354,-0.1584,0.064625,-0.315975
150452306149231,31.098355,-0.212025,0.0523875,-0.2866875
150452316149940,31.108356,-0.2487375,-0.001375,-0.23045
150452326150835,31.118357,-0.2475,-0.1137125,-0.22935
150452336151694,31.128358,-0.2242625,-0.20899999,-0.27445
150452346152607,31.138359,-0.205975,-0.20899999,-0.33673748
150452356153301,31.148359,-0.183975,-0.16995,-0.3771625
150452366154234,31.158360,-0.1595,-0.0196625,-0.3551625
150452376155084,31.168361,-0.161975,0.113437496,-0.23539999
150452386155992,31.178362,-0.1656875,0.1782,-0.0521125
150452396156915,31.188363,-0.1656875,0.1684375,0.1225125
150452406157607,31.198364,-0.1681625,0.0658625,0.2728
150452416158453,31.208364,-0.1522125,-0.0380875,0.3535125
150452426159367,31.218365,-0.1412125,-0.14795,0.3608
150452436160060,31.228366,-0.1326875,-0.24447499,0.2740375
150452446160999,31.238367,-0.106975,-0.282425,0.137225
150452456161845,31.248368,-0.072875,-0.2652375,-0.03135
150452466162771,31.258369,-0.0581625,-0.14795,-0.1645875
150452476163476,31.268369,-0.067925,-0.01485,-0.2391125
150452486164415,31.278370,-0.0814,0.113437496,-0.21835
150452496165275,31.288371,-0.1082125,0.180675,-0.11935
150452506166183,31.298372,-0.1254,0.158675,0.005225
150452516166871,31.308373,-0.1254,0.0474375,0.1189375
150452526167719,31.318374,-0.1131625,-0.1101375,0.2105125
150452536168625,31.328375,-0.0752125,-0.22495,0.22275
150452546169310,31.338375,-0.0374,-0.2212375,0.1837
150452556170166,31.348376,-0.006875,-0.1467125,0.16293749
150452566171156,31.358377,0.0103124995,0.02915,0.1530375
150452576172010,31.368378,0.0273625,0.1733875,0.1640375
150452586172704,31.378379,0.0396,0.2184875,0.2080375
150452596173546,31.388380,0.056649998,0.15619999,0.2520375
150452606174467,31.398380,0.0738375,0.0121,0.280225
150452616175385,31.408381,0.0713625,-0.0611875,0.2960375
150452626176079,31.418382,0.0554125,-0.09295,0.3020875
150452636177017,31.428383,0.0383625,-0.0759,0.2985125
150452646177842,31.438384,0.0334125,-0.06985,0.280225
150452656178549,31.448385,0.034649998,-0.06985,0.2154625
150452666179460,31.458385,0.0506,-0.111375,0.1079375
150452676180304,31.468386,0.054175,-0.0881375,-0.0045375
150452686181227,31.478387,0.042075,-0.0319,-0.1010625
150452696181925,31.488388,0.0433125,0.004675,-0.1706375
150452706182868,31.498389,0.0616,0.0413875,-0.2036375
150452716183727,31.508390,0.0726,0.10615,-0.1621125
150452726184626,31.518391,0.0946,0.097625,-0.0631125
150452736185327,31.528391,0.1104125,0.108625,0.0847
150452746186252,31.538392,0.1166,0.0743875,0.2385625
150452756187072,31.548393,0.12265,0.0218625,0.3645125
150452766187753,31.558394,0.136125,-0.062425,0.3840375
150452776188671,31.568395,0.1373625,-0.1236125,0.3388
150452786189592,31.578396,0.1238875,-0.1309,0.2508
150452796190214,31.588396,0.0946,-0.084425,0.1665125
150452806191122,31.598397,0.0603625,0.0083875,0.14093749
150452816192061,31.608398,0.0298375,0.0658625,0.1287
150452826192890,31.618399,0.0323125,0.0988625,0.0847
150452836193813,31.628400,0.0444125,0.0243375,-0.0105875
150452846194512,31.638401,0.070125,-0.0746625,-0.127875
150452856195455,31.648401,0.0726,-0.11495,-0.2464
150452866196314,31.658402,0.045649998,-0.0501875,-0.3196875
150452876197233,31.668403,0.020075,0.01815,-0.3526875
150452886197925,31.678404,0.031075,0.0694375,-0.359975
150452896198742,31.688405,0.0823625,0.0878625,-0.3344
150452906199679,31.698406,0.1496,0.026675,-0.3172125
150452916200373,31.708406,0.214225,0.0108624995,-0.2976875
150452926201307,31.718407,0.24365,0.086625,-0.26221249
150452936202165,31.728408,0.2374625,0.164725,-0.18287499
150452946202850,31.738409,0.2094125,0.2209625,-0.0595375
150452956203773,31.748410,0.1837,0.208725,0.0859375
150452966204710,31.758411,0.16665,0.1403875,0.214225
150452976205570,31.768412,0.1483625,0.0671,0.3460875
150452986206278,31.778412,0.1324125,0.0011,0.441375
150452996207201,31.788413,0.1153625,-1.375E-4,0.47808748
150453006208124,31.798414,0.1056,0.00715,0.4719
150453016208953,31.808415,0.1043625,0.0328625,0.391325
150453026209876,31.818416,0.11165,0.0023375,0.2545125
150453036210565,31.828417,0.12265,-0.034375,0.1029875
150453046211395,31.838417,0.1373625,-0.0416625,-0.0253
150453056212314,31.848418,0.16293749,-0.0526625,-0.127875
150453066213026,31.858419,0.1984125,-0.0380875,-0.2061125
150453076213935,31.868420,0.2264625,-0.01485,-0.2696375
150453086214795,31.878421,0.247225,0.004675,-0.2891625
150453096215708,31.888422,0.2607,0.0341,-0.2842125
150453106216414,31.898422,0.2607,0.0743875,-0.2671625
150453116217353,31.908423,0.2399375,0.0561,-0.2011625
150453126218199,31.918424,0.22893749,0.0451,-0.1144
150453136219106,31.928425,0.22893749,0.0243375,-0.0521125
150453146219799,31.938426,0.219175,0.05115,0.032175
150453156220633,31.948427,0.1984125,0.081675,0.109175
150453166221540,31.958428,0.202125,0.0829125,0.1579875
150453176222463,31.968428,0.2094125,0.037675,0.1640375
150453186223185,31.978429,0.2179375,0.0133375,0.121275
150453196224103,31.988430,0.1934625,0.003575,0.0589875
150453206224948,31.998431,0.1544125,0.0243375,-0.0033
150453216225871,32.008432,0.0908875,0.0438625,-0.044825
150453226226563,32.018433,0.0396,0.05115,-0.1023
150453236227488,32.028433,0.02365,0.0121,-0.1706375
150453246228344,32.038434,0.0298375,-0.018424999,-0.2501125
150453256229046,32.048435,0.037125,-0.029424999,-0.3356375
150453266229941,32.058436,0.0286,0.0011,-0.3856875
150453276230801,32.068437,5.5E-4,0.1269125,-0.38445
150453286231712,32.078438,-0.032449998,0.197725,-0.3392125
150453296232640,32.088439,-0.0484,0.1879625,-0.2501125
150453306233353,32.098439,-0.0496375,0.086625,-0.176825
150453316234263,32.108440,-0.023924999,0.0364375,-0.116875
150453326235107,32.118441,0.0053625,-0.0221375,-0.116875
150453336236035,32.128442,0.01265,-0.023375,-0.0363
150453346236727,32.138443,-0.0166375,0.0768625,0.09075
150453356237656,32.148444,-0.0521125,0.142725,0.2165625
150453366238486,32.158444,-0.078925,0.103675,0.325325
150453376239195,32.168445,-0.0776875,0.0144375,0.369325
150453386240118,32.178446,-0.0752125,-0.139425,0.33275
150453396241041,32.188447,-0.0606375,-0.2701875,0.1909875
150453406241974,32.198448,-0.0411125,-0.2787125,-0.027775
150453416242803,32.208449,-0.0386375,-0.1846625,-0.2244
150453426243496,32.218449,-0.054449998,-0.013612499,-0.34045
150453436244436,32.228450,-0.0814,0.1879625,-0.3636875
150453446245373,32.238451,-0.093637496,0.3064875,-0.303875
150453456246214,32.248452,-0.084975,0.302775,-0.1791625
150453466247135,32.258453,-0.084975,0.1819125,-0.0460625
150453476247824,32.268454,-0.072875,-0.0050875,0.0529375
150453486248671,32.278455,-0.0594,-0.150425,0.1335125
150453496249592,32.288456,-0.0666875,-0.1907125,0.18975
150453506250515,32.298457,-0.07645,-0.1529,0.22275
150453516251217,32.308457,-0.07645,-0.07095,0.2264625
150453526252137,32.318458,-0.0594,0.0023375,0.203225
150453536252983,32.328459,-0.0312125,0.0169125,0.15675
150453546253889,32.338460,-0.0191125,0.0438625,0.109175
150453556254813,32.348461,-0.039875,0.0682,0.0944625
150453566255505,32.358462,-0.0924,0.081675,0.132275
150453576256411,32.368462,-0.1571625,0.0792,0.1848
150453586257334,32.378463,-0.19745,0.0438625,0.1909875
150453596258178,32.388464,-0.20845,-0.023375,0.154275
150453606259101,32.398465,-0.212025,-0.139425,0.0699875
150453616259796,32.408466,-0.1705,-0.22247499,-0.0485375
150453626260705,32.418467,-0.1021625,-0.1859,-0.1876875
150453636261560,32.428468,-0.054449998,-0.0686125,-0.2891625
150453646262481,32.438468,-0.023924999,0.0768625,-0.3196875
150453656263414,32.448469,-6.875E-4,0.1733875,-0.315975
150453666264107,32.458470,0.0396,0.20019999,-0.2941125
150453676265032,32.468471,0.087175,0.147675,-0.28545
150453686265864,32.478472,0.1263625,0.078099996,-0.28545
150453696266780,32.488473,0.1434125,0.059675,-0.292875
150453706267699,32.498474,0.1519375,0.0963875,-0.2952125
150453716268404,32.508474,0.14093749,0.1843875,-0.26345
150453726269329,32.518475,0.109175,0.269775,-0.1584
150453736270239,32.528476,0.0859375,0.307725,-0.005775
150453746271085,32.538477,0.081125,0.26125,0.1640375
150453756272025,32.548478,0.087175,0.1819125,0.3070375
150453766272948,32.558479,0.08965,0.113437496,0.38885
150453776273640,32.568480,0.0774125,0.0561,0.4230875
150453786274565,32.578481,0.0396,0.042625,0.4158
150453796275488,32.588481,-6.875E-4,0.070675,0.3498
150453806276325,32.598482,-0.0191125,0.1269125,0.2410375
150453816277246,32.608483,-0.0226875,0.1574375,0.115225
150453826277940,32.618484,-0.0154,0.1684375,-0.0081124995
150453836278863,32.628485,4.125E-4,0.1709125,-0.1071125
150453846279786,32.638486,0.0114124995,0.1599125,-0.18287499
150453856280709,32.648487,0.031075,0.1342,-0.2536875
150453866281556,32.658488,0.054175,0.1073875,-0.331925
150453876282496,32.668488,0.0848375,0.091437496,-0.4272125
150453886283419,32.678489,0.1166,0.0743875,-0.535975
150453896284087,32.688490,0.142175,0.113437496,-0.601975
150453906285018,32.698491,0.1678875,0.169675,-0.61654997
150453916285955,32.708492,0.1837,0.2074875,-0.5713125
150453926286801,32.718493,0.1813625,0.2270125,-0.45045
150453936287723,32.728494,0.153175,0.22825,-0.2426875
150453946288646,32.738495,0.103125,0.1232,-0.0070125
150453956289569,32.748496,0.0628375,-0.040425,0.165275
150453966290263,32.758496,0.042075,-0.2237125,0.2044625
150453976291191,32.768497,0.0358875,-0.38747498,0.1299375
150453986292114,32.778498,0.059125,-0.4228125,-0.03135
150453996292945,32.788499,0.0749375,-0.3422375,-0.21835
150454006293867,32.798500,0.065175,-0.1749,-0.3416875
150454016294795,32.808501,0.0248875,0.0462,-0.375925
150454026295718,32.818502,-0.0191125,0.2552,-0.3221625
150454036296636,32.828503,-0.061875,0.3309625,-0.177925
150454046297328,32.838503,-0.095975,0.2369125,0.0419375
150454056298258,32.848504,-0.1021625,0.0561,0.2398
150454066299191,32.858505,-0.0814,-0.144375,0.325325
150454076300109,32.868506,-0.0594,-0.233475,0.34485
150454086300960,32.878507,-0.054449998,-0.24695,0.3350875
150454096301876,32.888508,-0.0496375,-0.2079,0.3130875
150454106302794,32.898509,-0.0276375,-0.1076625,0.2728
150454116303703,32.908510,0.0176,-0.0306625,0.198275
150454126304409,32.918510,0.056649998,0.0939125,0.14093749
150454136305563,32.928512,0.056649998,0.22825,0.1299375
150454146306268,32.938512,0.0358875,0.296725,0.181225
150454156307191,32.948513,-6.875E-4,0.3114375,0.2960375
150454166308114,32.958514,-0.0361625,0.23925,0.4158
150454176309037,32.968515,-0.0521125,0.0768625,0.46461248
150454186309955,32.978516,-0.0496375,-0.0306625,0.4268
150454196310878,32.988517,-0.0556875,-0.122375,0.32175
150454206311741,32.998518,-0.050875,-0.150425,0.192225
150454216312650,33.008519,-0.0704,-0.0636625,0.098175
150454226313587,33.018520,-0.1082125,0.0658625,0.0589875
150454236314525,33.028521,-0.139975,0.19167499,0.060225
150454246315235,33.038521,-0.1607375,0.279675,0.087175
150454256316153,33.048522,-0.161975,0.23925,0.0884125
150454266317076,33.058523,-0.155925,0.147675,0.05775
150454276318004,33.068524,-0.1546875,0.0474375,4.125E-4
150454286318955,33.078525,-0.14245,-0.0209,-0.0790625
150454296319878,33.088526,-0.1364,-0.0600875,-0.1511125
150454306320796,33.098527,-0.1216875,-0.023375,-0.2231625
150454316321711,33.108528,-0.095975,0.0474375,-0.2696375
150454326322557,33.118529,-0.0801625,0.1524875,-0.270875
150454336323480,33.128529,-0.0704,0.21725,-0.2366375
150454346324398,33.138530,-0.0704,0.219725,-0.17435
150454356325410,33.148531,-0.07645,0.142725,-0.1035375
150454366326256,33.158532,-0.0776875,0.048675,-0.0375375
150454376327165,33.168533,-0.0752125,-0.007425,0.0284625
150454386328088,33.178534,-0.067925,-0.028324999,0.088275
150454396328996,33.188535,-0.0581625,0.0059125,0.1555125
150454406329906,33.198536,-0.0532125,0.0561,0.226325
150454416330814,33.208537,-0.0471625,0.0902,0.2960375
150454426331722,33.218538,-0.028875,0.0694375,0.3095125
150454436332631,33.228539,0.0028875,0.0231,0.25575
150454446333325,33.238539,0.0224125,-0.00385,0.1689875
150454456334491,33.248540,0.021175,0.0034375,0.0834625
150454466335414,33.258541,0.009075,0.0231,0.0284625
150454476336323,33.268542,-0.02035,0.0474375,0.0187
150454486337020,33.278543,-0.050875,0.0768625,0.0174625
150454496337941,33.288544,-0.0606375,0.0413875,-0.00935
150454506338868,33.298545,-0.045925,-0.036849998,-0.071775
150454516339796,33.308546,-0.02035,-0.10395,-0.176825
150454526340705,33.318547,0.0138875,-0.117425,-0.314875
150454536341628,33.328548,0.037125,-0.0856625,-0.4211625
150454546342565,33.338549,0.0578875,0.0144375,-0.474925
150454556343488,33.348549,0.0628375,0.109725,-0.47245
150454566344411,33.358550,0.0639375,0.20625,-0.3894
150454576345320,33.368551,0.0554125,0.25025,-0.24035
150454586346229,33.378552,0.043175,0.2124375,-0.05335
150454596347152,33.388553,0.042075,0.1049125,0.1067
150454606348094,33.398554,0.0408375,-0.036849998,0.203225
150454616349046,33.408555,0.0444125,-0.1821875,0.214225
150454626349955,33.418556,0.056649998,-0.2506625,0.143275
150454636350878,33.428557,0.0578875,-0.2091375,0.038225
150454646351801,33.438558,0.0529375,-0.06985,-0.050875
150454656352738,33.448559,0.043175,0.097625,-0.1010625
150454666353661,33.458560,0.037125,0.18425,-0.0851125
150454676354569,33.468561,0.0396,0.169675,-0.03135
150454686355498,33.478561,0.045649998,0.0829125,0.0089375
150454696356421,33.488562,0.0554125,-0.0526625,0.0114124995
150454706357344,33.498563,0.0639375,-0.1821875,-0.0400125
150454716358496,33.508564,0.0836,-0.2299,-0.1353
150454726359390,33.518565,0.1067,-0.1749,-0.2316875
150454736360084,33.528566,0.1287,-0.0661375,-0.2891625
150454746361236,33.538567,0.1494625,0.0389125,-0.3001625
150454756362174,33.548568,0.1654125,0.0682,-0.28545
150454766363111,33.558569,0.1739375,0.0633875,-0.2794
150454776363786,33.568570,0.1727,0.0584375,-0.3014
150454786364924,33.578571,0.1568875,0.059675,-0.3136375
150454796365847,33.588572,0.136125,0.0451,-0.298925
150454806366742,33.598573,0.1104125,0.042625,-0.2476375
150454816367665,33.608574,0.095699996,0.059675,-0.171875
150454826368560,33.618575,0.1043625,0.081675,-0.066825
150454836369485,33.628575,0.12265,0.08415,0.049225
150454846370415,33.638576,0.1434125,0.0743875,0.154275
150454856371333,33.648577,0.147125,0.0829125,0.220275
150454866372256,33.658578,0.1299375,0.0669625,0.2618
150454876373271,33.668579,0.0933625,0.04015,0.2800875
150454886374196,33.678580,0.045649998,-0.0050875,0.2800875
150454896375131,33.688581,0.00165,-0.062425,0.237325
150454906376057,33.698582,-0.0226875,-0.0991375,0.16775
150454916376966,33.708583,-0.03135,-0.13695,0.082225
150454926377889,33.718584,-0.023924999,-0.1076625,0.0064625
150454936378812,33.728585,-0.023924999,-0.058849998,-0.0325875
150454946379754,33.738586,-0.03135,-0.0196625,-0.0510125
150454956380903,33.748587,-0.0411125,-0.00385,-0.0411125
150454966381824,33.758588,-0.0556875,-0.017324999,-0.0240625
150454976382752,33.768589,-0.0666875,-0.0636625,-0.011825
150454986383675,33.778590,-0.0752125,-0.117425,-0.0020625
150454996384598,33.788591,-0.078925,-0.144375,0.010175
150455006385535,33.798592,-0.083875,-0.1211375,0.0369875
150455016386458,33.808592,-0.0814,-0.0746625,0.0809875
150455026387446,33.818593,-0.07645,-0.051425,0.117699996
150455036388370,33.828594,-0.06545,-0.0196625,0.1287
150455046389278,33.838595,-0.0521125,-0.001375,0.1005125
150455056390187,33.848596,-0.04235,0.0108624995,0.060225
150455066391110,33.858597,-0.043449998,0.0231,0.0345125
150455076392257,33.868598,-0.0471625,0.0193875,0.0199375
150455086393180,33.878599,-0.0484,0.0303875,0.0187
150455096394103,33.888600,-0.054449998,0.0584375,0.0089375
150455106395028,33.898601,-0.0521125,0.0743875,-0.0105875
150455116395943,33.908602,-0.0484,0.0658625,-0.0375375
150455126396940,33.918603,-0.0484,0.031625,-0.0631125
150455136397868,33.928604,-0.054449998,-0.001375,-0.09735
150455146398791,33.938605,-0.06435,-0.0209,-0.1266375
150455156399719,33.948606,-0.0716375,-0.0356125,-0.14135
150455166400638,33.958607,-0.0752125,-0.017324999,-0.13035
150455176401791,33.968608,-0.0691625,0.0083875,-0.105875
150455186402707,33.978609,-0.0471625,0.0144375,-0.060775
150455196403645,33.988610,-0.023924999,0.01815,-0.01925
150455206404568,33.998611,-0.001925,0.020624999,0.0284625
150455216405566,34.008612,0.0028875,0.0242,0.0834625
150455226406503,34.018613,-0.0056375,0.0279125,0.148225
150455236407426,34.028613,-0.017875,0.0169125,0.203225
150455246408344,34.038614,-0.0325875,-0.006325,0.23127499
150455256409487,34.048615,-0.0496375,-0.029424999,0.2398
150455266410424,34.058616,-0.0752125,-0.034375,0.2580875
150455276411347,34.068617,-0.1021625,-0.0221375,0.2825625
150455286412369,34.078618,-0.133925,-0.006325,0.314325
150455296413283,34.088619,-0.1632125,0.0034375,0.3400375
150455306414205,34.098620,-0.1815,-0.001375,0.342375
150455316415357,34.108621,-0.183975,-0.023375,0.3130875
150455326416285,34.118622,-0.1815,-0.0600875,0.270325
150455336417213,34.128623,-0.1742125,-0.0661375,0.2215125
150455346418136,34.138624,-0.1607375,-0.0710875,0.16775
150455356419050,34.148625,-0.144925,-0.0466125,0.12979999
150455366420057,34.158626,-0.1266375,-0.029424999,0.10175
150455376420980,34.168627,-0.1131625,-0.0221375,0.060225
150455386422132,34.178628,-0.1082125,-0.013612499,0.0064625
150455396423060,34.188629,-0.116875,0.0169125,-0.0460625
150455406423997,34.198630,-0.1376375,0.0438625,-0.0790625
150455416424916,34.208631,-0.1596375,0.064625,-0.071775
150455426425855,34.218632,-0.1766875,0.098725,-0.0363
150455436426869,34.228633,-0.1804,0.097625,0.01375
150455446428023,34.238634,-0.161975,0.06215,0.04675
150455456428924,34.248635,-0.13145,0.009625,0.0407
150455466429948,34.258636,-0.094875,-0.036849998,-0.005775
150455476430780,34.268637,-0.061875,-0.0686125,-0.1095875
150455486431702,34.278638,-0.0471625,-0.073425,-0.242825
150455496432719,34.288639,-0.0361625,-0.02585,-0.3746875
150455506433871,34.298640,-0.0276375,0.06215,-0.4651625
150455516434794,34.308641,-0.0276375,0.1744875,-0.4651625
150455526435717,34.318642,-0.0226875,0.2649625,-0.3906375
150455536436748,34.328643,-0.0226875,0.269775,-0.231825
150455546437666,34.338644,-0.0166375,0.20019999,-0.0143
150455556438595,34.348645,-0.00935,0.06215,0.1750375
150455566439746,34.358646,-0.006875,-0.084425,0.2666125
150455576440655,34.368647,0.0078375,-0.1566125,0.2360875
150455586441602,34.378648,0.0053625,-0.22013749,0.093225
150455596442607,34.388649,0.02365,-0.1797125,-0.1010625
150455606443532,34.398650,0.059125,-0.095425,-0.2671625
150455616444469,34.408650,0.0908875,0.0059125,-0.358875
150455626445392,34.418651,0.120175,0.0939125,-0.3526875
150455636446566,34.428653,0.1384625,0.1293875,-0.265925
150455646447473,34.438653,0.147125,0.1109625,-0.1401125
150455656448494,34.448654,0.14465,0.06215,-0.0020625
150455666449431,34.458655,0.1348875,0.0011,0.1225125
150455676450330,34.468656,0.1104125,-0.058849998,0.20075
150455686451484,34.478657,0.0823625,-0.086899996,0.23127499
150455696452405,34.488658,0.0664125,-0.0856625,0.2190375
150455706453393,34.498659,0.059125,-0.0490875,0.176275
150455716454316,34.508660,0.059125,-1.375E-4,0.1115125
150455726455458,34.518661,0.065175,0.0523875,0.027224999
150455736456386,34.528662,0.07865,0.1183875,-0.071775
150455746457309,34.538663,0.08965,0.16115,-0.1486375
150455756458282,34.548664,0.098175,0.1304875,-0.193875
150455766459205,34.558665,0.1043625,0.075625,-0.2110625
150455776460139,34.568666,0.1079375,0.0352,-0.2085875
150455786461266,34.578667,0.1079375,0.031625,-0.2061125
150455796462175,34.588668,0.0994125,0.048675,-0.19635
150455806463162,34.598669,0.1018875,0.092675,-0.15235
150455816464076,34.608670,0.103125,0.1524875,-0.049775
150455826465228,34.618671,0.0798875,0.1879625,0.099275
150455836466122,34.628672,0.054175,0.164725,0.253275
150455846467055,34.638673,0.0309375,0.124437496,0.3680875
150455856468055,34.648674,0.021175,0.0474375,0.3938
150455866468965,34.658675,0.026124999,-0.064899996,0.342375
150455876470117,34.668676,0.048125,-0.1126125,0.2385625
150455886471040,34.678677,0.076175,-0.0991375,0.087037496
150455896472045,34.688678,0.0847,0.0059125,-0.033825
150455906472970,34.698679,0.081125,0.125675,-0.07535
150455916474122,34.708680,0.0749375,0.1794375,-0.06435
150455926475045,34.718681,0.092125,0.1403875,-0.0705375
150455936475982,34.728682,0.12265,0.026675,-0.1181125
150455946476984,34.738683,0.1519375,-0.095425,-0.20487499
150455956477917,34.748684,0.15565,-0.1357125,-0.2574
150455966479069,34.758685,0.1324125,-0.062425,-0.24035
150455976479986,34.768686,0.1128875,0.0413875,-0.15853749
150455986481010,34.778687,0.1079375,0.102437496,-0.06325
150455996481930,34.788688,0.13365,0.097625,-0.0143
150456006483106,34.798689,0.1727,0.015675,-0.049775
150456016484020,34.808690,0.2167,-0.0820875,-0.1645875
150456026485034,34.818691,0.230175,-0.10395,-0.3051125
150456036485974,34.828692,0.2044625,-0.0319,-0.4114
150456046487135,34.838693,0.15565,0.102437496,-0.4321625
150456056488058,34.848694,0.109175,0.2050125,-0.37345
150456066489053,34.858695,0.076175,0.2259125,-0.2671625
150456076489974,34.868696,0.073699996,0.1524875,-0.1780625
150456086490898,34.878697,0.0933625,0.0328625,-0.1401125
150456096492049,34.888698,0.1128875,-0.064899996,-0.1535875
150456106493049,34.898699,0.125125,-0.086899996,-0.1890625
150456116493958,34.908700,0.117699996,-0.0075625,-0.2013
150456126495111,34.918701,0.109175,0.1109625,-0.1560625
150456136496049,34.928702,0.10065,0.2160125,-0.0510125
150456146496972,34.938703,0.114125,0.2784375,0.0699875
150456156497955,34.948704,0.147125,0.25025,0.1530375
150456166499109,34.958705,0.175175,0.1452,0.1579875
150456176500020,34.968706,0.2094125,0.0499125,0.0650375
150456186501030,34.978707,0.208175,-0.0111375,-0.06325
150456196501941,34.988708,0.1898875,0.0364375,-0.160875
150456206502859,34.998709,0.1544125,0.1379125,-0.160875
150456216504003,35.008710,0.1263625,0.2429625,-0.05335
150456226504996,35.018711,0.1104125,0.2869625,0.0834625
150456236505921,35.028712,0.098175,0.24419999,0.220275
150456246507073,35.038713,0.095699996,0.136675,0.26785
150456256507987,35.048714,0.1079375,0.0279125,0.198275
150456266508989,35.058715,0.1164625,-0.0111375,0.0565125
150456276509912,35.068716,0.114125,0.0169125,-0.088825
150456286511066,35.078717,0.1128875,0.1194875,-0.1645875
150456296511987,35.088718,0.114125,0.2039125,-0.1670625
150456306512974,35.098719,0.1274625,0.1794375,-0.1695375
150456316513903,35.108720,0.1617,0.109725,-0.2305875
150456326515062,35.118721,0.17765,-0.0429,-0.380875
150456336515978,35.128722,0.225225,-0.2066625,-0.62273747
150456346516978,35.138723,0.3059375,-0.1821875,-0.8438375
150456356518129,35.148724,0.3474625,-0.013612499,-0.9783125
150456366519050,35.158725,0.3449875,0.23925,-1.011175
150456376520050,35.168726,0.3144625,0.43725,-0.8756
150456386520989,35.178727,0.28393748,0.523875,-0.6422625
150456396522143,35.188728,0.28875,0.484825,-0.408925
150456406523079,35.198729,0.3205125,0.2930125,-0.2451625
150456416524064,35.208730,0.385275,0.064625,-0.2256375
150456426525220,35.218731,0.4488,-0.11495,-0.3246375
150456436526156,35.228732,0.4940375,-0.1076625,-0.38445
150456446527143,35.238733,0.4940375,-0.0086624995,-0.3271125
150456456528066,35.248734,0.4598,0.114675,-0.165825
150456466529211,35.258735,0.4024625,0.274725,0.073699996
150456476530132,35.268736,0.319275,0.318725,0.3608
150456486531126,35.278737,0.21175,0.25025,0.6161375
150456496532275,35.288738,0.11165,0.0584375,0.800525
150456506533203,35.298739,0.0444125,-0.22013749,0.80905
150456516534198,35.308740,0.0163625,-0.44,0.649
150456526535128,35.318741,0.004125,-0.495,0.3961375
150456536536265,35.328742,-0.03135,-0.4142875,0.149325
150456546537188,35.338743,-0.089925,-0.2212375,-0.0070125
150456556538195,35.348744,-0.1571625,-1.375E-4,-0.07425
150456566539104,35.358745,-0.2231625,0.1232,-0.07535
150456576540267,35.368746,-0.2585,0.1109625,-0.0875875
150456586541193,35.378747,-0.2426875,-0.028324999,-0.1780625
150456596542209,35.388748,-0.2244,-0.2652375,-0.3441625
150456606543356,35.398749,-0.19139999,-0.3727625,-0.48221248
150456616544279,35.408750,-0.205975,-0.2616625,-0.5421625
150456626545281,35.418751,-0.2756875,-0.0686125,-0.507925
150456636546433,35.428752,-0.3757875,-0.0026125,-0.3551625
150456646547356,35.438753,-0.4417875,-0.108899996,-0.15235
150456656548356,35.448754,-0.4577375,-0.2982375,0.0187
150456666549287,35.458755,-0.4307875,-0.5182375,0.0419375
150456676550201,35.468756,-0.3722125,-0.608575,-0.052249998
150456686551349,35.478757,-0.3196875,-0.5438125,-0.154825
150456696552345,35.488758,-0.2915,-0.382525,-0.1890625
150456706553273,35.498759,-0.2866875,-0.2079,-0.1340625
150456716554441,35.508760,-0.29273748,-0.1016125,-0.00825
150456726555424,35.518761,-0.2866875,-0.1101375,0.1188
150456736556350,35.528762,-0.26345,-0.2299,0.1445125
150456746557269,35.538763,-0.2402125,-0.3337125,0.027224999
150456756558497,35.548764,-0.21945,-0.3887125,-0.187825
150456766559399,35.558765,-0.205975,-0.3972375,-0.435875
150456776560550,35.568767,-0.2011625,-0.327525,-0.597025
150456786561545,35.578768,-0.2096875,-0.216425,-0.63855
150456796562471,35.588768,-0.2096875,-0.1101375,-0.6177875
150456806563622,35.598770,-0.19745,-0.0380875,-0.551925
150456816564541,35.608771,-0.1596375,0.0132,-0.469975
150456826565536,35.618772,-0.122925,0.0023375,-0.37345
150456836566461,35.628772,-0.09735,-0.0759,-0.2550625
150456846567627,35.638774,-0.1034,-0.1736625,-0.1401125
150456856568627,35.648775,-0.1106875,-0.2237125,-0.0680625
150456866569562,35.658776,-0.1034,-0.21395,-0.0290125
150456876570485,35.668776,-0.078925,-0.1676125,0.0064625
150456886571639,35.678778,-0.034925,-0.1101375,0.0455125
150456896572574,35.688779,0.0199375,-0.0636625,0.098037496
150456906573815,35.698780,0.070125,-0.0526625,0.1700875
150456916574738,35.708781,0.1054625,-0.0576125,0.22385
150456926575661,35.718782,0.1189375,-0.1101375,0.2470875
150456936576673,35.728783,0.1043625,-0.1871375,0.2385625
150456946577820,35.738784,0.0834625,-0.288475,0.143275
150456956578733,35.748785,0.059125,-0.3031875,-0.0155375
150456966579656,35.758786,0.0383625,-0.22013749,-0.20253749
150456976580887,35.768787,0.02365,-0.056375,-0.3111625
150456986581824,35.778788,0.0176,0.180675,-0.2660625
150456996582834,35.788789,0.034649998,0.4690125,-0.041249998
150457006583978,35.798790,0.0383625,0.6351125,0.3619
150457016584896,35.808791,0.0066,0.6510625,0.891
150457026585819,35.818792,-0.0496375,0.5251125,1.4139125
150457036586821,35.828793,-0.061875,0.38953748,1.732775
150457046587973,35.838794,-0.0301125,0.3333,1.826825
150457056588968,35.848795,-0.0191125,0.2222,1.7461125
150457066589825,35.858796,-0.001925,0.1293875,1.5470124
150457076590825,35.868797,4.125E-4,0.098725,1.2513875
150457086591963,35.878798,-0.0056375,0.1709125,0.91905
150457096592881,35.888799,-0.023924999,0.2894375,0.6001875
150457106593868,35.898800,-0.045925,0.29425,0.31185
150457116594796,35.908801,-0.0655875,0.28325,0.099275
150457126595965,35.918802,-0.0826375,0.30153748,-0.0045375
150457136596979,35.928803,-0.104637496,0.2662,2.75E-4
150457146597902,35.938804,-0.122925,0.124437496,0.104225
150457156599061,35.948805,-0.1326875,-0.1687125,0.1689875
150457166600059,35.958806,-0.1302125,-0.5707625,0.011275
150457176600974,35.968807,-0.0924,-0.9604375,-0.4296875
150457186602123,35.978808,-0.001925,-1.0740125,-1.0613625
150457196603049,35.988809,0.0639375,-0.7673875,-1.667325
150457206604041,35.998810,0.0859375,-0.1296625,-2.0117624
150457216604960,36.008811,0.07865,0.6070625,-2.0277126
150457226606099,36.018812,0.070125,1.08955,-1.706375
150457236607073,36.028813,0.1018875,1.2606,-1.110175
150457246607993,36.038814,0.1519375,1.092025,-0.40039998
150457256609142,36.048815,0.1824625,0.677875,0.2690875
150457266610155,36.058816,0.159225,0.1989625,0.748
150457276611094,36.068817,0.0908875,-0.2677125,1.0058125
150457286612241,36.078818,0.0248875,-0.597575,1.06205
150457296613164,36.088819,-0.017875,-0.7013875,0.921525
150457306614174,36.098820,-0.0325875,-0.6048625,0.6479
150457316615099,36.108821,-0.0081124995,-0.341,0.309375
150457326616243,36.118822,0.037125,0.0144375,0.0089375
150457336617241,36.128823,0.0724625,0.329725,-0.1645875
150457346618157,36.138824,0.08965,0.5435375,-0.220825
150457356619318,36.148825,0.07865,0.63635,-0.1731125
150457366620237,36.158826,0.0419375,0.5325375,-0.0325875
150457376621160,36.168827,-0.0056375,0.3212,0.1225125
150457386622382,36.178828,-0.0374,0.0474375,0.23127499
150457396623323,36.188829,-0.039875,-0.1687125,0.2520375
150457406624337,36.198830,-0.0031625,-0.2506625,0.1750375
150457416625253,36.208831,0.0616,-0.1736625,0.0369875
150457426626185,36.218832,0.126225,0.0144375,-0.0925375
150457436627314,36.228833,0.1689875,0.2270125,-0.1645875
150457446628237,36.238834,0.2019875,0.41525,-0.1695375
150457456629468,36.248835,0.22893749,0.5031125,-0.1035375
150457466630395,36.258836,0.236225,0.4995375,0.0174625
150457476631409,36.268837,0.2167,0.4090625,0.1530375
150457486632563,36.278839,0.1764125,0.25753748,0.25685
150457496633472,36.288839,0.1164625,0.12815,0.31913748
150457506634391,36.298840,0.054175,0.026675,0.32285
150457516635402,36.308841,0.01265,-0.0209,0.259325
150457526636330,36.318842,-0.0031625,-0.001375,0.1628
150457536637487,36.328843,-8.25E-4,0.08415,0.0517
150457546638501,36.338845,0.010175,0.219725,-0.022824999
150457556639441,36.348845,0.0114124995,0.3443,-0.0143
150457566640605,36.358847,-0.0105875,0.390775,0.087037496
150457576641526,36.368848,-0.0471625,0.33825,0.2215125
150457586642528,36.378849,-0.0851125,0.2112,0.3375625
150457596643451,36.388849,-0.1192125,0.0682,0.4059
150457606644604,36.398851,-0.1436875,-0.047849998,0.44385
150457616645536,36.408852,-0.1571625,-0.111375,0.452375
150457626646538,36.418853,-0.14739999,-0.1040875,0.430375
150457636647686,36.428854,-0.1241625,-0.0661375,0.3815625
150457646648655,36.438855,-0.089925,-0.0270875,0.3058
150457656649567,36.448856,-0.0496375,0.0364375,0.2055625
150457666650728,36.458857,-0.0374,0.0999625,0.10175
150457676651660,36.468858,-0.0446875,0.1329625,0.03575
150457686652589,36.478859,-0.0691625,0.1012,0.0089375
150457696653599,36.488860,-0.0996875,0.0328625,0.0039875
150457706654744,36.498861,-0.115637496,-0.0319,0.0077
150457716655666,36.508862,-0.1131625,-0.111375,-0.005775
150457726656663,36.518863,-0.0886875,-0.1786125,-0.049775
150457736657586,36.528864,-0.0666875,-0.161425,-0.0985875
150457746658709,36.538865,-0.045925,-0.089375,-0.1511125
150457756659618,36.548866,-0.0264,-0.0185625,-0.20253749
150457766660629,36.558867,-0.02035,0.0389125,-0.2171125
150457776661796,36.568868,-0.011825,0.0341,-0.1951125
150457786662714,36.578869,-0.011825,0.0169125,-0.1425875
150457796663709,36.588870,-0.02035,-0.01485,-0.0950125
150457806664634,36.598871,-0.0581625,0.00715,-0.0253
150457816665800,36.608872,-0.1326875,0.0328625,0.09075
150457826666738,36.618873,-0.2255,0.031625,0.2556125
150457836667738,36.628874,-0.304975,-0.0380875,0.424325
150457846668663,36.638875,-0.3465,-0.16995,0.5416125
150457856669815,36.648876,-0.34045,-0.3177625,0.5709
150457866670815,36.658877,-0.304975,-0.4448125,0.52085
150457876671724,36.668878,-0.2426875,-0.5022875,0.39985
150457886672891,36.678879,-0.1742125,-0.45581248,0.2605625
150457896673818,36.688880,-0.1241625,-0.31295,0.1518
150457906674820,36.698881,-0.09735,-0.1406625,0.0760375
150457916675758,36.708882,-0.0776875,0.0279125,0.0345125
150457926676910,36.718883,-0.0594,0.1342,0.0077
150457936677833,36.728884,-0.045925,0.114675,-0.010725
150457946678761,36.738885,-0.0301125,-0.034375,-0.0314875
150457956679743,36.748886,0.004125,-0.24695,-0.0815375
150457966680907,36.758887,0.043175,-0.3777125,-0.1731125
150457976681842,36.768888,0.0664125,-0.341,-0.27335
150457986682830,36.778889,0.0639375,-0.1821875,-0.32835
150457996683748,36.788890,0.043175,0.0242,-0.3014
150458006684902,36.798891,0.0163625,0.1794375,-0.187825
150458016685823,36.808892,-0.0264,0.2112,-8.25E-4
150458026686830,36.818893,-0.0556875,0.1219625,0.1799875
150458036687738,36.828894,-0.0666875,-0.0526625,0.24585
150458046688892,36.838895,-0.0691625,-0.210375,0.18975
150458056689819,36.848896,-0.0776875,-0.2872375,0.0504625
150458066690814,36.858897,-0.1106875,-0.2629,-0.08525
150458076691734,36.868898,-0.160875,-0.139425,-0.1450625
150458086692874,36.878899,-0.2206875,0.0364375,-0.115775
150458096693795,36.888900,-0.287925,0.1989625,0.0174625
150458106694795,36.898901,-0.3465,0.26125,0.1970375
150458116695965,36.908902,-0.3722125,0.1940125,0.3546125
150458126696886,36.918903,-0.3722125,0.04015,0.44385
150458136697814,36.928904,-0.355025,-0.14795,0.419375
150458146698802,36.938905,-0.3427875,-0.297,0.3168
150458156699702,36.948906,-0.3282125,-0.319,0.17875
150458166700857,36.958907,-0.315975,-0.2432375,0.0638
150458176701864,36.968908,-0.3122625,-0.0906125,0.0199375
150458186702793,36.978909,-0.3037375,0.031625,0.02475
150458196703939,36.988910,-0.2842125,0.081675,0.05775
150458206704887,36.998911,-0.25245,0.0218625,0.044275
150458216705810,37.008912,-0.205975,-0.0856625,-0.033825
150458226706812,37.018913,-0.1584,-0.19195,-0.171875
150458236707964,37.028914,-0.127875,-0.2322375,-0.3344
150458246708882,37.038915,-0.1131625,-0.2127125,-0.491975
150458256709810,37.048916,-0.116875,-0.1419,-0.6105
150458266710812,37.058917,-0.1192125,-0.0306625,-0.667975
150458276711735,37.068918,-0.1216875,0.0548625,-0.65945
150458286712874,37.078919,-0.10945,0.081675,-0.5897375
150458296713800,37.088920,-0.078925,0.08415,-0.4797375
150458306714797,37.098921,-0.0374,0.06215,-0.3564
150458316715749,37.108922,0.0089375,-0.0111375,-0.2366375
150458326716901,37.118923,0.037125,-0.0991375,-0.1145375
150458336717838,37.128924,0.0444125,-0.1797125,-0.011825
150458346718840,37.138925,0.037125,-0.22247499,0.0639375
150458356719763,37.148926,0.0286,-0.2396625,0.093225
150458366720930,37.158927,0.021175,-0.24447499,0.0809875
150458376721871,37.168928,0.0188375,-0.2237125,0.021175
150458386722862,37.178929,0.034649998,-0.2066625,-0.0705375
150458396723787,37.188930,0.0616,-0.205425,-0.1755875
150458406724938,37.198931,0.076175,-0.19813749,-0.253825
150458416725861,37.208932,0.070125,-0.1749,-0.2476375
150458426726771,37.218933,0.034649998,-0.12485,-0.1475375
150458436727771,37.228934,-0.017875,-0.086899996,0.0149875
150458446728719,37.238935,-0.0666875,-0.1051875,0.181225
150458456729864,37.248936,-0.0911625,-0.189475,0.2935625
150458466730785,37.258937,-0.0851125,-0.32999998,0.29479998
150458476731707,37.268938,-0.0496375,-0.465575,0.1628
150458486732712,37.278939,0.00165,-0.514525,-0.0485375
150458496733629,37.288940,0.0444125,-0.4252875,-0.264825
150458506734780,37.298941,0.0627,-0.2176625,-0.3991625
150458516735689,37.308942,0.0396,0.042625,-0.3711125
150458526736687,37.318943,0.0114124995,0.21725,-0.2220625
150458536737852,37.328944,-0.023924999,0.164725,-0.027775
150458546738747,37.338945,-0.028875,-0.034375,0.1029875
150458556739656,37.348946,-0.011825,-0.315425,0.0968
150458566740656,37.358947,0.010175,-0.561,-0.0485375
150458576741581,37.368948,0.0358875,-0.5572875,-0.2195875
150458586742489,37.378948,0.034649998,-0.3471875,-0.2721125
150458596743648,37.388950,0.02365,-0.0490875,-0.15853749
150458606744583,37.398951,-0.001925,0.2184875,0.10175
150458616745571,37.408952,-0.045925,0.2992,0.468325
150458626746498,37.418952,-0.072875,0.18315,0.7627125
150458636747421,37.428953,-0.0741125,-0.0576125,0.8787625
150458646748595,37.438955,-0.06545,-0.374,0.8042375
150458656749516,37.448956,-0.023924999,-0.608575,0.573375
150458666750527,37.458957,0.0199375,-0.6501,0.2776125
150458676751440,37.468957,0.0066,-0.453475,0.0504625
150458686752378,37.478958,-0.0484,-0.150425,-0.0485375
150458696753520,37.488960,-0.0924,0.136675,-0.044825
150458706754429,37.498960,-0.111925,0.2784375,0.0187
150458716755443,37.508961,-0.0924,0.2099625,0.0675125
150458726756363,37.518962,-0.050875,0.0023375,0.0394625
150458736757272,37.528963,4.125E-4,-0.177375,-0.060775
150458746758426,37.538964,0.021175,-0.2396625,-0.1621125
150458756759424,37.548965,-0.0056375,-0.1467125,-0.187825
150458766760349,37.558966,-0.0484,0.0328625,-0.1425875
150458776761272,37.568967,-0.0776875,0.1794375,-0.0143
150458786762196,37.578968,-0.056925,0.1892,0.1029875
150458796763339,37.588969,0.004125,0.102437496,0.1384625
150458806764280,37.598970,0.06765,-0.0429,0.087037496
150458816765271,37.608971,0.0969375,-0.12595,0.01375
150458826766186,37.618972,0.073699996,-0.0966625,-0.0033
150458836767114,37.628973,0.0199375,-0.0246125,0.071225
150458846768027,37.638974,-0.0215875,0.0743875,0.1958
150458856769181,37.648975,-0.0411125,0.1342,0.3130875
150458866770194,37.658976,-0.0411125,0.0853875,0.3729
150458876771119,37.668977,-0.023924999,-0.045375,0.342375
150458886772042,37.678978,-0.0191125,-0.1711875,0.24585
150458896773200,37.688979,-0.0044,-0.2629,0.0504625
150458906774121,37.698980,-0.0031625,-0.2409,-0.17435
150458916775051,37.708981,-0.03135,-0.064899996,-0.3306875
150458926776037,37.718982,-0.0716375,0.1684375,-0.3686375
150458936776975,37.728983,-0.0924,0.2992,-0.2976875
150458946777893,37.738984,-0.08745,0.285725,-0.176825
150458956779040,37.748985,-0.0471625,0.17325,-0.0790625
150458966779978,37.758986,-0.0166375,0.04015,-0.0375375
150458976780963,37.768987,-0.0081124995,-0.086899996,-0.0570625
150458986781888,37.778988,-0.0215875,-0.13695,-0.0741125
150458996782816,37.788989,-0.039875,-0.078375,-0.0460625
150459006783956,37.798990,-0.054449998,0.0011,0.005225
150459016784891,37.808991,-0.0594,0.0584375,0.0407
150459026785820,37.818992,-0.0386375,0.048675,0.0235125
150459036786834,37.828993,-0.0031625,0.009625,-0.05335
150459046787745,37.838994,0.0199375,0.0023375,-0.154825
150459056788682,37.848995,0.0273625,0.020624999,-0.2256375
150459066789834,37.858996,0.0176,0.0792,-0.2281125
150459076790757,37.868997,4.125E-4,0.12815,-0.1511125
150459086791675,37.878998,-0.0154,0.12815,-0.033825
150459096792690,37.888999,-0.0251625,0.0584375,0.071225
150459106793615,37.899000,-0.023924999,-0.0551375,0.104225
150459116794766,37.909001,-0.0154,-0.139425,0.0785125
150459126795689,37.919002,-0.0105875,-0.1711875,0.0297
150459136796603,37.929003,-0.014162499,-0.1566125,-0.0143
150459146797540,37.939004,-0.02035,-0.078375,-0.0290125
150459156798537,37.949005,-0.0276375,0.015675,0.0015125
150459166799460,37.959005,-0.0386375,0.0451,0.049225
150459176800393,37.969006,-0.0471625,0.004675,0.07975
150459186801547,37.979008,-0.0471625,-0.0661375,0.0589875
150459196802449,37.989008,-0.0446875,-0.084425,0.01375
150459206803357,37.999009,-0.06435,-0.0771375,-0.0105875
150459216804357,38.009010,-0.093637496,-0.0490875,0.032175
150459226805312,38.019011,-0.10945,-0.006325,0.1067
150459236806221,38.029012,-0.100925,0.0193875,0.1725625
150459246807373,38.039013,-0.078925,0.0144375,0.198275
150459256808315,38.049014,-0.04235,-0.0539,0.1445125
150459266809238,38.059015,4.125E-4,-0.11495,0.044275
150459276810162,38.069016,0.034649998,-0.111375,-0.0851125
150459286811167,38.079017,0.043175,-0.0526625,-0.1890625
150459296812095,38.089018,0.0358875,0.0451,-0.2330625
150459306813027,38.099019,0.02365,0.11715,-0.21835
150459316813936,38.109020,0.0138875,0.142725,-0.160875
150459326815094,38.119021,0.0078375,0.0694375,-0.113299996
150459336816015,38.129022,0.0309375,-0.051425,-0.1095875
150459346816940,38.139023,0.065175,-0.1296625,-0.1511125
150459356817931,38.149024,0.087175,-0.167475,-0.2220625
150459366818840,38.159025,0.0994125,-0.0831875,-0.2891625
150459376820008,38.169026,0.08965,0.0438625,-0.3014
150459386820929,38.179027,0.0859375,0.136675,-0.24035
150459396821834,38.189028,0.0847,0.124437496,-0.1475375
150459406822743,38.199029,0.0969375,0.0218625,-0.0840125
150459416823666,38.209030,0.1079375,-0.0991375,-0.0840125
150459426824661,38.219031,0.120175,-0.1309,-0.126775
150459436825581,38.229032,0.109175,-0.0746625,-0.1450625
150459446826504,38.239033,0.0616,0.0011,-0.077825
150459456827656,38.249034,0.0114124995,0.12815,0.0675125
150459466828579,38.259035,-0.0386375,0.164725,0.2190375
150459476829488,38.269035,-0.056925,0.0792,0.30085
150459486830411,38.279036,-0.039875,-0.058849998,0.292325
150459496831329,38.289037,-0.0166375,-0.216425,0.198275
150459506832336,38.299038,0.026124999,-0.3642375,0.0235125
150459516833254,38.309039,0.056649998,-0.363,-0.1731125
150459526834177,38.319040,0.056649998,-0.227425,-0.314875
150459536835109,38.329041,0.0408375,-0.0551375,-0.3881625
150459546836033,38.339042,0.034649998,0.0633875,-0.414975
150459556837186,38.349043,0.048125,0.136675,-0.3991625
150459566838108,38.359044,0.0774125,0.15015,-0.3686375
150459576839118,38.369045,0.0823625,0.11715,-0.2976875
150459586840043,38.379046,0.065175,0.05115,-0.1793
150459596840950,38.389047,0.0286,0.0218625,-0.0070125
150459606841875,38.399048,-0.023924999,-0.012375,0.170225
150459616843031,38.409049,-0.0411125,-0.0831875,0.2655125
150459626843959,38.419050,-0.0276375,-0.1639,0.226325
150459636844882,38.429051,0.004125,-0.1992375,0.0968
150459646845819,38.439052,0.0163625,-0.133375,-0.0620125
150459656846759,38.449053,-0.012925,0.0144375,-0.1243
150459666847672,38.459054,-0.0851125,0.1879625,-0.0240625
150459676848672,38.469055,-0.1584,0.274725,0.1848
150459686849600,38.479056,-0.1901625,0.2404875,0.386375
150459696850518,38.489057,-0.1901625,0.109725,0.4976125
150459706851677,38.499058,-0.1766875,-0.0611875,0.4866125
150459716852612,38.509059,-0.1571625,-0.2457125,0.3790875
150459726853522,38.519060,-0.1144,-0.354475,0.18975
150459736854445,38.529060,-0.0801625,-0.3141875,0.00275
150459746855440,38.539061,-0.0691625,-0.1651375,-0.093775
150459756856379,38.549062,-0.0851125,0.0108624995,-0.110825
150459766857312,38.559063,-0.083875,0.15015,-0.0900625
150459776858249,38.569064,-0.0446875,0.2380125,-0.0680625
150459786859168,38.579065,0.010175,0.247775,-0.0485375
150459796860070,38.589066,0.048125,0.2184875,-0.038775
150459806860993,38.599067,0.0468875,0.1904375,0.032175
150459816862147,38.609068,-0.0154,0.180675,0.1909875
150459826863054,38.619069,-0.100925,0.1304875,0.3510375
150459836863996,38.629070,-0.161975,0.0584375,0.4450875
150459846864982,38.639071,-0.177925,-0.0099,0.446325
150459856865907,38.649072,-0.1522125,-0.1076625,0.3718
150459866866831,38.659073,-0.1106875,-0.16995,0.27885
150459876867754,38.669074,-0.0961125,-0.172425,0.2140875
150459886868677,38.679075,-0.1034,-0.1271875,0.181225
150459896869814,38.689076,-0.1131625,-0.0796125,0.132275
150459906870537,38.699077,-0.1192125,-0.058849998,0.044275
150459916871689,38.709078,-0.1131625,-0.0429,-0.0741125
150459926872612,38.719079,-0.0996875,-0.089375,-0.19139999
150459936873554,38.729080,-0.0801625,-0.14795,-0.2976875
150459946874462,38.739080,-0.0581625,-0.17613749,-0.3746875
150459956875395,38.749081,-0.0484,-0.150425,-0.4016375
150459966876411,38.759082,-0.0446875,-0.1346125,-0.403975
150459976877334,38.769083,-0.0606375,-0.1101375,-0.392975
150459986878262,38.779084,-0.0814,-0.0551375,-0.3881625
150459996879414,38.789085,-0.105875,-0.034375,-0.3722125
150460006880332,38.799086,-0.1144,-0.0600875,-0.342925
150460016881271,38.809087,-0.1082125,-0.09185,-0.3051125
150460026882194,38.819088,-0.0826375,-0.13213749,-0.2866875
150460036883121,38.829089,-0.043449998,-0.1309,-0.29535
150460046884054,38.839090,-0.012925,-0.089375,-0.2941125
150460056884967,38.849091,0.0138875,-0.028324999,-0.2415875
150460066885890,38.859092,0.032175,0.0133375,-0.116875
150460076886876,38.869093,0.045649998,0.0389125,0.0407
150460086887722,38.879094,0.0493625,0.0193875,0.2215125
150460096888731,38.889095,0.0419375,-0.0856625,0.37661248
150460106889642,38.899096,0.034649998,-0.1907125,0.4450875
150460116890565,38.909097,0.032175,-0.2591875,0.4255625
150460126891484,38.919097,0.026124999,-0.2726625,0.341275
150460136892402,38.929098,0.0114124995,-0.227425,0.24475
150460146893325,38.939099,-0.006875,-0.15413749,0.1775125
150460156894468,38.949100,-0.0361625,-0.0820875,0.1555125
150460166895167,38.959101,-0.050875,-0.047849998,0.12979999
150460176896318,38.969102,-0.0556875,-0.050325,0.099275
150460186897237,38.979103,-0.061875,-0.095425,0.0529375
150460196898160,38.989104,-0.06435,-0.167475,-0.0020625
150460206899078,38.999105,-0.0776875,-0.17613749,-0.03025
150460216899996,39.009106,-0.1021625,-0.1431375,-0.013062499
150460226901022,39.019107,-0.115637496,-0.1051875,0.0259875
150460236901940,39.029108,-0.104637496,-0.0831875,0.054175
150460246902863,39.039109,-0.0862125,-0.0551375,0.05775
150460256903802,39.049110,-0.067925,-0.0331375,0.0455125
150460266904715,39.059111,-0.0704,-0.0466125,0.032175
150460276905867,39.069112,-0.08745,-0.039325,0.0297
150460286906561,39.079113,-0.100925,-0.034375,0.00275
150460296907723,39.089114,-0.0996875,-0.036849998,-0.0435875
150460306908417,39.099114,-0.089925,-0.028324999,-0.10835
150460316909344,39.109115,-0.078925,0.0108624995,-0.1560625
150460326910497,39.119116,-0.0691625,0.06215,-0.17435
150460336911410,39.129117,-0.0691625,0.12815,-0.11935
150460346912328,39.139118,-0.0826375,0.1623875,0.0114124995
150460356913251,39.149119,-0.083875,0.11715,0.171325
150460366914164,39.159120,-0.0606375,-0.0111375,0.2470875
150460376915164,39.169121,-0.0166375,-0.155375,0.2080375
150460386916095,39.179122,0.0224125,-0.2311375,0.0650375
150460396917018,39.189123,0.06765,-0.18095,-0.1243
150460406917941,39.199124,0.0847,-0.0026125,-0.2134
150460416918864,39.209125,0.081125,0.1672,-0.1683
150460426919759,39.219126,0.0859375,0.2344375,-0.016775
150460436920677,39.229127,0.1079375,0.164725,0.109037496
150460446921600,39.239128,0.131175,0.0083875,0.1725625
150460456922523,39.249129,0.136125,-0.1577125,0.1530375
150460466923456,39.259129,0.136125,-0.24447499,0.060225
150460476924600,39.269131,0.120175,-0.205425,-0.0265375
150460486925515,39.279132,0.095699996,-0.11385,-0.0655875
150460496926438,39.289132,0.0798875,-0.0111375,-0.049775
150460506927377,39.299133,0.081125,0.037675,-0.04235
150460516928304,39.309134,0.0994125,0.0474375,-0.0655875
150460526929213,39.319135,0.1299375,-0.006325,-0.1463
150460536930150,39.329136,0.147125,0.0083875,-0.215875
150460546931073,39.339137,0.131175,0.0438625,-0.2341625
150460556932006,39.349138,0.0908875,0.0829125,-0.1841125
150460566932924,39.359139,0.034649998,0.0743875,-0.091299996
150460576933833,39.369140,0.0053625,0.037675,-0.0070125
150460586934775,39.379141,-0.0056375,-0.0526625,-0.0045375
150460596935777,39.389142,-6.875E-4,-0.1431375,-0.055825
150460606936709,39.399143,-0.00935,-0.2041875,-0.13035
150460616937633,39.409144,-0.017875,-0.20047499,-0.2036375
150460626938571,39.419145,-0.023924999,-0.167475,-0.26235
150460636939489,39.429145,-0.0276375,-0.100375,-0.30635
150460646940417,39.439146,-0.0276375,-0.0356125,-0.34045
150460656941344,39.449147,-0.0105875,-0.00385,-0.3784
150460666942267,39.459148,0.010175,0.031625,-0.397925
150460676943190,39.469149,0.0188375,0.0413875,-0.4052125
150460686944113,39.479150,0.0188375,-0.006325,-0.391875
150460696945032,39.489151,0.026124999,-0.0979,-0.3686375
150460706946198,39.499152,0.0468875,-0.1846625,-0.3991625
150460716947121,39.509153,0.073699996,-0.2091375,-0.43945
150460726947804,39.519154,0.0847,-0.205425,-0.491975
150460736948958,39.529155,0.06765,-0.09185,-0.49568748
150460746949638,39.539156,0.0358875,0.0169125,-0.4554
150460756950776,39.549157,0.032175,0.1012,-0.3564
150460766951695,39.559158,0.048125,0.1109625,-0.23539999
150460776952622,39.569159,0.0726,0.0999625,-0.11935
150460786953554,39.579160,0.0859375,0.08415,-0.071775
150460796954464,39.589160,0.0994125,0.098725,-0.0620125
150460806955379,39.599161,0.0823625,0.1183875,-0.0045375
150460816956295,39.609162,0.0554125,0.0939125,0.109037496
150460826957220,39.619163,0.0419375,0.042625,0.220275
150460836958142,39.629164,0.042075,0.0633875,0.2960375
150460846959051,39.639165,0.0468875,0.0561,0.342375
150460856960052,39.649166,0.0518375,0.04015,0.330275
150460866960975,39.659167,0.0628375,0.0548625,0.286275
150460876961903,39.669168,0.065175,0.0658625,0.2325125
150460886962826,39.679169,0.065175,0.0474375,0.17875
150460896963672,39.689170,0.0603625,0.08415,0.1530375
150460906964670,39.699171,0.0396,0.1122,0.13475
150460916965532,39.709172,0.0188375,0.136675,0.13475
150460926966537,39.719173,-0.0166375,0.158675,0.1750375
150460936967469,39.729173,-0.03135,0.12815,0.2080375
150460946968393,39.739174,-0.017875,0.0243375,0.18727499
150460956969330,39.749175,0.01265,-0.08085,0.082225
150460966970263,39.759176,0.0396,-0.111375,-0.069299996
150460976971186,39.769177,0.045649998,-0.0796125,-0.2426875
150460986972113,39.779178,0.0408375,0.048675,-0.3526875
150460996973032,39.789179,0.02365,0.175725,-0.3466375
150461006973940,39.799180,0.0114124995,0.246675,-0.2536875
150461016974878,39.809181,0.0114124995,0.2294875,-0.1315875
150461026975801,39.819182,0.0138875,0.1513875,-8.25E-4
150461036976953,39.829183,0.0138875,0.0059125,0.1225125
150461046977885,39.839184,0.026124999,-0.11385,0.1665125
150461056978566,39.849185,0.015125,-0.0991375,0.18727499
150461066979503,39.859186,-0.012925,-0.040425,0.20075
150461076980655,39.869187,-0.0386375,-0.0196625,0.2068
150461086981578,39.879188,-0.045925,-0.0441375,0.1970375
150461096982516,39.889189,-0.0471625,-0.073425,0.117699996
150461106983203,39.899189,-0.0776875,-0.056375,-0.027775
150461116984352,39.909190,-0.13145,0.0451,-0.1683
150461126985265,39.919191,-0.1925,0.12815,-0.2476375
150461136985946,39.929192,-0.23045,0.1599125,-0.254925
150461146987097,39.939193,-0.2462625,0.1549625,-0.221925
150461156988020,39.949194,-0.24145,0.0719125,-0.1865875
150461166988949,39.959195,-0.21573749,-0.0380875,-0.176825
150461176989886,39.969196,-0.1742125,-0.0771375,-0.22687499
150461186990578,39.979197,-0.1387375,-0.040425,-0.298925
150461196991718,39.989198,-0.116875,0.0561,-0.3331625
150461206992641,39.999199,-0.09845,0.12815,-0.29645
150461216993545,40.009200,-0.0691625,0.1709125,-0.210925
150461226994468,40.019200,-0.0264,0.19415,-0.11935
150461236995391,40.029201,0.00165,0.158675,-0.0155375
150461246996295,40.039202,0.0286,0.102437496,0.1189375
150461256996993,40.049203,0.0506,0.0341,0.2360875
150461266998128,40.059204,0.0749375,-0.0086624995,0.3180375
150461276999065,40.069205,0.095699996,-0.0075625,0.3608
150461286999988,40.079206,0.10065,0.026675,0.369325
150461297000901,40.089207,0.0994125,0.0499125,0.3608
150461307001819,40.099208,0.0836,0.1073875,0.3620375
150461317002747,40.109209,0.0529375,0.158675,0.3876125
150461327003670,40.119210,0.015125,0.147675,0.4158
150461337004579,40.129211,-0.0116875,0.108625,0.42061248
150461347005502,40.139212,-0.0264,0.0328625,0.3938
150461357006419,40.149212,-0.0031625,-0.0416625,0.341275
150461367007343,40.159213,0.031075,-0.12595,0.23127499
150461377008280,40.169214,0.0859375,-0.13695,0.073699996
150461387009189,40.179215,0.1384625,-0.0576125,-0.099825
150461397010112,40.189216,0.1739375,0.0561,-0.1926375
150461407011059,40.199217,0.197175,0.1513875,-0.2121625
150461417011972,40.209218,0.2167,0.2234375,-0.19139999
150461427012890,40.219219,0.2349875,0.2222,-0.16335
150461437013818,40.229220,0.23265,0.153725,-0.127875
150461447014722,40.239221,0.22893749,0.0364375,-0.1243
150461457015646,40.249222,0.2399375,-0.0429,-0.1584
150461467016569,40.259223,0.2314125,-0.0380875,-0.209825
150461477017497,40.269223,0.2264625,0.0694375,-0.21835
150461487018439,40.279224,0.197175,0.20515,-0.1645875
150461497019343,40.289225,0.1714625,0.2539625,-0.0545875
150461507020294,40.299226,0.164175,0.2039125,0.071225
150461517021217,40.309227,0.16293749,0.1219625,0.1274625
150461527022146,40.319228,0.153175,0.0144375,0.0919875
150461537023069,40.329229,0.117699996,-0.0539,-0.0105875
150461547023997,40.339230,0.0529375,-0.0246125,-0.1291125
150461557024929,40.349231,-0.006875,-0.0026125,-0.2366375
150461567025852,40.359232,-0.028875,-0.034375,-0.3381125
150461577026767,40.369233,-0.00935,-0.056375,-0.47245
150461587027695,40.379234,0.010175,0.0133375,-0.60555
150461597028618,40.389235,0.010175,0.113437496,-0.6642625
150461607029554,40.399236,-0.0191125,0.19415,-0.619025
150461617030482,40.409236,-0.039875,0.2160125,-0.5042125
150461627031409,40.419237,-0.0411125,0.1574375,-0.3894
150461637032323,40.429238,-0.0226875,0.0231,-0.3271125
150461647033246,40.439239,0.0176,-0.133375,-0.314875
150461657034156,40.449240,0.059125,-0.2286625,-0.3282125
150461667035102,40.459241,0.1056,-0.2017125,-0.3416875
150461677035997,40.469242,0.1384625,-0.0906125,-0.32587498
150461687036916,40.479243,0.159225,0.0352,-0.2904
150461697037843,40.489244,0.1714625,0.1524875,-0.2171125
150461707038766,40.499245,0.170225,0.18315,-0.121825
150461717039685,40.509246,0.158125,0.15619999,-0.00825
150461727040627,40.519247,0.1397,0.1122,0.121275
150461737041555,40.529248,0.103125,0.07315,0.2800875
150461747042264,40.539248,0.0529375,-0.0075625,0.4609
150461757043187,40.549249,0.004125,-0.100375,0.5929
150461767044115,40.559250,-0.0226875,-0.1601875,0.6369
150461777045023,40.569251,-0.032449998,-0.211475,0.6026625
150461787045937,40.579252,-0.0374,-0.2041875,0.5036625
150461797046860,40.589253,-0.054449998,-0.11495,0.364375
150461807047792,40.599254,-0.1034,0.0341,0.26427498
150461817048715,40.609255,-0.14973749,0.1513875,0.215325
150461827049638,40.619256,-0.19139999,0.2014375,0.23127499
150461837050553,40.629257,-0.210925,0.169675,0.2545125
150461847051485,40.639257,-0.21573749,0.086625,0.259325
150461857052413,40.649258,-0.2011625,-0.0356125,0.20927499
150461867053330,40.659259,-0.1852125,-0.128425,0.121275
150461877054253,40.669260,-0.1706375,-0.1601875,-0.005775
150461887055172,40.679261,-0.1571625,-0.1126125,-0.1364
150461897056109,40.689262,-0.1387375,-0.0429,-0.221925
150461907057017,40.699263,-0.127875,0.0561,-0.2574
150461917057945,40.709264,-0.115637496,0.17325,-0.25135
150461927058868,40.719265,-0.1034,0.22825,-0.2195875
150461937059797,40.729266,-0.093637496,0.247775,-0.1670625
150461947060720,40.739267,-0.0801625,0.21725,-0.1023
150461957061569,40.749268,-0.078925,0.1854875,-0.00825
150461967062576,40.759269,-0.0961125,0.12815,0.093225
150461977063484,40.769269,-0.105875,0.0902,0.176275
150461987064407,40.779270,-0.0911625,0.0658625,0.176275
150461997065251,40.789271,-0.050875,0.0658625,0.093225
150462007066188,40.799272,-0.0105875,0.070675,-0.0215875
150462017067121,40.809273,0.01265,0.125675,-0.1353
150462027068050,40.819274,0.0138875,0.21725,-0.1816375
150462037068980,40.829275,0.0114124995,0.26125,-0.1804
150462047069896,40.839276,0.021175,0.25025,-0.1425875
150462057070838,40.849277,0.0408375,0.208725,-0.0925375
150462067071824,40.859278,0.0664125,0.1269125,-0.0741125
150462077072660,40.869279,0.081125,0.075625,-0.055825
150462087073583,40.879280,0.0749375,0.059675,-0.0253
150462097074487,40.889280,0.0664125,0.053625,0.0125124995
150462107075410,40.899281,0.054175,0.092675,0.0334125
150462117076328,40.909282,0.054175,0.124437496,0.03575
150462127077237,40.919283,0.06765,0.0902,0.0174625
150462137078160,40.929284,0.0836,0.0572,-0.0253
150462147079074,40.939285,0.087175,0.0768625,-0.0765875
150462157080011,40.949286,0.0774125,0.1379125,-0.0961125
150462167080705,40.959287,0.054175,0.2149125,-0.0545875
150462177081613,40.969288,0.0053625,0.2564375,0.05775
150462187082527,40.979289,-0.054449998,0.21367499,0.1958
150462197083445,40.989289,-0.111925,0.114675,0.2655125
150462207084364,40.999290,-0.1364,-0.001375,0.2410375
150462217085293,41.009291,-0.1326875,-0.133375,0.12375
150462227086197,41.019292,-0.1131625,-0.1846625,-0.038775
150462237087120,41.029293,-0.1106875,-0.1126125,-0.1926375
150462247088052,41.039294,-0.1241625,0.0451,-0.2806375
150462257088970,41.049295,-0.14973749,0.186725,-0.270875
150462267089893,41.059296,-0.17173749,0.258775,-0.18287499
150462277090744,41.069297,-0.1827375,0.2332,-0.0655875
150462287091672,41.079298,-0.2011625,0.1452,0.06875
150462297092599,41.089299,-0.199925,-0.056375,0.1274625
150462307093538,41.099300,-0.1852125,-0.2396625,0.1029875
150462317094469,41.109300,-0.172975,-0.3031875,0.00275
150462327095392,41.119301,-0.14739999,-0.24447499,-0.143825
150462337096405,41.129302,-0.12773749,-0.100375,-0.24887499
150462347097238,41.139303,-0.12045,0.108625,-0.2256375
150462357098161,41.149304,-0.122925,0.25025,-0.0826375
150462367099074,41.159305,-0.14245,0.3199625,0.1604625
150462377099997,41.169306,-0.1681625,0.2674375,0.419375
150462387100920,41.179307,-0.1804,0.114675,0.6087125
150462397101838,41.189308,-0.17545,-0.086899996,0.678425
150462407102766,41.199309,-0.1656875,-0.3361875,0.5746125
150462417103460,41.209309,-0.105875,-0.506,0.325325
150462427104388,41.219310,-0.028875,-0.4632375,4.125E-4
150462437105311,41.229311,0.0383625,-0.253,-0.2781625
150462447106234,41.239312,0.059125,0.042625,-0.37345
150462457107157,41.249313,0.056649998,0.373725,-0.2976875
150462467108081,41.259314,0.0286,0.51535,-0.0826375
150462477109018,41.269315,-0.0044,0.418825,0.2165625
150462487109936,41.279316,-0.0386375,0.1709125,0.4719
150462497110864,41.289317,-0.0594,-0.1406625,0.573375
150462507111708,41.299318,-0.0691625,-0.407,0.523325
150462517112602,41.309319,-0.0752125,-0.5768125,0.33261248
150462527113617,41.319320,-0.0704,-0.5291,0.077275
150462537114463,41.329320,-0.0666875,-0.3312375,-0.2024
150462547115414,41.339321,-0.0446875,-0.0576125,-0.4272125
150462557116338,41.349322,-0.02035,0.1709125,-0.54821247
150462567117252,41.359323,-0.001925,0.379775,-0.5432625
150462577118175,41.369324,0.0078375,0.4690125,-0.4334
150462587119098,41.379325,-0.006875,0.368775,-0.2305875
150462597119787,41.389326,-0.0484,0.1524875,0.0419375
150462607120710,41.399327,-0.094875,-0.1467125,0.2655125
150462617121633,41.409328,-0.1351625,-0.4032875,0.36685
150462627122551,41.419329,-0.1632125,-0.564575,0.347325
150462637123470,41.429329,-0.172975,-0.57805,0.2605625
150462647124393,41.439330,-0.18645,-0.476575,0.1530375
150462657125302,41.449331,-0.2096875,-0.36795,0.07975
150462667126225,41.459332,-0.232925,-0.2737625,0.06875
150462677127143,41.469333,-0.2292125,-0.1969,0.0394625
150462687128075,41.479334,-0.2022625,-0.1247125,-0.0363
150462697128921,41.489335,-0.1852125,-0.073425,-0.0851125
150462707129828,41.499336,-0.183975,-0.062425,-0.08635
150462717130741,41.509337,-0.1962125,-0.067375,-0.0180125
150462727131651,41.519338,-0.216975,-0.09295,0.099275
150462737132589,41.529339,-0.2267375,-0.1271875,0.2288
150462747133512,41.539340,-0.2292125,-0.1711875,0.297275
150462757134435,41.549340,-0.216975,-0.2371875,0.2679875
150462767135358,41.559341,-0.199925,-0.253,0.1665125
150462777136281,41.569342,-0.19373749,-0.2017125,0.0517
150462787136987,41.579343,-0.17545,-0.0831875,-0.066825
150462797137917,41.589344,-0.1571625,0.0584375,-0.1181125
150462807138841,41.599345,-0.139975,0.131725,-0.0875875
150462817139769,41.609346,-0.1216875,0.1489125,-0.03135
150462827140678,41.619347,-0.09845,0.1109625,-8.25E-4
150462837141605,41.629348,-0.0741125,0.059675,-0.00825
150462847142526,41.639349,-0.0606375,0.0328625,-0.0265375
150462857143363,41.649349,-0.05335,0.015675,-0.02035
150462867144286,41.659350,-0.0471625,0.0218625,0.0187
150462877145215,41.669351,-0.0496375,0.05115,0.076175
150462887146127,41.679352,-0.0471625,0.07315,0.121275
150462897147051,41.689353,-0.039875,0.075625,0.1287
150462907147974,41.699354,-0.0251625,0.0303875,0.0969375
150462917148911,41.709355,-0.0105875,-0.0086624995,0.0589875
150462927149834,41.719356,-0.0056375,-0.0026125,0.0394625
150462937150543,41.729357,-0.02145,0.0779625,0.0699875
150462947151680,41.739358,-0.0336875,0.125675,0.1408
150462957152374,41.749358,-0.03135,0.1623875,0.2545125
150462967153283,41.759359,-0.0276375,0.15619999,0.3718
150462977154202,41.769360,-0.032449998,0.070675,0.446325
150462987155120,41.779361,-0.050875,-0.0160875,0.463375
150462997156062,41.789362,-0.0776875,-0.086899996,0.424325
150463007156980,41.799363,-0.095975,-0.15895,0.31185
150463017157901,41.809364,-0.1082125,-0.1969,0.1775125
150463027158764,41.819365,-0.1192125,-0.172425,0.0455125
150463037159764,41.829366,-0.1131625,-0.0966625,-0.072875
150463047160608,41.839367,-0.09845,0.0083875,-0.16335
150463057161540,41.849368,-0.094875,0.0902,-0.187825
150463067162469,41.859368,-0.1106875,0.103675,-0.1401125
150463077163416,41.869369,-0.1351625,0.109725,-0.05335
150463087164319,41.879370,-0.1694,0.0829125,0.0407
150463097165256,41.889371,-0.2132625,0.0352,0.137225
150463107165943,41.899372,-0.260975,-0.0526625,0.21779999
150463117166868,41.909373,-0.2842125,-0.1309,0.2690875
150463127167801,41.919374,-0.2866875,-0.18095,0.2325125
150463137168725,41.929375,-0.2707375,-0.1357125,0.1750375
150463147169648,41.939376,-0.26221249,-0.0331375,0.1604625
150463157170581,41.949377,-0.243925,0.0413875,0.170225
150463167171417,41.959377,-0.2352625,0.136675,0.22275
150463177172417,41.969378,-0.23045,0.1634875,0.2605625
150463187173338,41.979379,-0.2206875,0.125675,0.297275
150463197174246,41.989380,-0.23045,0.026675,0.3045625
150463207175092,41.999381,-0.23045,-0.0416625,0.2569875
150463217176015,42.009382,-0.245025,-0.211475,0.1469875
150463227176938,42.019383,-0.2206875,-0.341,-0.0265375
150463237177641,42.029384,-0.1302125,-0.354475,-0.303875
150463247178556,42.039385,-0.03135,-0.22247499,-0.5737875
150463257179484,42.049385,0.032175,0.009625,-0.7425
150463267180384,42.059386,0.0628375,0.2649625,-0.785125
150463277181288,42.069387,0.06765,0.52635,-0.6507875
150463287182225,42.079388,0.0493625,0.6095375,-0.375925
150463297183148,42.089389,0.0506,0.478775,-0.0253
150463307184072,42.099390,0.059125,0.1854875,0.319275
150463317184918,42.109391,0.06765,-0.1126125,0.5489
150463327185841,42.119392,0.0713625,-0.31295,0.6637125
150463337186757,42.129393,0.0578875,-0.3557125,0.6857125
150463347187685,42.139394,0.053075,-0.29947498,0.6417125
150463357188603,42.149395,0.042075,-0.1639,0.5599
150463367189541,42.159396,0.0163625,0.004675,0.45113748
150463377190464,42.169396,-0.0116875,0.11715,0.34485
150463387191391,42.179397,-0.043449998,0.125675,0.2470875
150463397192082,42.189398,-0.06545,0.091437496,0.14575
150463407193005,42.199399,-0.104637496,0.0121,0.0345125
150463417193918,42.209400,-0.1387375,-0.073425,-0.0851125
150463427194836,42.219401,-0.1632125,-0.0966625,-0.1951125
150463437195759,42.229402,-0.166925,-0.086899996,-0.2831125
150463447196692,42.239403,-0.1436875,-0.056375,-0.342925
150463457197624,42.249404,-0.12773749,0.0231,-0.359975
150463467198547,42.259405,-0.1144,0.1524875,-0.3234
150463477199382,42.269405,-0.1106875,0.2784375,-0.215875
150463487200291,42.279406,-0.133925,0.329725,-0.0020625
150463497201214,42.289407,-0.1571625,0.241725,0.2325125
150463507202151,42.299408,-0.161975,0.048675,0.3925625
150463517203074,42.309409,-0.1412125,-0.1871375,0.40713748
150463527203988,42.319410,-0.117975,-0.393525,0.2935625
150463537204896,42.329411,-0.0826375,-0.465575,0.071225
150463547205575,42.339412,-0.0741125,-0.349525,-0.138875
150463557206500,42.349413,-0.116875,-0.166375,-0.19635
150463567207423,42.359413,-0.16445,0.0108624995,-0.1254
150463577208355,42.369414,-0.194975,0.180675,0.0529375
150463587209278,42.379415,-0.2242625,0.2270125,0.253275
150463597210129,42.389416,-0.2316875,0.1403875,0.3705625
150463607211044,42.399417,-0.2365,-0.00385,0.40713748
150463617211953,42.409418,-0.256025,-0.2017125,0.380325
150463627212866,42.419419,-0.2732125,-0.420475,0.286275
150463637213790,42.429420,-0.2792625,-0.5267625,0.1494625
150463647214708,42.439421,-0.2877875,-0.5401,-0.00935
150463657215655,42.449422,-0.2817375,-0.45581248,-0.1841125
150463667216349,42.459422,-0.245025,-0.3092375,-0.3686375
150463677217263,42.469423,-0.17173749,-0.11495,-0.54945
150463687218186,42.479424,-0.0886875,0.048675,-0.69107497
150463697219104,42.489425,-0.0336875,0.15619999,-0.795025
150463707220041,42.499426,-0.023924999,0.230725,-0.8328375
150463717220901,42.509427,-0.0374,0.24419999,-0.790075
150463727221833,42.519428,-0.0556875,0.1854875,-0.69107497
150463737222751,42.529429,-0.0642125,0.1012,-0.5737875
150463747223436,42.539429,-0.0631125,0.0231,-0.430925
150463757224573,42.549431,-0.0532125,-0.01485,-0.2561625
150463767225267,42.559431,-0.06545,-0.0490875,-0.0350625
150463777226196,42.569432,-0.089925,-0.058849998,0.2190375
150463787227134,42.579433,-0.122925,-0.051425,0.441375
150463797228052,42.589434,-0.1571625,-0.06985,0.568425
150463807228961,42.599435,-0.172975,-0.1529,0.568425
150463817229889,42.609436,-0.1766875,-0.24447499,0.496375
150463827230802,42.619437,-0.1571625,-0.3777125,0.3020875
150463837231646,42.629438,-0.08745,-0.4522375,0.0174625
150463847232569,42.639439,-0.017875,-0.3922875,-0.26235
150463857233473,42.649439,0.0213125,-0.21395,-0.45045
150463867234410,42.659440,0.0334125,0.00715,-0.5152125
150463877235339,42.669441,0.0273625,0.2429625,-0.4565
150463887236031,42.679442,4.125E-4,0.33825,-0.2806375
150463897236956,42.689443,-0.0361625,0.2319625,-0.0473
150463907237865,42.699444,-0.0484,-0.00385,0.143275
150463917238788,42.709445,-0.03135,-0.2921875,0.23375
150463927239725,42.719446,-6.875E-4,-0.503525,0.220275
150463937240662,42.729447,0.0213125,-0.5608625,0.1299375
150463947241522,42.739448,0.0334125,-0.442475,0.0369875
150463957242445,42.749448,0.031075,-0.2432375,-0.0215875
150463967243382,42.759449,0.0298375,-0.036849998,-0.050875
150463977244305,42.769450,0.0493625,0.0694375,-0.094875
150463987245238,42.779451,0.06765,0.0779625,-0.1340625
150463997245935,42.789452,0.0664125,0.026675,-0.1450625
150464007246864,42.799453,0.031075,-0.0429,-0.1144
150464017247788,42.809454,-0.023924999,-0.1199,-0.0350625
150464027248721,42.819455,-0.0801625,-0.16995,0.054175
150464037249634,42.829456,-0.115637496,-0.2102375,0.1139875
150464047250538,42.839457,-0.1266375,-0.25547498,0.1189375
150464057251459,42.849457,-0.115637496,-0.29095,0.0565125
150464067252319,42.859458,-0.089925,-0.308,-0.083875
150464077253257,42.869459,-0.050875,-0.3067625,-0.2646875
150464087253969,42.879460,-0.0116875,-0.238425,-0.4332625
150464097255117,42.889461,0.0163625,-0.1126125,-0.513975
150464107255812,42.899462,0.02365,0.0353375,-0.480975
150464117256721,42.909463,0.0163625,0.124437496,-0.35021248
150464127257634,42.919464,0.0103124995,0.0999625,-0.171875
150464137258562,42.929465,0.015125,-0.006325,-0.011825
150464147259394,42.939465,0.02365,-0.161425,0.0834625
150464157260319,42.949466,0.020075,-0.2836625,0.1029875
150464167261238,42.959467,0.0028875,-0.3251875,0.087175
150464177262157,42.969468,-0.0191125,-0.288475,0.077275
150464187263089,42.979469,-0.0301125,-0.20047499,0.076175
150464197263781,42.989470,-0.0154,-0.1051875,0.0517
150464207264706,42.999471,0.020075,-0.0576125,-0.011825
150464217265658,43.009472,0.0578875,-0.0746625,-0.1144
150464227266581,43.019473,0.0969375,-0.095425,-0.2256375
150464237267432,43.029473,0.12265,-0.095425,-0.3026375
150464247268330,43.039474,0.1276,-0.062425,-0.3172125
150464257269253,43.049475,0.1214125,-0.0160875,-0.2646875
150464267270147,43.059476,0.1153625,0.0231,-0.1731125
150464277271060,43.069477,0.1238875,0.0133375,-0.088825
150464287271744,43.079478,0.1483625,-0.07095,-0.0631125
150464297272892,43.089479,0.181225,-0.15413749,-0.099825
150464307273581,43.099480,0.2118875,-0.1651375,-0.1694
150464317274504,43.109481,0.2204125,-0.11495,-0.20487499
150464327275413,43.119481,0.22165,-0.0221375,-0.177925
150464337276243,43.129482,0.2277,0.0853875,-0.113299996
150464347277161,43.139483,0.2349875,0.1452,-0.0240625
150464357278084,43.149484,0.2264625,0.147675,0.0834625
150464367279002,43.159485,0.2044625,0.1049125,0.1750375
150464377279925,43.169486,0.1824625,0.0633875,0.2275625
150464387280617,43.179487,0.136125,0.0121,0.28875
150464397281529,43.189488,0.0848375,-0.0306625,0.3425125
150464407282433,43.199488,0.0493625,-0.0319,0.38885
150464417283370,43.209489,0.0334125,-0.0196625,0.4158
150464427284293,43.219490,0.034649998,-0.012375,0.4048
150464437285151,43.229491,0.042075,0.0108624995,0.3546125
150464447286084,43.239492,0.0639375,0.0193875,0.2459875
150464457286784,43.249493,0.0823625,0.0413875,0.1079375
150464467287924,43.259494,0.087175,0.064625,-0.0155375
150464477288619,43.269495,0.0823625,0.0902,-0.105875
150464487289542,43.279496,0.0713625,0.1293875,-0.1401125
150464497290480,43.289496,0.0616,0.1439625,-0.1266375
150464507291352,43.299497,0.059125,0.15015,-0.0570625
150464517292275,43.309498,0.065175,0.15015,0.0504625
150464527293203,43.319499,0.06765,0.1232,0.17379999
150464537294116,43.329500,0.0664125,0.0609125,0.259325
150464547295049,43.339501,0.06765,0.01815,0.270325
150464557295737,43.349502,0.0688875,-1.375E-4,0.2154625
150464567296662,43.359503,0.0664125,0.004675,0.1530375
150464577297614,43.369504,0.0628375,0.0451,0.0919875
150464587298474,43.379504,0.0738375,0.1012,0.0444125
150464597299381,43.389505,0.0859375,0.1709125,0.02475
150464607300304,43.399506,0.1018875,0.2259125,0.0309375
150464617301232,43.409507,0.1166,0.2344375,0.0664125
150464627301927,43.419508,0.1189375,0.2039125,0.1225125
150464637302859,43.429509,0.1067,0.147675,0.1824625
150464647303796,43.439510,0.08965,0.081675,0.2215125
150464657304734,43.449511,0.065175,0.0328625,0.24475
150464667305585,43.459512,0.045649998,0.004675,0.237325
150464677306570,43.469513,0.034649998,0.0169125,0.198275
150464687307417,43.479513,0.032175,0.070675,0.1469875
150464697308338,43.489514,0.031075,0.1354375,0.115225
150464707309252,43.499515,0.0273625,0.19415,0.104225
150464717309941,43.509516,0.0273625,0.2259125,0.1189375
150464727310869,43.519517,0.026124999,0.2099625,0.1494625
150464737311792,43.529518,0.0224125,0.15015,0.1689875
150464747312701,43.539519,0.0176,0.092675,0.176275
150464757313534,43.549520,0.0066,0.0548625,0.1909875
150464767314464,43.559520,-0.0116875,0.037675,0.220275
150464777315387,43.569521,-0.0336875,0.0474375,0.2690875
150464787316310,43.579522,-0.0532125,0.07315,0.32175
150464797317238,43.589523,-0.0704,0.097625,0.358325
150464807317931,43.599524,-0.0826375,0.0889625,0.37661248
150464817318826,43.609525,-0.0911625,0.0572,0.3608
150464827319668,43.619526,-0.094875,0.0108624995,0.29975
150464837320584,43.629527,-0.0924,-0.0086624995,0.1945625
150464847321507,43.639528,-0.100925,0.01815,0.0895125
150464857322430,43.649528,-0.117975,0.0353375,4.125E-4
150464867323339,43.659529,-0.1192125,0.05115,-0.0790625
150464877324045,43.669530,-0.104637496,0.059675,-0.15235
150464887324956,43.679531,-0.0801625,0.0719125,-0.2085875
150464897325883,43.689532,-0.061875,0.0889625,-0.2256375
150464907326801,43.699533,-0.0532125,0.102437496,-0.2085875
150464917327726,43.709534,-0.0411125,0.091437496,-0.1755875
150464927328574,43.719535,-0.017875,0.05115,-0.160875
150464937329517,43.729536,0.0188375,0.004675,-0.1694
150464947330196,43.739536,0.054175,-0.0331375,-0.2085875
150464957331119,43.749537,0.0774125,-0.02585,-0.2611125
150464967332042,43.759538,0.0933625,0.0254375,-0.2976875
150464977332949,43.769539,0.1056,0.0878625,-0.30745
150464987333901,43.779540,0.1324125,0.147675,-0.27445
150464997334747,43.789541,0.158125,0.2649625,-0.1975875
150465007335675,43.799542,0.153175,0.2662,-0.0851125
150465017336598,43.809543,0.1568875,0.268675,0.120037496
150465027337516,43.819544,0.125125,0.197725,0.3498
150465037338228,43.829544,0.0933625,0.11715,0.534325
150465047339153,43.839545,0.0603625,0.015675,0.6369
150465057340090,43.849546,0.0163625,-0.0881375,0.6686625
150465067340929,43.859547,-0.0264,-0.1821875,0.63195
150465077341857,43.869548,-0.0642125,-0.25547498,0.551375
150465087342780,43.879549,-0.0886875,-0.308,0.4035625
150465097343463,43.889549,-0.0776875,-0.3287625,0.181225
150465107344374,43.899550,-0.02035,-0.2921875,-0.113299996
150465117345297,43.909551,0.0726,-0.1846625,-0.41745
150465127346156,43.919552,0.1494625,-0.0429,-0.6202625
150465137347155,43.929553,0.18865,0.0902,-0.6923125
150465147348001,43.939554,0.186175,0.1659625,-0.6678375
150465157348924,43.949555,0.1714625,0.18315,-0.5627875
150465167349833,43.959556,0.136125,0.1232,-0.4224
150465177350513,43.969557,0.0908875,0.0193875,-0.2941125
150465187351436,43.979557,0.054175,-0.084425,-0.198825
150465197352280,43.989558,0.0286,-0.1491875,-0.1181125
150465207353194,43.999559,0.0176,-0.166375,-0.0680625
150465217354117,44.009560,0.031075,-0.133375,-0.0655875
150465227355040,44.019561,0.0603625,-0.0391875,-0.104637496
150465237355953,44.029562,0.0836,0.0719125,-0.1681625
150465247356648,44.039563,0.087175,0.17215,-0.221925
150465257357576,44.049564,0.0616,0.252725,-0.2195875
150465267358504,44.059565,0.0053625,0.27719998,-0.1511125
150465277359367,44.069565,-0.0631125,0.2404875,-0.0485375
150465287360280,44.079566,-0.122925,0.15619999,0.0407
150465297361218,44.089567,-0.161975,0.048675,0.07975
150465307362136,44.099568,-0.172975,-0.0416625,0.04675
150465317362814,44.109569,-0.161975,-0.100375,-0.0473
150465327363755,44.119570,-0.1364,-0.0991375,-0.1706375
150465337364599,44.129571,-0.08745,-0.047849998,-0.3001625
150465347365522,44.139572,-0.0226875,0.0353375,-0.414975
150465357366459,44.149572,0.0554125,0.120725,-0.4907375
150465367367158,44.159573,0.125125,0.175725,-0.5212625
150465377368085,44.169574,0.169125,0.19415,-0.5077875
150465387369013,44.179575,0.1874125,0.19525,-0.458975
150465397369936,44.189576,0.186175,0.1744875,-0.4211625
150465407370795,44.199577,0.169125,0.1219625,-0.35021248
150465417371718,44.209578,0.16293749,0.0561,-0.2671625
150465427372636,44.219579,0.180125,0.0561,-0.177925
150465437373312,44.229579,0.17765,0.070675,-0.0545875
150465447374220,44.239580,0.1788875,0.1049125,0.0969375
150465457375154,44.249581,0.1874125,0.1098625,0.2520375
150465467375998,44.259582,0.19965,0.09515,0.3595625
150465477376892,44.269583,0.2118875,0.053625,0.4010875
150465487377820,44.279584,0.2094125,0.0011,0.3900875
150465497378753,44.289585,0.1959375,-0.0441375,0.330275
150465507379444,44.299585,0.1739375,-0.084425,0.2300375
150465517380365,44.309586,0.13365,-0.11495,0.1054625
150465527381289,44.319587,0.0823625,-0.111375,-0.0325875
150465537382123,44.329588,0.0396,-0.0686125,-0.1450625
150465547383046,44.339589,-0.0031625,0.0011,-0.1901625
150465557383740,44.349590,-0.043449998,0.0719125,-0.1571625
150465567384649,44.359591,-0.0826375,0.1012,-0.061875
150465577385567,44.369592,-0.1106875,0.0523875,0.0407
150465587386495,44.379592,-0.1216875,-0.0551375,0.073699996
150465597387418,44.389593,-0.111925,-0.155375,0.010175
150465607388262,44.399594,-0.0886875,-0.2041875,-0.1351625
150465617389200,44.409595,-0.0666875,-0.1821875,-0.3014
150465627390123,44.419596,-0.0496375,-0.106425,-0.4492125
150465637390800,44.429597,-0.0336875,0.0011,-0.5702125
150465647391740,44.439598,-0.0056375,0.1354375,-0.6765
150465657392585,44.449599,0.0286,0.2490125,-0.757075
150465667393512,44.459600,0.0664125,0.296725,-0.7986
150465677394420,44.469600,0.1128875,0.307725,-0.784025
150465687395112,44.479601,0.1654125,0.291775,-0.713075
150465697396037,44.489602,0.2118875,0.274725,-0.6067875
150465707396965,44.499603,0.2448875,0.2514875,-0.474925
150465717397807,44.509604,0.2569875,0.1989625,-0.331925
150465727398713,44.519605,0.2399375,0.1439625,-0.1755875
150465737399407,44.529605,0.18865,0.0561,-0.044825
150465747400574,44.539607,0.1238875,-0.023375,0.0565125
150465757401273,44.549607,0.0468875,-0.0991375,0.13475
150465767402191,44.559608,-0.0276375,-0.1711875,0.15675
150465777403022,44.569609,-0.0862125,-0.22,0.1359875
150465787404035,44.579610,-0.1326875,-0.21395,0.0944625
150465797404867,44.589611,-0.1632125,-0.172425,0.060225
150465807405576,44.599612,-0.1766875,-0.1271875,0.0589875
150465817406499,44.609612,-0.183975,-0.0856625,0.115225
150465827407422,44.619613,-0.1962125,-0.0746625,0.220275
150465837408275,44.629614,-0.227975,-0.0881375,0.3570875
150465847409198,44.639615,-0.2792625,-0.1199,0.468325
150465857410122,44.649616,-0.3232625,-0.172425,0.4976125
150465867411035,44.659617,-0.35255,-0.2261875,0.4280375
150465877411742,44.669618,-0.3685,-0.32395,0.2789875
150465887412590,44.679619,-0.34155,-0.39105,0.0785125
150465897413607,44.689620,-0.2707375,-0.363,-0.177925
150465907414469,44.699620,-0.1791625,-0.2396625,-0.386925
150465917415376,44.709621,-0.111925,-0.0576125,-0.4846875
150465927416064,44.719622,-0.0776875,0.1122,-0.48345
150465937416989,44.729623,-0.0594,0.2294875,-0.4467375
150465947417835,44.739624,-0.0386375,0.2674375,-0.42473748
150465957418770,44.749625,-0.0226875,0.1843875,-0.4345
150465967419679,44.759626,-0.0081124995,0.0121,-0.5102625
150465977420616,44.769627,0.0138875,-0.155375,-0.636075
150465987421305,44.779627,0.0323125,-0.2616625,-0.7717875
150465997422230,44.789628,0.0358875,-0.264,-0.851125
150466007423069,44.799629,0.031075,-0.2091375,-0.84755
150466017423992,44.809630,0.0334125,-0.150425,-0.78155
150466027424945,44.819631,0.0506,-0.06985,-0.696025
150466037425654,44.829632,0.0823625,0.0231,-0.608025
150466047426548,44.839633,0.1166,0.042625,-0.5286875
150466057427394,44.849633,0.13365,0.031625,-0.4736875
150466067428315,44.859634,0.131175,0.0328625,-0.436975
150466077429219,44.869635,0.1043625,0.0353375,-0.3771625
150466087430142,44.879636,0.0664125,0.0144375,-0.2721125
150466097430850,44.889637,0.02365,-0.0526625,-0.115637496
150466107431769,44.899638,-0.01045,-0.117425,0.054175
150466117432613,44.909639,-0.0276375,-0.1846625,0.214225
150466127433541,44.919640,-0.0336875,-0.2299,0.363275
150466137434464,44.929640,-0.032449998,-0.2457125,0.474375
150466147435387,44.939641,-0.0361625,-0.2432375,0.5599
150466157436084,44.949642,-0.0496375,-0.2371875,0.6466625
150466167436933,44.959643,-0.0716375,-0.2347125,0.7456625
150466177437844,44.969644,-0.094875,-0.2517625,0.86294997
150466187438767,44.979645,-0.1216875,-0.29947498,0.9862875
150466197439690,44.989646,-0.1436875,-0.349525,1.0962875
150466207440368,44.999646,-0.150975,-0.365475,1.1768625
150466217441278,45.009647,-0.16445,-0.374,1.21715
150466227442141,45.019648,-0.183975,-0.3642375,1.235575
150466237443065,45.029649,-0.2072125,-0.352,1.2293875
150466247444007,45.039650,-0.21945,-0.332475,1.2013375
150466257444708,45.049651,-0.223025,-0.3372875,1.142625
150466267445633,45.059652,-0.18645,-0.3372875,1.0242375
150466277446561,45.069653,-0.13145,-0.3361875,0.8287125
150466287447400,45.079653,-0.0801625,-0.3177625,0.634425
150466297448305,45.089654,-0.0422125,-0.2847625,0.47079998
150466307448998,45.099655,-0.023924999,-0.2041875,0.3388
150466317449923,45.109656,-0.0386375,-0.0539,0.23127499
150466327450769,45.119657,-0.0704,0.113437496,0.14093749
150466337451690,45.129658,-0.0911625,0.2014375,0.0969375
150466347452384,45.139658,-0.0716375,0.1524875,0.0614625
150466357453308,45.149659,0.0114124995,0.048675,-0.03135
150466367454231,45.159660,0.0848375,-0.1016125,-0.18535
150466377455154,45.169661,0.1617,-0.1859,-0.3856875
150466387456023,45.179662,0.192225,-0.2322375,-0.6105
150466397456944,45.189663,0.1837,-0.2409,-0.8853625
150466407457867,45.199664,0.1813625,-0.2701875,-1.259225
150466417458547,45.209665,0.2179375,-0.27995,-1.7356625
150466427459466,45.219665,0.241175,-0.1821875,-2.27205
150466437460308,45.229666,0.247225,0.053625,-2.7533
150466447461229,45.239667,0.2239875,0.39325,-3.06735
150466457461922,45.249668,0.2314125,0.710875,-3.125925
150466467462845,45.259669,0.2349875,0.925925,-2.8425374
150466477463768,45.269670,0.2179375,1.0052625,-2.28305
150466487464613,45.279671,0.213125,0.8977375,-1.56585
150466497465536,45.289672,0.180125,0.6131125,-0.7827875
150466507466228,45.299672,0.098175,0.263725,-0.0790625
150466517467153,45.309673,0.0028875,-0.062425,0.4096125
150466527468067,45.319674,-0.115637496,-0.283525,0.7016625
150466537468911,45.329675,-0.2316875,-0.426525,0.838475
150466547469833,45.339676,-0.31955,-0.5108125,0.8457625
150466557470533,45.349677,-0.366025,-0.4937625,0.78223747
150466567471451,45.359677,-0.370975,-0.404525,0.7016625
150466577472283,45.369678,-0.36107498,-0.282425,0.6479
150466587473190,45.379679,-0.35021248,-0.1529,0.6369
150466597474108,45.389680,-0.35255,-0.0050875,0.6637125
150466607474801,45.399681,-0.3843125,0.1012,0.7211875
150466617475731,45.409682,-0.42473748,0.1342,0.78223747
150466627476574,45.419683,-0.465025,0.1073875,0.8127625
150466637477497,45.429683,-0.5053125,-0.0050875,0.8617125
150466647478420,45.439684,-0.5468375,-0.19195,0.8947125
150466657479110,45.449685,-0.58355,-0.3837625,0.90695
150466667480029,45.459686,-0.609125,-0.51205,0.83599997
150466677480860,45.469687,-0.6043125,-0.5108125,0.705375
150466687481781,45.479688,-0.570075,-0.429,0.5281375
150466697482488,45.489688,-0.51507497,-0.3007125,0.347325
150466707483413,45.499689,-0.465025,-0.1882375,0.2019875
150466717484259,45.509690,-0.4258375,-0.117425,0.0884125
150466727485152,45.519691,-0.394075,-0.0686125,-0.0253
150466737486075,45.529692,-0.372075,-0.0331375,-0.1535875
150466747486778,45.539693,-0.3587375,-0.0221375,-0.292875
150466757487701,45.549694,-0.36355,-0.0209,-0.40039998
150466767488562,45.559695,-0.372075,-0.0319,-0.447975
150466777489487,45.569695,-0.3757875,-0.051425,-0.4431625
150466787490396,45.579696,-0.35021248,-0.0746625,-0.392975
150466797491084,45.589697,-0.30745,-0.1247125,-0.28545
150466807492004,45.599698,-0.26345,-0.2322375,-0.14739999
150466817492865,45.609699,-0.2292125,-0.3287625,-0.0375375
150466827493790,45.619700,-0.2096875,-0.3812875,0.027224999
150466837494502,45.629701,-0.2047375,-0.4057625,0.034649998
150466847495428,45.639701,-0.2132625,-0.4008125,0.016224999
150466857496349,45.649702,-0.2316875,-0.385,-0.0081124995
150466867497197,45.659703,-0.243925,-0.35694999,-0.0375375
150466877498113,45.669704,-0.2402125,-0.3141875,-0.072875
150466887498807,45.679705,-0.2242625,-0.2872375,-0.1023
150466897499730,45.689706,-0.2035,-0.3007125,-0.149875
150466907500663,45.699707,-0.1852125,-0.32999998,-0.2206875
150466917501503,45.709708,-0.1827375,-0.365475,-0.2941125
150466927502192,45.719708,-0.183975,-0.41181248,-0.3771625
150466937503115,45.729709,-0.18645,-0.459525,-0.480975
150466947503956,45.739710,-0.1912625,-0.46805,-0.5933125
150466957504892,45.749711,-0.1815,-0.398475,-0.7118375
150466967505596,45.759712,-0.1546875,-0.25795,-0.8278875
150466977506529,45.769713,-0.14739999,-0.0831875,-0.8536
150466987507437,45.779713,-0.1571625,0.1159125,-0.7558375
150466997508269,45.789714,-0.1705,0.2380125,-0.524975
150467007509190,45.799715,-0.18645,0.2149125,-0.2085875
150467017510098,45.809716,-0.188925,0.0768625,0.1079375
150467027510815,45.819717,-0.1852125,-0.0979,0.3570875
150467037511740,45.829718,-0.1852125,-0.238425,0.5220875
150467047512584,45.839719,-0.1962125,-0.294525,0.63195
150467057513512,45.849720,-0.2242625,-0.27995,0.722425
150467067514198,45.859720,-0.267025,-0.2652375,0.792
150467077515114,45.869721,-0.3245,-0.2322375,0.8397125
150467087516042,45.879722,-0.37454998,-0.2347125,0.832425
150467097516910,45.889723,-0.4015,-0.264,0.759
150467107517617,45.899724,-0.410025,-0.304425,0.60995
150467117518542,45.909725,-0.4015,-0.3141875,0.407275
150467127519451,45.919725,-0.3843125,-0.283525,0.2129875
150467137520275,45.929726,-0.366025,-0.242,0.065175
150467147521199,45.939727,-0.3355,-0.2127125,-0.03135
150467157521906,45.949728,-0.2987875,-0.1882375,-0.09735
150467167522768,45.959729,-0.260975,-0.145475,-0.1560625
150467177523703,45.969730,-0.2316875,-0.1199,-0.2061125
150467187524617,45.979731,-0.210925,-0.1247125,-0.265925
150467197525300,45.989731,-0.1876875,-0.122375,-0.32945
150467207526211,45.999732,-0.1607375,-0.09185,-0.3686375
150467217527050,46.009733,-0.1387375,-0.0319,-0.3587375
150467227527730,46.019734,-0.115637496,0.037675,-0.2806375
150467237528643,46.029735,-0.1057375,0.0829125,-0.116875
150467247529580,46.039736,-0.1131625,0.0694375,0.104225
150467257530427,46.049736,-0.1326875,0.037675,0.3425125
150467267531334,46.059737,-0.1705,-0.0221375,0.5501375
150467277532013,46.069738,-0.223025,-0.1016125,0.684475
150467287532951,46.079739,-0.2767875,-0.18095,0.7481375
150467297533809,46.089740,-0.337975,-0.2652375,0.76395
150467307534746,46.099741,-0.388025,-0.33495,0.7346625
150467317535640,46.109742,-0.4197875,-0.374,0.650375
150467327536333,46.119742,-0.4345,-0.371525,0.5135625
150467337537181,46.129743,-0.4332625,-0.332475,0.32175
150467347538102,46.139744,-0.399025,-0.253,0.12375
150467357539035,46.149745,-0.36107498,-0.167475,-0.05335
150467367539728,46.159746,-0.3172125,-0.0746625,-0.19139999
150467377540672,46.169747,-0.2817375,0.0169125,-0.2891625
150467387541526,46.179748,-0.25245,0.078099996,-0.3282125
150467397542239,46.189748,-0.23045,0.0561,-0.337975
150467407543176,46.199749,-0.1925,0.0023375,-0.3306875
150467417544085,46.209750,-0.1632125,-0.0270875,-0.2916375
150467427544944,46.219751,-0.14245,-0.0661375,-0.237875
150467437545862,46.229752,-0.13145,-0.09295,-0.154825
150467447546554,46.239753,-0.1034,-0.0831875,-0.0765875
150467457547403,46.249753,-0.0521125,-0.056375,-0.02035
150467467548305,46.259754,0.0066,-0.0391875,0.021175
150467477549242,46.269755,0.056649998,-0.0246125,0.043175
150467487549937,46.279756,0.0823625,0.031625,0.0774125
150467497550874,46.289757,0.07865,0.081675,0.14575
150467507551725,46.299758,0.0408375,0.11715,0.26427498
150467517552660,46.309759,-0.00935,0.0694375,0.3925625
150467527553352,46.319759,-0.0484,-0.0429,0.47079998
150467537554277,46.329760,-0.061875,-0.2017125,0.4488
150467547555119,46.339761,-0.0521125,-0.3262875,0.330275
150467557555802,46.349762,-0.0386375,-0.3642375,0.1739375
150467567556720,46.359763,-0.0361625,-0.2982375,0.0369875
150467577557564,46.369764,-0.0471625,-0.134475,-0.0020625
150467587558501,46.379765,-0.078925,0.0438625,0.087175
150467597559410,46.389765,-0.128975,0.1549625,0.259325
150467607560103,46.399766,-0.1742125,0.16115,0.4365625
150467617561033,46.409767,-0.19745,0.0561,0.5416125
150467627561862,46.419768,-0.19745,-0.1309,0.545325
150467637562547,46.429769,-0.1852125,-0.308,0.4818
150467647563456,46.439769,-0.1522125,-0.4852375,0.3510375
150467657564298,46.449770,-0.089925,-0.5267625,0.181225
150467667565214,46.459771,-0.0251625,-0.432575,0.021175
150467677565902,46.469772,0.0286,-0.249425,-0.094875
150467687566822,46.479773,0.056649998,-0.0281875,-0.1645875
150467697567740,46.489774,0.0688875,0.1269125,-0.193875
150467707568579,46.499775,0.0726,0.158675,-0.2134
150467717569489,46.509775,0.08965,0.0633875,-0.25245
150467727570181,46.519776,0.1276,-0.09295,-0.31239998
150467737571048,46.529777,0.16293749,-0.19813749,-0.3551625
150467747571956,46.539778,0.1788875,-0.22495,-0.3661625
150467757572634,46.549779,0.17765,-0.15413749,-0.3466375
150467767573542,46.559780,0.158125,0.009625,-0.2646875
150467777574388,46.569780,0.1276,0.12815,-0.11935
150467787575309,46.579781,0.1018875,0.1634875,0.0664125
150467797576003,46.589782,0.103125,0.0804375,0.1970375
150467807576849,46.599783,0.1214125,-0.0576125,0.258225
150467817577773,46.609784,0.13859999,-0.17847499,0.242275
150467827578694,46.619785,0.147125,-0.2237125,0.2080375
150467837579391,46.629785,0.1299375,-0.1711875,0.1970375
150467847580316,46.639786,0.0969375,-0.084425,0.2129875
150467857581237,46.649787,0.06765,0.0083875,0.2605625
150467867582059,46.659788,0.037125,0.020624999,0.303325
150467877582759,46.669789,0.0188375,-0.0416625,0.3070375
150467887583686,46.679790,0.0078375,-0.1467125,0.270325
150467897584559,46.689791,-0.001925,-0.304425,0.1617
150467907585234,46.699791,0.0138875,-0.42405,-0.005775
150467917586171,46.709792,0.0358875,-0.43147498,-0.17435
150467927587018,46.719793,0.0518375,-0.3532375,-0.293975
150467937587939,46.729794,0.053075,-0.205425,-0.3234
150467947588633,46.739795,0.048125,-0.0796125,-0.3026375
150467957589556,46.749796,0.0433125,0.0193875,-0.2391125
150467967590479,46.759796,0.0298375,0.020624999,-0.1571625
150467977591338,46.769797,0.0444125,-0.0941875,-0.121825
150467987592042,46.779798,0.076175,-0.2041875,-0.1511125
150467997592965,46.789799,0.0946,-0.2079,-0.193875
150468007593795,46.799800,0.0933625,-0.144375,-0.1865875
150468017594723,46.809801,0.070125,-0.0319,-0.0875875
150468027595414,46.819801,0.037125,0.1098625,0.095699996
150468037596355,46.829802,-0.01045,0.16115,0.3119875
150468047597199,46.839803,-0.0496375,0.131725,0.4670875
150468057598107,46.849804,-0.0581625,-0.018424999,0.485375
150468067598799,46.859805,-0.0471625,-0.2079,0.380325
150468077599636,46.869806,-0.032449998,-0.321475,0.1958
150468087600578,46.879807,-0.0411125,-0.282425,0.027224999
150468097601506,46.889808,-0.093637496,-0.145475,-0.050875
150468107602199,46.899808,-0.15345,0.026675,-0.0386375
150468117603136,46.909809,-0.17545,0.1403875,4.125E-4
150468127603997,46.919810,-0.161975,0.1623875,0.0114124995
150468137604705,46.929811,-0.1387375,0.0792,-0.0375375
150468147605547,46.939812,-0.1021625,-0.1271875,-0.1645875
150468157606475,46.949812,-0.0251625,-0.27995,-0.3612125
150468167607396,46.959813,0.053075,-0.23595,-0.55055
150468177608074,46.969814,0.0823625,-0.0746625,-0.61654997
150468187609003,46.979815,0.0738375,0.1672,-0.5542625
150468197609843,46.989816,0.045649998,0.3859625,-0.3746875
150468207610752,46.999817,0.020075,0.43725,-0.138875
150468217611430,47.009817,0.0493625,0.33825,0.0187
150468227612292,47.019818,0.1299375,0.1342,0.01265
150468237613220,47.029819,0.214225,0.003575,-0.0875875
150468247613902,47.039820,0.24365,-0.017324999,-0.144925
150468257614812,47.049821,0.2338875,0.0658625,-0.0790625
150468267615646,47.059822,0.208175,0.2112,0.0919875
150468277616340,47.069822,0.21065,0.3565375,0.3095125
150468287617283,47.079823,0.2154625,0.3773,0.518375
150468297618204,47.089824,0.230175,0.2600125,0.634425
150468307619038,47.099825,0.26565,0.0719125,0.6161375
150468317619716,47.109826,0.29741248,-0.145475,0.463375
150468327620630,47.119827,0.324225,-0.1956625,0.2520375
150468337621488,47.129827,0.29741248,-0.10395,0.0774125
150468347622197,47.139828,0.2387,0.0438625,0.0064625
150468357623129,47.149829,0.1824625,0.21367499,0.0394625
150468367624058,47.159830,0.1507,0.3260125,0.1164625
150468377624923,47.169831,0.1496,0.313775,0.181225
150468387625615,47.179832,0.17765,0.1769625,0.1885125
150468397626553,47.189833,0.2118875,-1.375E-4,0.14093749
150468407627399,47.199833,0.2387,-0.1357125,0.06875
150468417628315,47.209834,0.2314125,-0.1626625,0.0284625
150468427629014,47.219835,0.2008875,-0.0979,0.038225
150468437629937,47.229836,0.16665,0.0083875,0.073699996
150468447630791,47.239837,0.14093749,0.1098625,0.10175
150468457631708,47.249838,0.1397,0.136675,0.0847
150468467632401,47.259838,0.1714625,0.07315,0.004125
150468477633249,47.269839,0.202125,-0.0209,-0.1266375
150468487634184,47.279840,0.197175,-0.062425,-0.24887499
150468497634891,47.289841,0.158125,-0.017324999,-0.2831125
150468507635816,47.299842,0.0946,0.108625,-0.22935
150468517636631,47.309843,0.0383625,0.20625,-0.11935
150468527637564,47.319844,-6.875E-4,0.2014375,0.0199375
150468537638261,47.329844,-0.0044,0.119625,0.07865
150468547639186,47.339845,0.0273625,0.0011,0.0224125
150468557640025,47.349846,0.0738375,-0.0759,-0.1131625
150468567640713,47.359847,0.0994125,-0.045375,-0.2366375
150468577641639,47.369848,0.0884125,0.0682,-0.2904
150468587642483,47.379848,0.0628375,0.2234375,-0.2756875
150468597643177,47.389849,0.0408375,0.357775,-0.21945
150468607644086,47.399850,0.042075,0.3700125,-0.1596375
150468617644932,47.409851,0.065175,0.28325,-0.1120625
150468627645848,47.419852,0.092125,0.1549625,-0.0790625
150468637646543,47.429853,0.10065,0.078099996,-0.0325875
150468647647452,47.439853,0.070125,0.0523875,0.05775
150468657648298,47.449854,0.0103124995,0.103675,0.176275
150468667649200,47.459855,-0.0704,0.1854875,0.2985125
150468677649896,47.469856,-0.1436875,0.1769625,0.3900875
150468687650748,47.479857,-0.1802625,0.048675,0.385275
150468697651671,47.489858,-0.166925,-0.10395,0.258225
150468707652349,47.499858,-0.1302125,-0.1882375,0.06875
150468717653255,47.509859,-0.095975,-0.1431375,-0.115637496
150468727654084,47.519860,-0.089925,0.0023375,-0.17435
150468737654779,47.529861,-0.1057375,0.186725,-0.1120625
150468747655707,47.539862,-0.117975,0.3064875,0.0248875
150468757656553,47.549863,-0.104637496,0.291775,0.159225
150468767657474,47.559863,-0.0594,0.1733875,0.2239875
150468777658175,47.569864,-0.0056375,0.0011,0.2154625
150468787659024,47.579865,0.026124999,-0.0979,0.1739375
150468797659960,47.589866,0.0224125,-0.106425,0.1824625
150468807660654,47.599867,-0.0081124995,-0.0979,0.2825625
150468817661581,47.609868,-0.0484,-0.09295,0.42185
150468827662445,47.619868,-0.0606375,-0.1051875,0.5000875
150468837663139,47.629869,-0.0301125,-0.1431375,0.474375
150468847664082,47.639870,0.0224125,-0.1821875,0.3680875
150468857664923,47.649871,0.056649998,-0.2176625,0.2630375
150468867665849,47.659872,0.0518375,-0.20295,0.23127499
150468877666531,47.669873,-6.875E-4,-0.1126125,0.2935625
150468887667466,47.679873,-0.0776875,-0.0391875,0.4280375
150468897668320,47.689874,-0.14245,-0.0160875,0.568425
150468907669014,47.699875,-0.1546875,-0.1247125,0.617375
150468917669937,47.709876,-0.1266375,-0.2627625,0.573375
150468927670786,47.719877,-0.0814,-0.38005,0.4450875
150468937671723,47.729878,-0.0532125,-0.4778125,0.3058
150468947672416,47.739878,-0.0594,-0.52305,0.1947
150468957673272,47.749879,-0.09845,-0.44,0.1054625
150468967673966,47.759880,-0.1387375,-0.3152875,0.02365
150468977674875,47.769881,-0.1375,-0.22247499,-0.0595375
150468987675715,47.779882,-0.0924,-0.14795,-0.1681625
150468997676632,47.789883,-0.014162499,-0.0611875,-0.3111625
150469007677326,47.799883,0.0506,0.07315,-0.42473748
150469017678158,47.809884,0.070125,0.20515,-0.458975
150469027679079,47.819885,0.0468875,0.296725,-0.386925
150469037679787,47.829886,0.009075,0.2662,-0.2756875
150469047680711,47.839887,-0.017875,0.1439625,-0.144925
150469057681569,47.849888,-0.023924999,-0.0099,-0.0276375
150469067682497,47.859888,-0.01045,-0.1516625,0.0554125
150469077683208,47.869889,-0.014162499,-0.211475,0.1384625
150469087684054,47.879890,-0.0471625,-0.1931875,0.2167
150469097684987,47.889891,-0.1057375,-0.11495,0.270325
150469107685665,47.899892,-0.1681625,-0.0526625,0.2850375
150469117686590,47.909893,-0.194975,-0.106425,0.236225
150469127687415,47.919893,-0.16445,-0.238425,0.098175
150469137688107,47.929894,-0.1057375,-0.3117125,-0.1131625
150469147688956,47.939895,-0.0532125,-0.294525,-0.2842125
150469157689877,47.949896,-0.0642125,-0.1931875,-0.3282125
150469167690571,47.959897,-0.0972125,-0.0196625,-0.2732125
150469177691494,47.969897,-0.1106875,0.1159125,-0.1876875
150469187692338,47.979898,-0.0924,0.1489125,-0.0765875
150469197693251,47.989899,-0.0446875,0.0694375,-0.022824999
150469207693932,47.999900,0.0213125,-0.089375,-0.039875
150469217694782,48.009901,0.075075,-0.216425,-0.0814
150469227695703,48.019902,0.103125,-0.2517625,-0.1144
150469237696395,48.029902,0.1079375,-0.1736625,-0.110825
150469247697300,48.039903,0.098175,-0.0526625,-0.072875
150469257697918,48.049904,0.081125,0.081675,-8.25E-4
150469267698827,48.059905,0.0774125,0.1953875,0.093225
150469277699687,48.069906,0.048125,0.1892,0.2435125
150469287700608,48.079907,0.00165,0.1293875,0.39985
150469297701301,48.089907,-0.0606375,0.0254375,0.5366625
150469307702163,48.099908,-0.1192125,-0.106425,0.5880875
150469317703098,48.109909,-0.15345,-0.20047499,0.534325
150469327703778,48.119910,-0.161975,-0.2627625,0.435325
150469337704701,48.129911,-0.1582625,-0.297,0.2960375
150469347705545,48.139912,-0.133925,-0.253,0.11275
150469357706231,48.149912,-0.1216875,-0.167475,-0.0496375
150469367707072,48.159913,-0.1192125,-0.095425,-0.1694
150469377707979,48.169914,-0.10945,-0.073425,-0.28545
150469387708902,48.179915,-0.0862125,0.0011,-0.403975
150469397709594,48.189916,-0.0422125,0.1049125,-0.4846875
150469407710440,48.199916,-6.875E-4,0.1819125,-0.5005
150469417711139,48.209917,0.01265,0.230725,-0.443025
150469427712062,48.219918,0.0028875,0.2759625,-0.3001625
150469437712906,48.229919,-0.0251625,0.2319625,-0.1181125
150469447713829,48.239920,-0.028875,0.097625,0.027224999
150469457714510,48.249921,0.00165,-0.0636625,0.0809875
150469467715365,48.259921,0.042075,-0.15413749,0.0419375
150469477716286,48.269922,0.0543125,-0.1137125,0.0199375
150469487716969,48.279923,0.004125,-0.0160875,0.09075
150469497717830,48.289924,-0.072875,0.091437496,0.2300375
150469507718527,48.299925,-0.14739999,0.141625,0.37675
150469517719461,48.309925,-0.1901625,0.0682,0.4365625
150469527720317,48.319926,-0.1802625,-0.0941875,0.3755125
150469537721238,48.329927,-0.166925,-0.2286625,0.23375
150469547721931,48.339928,-0.1582625,-0.2652375,0.0468875
150469557722793,48.349929,-0.183975,-0.2407625,-0.1071125
150469567723700,48.359930,-0.2132625,-0.161425,-0.1791625
150469577724392,48.369930,-0.2182125,-0.0611875,-0.221925
150469587725225,48.379931,-0.177925,0.0353375,-0.282975
150469597726151,48.389932,-0.1082125,0.053625,-0.359975
150469607726832,48.399933,-0.0301125,0.0523875,-0.39421248
150469617727678,48.409934,0.034649998,0.0609125,-0.38073748
150469627728370,48.419934,0.065175,0.09515,-0.3234
150469637729283,48.429935,0.0603625,0.102437496,-0.21945
150469647730130,48.439936,0.0444125,0.08415,-0.0704
150469657731051,48.449937,0.034649998,0.0792,0.0369875
150469667731738,48.459938,0.034649998,0.0768625,0.0834625
150469677732663,48.469939,0.034649998,0.0561,0.148225
150469687733502,48.479940,0.045649998,0.004675,0.1885125
150469697734188,48.489940,0.0408375,0.0279125,0.2398
150469707735034,48.499941,-0.001925,0.103675,0.3205125
150469717735735,48.509942,-0.0752125,0.169675,0.4365625
150469727736644,48.519943,-0.1436875,0.142725,0.529375
150469737737504,48.529944,-0.1766875,0.1012,0.5355625
150469747738426,48.539944,-0.1962125,-0.040425,0.468325
150469757739133,48.549945,-0.1925,-0.2176625,0.292325
150469767739976,48.559946,-0.12773749,-0.3031875,-0.02035
150469777740907,48.569947,0.0066,-0.23595,-0.331925
150469787741599,48.579948,0.0908875,-0.0380875,-0.4907375
150469797742525,48.589949,0.109175,0.1892,-0.5102625
150469807743364,48.599949,0.092125,0.3345375,-0.4112625
150469817744060,48.609950,0.086075,0.34553748,-0.2561625
150469827744908,48.619951,0.11165,0.2099625,-0.1681625
150469837745587,48.629952,0.1568875,-0.0026125,-0.1645875
150469847746510,48.639953,0.208175,-0.2286625,-0.237875
150469857747361,48.649953,0.247225,-0.29095,-0.2794
150469867748282,48.659954,0.269225,-0.18095,-0.320925
150469877748978,48.669955,0.2679875,0.004675,-0.3454
150469887749817,48.679956,0.2827,0.25025,-0.34045
150469897750524,48.689957,0.2789875,0.428725,-0.24887499
150469907751370,48.699957,0.2534125,0.467775,-0.033825
150469917752291,48.709958,0.19965,0.3553,0.2239875
150469927753214,48.719959,0.142175,0.19415,0.4621375
150469937753892,48.729960,0.0688875,-0.001375,0.6149
150469947754736,48.739961,0.0103124995,-0.17847499,0.6221875
150469957755676,48.749962,-0.0301125,-0.393525,0.496375
150469967756298,48.759962,0.009075,-0.498575,0.2385625
150469977757224,48.769963,0.1056,-0.3972375,-0.091299996
150469987757914,48.779964,0.1813625,-0.1357125,-0.359975
150469997758837,48.789965,0.1959375,0.1634875,-0.487025
150470007759700,48.799966,0.1813625,0.4310625,-0.5262125
150470017760399,48.809966,0.158125,0.63635,-0.43945
150470027761316,48.819967,0.1056,0.5911125,-0.2574
150470037762160,48.829968,0.06765,0.33825,-0.050875
150470047762855,48.839969,0.0578875,0.0169125,0.0724625
150470057763774,48.849970,0.087175,-0.231,0.06765
150470067764636,48.859971,0.1288375,-0.3031875,-0.0215875
150470077765559,48.869972,0.1568875,-0.1662375,-0.116875
150470087766254,48.879972,0.1703625,0.0682,-0.14739999
150470097767098,48.889973,0.1606,0.3064875,-0.0875875
150470107767802,48.899974,0.1617,0.3859625,-0.016775
150470117768638,48.909975,0.169125,0.36025,0.045649998
150470127769317,48.919975,0.1727,0.224675,0.1115125
150470137770231,48.929976,0.1507,0.102437496,0.20075
150470147771152,48.939977,0.0884125,0.014575,0.2899875
150470157771998,48.949978,0.0188375,-0.0050875,0.32175
150470167772690,48.959979,-0.012925,-0.0099,0.2569875
150470177773536,48.969980,-0.0056375,-0.0050875,0.143275
150470187774217,48.979980,0.037125,-0.007425,0.0297
150470197775067,48.989981,0.0823625,0.0121,-0.0851125
150470207775990,48.999982,0.08965,0.091437496,-0.144925
150470217776677,49.009983,0.076175,0.19415,-0.17435
150470227777586,49.019984,0.0554125,0.2380125,-0.1596375
150470237778426,49.029984,0.0383625,0.2112,-0.1010625
150470247779118,49.039985,0.02365,0.1012,-0.0704
150470257779961,49.049986,0.0358875,-0.073425,-0.0814
150470267780669,49.059987,0.06765,-0.1931875,-0.1816375
150470277781592,49.069988,0.1189375,-0.2506625,-0.3685
150470287782524,49.079989,0.158125,-0.14795,-0.54821247
150470297783368,49.089989,0.1544125,0.124437496,-0.67155
150470307784060,49.099990,0.12265,0.3553,-0.71555
150470317784913,49.109991,0.0933625,0.5361125,-0.6043125
150470327785834,49.119992,0.065175,0.5935875,-0.39545
150470337786538,49.129993,0.0396,0.4860625,-0.133925
150470347787384,49.139993,0.031075,0.25025,0.1164625
150470357788085,49.149994,0.0163625,-0.0416625,0.2850375
150470367788999,49.159995,0.0138875,-0.2567125,0.3070375
150470377789859,49.169996,0.0273625,-0.44,0.18493749
150470387790586,49.179997,0.064075,-0.451,-0.0143
150470397791509,49.189998,0.092125,-0.231,-0.24887499
150470407792353,49.199998,0.07865,0.086625,-0.39545
150470417793046,49.209999,0.034649998,0.34925,-0.3966875
150470427793909,49.220000,-6.875E-4,0.4835875,-0.2696375
150470437794815,49.230001,-0.056925,0.4860625,-0.0045375
150470447795526,49.240002,-0.1265,0.2624875,0.280225
150470457796379,49.250002,-0.194975,0.0193875,0.5148
150470467797300,49.260003,-0.23045,-0.2542375,0.60513747
150470477797984,49.270004,-0.2145,-0.498575,0.52085
150470487798817,49.280005,-0.161975,-0.581625,0.330275
150470497799509,49.290006,-0.089925,-0.4753375,0.1067
150470507800437,49.300006,-0.0556875,-0.205425,-0.0375375
150470517801267,49.310007,-0.0471625,0.1439625,-0.06435
150470527801976,49.320008,-0.050875,0.3334375,0.0174625
150470537802807,49.330009,-0.054449998,0.3260125,0.120175
150470547803699,49.340010,-0.039875,0.1342,0.1397
150470557804607,49.350011,-0.0226875,-0.1381875,0.0419375
150470567805295,49.360011,-0.017875,-0.36795,-0.1095875
150470577806141,49.370012,-0.0191125,-0.4753375,-0.27445
150470587806835,49.380013,-0.0301125,-0.360525,-0.4162125
150470597807686,49.390014,-0.0446875,-0.1529,-0.50655
150470607808355,49.400014,-0.0484,0.1379125,-0.520025
150470617809278,49.410015,-0.0642125,0.335775,-0.4467375
150470627810110,49.420016,-0.078925,0.3785375,-0.2536875
150470637810802,49.430017,-0.0911625,0.23567499,-0.0105875
150470647811734,49.440018,-0.09845,0.01815,0.1885125
150470657812594,49.450019,-0.1192125,-0.150425,0.33275
150470667813271,49.460019,-0.1546875,-0.2591875,0.4145625
150470677814090,49.470020,-0.1876875,-0.3007125,0.4500375
150470687815026,49.480021,-0.1986875,-0.30195,0.4450875
150470697815705,49.490022,-0.17545,-0.32395,0.347325
150470707816639,49.500023,-0.117975,-0.3337125,0.1579875
150470717817503,49.510024,-0.032449998,-0.3397625,-0.115637496
150470727818195,49.520024,0.0408375,-0.242,-0.397925
150470737819043,49.530025,0.0543125,-0.0686125,-0.592075
150470747819954,49.540026,0.0188375,0.0963875,-0.6642625
150470757820633,49.550027,-0.0301125,0.2514875,-0.5713125
150470767821476,49.560027,-0.0826375,0.301675,-0.3636875
150470777822192,49.570028,-0.1241625,0.175725,-0.0790625
150470787823052,49.580029,-0.12773749,-0.0416625,0.16775
150470797823973,49.590030,-0.0947375,-0.3177625,0.2875125
150470807824678,49.600031,-0.0446875,-0.4717625,0.2850375
150470817825524,49.610032,-0.01045,-0.4582875,0.18727499
150470827826211,49.620032,-0.0081124995,-0.3031875,0.1067
150470837827134,49.630033,-0.0166375,-0.1051875,0.073699996
150470847827981,49.640034,-0.02145,0.0719125,0.0919875
150470857828673,49.650035,-0.017875,0.136675,0.142175
150470867829519,49.660036,-0.0276375,0.141625,0.2105125
150470877830440,49.670036,-0.0691625,0.1049125,0.30827498
150470887831133,49.680037,-0.1302125,0.0243375,0.4255625
150470897831976,49.690038,-0.199925,-0.067375,0.52085
150470907832897,49.700039,-0.2597375,-0.111375,0.551375
150470917833605,49.710040,-0.2805,-0.1626625,0.4940375
150470927834466,49.720040,-0.26221249,-0.1797125,0.3535125
150470937835159,49.730041,-0.2267375,-0.2286625,0.1445125
150470947836072,49.740042,-0.14245,-0.24447499,-0.1034
150470957836979,49.750043,-0.045925,-0.22495,-0.386925
150470967837596,49.760044,0.0358875,-0.1309,-0.6117375
150470977838509,49.770045,0.070125,0.0083875,-0.78155
150470987839125,49.780045,0.0738375,0.1672,-0.879175
150470997840034,49.790046,0.0603625,0.34553748,-0.8963625
150471007840899,49.800047,0.045649998,0.4164875,-0.8328375
150471017841605,49.810048,0.053075,0.373725,-0.7398875
150471027842543,49.820049,0.07865,0.2674375,-0.619025
150471037843390,49.830049,0.106837496,0.2184875,-0.436975
150471047844067,49.840050,0.1153625,0.1794375,-0.2096875
150471057844918,49.850051,0.081125,0.119625,0.065175
150471067845824,49.860052,0.056649998,0.0548625,0.2765125
150471077846502,49.870053,0.059125,-0.108899996,0.3339875
150471087847425,49.880053,0.0946,-0.2481875,0.2374625
150471097848286,49.890054,0.1128875,-0.3067625,0.0187
150471107848977,49.900055,0.1189375,-0.227425,-0.232925
150471117849819,49.910056,0.0933625,-0.0246125,-0.4076875
150471127850512,49.920057,0.064075,0.152625,-0.4736875
150471137851360,49.930057,0.0543125,0.279675,-0.432025
150471147852276,49.940058,0.045649998,0.318725,-0.320925
150471157852982,49.950059,0.0358875,0.20625,-0.171875
150471167853846,49.960060,0.009075,0.00715,-0.0265375
150471177854752,49.970061,-0.0301125,-0.150425,0.1115125
150471187855459,49.980061,-0.0826375,-0.198,0.2410375
150471197856290,49.990062,-0.1412125,-0.1577125,0.369325
150471207857213,50.000063,-0.183975,-0.0611875,0.4720375
150471217857845,50.010064,-0.199925,-0.013612499,0.5586625
150471227858766,50.020065,-0.1827375,-0.0111375,0.617375
150471237859488,50.030065,-0.17173749,-0.0209,0.6406125
150471247860334,50.040066,-0.1607375,-0.078375,0.6246625
150471257861042,50.050067,-0.1925,-0.144375,0.600325
150471267861861,50.060068,-0.2512125,-0.198,0.5355625
150471277862767,50.070069,-0.300025,-0.2237125,0.42061248
150471287863464,50.080069,-0.3232625,-0.321475,0.2264625
150471297864312,50.090070,-0.2732125,-0.360525,-0.044825
150471307865233,50.100071,-0.1681625,-0.310475,-0.32945
150471317865931,50.110072,-0.0716375,-0.0831875,-0.53473747
150471327866760,50.120073,-0.028875,0.2820125,-0.619025
150471337867452,50.130073,-0.050875,0.6851625,-0.535975
150471347868379,50.140074,-0.1241625,0.90021247,-0.26221249
150471357869224,50.150075,-0.1925,0.7744,0.1274625
150471367869902,50.160076,-0.2096875,0.39325,0.47685
150471377870777,50.170077,-0.19373749,-0.0501875,0.6479
150471387871695,50.180078,-0.1852125,-0.4338125,0.6111875
150471397872388,50.190078,-0.1302125,-0.570625,0.43408749
150471407873248,50.200079,-0.0837375,-0.396,0.21175
150471417873926,50.210080,-0.073975,-0.1161875,0.0774125
150471427874787,50.220081,-0.061875,0.1439625,0.065175
150471437875723,50.230082,-0.028875,0.33825,0.1384625
150471447876430,50.240082,0.0163625,0.401775,0.2484625
150471457877276,50.250083,0.0334125,0.2992,0.32175
150471467877965,50.260084,0.01265,0.1183875,0.3388
150471477878811,50.270085,-0.0336875,-0.058849998,0.280225
150471487879504,50.280086,-0.0837375,-0.2189,0.154275
150471497880413,50.290086,-0.1144,-0.29095,-0.0473
150471507881264,50.300087,-0.089925,-0.227425,-0.2794
150471517881941,50.310088,-0.0154,-0.0856625,-0.4907375
150471527882869,50.320089,0.0664125,0.1219625,-0.5897375
150471537883700,50.330090,0.1128875,0.307725,-0.557975
150471547884378,50.340090,0.12265,0.4835875,-0.3892625
150471557885229,50.350091,0.0933625,0.4945875,-0.1131625
150471567886152,50.360092,0.0543125,0.2882,0.18975
150471577886829,50.370093,0.0358875,-0.0356125,0.380325
150471587887676,50.380094,0.048125,-0.3727625,0.4060375
150471597888354,50.390094,0.070125,-0.5988125,0.2728
150471607889195,50.400095,0.120175,-0.5328125,0.049225
150471617889889,50.410096,0.1593625,-0.2322375,-0.171875
150471627890731,50.420097,0.1874125,0.1354375,-0.276925
150471637891652,50.430098,0.20693749,0.428725,-0.24887499
150471647892349,50.440098,0.197175,0.589875,-0.0851125
150471657893197,50.450099,0.1507,0.511775,0.165275
150471667893904,50.460100,0.0713625,0.3064875,0.42061248
150471677894827,50.470101,-0.0276375,0.026675,0.579425
150471687895687,50.480102,-0.139975,-0.2432375,0.6491375
150471697896355,50.490102,-0.2267375,-0.4852375,0.584375
150471707897216,50.500103,-0.2426875,-0.553575,0.4145625
150471717898138,50.510104,-0.1901625,-0.487575,0.1397
150471727898830,50.520105,-0.084975,-0.25795,-0.155925
150471737899680,50.530106,0.0323125,0.053625,-0.3966875
150471747900372,50.540106,0.13365,0.3834875,-0.5187875
150471757901293,50.550107,0.1788875,0.6523,-0.50655
150471767902132,50.560108,0.16665,0.8232125,-0.3111625
150471777902829,50.570109,0.08965,0.7744,0.0174625
150471787903665,50.580110,-0.0166375,0.52525,0.3950375
150471797904583,50.590111,-0.1167375,0.1574375,0.6821375
150471807905276,50.600111,-0.19373749,-0.2322375,0.8091875
150471817905907,50.610112,-0.23773749,-0.5597625,0.7871875
150471827907064,50.620113,-0.2096875,-0.73562497,0.6076125
150471837907679,50.630114,-0.133925,-0.7869125,0.2924625
150471847908360,50.640114,-0.0044,-0.5377625,-0.115637496
150471857909283,50.650115,0.1238875,-0.15413749,-0.5297875
150471867910141,50.660116,0.2179375,0.2734875,-0.801075
150471877910833,50.670117,0.274175,0.6315375,-0.923175
150471887911756,50.680118,0.2704625,0.8281625,-0.8988375
150471897912612,50.690119,0.236225,0.848925,-0.7436
150471907913232,50.700119,0.17765,0.6510625,-0.4747875
150471917914228,50.710120,0.106837496,0.2894375,-0.1791625
150471927915079,50.720121,0.0493625,-0.0721875,0.0554125
150471937915776,50.730122,0.009075,-0.3287625,0.1959375
150471947916614,50.740123,-0.006875,-0.4082375,0.247225
150471957917324,50.750123,0.01155,-0.316525,0.236225
150471967918175,50.760124,0.0433125,-0.14795,0.1947
150471977919088,50.770125,0.076175,0.0792,0.1714625
150471987919753,50.780126,0.095837496,0.224675,0.1775125
150471997920594,50.790127,0.08965,0.2552,0.242275
150472007921282,50.800127,0.0468875,0.1953875,0.3205125
150472017922128,50.810128,-0.0202125,0.048675,0.3645125
150472027922830,50.820129,-0.093637496,-0.1419,0.3620375
150472037923748,50.830130,-0.1461625,-0.3031875,0.2875125
150472047924594,50.840131,-0.166925,-0.34705,0.1249875
150472057925291,50.850131,-0.15345,-0.26895,-0.083875
150472067926132,50.860132,-0.128975,-0.144375,-0.2464
150472077926806,50.870133,-0.0911625,-0.0111375,-0.3331625
150472087927652,50.880134,-0.0374,0.1109625,-0.3771625
150472097928344,50.890134,0.0138875,0.2149125,-0.375925
150472107929267,50.900135,0.0433125,0.2699125,-0.3636875
150472117930118,50.910136,0.048125,0.3040125,-0.3001625
150472127930806,50.920137,0.0188375,0.274725,-0.160875
150472137931657,50.930138,-0.0226875,0.1892,0.0309375
150472147932363,50.940138,-0.0666875,0.0658625,0.2154625
150472157933286,50.950139,-0.0911625,-0.0661375,0.3180375
150472167934147,50.960140,-0.0814,-0.1529,0.324225
150472177934841,50.970141,-0.054449998,-0.1907125,0.24475
150472187935685,50.980142,-0.0226875,-0.17613749,0.12375
150472197936636,50.990143,-0.012925,-0.10395,-0.0166375
150472207937257,51.000143,-0.0154,-0.0086624995,-0.1376375
150472217937963,51.010144,-0.028875,0.0561,-0.215875
150472227938867,51.020145,-0.043449998,0.097625,-0.26345
150472237939708,51.030146,-0.0556875,0.0902,-0.2976875
150472247940401,51.040146,-0.067925,0.02915,-0.3245
150472257941247,51.050147,-0.084975,-0.0281875,-0.3416875
150472267942170,51.060148,-0.104637496,-0.0551375,-0.342925
150472277942862,51.070149,-0.12045,-0.0576125,-0.3344
150472287943708,51.080150,-0.1364,-0.0380875,-0.3026375
150472297944401,51.090150,-0.1351625,-0.0526625,-0.2794
150472307945247,51.100151,-0.104637496,-0.0796125,-0.2794
150472317946161,51.110152,-0.0606375,-0.1027125,-0.30621248
150472327946853,51.120153,-0.0092124995,-0.1027125,-0.364925
150472337947699,51.130154,0.031075,-0.023375,-0.42845
150472347948393,51.140154,0.0506,0.0999625,-0.4417875
150472357949242,51.150155,0.053075,0.2039125,-0.370975
150472367949926,51.160156,0.0433125,0.24419999,-0.232925
150472377950757,51.170157,0.0433125,0.2514875,-0.0460625
150472387951667,51.180158,0.0248875,0.1733875,0.165275
150472397952373,51.190158,0.015125,0.0438625,0.3168
150472407953214,51.200159,0.0066,-0.062425,0.4085125
150472417953916,51.210160,-0.0191125,-0.108899996,0.462275
150472427954763,51.220161,-0.0471625,-0.0906125,0.5061375
150472437955686,51.230162,-0.0752125,-0.047849998,0.5478
150472447956368,51.240162,-0.1034,-0.007425,0.5966125
150472457957209,51.250163,-0.1131625,-0.047849998,0.622325
150472467957901,51.260164,-0.1021625,-0.1419,0.5831375
150472477958752,51.270165,-0.078925,-0.2481875,0.435325
150472487959435,51.280165,-0.0336875,-0.297,0.198275
150472497960281,51.290166,0.0078375,-0.2517625,-0.066825
150472507960973,51.300167,0.0273625,-0.1406625,-0.2684
150472517961896,51.310168,0.0273625,0.0328625,-0.3551625
150472527962742,51.320169,0.0176,0.1744875,-0.3392125
150472537963429,51.330169,0.009075,0.21615,-0.2536875
150472547964275,51.340170,0.01265,0.136675,-0.1376375
150472557964983,51.350171,0.031075,-0.047849998,-0.0826375
150472567965834,51.360172,0.064075,-0.2176625,-0.1241625
150472577966747,51.370173,0.0836,-0.286,-0.210925
150472587967458,51.380173,0.0798875,-0.22495,-0.2696375
150472597968323,51.390174,0.0664125,-0.078375,-0.27445
150472607969017,51.400175,0.056649998,0.158675,-0.2036375
150472617969867,51.410176,0.026124999,0.2649625,-0.0301125
150472627970564,51.420177,0.0163625,0.2294875,0.16775
150472637971425,51.430177,0.0248875,0.075625,0.3070375
150472647972113,51.440178,0.0323125,-0.0796125,0.369325
150472657973050,51.450179,0.0248875,-0.172425,0.3790875
150472667973665,51.460180,-0.01045,-0.183425,0.385275
150472677974605,51.470181,-0.061875,-0.108899996,0.4170375
150472687975445,51.480181,-0.1082125,-0.02585,0.4670875
150472697976062,51.490182,-0.1302125,0.0023375,0.507375
150472707976983,51.500183,-0.1241625,-0.0429,0.474375
150472717977670,51.510184,-0.1106875,-0.156475,0.358325
150472727978278,51.520184,-0.0704,-0.231,0.18727499
150472737979416,51.530185,-0.0226875,-0.1931875,-0.033825
150472747980119,51.540186,0.009075,-0.0611875,-0.22687499
150472757980720,51.550187,0.02255,0.0853875,-0.326975
150472767981552,51.560188,0.0408375,0.208725,-0.3392125
150472777982460,51.570188,0.06765,0.219725,-0.3234
150472787983152,51.580189,0.098175,0.1659625,-0.28545
150472797984005,51.590190,0.1128875,0.0878625,-0.24145
150472807984926,51.600191,0.120175,-0.00385,-0.2121625
150472817985529,51.610192,0.1166,-0.0221375,-0.1621125
150472827986221,51.620192,0.097075,-1.375E-4,-0.083875
150472837987067,51.630193,0.0774125,0.0548625,0.032175
150472847987974,51.640194,0.0554125,0.05115,0.1727
150472857988592,51.650195,0.0468875,0.0633875,0.3058
150472867989513,51.660196,0.045649998,0.0328625,0.3755125
150472877990436,51.670196,0.048125,-0.0319,0.391325
150472887991055,51.680197,0.0358875,-0.0856625,0.374275
150472897991739,51.690198,0.0163625,-0.1211375,0.336325
150472907992585,51.700199,-0.012925,-0.1381875,0.2728
150472917993279,51.710199,-0.039875,-0.1016125,0.192225
150472927994134,51.720200,-0.050875,-0.04895,0.0919875
150472937995055,51.730201,-0.054449998,-0.0221375,-0.0240625
150472947995734,51.740202,-0.0532125,-0.0086624995,-0.11935
150472957996594,51.750203,-0.045925,-0.029424999,-0.1876875
150472967997272,51.760203,-0.0276375,-0.0881375,-0.243925
150472977998113,51.770204,-0.01045,-0.133375,-0.29273748
150472987998805,51.780205,0.0103124995,-0.1529,-0.331925
150472997999653,51.790206,0.02255,-0.1381875,-0.3722125
150473008000345,51.800206,0.02255,-0.089375,-0.38073748
150473018001192,51.810207,0.0163625,-0.0281875,-0.3441625
150473028002127,51.820208,0.0176,0.015675,-0.2561625
150473038002838,51.830209,0.0176,0.0413875,-0.1241625
150473048003680,51.840210,0.0163625,0.0364375,0.0407
150473058004367,51.850210,-6.875E-4,-0.0171875,0.2167
150473068005291,51.860211,-0.0374,-0.0917125,0.3645125
150473078005906,51.870212,-0.0826375,-0.167475,0.45485
150473088006754,51.880213,-0.1106875,-0.2567125,0.45485
150473098007422,51.890213,-0.117975,-0.3372875,0.3680875
150473108008283,51.900214,-0.104499996,-0.36781248,0.2105125
150473118008975,51.910215,-0.0642125,-0.3202375,-0.0264
150473128009821,51.920216,-0.0264,-0.18095,-0.2451625
150473138010761,51.930217,-0.0056375,-0.00385,-0.3856875
150473148011456,51.940217,-0.0092124995,0.097625,-0.45045
150473158012313,51.950218,-0.0081124995,0.1183875,-0.4222625
150473168013014,51.960219,0.0017875,0.0963875,-0.353925
150473178013875,51.970220,0.015125,0.0474375,-0.2806375
150473188014553,51.980221,0.0248875,-0.047849998,-0.210925
150473198015375,51.990221,0.031075,-0.1186625,-0.1436875
150473208016057,52.000222,0.0433125,-0.1271875,-0.07535
150473218017000,52.010223,0.0383625,-0.106425,0.0138875
150473228017834,52.020224,0.015125,-0.056375,0.1775125
150473238018527,52.030225,-0.0166375,-0.0319,0.3315125
150473248019373,52.040225,-0.034925,-0.047849998,0.4365625
150473258020065,52.050226,-0.039875,-0.100375,0.4756125
150473268020930,52.060227,-0.039875,-0.1639,0.462275
150473278021854,52.070228,-0.0484,-0.205425,0.4280375
150473288022442,52.080228,-0.0691625,-0.2102375,0.38775
150473298023134,52.090229,-0.1034,-0.16995,0.3498
150473308024057,52.100230,-0.1412125,-0.133375,0.29975
150473318024897,52.110231,-0.1692625,-0.111375,0.220275
150473328025585,52.120232,-0.1681625,-0.1309,0.0919875
150473338026421,52.130232,-0.1375,-0.172425,-0.0741125
150473348027096,52.140233,-0.104637496,-0.20899999,-0.2206875
150473358027952,52.150234,-0.0727375,-0.19195,-0.3234
150473368028652,52.160235,-0.0594,-0.0906125,-0.3551625
150473378029479,52.170235,-0.0606375,0.0633875,-0.3147375
150473388030402,52.180236,-0.0606375,0.186725,-0.21945
150473398031085,52.190237,-0.0666875,0.1964875,-0.08635
150473408031721,52.200238,-0.0484,0.0939125,0.021175
150473418032644,52.210239,-0.012925,0.0011,0.07865
150473428033483,52.220239,0.009075,-0.0391875,0.1214125
150473438034186,52.230240,-0.012925,-0.0196625,0.2057
150473448035027,52.240241,-0.0716375,0.070675,0.336325
150473458035659,52.250242,-0.122925,0.097625,0.5135625
150473468036582,52.260243,-0.12773749,0.114675,0.66385
150473478037275,52.270243,-0.106975,0.0328625,0.716375
150473488038119,52.280244,-0.0704,-0.073425,0.6661875
150473498038812,52.290245,-0.0496375,-0.1357125,0.55385
150473508039658,52.300246,-0.051975,-0.1639,0.4145625
150473518040351,52.310246,-0.0837375,-0.14795,0.302225
150473528041274,52.320247,-0.12045,-0.0856625,0.2239875
150473538042123,52.330248,-0.133925,-1.375E-4,0.1837
150473548042817,52.340249,-0.1167375,0.02915,0.153175
150473558043678,52.350250,-0.0776875,0.0011,0.109175
150473568044364,52.360250,-0.0446875,-0.0391875,0.0504625
150473578045205,52.370251,-0.0202125,-0.0661375,-0.011825
150473588045899,52.380252,-0.014162499,-0.0831875,-0.0570625
150473598046769,52.390253,-0.017875,-0.0991375,-0.072875
150473608047465,52.400253,-0.014162499,-0.095425,-0.06435
150473618048390,52.410254,-6.875E-4,-0.084425,-0.066825
150473628049005,52.420255,0.0248875,-0.062425,-0.09735
150473638049937,52.430256,0.0433125,-0.007425,-0.110825
150473648050553,52.440257,0.0433125,0.0413875,-0.0924
150473658051490,52.450257,0.03355,0.0719125,-0.050875
150473668052119,52.460258,0.0138875,0.0719125,0.0138875
150473678053038,52.470259,-0.006875,0.048675,0.08965
150473688053897,52.480260,-0.028875,0.0169125,0.17875
150473698054594,52.490261,-0.0471625,-0.029424999,0.253275
150473708055440,52.500261,-0.0581625,-0.0746625,0.2960375
150473718056131,52.510262,-0.0642125,-0.1051875,0.303325
150473728056974,52.520263,-0.054449998,-0.1357125,0.247225
150473738057666,52.530264,-0.032449998,-0.13213749,0.1384625
150473748058514,52.540265,-0.0166375,-0.086899996,0.0028875
150473758059206,52.550265,-0.0081124995,-0.013612499,-0.110825
150473768060048,52.560266,-6.875E-4,0.0548625,-0.17545
150473778060723,52.570267,0.0163625,0.0792,-0.2036375
150473788061586,52.580268,0.0468875,0.0499125,-0.210925
150473798062292,52.590268,0.07865,-0.0050875,-0.2244
150473808063149,52.600269,0.106837496,-0.02585,-0.2512125
150473818064074,52.610270,0.1276,-0.01485,-0.259875
150473828064662,52.620271,0.1373625,0.0389125,-0.23045
150473838065340,52.630271,0.136125,0.119625,-0.1804
150473848066269,52.640272,0.1104125,0.1659625,-0.0900625
150473858067103,52.650273,0.0688875,0.2063875,0.054175
150473868067795,52.660274,0.0213125,0.153725,0.20693749
150473878068627,52.670275,-0.0092124995,0.025575,0.314325
150473888069315,52.680275,-0.0251625,-0.13213749,0.3425125
150473898070166,52.690276,-0.034925,-0.2407625,0.2924625
150473908070860,52.700277,-0.0532125,-0.2297625,0.2105125
150473918071701,52.710278,-0.0837375,-0.13213749,0.131175
150473928072380,52.720278,-0.1131625,-0.01485,0.0639375
150473938073229,52.730279,-0.128975,0.075625,0.0248875
150473948073934,52.740280,-0.1254,0.0878625,-0.0081124995
150473958074782,52.750281,-0.100925,0.0303875,-0.050875
150473968075473,52.760281,-0.06545,-0.0221375,-0.1266375
150473978076375,52.770282,-0.028875,-0.100375,-0.21945
150473988076985,52.780283,0.020075,-0.1076625,-0.28545
150473998077899,52.790284,0.0578875,-0.0576125,-0.3147375
150474008078757,52.800285,0.0836,0.0548625,-0.2866875
150474018079450,52.810285,0.092125,0.153725,-0.2206875
150474028080281,52.820286,0.0994125,0.1929125,-0.1205875
150474038080954,52.830287,0.103125,0.1549625,-0.0020625
150474048081814,52.840288,0.1018875,0.0719125,0.1139875
150474058082512,52.850289,0.0994125,-0.0429,0.1995125
150474068083353,52.860289,0.0848375,-0.10395,0.2545125
150474078084050,52.870290,0.0603625,-0.1271875,0.2899875
150474088084668,52.880291,0.0323125,-0.1271875,0.2960375
150474098085600,52.890292,0.0103124995,-0.0941875,0.2740375
150474108086441,52.900292,-0.0056375,-0.05995,0.2325125
150474118087133,52.910293,-0.0116875,-0.0501875,0.1604625
150474128087963,52.920294,-0.012925,-0.0391875,0.0724625
150474138088656,52.930295,-0.017875,-0.0209,-8.25E-4
150474148089507,52.940296,-0.0276375,-0.0171875,-0.0435875
150474158090210,52.950296,-0.034925,-0.013612499,-0.0581625
150474168091071,52.960297,-0.0386375,-0.00385,-0.05335
150474178091762,52.970298,-0.0361625,0.0243375,-0.028875
150474188092613,52.980299,-0.0336875,0.0523875,0.027224999
150474198093319,52.990299,-0.0264,0.0499125,0.1079375
150474208094177,53.000300,-0.012925,0.0169125,0.2080375
150474218094882,53.010301,0.0103124995,-0.047849998,0.275275
150474228095730,53.020302,0.0468875,-0.128425,0.2607
150474238096412,53.030302,0.0933625,-0.2102375,0.1507
150474248097258,53.040303,0.14093749,-0.261525,-0.0215875
150474258097942,53.050304,0.18259999,-0.2212375,-0.20487499
150474268098867,53.060305,0.1984125,-0.064899996,-0.3344
150474278099704,53.070306,0.1764125,0.17215,-0.331925
150474288100401,53.080306,0.1299375,0.36025,-0.19635
150474298101005,53.090307,0.095837496,0.46048748,0.0639375
150474308101851,53.100308,0.0543125,0.3542,0.38775
150474318102561,53.110309,0.02365,0.100099996,0.650375
150474328103389,53.120309,0.0163625,-0.1859,0.7651875
150474338104306,53.130310,0.0078375,-0.44233748,0.7261375
150474348104998,53.140311,0.02255,-0.5731,0.5526125
150474358105825,53.150312,0.0543125,-0.51205,0.2825625
150474368106526,53.160313,0.086075,-0.275,-0.0020625
150474378107378,53.170313,0.0994125,0.0303875,-0.2096875
150474388108056,53.180314,0.103125,0.291775,-0.309925
150474398108887,53.190315,0.095837496,0.423775,-0.3014
150474408109589,53.200316,0.0664125,0.40425,-0.2096875
150474418110207,53.210316,0.015125,0.2429625,-0.0851125
150474428111116,53.220317,-0.040975,0.0133375,0.0248875
150474438111964,53.230318,-0.0924,-0.1931875,0.0847
150474448112656,53.240319,-0.1144,-0.3117125,0.0639375
150474458113532,53.250320,-0.095975,-0.316525,-0.0191125
150474468114205,53.260320,-0.051975,-0.2176625,-0.1254
150474478115051,53.270321,0.0103124995,-0.0551375,-0.215875
150474488115654,53.280322,0.064075,0.1342,-0.2574
150474498116585,53.290323,0.086075,0.257675,-0.23539999
150474508117279,53.300323,0.087175,0.274725,-0.1791625
150474518118125,53.310324,0.081125,0.1892,-0.1401125
150474528118826,53.320325,0.070125,0.0523875,-0.10835
150474538119662,53.330326,0.0543125,-0.062425,-0.0801625
150474548120340,53.340326,0.0358875,-0.078375,-0.044825
150474558121186,53.350327,0.02365,-0.0160875,0.0163625
150474568121878,53.360328,0.031075,0.0743875,0.0969375
150474578122722,53.370329,0.0518375,0.152625,0.1665125
150474588123412,53.380329,0.070125,0.1892,0.21175
150474598124272,53.390330,0.070125,0.1709125,0.220275
150474608124975,53.400331,0.053075,0.1049125,0.1934625
150474618125821,53.410332,0.031075,0.01815,0.1299375
150474628126498,53.420332,0.0188375,-0.0416625,0.0407
150474638127346,53.430333,0.015125,-0.036849998,-0.0545875
150474648128037,53.440334,0.0188375,0.0364375,-0.1071125
150474658128883,53.450335,0.020075,0.1354375,-0.0985875
150474668129585,53.460336,0.020075,0.1953875,-0.0374
150474678130437,53.470336,0.0188375,0.2112,0.0529375
150474688131128,53.480337,0.0066,0.1709125,0.1579875
150474698131974,53.490338,-0.0202125,0.0743875,0.236225
150474708132671,53.500339,-0.0556875,-0.00385,0.2825625
150474718133517,53.510340,-0.0862125,-0.051425,0.2899875
150474728134225,53.520340,-0.0862125,-0.06985,0.2484625
150474738134842,53.530341,-0.0532125,-0.051425,0.1689875
150474748135774,53.540342,0.0053625,-0.0209,0.076175
150474758136613,53.550343,0.0726,0.0083875,-0.0215875
150474768137306,53.560343,0.1238875,0.042625,-0.110825
150474778138166,53.570344,0.142175,0.1159125,-0.1596375
150474788138860,53.580345,0.1263625,0.1953875,-0.1535875
150474798139690,53.590346,0.0933625,0.24419999,-0.1071125
150474808140308,53.600346,0.0738375,0.2734875,-0.0765875
150474818141243,53.610347,0.0653125,0.1892,-0.0363
150474828141935,53.620348,0.06765,0.08415,0.00165
150474838142781,53.630349,0.07865,-0.00385,-0.0033
150474848143460,53.640349,0.08965,-0.0209,-0.0276375
150474858144316,53.650350,0.0933625,0.01815,-0.0484
150474868145008,53.660351,0.092125,0.0902,-0.0471625
150474878145854,53.670352,0.087175,0.158675,-0.0301125
150474888146541,53.680353,0.081125,0.19415,-0.0105875
150474898147372,53.690353,0.0763125,0.1904375,0.0028875
150474908148064,53.700354,0.0738375,0.16115,0.010175
150474918148687,53.710355,0.06765,0.0963875,0.0199375
150474928149605,53.720356,0.0554125,0.031625,0.032175
150474938150220,53.730356,0.0396,0.003575,0.037125
150474948151143,53.740357,0.0213125,0.0121,0.045649998
150474958151745,53.750358,-0.001925,0.025575,0.060225
150474968152697,53.760359,-0.028875,0.0364375,0.06765
150474978153307,53.770359,-0.040975,0.0364375,0.043175
150474988154153,53.780360,-0.043449998,0.0121,-0.02035
150474998154841,53.790361,-0.039875,-0.0270875,-0.11935
150475008155687,53.800362,-0.0276375,-0.067375,-0.23539999
150475018156364,53.810362,-0.006875,-0.0807125,-0.3331625
150475028157194,53.820363,0.015125,-0.0551375,-0.3892625
150475038157884,53.830364,0.0408375,0.0011,-0.388025
150475048158735,53.840365,0.0554125,0.0804375,-0.3416875
150475058159417,53.850365,0.06765,0.180675,-0.27445
150475068160273,53.860366,0.0848375,0.2369125,-0.20845
150475078160964,53.870367,0.103125,0.202675,-0.14739999
150475088161810,53.880368,0.1288375,0.103675,-0.104637496
150475098162502,53.890369,0.1483625,0.0023375,-0.089925
150475108163350,53.900369,0.1593625,-0.045375,-0.0911625
150475118164041,53.910370,0.1703625,-0.02585,-0.09735
150475128164887,53.920371,0.1813625,0.037675,-0.0961125
150475138165564,53.930372,0.197175,0.1122,-0.1021625
150475148166401,53.940372,0.2143625,0.1709125,-0.1144
150475158167094,53.950373,0.224125,0.1854875,-0.127875
150475168167942,53.960374,0.2204125,0.158675,-0.13035
150475178168632,53.970375,0.2033625,0.124437496,-0.1205875
150475188169473,53.980375,0.1813625,0.102437496,-0.0875875
150475198170110,53.990376,0.1568875,0.081675,-0.0411125
150475208170802,54.000377,0.147125,0.0584375,4.125E-4
150475218171720,54.010378,0.1519375,0.031625,0.0273625
150475228172554,54.020379,0.1544125,0.0193875,0.0407
150475238173202,54.030379,0.14465,0.00715,0.045649998
150475248173885,54.040380,0.117837496,-0.0026125,0.0334125
150475258175032,54.050381,0.086075,-0.00385,-0.0045375
150475268175647,54.060382,0.056649998,0.0023375,-0.0521125
150475278176354,54.070382,0.03355,-0.0050875,-0.0911625
150475288177215,54.080383,0.0213125,-0.0111375,-0.1291125
150475298177911,54.090384,0.02255,-0.013612499,-0.1571625
150475308178529,54.100385,0.031075,-0.0209,-0.1926375
150475318179457,54.110385,0.045649998,-0.0441375,-0.238975
150475328180316,54.120386,0.06765,-0.056375,-0.3001625
150475338181008,54.130387,0.087175,-0.0160875,-0.34045
150475348181635,54.140388,0.0908875,0.0682,-0.3234
150475358182558,54.150389,0.070125,0.1709125,-0.2451625
150475368183168,54.160389,0.048125,0.2514875,-0.1584
150475378184014,54.170390,0.0433125,0.2699125,-0.077825
150475388184935,54.180391,0.02255,0.2099625,0.043175
150475398185558,54.190392,-0.001925,0.0792,0.104225
150475408186255,54.200392,-0.014162499,-0.067375,0.0774125
150475418187162,54.210393,-0.0336875,-0.1431375,-0.0033
150475428188022,54.220394,-0.054449998,-0.1419,-0.111925
150475438188656,54.230395,-0.0727375,-0.067375,-0.215875
150475448189564,54.240396,-0.0826375,0.05115,-0.276925
150475458190252,54.250396,-0.0814,0.1513875,-0.293975
150475468190865,54.260397,-0.0752125,0.20019999,-0.2696375
150475478191786,54.270398,-0.0727375,0.169675,-0.21945
150475488192646,54.280399,-0.0727375,0.0853875,-0.171875
150475498193338,54.290399,-0.0837375,0.009625,-0.1254
150475508194185,54.300400,-0.100925,-0.0356125,-0.08635
150475518194877,54.310401,-0.1106875,-0.0441375,-0.0581625
150475528195704,54.320402,-0.104499996,-0.0221375,-0.050875
150475538196410,54.330402,-0.0862125,0.026675,-0.0581625
150475548197257,54.340403,-0.0642125,0.048675,-0.0851125
150475558197949,54.350404,-0.032449998,0.037675,-0.133925
150475568198800,54.360405,-0.0031625,0.0463375,-0.18645
150475578199494,54.370405,0.0078375,0.0548625,-0.2402125
150475588200334,54.380406,-0.0031625,0.0573375,-0.22687499
150475598201040,54.390407,-0.023924999,0.06215,-0.144925
150475608201872,54.400408,-0.043449998,0.0853875,-0.0386375
150475618202564,54.410409,-0.0532125,0.0829125,0.0664125
150475628203411,54.420409,-0.054449998,0.0364375,0.1579875
150475638204108,54.430410,-0.0581625,-0.0221375,0.214225
150475648204949,54.440411,-0.0594,-0.05995,0.2179375
150475658205627,54.450412,-0.0691625,-0.0966625,0.1799875
150475668206483,54.460412,-0.084975,-0.1027125,0.1434125
150475678207185,54.470413,-0.095975,-0.06985,0.095699996
150475688208031,54.480414,-0.1021625,-0.0221375,0.038225
150475698208723,54.490415,-0.1057375,-0.0026125,0.004125
150475708209575,54.500416,-0.0996875,0.0133375,0.00165
150475718210262,54.510416,-0.1057375,0.031625,0.01265
150475728211108,54.520417,-0.1254,0.0303875,0.0419375
150475738211790,54.530418,-0.14973749,-0.0061875,0.0724625
150475748212623,54.540419,-0.1705,-0.062425,0.098175
150475758213315,54.550419,-0.1815,-0.111375,0.104225
150475768214165,54.560420,-0.18645,-0.12595,0.095699996
150475778214849,54.570421,-0.1876875,-0.095425,0.0798875
150475788215696,54.580422,-0.1876875,-0.0441375,0.0614625
150475798216388,54.590422,-0.1827375,0.0023375,0.0419375
150475808217324,54.600423,-0.1742125,0.0121,0.02365
150475818218189,54.610424,-0.161975,-0.01485,0.0089375
150475828218882,54.620425,-0.150975,-0.0746625,-0.0081124995
150475838219497,54.630425,-0.1387375,-0.1199,-0.03135
150475848220420,54.640426,-0.128975,-0.13695,-0.055825
150475858221261,54.650427,-0.1155,-0.1247125,-0.088825
150475868221969,54.660428,-0.1021625,-0.09295,-0.1364
150475878222829,54.670429,-0.0862125,-0.0721875,-0.2011625
150475888223511,54.680430,-0.0727375,-0.067375,-0.2842125
150475898224362,54.690430,-0.050875,-0.1137125,-0.399025
150475908225065,54.700431,-6.875E-4,-0.15895,-0.5555
150475918225940,54.710432,0.075075,-0.1797125,-0.7313625
150475928226627,54.720433,0.131175,-0.1431375,-0.8756
150475938227468,54.730433,0.18493749,-0.0270875,-0.973225
150475948228142,54.740434,0.2118875,0.15015,-0.9818875
150475958228988,54.750435,0.224125,0.302775,-0.923175
150475968229675,54.760436,0.2594625,0.434775,-0.7913125
150475978230598,54.770437,0.2814625,0.3834875,-0.5737875
150475988231430,54.780437,0.3194125,0.2149125,-0.3685
150475998232099,54.790438,0.3865125,0.081675,-0.238975
150476008232945,54.800439,0.4439875,0.0389125,-0.1656875
150476018233623,54.810440,0.4684625,0.059675,-0.0765875
150476028234463,54.820440,0.4769875,0.1109625,0.0627
150476038235127,54.830441,0.4769875,0.163625,0.2349875
150476048235973,54.840442,0.473275,0.2014375,0.4010875
150476058236661,54.850443,0.4598,0.21725,0.5330875
150476068237584,54.860444,0.4415125,0.1929125,0.6161375
150476078238416,54.870444,0.407275,0.119625,0.6576625
150476088239094,54.880445,0.3535125,0.0413875,0.65285
150476098239940,54.890446,0.285175,-0.00385,0.5880875
150476108240638,54.900447,0.2033625,-0.036849998,0.462275
150476118241483,54.910447,0.1214125,-0.018424999,0.2838
150476128242190,54.920448,0.0506,0.0463375,0.06765
150476138243119,54.930449,0.004125,0.1232,-0.1364
150476148243963,54.940450,-0.0081124995,0.20515,-0.29645
150476158244656,54.950451,-0.001925,0.2869625,-0.397925
150476168245512,54.960452,0.0053625,0.38225,-0.4467375
150476178246204,54.970452,-0.0056375,0.467775,-0.4712125
150476188247050,54.980453,-0.0422125,0.5275875,-0.4637875
150476198247743,54.990454,-0.1021625,0.5240125,-0.41745
150476208248668,55.000455,-0.166925,0.4054875,-0.3697375
150476218249512,55.010456,-0.21573749,0.16115,-0.3966875
150476228250204,55.020456,-0.2316875,-0.0759,-0.5322625
150476238251055,55.030457,-0.2365,-0.2481875,-0.7288875
150476248251762,55.040458,-0.2402125,-0.3202375,-0.93665
150476258252704,55.050459,-0.23773749,-0.22495,-1.055175
150476268253545,55.060460,-0.2327875,-0.0160875,-1.0674125
150476278254237,55.070460,-0.17173749,0.2294875,-0.9794125
150476288255083,55.080461,-0.0556875,0.379775,-0.77055
150476298255776,55.090462,0.07865,0.3212,-0.4455
150476308256622,55.100463,0.1947,0.0389125,-0.1364
150476318257309,55.110463,0.2668875,-0.3007125,0.0334125
150476328258225,55.120464,0.27665,-0.575575,0.0077
150476338259075,55.130465,0.2338875,-0.64762497,-0.133925
150476348259776,55.140466,0.117837496,-0.5487625,-0.29645
150476358260622,55.150467,-0.0276375,-0.321475,-0.3782625
150476368261545,55.160468,-0.1522125,-0.095425,-0.3246375
150476378262238,55.170468,-0.205975,-0.0099,-0.1694
150476388263098,55.180469,-0.1802625,-0.1016125,-0.0301125
150476398263776,55.190470,-0.1216875,-0.266475,0.027224999
150476408264680,55.200471,-0.0826375,-0.415525,0.00165
150476418265526,55.210472,-0.0716375,-0.5218125,-0.094875
150476428266195,55.220472,-0.1082125,-0.5083375,-0.193875
150476438267050,55.230473,-0.1742125,-0.4032875,-0.2451625
150476448267732,55.240474,-0.227975,-0.2542375,-0.237875
150476458268641,55.250475,-0.2585,-0.128425,-0.177925
150476468269487,55.260475,-0.2657875,-0.0380875,-0.08635
150476478270187,55.270476,-0.24145,0.004675,0.016224999
150476488271113,55.280477,-0.1986875,-0.0026125,0.1104125
150476498271954,55.290478,-0.1607375,-0.0441375,0.1947
150476508272643,55.300479,-0.1375,-0.1126125,0.26427498
150476518273478,55.310479,-0.128975,-0.1736625,0.30827498
150476528274401,55.320480,-0.1254,-0.233475,0.33275
150476538275093,55.330481,-0.1167375,-0.26895,0.3535125
150476548275939,55.340482,-0.0947375,-0.22495,0.34375
150476558276849,55.350483,-0.0776875,-0.156475,0.325325
150476568277465,55.360483,-0.061875,-0.08085,0.32175
150476578278388,55.370484,-0.0312125,0.014575,0.3045625
150476588279080,55.380485,-0.0081124995,0.0792,0.26675
150476598279934,55.390486,0.009075,0.1219625,0.2300375
150476608280829,55.400487,0.015125,0.1623875,0.1714625
150476618281539,55.410488,0.0138875,0.1953875,0.11275
150476628282488,55.420488,5.5E-4,0.2222,0.07865
150476638283334,55.430489,-0.0202125,0.2184875,0.065175
150476648284023,55.440490,-0.043449998,0.1929125,0.065175
150476658284868,55.450491,-0.0642125,0.1574375,0.0688875
150476668285569,55.460492,-0.0752125,0.1012,0.0699875
150476678286478,55.470492,-0.078925,0.0548625,0.0664125
150476688287324,55.480493,-0.0642125,0.0389125,0.0224125
150476698288247,55.490494,-0.0496375,0.059675,-0.0411125
150476708288942,55.500495,-0.0496375,0.1208625,-0.0924
150476718289786,55.510496,-0.0556875,0.1892,-0.1095875
150476728290487,55.520496,-0.050875,0.246675,-0.094875
150476738291412,55.530497,-0.0361625,0.2784375,-0.0374
150476748292271,55.540498,-0.02145,0.2844875,0.0589875
150476758293208,55.550499,-0.0166375,0.285725,0.181225
150476768293911,55.560500,-0.0191125,0.285725,0.302225
150476778294766,55.570501,-0.0336875,0.2882,0.4096125
150476788295444,55.580501,-0.0386375,0.2734875,0.479325
150476798296353,55.590502,-0.0202125,0.23815,0.468325
150476808297281,55.600503,0.026124999,0.152625,0.34375
150476818298128,55.610504,0.0946,0.0694375,0.115225
150476828298822,55.620505,0.186175,-0.02585,-0.1535875
150476838299671,55.630506,0.2729375,-0.1051875,-0.47245
150476848300584,55.640507,0.3315125,-0.128425,-0.8866
150476858301297,55.650507,0.4268,0.00715,-1.3190374
150476868302215,55.660508,0.501325,0.18315,-1.68795
150476878303061,55.670509,0.5575625,0.2039125,-2.046
150476888303753,55.680510,0.6260375,0.19167499,-2.4308624
150476898304652,55.690511,0.7005625,0.2369125,-2.8070624
150476908305507,55.700512,0.7225625,0.418825,-3.0795875
150476918306186,55.710512,0.6406125,0.6644,-3.1504
150476928307109,55.720513,0.4574625,0.8806875,-2.9513
150476938307955,55.730514,0.230175,0.9772125,-2.5004375
150476948308868,55.740515,0.0506,0.9504,-1.837
150476958309566,55.750516,-0.054449998,0.7071625,-1.05765
150476968310503,55.760517,-0.0862125,0.26125,-0.2696375
150476978311354,55.770517,-0.0886875,-0.231,0.419375
150476988312277,55.780518,-0.104637496,-0.6232875,0.9167125
150476998312964,55.790519,-0.1522125,-0.89196247,1.2368125
150477008313820,55.800520,-0.238975,-0.97996247,1.3992
150477018314758,55.810521,-0.3452625,-0.9384375,1.4322
150477028315462,55.820521,-0.4686,-0.8369625,1.384625
150477038316296,55.830522,-0.58355,-0.7233875,1.2783375
150477048317214,55.840523,-0.6666,-0.6391,1.1438625
150477058318133,55.850524,-0.7178875,-0.5743375,1.0107625
150477068318826,55.860525,-0.730125,-0.5303375,0.8861875
150477078319676,55.870526,-0.7068875,-0.503525,0.8006625
150477088320590,55.880527,-0.6433625,-0.4778125,0.783475
150477098321296,55.890527,-0.565125,-0.4668125,0.8347625
150477108322219,55.900528,-0.4796,-0.421575,0.9387125
150477118323060,55.910529,-0.4002625,-0.3702875,1.0583375
150477128323989,55.920530,-0.326975,-0.3447125,1.1512874
150477138324693,55.930531,-0.260975,-0.3372875,1.1671
150477148325546,55.940532,-0.2132625,-0.393525,1.119525
150477158326484,55.950532,-0.172975,-0.4632375,0.987525
150477168327411,55.960533,-0.12045,-0.4668125,0.76395
150477178328102,55.970534,-0.078925,-0.4142875,0.4939
150477188329023,55.980535,-0.0606375,-0.2957625,0.2410375
150477198329883,55.990536,-0.0374,-0.1406625,0.0419375
150477208330563,56.000537,-0.00935,0.031625,-0.0704
150477218331500,56.010538,0.020075,0.2209625,-0.08635
150477228332431,56.020538,0.034649998,0.3639625,0.01265
150477238333268,56.030539,0.0273625,0.39325,0.20927499
150477248334201,56.040540,0.0028875,0.3370125,0.47079998
150477258334914,56.050541,-0.02145,0.1964875,0.7187125
150477268335835,56.060542,-0.0336875,0.0413875,0.8677625
150477278336758,56.070543,-0.056925,-0.06985,0.93005
150477288337609,56.080544,-0.0996875,-0.133375,0.932525
150477298338294,56.090544,-0.150975,-0.1431375,0.9057125
150477308339205,56.100545,-0.2132625,-0.0979,0.8861875
150477318340037,56.110546,-0.2805,-0.0759,0.902
150477328340945,56.120547,-0.3355,-0.11495,0.9277125
150477338341868,56.130548,-0.355025,-0.1931875,0.921525
150477348342563,56.140549,-0.3513125,-0.2616625,0.877525
150477358343474,56.150549,-0.3477375,-0.3117125,0.7957125
150477368344383,56.160550,-0.344025,-0.338525,0.6881875
150477378345220,56.170551,-0.34155,-0.3471875,0.545325
150477388346147,56.180552,-0.33673748,-0.3227125,0.3925625
150477398346820,56.190553,-0.3232625,-0.2847625,0.2385625
150477408347758,56.200554,-0.29645,-0.2567125,0.0834625
150477418348590,56.210555,-0.2487375,-0.22,-0.069299996
150477428349504,56.220556,-0.19373749,-0.1309,-0.193875
150477438350426,56.230556,-0.14739999,0.015675,-0.3001625
150477448351121,56.240557,-0.1057375,0.1929125,-0.3832125
150477458352042,56.250558,-0.0752125,0.3309625,-0.4101625
150477468352888,56.260559,-0.0471625,0.3565375,-0.3697375
150477478353802,56.270560,-0.0191125,0.2734875,-0.28187498
150477488354739,56.280561,0.0028875,0.147675,-0.1681625
150477498355428,56.290561,0.0176,0.020624999,-0.0435875
150477508356349,56.300562,0.0224125,-0.0501875,0.0919875
150477518357181,56.310563,0.0138875,-0.058849998,0.2374625
150477528358104,56.320564,-0.001925,-0.0501875,0.3680875
150477538359012,56.330565,-0.0264,-0.0576125,0.463375
150477548359731,56.340566,-0.0521125,-0.108899996,0.5245625
150477558360662,56.350567,-0.07645,-0.19813749,0.53061247
150477568361604,56.360568,-0.1167375,-0.288475,0.4976125
150477578362445,56.370568,-0.1607375,-0.34595,0.435325
150477588363368,56.380569,-0.2011625,-0.3557125,0.3718
150477598364091,56.390570,-0.2365,-0.3251875,0.3155625
150477608365012,56.400571,-0.260975,-0.2616625,0.2765125
150477618365950,56.410572,-0.2767875,-0.1882375,0.2569875
150477628366873,56.420573,-0.2695,-0.144375,0.253275
150477638367718,56.430574,-0.2365,-0.1271875,0.2264625
150477648368656,56.440575,-0.1876875,-0.1296625,0.165275
150477658369336,56.450575,-0.1485,-0.13695,0.1029875
150477668370272,56.460576,-0.1326875,-0.1247125,0.056649998
150477678371190,56.470577,-0.1364,-0.1051875,0.0297
150477688372065,56.480578,-0.1436875,-0.08085,0.038225
150477698372973,56.490579,-0.1461625,-0.067375,0.0724625
150477708373925,56.500580,-0.1461625,-0.0796125,0.117699996
150477718374829,56.510581,-0.144925,-0.095425,0.1507
150477728375507,56.520582,-0.139975,-0.12595,0.1579875
150477738376430,56.530582,-0.1351625,-0.15895,0.1335125
150477748377281,56.540583,-0.1302125,-0.1516625,0.109175
150477758378175,56.550584,-0.1254,-0.1296625,0.0884125
150477768379098,56.560585,-0.1106875,-0.0991375,0.0774125
150477778380040,56.570586,-0.0862125,-0.0611875,0.0809875
150477788380715,56.580587,-0.0581625,-0.0306625,0.104225
150477798381637,56.590588,-0.0386375,-0.0221375,0.1249875
150477808382560,56.600589,-0.028875,-0.012375,0.1335125
150477818383392,56.610589,-0.028875,-0.001375,0.1469875
150477828384315,56.620590,-0.0191125,-0.0319,0.14093749
150477838385233,56.630591,-0.001925,-0.0771375,0.1067
150477848386161,56.640592,0.0176,-0.1076625,0.0517
150477858386839,56.650593,0.0408375,-0.11495,-0.02035
150477868387763,56.660594,0.06765,-0.1051875,-0.091299996
150477878388637,56.670595,0.098175,-0.045375,-0.149875
150477888389546,56.680596,0.117699996,0.0108624995,-0.1731125
150477898390483,56.690596,0.14093749,0.070675,-0.1511125
150477908391406,56.700597,0.147125,0.15015,-0.1010625
150477918392110,56.710598,0.12265,0.15015,4.125E-4
150477928393031,56.720599,0.0994125,0.0658625,0.1397
150477938393983,56.730600,0.0908875,-0.058849998,0.220275
150477948394887,56.740601,0.10065,-0.1639,0.236225
150477958395733,56.750602,0.114125,-0.2237125,0.198275
150477968396661,56.760603,0.125125,-0.205425,0.132275
150477978397579,56.770604,0.1373625,-0.095425,0.0944625
150477988398512,56.780605,0.147125,0.0561,0.1189375
150477998399444,56.790605,0.1519375,0.1709125,0.2044625
150478008400137,56.800606,0.1483625,0.1964875,0.3180375
150478018401041,56.810607,0.14093749,0.1329625,0.41085
150478028401959,56.820608,0.136125,0.00715,0.4488
150478038402810,56.830609,0.1276,-0.1467125,0.4378
150478048403733,56.840610,0.1276,-0.2627625,0.385275
150478058404627,56.850611,0.13859999,-0.315425,0.270325
150478068405550,56.860612,0.1727,-0.2481875,0.1079375
150478078406235,56.870612,0.2204125,-0.1186625,-0.0496375
150478088407163,56.880613,0.2704625,0.031625,-0.1596375
150478098408070,56.890614,0.302225,0.1733875,-0.20487499
150478108408993,56.900615,0.3205125,0.2624875,-0.19635
150478118409901,56.910616,0.3254625,0.2624875,-0.1571625
150478128410752,56.920617,0.3157,0.19415,-0.088825
150478138411675,56.930618,0.3084125,0.0671,-0.027775
150478148412617,56.940619,0.3169375,-0.0771375,-0.00935
150478158413288,56.950619,0.32793748,-0.144375,-0.028875
150478168414214,56.960620,0.32793748,-0.10395,-0.05335
150478178415139,56.970621,0.32175,0.0059125,-0.05335
150478188416074,56.980622,0.3084125,0.169675,-0.013062499
150478198417012,56.990623,0.2827,0.296725,0.0504625
150478208417955,57.000624,0.2509375,0.27101249,0.1519375
150478218418796,57.010625,0.2314125,0.169675,0.22275
150478228419738,57.020626,0.2228875,0.02915,0.225225
150478238420657,57.030627,0.22165,-0.1016125,0.14575
150478248421580,57.040628,0.20693749,-0.172425,0.0259875
150478258422508,57.050629,0.1764125,-0.1247125,-0.083875
150478268423202,57.060629,0.1397,0.0083875,-0.1511125
150478278424113,57.070630,0.0969375,0.1599125,-0.149875
150478288425036,57.080631,0.0603625,0.2784375,-0.072875
150478298425945,57.090632,0.045649998,0.30525,0.0369875
150478308426869,57.100633,0.043175,0.230725,0.1299375
150478318427715,57.110634,0.0358875,0.11715,0.165275
150478328428715,57.120635,0.0323125,0.0059125,0.120175
150478338429570,57.130636,0.0224125,-0.0686125,0.032175
150478348430493,57.140636,0.0066,-0.0721875,-0.044825
150478358431388,57.150637,-0.0031625,0.0011,-0.0875875
150478368432296,57.160638,-0.014162499,0.119625,-0.071775
150478378433199,57.170639,-0.0166375,0.2270125,-0.0020625
150478388433892,57.180640,-0.0105875,0.2490125,0.0724625
150478398435060,57.190641,0.0028875,0.197725,0.109037496
150478408435750,57.200642,0.02365,0.108625,0.0699875
150478418436675,57.210643,0.048125,0.0121,-0.0400125
150478428437598,57.220644,0.0616,-0.028324999,-0.1560625
150478438438512,57.230645,0.059125,0.0193875,-0.210925
150478448439435,57.240645,0.0468875,0.120725,-0.1865875
150478458440372,57.250646,0.037125,0.2270125,-0.099825
150478468441295,57.260647,0.0286,0.307725,0.0089375
150478478442156,57.270648,0.0408375,0.2820125,0.07975
150478488443065,57.280649,0.0713625,0.1549625,0.076175
150478498443974,57.290650,0.114125,-0.0086624995,0.0077
150478508444897,57.300651,0.1604625,-0.1601875,-0.14135
150478518445815,57.310652,0.1837,-0.1736625,-0.3086875
150478528446738,57.320653,0.170225,0.0059125,-0.40039998
150478538447675,57.330654,0.1458875,0.241725,-0.38073748
150478548448385,57.340654,0.1299375,0.418825,-0.2696375
150478558449313,57.350655,0.1104125,0.5093,-0.0961125
150478568450446,57.360656,0.1153625,0.429825,0.099275
150478578451145,57.370657,0.1287,0.2184875,0.2495625
150478588452066,57.380658,0.1276,-0.0551375,0.314325
150478598452989,57.390659,0.120175,-0.3067625,0.2545125
150478608453914,57.400660,0.109175,-0.3372875,0.1335125
150478618454835,57.410661,0.0836,-0.156475,0.021175
150478628455758,57.420662,0.0408375,0.064625,-0.00935
150478638456695,57.430663,4.125E-4,0.25025,0.0847
150478648457619,57.440664,-0.0301125,0.3529625,0.2398
150478658458465,57.450664,-0.0496375,0.324775,0.3608
150478668459465,57.460665,-0.0631125,0.1599125,0.3986125
150478678460388,57.470666,-0.072875,-0.09295,0.3388
150478688461234,57.480667,-0.0716375,-0.34347498,0.1945625
150478698462166,57.490668,-0.054449998,-0.4142875,0.010175
150478708463103,57.500669,-0.050875,-0.29095,-0.160875
150478718464026,57.510670,-0.067925,-0.0466125,-0.2476375
150478728464935,57.520671,-0.0851125,0.1929125,-0.2341625
150478738465863,57.530672,-0.08745,0.3370125,-0.1841125
150478748466786,57.540673,-0.067925,0.335775,-0.154825
150478758467709,57.550674,-0.032449998,0.1744875,-0.1780625
150478768468627,57.560675,0.004125,-0.0796125,-0.2756875
150478778469550,57.570676,0.0383625,-0.20295,-0.414975
150478788470488,57.580676,0.043175,-0.161425,-0.5286875
150478798471411,57.590677,0.031075,-0.0160875,-0.601975
150478808472315,57.600678,0.0066,0.20515,-0.62273747
150478818472990,57.610679,-0.02145,0.4090625,-0.5322625
150478828473909,57.620680,-0.034925,0.47753748,-0.358875
150478838475075,57.630681,-0.012925,0.34925,-0.171875
150478848475998,57.640682,0.02365,0.1342,-0.0411125
150478858476682,57.650683,0.0518375,-0.0771375,-0.0105875
150478868477600,57.660684,0.0529375,-0.16995,-0.027775
150478878478523,57.670685,-0.0044,-0.106425,-0.0375375
150478888479459,57.680685,-0.104637496,0.0108624995,-0.0143
150478898480382,57.690686,-0.2011625,0.1183875,0.055275
150478908481321,57.700687,-0.2585,0.17215,0.1189375
150478918482243,57.710688,-0.271975,0.1354375,0.1310375
150478928483166,57.720689,-0.26221249,0.0133375,0.0944625
150478938484079,57.730690,-0.23773749,-0.1126125,0.0114124995
150478948484998,57.740691,-0.19373749,-0.1931875,-0.121825
150478958485921,57.750692,-0.14245,-0.156475,-0.2586375
150478968486829,57.760693,-0.10945,-0.0319,-0.3381125
150478978487766,57.770694,-0.1034,0.1414875,-0.336875
150478988488699,57.780695,-0.1131625,0.29425,-0.2646875
150478998489622,57.790696,-0.1192125,0.3553,-0.15235
150479008490546,57.800697,-0.104637496,0.3394875,-0.0510125
150479018491469,57.810697,-0.06545,0.263725,-0.022824999
150479028492397,57.820698,-0.0116875,0.169675,-0.093775
150479038493320,57.830699,0.0358875,0.1219625,-0.2134
150479048494243,57.840700,0.0554125,0.15015,-0.31239998
150479058495147,57.850701,0.048125,0.2259125,-0.3416875
150479068496065,57.860702,0.031075,0.3004375,-0.2916375
150479078497003,57.870703,0.021175,0.3504875,-0.1975875
150479088497912,57.880704,0.021175,0.3529625,-0.088825
150479098498830,57.890705,0.0248875,0.2882,-0.0070125
150479108499754,57.900706,0.032175,0.1574375,0.016224999
150479118500600,57.910707,0.0396,0.020624999,-0.0143
150479128501609,57.920708,0.0408375,-0.073425,-0.0741125
150479138502518,57.930709,0.032175,-0.0966625,-0.1463
150479148503378,57.940709,4.125E-4,-0.0111375,-0.160875
150479158504287,57.950710,-0.0496375,0.10615,-0.0900625
150479168505282,57.960711,-0.0862125,0.1892,0.0297
150479178506205,57.970712,-0.1021625,0.1929125,0.1507
150479188507128,57.980713,-0.0996875,0.1159125,0.21175
150479198507969,57.990714,-0.08745,0.0169125,0.181225
150479208508984,58.000715,-0.0924,-0.051425,0.10175
150479218509907,58.010716,-0.117975,-0.0686125,0.0297
150479228510835,58.020717,-0.1486375,-0.056375,-0.011825
150479238511667,58.030718,-0.1694,-0.0270875,-0.016775
150479248512595,58.040719,-0.166925,0.0193875,-0.013062499
150479258513513,58.050720,-0.1461625,0.0474375,-0.044825
150479268514436,58.060720,-0.1131625,0.0572,-0.1230625
150479278515436,58.070721,-0.078925,0.0523875,-0.2171125
150479288516296,58.080722,-0.0521125,0.0682,-0.2794
150479298517201,58.090723,-0.0471625,0.09515,-0.2794
150479308518124,58.100724,-0.0691625,0.1489125,-0.2036375
150479318519033,58.110725,-0.10945,0.22825,-0.077825
150479328519970,58.120726,-0.14245,0.274725,0.077275
150479338520907,58.130727,-0.16445,0.2270125,0.270325
150479348521835,58.140728,-0.172975,0.0682,0.386375
150479358522753,58.150729,-0.155925,-0.1357125,0.36685
150479368523686,58.160730,-0.1412125,-0.288475,0.2495625
150479378524609,58.170731,-0.12045,-0.3617625,0.0479875
150479388525527,58.180732,-0.1034,-0.3092375,-0.187825
150479398526437,58.190732,-0.1034,-0.166375,-0.3832125
150479408527360,58.200733,-0.0972125,0.0352,-0.4981625
150479418528287,58.210734,-0.08745,0.19415,-0.5432625
150479428529205,58.220735,-0.06545,0.246675,-0.54821247
150479438530128,58.230736,-0.028875,0.1879625,-0.546975
150479448531061,58.240737,0.00165,0.086625,-0.5542625
150479458531998,58.250738,0.032175,0.0352,-0.568975
150479468532930,58.260739,0.048125,0.04015,-0.5665
150479478533853,58.270740,0.0396,0.064625,-0.5005
150479488534785,58.280741,0.02365,0.1403875,-0.3344
150479498535709,58.290742,-0.006875,0.1489125,-0.1291125
150479508536619,58.300743,-0.0116875,0.0779625,0.027224999
150479518537542,58.310744,0.0176,-0.0759,0.0345125
150479528538465,58.320744,0.059125,-0.22495,-0.0985875
150479538539383,58.330745,0.092125,-0.288475,-0.29535
150479548540306,58.340746,0.098175,-0.24447499,-0.4554
150479558541229,58.350747,0.0836,-0.0771375,-0.4846875
150479568542147,58.360748,0.0616,0.10615,-0.381975
150479578543084,58.370749,0.0578875,0.26125,-0.2134
150479588543993,58.380750,0.042075,0.2404875,-0.038775
150479598544917,58.390751,0.054175,0.1379125,0.0235125
150479608545845,58.400752,0.0726,0.0169125,-0.0545875
150479618546753,58.410753,0.0664125,-0.0600875,-0.2024
150479628547652,58.420754,0.020075,-0.0966625,-0.31735
150479638548575,58.430755,-0.0521125,-0.0820875,-0.3111625
150479648549498,58.440755,-0.1144,-0.0246125,-0.2036375
150479658550192,58.450756,-0.1326875,0.0231,-0.0741125
150479668551106,58.460757,-0.0972125,0.0108624995,-0.00825
150479678552243,58.470758,-0.032449998,-0.0246125,-0.0301125
150479688553171,58.480759,0.021175,-0.0319,-0.091299996
150479698554100,58.490760,0.0468875,-0.0111375,-0.1266375
150479708555028,58.500761,0.0383625,0.0413875,-0.088825
150479718555946,58.510762,0.009075,0.1073875,0.021175
150479728556638,58.520763,-0.006875,0.1623875,0.1225125
150479738557806,58.530764,-0.0166375,0.13915,0.1750375
150479748558498,58.540764,0.0028875,0.0499125,0.1359875
150479758559421,58.550765,0.0396,-0.0611875,0.005225
150479768560349,58.560766,0.065175,-0.11385,-0.1535875
150479778561503,58.570768,0.065175,-0.067375,-0.2586375
150479788562198,58.580768,0.0444125,0.0413875,-0.2464
150479798563124,58.590769,0.015125,0.19167499,-0.138875
150479808564066,58.600770,-0.0105875,0.313775,-0.022824999
150479818564994,58.610771,-0.0276375,0.3199625,0.126225
150479828565921,58.620772,-0.032449998,0.208725,0.2055625
150479838566844,58.630773,-0.0276375,0.0328625,0.1970375
150479848567767,58.640774,-0.028875,-0.117425,0.1494625
150479858568708,58.650775,-0.0446875,-0.1626625,0.1115125
150479868569641,58.660776,-0.0776875,-0.108899996,0.1359875
150479878570560,58.670777,-0.106975,0.00715,0.2300375
150479888571478,58.680777,-0.1106875,0.1109625,0.3436125
150479898572416,58.690778,-0.0801625,0.1329625,0.4048
150479908573334,58.700779,-0.0374,0.064625,0.38885
150479918574247,58.710780,4.125E-4,-0.036849998,0.3180375
150479928575170,58.720781,0.021175,-0.177375,0.1640375
150479938576012,58.730782,0.0334125,-0.227425,-0.011825
150479948577027,58.740783,0.0248875,-0.161425,-0.1071125
150479958577955,58.750784,0.0066,-0.045375,-0.113299996
150479968578802,58.760785,0.004125,0.0451,-0.0583
150479978579729,58.770786,0.034649998,0.059675,-0.0070125
150479988580643,58.780787,0.07865,0.0328625,0.01375
150479998581566,58.790788,0.103125,-0.013612499,-0.0033
150480008582484,58.800788,0.098175,-0.0306625,-0.0411125
150480018583421,58.810789,0.0628375,-0.0246125,-0.0473
150480028584340,58.820790,0.0138875,0.0083875,4.125E-4
150480038585234,58.830791,-0.0226875,0.04015,0.0724625
150480048586152,58.840792,-0.0361625,0.0144375,0.12375
150480058587065,58.850793,-0.0276375,-0.0319,0.11275
150480068587989,58.860794,-0.0166375,-0.0551375,0.04675
150480078588912,58.870795,-0.0215875,-0.039325,-0.0325875
150480088589826,58.880796,-0.0496375,0.0279125,-0.077825
150480098590753,58.890797,-0.0851125,0.0939125,-0.066825
150480108591441,58.900797,-0.1106875,0.1269125,-0.0265375
150480118592609,58.910799,-0.12045,0.0939125,0.0187
150480128593303,58.920799,-0.115637496,0.0023375,0.0224125
150480138594227,58.930800,-0.1021625,-0.0991375,-0.0301125
150480148595131,58.940801,-0.0924,-0.16995,-0.113299996
150480158596052,58.950802,-0.0996875,-0.166375,-0.18535
150480168596989,58.960803,-0.1192125,-0.095425,-0.2195875
150480178597912,58.970804,-0.13145,-0.017324999,-0.220825
150480188598821,58.980805,-0.127875,0.0254375,-0.2244
150480198599744,58.990806,-0.095975,-0.012375,-0.28545
150480208600681,59.000807,-0.0411125,-0.039325,-0.41745
150480218601594,59.010808,0.032175,-0.0086624995,-0.5812125
150480228602440,59.020808,0.0836,0.0804375,-0.68255
150480238603456,59.030809,0.11165,0.2344375,-0.685025
150480248604282,59.040810,0.1434125,0.5215375,-0.6337375
150480258605220,59.050811,0.1458875,0.798875,-0.4785
150480268606128,59.060812,0.120175,0.864875,-0.2611125
150480278607056,59.070813,0.12265,0.75116247,-0.09735
150480288607993,59.080814,0.147125,0.5605875,-0.0595375
150480298608887,59.090815,0.16665,0.4005375,-0.1205875
150480308609805,59.100816,0.14093749,0.3284875,-0.1804
150480318610728,59.110817,0.070125,0.2992,-0.160875
150480328611651,59.120818,-0.012925,0.2490125,-0.0595375
150480338612575,59.130819,-0.0826375,0.2294875,0.07975
150480348613249,59.140819,-0.1351625,0.125675,0.1408
150480358614187,59.150820,-0.17173749,0.0499125,0.1530375
150480368615122,59.160821,-0.19745,-0.0099,0.1287
150480378616045,59.170822,-0.2132625,-0.036849998,0.0919875
150480388616968,59.180823,-0.23773749,-0.0246125,0.104225
150480398617922,59.190824,-0.276925,0.0121,0.1934625
150480408618830,59.200825,-0.3122625,0.0413875,0.3265625
150480418619743,59.210826,-0.3282125,0.026675,0.419375
150480428620594,59.220827,-0.3147375,0.0011,0.43408749
150480438621517,59.230828,-0.29645,-0.1016125,0.3680875
150480448622517,59.240829,-0.276925,-0.19195,0.2288
150480458623348,59.250829,-0.2732125,-0.1687125,0.027224999
150480468624271,59.260830,-0.2792625,-0.0416625,-0.1560625
150480478625210,59.270831,-0.3122625,0.0829125,-0.2305875
150480488626123,59.280832,-0.3342625,0.119625,-0.24035
150480498627057,59.290833,-0.3232625,0.0939125,-0.2036375
150480508627984,59.300834,-0.2902625,0.0768625,-0.16335
150480518628898,59.310835,-0.25245,0.0609125,-0.15235
150480528629577,59.320836,-0.2402125,0.0451,-0.1205875
150480538630498,59.330836,-0.2487375,0.0231,-0.03135
150480548631423,59.340837,-0.2597375,-0.0111375,0.104225
150480558632359,59.350838,-0.26345,-0.067375,0.23375
150480568633267,59.360839,-0.25245,-0.1467125,0.2935625
150480578634206,59.370840,-0.2267375,-0.233475,0.24475
150480588635129,59.380841,-0.19745,-0.2872375,0.09075
150480598635975,59.390842,-0.1804,-0.2371875,-0.0900625
150480608636888,59.400843,-0.1827375,-0.1186625,-0.20487499
150480618637825,59.410844,-0.205975,0.0083875,-0.198825
150480628638748,59.420845,-0.2231625,0.0878625,-0.104637496
150480638639667,59.430846,-0.2132625,0.0804375,0.0174625
150480648640590,59.440847,-0.1901625,0.009625,0.117699996
150480658641508,59.450848,-0.1742125,-0.0831875,0.1445125
150480668642436,59.460848,-0.177925,-0.1711875,0.109037496
150480678643126,59.470849,-0.2024,-0.249425,0.01265
150480688644061,59.480850,-0.2267375,-0.2836625,-0.1230625
150480698644984,59.490851,-0.238975,-0.282425,-0.28187498
150480708645907,59.500852,-0.232925,-0.277475,-0.4626875
150480718646835,59.510853,-0.2206875,-0.22495,-0.62273747
150480728647763,59.520854,-0.2096875,-0.1051875,-0.696025
150480738648581,59.530855,-0.1986875,0.0364375,-0.66055
150480748649499,59.540855,-0.1925,0.1452,-0.5396875
150480758650412,59.550856,-0.1901625,0.2124375,-0.3282125
150480768651350,59.560857,-0.19373749,0.131725,-0.1035375
150480778652277,59.570858,-0.17545,-0.023375,0.0517
150480788653200,59.580859,-0.1584,-0.183425,0.1139875
150480798653880,59.590860,-0.15345,-0.2481875,0.13475
150480808654801,59.600861,-0.1656875,-0.22247499,0.1958
150480818655719,59.610862,-0.19745,-0.156475,0.3216125
150480828656657,59.620863,-0.227975,-0.0771375,0.4596625
150480838657503,59.630864,-0.232925,-0.067375,0.5159
150480848658503,59.640865,-0.2231625,-0.1357125,0.4560875
150480858659348,59.650865,-0.21945,-0.2212375,0.2960375
150480868660271,59.660866,-0.2182125,-0.2897125,0.0504625
150480878661190,59.670867,-0.2352625,-0.24695,-0.171875
150480888662103,59.680868,-0.282975,-0.144375,-0.2525875
150480898663021,59.690869,-0.3232625,-0.023375,-0.1865875
150480908663959,59.700870,-0.3342625,0.0303875,-0.05335
150480918664644,59.710871,-0.30621248,-0.007425,0.043175
150480928665584,59.720872,-0.2536875,-0.1161875,0.0334125
150480938666504,59.730873,-0.2096875,-0.2432375,-0.069299996
150480948667334,59.740873,-0.18645,-0.327525,-0.2195875
150480958668338,59.750874,-0.19745,-0.319,-0.3331625
150480968669199,59.760875,-0.2242625,-0.2151875,-0.353925
150480978670123,59.770876,-0.24145,-0.086899996,-0.287925
150480988671051,59.780877,-0.2231625,0.05115,-0.188925
150480998671979,59.790878,-0.2022625,0.0902,-0.0521125
150481008672902,59.800879,-0.1804,0.031625,0.076175
150481018673601,59.810880,-0.161975,-0.0686125,0.1287
150481028674510,59.820881,-0.166925,-0.1626625,0.115225
150481038675431,59.830881,-0.1962125,-0.227425,0.05775
150481048676359,59.840882,-0.2402125,-0.2726625,-0.0070125
150481058677287,59.850883,-0.2767875,-0.2457125,-0.04235
150481068678128,59.860884,-0.2987875,-0.1846625,-0.02035
150481078679037,59.870885,-0.30745,-0.133375,0.0455125
150481088679989,59.880886,-0.3037375,-0.10285,0.11275
150481098680673,59.890887,-0.29645,-0.100375,0.1494625
150481108681596,59.900888,-0.293975,-0.1626625,0.126225
150481118682509,59.910889,-0.29645,-0.2627625,0.0334125
150481128683448,59.920889,-0.29645,-0.3361875,-0.09735
150481138684379,59.930890,-0.304975,-0.3812875,-0.22687499
150481148685229,59.940891,-0.3147375,-0.363,-0.3026375
150481158686234,59.950892,-0.31845,-0.3092375,-0.3086875
150481168687075,59.960893,-0.30745,-0.22,-0.2646875
150481178687989,59.970894,-0.2767875,-0.1456125,-0.2121625
150481188688907,59.980895,-0.23045,-0.1137125,-0.188925
150481198689616,59.990896,-0.1791625,-0.1186625,-0.1791625
150481208690534,60.000897,-0.1351625,-0.111375,-0.1340625
150481218691451,60.010897,-0.1131625,-0.0881375,-0.0363
150481228692374,60.020898,-0.1131625,-0.06985,0.1115125
150481238693297,60.030899,-0.1241625,-0.0526625,0.314325
150481248694152,60.040900,-0.1351625,-0.0600875,0.49513748
150481258695088,60.050901,-0.1326875,-0.0979,0.5781875
150481268696003,60.060902,-0.1241625,-0.1516625,0.5696625
150481278696931,60.070903,-0.1241625,-0.2091375,0.513425
150481288697639,60.080904,-0.1241625,-0.24695,0.4291375
150481298698562,60.090905,-0.13145,-0.2652375,0.3265625
150481308699469,60.100905,-0.1486375,-0.2481875,0.2349875
150481318700296,60.110906,-0.1766875,-0.194425,0.176275
150481328701214,60.120907,-0.2047375,-0.11495,0.176275
150481338702137,60.130908,-0.2352625,-0.0306625,0.247225
150481348703061,60.140909,-0.2657875,0.004675,0.3876125
150481358703984,60.150910,-0.293975,-0.036849998,0.54285
150481368704676,60.160911,-0.2976875,-0.144375,0.6001875
150481378705595,60.170912,-0.2767875,-0.25795,0.5110875
150481388706522,60.180913,-0.27445,-0.407,0.34485
150481398707436,60.190913,-0.2572625,-0.53405,0.109175
150481408708282,60.200914,-0.2352625,-0.520575,-0.1560625
150481418709206,60.210915,-0.232925,-0.393525,-0.3564
150481428710129,60.220916,-0.2402125,-0.19813749,-0.4332625
150481438711037,60.230917,-0.23773749,0.02915,-0.39545
150481448711726,60.240918,-0.227975,0.15619999,-0.24887499
150481458712566,60.250919,-0.2182125,0.130625,-0.060775
150481468713566,60.260920,-0.1912625,-0.007425,0.0895125
150481478714397,60.270920,-0.1705,-0.21395,0.1518
150481488715321,60.280921,-0.166925,-0.3667125,0.1335125
150481498716244,60.290922,-0.1804,-0.407,0.098175
150481508717153,60.300923,-0.2047375,-0.3642375,0.1225125
150481518717847,60.310924,-0.2316875,-0.293425,0.237325
150481528718782,60.320925,-0.2512125,-0.2737625,0.42061248
150481538719705,60.330926,-0.25245,-0.34347498,0.5941375
150481548720638,60.340927,-0.234025,-0.4472875,0.672375
150481558721485,60.350927,-0.216975,-0.5608625,0.6307125
150481568722408,60.360928,-0.2145,-0.6598625,0.5049
150481578723345,60.370929,-0.2352625,-0.72214997,0.3240875
150481588724037,60.380930,-0.2657875,-0.7711,0.11275
150481598724950,60.390931,-0.2877875,-0.7343875,-0.077825
150481608725825,60.400932,-0.3025,-0.619575,-0.2085875
150481618726840,60.410933,-0.3025,-0.46928748,-0.2671625
150481628727682,60.420934,-0.2817375,-0.3251875,-0.287925
150481638728595,60.430935,-0.238975,-0.1969,-0.2866875
150481648729303,60.440935,-0.183975,-0.10395,-0.27445
150481658730210,60.450936,-0.139975,-0.0611875,-0.243925
150481668731147,60.460937,-0.1167375,-0.062425,-0.1804
150481678732070,60.470938,-0.111925,-0.0881375,-0.0765875
150481688732917,60.480939,-0.1106875,-0.15413749,0.034649998
150481698733840,60.490940,-0.095975,-0.2347125,0.1054625
150481708734529,60.500941,-0.0666875,-0.310475,0.11275
150481718735452,60.510941,-0.03135,-0.376475,0.0444125
150481728736368,60.520942,-6.875E-4,-0.393525,-0.077825
150481738737291,60.530943,0.01265,-0.354475,-0.2256375
150481748738133,60.540944,0.0066,-0.288475,-0.375925
150481758739057,60.550945,-0.017875,-0.1969,-0.485925
150481768739999,60.560946,-0.0484,-0.1211375,-0.5457375
150481778740893,60.570947,-0.0814,-0.073425,-0.5396875
150481788741563,60.580948,-0.111925,-0.0576125,-0.458975
150481798742484,60.590948,-0.1376375,-0.078375,-0.326975
150481808743339,60.600949,-0.1571625,-0.1309,-0.187825
150481818744262,60.610950,-0.172975,-0.20295,-0.0716375
150481828745196,60.620951,-0.1827375,-0.277475,0.0064625
150481838746119,60.630952,-0.194975,-0.3287625,0.0565125
150481848746811,60.640953,-0.210925,-0.352,0.093225
150481858747748,60.650954,-0.23045,-0.341,0.115225
150481868748609,60.660955,-0.2475,-0.2872375,0.1274625
150481878749537,60.670956,-0.2646875,-0.216425,0.1397
150481888750232,60.680956,-0.2805,-0.1639,0.154275
150481898751384,60.690957,-0.29273748,-0.145475,0.17875
150481908752076,60.700958,-0.2987875,-0.1687125,0.1945625
150481918752999,60.710959,-0.304975,-0.216425,0.1970375
150481928753845,60.720960,-0.3147375,-0.275,0.1799875
150481938754753,60.730961,-0.333025,-0.3287625,0.1494625
150481948755463,60.740961,-0.359975,-0.360525,0.120037496
150481958756384,60.750962,-0.3843125,-0.3727625,0.0809875
150481968757302,60.760963,-0.3977875,-0.37895,0.045649998
150481978758225,60.770964,-0.392975,-0.3777125,4.125E-4
150481988759066,60.780965,-0.3733125,-0.35694999,-0.061875
150481998759989,60.790966,-0.3392125,-0.3251875,-0.1351625
150482008760917,60.800967,-0.2987875,-0.3067625,-0.2085875
150482018761607,60.810968,-0.2572625,-0.3007125,-0.2941125
150482028762528,60.820969,-0.2121625,-0.2701875,-0.403975
150482038763344,60.830969,-0.17173749,-0.216425,-0.5005
150482048764267,60.840970,-0.144925,-0.13695,-0.54945
150482058764973,60.850971,-0.12773749,-0.0306625,-0.52745
150482068765893,60.860972,-0.1144,0.07315,-0.42845
150482078766813,60.870973,-0.0972125,0.124437496,-0.2366375
150482088767734,60.880974,-0.06545,0.1159125,-0.0020625
150482098768584,60.890975,-0.028875,0.0499125,0.21175
150482108769522,60.900976,-0.0044,-0.045375,0.3645125
150482118770445,60.910976,-0.0031625,-0.1296625,0.4598
150482128771151,60.920977,-0.02035,-0.205425,0.47685
150482138772088,60.930978,-0.0446875,-0.2542375,0.424325
150482148772940,60.940979,-0.0704,-0.2457125,0.3180375
150482158773868,60.950980,-0.0924,-0.1711875,0.192225
150482168774791,60.960981,-0.1082125,-0.0526625,0.1005125
150482178775480,60.970981,-0.122925,0.042625,0.060225
150482188776391,60.980982,-0.12773749,0.0939125,0.0639375
150482198777223,60.990983,-0.1167375,0.10615,0.073699996
150482208778162,61.000984,-0.0972125,0.086625,0.054175
150482218778856,61.010985,-0.0826375,0.053625,0.01265
150482228779768,61.020986,-0.0776875,-0.0026125,-0.0411125
150482238780597,61.030987,-0.0691625,-0.0526625,-0.08635
150482248781522,61.040988,-0.050875,-0.067375,-0.1095875
150482258782215,61.050988,-0.028875,-0.0429,-0.104637496
150482268783140,61.060989,-6.875E-4,-0.0050875,-0.094875
150482278784032,61.070990,0.0358875,0.031625,-0.088825
150482288784957,61.080991,0.0823625,0.05115,-0.1023
150482298785854,61.090992,0.1299375,0.05115,-0.143825
150482308786700,61.100993,0.1703625,0.0561,-0.1951125
150482318787614,61.110994,0.2057,0.0804375,-0.22935
150482328788321,61.120994,0.2277,0.1049125,-0.215875
150482338789153,61.130995,0.2349875,0.119625,-0.1584
150482348790157,61.140996,0.2424125,0.131725,-0.0900625
150482358790772,61.150997,0.25465,0.142725,-0.033825
150482368791955,61.160998,0.2594625,0.1464375,0.0039875
150482378792662,61.170999,0.258225,0.1342,0.0369875
150482388793587,61.181000,0.2484625,0.1293875,0.0847
150482398794441,61.191000,0.23265,0.12815,0.1519375
150482408795369,61.201001,0.2179375,0.124437496,0.23127499
150482418796292,61.211002,0.20693749,0.125675,0.3058
150482428797005,61.221003,0.2044625,0.119625,0.3570875
150482438797849,61.231004,0.214225,0.09515,0.3730375
150482448798772,61.241005,0.2338875,0.0548625,0.3546125
150482458799457,61.251005,0.2534125,0.009625,0.319275
150482468800404,61.261006,0.2607,-0.0281875,0.2910875
150482478801248,61.271007,0.2338875,-0.0416625,0.2838
150482488802180,61.281008,0.17765,-0.0380875,0.2765125
150482498802873,61.291009,0.1079375,-0.02585,0.253275
150482508804012,61.301010,0.0396,-0.02585,0.2154625
150482518804721,61.311011,-0.0116875,-0.0600875,0.15675
150482528805642,61.321012,-0.0471625,-0.106425,0.1054625
150482538806474,61.331012,-0.0716375,-0.145475,0.06875
150482548807392,61.341013,-0.09845,-0.1601875,0.0504625
150482558808010,61.351014,-0.1254,-0.1467125,0.0407
150482568809008,61.361015,-0.1436875,-0.1236125,0.0224125
150482578809859,61.371016,-0.1522125,-0.117425,-0.0070125
150482588810786,61.381017,-0.1412125,-0.11495,-0.0545875
150482598811467,61.391017,-0.1216875,-0.10395,-0.11935
150482608812390,61.401018,-0.1057375,-0.0501875,-0.165825
150482618813315,61.411019,-0.095975,-1.375E-4,-0.188925
150482628814171,61.421020,-0.084975,0.037675,-0.2036375
150482638814873,61.431021,-0.0594,0.059675,-0.2195875
150482648815798,61.441022,-0.0264,0.0609125,-0.2391125
150482658816721,61.451023,0.01265,0.0193875,-0.2781625
150482668817565,61.461024,0.0444125,0.0231,-0.33673748
150482678818488,61.471024,0.0603625,0.147675,-0.392975
150482688819392,61.481025,0.0286,0.1989625,-0.3905
150482698820008,61.491026,0.02365,0.346775,-0.2721125
150482708821008,61.501027,0.0066,0.390775,-0.0545875
150482718821931,61.511028,-0.017875,0.2979625,0.2057
150482728822777,61.521029,-0.0166375,0.1549625,0.4268
150482738823469,61.531029,-0.0116875,-0.007425,0.5550875
150482748824393,61.541030,-0.023924999,-0.1419,0.5929
150482758825248,61.551031,-0.0532125,-0.2409,0.5660875
150482768826176,61.561032,-0.094875,-0.310475,0.507375
150482778826884,61.571033,-0.1461625,-0.327525,0.4475625
150482788827800,61.581034,-0.19373749,-0.316525,0.3938
150482798828651,61.591035,-0.227975,-0.277475,0.34375
150482808829575,61.601036,-0.2462625,-0.2371875,0.3180375
150482818830255,61.611036,-0.260975,-0.22,0.32175
150482828831176,61.621037,-0.2767875,-0.2102375,0.319275
150482838831793,61.631038,-0.2877875,-0.2127125,0.297275
150482848832931,61.641039,-0.289025,-0.1992375,0.27775
150482858833626,61.651040,-0.282975,-0.231,0.1750375
150482868834565,61.661041,-0.2487375,-0.275,0.00165
150482878835411,61.671041,-0.2035,-0.2957625,-0.2231625
150482888836334,61.681042,-0.14973749,-0.294525,-0.43821248
150482898837017,61.691043,-0.09845,-0.2542375,-0.5933125
150482908837927,61.701044,-0.056925,-0.145475,-0.6617875
150482918838772,61.711045,-0.032449998,-0.0209,-0.663025
150482928839666,61.721046,-0.00935,0.1659625,-0.56155
150482938840351,61.731046,-0.0056375,0.29067498,-0.359975
150482948841257,61.741047,-0.006875,0.29067498,-0.0826375
150482958842103,61.751048,-0.006875,0.197725,0.20927499
150482968843026,61.761049,-0.0056375,0.0768625,0.43408749
150482978843719,61.771050,-0.012925,-0.023375,0.562375
150482988844659,61.781051,-0.039875,-0.0979,0.645425
150482998845498,61.791051,-0.073975,-0.17847499,0.683375
150483008846421,61.801052,-0.094875,-0.24447499,0.6736125
150483018847098,61.811053,-0.100925,-0.319,0.60513747
150483028848024,61.821054,-0.0996875,-0.3117125,0.4818
150483038848868,61.831055,-0.1082125,-0.2176625,0.3168
150483048849787,61.841056,-0.1351625,-0.0831875,0.16293749
150483058850479,61.851056,-0.1791625,0.0389125,0.0749375
150483068851418,61.861057,-0.2267375,0.11715,0.0589875
150483078852277,61.871058,-0.2695,0.1464375,0.1029875
150483088853201,61.881059,-0.29273748,0.1219625,0.16293749
150483098853908,61.891060,-0.3122625,0.0353375,0.2300375
150483108854833,61.901061,-0.3317875,-0.08195,0.2825625
150483118855667,61.911062,-0.3427875,-0.183425,0.2850375
150483128856590,61.921063,-0.3477375,-0.24695,0.2520375
150483138857283,61.931063,-0.3452625,-0.249425,0.1958
150483148858203,61.941064,-0.33055,-0.19195,0.1299375
150483158859032,61.951065,-0.326975,-0.128425,0.0834625
150483168859946,61.961066,-0.30855,-0.11495,-8.25E-4
150483178860645,61.971067,-0.2767875,-0.0721875,-0.094875
150483188861575,61.981068,-0.2462625,-0.0416625,-0.1865875
150483198862436,61.991068,-0.221925,-0.0196625,-0.2426875
150483208863359,62.001069,-0.2022625,-0.0050875,-0.2391125
150483218863976,62.011070,-0.1705,-0.018424999,-0.19139999
150483228864974,62.021071,-0.115637496,-0.062425,-0.154825
150483238865578,62.031072,-0.054449998,-0.1271875,-0.1450625
150483248866729,62.041073,-0.0056375,-0.2189,-0.2061125
150483258867409,62.051073,0.054175,-0.2396625,-0.3014
150483268868345,62.061074,0.095837496,-0.189475,-0.3881625
150483278868960,62.071075,0.1189375,-0.10395,-0.4332625
150483288870099,62.081076,0.14093749,-0.001375,-0.46145
150483298870725,62.091077,0.180125,0.086625,-0.474925
150483308871662,62.101078,0.219175,0.12815,-0.4932125
150483318872359,62.111078,0.258225,0.113437496,-0.524975
150483328873284,62.121079,0.28875,0.0988625,-0.5713125
150483338874147,62.131080,0.2949375,0.0743875,-0.6263125
150483348875066,62.141081,0.2827,0.1208625,-0.6813125
150483358875756,62.151082,0.27775,0.22715,-0.7216
150483368876664,62.161083,0.2264625,0.3114375,-0.7216
150483378877508,62.171084,0.1727,0.4420625,-0.674025
150483388878427,62.181084,0.125125,0.4970625,-0.6128375
150483398879121,62.191085,0.06765,0.4005375,-0.590975
150483408880044,62.201086,0.0248875,0.2429625,-0.6215
150483418880688,62.211087,-0.0081124995,0.1012,-0.69355
150483428881840,62.221088,-0.0301125,0.0548625,-0.77288747
150483438882542,62.231089,-0.0251625,0.1452,-0.79365
150483448883436,62.241089,-0.034925,0.2369125,-0.7313625
150483458884068,62.251090,-0.039875,0.3309625,-0.564025
150483468885006,62.261091,-0.02145,0.37125,-0.3282125
150483478885919,62.271092,0.015125,0.3284875,-0.0496375
150483488886840,62.281093,0.0848375,0.20625,0.17875
150483498887469,62.291093,0.2228875,0.0011,0.2520375
150483508888375,62.301094,0.3817,-0.089375,0.192225
150483518889220,62.311095,0.512325,-0.0160875,0.093225
150483528890225,62.321096,0.5600375,0.1208625,0.0369875
150483538890854,62.331097,0.5429875,0.246675,0.005225
150483548891779,62.341098,0.4585625,0.3762,0.0224125
150483558892632,62.351099,0.34375,0.3980625,0.0504625
150483568893555,62.361100,0.2094125,0.32725,0.0895125
150483578894255,62.371100,0.0774125,0.1794375,0.06765
150483588895162,62.381101,-0.0301125,-0.0196625,-0.017875
150483598895777,62.391102,-0.122925,-0.15413749,-0.1120625
150483608896922,62.401103,-0.1925,-0.1772375,-0.1584
150483618897552,62.411104,-0.2572625,-0.0966625,-0.1205875
150483628898474,62.421104,-0.2512125,-0.0246125,-0.0240625
150483638899162,62.431105,-0.1351625,0.004675,0.09075
150483648900312,62.441106,0.0334125,-0.05995,0.2105125
150483658900927,62.451107,0.1788875,-0.1992375,0.291225
150483668901821,62.461108,0.2754125,-0.3361875,0.2068
150483678902523,62.471109,0.28393748,-0.3287625,-0.03135
150483688903446,62.481109,0.2338875,-0.144375,-0.320925
150483698904063,62.491110,0.13859999,0.0829125,-0.5372125
150483708904996,62.501111,0.0334125,0.2332,-0.6105
150483718905840,62.511112,-0.0484,0.2514875,-0.60555
150483728906835,62.521113,-0.0826375,0.2209625,-0.614075
150483738907437,62.531113,-0.083875,0.2014375,-0.6765
150483748908357,62.541114,-0.0826375,0.1892,-0.746075
150483758909201,62.551115,-0.093637496,0.1623875,-0.77055
150483768910128,62.561116,-0.1057375,0.1489125,-0.72655
150483778910836,62.571117,-0.128975,0.1489125,-0.63855
150483788911756,62.581118,-0.1351625,0.1549625,-0.5042125
150483798912614,62.591119,-0.1351625,0.130625,-0.3551625
150483808913528,62.601120,-0.144925,0.1159125,-0.2206875
150483818914140,62.611120,-0.1584,0.059675,-0.116875
150483828915138,62.621121,-0.1692625,-0.0221375,-0.0460625
150483838915754,62.631122,-0.1705,-0.1137125,0.01265
150483848916693,62.641123,-0.1742125,-0.20899999,0.0749375
150483858917547,62.651124,-0.2035,-0.2567125,0.148225
150483868918470,62.661124,-0.2437875,-0.2872375,0.2520375
150483878919154,62.671125,-0.282975,-0.286,0.3718
150483888920078,62.681126,-0.304975,-0.2787125,0.518375
150483898920698,62.691127,-0.31955,-0.2921875,0.70042497
150483908921864,62.701128,-0.304975,-0.3141875,0.8617125
150483918922474,62.711128,-0.2877875,-0.363,0.9972875
150483928923397,62.721129,-0.2732125,-0.39105,1.089
150483938924080,62.731130,-0.27555,-0.426525,1.1158125
150483948925003,62.741131,-0.2842125,-0.4192375,1.092575
150483958925849,62.751132,-0.3012625,-0.35805,1.0278125
150483968926776,62.761133,-0.3147375,-0.25547498,0.9618125
150483978927375,62.771133,-0.3293125,-0.1846625,0.954525
150483988928311,62.781134,-0.326975,-0.194425,0.9997625
150483998929007,62.791135,-0.30621248,-0.242,1.070575
150484008930161,62.801136,-0.2646875,-0.2811875,1.1048125
150484018930776,62.811137,-0.271975,-0.376475,1.097525
150484028931699,62.821138,-0.3757875,-0.5511,1.0987625
150484038932317,62.831138,-0.543125,-0.8064375,1.0803375
150484048933320,62.841139,-0.67265,-1.0495375,0.981475
150484058933937,62.851140,-0.7106,-1.20725,0.80795
150484068934860,62.861141,-0.6556,-1.232825,0.568425
150484078935704,62.871142,-0.5418875,-1.0472,0.3070375
150484088936623,62.881143,-0.4246,-0.763675,0.0369875
150484098937320,62.891143,-0.282975,-0.4522375,-0.26221249
150484108938230,62.901144,-0.1387375,-0.194425,-0.6532625
150484118938851,62.911145,-0.01045,0.114675,-1.1284626
150484128939989,62.921146,0.0823625,0.417725,-1.6550875
150484138940606,62.931147,0.1166,0.7084,-2.1351
150484148941532,62.941148,0.103125,0.9161625,-2.49315
150484158942215,62.951148,0.0468875,1.081025,-2.650725
150484168943138,62.961149,-6.875E-4,1.2178375,-2.606725
150484178943756,62.971150,-0.0056375,1.307075,-2.3441
150484188944679,62.981151,0.0273625,1.2826,-1.8797625
150484198945520,62.991152,0.0688875,1.1347874,-1.287275
150484208946450,63.001152,0.0616,0.9087375,-0.6348375
150484218947142,63.011153,0.01155,0.6070625,-0.0350625
150484228948056,63.021154,-0.0411125,0.2954875,0.4268
150484238948903,63.031155,-0.104637496,0.009625,0.7211875
150484248949826,63.041156,-0.18645,-0.19813749,0.869
150484258950523,63.051157,-0.278025,-0.34347498,0.8982875
150484268951450,63.061157,-0.34155,-0.40205,0.8397125
150484278952081,63.071158,-0.3685,-0.39105,0.7321875
150484288953006,63.081159,-0.3647875,-0.3397625,0.6149
150484298953878,63.091160,-0.3403125,-0.275,0.5220875
150484308954815,63.101161,-0.311025,-0.23595,0.457325
150484318955427,63.111161,-0.28545,-0.22247499,0.4120875
150484328956420,63.121162,-0.278025,-0.2151875,0.363275
150484338957036,63.131163,-0.3037375,-0.211475,0.303325
150484348957957,63.141164,-0.3672625,-0.1931875,0.2239875
150484358958807,63.151165,-0.4235,-0.17613749,0.142175
150484368959733,63.161166,-0.4455,-0.2079,0.0944625
150484378960327,63.171166,-0.4307875,-0.282425,0.10175
150484388961325,63.181167,-0.3782625,-0.3752375,0.14575
150484398961927,63.191168,-0.3073125,-0.4827625,0.18493749
150484408962858,63.201169,-0.2327875,-0.5487625,0.1909875
150484418963462,63.211169,-0.144925,-0.57805,0.159225
150484428964614,63.221171,-0.050875,-0.6061,0.08965
150484438965227,63.231171,0.0323125,-0.614625,0.005225
150484448966129,63.241172,0.0994125,-0.5608625,-0.0875875
150484458966835,63.251173,0.1348875,-0.4753375,-0.2096875
150484468967744,63.261174,0.1348875,-0.396,-0.3014
150484478968575,63.271175,0.1153625,-0.321475,-0.3526875
150484488969504,63.281176,0.1056,-0.288475,-0.392975
150484498970106,63.291176,0.103125,-0.2847625,-0.43821248
150484508971013,63.301177,0.0946,-0.3177625,-0.487025
150484518971705,63.311178,0.0836,-0.283525,-0.5127375
150484528972626,63.321179,0.0603625,-0.2189,-0.4797375
150484538973222,63.331179,0.0224125,-0.13695,-0.3636875
150484548974154,63.341180,-0.0202125,-0.0746625,-0.1755875
150484558975000,63.351181,-0.0642125,-0.08085,0.0259875
150484568975936,63.361182,-0.0947375,-0.15413749,0.17875
150484578976624,63.371183,-0.12045,-0.264,0.2655125
150484588977561,63.381184,-0.1412125,-0.3557125,0.292325
150484598978178,63.391184,-0.1546875,-0.4167625,0.269225
150484608979330,63.401185,-0.1705,-0.4277625,0.20927499
150484618979962,63.411186,-0.1925,-0.3997125,0.1617
150484628980869,63.421187,-0.2047375,-0.36905,0.126225
150484638981549,63.431188,-0.1852125,-0.349525,0.098175
150484648982465,63.441188,-0.1656875,-0.3507625,0.0884125
150484658983080,63.451189,-0.1412125,-0.3837625,0.08965
150484668984008,63.461190,-0.1144,-0.46928748,0.0334125
150484678984855,63.471191,-0.08745,-0.5401,-0.094875
150484688985778,63.481192,-0.061875,-0.57928747,-0.29645
150484698986400,63.491192,-0.0312125,-0.5328125,-0.5407875
150484708987383,63.501193,-0.0081124995,-0.3887125,-0.7778375
150484718988016,63.511194,0.020075,-0.2017125,-0.9574125
150484728988958,63.521195,0.053075,-0.001375,-1.0478874
150484738989787,63.531196,0.10065,0.1892,-1.0514625
150484748990715,63.541197,0.15565,0.3212,-0.9526
150484758991316,63.551197,0.219175,0.379775,-0.7423625
150484768992239,63.561198,0.263175,0.3309625,-0.419925
150484778992917,63.571199,0.2754125,0.2209625,-0.0276375
150484788993842,63.581200,0.2534125,0.08415,0.3388
150484798994457,63.591200,0.2033625,-0.036849998,0.61242497
150484808995380,63.601201,0.153175,-0.1247125,0.80795
150484818996239,63.611202,0.1043625,-0.2176625,0.9227625
150484828997167,63.621203,0.0603625,-0.3031875,0.9497125
150484838997784,63.631204,0.01155,-0.426525,0.8971875
150484848998777,63.641205,-0.0422125,-0.5498625,0.8226625
150484858999393,63.651205,-0.0801625,-0.5853375,0.711425
150484869000318,63.661206,-0.072875,-0.56581247,0.51713747
150484879000943,63.671207,-0.045925,-0.45581248,0.2985125
150484889002095,63.681208,-0.006875,-0.286,0.10175
150484899002696,63.691209,0.0506,-0.14795,-0.0253
150484909003638,63.701210,0.12265,-0.0270875,-0.099825
150484919004331,63.711210,0.21065,0.0658625,-0.1596375
150484929005268,63.721211,0.28393748,0.1183875,-0.193875
150484939005883,63.731212,0.329175,0.1122,-0.2011625
150484949006806,63.741213,0.351175,0.053625,-0.2011625
150484959007667,63.751214,0.36574998,-0.034375,-0.221925
150484969008595,63.761215,0.373175,-0.08085,-0.270875
150484979009212,63.771215,0.3645125,-0.0246125,-0.2976875
150484989010133,63.781216,0.34141248,0.1012,-0.2611125
150484999010832,63.791217,0.3119875,0.22825,-0.1364
150485009011754,63.801218,0.291225,0.3199625,0.06875
150485019012381,63.811218,0.28765,0.3174875,0.336325
150485029013316,63.821219,0.2827,0.2112,0.5856125
150485039014162,63.831220,0.2827,0.042625,0.71389997
150485049015075,63.841221,0.2778875,-0.106425,0.71995
150485059015682,63.851222,0.2484625,-0.150425,0.6686625
150485069016590,63.861223,0.18493749,-0.1431375,0.5880875
150485079017282,63.871223,0.10065,-0.0966625,0.5061375
150485089018210,63.881224,0.0213125,-0.0209,0.4365625
150485099018823,63.891225,-0.0276375,0.04015,0.3645125
150485109019975,63.901226,-0.0411125,0.0829125,0.2765125
150485119020581,63.911227,-0.014162499,0.1012,0.1934625
150485129021504,63.921228,0.026124999,0.0878625,0.1617
150485139022122,63.931228,0.0628375,0.070675,0.192225
150485149023027,63.941229,0.086075,0.0463375,0.236225
150485159023644,63.951230,0.076175,0.026675,0.2679875
150485169024633,63.961231,0.059125,-0.012375,0.2679875
150485179025233,63.971231,0.0543125,-0.0796125,0.2239875
150485189026164,63.981232,0.0688875,-0.14795,0.137225
150485199027008,63.991233,0.10065,-0.2127125,0.00165
150485209027931,64.001234,0.14465,-0.2261875,-0.1461625
150485219028551,64.011235,0.17765,-0.2102375,-0.2536875
150485229029488,64.021235,0.22893749,-0.0319,-0.2696375
150485239030191,64.031236,0.2558875,0.180675,-0.221925
150485249031125,64.041237,0.26565,0.3444375,-0.094875
150485259031730,64.051238,0.2619375,0.4200625,0.104225
150485269032658,64.061239,0.22165,0.3212,0.3130875
150485279033274,64.071239,0.1788875,0.1379125,0.446325
150485289034192,64.081240,0.1483625,-0.0611875,0.4805625
150485299035036,64.091241,0.1189375,-0.1871375,0.4475625
150485309035959,64.101242,0.08965,-0.189475,0.3718
150485319036648,64.111243,0.0433125,-0.084425,0.3070375
150485329037493,64.121243,-0.01045,0.059675,0.2850375
150485339038180,64.131244,-0.054449998,0.180675,0.2825625
150485349039110,64.141245,-0.078925,0.23567499,0.26427498
150485359039739,64.151246,-0.084975,0.21367499,0.2190375
150485369040891,64.161247,-0.0776875,0.1073875,0.159225
150485379041507,64.171248,-0.056925,-0.0196625,0.0994125
150485389042426,64.181248,-0.0386375,-0.106425,0.0724625
150485399043041,64.191249,-0.0446875,-0.1186625,0.07865
150485409043959,64.201250,-0.0642125,-0.051425,0.109175
150485419044567,64.211251,-0.089925,0.0438625,0.131175
150485429045565,64.221252,-0.1057375,0.10615,0.1287
150485439046175,64.231252,-0.0947375,0.0671,0.0919875
150485449047100,64.241253,-0.0642125,-0.0539,0.0309375
150485459047716,64.251254,-0.0251625,-0.1296625,-0.0814
150485469048883,64.261255,0.0163625,-0.1687125,-0.221925
150485479049498,64.271255,0.0493625,-0.0917125,-0.3014
150485489050440,64.281256,0.064075,0.0353375,-0.3014
150485499051072,64.291257,0.076175,0.1574375,-0.232925
150485509051994,64.301258,0.0836,0.208725,-0.1364
150485519052674,64.311259,0.08965,0.164725,-0.0545875
150485529053590,64.321260,0.1166,0.0279125,-0.0386375
150485539054205,64.331260,0.1544125,-0.156475,-0.0900625
150485549055130,64.341261,0.175175,-0.24695,-0.171875
150485559055746,64.351262,0.1568875,-0.20295,-0.2171125
150485569056884,64.361263,0.1166,-0.07095,-0.210925
150485579057484,64.371263,0.0798875,0.06215,-0.160875
150485589058407,64.381264,0.053075,0.1513875,-0.083875
150485599059039,64.391265,0.0396,0.1219625,-0.039875
150485609059960,64.401266,0.0358875,0.0133375,-0.0460625
150485619060657,64.411267,0.0323125,-0.078375,-0.0704
150485629061580,64.421268,0.037125,-0.08085,-0.039875
150485639062184,64.431268,0.0298375,-0.0160875,0.08965
150485649063121,64.441269,0.0066,0.0694375,0.2960375
150485659063955,64.451270,-0.0276375,0.163625,0.5281375
150485669064878,64.461271,-0.0752125,0.1953875,0.7101875
150485679065498,64.471271,-0.106975,0.1183875,0.794475
150485689066422,64.481272,-0.111925,-0.0796125,0.7957125
150485699067039,64.491273,-0.111925,-0.319,0.6821375
150485709067960,64.501274,-0.0886875,-0.498575,0.4841375
150485719068652,64.511275,-0.0691625,-0.5328125,0.23375
150485729069561,64.521276,-0.0606375,-0.3617625,0.0028875
150485739070177,64.531276,-0.06545,-0.106425,-0.1376375
150485749071129,64.541277,-0.073975,0.130625,-0.1986875
150485759071736,64.551278,-0.0594,0.25025,-0.199925
150485769072659,64.561279,-0.0312125,0.230725,-0.1596375
150485779073275,64.571279,-0.01045,0.0988625,-0.099825
150485789074422,64.581280,-6.875E-4,-0.0796125,-0.0350625
150485799075039,64.591281,-0.0056375,-0.2371875,0.0138875
150485809075951,64.601282,-0.0202125,-0.2897125,0.0529375
150485819076597,64.611283,-0.0386375,-0.2677125,0.071225
150485829077275,64.621283,-0.0446875,-0.156475,0.0664125
150485839078193,64.631284,-0.034925,-0.047849998,0.02365
150485849079110,64.641285,0.00165,0.0328625,-0.0594
150485859079724,64.651286,0.0628375,0.07315,-0.155925
150485869080892,64.661287,0.114125,0.103675,-0.221925
150485879081281,64.671287,0.13365,0.1464375,-0.221925
150485889082450,64.681288,0.136125,0.2039125,-0.18535
150485899083079,64.691289,0.136125,0.26125,-0.1181125
150485909084012,64.701290,0.125125,0.2344375,-0.0020625
150485919084613,64.711291,0.13365,0.1782,0.10065
150485929085551,64.721292,0.158125,0.1109625,0.164175
150485939086243,64.731292,0.16665,0.04015,0.198275
150485949087080,64.741293,0.1519375,0.0121,0.2520375
150485959087758,64.751294,0.1056,0.0463375,0.3375625
150485969088681,64.761295,0.045649998,0.09515,0.42061248
150485979089293,64.771295,-0.0031625,0.0963875,0.4598
150485989090216,64.781296,-0.034925,0.0438625,0.4305125
150485999091061,64.791297,-0.0312125,-0.0441375,0.341275
150486009091678,64.801298,0.004125,-0.1137125,0.225225
150486019092589,64.811299,0.0543125,-0.1529,0.076175
150486029093512,64.821300,0.103125,-0.128425,-0.0583
150486039094135,64.831300,0.142175,-0.0466125,-0.1511125
150486049095051,64.841301,0.1739375,0.042625,-0.2281125
150486059095668,64.851302,0.2008875,0.091437496,-0.3221625
150486069096579,64.861303,0.2264625,0.1318625,-0.4307875
150486079097258,64.871303,0.2374625,0.1159125,-0.5493125
150486089098185,64.881304,0.247225,0.0891,-0.686125
150486099098786,64.891305,0.252175,0.1208625,-0.7973625
150486109099709,64.901306,0.2338875,0.20515,-0.8206
150486119100565,64.911307,0.224125,0.3102,-0.7423625
150486129101274,64.921307,0.2399375,0.3394875,-0.6007375
150486139102123,64.931308,0.2729375,0.2930125,-0.4345
150486149102829,64.941309,0.3339875,0.2222,-0.26221249
150486159103661,64.951310,0.39627498,0.1403875,-0.111925
150486169104584,64.961311,0.4354625,0.0939125,0.0224125
150486179105214,64.971311,0.4378,0.07315,0.1519375
150486189106137,64.981312,0.40974998,0.0389125,0.2374625
150486199106754,64.991313,0.357225,0.0108624995,0.236225
150486209107667,65.001314,0.2864125,-0.006325,0.153175
150486219108359,65.011314,0.2118875,-0.0099,0.00165
150486229109209,65.021315,0.136125,-0.0526625,-0.21945
150486239109897,65.031316,0.075075,-0.0796125,-0.4772625
150486249110758,65.041317,0.059125,-0.0611875,-0.696025
150486259111450,65.051317,0.086075,-0.0331375,-0.8303625
150486269112389,65.061318,0.1238875,0.015675,-0.8976
150486279113004,65.071319,0.1678875,0.07315,-0.9207
150486289113927,65.081320,0.2143625,0.13915,-0.9086
150486299114529,65.091321,0.263175,0.2539625,-0.8646
150486309115686,65.101322,0.2899875,0.37125,-0.7583125
150486319116301,65.111322,0.2814625,0.4445375,-0.56155
150486329117238,65.121323,0.2424125,0.4360125,-0.3014
150486339117842,65.131324,0.18259999,0.36025,-0.0363
150486349118753,65.141325,0.1189375,0.2209625,0.1555125
150486359119395,65.151325,0.0628375,0.078099996,0.2300375
150486369120316,65.161326,0.01265,-0.0086624995,0.2484625
150486379120924,65.171327,-0.0642125,-0.095425,0.2728
150486389121840,65.181328,-0.1546875,-0.167475,0.3265625
150486399122542,65.191329,-0.2267375,-0.1969,0.391325
150486409123373,65.201329,-0.271975,-0.2396625,0.42061248
150486419124068,65.211330,-0.278025,-0.238425,0.39627498
150486429124991,65.221331,-0.267025,-0.231,0.29975
150486439125602,65.231332,-0.23773749,-0.1821875,0.1555125
150486449126525,65.241333,-0.2035,-0.106425,0.021175
150486459127155,65.251333,-0.19373749,-0.0416625,-0.0545875
150486469128321,65.261334,-0.1962125,0.0279125,-0.0680625
150486479128919,65.271335,-0.1802625,0.0499125,-0.0606375
150486489129826,65.281336,-0.14973749,0.0279125,-0.072875
150486499130412,65.291336,-0.10945,0.01815,-0.1181125
150486509131336,65.301337,-0.0776875,0.0523875,-0.16335
150486519131946,65.311338,-0.0716375,0.136675,-0.171875
150486529132859,65.321339,-0.078925,0.2332,-0.1364
150486539133472,65.331339,-0.073975,0.27225,-0.0680625
150486549134394,65.341340,-0.0374,0.2429625,0.01265
150486559135020,65.351341,0.0163625,0.2039125,0.0847
150486569135951,65.361342,0.07865,0.186725,0.1359875
150486579136633,65.371343,0.13365,0.224675,0.20075
150486589137495,65.381343,0.16665,0.2844875,0.3229875
150486599138182,65.391344,0.1813625,0.3309625,0.4830375
150486609139034,65.401345,0.180125,0.3089625,0.617375
150486619139712,65.411346,0.1727,0.2222,0.65285
150486629140624,65.421347,0.16293749,0.1159125,0.5746125
150486639141239,65.431347,0.1324125,-0.0099,0.4010875
150486649142167,65.441348,0.0713625,-0.128425,0.1555125
150486659142782,65.451349,0.0028875,-0.1711875,-0.0691625
150486669143708,65.461350,-0.061875,-0.1419,-0.221925
150486679144566,65.471351,-0.104499996,-0.0636625,-0.298925
150486689145273,65.481351,-0.12045,0.0121,-0.3221625
150486699146119,65.491352,-0.10945,0.0561,-0.3392125
150486709146812,65.501353,-0.0606375,0.1109625,-0.331925
150486719147664,65.511354,-0.0154,0.1489125,-0.30621248
150486729148354,65.521354,0.01155,0.158675,-0.271975
150486739149191,65.531355,0.0298375,0.1489125,-0.2341625
150486749149881,65.541356,0.0543125,0.0878625,-0.1804
150486759150722,65.551357,0.0763125,0.003575,-0.1315875
150486769151400,65.561357,0.0933625,-0.0686125,-0.1095875
150486779152246,65.571358,0.1128875,-0.1186625,-0.1291125
150486789153167,65.581359,0.1458875,-0.145475,-0.177925
150486799153785,65.591360,0.18493749,-0.0881375,-0.19635
150486809154701,65.601361,0.20693749,0.05115,-0.1841125
150486819155383,65.611361,0.2008875,0.174625,-0.1205875
150486829156316,65.621362,0.18865,0.263725,-0.0033
150486839156932,65.631363,0.1654125,0.2624875,0.115225
150486849157869,65.641364,0.136125,0.186725,0.17875
150486859158489,65.651364,0.095837496,0.0573375,0.175175
150486869159417,65.661365,0.048125,-0.0661375,0.11165
150486879160028,65.671366,0.0028875,-0.18095,0.027224999
150486889160951,65.681367,-0.028875,-0.2457125,-0.0680625
150486899161566,65.691368,-0.0264,-0.2066625,-0.149875
150486909162433,65.701368,-6.875E-4,-0.089375,-0.17435
150486919163126,65.711369,0.0248875,0.0474375,-0.13035
150486929164063,65.721370,0.04455,0.164725,-0.0363
150486939164922,65.731371,0.06765,0.2074875,0.07865
150486949165539,65.741372,0.092125,0.13915,0.1617
150486959166237,65.751372,0.1043625,0.025575,0.192225
150486969167160,65.761373,0.1056,-0.062425,0.181225
150486979167793,65.771374,0.0908875,-0.111375,0.16775
150486989168725,65.781375,0.06765,-0.0941875,0.1959375
150486999169332,65.791375,0.037125,-0.0171875,0.269225
150487009170489,65.801376,0.0188375,0.0451,0.3485625
150487019171104,65.811377,0.01155,0.0561,0.3815625
150487029171777,65.821378,0.0078375,0.020624999,0.35227498
150487039172619,65.831379,0.0066,-0.018424999,0.2704625
150487049173316,65.841379,0.0078375,-0.0356125,0.176275
150487059173918,65.851380,0.0103124995,-0.0281875,0.117699996
150487069175070,65.861381,0.026124999,-0.0026125,0.1249875
150487079175697,65.871382,0.0506,0.014575,0.1507
150487089176614,65.881383,0.081125,0.026675,0.15675
150487099177229,65.891383,0.109175,0.0108624995,0.098175
150487109177913,65.901384,0.119075,-0.0171875,-0.0264
150487119178758,65.911385,0.1104125,-0.00385,-0.1486375
150487129179676,65.921386,0.098175,0.0561,-0.2316875
150487139180291,65.931386,0.092125,0.102437496,-0.249975
150487149180966,65.941387,0.097075,0.142725,-0.2134
150487159181803,65.951388,0.119075,0.175725,-0.1461625
150487169182522,65.961389,0.1544125,0.2014375,-0.08635
150487179183375,65.971389,0.1898875,0.2344375,-0.0460625
150487189184300,65.981390,0.2057,0.2674375,-0.04235
150487199185010,65.991391,0.2044625,0.2784375,-0.05335
150487209185854,66.001392,0.186175,0.27101249,-0.072875
150487219186471,66.011392,0.169125,0.2539625,-0.0851125
150487229187406,66.021393,0.16293749,0.2074875,-0.077825
150487239188024,66.031394,0.1434125,0.124437496,-0.0704
150487249188945,66.041395,0.11165,0.100099996,-0.0496375
150487259189542,66.051396,0.0688875,0.086625,-0.03135
150487269190478,66.061396,0.0188375,0.053625,-0.044825
150487279191096,66.071397,-0.02145,0.026675,-0.0814
150487289191788,66.081398,-0.0446875,0.01815,-0.1425875
150487299192726,66.091399,-0.051975,0.042625,-0.2061125
150487309193633,66.101400,-0.0532125,0.0853875,-0.238975
150487319194258,66.111400,-0.0446875,0.12815,-0.232925
150487329195104,66.121401,-0.0264,0.1599125,-0.2134
150487339195721,66.131402,-0.0116875,0.1879625,-0.1804
150487349196628,66.141403,-0.0056375,0.2014375,-0.1266375
150487359197312,66.151403,5.5E-4,0.18315,-0.0691625
150487369198148,66.161404,0.009075,0.136675,-0.006875
150487379198840,66.171405,0.0176,0.070675,0.032175
150487389199691,66.181406,0.03355,-0.00385,0.0089375
150487399200384,66.191406,0.0408375,-0.0906125,-0.088825
150487409201215,66.201407,0.045649998,-0.13213749,-0.2451625
150487419201904,66.211408,0.0468875,-0.1076625,-0.3905
150487429202836,66.221409,0.037125,-0.0331375,-0.43945
150487439203441,66.231409,0.0188375,0.113437496,-0.3685
150487449204282,66.241410,0.0323125,0.301675,-0.2206875
150487459204974,66.251411,0.004125,0.3762,-0.0606375
150487469205810,66.261412,-0.01045,0.329725,0.1654125
150487479206505,66.271413,-0.0361625,0.1599125,0.3375625
150487489207349,66.281413,-0.054449998,-0.067375,0.3840375
150487499208060,66.291414,-0.0691625,-0.2297625,0.3400375
150487509208906,66.301415,-0.0924,-0.3007125,0.22893749
150487519209604,66.311416,-0.1057375,-0.2432375,0.1249875
150487529210221,66.321416,-0.1106875,-0.09295,0.0884125
150487539211149,66.331417,-0.1057375,0.08415,0.1274625
150487549211993,66.341418,-0.0911625,0.208725,0.1995125
150487559212681,66.351419,-0.0801625,0.224675,0.269225
150487569213522,66.361420,-0.0826375,0.1208625,0.2838
150487579214234,66.371420,-0.0996875,-0.047849998,0.258225
150487589215085,66.381421,-0.1375,-0.187,0.1947
150487599215773,66.391422,-0.177925,-0.277475,0.082225
150487609216696,66.401423,-0.201025,-0.277475,-0.0166375
150487619217316,66.411423,-0.199925,-0.1931875,-0.0716375
150487629218152,66.421424,-0.1632125,-0.0356125,-0.0594
150487639218756,66.431425,-0.1167375,0.1159125,4.125E-4
150487649219677,66.441426,-0.078925,0.2454375,0.0944625
150487659220303,66.451426,-0.050875,0.307725,0.2277
150487669221196,66.461427,-0.0532125,0.2552,0.346225
150487679221889,66.471428,-0.078925,0.13915,0.42185
150487689222730,66.481429,-0.106975,-0.0086624995,0.4158
150487699223426,66.491429,-0.13145,-0.145475,0.3265625
150487709224272,66.501430,-0.161975,-0.2261875,0.181225
150487719224965,66.511431,-0.183975,-0.17613749,0.043175
150487729225807,66.521432,-0.19745,-0.0050875,-0.0264
150487739226499,66.531432,-0.2047375,0.2074875,4.125E-4
150487749227334,66.541433,-0.1876875,0.351725,0.10175
150487759227952,66.551434,-0.161975,0.33825,0.2105125
150487769228868,66.561435,-0.1302125,0.1892,0.253275
150487779229560,66.571436,-0.1144,-0.0380875,0.18493749
150487789230178,66.581436,-0.1362625,-0.2261875,0.037125
150487799231024,66.591437,-0.1876875,-0.2701875,-0.1266375
150487809231726,66.601438,-0.238975,-0.2127125,-0.2426875
150487819232584,66.611439,-0.278025,-0.1381875,-0.287925
150487829233298,66.621439,-0.271975,-0.0539,-0.2904
150487839234159,66.631440,-0.21573749,-1.375E-4,-0.3196875
150487849234851,66.641441,-0.1546875,0.0829125,-0.34045
150487859235697,66.651442,-0.10945,0.1989625,-0.2866875
150487869236619,66.661443,-0.093637496,0.2564375,-0.155925
150487879237231,66.671443,-0.089925,0.20019999,-8.25E-4
150487889237935,66.681444,-0.0776875,0.0792,0.0834625
150487899238788,66.691445,-0.0606375,-0.0917125,0.0334125
150487909239715,66.701446,-0.062975,-0.266475,-0.1205875
150487919240336,66.711446,-0.0862125,-0.3862375,-0.331925
150487929241026,66.721447,-0.104499996,-0.363,-0.520025
150487939241872,66.731448,-0.1131625,-0.22,-0.636075
150487949242570,66.741449,-0.089925,-0.0246125,-0.6483125
150487959243407,66.751449,-0.0374,0.164725,-0.5457375
150487969244315,66.761450,-0.0056375,0.2332,-0.364925
150487979244918,66.771451,0.0028875,0.2074875,-0.149875
150487989245535,66.781452,-0.0056375,0.1073875,0.0504625
150487999246227,66.791452,-0.0422125,-0.018424999,0.2080375
150488009247073,66.801453,-0.100925,-0.13695,0.319275
150488019247766,66.811454,-0.16445,-0.25547498,0.35475
150488029248607,66.821455,-0.19373749,-0.3532375,0.29975
150488039249299,66.831455,-0.190025,-0.44233748,0.1775125
150488049250135,66.841456,-0.1472625,-0.4192375,0.01265
150488059250814,66.851457,-0.08745,-0.277475,-0.1216875
150488069251735,66.861458,-0.0422125,-0.0466125,-0.1376375
150488079252352,66.871458,-0.028875,0.164725,-0.0521125
150488089253198,66.881459,-0.0226875,0.2564375,0.0578875
150488099253875,66.891460,-0.0044,0.1843875,0.12375
150488109254726,66.901461,0.0078375,-0.00385,0.109175
150488119255416,66.911461,-0.006875,-0.216425,0.021175
150488129256259,66.921462,-0.0336875,-0.3337125,-0.07535
150488139256964,66.931463,-0.0556875,-0.31295,-0.111925
150488149257822,66.941464,-0.067925,-0.183425,-0.0826375
150488159258512,66.951465,-0.051975,-0.0281875,-0.0215875
150488169259116,66.961465,-0.0202125,0.081675,0.0419375
150488179260039,66.971466,0.004125,0.12815,0.1054625
150488189260892,66.981467,0.01265,0.11715,0.1604625
150488199261589,66.991468,-0.0056375,0.0743875,0.24475
150488209262436,67.001468,-0.0422125,0.003575,0.346225
150488219263053,67.011469,-0.0666875,-0.0661375,0.42075
150488229263745,67.021470,-0.0814,-0.10395,0.44027498
150488239264591,67.031471,-0.089925,-0.112475,0.3975125
150488249265498,67.041471,-0.089925,-0.1016125,0.3180375
150488259266115,67.051472,-0.089925,-0.0759,0.214225
150488269266827,67.061473,-0.0886875,-0.034375,0.104225
150488279267667,67.071474,-0.0862125,-0.001375,-0.0020625
150488289268357,67.081474,-0.0947375,0.0108624995,-0.0911625
150488299269230,67.091475,-0.1021625,-0.0061875,-0.1546875
150488309269924,67.101476,-0.1131625,-0.0306625,-0.1962125
150488319270758,67.111477,-0.1265,-0.0196625,-0.19139999
150488329271453,67.121477,-0.13145,0.00715,-0.122925
150488339272282,67.131478,-0.1252625,0.0218625,-0.0240625
150488349272974,67.141479,-0.0947375,0.009625,0.0554125
150488359273578,67.151480,-0.040975,-0.0306625,0.065175
150488369274491,67.161480,0.015125,-0.0771375,0.0064625
150488379275092,67.171481,0.0664125,-0.07095,-0.06435
150488389276015,67.181482,0.097075,-0.0221375,-0.07535
150488399276631,67.191483,0.098175,0.042625,-0.0056375
150488409277477,67.201483,0.0933625,0.091437496,0.095699996
150488419278186,67.211484,0.0908875,0.1012,0.164175
150488429279125,67.221485,0.0823625,0.08415,0.1665125
150488439279737,67.231486,0.0738375,0.02915,0.115225
150488449280583,67.241487,0.045649998,-0.040425,0.0444125
150488459281504,67.251488,0.01155,-0.0686125,0.00165
150488469282123,67.261488,-0.0336875,-0.0636625,0.0174625
150488479282818,67.271489,-0.07645,-0.0306625,0.071225
150488489283667,67.281490,-0.1034,0.0121,0.1544125
150488499284390,67.291490,-0.1082125,0.0169125,0.21175
150488509285220,67.301491,-0.0935,-0.0441375,0.2057
150488519285852,67.311492,-0.067925,-0.1186625,0.137225
150488529286786,67.321493,-0.0276375,-0.1577125,0.0407
150488539287390,67.331493,0.0017875,-0.1247125,-0.0105875
150488549288311,67.341494,0.0017875,-0.0391875,0.0419375
150488559288938,67.351495,-0.0044,0.048675,0.170225
150488569289630,67.361496,0.0066,0.103675,0.3155625
150488579290567,67.371497,0.0298375,0.0891,0.424325
150488589291168,67.381497,0.056649998,0.00715,0.4598
150488599292004,67.391498,0.075075,-0.07095,0.4426125
150488609292681,67.401499,0.07865,-0.111375,0.4048
150488619293524,67.411500,0.07865,-0.1027125,0.357225
150488629294215,67.421500,0.081125,-0.047849998,0.3229875
150488639295046,67.431501,0.086075,0.0218625,0.3119875
150488649295709,67.441502,0.10065,0.0719125,0.31075
150488659296548,67.451503,0.11165,0.078099996,0.302225
150488669297222,67.461503,0.119075,0.02915,0.2607
150488679298085,67.471504,0.119075,-0.0356125,0.18727499
150488689298702,67.481505,0.108075,-0.05995,0.126225
150488699299386,67.491505,0.0836,-0.04895,0.098175
150488709300294,67.501506,0.0493625,0.0193875,0.131175
150488719301148,67.511507,0.0163625,0.0694375,0.219175
150488729301850,67.521508,0.009075,0.0474375,0.3058
150488739302696,67.531509,0.02365,-0.0160875,0.33275
150488749303299,67.541509,0.037125,-0.0576125,0.2838
150488759304006,67.551510,0.0286,-0.0356125,0.219175
150488769304854,67.561511,-0.01045,0.025575,0.198275
150488779305549,67.571512,-0.029975,0.0523875,0.1837
150488789306395,67.581512,-6.875E-4,0.004675,0.1104125
150488799307077,67.591513,0.037125,-0.0721875,-0.0143
150488809307911,67.601514,0.0688875,-0.1016125,-0.14739999
150488819308619,67.611515,0.0664125,-0.0539,-0.2206875
150488829309474,67.621515,0.026124999,0.0499125,-0.19745
150488839310188,67.631516,0.0078375,0.1318625,-0.1351625
150488849311036,67.641517,0.034649998,0.169675,-0.078925
150488859311710,67.651518,0.0713625,0.1439625,-0.0350625
150488869312337,67.661518,0.092125,0.078099996,0.0248875
150488879313207,67.671519,0.07865,0.0169125,0.120175
150488889313909,67.681520,0.059125,-0.01485,0.2105125
150488899314750,67.691521,0.056649998,-0.007425,0.2569875
150488909315428,67.701521,0.0713625,-0.0050875,0.2239875
150488919316288,67.711522,0.0946,-0.0501875,0.0994125
150488929316986,67.721523,0.106837496,-0.1309,-0.0471625
150488939317827,67.731524,0.1056,-0.106425,-0.1706375
150488949318519,67.741525,0.08965,-0.0099,-0.2072125
150488959319395,67.751525,0.064075,0.1329625,-0.11935
150488969320095,67.761526,0.042075,0.21615,0.0309375
150488979320941,67.771527,0.0396,0.186725,0.131175
150488989321629,67.781528,0.0554125,0.0133375,0.0919875
150488999322242,67.791528,0.07865,-0.19195,-0.0545875
150489009323073,67.801529,0.070125,-0.3702875,-0.27445
150489019323994,67.811530,0.048125,-0.3617625,-0.4712125
150489029324715,67.821531,0.0286,-0.1797125,-0.5445
150489039325333,67.831531,0.02365,0.0328625,-0.524975
150489049326169,67.841532,0.0664125,0.2112,-0.4467375
150489059326842,67.851533,0.1128875,0.2674375,-0.3342625
150489069327688,67.861534,0.147125,0.2649625,-0.199925
150489079328391,67.871534,0.1519375,0.208725,-0.0545875
150489089329237,67.881535,0.1166,0.119625,0.0944625
150489099329922,67.891536,0.0726,-0.0171875,0.175175
150489109330758,67.901537,0.045649998,-0.15895,0.13475
150489119331451,67.911537,0.0273625,-0.24695,0.0077
150489129332304,67.921538,0.01155,-0.2212375,-0.1254
150489139332979,67.931539,-0.006875,-0.11495,-0.19745
150489149333840,67.941540,-0.029975,0.0523875,-0.15345
150489159334538,67.951541,-0.032449998,0.174625,-0.05335
150489169335163,67.961541,-0.0116875,0.2294875,0.0028875
150489179336091,67.971542,0.0188375,0.1464375,-0.044825
150489189336694,67.981543,0.037125,-0.01485,-0.15235
150489199337520,67.991544,0.042075,-0.20899999,-0.2597375
150489209338217,68.001544,0.045649998,-0.253,-0.2561625
150489219339061,68.011545,0.015125,-0.1601875,-0.0985875
150489229339770,68.021546,-0.0202125,0.0474375,0.159225
150489239340614,68.031547,-0.0154,0.2099625,0.3925625
150489249341317,68.041547,0.004125,0.2539625,0.523325
150489259342161,68.051548,0.0383625,0.174625,0.5258
150489269342854,68.061549,0.0653125,-0.01485,0.4268
150489279343696,68.071550,0.0738375,-0.22495,0.236225
150489289344402,68.081550,0.075075,-0.341,-8.25E-4
150489299345015,68.091551,0.081125,-0.3067625,-0.2366375
150489309345846,68.101552,0.1043625,-0.1406625,-0.410025
150489319346524,68.111553,0.1276,0.1109625,-0.4712125
150489329347370,68.121553,0.1348875,0.4005375,-0.377025
150489339348058,68.131554,0.131175,0.5911125,-0.1401125
150489349348912,68.141555,0.1276,0.5581125,0.1519375
150489359349604,68.151556,0.1288375,0.335775,0.3449875
150489369350455,68.161556,0.1324125,-1.375E-4,0.346225
150489379351143,68.171557,0.092125,-0.349525,0.18727499
150489389351989,68.181558,0.03355,-0.459525,-0.0386375
150489399352611,68.191559,-0.01045,-0.2932875,-0.2206875
150489409353517,68.201560,-0.0606375,0.02915,-0.2366375
150489419354191,68.211560,-0.0532125,0.3542,-0.1216875
150489429355037,68.221561,0.0286,0.5215375,0.0089375
150489439355668,68.231562,0.1153625,0.528825,0.1018875
150489449356361,68.241562,0.175175,0.3785375,0.1029875
150489459357207,68.251563,0.1739375,0.125675,0.0138875
150489469357909,68.261564,0.1288375,-0.1271875,-0.111925
150489479358768,68.271565,0.097075,-0.272525,-0.232925
150489489359381,68.281565,0.053075,-0.275,-0.3196875
150489499360293,68.291566,0.0028875,-0.0979,-0.3526875
150489509360914,68.301567,-0.028875,0.1439625,-0.30621248
150489519361597,68.311568,-0.034925,0.3064875,-0.1852125
150489529362535,68.321569,-0.012925,0.3322,-0.05335
150489539363379,68.331569,0.03355,0.23925,0.043175
150489549364071,68.341570,0.06765,0.0804375,0.0798875
150489559364694,68.351571,0.0738375,-0.0551375,0.087175
150489569365540,68.361572,0.0616,-0.1431375,0.059125
150489579366245,68.371572,0.0396,-0.1381875,0.0504625
150489589367096,68.381573,0.0138875,-0.0831875,0.082225
150489599367774,68.391574,0.0066,0.003575,0.1519375
150489609368620,68.401575,0.0176,0.064625,0.2179375
150489619369316,68.411575,0.045649998,0.0902,0.2520375
150489629370153,68.421576,0.0713625,0.0548625,0.2497
150489639370766,68.431577,0.07865,0.004675,0.1934625
150489649371467,68.441577,0.0628375,-0.029424999,0.1287
150489659372318,68.451578,0.020075,-0.058849998,0.065175
150489669373015,68.461579,-0.0251625,-0.0966625,-0.0301125
150489679373862,68.471580,-0.0496375,-0.1027125,-0.127875
150489689374549,68.481581,-0.056925,-0.0856625,-0.2036375
150489699375393,68.491581,-0.0556875,-0.036849998,-0.2146375
150489709376082,68.501582,-0.0532125,0.04015,-0.15345
150489719376913,68.511583,-0.0496375,0.1012,-0.04235
150489729377525,68.521584,-0.0532125,0.141625,0.1018875
150489739378198,68.531584,-0.067925,0.10615,0.2167
150489749379045,68.541585,-0.0752125,0.014575,0.26427498
150489759379751,68.551586,-0.0837375,-0.0796125,0.2717
150489769380595,68.561587,-0.0935,-0.145475,0.24475
150489779381303,68.571587,-0.09845,-0.1296625,0.1947
150489789382134,68.581588,-0.0947375,-0.034375,0.181225
150489799382850,68.591589,-0.089925,0.0633875,0.1947
150489809383467,68.601589,-0.0814,0.114675,0.197175
150489819384380,68.611590,-0.0704,0.1122,0.1689875
150489829385225,68.621591,-0.0814,0.0474375,0.1018875
150489839385847,68.631592,-0.104499996,-0.0319,0.00165
150489849386537,68.641593,-0.1362625,-0.084425,-0.093637496
150489859387389,68.651593,-0.1852125,-0.0771375,-0.14135
150489869388076,68.661594,-0.2206875,-0.047849998,-0.133925
150489879388922,68.671595,-0.2292125,-1.375E-4,-0.0875875
150489889389544,68.681596,-0.2132625,0.0413875,-0.0606375
150489899390466,68.691596,-0.188925,0.053625,-0.0471625
150489909391166,68.701597,-0.17173749,0.05115,-0.0374
150489919391798,68.711598,-0.1705,0.053625,-0.013062499
150489929392721,68.721599,-0.1692625,0.0561,0.0309375
150489939393332,68.731599,-0.1582625,0.0768625,0.093225
150489949394164,68.741600,-0.1265,0.0891,0.1445125
150489959394858,68.751601,-0.0996875,0.0743875,0.14575
150489969395691,68.761602,-0.0801625,0.0341,0.087175
150489979396304,68.771602,-0.0666875,-0.036849998,-0.022824999
150489989396996,68.781603,-0.0691625,-0.1137125,-0.17545
150489999397842,68.791604,-0.0814,-0.15413749,-0.3782625
150490009398535,68.801605,-0.1144,-0.1101375,-0.5517875
150490019399367,68.811605,-0.1412125,-0.01485,-0.6483125
150490029400049,68.821606,-0.1546875,0.0939125,-0.6458375
150490039400898,68.831607,-0.1436875,0.21725,-0.535975
150490049401516,68.841608,-0.10945,0.241725,-0.342925
150490059402437,68.851608,-0.0642125,0.1964875,-0.1241625
150490069403083,68.861609,-0.02145,0.0523875,0.048125
150490079403980,68.871610,-0.0044,-0.134475,0.1249875
150490089404597,68.881611,0.0066,-0.29095,0.093225
150490099405285,68.891611,0.004125,-0.3557125,-0.013062499
150490109406133,68.901612,-0.0251625,-0.3067625,-0.149875
150490119406775,68.911613,-0.040975,-0.1846625,-0.282975
150490129407692,68.921614,-0.045925,-0.04895,-0.353925
150490139408384,68.931614,-0.034925,0.0341,-0.3612125
150490149409002,68.941615,-0.0312125,0.0523875,-0.331925
150490159409852,68.951616,-0.0336875,0.00715,-0.2842125
150490169410544,68.961617,-0.0422125,-0.0807125,-0.2426875
150490179411383,68.971617,-0.0594,-0.1296625,-0.2072125
150490189412090,68.981618,-0.0911625,-0.1199,-0.160875
150490199412716,68.991619,-0.10945,-0.0831875,-0.083875
150490209413577,69.001620,-0.1131625,-0.018424999,0.054175
150490219414255,69.011620,-0.1034,-0.0086624995,0.2277
150490229415088,69.021621,-0.0776875,-0.0281875,0.3790875
150490239415763,69.031622,-0.032449998,-0.036849998,0.4635125
150490249416628,69.041623,5.5E-4,-0.058849998,0.485375
150490259417246,69.051623,0.02365,-0.07095,0.4695625
150490269418167,69.061624,0.0298375,-0.084425,0.4525125
150490279418775,69.071625,0.0163625,-0.1186625,0.43285
150490289419462,69.081625,0.0028875,-0.1381875,0.3790875
150490299420297,69.091626,-0.01045,-0.1027125,0.319275
150490309420989,69.101627,-0.043449998,-0.0441375,0.2655125
150490319421837,69.111628,-0.07645,0.0218625,0.220275
150490329422523,69.121629,-0.1082125,0.0438625,0.2080375
150490339423374,69.131629,-0.133925,0.0743875,0.2459875
150490349423996,69.141630,-0.1522125,0.0804375,0.3119875
150490359424688,69.151631,-0.17173749,0.0341,0.3790875
150490369425530,69.161632,-0.1815,-0.0026125,0.4170375
150490379426206,69.171632,-0.1766875,-0.0416625,0.3950375
150490389427052,69.181633,-0.168025,-0.1186625,0.3070375
150490399427758,69.191634,-0.15345,-0.16995,0.1824625
150490409428391,69.201634,-0.128975,-0.1431375,0.056649998
150490419429237,69.211635,-0.1106875,-0.0771375,-0.061875
150490429429922,69.221636,-0.0801625,0.0451,-0.1401125
150490439430769,69.231637,-0.0386375,0.1232,-0.17435
150490449431415,69.241637,0.009075,0.1769625,-0.177925
150490459432111,69.251638,0.059125,0.17215,-0.1926375
150490469432957,69.261639,0.0933625,0.141625,-0.2072125
150490479433650,69.271640,0.119075,0.1329625,-0.210925
150490489434494,69.281640,0.125125,0.103675,-0.177925
150490499435172,69.291641,0.1288375,0.081675,-0.1291125
150490509436003,69.301642,0.1276,0.059675,-0.066825
150490519436696,69.311643,0.119075,0.0463375,-0.0215875
150490529437542,69.321644,0.1018875,0.119625,0.0163625
150490539438149,69.331644,0.04455,0.152625,0.043175
150490549438840,69.341645,-0.023924999,0.164725,0.0614625
150490559439702,69.351646,-0.0862125,0.1159125,0.0419375
150490569440407,69.361646,-0.1155,0.042625,-0.0301125
150490579441025,69.371647,-0.1131625,-0.007425,-0.13035
150490589441871,69.381648,-0.0837375,-0.0281875,-0.1901625
150490599442548,69.391649,-0.0556875,-0.023375,-0.155925
150490609443407,69.401649,-0.0422125,0.0108624995,-0.0606375
150490619444071,69.411650,-0.0276375,0.0193875,0.0028875
150490629444912,69.421651,5.5E-4,0.0121,-0.0325875
150490639445604,69.431652,0.02365,0.0133375,-0.13035
150490649446435,69.441652,0.03355,-0.0270875,-0.249975
150490659447053,69.451653,0.04455,-0.029424999,-0.3086875
150490669447745,69.461654,0.048125,0.0133375,-0.2597375
150490679448618,69.471655,0.048125,0.11715,-0.1216875
150490689449326,69.481655,0.056649998,0.2589125,0.1507
150490699449939,69.491656,0.0468875,0.3064875,0.4610375
150490709450794,69.501657,0.0396,0.29425,0.73095
150490719451478,69.511657,0.0358875,0.1819125,0.8776625
150490729452293,69.521658,0.020075,0.0011,0.90695
150490739452970,69.531659,-0.0116875,-0.20047499,0.793375
150490749453587,69.541660,-0.0276375,-0.349525,0.5416125
150490759454511,69.551661,-0.0081124995,-0.3812875,0.214225
150490769455126,69.561661,0.02365,-0.2701875,-0.1021625
150490779455977,69.571662,0.048125,-0.0391875,-0.2806375
150490789456652,69.581663,0.0554125,0.2112,-0.309925
150490799457280,69.591663,0.0688875,0.450725,-0.2024
150490809458131,69.601664,0.081125,0.51535,-0.0143
150490819458852,69.611665,0.0763125,0.3969625,0.1544125
150490829459692,69.621666,0.0664125,0.1464375,0.2019875
150490839460386,69.631666,0.0495,-0.11275,0.1568875
150490849461217,69.641667,0.018975,-0.28861248,0.0188375
150490859461887,69.651668,0.0127875,-0.292325,-0.1131625
150490869462505,69.661669,0.014025,-0.115225,-0.13145
150490879463354,69.671669,0.0202125,0.1315875,-0.023924999
150490889464048,69.681670,0.043449998,0.397925,0.18493749
150490899464918,69.691671,0.0482625,0.4846875,0.39875
150490909465623,69.701672,0.0385,0.446875,0.4928
150490919466479,69.711672,0.0262625,0.2941125,0.4574625
150490929467096,69.721673,-0.0103124995,0.032725,0.3169375
150490939467782,69.731674,-0.0347875,-0.292325,0.06765
150490949468623,69.741675,-0.047025,-0.5159,-0.2206875
150490959469317,69.751675,-0.040975,-0.474375,-0.4527875
150490969470166,69.761676,-0.0617375,-0.270325,-0.5713125
150490979470779,69.771677,-0.0946,0.049775,-0.537075
150490989471471,69.781677,-0.108075,0.3075875,-0.4222625
150490999472301,69.791678,-0.1007875,0.3881625,-0.2987875
150491009473013,69.801679,-0.102025,0.2941125,-0.2316875
150491019473859,69.811680,-0.1142625,0.0485375,-0.28545
150491029474476,69.821680,-0.1263625,-0.20075,-0.4027375
150491039475183,69.831681,-0.1496,-0.3606625,-0.5418875
150491049476027,69.841682,-0.1557875,-0.3606625,-0.66165
150491059476719,69.851683,-0.130075,-0.220275,-0.7203625
150491069477308,69.861683,-0.0837375,0.0253,-0.658075
150491079478141,69.871684,-0.0507375,0.2671625,-0.5077875
150491089478833,69.881685,-0.0275,0.364925,-0.2682625
150491099479669,69.891686,-0.0262625,0.275825,-0.0386375
150491109480360,69.901686,-0.0433125,0.0290125,0.0224125
150491119481211,69.911687,-0.0787875,-0.22385,-0.0496375
150491129481842,69.921688,-0.1423125,-0.391325,-0.1692625
150491139482532,69.931689,-0.2033625,-0.403425,-0.212025
150491149483386,69.941689,-0.25959998,-0.2740375,-0.111925
150491159484078,69.951690,-0.29865,-0.066275,0.0933625
150491169484693,69.961691,-0.290125,0.16335,0.3535125
150491179485521,69.971692,-0.28765,0.2745875,0.5405125
150491189486213,69.981692,-0.3036,0.22687499,0.6065125
150491199487071,69.991693,-0.33165,-0.01375,0.522225
150491209487763,70.001694,-0.34141248,-0.314325,0.3315125
150491219488610,70.011695,-0.3194125,-0.5501375,0.048125
150491229489227,70.021695,-0.284075,-0.6502375,-0.2732125
150491239489933,70.031696,-0.246125,-0.4681875,-0.4783625
150491249490786,70.041697,-0.2083125,-0.1555125,-0.55055
150491259491494,70.051697,-0.152075,0.171875,-0.4783625
150491269492335,70.061698,-0.0897875,0.40645,-0.2767875
150491279493027,70.071699,-0.0482625,0.4456375,-0.0226875
150491289493649,70.081700,-0.042075,0.2563,0.175175
150491299494493,70.091700,-0.0592625,-0.02475,0.247225
150491309495106,70.101701,-0.0946,-0.276375,0.18493749
150491319495808,70.111702,-0.152075,-0.3839,0.1056
150491329496654,70.121703,-0.2033625,-0.3460875,0.0774125
150491339497339,70.131703,-0.21807499,-0.2336125,0.0994125
150491349498187,70.141704,-0.1948375,-0.0809875,0.125125
150491359498869,70.151705,-0.1337875,0.1010625,0.1348875
150491369499472,70.161705,-0.0787875,0.1695375,0.1348875
150491379500332,70.171706,-0.0457875,0.14135,0.12265
150491389501023,70.181707,-0.04455,0.0350625,0.109175
150491399501866,70.191708,-0.0592625,-0.1078,0.0628375
150491409502528,70.201709,-0.082499996,-0.26785,-0.067925
150491419503145,70.211709,-0.1166,-0.36685,-0.256025
150491429503987,70.221710,-0.1362625,-0.3301375,-0.454025
150491439504667,70.231711,-0.1508375,-0.1700875,-0.6018375
150491449505284,70.241711,-0.169125,0.052249998,-0.6213625
150491459506127,70.251712,-0.1483625,0.209825,-0.5528875
150491469506819,70.261713,-0.106837496,0.187825,-0.4527875
150491479507664,70.271714,-0.0567875,0.060775,-0.4015
150491489508345,70.281714,-0.0237875,-0.0394625,-0.4112625
150491499509177,70.291715,-0.025024999,-0.0369875,-0.388025
150491509509874,70.301716,-0.0628375,0.022824999,-0.2732125
150491519510486,70.311716,-0.1142625,0.0925375,-0.1106875
150491529511348,70.321717,-0.1398375,0.0815375,0.0323125
150491539512043,70.331718,-0.1398375,9.625E-4,0.0738375
150491549512860,70.341719,-0.1373625,-0.0895125,-0.0056375
150491559513477,70.351719,-0.1508375,-0.1359875,-0.12045
150491569514175,70.361720,-0.19607499,-0.121275,-0.172975
150491579515040,70.371721,-0.25465,-0.0589875,-0.115637496
150491589515734,70.381722,-0.2926,0.0545875,0.042075
150491599516357,70.391722,-0.2963125,0.1621125,0.219175
150491609517203,70.401723,-0.28765,0.15853749,0.35475
150491619517908,70.411724,-0.2803625,0.038775,0.4280375
150491629518751,70.421725,-0.27665,-0.0699875,0.462275
150491639519442,70.431725,-0.2816,-0.20185,0.4525125
150491649520059,70.441726,-0.2803625,-0.298375,0.38775
150491659520919,70.451727,-0.2853125,-0.3130875,0.3084125
150491669521596,70.461728,-0.2888875,-0.2838,0.191125
150491679522427,70.471728,-0.25355,-0.1970375,0.053075
150491689523049,70.481729,-0.1997875,-0.1700875,-0.0924
150491699523737,70.491730,-0.13255,-0.1640375,-0.234025
150491709524564,70.501731,-0.0812625,-0.0735625,-0.304975
150491719525270,70.511731,-0.0715,0.0595375,-0.2695
150491729525885,70.521732,-0.0946,0.2000625,-0.1216875
150491739526718,70.531733,-0.1373625,0.2036375,0.0628375
150491749527410,70.541733,-0.16555,0.0655875,0.1824625
150491759528265,70.551734,-0.18259999,-0.1285625,0.1764125
150491769528960,70.561735,-0.1923625,-0.3180375,0.0383625
150491779529583,70.571736,-0.2033625,-0.353375,-0.17545
150491789530424,70.581736,-0.1997875,-0.2080375,-0.3562625
150491799531116,70.591737,-0.1936,0.0143,-0.3977875
150491809531718,70.601738,-0.17655,0.1755875,-0.322025
150491819532559,70.611739,-0.1337875,0.2281125,-0.1962125
150491829533236,70.621739,-0.0787875,0.16335,-0.051975
150491839534102,70.631740,-0.0518375,0.0545875,0.06765
150491849534793,70.641741,-0.0617375,-0.0430375,0.153175
150491859535410,70.651741,-0.0946,-0.1860375,0.19965
150491869536275,70.661742,-0.13859999,-0.2140875,0.230175
150491879536966,70.671743,-0.17407499,-0.1995125,0.1947
150491889537814,70.681744,-0.179025,-0.1359875,0.14465
150491899538429,70.691744,-0.1777875,-0.109037496,0.081125
150491909539131,70.701745,-0.1728375,-0.1188,0.004125
150491919539977,70.711746,-0.1716,-0.087037496,-0.056925
150491929540653,70.721747,-0.18755,-0.0235125,-0.0972125
150491939541266,70.731747,-0.191125,0.021724999,-0.0837375
150491949542093,70.741748,-0.2058375,0.013062499,-0.0606375
150491959542790,70.751749,-0.2107875,-0.04675,-0.0496375
150491969543626,70.761750,-0.21807499,-0.1175625,-0.051975
150491979544322,70.771750,-0.2228875,-0.2030875,-0.0801625
150491989544944,70.781751,-0.2168375,-0.2435125,-0.133925
150491999545804,70.791752,-0.1887875,-0.26785,-0.221925
150492009546420,70.801752,-0.14355,-0.2435125,-0.2952125
150492019547336,70.811753,-0.0935,-0.20185,-0.4038375
150492029547967,70.821754,-0.07755,-0.2080375,-0.5663625
150492039548669,70.831755,-0.0727375,-0.132275,-0.7557
150492049549500,70.841756,-0.0543125,0.0620125,-0.8694125
150492059550126,70.851756,-0.0567875,0.2464,-0.8314625
150492069550809,70.861757,-0.06655,0.3821125,-0.5908375
150492079551658,70.871758,-0.0507375,0.3771625,-0.2255
150492089552350,70.881758,-0.0177375,0.215875,0.1507
150492099553196,70.891759,0.0165,-0.0297,0.434225
150492109553813,70.901760,0.0262625,-0.2605625,0.567325
150492119554521,70.911761,0.0312125,-0.3705625,0.60885
150492129555379,70.921761,0.014025,-0.347325,0.5685625
150492139556086,70.931762,-0.0287375,-0.2556125,0.4989875
150492149556699,70.941763,-0.091025,-0.2325125,0.3999875
150492159557545,70.951764,-0.1288375,-0.20185,0.2118875
150492169558235,70.961764,-0.1557875,-0.182325,-0.0484
150492179558838,70.971765,-0.1936,-0.165275,-0.35255
150492189559684,70.981766,-0.229075,-0.1310375,-0.6226
150492199560369,70.991766,-0.2778875,-0.0614625,-0.8034125
150492209561220,71.001767,-0.3048375,0.049775,-0.8754625
150492219561913,71.011768,-0.29865,0.1340625,-0.85469997
150492229562520,71.021769,-0.295075,0.2061125,-0.741125
150492239563369,71.031769,-0.2864125,0.2343,-0.5798375
150492249564048,71.041770,-0.268125,0.2085875,-0.3928375
150492259564674,71.051771,-0.251075,0.1280125,-0.2047375
150492269565520,71.061772,-0.235125,0.0644875,-0.039875
150492279566217,71.071772,-0.2338875,0.0070125,0.081125
150492289567076,71.081773,-0.2388375,-0.0650375,0.1276
150492299567693,71.091774,-0.2193125,-0.104225,0.081125
150492309568385,71.101774,-0.1887875,-0.1628,-0.0251625
150492319569225,71.111775,-0.1533125,-0.2068,-0.172975
150492329569842,71.121776,-0.108075,-0.2300375,-0.3317875
150492339570763,71.131777,-0.0897875,-0.21285,-0.4197875
150492349571380,71.141777,-0.080025,-0.143275,-0.4148375
150492359572076,71.151778,-0.095837496,-0.00275,-0.30621248
150492369572940,71.161779,-0.1117875,0.099825,-0.115637496
150492379573548,71.171780,-0.14355,0.1145375,0.117837496
150492389574241,71.181780,-0.168025,0.005775,0.2704625
150492399575073,71.191781,-0.17407499,-0.15675,0.29741248
150492409575688,71.201782,-0.1813625,-0.3130875,0.2459875
150492419576395,71.211782,-0.18259999,-0.4279,0.1348875
150492429577239,71.221783,-0.17407499,-0.4181375,0.0103124995
150492439577856,71.231784,-0.1606,-0.34485,-0.095975
150492449578781,71.241785,-0.130075,-0.2116125,-0.161975
150492459579399,71.251785,-0.08855,-0.1395625,-0.21945
150492469580085,71.261786,-0.042075,-0.1518,-0.2597375
150492479580674,71.271787,-0.0213125,-0.176275,-0.2437875
150492489581535,71.281788,-0.047025,-0.1958,-0.177925
150492499582211,71.291788,-0.097075,-0.149325,-0.0996875
150492509583059,71.301789,-0.185075,-0.120037496,-0.0092124995
150492519583689,71.311790,-0.2608375,-0.132275,0.0713625
150492529584366,71.321790,-0.307175,-0.21285,0.1056
150492539585212,71.331791,-0.33165,-0.2850375,0.114125
150492549585827,71.341792,-0.3366,-0.3388,0.1189375
150492559586516,71.351793,-0.33165,-0.3155625,0.1324125
150492569587374,71.361793,-0.3304125,-0.2300375,0.15565
150492579588068,71.371794,-0.328075,-0.126225,0.1568875
150492589588912,71.381795,-0.3194125,-0.0638,0.1299375
150492599589544,71.391796,-0.3036,-0.0517,0.095837496
150492609590238,71.401796,-0.2864125,-0.0944625,0.065175
150492619590872,71.411797,-0.2668875,-0.127325,0.08965
150492629591795,71.421798,-0.25355,-0.1640375,0.1348875
150492639592410,71.431798,-0.2303125,-0.1775125,0.1483625
150492649593251,71.441799,-0.2058375,-0.18727499,0.1397
150492659593951,71.451800,-0.1887875,-0.23127499,0.0616
150492669594554,71.461801,-0.179025,-0.2776125,-0.095975
150492679595409,71.471801,-0.179025,-0.2618,-0.2475
150492689596110,71.481802,-0.1703625,-0.2030875,-0.34155
150492699596956,71.491803,-0.1496,-0.0968,-0.36107498
150492709597573,71.501804,-0.1398375,0.044825,-0.267025
150492719598279,71.511804,-0.119075,0.137775,-0.0801625
150492729599120,71.521805,-0.095837496,0.20487499,0.16293749
150492739599722,71.531806,-0.0617375,0.18535,0.3939375
150492749600414,71.541806,-0.04455,0.0875875,0.6100875
150492759601259,71.551807,-0.0457875,-0.0735625,0.754325
150492769601951,71.561808,-0.05555,-0.2165625,0.7860875
150492779602554,71.571809,-0.0848375,-0.347325,0.699325
150492789603401,71.581809,-0.113025,-0.4230875,0.4879875
150492799604016,71.591810,-0.130075,-0.4389,0.1727
150492809604698,71.601811,-0.1447875,-0.2910875,-0.1375
150492819605314,71.611811,-0.1593625,-0.105325,-0.34155
150492829606227,71.621812,-0.1483625,0.1205875,-0.355025
150492839607076,71.631813,-0.13255,0.23539999,-0.249975
150492849607693,71.641814,-0.1142625,0.2781625,-0.0704
150492859608384,71.651814,-0.1007875,0.19635,0.1263625
150492869608992,71.661815,-0.097075,0.0265375,0.2899875
150492879609840,71.671816,-0.12155,-0.11275,0.3779875
150492889610545,71.681817,-0.1496,-0.1835625,0.384175
150492899611374,71.691817,-0.16555,-0.2030875,0.3609375
150492909611991,71.701818,-0.16555,-0.1249875,0.373175
150492919612687,71.711819,-0.1593625,-0.01375,0.412225
150492929613548,71.721820,-0.1508375,0.0534875,0.4390375
150492939614155,71.731820,-0.135025,0.0765875,0.434225
150492949614847,71.741821,-0.1263625,-2.75E-4,0.32175
150492959615677,71.751822,-0.108075,-0.0919875,0.153175
150492969616384,71.761822,-0.09955,-0.1920875,-0.073975
150492979617011,71.771823,-0.0873125,-0.2838,-0.3122625
150492989617856,71.781824,-0.0848375,-0.253275,-0.51507497
150492999618468,71.791824,-0.091025,-0.1640375,-0.6738875
150493009619160,71.801825,-0.095837496,0.052249998,-0.70565
150493019620019,71.811826,-0.1032625,0.22453749,-0.61036247
150493029620635,71.821827,-0.117837496,0.3416875,-0.3782625
150493039621341,71.831827,-0.141075,0.441925,0.0176
150493049622185,71.841828,-0.1496,0.4114,0.4879875
150493059622794,71.851829,-0.1472625,0.2550625,0.89595
150493069623486,71.861829,-0.1557875,0.021724999,1.144
150493079624330,71.871830,-0.1813625,-0.2288,1.24905
150493089625042,71.881831,-0.213125,-0.4096125,1.2027125
150493099625640,71.891832,-0.2278375,-0.496375,0.980375
150493109626486,71.901832,-0.2143625,-0.4706625,0.61985
150493119627196,71.911833,-0.1643125,-0.347325,0.197175
150493129628037,71.921834,-0.12155,-0.1445125,-0.1241625
150493139628664,71.931835,-0.080025,0.1010625,-0.26345
150493149629354,71.941835,-0.0507375,0.33935,-0.227975
150493159630186,71.951836,-0.0507375,0.4492125,-0.0826375
150493169630803,71.961837,-0.07755,0.3381125,0.1104125
150493179631495,71.971837,-0.1288375,0.09735,0.2899875
150493189632107,71.981838,-0.19855,-0.1810875,0.3425125
150493199632948,71.991839,-0.2523125,-0.3716625,0.263175
150493209633638,72.001840,-0.2828375,-0.37785,0.1299375
150493219634456,72.011840,-0.27307498,-0.270325,0.03355
150493229635074,72.021841,-0.207075,-0.12979999,-0.0116875
150493239635764,72.031842,-0.1155,0.0290125,-0.0251625
150493249636612,72.041843,-0.0275,0.137775,0.00165
150493259637298,72.051843,0.0177375,0.1230625,0.059125
150493269637900,72.061844,0.0287375,0.091299996,0.13859999
150493279638759,72.071845,0.007975,0.0033,0.25465
150493289639372,72.081845,-0.040975,-0.082225,0.38775
150493299640062,72.091846,-0.064075,-0.171325,0.44275
150493309640898,72.101847,-0.0873125,-0.193325,0.4378
150493319641596,72.111848,-0.0873125,-0.1725625,0.38775
150493329642218,72.121848,-0.1032625,-0.1775125,0.2644125
150493339643063,72.131849,-0.124025,-0.1665125,0.075075
150493349643670,72.141850,-0.1288375,-0.109037496,-0.10945
150493359644376,72.151850,-0.113025,-0.0455125,-0.2047375
150493369645225,72.161851,-0.0922625,0.038775,-0.15345
150493379645922,72.171852,-0.0592625,0.03025,-0.0556875
150493389646540,72.181853,-0.040975,-0.0369875,0.0298375
150493399647369,72.191853,-0.0567875,-0.0809875,0.048125
150493409648076,72.201854,-0.0702625,-0.14575,-0.040975
150493419648694,72.211855,-0.124025,-0.1700875,-0.201025
150493429649538,72.221856,-0.163075,-0.1445125,-0.3477375
150493439650150,72.231856,-0.1447875,-0.0699875,-0.4063125
150493449650867,72.241857,-0.11055,0.0290125,-0.3757875
150493459651727,72.251858,-0.0812625,0.0754875,-0.2695
150493469652422,72.261858,-0.0567875,0.0644875,-0.128975
150493479653030,72.271859,-0.0507375,0.038775,0.059125
150493489653874,72.281860,-0.0495,0.0240625,0.252175
150493499654496,72.291860,-0.0763125,0.0045375,0.3707
150493509655174,72.301861,-0.104499996,-0.01375,0.418275
150493519656021,72.311862,-0.14355,-0.0517,0.39627498
150493529656621,72.321863,-0.185075,-0.1408,0.307175
150493539657299,72.331863,-0.2058375,-0.276375,0.147125
150493549657910,72.341864,-0.19855,-0.386375,-0.0837375
150493559658756,72.351865,-0.13859999,-0.3498,-0.3355
150493569659446,72.361865,-0.07755,-0.182325,-0.4918375
150493579660294,72.371866,-0.0397375,0.08635,-0.5138375
150493589660910,72.381867,-0.007975,0.342925,-0.4063125
150493599661602,72.391868,-0.0055,0.4211625,-0.1876875
150493609662218,72.401868,-0.029975,0.275825,0.0884125
150493619663064,72.411869,-0.0873125,0.03025,0.2949375
150493629663740,72.421870,-0.141075,-0.20075,0.3609375
150493639664588,72.431871,-0.1887875,-0.331375,0.2827
150493649665218,72.441871,-0.229075,-0.2630375,0.125125
150493659665905,72.451872,-0.24365,-0.0858,-0.012925
150493669666520,72.461873,-0.24007499,0.0840125,-0.0532125
150493679667362,72.471873,-0.2033625,0.2501125,0.0396
150493689668064,72.481874,-0.1203125,0.231825,0.136125
150493699668679,72.491875,-0.0605,0.1315875,0.1959375
150493709669540,72.501876,-0.053075,0.049775,0.202125
150493719670232,72.511876,-0.0922625,-0.0259875,0.1166
150493729670852,72.521877,-0.168025,-0.044275,-0.0386375
150493739671698,72.531878,-0.2168375,-0.066275,-0.183975
150493749672389,72.541878,-0.207075,-0.1225125,-0.267025
150493759673248,72.551879,-0.158125,-0.1420375,-0.2597375
150493769673865,72.561880,-0.097075,-0.07975,-0.1582625
150493779674558,72.571881,-0.040975,9.625E-4,-0.0116875
150493789675173,72.581881,0.0177375,0.0265375,0.1238875
150493799676019,72.591882,0.0922625,-0.0308,0.2424125
150493809676710,72.601883,0.1155,-0.1420375,0.368225
150493819677327,72.611883,0.1142625,-0.2410375,0.47079998
150493829678158,72.621884,0.0983125,-0.2861375,0.5185125
150493839678836,72.631885,0.0372625,-0.275275,0.523325
150493849679463,72.641885,-0.0287375,-0.2250875,0.4904625
150493859680307,72.651886,-0.0702625,-0.165275,0.462275
150493869681004,72.661887,-0.0983125,-0.1518,0.4378
150493879681615,72.671888,-0.095837496,-0.1335125,0.418275
150493889682463,72.681888,-0.075075,-0.121275,0.4037
150493899683153,72.691889,-0.04455,-0.110275,0.37193748
150493909683771,72.701890,0.0055,-0.11275,0.3059375
150493919684386,72.711890,0.029975,-0.0955625,0.2167
150493929685232,72.721891,0.0312125,-0.0430375,0.1593625
150493939685923,72.731892,-0.0017875,-0.0077,0.1824625
150493949686540,72.741893,-0.0287375,-0.0149875,0.2729375
150493959687389,72.751893,-0.018975,-0.10175,0.351175
150493969688084,72.761894,0.018975,-0.1995125,0.3817
150493979688928,72.771895,0.040975,-0.29479998,0.30965
150493989689545,72.781896,0.082499996,-0.30085,0.1606
150493999690242,72.791896,0.12773749,-0.20075,-0.0116875
150494009691072,72.801897,0.17655,-0.0650375,-0.16445
150494019691703,72.811898,0.2278375,0.033825,-0.238975
150494029692397,72.821898,0.2547875,0.1120625,-0.2327875
150494039693015,72.831899,0.2413125,0.21835,-0.1216875
150494049693861,72.841900,0.1815,0.27335,0.059125
150494059694486,72.851900,0.119075,0.2880625,0.2607
150494069695403,72.861901,0.073975,0.165825,0.4037
150494079695789,72.871902,0.0495,0.011825,0.4500375
150494089696712,72.881903,0.0385,-0.0944625,0.4488
150494099697328,72.891903,0.03355,-0.1885125,0.37675
150494109697957,72.901904,0.0385,-0.2030875,0.2399375
150494119698880,72.911905,0.0507375,-0.1860375,0.03355
150494129699496,72.921905,0.058025,-0.1408,-0.19373749
150494139700340,72.931906,0.069025,-0.0418,-0.3843125
150494149700952,72.941907,0.058025,0.071775,-0.5016
150494159701648,72.951908,0.0397375,0.181775,-0.5418875
150494169702265,72.961908,0.0287375,0.2781625,-0.510125
150494179703106,72.971909,0.029975,0.3001625,-0.4026
150494189703722,72.981910,0.0347875,0.1793,-0.267025
150494199704428,72.991910,0.0532125,-0.0039875,-0.1656875
150494209705260,73.001911,0.0763125,-0.1885125,-0.144925
150494219705950,73.011912,0.091025,-0.2800875,-0.23045
150494229706568,73.021913,0.0972125,-0.243375,-0.3477375
150494239707404,73.031913,0.0935,-0.0968,-0.383075
150494249708089,73.041914,0.080025,0.082775,-0.359975
150494259708722,73.051915,0.0837375,0.1425875,-0.26345
150494269709566,73.061916,0.07755,0.0570625,-0.1546875
150494279710183,73.071916,0.069025,-0.09075,-0.117975
150494289710876,73.081917,0.04455,-0.2580875,-0.183975
150494299711476,73.091917,0.0067375,-0.298375,-0.3562625
150494309712399,73.101918,-0.0177375,-0.21285,-0.53955
150494319713248,73.111919,-0.0397375,-0.0735625,-0.6274125
150494329713864,73.121920,-0.05555,0.1291125,-0.60307497
150494339714476,73.131920,-0.0408375,0.2891625,-0.4613125
150494349715171,73.141921,-0.03355,0.3526875,-0.17545
150494359715789,73.151922,-0.0457875,0.27335,0.197175
150494369716635,73.161923,-0.080025,0.1095875,0.5295125
150494379717556,73.171924,-0.1263625,-0.104225,0.7469
150494389717936,73.181924,-0.180125,-0.33261248,0.8630875
150494399718846,73.191925,-0.229075,-0.4976125,0.89485
150494409719458,73.201925,-0.2534125,-0.530475,0.820325
150494419720072,73.211926,-0.246125,-0.491425,0.6565625
150494429720918,73.221927,-0.2118875,-0.403425,0.4415125
150494439721549,73.231928,-0.1667875,-0.3130875,0.1813625
150494449722226,73.241928,-0.1166,-0.24585,-0.1241625
150494459722843,73.251929,-0.0677875,-0.1555125,-0.4258375
150494469723674,73.261930,-0.0323125,-0.0418,-0.6738875
150494479724581,73.271931,-0.0165,0.066825,-0.83875
150494489725199,73.281931,-0.0262625,0.2415875,-0.8974625
150494499725821,73.291932,-0.020075,0.45168748,-0.8534625
150494509726515,73.301933,-0.014025,0.60445,-0.68488747
150494519727131,73.311933,-0.0055,0.645975,-0.40755
150494529727975,73.321934,-5.5E-4,0.513975,-0.0606375
150494539728662,73.331935,-0.018975,0.253825,0.2387
150494549729266,73.341935,-0.025024999,-0.0235125,0.43175
150494559730098,73.351936,-0.0408375,-0.23127499,0.5685625
150494569730794,73.361937,-0.0715,-0.347325,0.6406125
150494579731423,73.371937,-0.07755,-0.3436125,0.6760875
150494589732269,73.381938,-0.0617375,-0.25685,0.716375
150494599732891,73.391939,-0.0433125,-0.1700875,0.75185
150494609733582,73.401940,-0.0213125,-0.121275,0.7640875
150494619734199,73.411940,-0.009075,-0.1359875,0.7128
150494629735044,73.421941,-0.020075,-0.15675,0.5990875
150494639735960,73.431942,-0.0275,-0.132275,0.4525125
150494649736592,73.441943,-0.058025,-0.1615625,0.2827
150494659737207,73.451943,-0.1252625,-0.176275,0.1348875
150494669737892,73.461944,-0.1643125,-0.1480875,-0.01045
150494679738510,73.471945,-0.2058375,-0.094325,-0.128975
150494689739125,73.481945,-0.23155,-0.0675125,-0.17173749
150494699739971,73.491946,-0.23155,-0.05775,-0.1412125
150494709740664,73.501947,-0.2193125,-0.060225,-0.043449998
150494719741587,73.511948,-0.1898875,-0.0735625,0.075075
150494729742221,73.521948,-0.1508375,-0.115225,0.13365
150494739742852,73.531949,-0.0922625,-0.171325,0.108075
150494749743698,73.541950,-0.018975,-0.1995125,0.015125
150494759744313,73.551950,0.05555,-0.1750375,-0.0924
150494769745006,73.561951,0.104499996,-0.1555125,-0.1852125
150494779745845,73.571952,0.1387375,-0.1359875,-0.2487375
150494789746462,73.581952,0.16555,-0.109037496,-0.26345
150494799747383,73.591953,0.1948375,-0.016224999,-0.2352625
150494809748001,73.601954,0.2388375,0.154825,-0.1632125
150494819748606,73.611955,0.2583625,0.32587498,-0.0911625
150494829749296,73.621955,0.2352625,0.3491125,-0.0556875
150494839750143,73.631956,0.22659999,0.2891625,-0.084975
150494849750779,73.641957,0.2168375,0.20253749,-0.1656875
150494859751476,73.651957,0.19607499,0.1683,-0.2487375
150494869752321,73.661958,0.1508375,0.11935,-0.293975
150494879753013,73.671959,0.0873125,0.0510125,-0.29273748
150494889753859,73.681960,0.0287375,0.0265375,-0.271975
150494899754239,73.691960,-0.0067375,0.0070125,-0.2487375
150494909755087,73.701961,-0.0275,-0.0345125,-0.2132625
150494919755774,73.711962,-0.03355,-0.00275,-0.1412125
150494929756385,73.721962,-0.040975,0.069299996,-0.0092124995
150494939757215,73.731963,-0.0433125,0.143825,0.1703625
150494949757909,73.741964,-0.0323125,0.2036375,0.3597
150494959758758,73.751965,-0.0397375,0.1841125,0.50875
150494969759448,73.761965,-0.042075,0.0900625,0.561275
150494979760061,73.771966,-0.0397375,-0.0089375,0.4989875
150494989760678,73.781967,-0.0457875,-0.082225,0.379225
150494999761525,73.791968,-0.0495,-0.116325,0.21065
150495009762155,73.801968,-0.0385,-0.044275,0.0383625
150495019763071,73.811969,-0.029975,0.0363,-0.089925
150495029763682,73.821970,-0.020075,0.1205875,-0.133925
150495039764605,73.831971,-0.0055,0.1560625,-0.100925
150495049765222,73.841971,6.875E-4,0.1450625,-0.0056375
150495059765806,73.851972,-0.0055,0.0400125,0.0848375
150495069766480,73.861972,-0.0262625,-0.1249875,0.1348875
150495079767321,73.871973,-0.0567875,-0.3496625,0.075075
150495089767948,73.881974,-0.0727375,-0.6062375,-0.19745
150495099768653,73.891975,-0.020075,-0.65395,-0.70565
150495109769270,73.901975,0.084975,-0.42185,-1.3275625
150495119770203,73.911976,0.1667875,0.0655875,-1.89805
150495129770833,73.921977,0.262075,0.73755,-2.303675
150495139771677,73.931978,0.39765,1.4095125,-2.3610125
150495149772294,73.941978,0.5687,1.739375,-2.0398126
150495159772990,73.951979,0.714175,1.7356625,-1.3811874
150495169773607,73.961980,0.7227,1.4267,-0.51507497
150495179774439,73.971980,0.57722497,1.02465,0.3339875
150495189775131,73.981981,0.4074125,0.6545,0.8936125
150495199776055,73.991982,0.2083125,0.297825,1.179475
150495209776689,74.001983,0.007975,-0.055275,1.2552375
150495219777304,74.011983,-0.104499996,-0.402325,1.0902375
150495229778144,74.021984,-0.029975,-0.60513747,0.765325
150495239778775,74.031985,0.1802625,-0.56595,0.4195125
150495249779486,74.041985,0.33165,-0.36313748,0.213125
150495259780334,74.051986,0.34759998,-0.0320375,0.2033625
150495269781022,74.061987,0.2523125,0.3405875,0.4109875
150495279781868,74.071988,-0.003025,0.4346375,0.7970875
150495289782553,74.081989,-0.3036,0.198825,1.155
150495299783162,74.091989,-0.5894625,-0.3900875,1.276
150495309783779,74.101990,-0.8155125,-1.0681,1.0536625
150495319784612,74.111991,-0.8900375,-1.7217749,0.2937
150495329785305,74.121991,-0.787325,-1.871925,-0.9024125
150495339786149,74.131992,-0.560175,-1.4102,-2.1179125
150495349786761,74.141993,-0.334125,-0.5929,-3.1172626
150495359787696,74.151994,-0.0457875,0.375925,-3.695175
150495369788403,74.161994,0.2083125,1.1798875,-3.7769876
150495379788936,74.171995,0.31707498,1.629375,-3.38855
150495389789615,74.181996,0.30855,1.8211875,-2.6543
150495399790462,74.191996,0.1863125,1.7919,-1.72205
150495409791154,74.201997,6.875E-4,1.4254625,-0.808225
150495419791774,74.211998,-0.14355,0.8683125,-0.0581625
150495429792621,74.221999,-0.2303125,0.2684,0.54408747
150495439793542,74.232000,-0.2864125,-0.3375625,0.997425
150495449794159,74.242000,-0.3048375,-0.78223747,1.2918125
150495459794835,74.252001,-0.2633125,-0.9532875,1.3883375
150495469795433,74.262001,-0.1948375,-0.8102875,1.3358124
150495479796275,74.272002,-0.1533125,-0.4279,1.2148125
150495489796964,74.282003,-0.1667875,0.027775,1.113475
150495499797592,74.292004,-0.2228875,0.41745,1.0987625
150495509798438,74.302004,-0.2926,0.5982625,1.20505
150495519799359,74.312005,-0.373175,0.58245,1.350525
150495529800058,74.322006,-0.461175,0.40039998,1.5153875
150495539800643,74.332007,-0.5467,0.1475375,1.6619625
150495549801260,74.342007,-0.6347,-0.2250875,1.7622
150495559802110,74.352008,-0.693275,-0.7211875,1.814725
150495569802803,74.362009,-0.7445625,-1.4089625,1.72315
150495579803649,74.372010,-0.7324625,-2.1065,1.34805
150495589804265,74.382010,-0.5394125,-2.4633124,0.6516125
150495599805177,74.392011,-0.2938375,-2.3557875,-0.29645
150495609805870,74.402012,-0.06655,-1.71435,-1.31285
150495619806501,74.412013,0.130075,-0.5489,-2.1680999
150495629807103,74.422013,0.22659999,0.6422625,-2.5980625
150495639807977,74.432014,0.251075,1.4157,-2.4319625
150495649808667,74.442015,0.2938375,1.5855125,-1.724525
150495659809528,74.452016,0.3634125,1.1724625,-0.8058875
150495669810155,74.462016,0.44165,0.5116375,-0.0191125
150495679811076,74.472017,0.4489375,-0.088275,0.49774998
150495689811773,74.482018,0.3623125,-0.496375,0.837375
150495699812399,74.492018,0.229075,-0.7137625,1.0511875
150495709813246,74.502019,0.1203125,-0.7932375,1.1501875
150495719813936,74.512020,0.0287375,-0.778525,1.146475
150495729814553,74.522021,-0.0507375,-0.7577625,1.00595
150495739815472,74.532021,-0.102025,-0.690525,0.7445625
150495749816072,74.542022,-0.108075,-0.5709,0.384175
150495759816931,74.552023,-0.080025,-0.3729,-0.0361625
150495769817625,74.562024,-0.020075,-0.0735625,-0.4368375
150495779818250,74.572024,0.0567875,0.2611125,-0.686125
150495789819111,74.582025,0.1447875,0.4566375,-0.7618875
150495799819803,74.592026,0.256025,0.535975,-0.648175
150495809820637,74.602027,0.37565,0.4907375,-0.3733125
150495819821345,74.612027,0.44288749,0.3051125,-0.0301125
150495829821952,74.622028,0.45265,0.0253,0.252175
150495839822885,74.632029,0.45265,-0.2165625,0.362175
150495849823730,74.642030,0.44165,-0.3705625,0.296175
150495859824359,74.652030,0.4184125,-0.3900875,0.092125
150495869825051,74.662031,0.3843125,-0.1860375,-0.1815
150495879825669,74.672032,0.3438875,0.055825,-0.3892625
150495889826585,74.682033,0.3048375,0.2611125,-0.416075
150495899827202,74.692033,0.2816,0.36987498,-0.3097875
150495909828061,74.702034,0.257125,0.3564,-0.1057375
150495919828763,74.712035,0.2046,0.2391125,0.1189375
150495929829616,74.722036,0.130075,0.077825,0.2789875
150495939830291,74.732036,0.0507375,-0.1115125,0.34141248
150495949830909,74.742037,-0.0237875,-0.253275,0.3315125
150495959831755,74.752038,-0.091025,-0.3375625,0.2619375
150495969832431,74.762038,-0.106837496,-0.33385,0.16665
150495979833025,74.772039,-0.0677875,-0.2385625,0.0933625
150495989833852,74.782040,-0.0042625,-0.0858,0.098175
150495999834773,74.792041,0.0702625,0.0655875,0.158125
150496009835465,74.802041,0.1533125,0.1865875,0.2167
150496019836073,74.812042,0.2058375,0.2233,0.2448875
150496029836879,74.822043,0.2168375,0.1731125,0.247225
150496039837491,74.832043,0.1863125,0.0815375,0.235125
150496049838154,74.842044,0.1375,-0.0199375,0.2154625
150496059838987,74.852045,0.084975,-0.1408,0.191125
150496069839672,74.862046,0.0422125,-0.253275,0.1458875
150496079840606,74.872047,0.014025,-0.3130875,0.0688875
150496089841450,74.882047,6.875E-4,-0.2715625,-0.039875
150496099841830,74.892048,-0.0017875,-0.1579875,-0.1791625
150496109842678,74.902049,-0.003025,-0.0089375,-0.3183125
150496119843376,74.912049,-0.0092124995,0.1865875,-0.40755
150496129844238,74.922050,-0.0262625,0.3661625,-0.3977875
150496139844908,74.932051,-0.040975,0.480975,-0.2402125
150496149845766,74.942052,-0.053075,0.441925,0.0213125
150496159846461,74.952052,-0.0518375,0.22453749,0.2729375
150496169847310,74.962053,-0.0385,0.038775,0.4549875
150496179847925,74.972054,-0.0323125,-0.082225,0.5160375
150496189848617,74.982055,-0.0495,-0.1029875,0.5075125
150496199849465,74.992055,-0.0873125,-0.082225,0.4769875
150496209850196,75.002056,-0.124025,-0.04675,0.4695625
150496219851037,75.012057,-0.152075,-0.0455125,0.4794625
150496229851739,75.022058,-0.1533125,-0.0944625,0.48427498
150496239852600,75.032059,-0.14355,-0.1395625,0.4439875
150496249853306,75.042059,-0.1496,-0.19085,0.324225
150496259853914,75.052060,-0.1703625,-0.20075,0.14465
150496269854758,75.062061,-0.207075,-0.20075,-0.062975
150496279855457,75.072061,-0.2363625,-0.1665125,-0.2547875
150496289856311,75.082062,-0.246125,-0.1188,-0.4222625
150496299856948,75.092063,-0.2376,-0.06875,-0.5468375
150496309857622,75.102064,-0.2083125,-0.03575,-0.6006
150496319858564,75.112065,-0.180125,-0.0210375,-0.61036247
150496329859420,75.122065,-0.1606,-0.0089375,-0.5908375
150496339860040,75.132066,-0.1423125,0.0290125,-0.532125
150496349860761,75.142067,-0.135025,0.027775,-0.427075
150496359861605,75.152068,-0.1337875,-0.0064625,-0.28655
150496369862285,75.162068,-0.13255,-0.01375,-0.100925
150496379862906,75.172069,-0.13859999,-0.0638,0.1018875
150496389863742,75.182070,-0.1447875,-0.1469875,0.2594625
150496399864668,75.192071,-0.13859999,-0.2618,0.340175
150496409865367,75.202071,-0.1276,-0.36685,0.32793748
150496419865983,75.212072,-0.1117875,-0.463375,0.241175
150496429866812,75.222073,-0.095837496,-0.51094997,0.0664125
150496439867504,75.232074,-0.080025,-0.4866125,-0.17545
150496449868345,75.242074,-0.0495,-0.380325,-0.44055
150496459869038,75.252075,-0.03355,-0.2398,-0.6518875
150496469869641,75.262076,-0.01155,-0.105325,-0.77165
150496479870548,75.272077,0.0127875,-0.0284625,-0.8204625
150496489871476,75.282077,0.0347875,0.071775,-0.7764625
150496499872023,75.292078,0.03355,0.160875,-0.6263125
150496509872710,75.302079,0.0127875,0.26235,-0.3465
150496519873556,75.312080,-0.020075,0.2855875,0.048125
150496529874249,75.322080,-0.0507375,0.0985875,0.429275
150496539875081,75.332081,-0.064075,-0.137225,0.671275
150496549875801,75.342082,-0.0543125,-0.386375,0.72985
150496559876642,75.352083,-0.03355,-0.562375,0.61861247
150496569877565,75.362084,0.01045,-0.5379,0.3817
150496579877950,75.372084,0.0592625,-0.3399,0.092125
150496589878798,75.382085,0.0983125,-0.022275,-0.1106875
150496599879491,75.392085,0.1117875,0.297825,-0.1461625
150496609880335,75.402086,0.0935,0.48839998,-0.0251625
150496619881029,75.412087,0.043449998,0.5262125,0.2277
150496629881873,75.422088,-0.0177375,0.4296875,0.495275
150496639882796,75.432089,-0.0738375,0.2085875,0.661375
150496649883496,75.442089,-0.1117875,-0.0638,0.7005625
150496659884109,75.452090,-0.146025,-0.3265625,0.63085
150496669884955,75.462091,-0.1667875,-0.4621375,0.4500375
150496679885563,75.472092,-0.1337875,-0.3595625,0.18493749
150496689886484,75.482092,-0.07755,-0.1175625,-0.0496375
150496699887092,75.492093,-0.036025,0.15235,-0.166925
150496709888013,75.502094,0.0092124995,0.3075875,-0.199925
150496719888706,75.512095,0.0532125,0.3991625,-0.14739999
150496729889535,75.522096,0.0763125,0.353925,-0.07645
150496739890141,75.532096,0.0922625,0.242825,-0.0251625
150496749890816,75.542097,0.1007875,0.1450625,0.0078375
150496759891658,75.552098,0.0873125,0.0900625,0.0286
150496769892350,75.562098,0.05555,0.1511125,0.0726
150496779893198,75.572099,0.003025,0.19635,0.1727
150496789893889,75.582100,-0.0347875,0.220825,0.318175
150496799894735,75.592101,-0.0433125,0.18287499,0.4329875
150496809895429,75.602101,-0.031075,0.115775,0.48427498
150496819896273,75.612102,-0.020075,0.09625,0.4695625
150496829896961,75.622103,-0.029975,0.1340625,0.4329875
150496839897583,75.632104,-0.0606375,0.1782,0.4280375
150496849898415,75.642104,-0.095975,0.2259125,0.4560875
150496859899107,75.652105,-0.1144,0.2124375,0.47808748
150496869899968,75.662106,-0.1216875,0.13915,0.479325
150496879900899,75.672107,-0.1216875,0.0364375,0.4415125
150496889901591,75.682108,-0.111925,-0.0661375,0.363275
150496899902208,75.692108,-0.0911625,-0.089375,0.2374625
150496909903043,75.702109,-0.06545,-0.0306625,0.1067
150496919903745,75.712110,-0.0532125,0.0719125,0.0273625
150496929904591,75.722111,-0.0484,0.1854875,0.0077
150496939905223,75.732111,-0.032449998,0.2099625,0.02365
150496949906154,75.742112,-0.0044,0.113437496,0.0248875
150496959906850,75.752113,0.042075,-0.0306625,-0.0301125
150496969907698,75.762114,0.0713625,-0.0686125,-0.077825
150496979908314,75.772114,0.0798875,-0.0099,-0.0875875
150496989909006,75.782115,0.0798875,0.130625,-0.011825
150496999909852,75.792116,0.0713625,0.24915,0.1434125
150497009910544,75.802117,0.0688875,0.26125,0.346225
150497019911473,75.812117,0.0713625,0.141625,0.48785
150497029912093,75.822118,0.08965,-0.0686125,0.512325
150497039912953,75.832119,0.1104125,-0.3007125,0.418275
150497049913855,75.842120,0.13859999,-0.459525,0.2239875
150497059914473,75.852120,0.1837,-0.376475,-0.0044
150497069915163,75.862121,0.2044625,-0.1357125,-0.1656875
150497079916016,75.872122,0.2204125,0.1318625,-0.1876875
150497089916706,75.882123,0.224125,0.324775,-0.0716375
150497099917567,75.892124,0.2057,0.3542,0.15675
150497109918259,75.902124,0.158125,0.1904375,0.3705625
150497119919100,75.912125,0.108075,-0.0526625,0.468325
150497129919775,75.922126,0.0688875,-0.2811875,0.44385
150497139920615,75.932127,0.053075,-0.4387625,0.30827498
150497149921293,75.942127,0.0798875,-0.4167625,0.095699996
150497159922139,75.952128,0.120175,-0.23595,-0.0911625
150497169922757,75.962129,0.1568875,0.0133375,-0.2036375
150497179923682,75.972130,0.1739375,0.2319625,-0.2121625
150497189924299,75.982130,0.169125,0.3089625,-0.1425875
150497199925297,75.992131,0.1508375,0.2222,-0.0191125
150497209925911,76.002132,0.120175,0.0231,0.0994125
150497219926511,76.012133,0.0908875,-0.1687125,0.175175
150497229927362,76.022133,0.0578875,-0.26895,0.2057
150497239928064,76.032134,0.0188375,-0.2127125,0.2154625
150497249928901,76.042135,-0.02145,-0.0636625,0.2374625
150497259929591,76.052136,-0.050875,0.07315,0.2655125
150497269930437,76.062136,-0.050875,0.1109625,0.2618
150497279931131,76.072137,-0.0422125,0.0573375,0.23127499
150497289932055,76.082138,-0.0312125,-0.0441375,0.14575
150497299932675,76.092139,-0.028875,-0.1357125,0.021175
150497309933610,76.102140,-0.028875,-0.161425,-0.1401125
150497319934232,76.112140,-0.0264,-0.0881375,-0.2916375
150497329935098,76.122141,-0.0276375,0.020624999,-0.4015
150497339935776,76.132142,-0.032449998,0.1439625,-0.4442625
150497349936622,76.142143,-0.043449998,0.21725,-0.4076875
150497359937316,76.152143,-0.0532125,0.2074875,-0.3172125
150497369938237,76.162144,-0.0704,0.1354375,-0.2134
150497379938848,76.172145,-0.0826375,0.0438625,-0.1095875
150497389939694,76.182146,-0.07645,-0.047849998,-0.0704
150497399940394,76.192146,-0.045925,-0.117425,-0.13035
150497409941271,76.202147,0.0066,-0.1381875,-0.254925
150497419941958,76.212148,0.06765,-0.062425,-0.38445
150497429942778,76.222149,0.11165,0.0548625,-0.4345
150497439943492,76.232149,0.1166,0.224675,-0.3306875
150497449944415,76.242150,0.070125,0.3785375,-0.1071125
150497459945030,76.252151,0.004125,0.3969625,0.1469875
150497469945862,76.262152,-0.0642125,0.2294875,0.3400375
150497479946567,76.272153,-0.1082125,-0.0759,0.39985
150497489947403,76.282153,-0.1106875,-0.3177625,0.3070375
150497499948020,76.292154,-0.06545,-0.51205,0.0578875
150497509948932,76.302155,-0.0044,-0.51205,-0.238975
150497519949617,76.312156,0.034649998,-0.31295,-0.4895
150497529950540,76.322157,0.0358875,-0.0686125,-0.62755
150497539951150,76.332157,0.04455,0.19167499,-0.6128375
150497549951994,76.342158,0.0628375,0.3614875,-0.5542625
150497559952673,76.352159,0.086075,0.3749625,-0.4992625
150497569953511,76.362160,0.1104125,0.35901248,-0.47355
150497579954181,76.372160,0.125125,0.34925,-0.4527875
150497589954994,76.382161,0.12265,0.33825,-0.399025
150497599955706,76.392162,0.0873125,0.285725,-0.3001625
150497609956554,76.402163,0.048125,0.180675,-0.1681625
150497619957165,76.412163,0.02365,0.0743875,-0.0985875
150497629957838,76.422164,0.0188375,0.0218625,-0.094875
150497639958766,76.432165,0.0188375,0.0169125,-0.1571625
150497649959409,76.442165,0.009075,0.0243375,-0.2586375
150497659960242,76.452166,-0.001925,-0.0050875,-0.3892625
150497669961153,76.462167,-0.0361625,-0.067375,-0.5212625
150497679961776,76.472168,-0.0642125,-0.0526625,-0.636075
150497689962699,76.482169,-0.0691625,0.0353375,-0.7228375
150497699963391,76.492169,-0.0716375,0.2099625,-0.7618875
150497709964235,76.502170,-0.0666875,0.4164875,-0.7093625
150497719964936,76.512171,-0.0606375,0.550825,-0.5762625
150497729965553,76.522172,-0.0666875,0.51535,-0.3832125
150497739966414,76.532172,-0.0801625,0.335775,-0.1926375
150497749967107,76.542173,-0.1155,0.0451,-0.110825
150497759967943,76.552174,-0.1571625,-0.2286625,-0.1804
150497769968885,76.562175,-0.18645,-0.352,-0.36245
150497779969563,76.572176,-0.201025,-0.39105,-0.564025
150497789970198,76.582176,-0.21945,-0.321475,-0.67155
150497799971044,76.592177,-0.1962125,-0.187,-0.6568375
150497809971727,76.602178,-0.128975,-0.018424999,-0.5445
150497819972553,76.612179,-0.0422125,0.113437496,-0.3795
150497829973232,76.622179,0.0323125,0.1892,-0.2561625
150497839974150,76.632180,0.0774125,0.23815,-0.1962125
150497849975030,76.642181,0.0884125,0.20515,-0.1841125
150497859975640,76.652182,0.1043625,0.0609125,-0.1841125
150497869976331,76.662182,0.106837496,-0.1969,-0.1241625
150497879977198,76.672183,0.0066,-0.2481875,-0.0826375
150497889977910,76.682184,-0.0446875,-0.25547498,-0.0191125
150497899978746,76.692185,-0.078925,-0.34705,0.004125
150497909979434,76.702185,-0.0886875,-0.3887125,-0.0044
150497919980275,76.712186,-0.0716375,-0.3592875,-0.0484
150497929981196,76.722187,-0.0312125,-0.1772375,-0.1401125
150497939981813,76.732188,0.0543125,0.158675,-0.2072125
150497949982506,76.742189,0.1238875,0.4090625,-0.18287499
150497959983357,76.752189,0.119075,0.4420625,-0.0875875
150497969984034,76.762190,0.0933625,0.346775,-0.0240625
150497979984880,76.772191,0.0848375,0.2063875,-0.050875
150497989985583,76.782192,0.070125,0.0694375,-0.1461625
150497999986443,76.792192,0.0383625,-0.029424999,-0.29645
150498009987350,76.802193,-0.0081124995,-0.08195,-0.3905
150498019987957,76.812194,-0.0496375,-0.0856625,-0.386925
150498029988636,76.822195,-0.0606375,-0.0160875,-0.3037375
150498039989481,76.832195,-0.050875,0.09515,-0.1571625
150498049990173,76.842196,-0.054449998,0.1574375,0.0334125
150498059991005,76.852197,-0.0862125,0.1684375,0.2105125
150498069991684,76.862198,-0.14245,0.086625,0.3498
150498079992544,76.872199,-0.20845,-0.040425,0.4268
150498089993472,76.882199,-0.26221249,-0.189475,0.4426125
150498099994077,76.892200,-0.28655,-0.327525,0.4145625
150498109994770,76.902201,-0.2902625,-0.36905,0.3669875
150498119995624,76.912202,-0.2792625,-0.3837625,0.3205125
150498129996331,76.922202,-0.245025,-0.3592875,0.2655125
150498139997145,76.932203,-0.201025,-0.3397625,0.192225
150498149997838,76.942204,-0.1582625,-0.349525,0.07865
150498159998670,76.952205,-0.111925,-0.308,-0.072875
150498169999576,76.962206,-0.0642125,-0.264,-0.2756875
150498180000189,76.972206,-0.017875,-0.1529,-0.436975
150498190000882,76.982207,0.0188375,-0.0061875,-0.49555
150498200001742,76.992208,0.0468875,0.125675,-0.43945
150498210002434,77.002208,0.0688875,0.2222,-0.3037375
150498220003275,77.012209,0.0774125,0.257675,-0.078925
150498230003954,77.022210,0.0616,0.15015,0.13475
150498240004798,77.032211,0.0493625,0.0218625,0.2704625
150498250005721,77.042212,0.0358875,-0.106425,0.2789875
150498260006338,77.052212,0.02365,-0.1309,0.24475
150498270007026,77.062213,0.01155,-0.0636625,0.2435125
150498280007886,77.072214,0.0028875,0.009625,0.3070375
150498290008578,77.082215,-0.0031625,0.07315,0.4255625
150498300009441,77.092215,-0.0092124995,0.0353375,0.5086125
150498310010144,77.102216,-0.0154,-0.0281875,0.5038
150498320011021,77.112217,-0.0264,-0.1051875,0.4525125
150498330011951,77.122218,-0.043449998,-0.1687125,0.3889875
150498340012584,77.132219,-0.0691625,-0.1639,0.3339875
150498350013293,77.142219,-0.089925,-0.1186625,0.2899875
150498360014144,77.152220,-0.095975,-0.086899996,0.2607
150498370014850,77.162221,-0.0862125,-0.0759,0.21175
150498380015697,77.172222,-0.0704,-0.0807125,0.093225
150498390016406,77.182222,-0.045925,-0.0831875,-0.0790625
150498400017254,77.192223,-0.0191125,-0.0086624995,-0.298925
150498410018192,77.202224,0.0078375,0.1012,-0.498025
150498420018810,77.212225,0.0273625,0.21367499,-0.6336
150498430019485,77.222225,0.064075,0.29425,-0.724075
150498440020102,77.232226,0.109175,0.3639625,-0.7118375
150498450021025,77.242227,0.16293749,0.3834875,-0.60555
150498460021889,77.252228,0.208175,0.373725,-0.43945
150498470022581,77.262229,0.2179375,0.2784375,-0.2561625
150498480023490,77.272229,0.2044625,0.1819125,-0.0801625
150498490024311,77.282230,0.1788875,0.0829125,0.0419375
150498500024924,77.292231,0.153175,-0.0319,0.095699996
150498510025619,77.302232,0.1288375,-0.1126125,0.11165
150498520026452,77.312232,0.0946,-0.139425,0.1054625
150498530027142,77.322233,0.0738375,-0.078375,0.126225
150498540027989,77.332234,0.056649998,0.04015,0.18727499
150498550028676,77.342235,0.034649998,0.130625,0.313225
150498560029265,77.352235,0.0163625,0.1464375,0.4610375
150498570030402,77.362236,0.01155,0.153725,0.5709
150498580031015,77.372237,0.0053625,0.092675,0.6076125
150498590031691,77.382238,-0.0154,0.0303875,0.5611375
150498600032522,77.392239,-0.0312125,-0.0979,0.4536125
150498610033214,77.402239,-0.0532125,-0.26895,0.2825625
150498620033861,77.412240,-0.0484,-0.382525,0.0358875
150498630034784,77.422241,-6.875E-4,-0.321475,-0.259875
150498640035614,77.432242,0.0543125,-0.1797125,-0.4747875
150498650036522,77.442243,0.1104125,-0.0160875,-0.5847875
150498660037140,77.452243,0.1593625,0.1549625,-0.6116
150498670037855,77.462244,0.1934625,0.3212,-0.5652625
150498680038691,77.472245,0.1984125,0.4580125,-0.4417875
150498690039309,77.482245,0.16293749,0.40301248,-0.24887499
150498700040235,77.492246,0.1166,0.1879625,-0.0716375
150498710040929,77.502247,0.1018875,-0.007425,0.0334125
150498720041768,77.512248,0.10065,-0.1271875,0.0724625
150498730042687,77.522249,0.0994125,-0.13213749,0.1139875
150498740043319,77.532249,0.0884125,-0.0196625,0.2398
150498750044019,77.542250,0.064075,0.1379125,0.4390375
150498760044640,77.552251,0.0383625,0.2369125,0.645425
150498770045564,77.562252,0.01265,0.23815,0.760375
150498780046423,77.572252,0.0066,0.158675,0.7517125
150498790047129,77.582253,-0.0081124995,0.004675,0.65285
150498800047961,77.592254,-0.0276375,-0.1309,0.4940375
150498810048889,77.602255,-0.0581625,-0.172425,0.3388
150498820049507,77.612256,-0.0972125,-0.1969,0.2044625
150498830050206,77.622256,-0.13145,-0.1516625,0.1335125
150498840050823,77.632257,-0.155925,-0.08195,0.0798875
150498850051747,77.642258,-0.155925,-0.0771375,-0.0056375
150498860052566,77.652259,-0.1326875,-0.0906125,-0.1436875
150498870053282,77.662259,-0.10945,-0.0771375,-0.3026375
150498880054109,77.672260,-0.09845,-0.029424999,-0.43821248
150498890054813,77.682261,-0.1057375,-1.375E-4,-0.53473747
150498900055674,77.692262,-0.1131625,0.00715,-0.5798375
150498910056364,77.702262,-0.1167375,0.0133375,-0.6226
150498920057219,77.712263,-0.0996875,0.05115,-0.6642625
150498930057912,77.722264,-0.0716375,0.0902,-0.708125
150498940058751,77.732265,-0.0336875,0.1073875,-0.7068875
150498950059443,77.742265,0.0188375,0.16115,-0.647075
150498960060289,77.752266,0.0493625,0.23567499,-0.48221248
150498970061210,77.762267,0.053075,0.31501248,-0.2061125
150498980061828,77.772268,0.026124999,0.23815,0.1029875
150498990062518,77.782269,-0.0044,0.136675,0.3680875
150499000063359,77.792269,-0.0276375,0.0083875,0.490325
150499010064054,77.802270,-0.0374,-0.0881375,0.485375
150499020064905,77.812271,-0.0826375,-0.2066625,0.4280375
150499030065585,77.822272,-0.14245,-0.308,0.325325
150499040066441,77.832272,-0.201025,-0.3117125,0.2057
150499050067136,77.842273,-0.2462625,-0.2457125,0.095699996
150499060067957,77.852274,-0.27555,-0.1821875,-8.25E-4
150499070068649,77.862275,-0.2767875,-0.134475,-0.077825
150499080069498,77.872275,-0.256025,-0.1051875,-0.1546875
150499090070184,77.882276,-0.2267375,-0.134475,-0.2916375
150499100071030,77.892277,-0.1912625,-0.1516625,-0.4417875
150499110071722,77.902278,-0.1326875,-0.1882375,-0.5555
150499120072582,77.912279,-0.073975,-0.172425,-0.6116
150499130073287,77.922279,-0.023924999,-0.1271875,-0.6263125
150499140074207,77.932280,0.01265,-0.0576125,-0.6006
150499150074822,77.942281,0.0578875,0.042625,-0.5493125
150499160075731,77.952282,0.1153625,0.175725,-0.4747875
150499170076560,77.962283,0.1606,0.2404875,-0.3257375
150499180077178,77.972283,0.1923625,0.24419999,-0.0911625
150499190078104,77.982284,0.20693749,0.23815,0.2277
150499200078707,77.992285,0.1788875,0.17215,0.5721375
150499210079653,78.002286,0.153175,0.092675,0.8201875
150499220080350,78.012286,0.13365,0.0364375,0.9631875
150499230081196,78.022287,0.103125,-0.0746625,1.00595
150499240081828,78.032288,0.07865,-0.216425,0.924
150499250082764,78.042289,0.0543125,-0.308,0.74195
150499260083456,78.052289,0.0506,-0.365475,0.4866125
150499270084304,78.062290,0.0543125,-0.3337125,0.198275
150499280084994,78.072291,0.059125,-0.2151875,-0.0581625
150499290085841,78.082292,0.0554125,-0.086899996,-0.221925
150499300086524,78.092293,0.045649998,-0.0050875,-0.2916375
150499310087370,78.102293,0.0383625,0.053625,-0.3014
150499320088066,78.112294,0.026124999,0.0548625,-0.287925
150499330088899,78.122295,0.009075,-0.0111375,-0.28545
150499340089607,78.132296,-0.02145,-0.0856625,-0.2817375
150499350090466,78.142296,-0.0484,-0.1711875,-0.2842125
150499360091160,78.152297,-0.062975,-0.233475,-0.3001625
150499370092007,78.162298,-0.0606375,-0.238425,-0.31239998
150499380092678,78.172299,-0.040975,-0.17613749,-0.3172125
150499390093535,78.182300,-0.0264,-0.1126125,-0.298925
150499400094437,78.192300,-0.0166375,-0.001375,-0.2182125
150499410095069,78.202301,-0.0116875,0.114675,-0.0765875
150499420095761,78.212302,-0.0056375,0.1073875,0.0664125
150499430096622,78.222303,-0.001925,0.0341,0.170225
150499440097314,78.232303,-0.0031625,-0.067375,0.2080375
150499450098156,78.242304,-0.012925,-0.17847499,0.1837
150499460099077,78.252305,-0.0312125,-0.2371875,0.16775
150499470099769,78.262306,-0.0484,-0.2286625,0.14575
150499480100610,78.272307,-0.0691625,-0.1357125,0.1714625
150499490101233,78.282307,-0.0886875,-0.0661375,0.2239875
150499500101910,78.292308,-0.093637496,-0.0356125,0.2765125
150499510102848,78.302309,-0.0911625,-0.067375,0.275275
150499520103677,78.312310,-0.0837375,-0.1419,0.2179375
150499530104377,78.322310,-0.0814,-0.233475,0.1067
150499540105223,78.332311,-0.078925,-0.3312375,-0.0545875
150499550105915,78.342312,-0.06545,-0.363,-0.2096875
150499560106775,78.352313,-0.0336875,-0.2982375,-0.3221625
150499570107476,78.362313,0.0066,-0.2371875,-0.377025
150499580108322,78.372314,0.04455,-0.1846625,-0.408925
150499590108994,78.382315,0.0823625,-0.108899996,-0.4527875
150499600109837,78.392316,0.098175,0.0083875,-0.421025
150499610110515,78.402317,0.0884125,0.1354375,-0.326975
150499620111361,78.412317,0.064075,0.1989625,-0.1364
150499630112053,78.422318,0.0273625,0.102437496,0.0884125
150499640112904,78.432319,0.0103124995,0.00715,0.2728
150499650113597,78.442320,-0.0116875,-0.1271875,0.3865125
150499660114520,78.452321,-0.0276375,-0.2677125,0.380325
150499670115116,78.462321,-0.050875,-0.3092375,0.324225
150499680116039,78.472322,-0.0776875,-0.3312375,0.2277
150499690116883,78.482323,-0.0837375,-0.2677125,0.1139875
150499700117501,78.492324,-0.095975,-0.1309,0.0199375
150499710118436,78.502324,-0.1167375,0.0083875,-0.0264
150499720119140,78.512325,-0.1351625,0.0963875,-0.0166375
150499730119984,78.522326,-0.1461625,0.0853875,0.026124999
150499740120677,78.532327,-0.1485,0.0279125,0.0358875
150499750121503,78.542328,-0.1472625,-0.089375,-0.0191125
150499760122202,78.552328,-0.1705,-0.20047499,-0.1144
150499770123036,78.562329,-0.188925,-0.2457125,-0.2011625
150499780123731,78.572330,-0.1962125,-0.2371875,-0.249975
150499790124577,78.582331,-0.188925,-0.16995,-0.2586375
150499800125269,78.592331,-0.1571625,-0.058849998,-0.243925
150499810126197,78.602332,-0.117975,-0.0111375,-0.21945
150499820127057,78.612333,-0.0776875,0.0341,-0.155925
150499830127749,78.622334,-0.054449998,0.0451,-0.06435
150499840128580,78.632335,-0.0361625,0.020624999,0.034649998
150499850129198,78.642335,-0.028875,-0.0171875,0.1507
150499860130134,78.652336,-0.0264,-0.062425,0.2374625
150499870130736,78.662337,-0.017875,-0.1186625,0.236225
150499880131657,78.672338,-6.875E-4,-0.189475,0.1359875
150499890132340,78.682338,0.01155,-0.2286625,-0.0521125
150499900133189,78.692339,0.0188375,-0.1907125,-0.2206875
150499910133893,78.702340,0.0273625,-0.1051875,-0.30745
150499920134729,78.712341,0.01155,0.0891,-0.238975
150499930135421,78.722341,-0.0081124995,0.2539625,-0.07535
150499940136333,78.732342,-6.875E-4,0.3064875,0.164175
150499950136958,78.742343,0.0066,0.186725,0.3755125
150499960137813,78.752344,0.0286,-0.0539,0.4585625
150499970138505,78.762345,0.0383625,-0.26895,0.3815625
150499980139347,78.772345,0.0188375,-0.39105,0.176275
150499990140039,78.782346,0.0066,-0.3667125,-0.0264
150500000140876,78.792347,-0.0191125,-0.2432375,-0.1376375
150500010141568,78.802348,-0.0386375,-0.1027125,-0.138875
150500020142501,78.812349,-0.02145,0.009625,-0.083875
150500030143116,78.822349,0.015125,0.086625,0.00165
150500040143953,78.832350,0.0176,0.114675,0.06765
150500050144902,78.842351,0.0103124995,0.0671,0.1079375
150500060145520,78.852352,-0.0202125,0.0169125,0.16775
150500070146432,78.862352,-0.0606375,-0.0576125,0.23127499
150500080147119,78.872353,-0.0996875,-0.156475,0.3144625
150500090147965,78.882354,-0.1241625,-0.264,0.297275
150500100148667,78.892355,-0.1241625,-0.3287625,0.1519375
150500110149528,78.902356,-0.1106875,-0.3702875,-0.0655875
150500120150229,78.912356,-0.0924,-0.2982375,-0.2646875
150500130151086,78.922357,-0.0911625,-0.117425,-0.3672625
150500140151774,78.932358,-0.089925,0.100099996,-0.3355
150500150152622,78.942359,-0.0691625,0.202675,-0.2256375
150500160153328,78.952359,-0.0264,0.1794375,-0.0691625
150500170154174,78.962360,0.01265,0.0438625,0.054175
150500180154867,78.972361,0.0518375,-0.2286625,0.0664125
150500190155795,78.982362,0.0823625,-0.415525,-0.0191125
150500200156425,78.992362,0.097075,-0.465575,-0.138875
150500210157367,79.002363,0.1128875,-0.3947625,-0.24887499
150500220158225,79.012364,0.1189375,-0.19195,-0.2671625
150500230158918,79.022365,0.1348875,0.037675,-0.2096875
150500240159516,79.032366,0.1593625,0.2674375,-0.044825
150500250160347,79.042366,0.16293749,0.3542,0.175175
150500260161259,79.052367,0.1764125,0.3212,0.4085125
150500270161954,79.062368,0.17765,0.1892,0.61985
150500280162788,79.072369,0.1654125,0.0059125,0.766425
150500290163475,79.082369,0.153175,-0.150425,0.79695
150500300164323,79.092370,0.1189375,-0.2787125,0.7176125
150500310165007,79.102371,0.087175,-0.3617625,0.5501375
150500320165853,79.112372,0.0543125,-0.354475,0.3315125
150500330166543,79.122373,0.0286,-0.3067625,0.0944625
150500340167375,79.132373,-0.0116875,-0.275,-0.0435875
150500350168055,79.142374,-0.051975,-0.1969,-0.104637496
150500360168905,79.152375,-0.0594,-0.108899996,-0.1351625
150500370169593,79.162376,-0.054449998,-0.0281875,-0.1364
150500380170420,79.172376,-0.0484,0.0523875,-0.1461625
150500390171322,79.182377,-0.0471625,0.1318625,-0.1425875
150500400171939,79.192378,-0.056925,0.1342,-0.1144
150500410172626,79.202379,-0.073975,0.0561,-0.0790625
150500420173530,79.212380,-0.0886875,0.0133375,-0.055825
150500430174380,79.222380,-0.1057375,-0.0061875,-0.0374
150500440175088,79.232381,-0.1254,0.0499125,0.0114124995
150500450175963,79.242382,-0.128975,0.158675,0.0919875
150500460176565,79.252383,-0.144925,0.1989625,0.2387
150500470177486,79.262383,-0.1412125,0.1709125,0.37785
150500480178182,79.272384,-0.128975,0.091437496,0.4085125
150500490179028,79.282385,-0.1241625,-0.034375,0.3460875
150500500179736,79.292386,-0.1302125,-0.211475,0.1617
150500510180579,79.302387,-0.1472625,-0.35805,-0.083875
150500520181280,79.312387,-0.1595,-0.3812875,-0.3135
150500530182126,79.322388,-0.1656875,-0.3177625,-0.4675
150500540182819,79.332389,-0.1595,-0.17613749,-0.53473747
150500550183659,79.342390,-0.133925,-0.0306625,-0.5567375
150500560184338,79.352390,-0.0727375,0.1403875,-0.524975
150500570185194,79.362391,-0.0092124995,0.2479125,-0.476025
150500580185896,79.372392,0.0286,0.2429625,-0.39545
150500590186819,79.382393,0.0578875,0.1623875,-0.3147375
150500600187435,79.392393,0.0688875,0.078099996,-0.2426875
150500610188281,79.402394,0.070125,0.0121,-0.2206875
150500620188973,79.412395,0.0628375,-0.0246125,-0.19139999
150500630189906,79.422396,0.0603625,-0.013612499,-0.1351625
150500640190726,79.432397,0.0713625,0.0451,-0.0374
150500650191447,79.442397,0.0763125,0.1232,0.095699996
150500660192065,79.452398,0.086075,0.1819125,0.2545125
150500670192988,79.462399,0.0908875,0.18315,0.391325
150500680193603,79.472400,0.092125,0.1073875,0.451275
150500690194454,79.482400,0.087175,-0.0061875,0.402325
150500700195384,79.492401,0.0653125,-0.128425,0.2410375
150500710196084,79.502402,0.0286,-0.1969,0.049225
150500720196928,79.512403,-0.0191125,-0.1821875,-0.0924
150500730197607,79.522404,-0.050875,-0.1126125,-0.1291125
150500740198468,79.532404,-0.0704,0.004675,-0.0545875
150500750199159,79.542405,-0.067925,0.1379125,0.0699875
150500760199997,79.552406,-0.051975,0.2074875,0.2057
150500770200689,79.562407,-0.0374,0.1794375,0.314325
150500780201535,79.572408,-0.0312125,0.0438625,0.3449875
150500790202237,79.582408,-0.0374,-0.100375,0.2899875
150500800203079,79.592409,-0.06545,-0.216425,0.1824625
150500810203766,79.602410,-0.0814,-0.282425,0.0248875
150500820204624,79.612411,-0.07645,-0.2517625,-0.1291125
150500830205548,79.622412,-0.043449998,-0.1859,-0.2586375
150500840206226,79.632412,0.0078375,-0.0796125,-0.337975
150500850206843,79.642413,0.0554125,0.048675,-0.3661625
150500860207766,79.652414,0.0713625,0.224675,-0.32945
150500870208372,79.662414,0.070125,0.39325,-0.2182125
150500880209208,79.672415,0.0383625,0.4360125,-0.013062499
150500890210129,79.682416,5.5E-4,0.312675,0.22275
150500900210821,79.692417,-0.012925,0.0682,0.3705625
150500910211668,79.702418,5.5E-4,-0.15895,0.3790875
150500920212370,79.712418,0.0017875,-0.3152875,0.2935625
150500930212973,79.722419,5.5E-4,-0.3592875,0.153175
150500940213833,79.732420,0.0017875,-0.2506625,0.0174625
150500950214521,79.742421,0.0066,-0.05995,-0.0765875
150500960215439,79.752421,0.0248875,0.163625,-0.1071125
150500970216285,79.762422,0.0286,0.335775,-0.0631125
150500980216982,79.772423,0.02255,0.357775,0.0309375
150500990217841,79.782424,-0.0081124995,0.26125,0.1445125
150501000218529,79.792425,-0.050875,0.078099996,0.1885125
150501010219355,79.802425,-0.07645,-0.1137125,0.153175
150501020220035,79.812426,-0.106975,-0.294525,0.056649998
150501030220882,79.822427,-0.12773749,-0.3752375,-0.1291125
150501040221559,79.832428,-0.1106875,-0.3287625,-0.3086875
150501050222405,79.842428,-0.095975,-0.1772375,-0.397925
150501060223102,79.852429,-0.0837375,0.04015,-0.399025
150501070223947,79.862430,-0.06545,0.23925,-0.3331625
150501080224639,79.872431,-0.0374,0.351725,-0.1951125
150501090225557,79.882432,-0.028875,0.27225,-0.0741125
150501100226408,79.892432,-0.023924999,0.0573375,-0.03135
150501110227040,79.902433,-0.0276375,-0.1651375,-0.0985875
150501120227732,79.912434,-0.0422125,-0.297,-0.2072125
150501130228578,79.922435,-0.0594,-0.310475,-0.2842125
150501140229504,79.932436,-0.0752125,-0.21395,-0.2732125
150501150230216,79.942436,-0.0826375,-0.0466125,-0.18645
150501160231062,79.952437,-0.067925,0.125675,-0.088825
150501170231740,79.962438,-0.0556875,0.2184875,0.0614625
150501180232581,79.972439,-0.0312125,0.186725,0.2154625
150501190233199,79.982439,-0.0312125,0.0902,0.3559875
150501200233910,79.992440,-0.0581625,-0.05995,0.4500375
150501210234766,80.002441,-0.09845,-0.2127125,0.4976125
150501220235703,80.012442,-0.1362625,-0.3997125,0.4890875
150501230236396,80.022442,-0.144925,-0.5377625,0.4010875
150501240237235,80.032443,-0.133925,-0.6171,0.2239875
150501250237927,80.042444,-0.1302125,-0.5487625,-0.0045375
150501260238770,80.052445,-0.155925,-0.3592875,-0.16445
150501270239463,80.062445,-0.2107875,-0.1137125,-0.18645
150501280240318,80.072446,-0.2657875,0.1452,-0.105875
150501290241008,80.082447,-0.3293125,0.2514875,0.0664125
150501300241856,80.092448,-0.3867875,0.208725,0.3388
150501310242534,80.102449,-0.4283125,0.0719125,0.6161375
150501320243382,80.112449,-0.4588375,-0.064899996,0.782375
150501330244059,80.122450,-0.5028375,-0.20295,0.8067125
150501340244966,80.132451,-0.532125,-0.3227125,0.7431875
150501350245584,80.142452,-0.5786,-0.3727625,0.689425
150501360246435,80.152452,-0.526075,-0.25547498,0.738375
150501370247131,80.162453,-0.56155,-0.3202375,0.8751875
150501380248035,80.172454,-0.7154125,-0.308,1.0547625
150501390248884,80.182455,-0.7838875,-0.2921875,1.1231
150501400249497,80.192455,-0.863225,-0.4412375,1.108525
150501410250413,80.202456,-0.8534625,-0.6183375,0.99605
150501420251110,80.212457,-0.752125,-0.729575,0.6796625
150501430251728,80.222458,-0.6543625,-0.8041,0.1544125
150501440252584,80.232459,-0.576125,-0.6353875,-0.4785
150501450253485,80.242459,-0.559075,-0.14795,-0.9048875
150501460254179,80.252460,-0.5566,0.3480125,-0.8658375
150501470255024,80.262461,-0.4918375,0.5753,-0.298925
150501480255716,80.272462,-0.399025,0.4213,0.4695625
150501490256582,80.282463,-0.311025,-0.0441375,1.133
150501500257274,80.292463,-0.31955,-0.4937625,1.49215
150501510258113,80.302464,-0.366025,-0.78815,1.5629625
150501520258815,80.312465,-0.3977875,-0.878625,1.3858625
150501530259646,80.322466,-0.4283125,-0.718575,1.0412875
150501540260322,80.332466,-0.3953125,-0.3337125,0.6650875
150501550261169,80.342467,-0.2805,0.1109625,0.43285
150501560261889,80.352468,-0.1167375,0.368775,0.2630375
150501570262726,80.362469,-0.0154,0.40301248,0.164175
150501580263425,80.372469,-0.0044,0.302775,0.1519375
150501590264276,80.382470,-0.0581625,0.1854875,0.275275
150501600264963,80.392471,-0.1131625,0.0389125,0.4560875
150501610265809,80.402472,-0.14245,-0.0306625,0.617375
150501620266501,80.412473,-0.150975,-0.067375,0.678425
150501630267337,80.422473,-0.1656875,-0.211475,0.71995
150501640268269,80.432474,-0.1852125,-0.310475,0.7126625
150501650268891,80.442475,-0.216975,-0.3997125,0.7566625
150501660269812,80.452476,-0.23045,-0.4912875,0.799425
150501670270430,80.462476,-0.21945,-0.398475,0.7932375
150501680271122,80.472477,-0.21573749,-0.2542375,0.843425
150501690271968,80.482478,-0.2657875,-0.1467125,1.0022374
150501700272894,80.492479,-0.30855,-0.15895,1.22705
150501710273577,80.502480,-0.3037375,-0.198,1.4408625
150501720274438,80.512480,-0.25355,-0.2652375,1.5202
150501730275055,80.522481,-0.199925,-0.4742375,1.4909124
150501740275756,80.532482,-0.128975,-0.8479625,1.3418624
150501750276661,80.542483,-0.023924999,-1.2255375,1.0278125
150501760277515,80.552484,0.075075,-1.4711125,0.540375
150501770278202,80.562484,0.1104125,-1.29635,0.0809875
150501780279043,80.572485,0.0713625,-0.8699625,-0.14739999
150501790279736,80.582486,0.0213125,-0.5718625,-0.0240625
150501800280587,80.592487,-0.012925,-0.451,0.2825625
150501810281263,80.602487,0.0383625,-0.443575,0.5330875
150501820281872,80.612488,0.1593625,-0.5608625,0.5416125
150501830282799,80.622489,0.252175,-0.6183375,0.4145625
150501840283639,80.632490,0.2937,-0.5988125,0.23375
150501850284331,80.642490,0.2704625,-0.542575,0.0444125
150501860285177,80.652491,0.1923625,-0.409475,-0.1351625
150501870285879,80.662492,0.120175,-0.2591875,-0.2182125
150501880286715,80.672493,0.0726,-0.05995,-0.160875
150501890287400,80.682493,0.07865,0.0829125,-0.0691625
150501900288260,80.692494,0.103125,0.1489125,0.01265
150501910288939,80.702495,0.14093749,0.086625,0.0199375
150501920289789,80.712496,0.191125,-0.0526625,-0.0765875
150501930290479,80.722496,0.2509375,-0.15413749,-0.2512125
150501940291330,80.732497,0.2814625,-0.2066625,-0.3672625
150501950292023,80.742498,0.2864125,-0.2297625,-0.364925
150501960292874,80.752499,0.2277,-0.2127125,-0.28545
150501970293573,80.762500,0.1056,-0.139425,-0.1706375
150501980294419,80.772500,-0.0606375,-0.0441375,-0.0033
150501990295127,80.782501,-0.17545,0.1098625,0.1359875
150502000295992,80.792502,-0.227975,0.2149125,0.1665125
150502010296682,80.802503,-0.23045,0.230725,0.220275
150502020297593,80.812504,-0.2072125,0.053625,0.28875
150502030298209,80.822504,-0.14973749,-0.139425,0.3155625
150502040299055,80.832505,-0.0704,-0.3067625,0.192225
150502050299732,80.842506,0.02255,-0.3397625,-0.0801625
150502060300588,80.852507,0.0578875,-0.211475,-0.36245
150502070301295,80.862507,0.0078375,-0.04895,-0.5005
150502080302139,80.872508,-0.07645,0.1709125,-0.4772625
150502090303062,80.882509,-0.12773749,0.4555375,-0.381975
150502100303754,80.892510,-0.12773749,0.688875,-0.232925
150502110304372,80.902510,-0.0776875,0.6791125,-0.0301125
150502120305218,80.912511,-0.014162499,0.401775,0.1274625
150502130306130,80.922512,0.064075,0.1183875,0.1519375
150502140306821,80.932513,0.125125,-0.0441375,0.0358875
150502150307668,80.942514,0.1544125,0.0193875,-0.14135
150502160308300,80.952514,0.120175,0.23815,-0.24887499
150502170309221,80.962515,0.0763125,0.49101248,-0.24145
150502180309828,80.972516,0.0616,0.5935875,-0.1021625
150502190310521,80.982517,0.075075,0.456775,0.0969375
150502200311439,80.992517,0.13365,0.20515,0.214225
150502210312283,81.002518,0.25465,0.00715,0.2105125
150502220312966,81.012519,0.269225,-0.100375,0.076175
150502230313584,81.022520,0.257125,-0.0209,-0.0985875
150502240314492,81.032520,0.230175,0.11715,-0.2916375
150502250315336,81.042521,0.2314125,0.202675,-0.43821248
150502260316028,81.052522,0.2228875,0.19167499,-0.5297875
150502270316875,81.062523,0.186175,0.17215,-0.5737875
150502280317586,81.072524,0.120175,0.2099625,-0.4565
150502290318432,81.082524,0.0383625,0.19415,-0.2366375
150502300319124,81.092525,-0.029975,0.1159125,-0.0045375
150502310319981,81.102526,-0.050875,-0.0380875,0.1214125
150502320320598,81.112527,-0.0276375,-0.2347125,0.115225
150502330321519,81.122528,0.0213125,-0.3337125,-0.0240625
150502340322197,81.132528,0.045649998,-0.2591875,-0.2146375
150502350323044,81.142529,0.03355,-0.0466125,-0.33673748
150502360323736,81.152530,-0.006875,0.18315,-0.38445
150502370324596,81.162531,-0.043449998,0.3394875,-0.3344
150502380325316,81.172531,-0.0617375,0.3370125,-0.177925
150502390326156,81.182532,-0.0716375,0.1672,-0.0301125
150502400326857,81.192533,-0.0606375,-0.0746625,-0.0033
150502410327703,81.202534,-0.0336875,-0.2701875,-0.072875
150502420328409,81.212534,-0.0191125,-0.308,-0.199925
150502430329254,81.222535,5.5E-4,-0.1651375,-0.3562625
150502440329961,81.232536,0.009075,0.0768625,-0.46254998
150502450330792,81.242537,0.015125,0.2674375,-0.4747875
150502460331496,81.252537,0.037125,0.3334375,-0.4137375
150502470332338,81.262538,0.0493625,0.3235375,-0.28545
150502480333040,81.272539,0.0543125,0.2344375,-0.13035
150502490333886,81.282540,0.0468875,0.1208625,0.048125
150502500334564,81.292541,0.0273625,0.0083875,0.2594625
150502510335403,81.302541,0.037125,-0.0576125,0.435325
150502520336112,81.312542,0.04455,-0.0771375,0.5110875
150502530336972,81.322543,0.042075,-0.1577125,0.48785
150502540337680,81.332544,0.053075,-0.25795,0.35227498
150502550338521,81.342545,0.0603625,-0.3092375,0.115225
150502560339197,81.352545,0.0628375,-0.3007125,-0.111925
150502570340052,81.362546,0.0688875,-0.145475,-0.2806375
150502580340745,81.372547,0.07865,0.0463375,-0.3661625
150502590341593,81.382548,0.075075,0.17215,-0.375925
150502600342285,81.392548,0.0774125,0.23567499,-0.3331625
150502610343131,81.402549,0.0836,0.2074875,-0.2366375
150502620343795,81.412550,0.059125,0.1403875,-0.0680625
150502630344656,81.422551,0.0213125,-0.0050875,0.13475
150502640345562,81.432552,-0.0191125,-0.0391875,0.3595625
150502650346184,81.442552,-0.0361625,-0.07095,0.474375
150502660346863,81.452553,-0.0154,-0.067375,0.4585625
150502670347709,81.462554,0.0188375,-0.084425,0.336325
150502680348415,81.472554,0.0578875,-0.078375,0.1164625
150502690349251,81.482555,0.0836,-0.0196625,-0.1241625
150502700349925,81.492556,0.0823625,0.0963875,-0.2476375
150502710350834,81.502557,0.0836,0.1843875,-0.2952125
150502720351648,81.512558,0.10065,0.2259125,-0.2756875
150502730352270,81.522558,0.1166,0.163625,-0.193875
150502740352948,81.532559,0.1276,0.078099996,-0.077825
150502750353871,81.542560,0.1288375,0.003575,0.038225
150502760354720,81.552561,0.117837496,-0.0281875,0.1067
150502770355402,81.562561,0.0946,-0.0196625,0.15675
150502780356020,81.572562,0.075075,-0.02585,0.197175
150502790356861,81.582563,0.0653125,-0.0551375,0.1909875
150502800357568,81.592564,0.0713625,-0.100375,0.1299375
150502810358505,81.602565,0.1018875,-0.144375,-0.0105875
150502820359121,81.612565,0.1434125,-0.095425,-0.1926375
150502830359967,81.622566,0.164175,0.004675,-0.3575
150502840360893,81.632567,0.1654125,0.1354375,-0.4235
150502850361585,81.642568,0.1617,0.2539625,-0.3966875
150502860362431,81.652568,0.1703625,0.252725,-0.227975
150502870363138,81.662569,0.1813625,0.130625,-0.00935
150502880363994,81.672570,0.1837,-0.0281875,0.164175
150502890364688,81.682571,0.1739375,-0.1651375,0.2594625
150502900365542,81.692572,0.1519375,-0.1846625,0.2594625
150502910366225,81.702572,0.1214125,-0.11495,0.20693749
150502920367086,81.712573,0.0933625,0.031625,0.2019875
150502930367782,81.722574,0.0616,0.15619999,0.203225
150502940368410,81.732574,0.056649998,0.186725,0.22275
150502950369333,81.742575,0.070125,0.053625,0.2435125
150502960370172,81.752576,0.0823625,-0.0831875,0.22893749
150502970370874,81.762577,0.086075,-0.123475,0.1445125
150502980371721,81.772578,0.086075,-0.0331375,0.01265
150502990372398,81.782578,0.06765,0.100099996,-0.089925
150503000373246,81.792579,0.0543125,0.2149125,-0.1241625
150503010373938,81.802580,0.0628375,0.22715,-0.1095875
150503020374785,81.812581,0.070125,0.158675,-0.0594
150503030375480,81.822581,0.07865,0.0499125,-0.0411125
150503040376331,81.832582,0.070125,-0.0466125,-0.06435
150503050377025,81.842583,0.048125,-0.0171875,-0.14135
150503060377860,81.852584,0.0358875,0.102437496,-0.254925
150503070378567,81.862585,0.03355,0.1794375,-0.353925
150503080379419,81.872585,0.0554125,0.2600125,-0.410025
150503090380121,81.882586,0.0493625,0.2099625,-0.4197875
150503100380968,81.892587,0.03355,0.0633875,-0.3562625
150503110381648,81.902588,0.0103124995,-0.0160875,-0.3135
150503120382485,81.912588,-0.01045,0.06215,-0.342925
150503130383193,81.922589,-0.0251625,0.274725,-0.3465
150503140384030,81.932590,-0.051975,0.484825,-0.29645
150503150384717,81.942591,-0.0826375,0.5410625,-0.1694
150503160385559,81.952592,-0.1192125,0.478775,0.0309375
150503170386265,81.962592,-0.161975,0.3944875,0.11165
150503180387107,81.972593,-0.166925,0.3834875,0.0688875
150503190387797,81.982594,-0.14973749,0.417725,-0.0875875
150503200388722,81.992595,-0.0947375,0.4299625,-0.2842125
150503210389332,82.002595,-0.0496375,0.368775,-0.443025
150503220390174,82.012596,-0.0251625,0.2063875,-0.5383125
150503230390862,82.022597,0.0628375,0.1342,-0.4467375
150503240391712,82.032598,0.1153625,0.0451,-0.2316875
150503250392384,82.042598,0.098175,0.059675,0.0284625
150503260393227,82.052599,0.0518375,0.153725,0.198275
150503270393919,82.062600,-0.0336875,0.21367499,0.29975
150503280394833,82.072601,-0.0996875,0.19167499,0.336325
150503290395467,82.082601,-0.100925,0.11715,0.2960375
150503300396319,82.092602,-0.0594,0.12815,0.20075
150503310396996,82.102603,0.015125,0.19415,0.0358875
150503320397857,82.112604,0.0848375,0.224675,-0.1535875
150503330398532,82.122605,0.1043625,0.1769625,-0.1876875
150503340399463,82.132605,0.07865,0.0829125,-0.0790625
150503350400059,82.142606,0.059125,0.031625,0.1139875
150503360400914,82.152607,0.03355,0.0573375,0.34375
150503370401607,82.162608,0.02255,0.114675,0.4940375
150503380402545,82.172609,0.053075,0.1464375,0.5478
150503390403393,82.182609,0.1056,0.0694375,0.5478
150503400404071,82.192610,0.14465,-0.0086624995,0.5368
150503410404679,82.202611,0.15565,-0.1381875,0.540375
150503420405520,82.212612,0.186175,-0.253,0.5050375
150503430406212,82.222612,0.18865,-0.32395,0.418275
150503440407063,82.232613,0.13859999,-0.3372875,0.3045625
150503450407762,82.242614,0.0383625,-0.2517625,0.208175
150503460408680,82.252615,-0.0594,-0.106425,0.1445125
150503470409529,82.262616,-0.13145,-0.0196625,0.1139875
150503480410160,82.272616,-0.1571625,-0.007425,0.12375
150503490410853,82.282617,-0.1302125,-0.0636625,0.1299375
150503500411685,82.292618,-0.0947375,-0.123475,0.120175
150503510412606,82.302619,-0.0716375,-0.156475,0.0944625
150503520413237,82.312619,-0.089925,-0.15413749,0.0639375
150503530414144,82.322620,-0.1412125,-0.134475,0.0699875
150503540414842,82.332621,-0.1986875,-0.0966625,0.12265
150503550415459,82.342621,-0.24255,-0.00385,0.198275
150503560416300,82.352622,-0.2327875,0.0218625,0.2179375
150503570416969,82.362623,-0.201025,-0.018424999,0.1665125
150503580417887,82.372624,-0.1571625,-0.0746625,0.060225
150503590418745,82.382625,-0.1362625,-0.0856625,-0.0484
150503600419452,82.392625,-0.1362625,-0.023375,-0.1071125
150503610420298,82.402626,-0.1461625,0.0573375,-0.1034
150503620420995,82.412627,-0.1412125,0.0389125,-0.0545875
150503630421851,82.422628,-0.133925,-0.0380875,0.0028875
150503640422543,82.432629,-0.1265,-0.1736625,0.049225
150503650423151,82.442629,-0.12045,-0.2517625,0.056649998
150503660424055,82.452630,-0.117975,-0.2407625,0.038225
150503670424670,82.462631,-0.0911625,-0.1431375,0.010175
150503680425502,82.472632,-0.0801625,-0.0380875,0.027224999
150503690426437,82.482632,-0.06545,-1.375E-4,0.095699996
150503700427135,82.492633,-0.039875,-0.0686125,0.1775125
150503710427981,82.502634,-0.0031625,-0.2079,0.214225
150503720428687,82.512635,0.01155,-0.2762375,0.1959375
150503730429305,82.522635,0.0138875,-0.216425,0.1324125
150503740430228,82.532636,0.031075,-0.051425,0.0334125
150503750431074,82.542637,0.03355,0.103675,-0.0253
150503760431761,82.552638,0.031075,0.152625,-0.0350625
150503770432377,82.562638,0.0323125,0.091437496,0.0089375
150503780433300,82.572639,0.020075,-0.0526625,0.0847
150503790433915,82.582640,0.004125,-0.1406625,0.12375
150503800434838,82.592641,0.0053625,-0.1491875,0.087175
150503810435440,82.602641,0.02255,-0.106425,-0.0143
150503820436363,82.612642,0.031075,-0.0221375,-0.1266375
150503830437221,82.622643,0.0298375,0.09515,-0.1841125
150503840437927,82.632644,0.02365,0.15619999,-0.16335
150503850438778,82.642645,0.031075,0.1464375,-0.099825
150503860439396,82.652645,0.0616,0.1073875,-0.0264
150503870440088,82.662646,0.0933625,0.0328625,0.0089375
150503880441001,82.672647,0.1128875,-0.0196625,-0.00935
150503890441846,82.682648,0.1166,-0.0099,-0.0765875
150503900442538,82.692649,0.1128875,0.0633875,-0.1436875
150503910443155,82.702649,0.08965,0.18315,-0.1364
150503920444078,82.712650,0.0628375,0.2844875,-0.0581625
150503930444694,82.722651,0.0616,0.28325,0.0724625
150503940445555,82.732652,0.0836,0.1342,0.18493749
150503950446476,82.742652,0.108075,-0.051425,0.20075
150503960447163,82.752653,0.106837496,-0.194425,0.1519375
150503970448010,82.762654,0.10065,-0.231,0.087175
150503980448707,82.772655,0.07865,-0.139425,0.034649998
150503990449309,82.782655,0.0616,0.004675,0.0199375
150504000450223,82.792656,0.059125,0.100099996,0.004125
150504010451053,82.802657,0.0578875,0.103675,-0.0020625
150504020451731,82.812658,0.042075,0.01815,0.0199375
150504030452348,82.822658,0.034649998,-0.058849998,0.0334125
150504040453266,82.832659,0.03355,-0.064899996,0.0407
150504050454111,82.842660,0.02365,0.0231,0.0248875
150504060454728,82.852661,0.0138875,0.1574375,-0.0143
150504070455420,82.862661,0.015125,0.2259125,-0.05335
150504080456343,82.872662,0.0323125,0.175725,-0.0826375
150504090457188,82.882663,0.0506,0.0768625,-0.089925
150504100457805,82.892664,0.0653125,-0.0050875,-0.088825
150504110458497,82.902664,0.070125,0.014575,-0.0814
150504120459348,82.912665,0.0616,0.100099996,-0.0741125
150504130460269,82.922666,0.056649998,0.163625,-0.0386375
150504140460886,82.932667,0.0578875,0.16115,0.026124999
150504150461578,82.942668,0.064075,0.114675,0.0994125
150504160462496,82.952668,0.0603625,0.0451,0.159225
150504170463127,82.962669,0.0433125,0.0169125,0.1909875
150504180463987,82.972670,0.0078375,0.0328625,0.17875
150504190464659,82.982671,-0.0116875,0.0694375,0.1214125
150504200465520,82.992672,-0.0081124995,0.0988625,0.06765
150504210466441,83.002672,0.004125,0.1293875,0.0554125
150504220467044,83.012673,0.020075,0.15015,0.082225
150504230467746,83.022674,0.0248875,0.1623875,0.1189375
150504240468670,83.032675,0.0163625,0.1428625,0.1555125
150504250469302,83.042675,-0.0044,0.1219625,0.15675
150504260470135,83.052676,-0.0226875,0.0768625,0.13365
150504270470827,83.062677,-0.023924999,0.0108624995,0.11165
150504280471672,83.072678,-0.023924999,-0.0099,0.1018875
150504290472366,83.082678,-0.029975,0.00715,0.093225
150504300473227,83.092679,-0.018975,0.020624999,0.0884125
150504310473912,83.102680,-6.875E-4,0.0011,0.0639375
150504320474773,83.112681,0.0078375,-0.0270875,0.0224125
150504330475460,83.122681,0.0066,-0.0246125,0.0028875
150504340476308,83.132682,0.0163625,0.0059125,-0.0081124995
150504350476986,83.142683,0.042075,0.009625,-0.0020625
150504360477819,83.152684,0.0578875,-0.0061875,0.0224125
150504370478531,83.162685,0.053075,0.009625,0.056649998
150504380479377,83.172685,0.0543125,0.0218625,0.082225
150504390480074,83.182686,0.0653125,0.0243375,0.06765
150504400480946,83.192687,0.081125,0.0231,0.0358875
150504410481634,83.202688,0.095837496,0.0169125,0.0077
150504420482481,83.212688,0.10065,0.0523875,-0.017875
150504430483153,83.222689,0.087175,0.0902,-0.04235
150504440484018,83.232690,0.0628375,0.12815,-0.0301125
150504450484622,83.242691,0.048125,0.124437496,-8.25E-4
150504460485538,83.252692,0.0433125,0.091437496,0.0297
150504470486217,83.262692,0.042075,0.0341,0.056649998
150504480487077,83.272693,0.031075,0.0059125,0.0884125
150504490487769,83.282694,0.0078375,-0.001375,0.1654125
150504500488596,83.292695,-0.0092124995,0.0023375,0.2484625
150504510489219,83.302695,-0.0044,-0.02585,0.2508
150504520489901,83.312696,0.0078375,-0.0576125,0.2019875
150504530490843,83.322697,0.0017875,-0.1076625,0.15675
150504540491701,83.332698,-0.0092124995,-0.084425,0.0724625
150504550492394,83.342698,-0.0154,-0.0160875,-0.0801625
150504560493007,83.352699,-0.0276375,0.09515,-0.23045
150504570493915,83.362700,-0.0374,0.169675,-0.3172125
150504580494759,83.372701,-0.0446875,0.1709125,-0.3221625
150504590495387,83.382701,-0.0484,0.1452,-0.2817375
150504600496097,83.392702,-0.045925,0.1012,-0.22687499
150504610496943,83.402703,-0.0471625,0.0523875,-0.1766875
150504620497846,83.412704,-0.0471625,0.025575,-0.1364
150504630498477,83.422704,-0.0484,0.037675,-0.1095875
150504640499169,83.432705,-0.056925,0.100099996,-0.0911625
150504650500015,83.442706,-0.056925,0.158675,-0.0691625
150504660500680,83.452707,-0.050875,0.20019999,-0.0301125
150504670501531,83.462708,-0.0312125,0.1709125,0.0114124995
150504680502228,83.472708,-0.0116875,0.10615,0.037125
150504690503149,83.482709,-6.875E-4,0.0658625,0.027224999
150504700503776,83.492710,0.0103124995,0.0474375,-0.02035
150504710504608,83.502711,0.0213125,0.0573375,-0.0801625
150504720505300,83.512711,0.031075,0.0658625,-0.1535875
150504730506138,83.522712,0.03355,0.0853875,-0.2182125
150504740506819,83.532713,0.020075,0.113437496,-0.2561625
150504750507677,83.542714,-0.0031625,0.1684375,-0.2561625
150504760508356,83.552714,-0.0166375,0.2259125,-0.19745
150504770509200,83.562715,-0.0191125,0.2649625,-0.089925
150504780509886,83.572716,-0.0044,0.2222,0.0309375
150504790510715,83.582717,0.0066,0.113437496,0.13475
150504800511417,83.592717,0.009075,-0.0050875,0.181225
150504810512034,83.602718,5.5E-4,-0.0551375,0.1579875
150504820512958,83.612719,-0.0056375,-0.0441375,0.0688875
150504830513789,83.622720,-0.012925,0.059675,-0.0545875
150504840514479,83.632720,-0.02145,0.186725,-0.133925
150504850515325,83.642721,-0.0496375,0.2759625,-0.1241625
150504860515943,83.652722,-0.0704,0.3040125,-0.039875
150504870516635,83.662723,-0.0727375,0.2734875,0.104225
150504880517558,83.672724,-0.0727375,0.1733875,0.2679875
150504890518412,83.682724,-0.0826375,0.078099996,0.3975125
150504900519025,83.692725,-0.09845,0.015675,0.4598
150504910519717,83.702726,-0.1192125,-0.0086624995,0.446325
150504920520578,83.712727,-0.13145,0.0243375,0.3730375
150504930521271,83.722727,-0.1436875,0.0768625,0.2435125
150504940522095,83.732728,-0.1632125,0.1208625,0.071225
150504950523033,83.742729,-0.1876875,0.15015,-0.0545875
150504960523635,83.752730,-0.2035,0.1672,-0.11935
150504970524315,83.762730,-0.2022625,0.1904375,-0.1181125
150504980525165,83.772731,-0.18645,0.23567499,-0.07535
150504990525843,83.782732,-0.1632125,0.230725,0.00165
150505000526692,83.792733,-0.150975,0.147675,0.104225
150505010527387,83.802733,-0.1472625,0.0584375,0.181225
150505020528011,83.812734,-0.155925,0.004675,0.2190375
150505030528948,83.822735,-0.1815,-0.001375,0.2215125
150505040529792,83.832736,-0.2182125,0.0499125,0.220275
150505050530485,83.842736,-0.260975,0.13915,0.253275
150505060531088,83.852737,-0.267025,0.224675,0.3144625
150505070531930,83.862738,-0.2327875,0.23567499,0.391325
150505080532855,83.872739,-0.18645,0.19167499,0.4500375
150505090533538,83.882740,-0.1692625,0.1549625,0.46585
150505100534140,83.892740,-0.172975,0.136675,0.4390375
150505110535063,83.902741,-0.190025,0.1208625,0.3840375
150505120535670,83.912742,-0.20845,0.103675,0.3009875
150505130536593,83.922743,-0.2132625,0.0792,0.1909875
150505140537222,83.932743,-0.216975,0.091437496,0.0908875
150505150538153,83.942744,-0.21573749,0.130625,0.021175
150505160539013,83.952745,-0.2072125,0.169675,-0.0240625
150505170539645,83.962746,-0.17545,0.224675,-0.06435
150505180540337,83.972746,-0.133925,0.252725,-0.083875
150505190541188,83.982747,-0.1021625,0.24419999,-0.0545875
150505200541894,83.992748,-0.0704,0.197725,0.0053625
150505210542737,84.002749,-0.0422125,0.13915,0.054175
150505220543434,84.012749,-0.0312125,0.1122,0.0699875
150505230544265,84.022750,-0.032449998,0.100099996,0.0407
150505240544961,84.032751,-0.029975,0.13915,-0.0191125
150505250545583,84.042752,-0.039875,0.186725,-0.0581625
150505260546501,84.052753,-0.0727375,0.2259125,-0.0386375
150505270547132,84.062753,-0.117975,0.2992,0.0468875
150505280548055,84.072754,-0.161975,0.379775,0.159225
150505290548909,84.082755,-0.1632125,0.4310625,0.2545125
150505300549615,84.092756,-0.12773749,0.368775,0.3070375
150505310550224,84.102756,-0.0862125,0.26125,0.319275
150505320551137,84.112757,-0.054449998,0.175725,0.302225
150505330552000,84.122758,-0.0617375,0.1549625,0.2924625
150505340552663,84.132759,-0.1021625,0.208725,0.297275
150505350553281,84.142759,-0.1362625,0.2820125,0.291225
150505360554113,84.152760,-0.1595,0.318725,0.24475
150505370554800,84.162761,-0.177925,0.3504875,0.13365
150505380555634,84.172762,-0.2022625,0.3810125,-0.0215875
150505390556347,84.182762,-0.23045,0.35901248,-0.2171125
150505400557190,84.192763,-0.2352625,0.346775,-0.43821248
150505410557894,84.202764,-0.2352625,0.2759625,-0.6543625
150505420558750,84.212765,-0.24145,0.2099625,-0.8108375
150505430559443,84.222765,-0.249975,0.1904375,-0.89265
150505440560289,84.232766,-0.24255,0.2344375,-0.9183625
150505450560971,84.242767,-0.1852125,0.3040125,-0.9134125
150505460561811,84.252768,-0.1106875,0.34925,-0.8768375
150505470562444,84.262768,-0.0386375,0.423775,-0.813175
150505480563141,84.272769,0.004125,0.5385875,-0.6617875
150505490563987,84.282770,0.042075,0.5423,-0.4272125
150505500564675,84.292771,0.0823625,0.4445375,-0.1486375
150505510565535,84.302772,0.119075,0.3762,0.1164625
150505520566208,84.312772,0.108075,0.3529625,0.3815625
150505530567063,84.322773,0.0616,0.3872,0.667425
150505540567756,84.332774,0.0468875,0.4090625,0.96195
150505550568617,84.342775,0.119075,0.3529625,1.202575
150505560569309,84.352775,0.241175,0.2099625,1.3211
150505570570153,84.362776,0.346225,0.014575,1.318625
150505580570838,84.372777,0.373175,-0.13695,1.2403874
150505590571684,84.382778,0.2924625,-0.1662375,1.1658624
150505600572374,84.392778,0.119075,-0.0881375,1.1732875
150505610573220,84.402779,-0.0704,0.075625,1.268575
150505620573843,84.412780,-0.19373749,0.219725,1.290575
150505630574535,84.422781,-0.2107875,0.24419999,1.1097625
150505640575472,84.432781,-0.1167375,0.125675,0.6491375
150505650576307,84.442782,-0.023924999,-0.145475,-0.0961125
150505660576920,84.452783,-0.0837375,-0.382525,-0.9794125
150505670577607,84.462784,-0.2255,-0.34705,-1.811425
150505680578462,84.472784,-0.36107498,-0.0416625,-2.4222
150505690579379,84.482785,-0.4637875,0.23815,-2.8620625
150505700580004,84.492786,-0.471075,0.4140125,-3.0941625
150505710580698,84.502787,-0.3672625,0.4580125,-3.081925
150505720581549,84.512788,-0.2206875,0.3982,-2.8045876
150505730582269,84.522788,-0.106975,0.3334375,-2.2463374
150505740583100,84.532789,-0.084975,0.291775,-1.4595625
150505750583787,84.542790,-0.1302125,0.2039125,-0.6238375
150505760584400,84.552790,-0.188925,0.0059125,0.0407
150505770585552,84.562792,-0.2327875,-0.18095,0.42075
150505780586165,84.572792,-0.245025,-0.249425,0.56485
150505790586855,84.582793,-0.223025,-0.20047499,0.562375
150505800587472,84.592793,-0.1632125,-0.0759,0.51713747
150505810588299,84.602794,-0.067925,0.102437496,0.5245625
150505820588985,84.612795,0.03355,0.27225,0.6149
150505830589842,84.622796,0.119075,0.3663,0.76395
150505840590515,84.632797,0.1716,0.4323,0.9117625
150505850591451,84.642797,0.16293749,0.47753748,1.0608125
150505860592297,84.652798,0.095837496,0.4580125,1.2282875
150505870592909,84.662799,-0.0154,0.462825,1.3919125
150505880593521,84.672800,-0.1167375,0.49225,1.494625
150505890594213,84.682800,-0.1925,0.51301247,1.550725
150505900595131,84.692801,-0.26455,0.467775,1.5544375
150505910595965,84.702802,-0.31955,0.3785375,1.5079625
150505920596593,84.712803,-0.33673748,0.3174875,1.4053875
150505930597520,84.722804,-0.3342625,0.3260125,1.2502875
150505940598203,84.732804,-0.2817375,0.3064875,1.023
150505950599047,84.742805,-0.1802625,0.1293875,0.578325
150505960599670,84.752806,-0.0814,-0.133375,-0.1241625
150505970600362,84.762806,-0.0886875,-0.1736625,-0.8388875
150505980601206,84.772807,-0.18645,0.0059125,-1.3910875
150505990602143,84.782808,-0.29273748,0.357775,-1.6489
150506000602764,84.792809,-0.3012625,0.6864,-1.5498999
150506010603456,84.802809,-0.1925,0.8074,-1.149225
150506020604318,84.812810,-0.0202125,0.61435,-0.6018375
150506030604979,84.822811,0.1153625,0.1879625,-0.0471625
150506040605845,84.832812,0.21065,-0.271425,0.341275
150506050606462,84.842812,0.2668875,-0.5413375,0.46585
150506060607402,84.852813,0.274175,-0.6061,0.3900875
150506070608094,84.862814,0.257125,-0.5291,0.198275
150506080608946,84.872815,0.2253625,-0.2932875,4.125E-4
150506090609633,84.882816,0.208175,-0.0356125,-0.1266375
150506100610443,84.892816,0.208175,0.1513875,-0.1571625
150506110611059,84.902817,0.22165,0.1782,-0.088825
150506120611761,84.912818,0.2594625,0.0804375,0.0554125
150506130612609,84.922819,0.3084125,-0.1016125,0.214225
150506140613301,84.932819,0.3499375,-0.29947498,0.297275
150506150614148,84.942820,0.385275,-0.4338125,0.2630375
150506160614826,84.952821,0.3865125,-0.473,0.1507
150506170615672,84.962822,0.3634125,-0.506,-0.0240625
150506180616361,84.972822,0.2998875,-0.426525,-0.25245
150506190617212,84.982823,0.2399375,-0.2811875,-0.524975
150506200617904,84.992824,0.202125,-0.1467125,-0.7363125
150506210618521,85.002825,0.1764125,-0.036849998,-0.8328375
150506220619382,85.012825,0.17765,0.0451,-0.81565
150506230620055,85.022826,0.2143625,0.048675,-0.686125
150506240620870,85.032827,0.2607,-0.07095,-0.487025
150506250621808,85.042828,0.2998875,-0.25547498,-0.3025
150506260622471,85.052828,0.318175,-0.421575,-0.1962125
150506270623089,85.062829,0.302225,-0.4851,-0.166925
150506280623920,85.072830,0.2704625,-0.410575,-0.177925
150506290624625,85.082831,0.2154625,-0.2591875,-0.155925
150506300625228,85.092831,0.1519375,-0.095425,-0.110825
150506310626060,85.102832,0.1104125,-0.064899996,-0.0631125
150506320626985,85.112833,0.0873125,-0.1406625,-0.0374
150506330627908,85.122834,0.0933625,-0.2322375,-0.078925
150506340628512,85.132835,0.114125,-0.2652375,-0.1706375
150506350629141,85.142835,0.117837496,-0.1662375,-0.2011625
150506360629833,85.152836,0.120175,0.0133375,-0.14245
150506370630685,85.162837,0.1276,0.153725,-0.00935
150506380631377,85.172837,0.131175,0.141625,0.1714625
150506390632223,85.182838,0.1324125,-0.0171875,0.313225
150506400632920,85.192839,0.14093749,-0.26895,0.3645125
150506410633843,85.202840,0.14465,-0.4192375,0.2935625
150506420634697,85.212841,0.125125,-0.4387625,0.1287
150506430635327,85.222841,0.0763125,-0.341,-0.055825
150506440636000,85.232842,0.0358875,-0.1381875,-0.19139999
150506450636847,85.242843,0.0248875,0.02915,-0.2586375
150506460637553,85.252844,0.0383625,0.0671,-0.2561625
150506470638404,85.262844,0.048125,-0.0331375,-0.1951125
150506480639035,85.272845,0.0396,-0.205425,-0.1144
150506490639986,85.282846,0.026124999,-0.352,-0.0471625
150506500640692,85.292847,0.0078375,-0.3812875,0.0248875
150506510641307,85.302847,-0.0166375,-0.2921875,0.12375
150506520642242,85.312848,-0.0312125,-0.161425,0.24475
150506530642858,85.322849,-0.0422125,-0.0576125,0.3938
150506540643704,85.332850,-0.062975,-0.0526625,0.534325
150506550644389,85.342850,-0.0752125,-0.1357125,0.562375
150506560645236,85.352851,-0.089925,-0.253,0.4745125
150506570645930,85.362852,-0.1131625,-0.30195,0.3168
150506580646834,85.372853,-0.1241625,-0.29095,0.10065
150506590647447,85.382853,-0.13145,-0.1969,-0.0911625
150506600648274,85.392854,-0.1412125,-0.0697125,-0.1962125
150506610648966,85.402855,-0.1351625,0.0353375,-0.20845
150506620649588,85.412856,-0.128975,0.05115,-0.15345
150506630650434,85.422856,-0.1252625,-0.012375,-0.0350625
150506640651156,85.432857,-0.1302125,-0.134475,0.1018875
150506650652074,85.442858,-0.1362625,-0.29095,0.1654125
150506660652915,85.452859,-0.1461625,-0.3727625,0.12265
150506670653530,85.462860,-0.1546875,-0.360525,0.0053625
150506680654452,85.472860,-0.1607375,-0.316525,-0.1546875
150506690655067,85.482861,-0.16445,-0.2517625,-0.342925
150506700655750,85.492862,-0.155925,-0.2041875,-0.535975
150506710656602,85.502863,-0.144925,-0.1199,-0.6568375
150506720657293,85.512863,-0.1265,-0.0416625,-0.6898375
150506730658159,85.522864,-0.0972125,0.0108624995,-0.6213625
150506740658853,85.532865,-0.0471625,0.0341,-0.47355
150506750659473,85.542865,0.02365,0.0169125,-0.2512125
150506760660334,85.552866,0.08965,-0.0611875,-0.006875
150506770661024,85.562867,0.1398375,-0.18095,0.2349875
150506780661867,85.572868,0.15565,-0.308,0.4195125
150506790662579,85.582869,0.1568875,-0.38747498,0.5270375
150506800663406,85.592869,0.1483625,-0.4228125,0.5575625
150506810664317,85.602870,0.13365,-0.4252875,0.48785
150506820664992,85.612871,0.136125,-0.32999998,0.3315125
150506830665608,85.622872,0.142175,-0.21395,0.1775125
150506840666534,85.632873,0.1483625,-0.128425,0.0529375
150506850667149,85.642873,0.1496,-0.0906125,-0.055825
150506860667767,85.652874,0.15565,-0.1381875,-0.160875
150506870668618,85.662875,0.153175,-0.2187625,-0.2597375
150506880669310,85.672875,0.142175,-0.227425,-0.3392125
150506890670223,85.682876,0.117837496,-0.15895,-0.3452625
150506900671038,85.692877,0.097075,-0.045375,-0.2597375
150506910671646,85.702878,0.0848375,0.031625,-0.0716375
150506920672324,85.712878,0.0738375,0.025575,0.1714625
150506930673165,85.722879,0.0653125,-0.0941875,0.3119875
150506940673858,85.732880,0.059125,-0.2347125,0.2717
150506950674714,85.742881,0.059125,-0.2762375,0.0994125
150506960675411,85.752881,0.048125,-0.2102375,-0.1461625
150506970676341,85.762882,0.0248875,-0.012375,-0.3306875
150506980677198,85.772883,0.0053625,0.2319625,-0.3477375
150506990677827,85.782884,-0.0116875,0.43353748,-0.18287499
150507000678510,85.792885,0.004125,0.4835875,0.0944625
150507010679356,85.802885,0.0396,0.3504875,0.4010875
150507020680063,85.812886,0.06765,0.0694375,0.5831375
150507030680909,85.822887,0.07865,-0.187,0.5808
150507040681507,85.832888,0.056649998,-0.31295,0.4390375
150507050682423,85.842888,0.0176,-0.249425,0.1885125
150507060683101,85.852889,-0.028875,-0.0171875,-0.0545875
150507070683943,85.862890,-0.056925,0.279675,-0.188925
150507080684584,85.872891,-0.0691625,0.4824875,-0.193875
150507090685281,85.882891,-0.0606375,0.5165875,-0.1205875
150507100686125,85.892892,-0.039875,0.412775,0.0174625
150507110686834,85.902893,-0.023924999,0.246675,0.1555125
150507120687677,85.912894,-0.02145,0.1049125,0.2594625
150507130688361,85.922894,-0.018975,0.025575,0.2814625
150507140689281,85.932895,-0.0116875,-0.0111375,0.208175
150507150689865,85.942896,-0.0056375,-0.0356125,0.060225
150507160690483,85.952896,-0.029975,-0.01485,-0.111925
150507170691411,85.962897,-0.0727375,0.037675,-0.2586375
150507180692026,85.972898,-0.09845,0.1464375,-0.3232625
150507190692886,85.982899,-0.0862125,0.2039125,-0.320925
150507200693793,85.992900,-0.0496375,0.175725,-0.28545
150507210694491,86.002900,-0.01045,0.0988625,-0.2121625
150507220695339,86.012901,0.0188375,0.0218625,-0.105875
150507230695952,86.022902,0.0383625,-0.0050875,0.032175
150507240696645,86.032903,0.0628375,0.0193875,0.18493749
150507250697500,86.042904,0.075075,0.059675,0.3498
150507260698207,86.052904,0.064075,0.10615,0.4976125
150507270699072,86.062905,0.034649998,0.1098625,0.600325
150507280699752,86.072906,0.0028875,0.0658625,0.64185
150507290700592,86.082907,-0.014162499,-0.0099,0.63085
150507300701270,86.092907,-0.018975,-0.12595,0.540375
150507310701872,86.102908,-0.0116875,-0.20899999,0.3449875
150507320702795,86.112909,-0.0044,-0.2297625,0.0724625
150507330703639,86.122910,-0.0031625,-0.1442375,-0.188925
150507340704280,86.132910,-0.029975,0.0633875,-0.3014
150507350704973,86.142911,-0.0471625,0.23567499,-0.2586375
150507360705819,86.152912,-0.0471625,0.2919125,-0.1106875
150507370706754,86.162913,-0.032449998,0.2319625,0.1104125
150507380707462,86.172913,-0.0276375,0.0463375,0.31075
150507390708057,86.182914,-0.0226875,-0.1687125,0.3680875
150507400708896,86.192915,-0.0226875,-0.3227125,0.2728
150507410709586,86.202916,-0.0202125,-0.332475,0.0724625
150507420710408,86.212916,-0.02145,-0.2396625,-0.2121625
150507430711016,86.222917,-0.0056375,-0.0941875,-0.5115
150507440711679,86.232918,0.015125,0.0413875,-0.7143125
150507450712831,86.242919,0.0323125,0.1599125,-0.7876
150507460713453,86.252919,0.0616,0.2173875,-0.7436
150507470714059,86.262920,0.1018875,0.2149125,-0.5445
150507480714767,86.272921,0.131175,0.1989625,-0.215875
150507490715627,86.282922,0.1496,0.1709125,0.17875
150507500716334,86.292922,0.153175,0.125675,0.5550875
150507510717178,86.302923,0.1496,0.0341,0.8239
150507520717861,86.312924,0.13365,-0.0576125,0.942425
150507530718771,86.322925,0.1166,-0.1309,0.942425
150507540719615,86.332926,0.1018875,-0.1882375,0.8031375
150507550720212,86.342926,0.1043625,-0.2432375,0.51713747
150507560720904,86.352927,0.1043625,-0.2017125,0.18493749
150507570721760,86.362928,0.0823625,-0.05995,-0.104637496
150507580722467,86.372928,0.0726,0.130625,-0.2794
150507590723069,86.382929,0.081125,0.2624875,-0.3441625
150507600723992,86.392930,0.0884125,0.252725,-0.33673748
150507610724865,86.402931,0.0994125,0.16115,-0.2756875
150507620725575,86.412932,0.0848375,0.0413875,-0.18645
150507630726188,86.422932,0.053075,-0.0759,-0.1205875
150507640727019,86.432933,0.0103124995,-0.17613749,-0.1181125
150507650727724,86.442934,-0.012925,-0.238425,-0.23045
150507660728564,86.452935,-0.0116875,-0.2066625,-0.4137375
150507670729254,86.462935,0.0053625,-0.089375,-0.5885
150507680730090,86.472936,0.0273625,0.059675,-0.7068875
150507690731008,86.482937,0.070125,0.20019999,-0.7008375
150507700731713,86.492938,0.1276,0.2992,-0.5603125
150507710732326,86.502938,0.1898875,0.3504875,-0.3037375
150507720732943,86.512939,0.224125,0.2809125,0.0138875
150507730733872,86.522940,0.2264625,0.13915,0.3009875
150507740734487,86.532940,0.2044625,0.0083875,0.485375
150507750735338,86.542941,0.175175,-0.0636625,0.5575625
150507760736259,86.552942,0.13859999,-0.0721875,0.52085
150507770736967,86.562943,0.109175,-0.0391875,0.3938
150507780737800,86.572944,0.086075,0.0463375,0.2325125
150507790738395,86.582944,0.06765,0.1354375,0.0969375
150507800739117,86.592945,0.0518375,0.197725,0.0199375
150507810739961,86.602946,0.0358875,0.21367499,-0.0166375
150507820740653,86.612947,0.02365,0.1709125,-0.0361625
150507830741491,86.622947,0.0066,0.0902,-0.0521125
150507840742107,86.632948,-0.0056375,0.01815,-0.055825
150507850743028,86.642949,-0.006875,-0.0061875,-0.0460625
150507860743708,86.652950,-0.01045,0.0193875,-0.0191125
150507870744328,86.662950,-0.0116875,0.0683375,0.0224125
150507880745194,86.672951,-0.0092124995,0.081675,0.049225
150507890745886,86.682952,-0.0044,0.06215,0.059125
150507900746717,86.692953,0.0053625,0.0353375,0.0444125
150507910747380,86.702953,0.015125,-0.0026125,0.004125
150507920748228,86.712954,0.0273625,-0.0026125,-0.0166375
150507930749149,86.722955,0.0468875,0.0389125,0.02365
150507940749840,86.732956,0.048125,0.097625,0.0859375
150507950750430,86.742956,0.0554125,0.102437496,0.1299375
150507960751283,86.752957,0.0763125,0.048675,0.1397
150507970751975,86.762958,0.0836,-0.0429,0.10175
150507980752583,86.772959,0.075075,-0.1186625,0.0064625
150507990753521,86.782960,0.0554125,-0.11495,-0.1071125
150508000754131,86.792960,0.0408375,-0.0391875,-0.2061125
150508010755294,86.802961,0.02255,0.0719125,-0.2426875
150508020755906,86.812962,0.009075,0.163625,-0.1986875
150508030756592,86.822963,0.0017875,0.18315,-0.0924
150508040757209,86.832963,5.5E-4,0.09515,0.0529375
150508050758040,86.842964,0.0028875,-0.0111375,0.197175
150508060758721,86.852965,0.0176,-0.10395,0.2765125
150508070759577,86.862966,0.0286,-0.1577125,0.26675
150508080760305,86.872966,0.0396,-0.1651375,0.1654125
150508090761226,86.882967,0.0248875,-0.1051875,0.0199375
150508100762072,86.892968,-0.0031625,0.0083875,-0.0741125
150508110762673,86.902969,-0.0154,0.1232,-0.0826375
150508120763305,86.912969,-0.02145,0.21615,-0.0166375
150508130764216,86.922970,-0.0264,0.230725,0.0944625
150508140764849,86.932971,-0.0166375,0.147675,0.1799875
150508150765765,86.942972,-0.0044,-0.0099,0.17875
150508160766387,86.952972,0.0066,-0.1969,0.0614625
150508170767321,86.962973,0.0138875,-0.3007125,-0.16445
150508180768016,86.972974,5.5E-4,-0.264,-0.432025
150508190768643,86.982975,-0.0251625,-0.086899996,-0.614075
150508200769511,86.992976,-0.0556875,0.1549625,-0.652025
150508210770198,87.002976,-0.0594,0.3284875,-0.5847875
150508220771045,87.012977,-0.014162499,0.346775,-0.4125
150508230771720,87.022978,0.0468875,0.169675,-0.2121625
150508240772571,87.032979,0.0933625,-0.0966625,-0.0826375
150508250773268,87.042979,0.1018875,-0.2872375,-0.0374
150508260774112,87.052980,0.081125,-0.2982375,-0.0411125
150508270774788,87.062981,0.0664125,-0.1651375,-0.0716375
150508280775643,87.072982,0.0763125,-0.007425,-0.094875
150508290776350,87.082982,0.1043625,0.0694375,-0.0985875
150508300776982,87.092983,0.14465,0.0364375,-0.1034
150508310777905,87.102984,0.1678875,-0.0661375,-0.122925
150508320778525,87.112985,0.18259999,-0.139425,-0.149875
150508330779448,87.122985,0.1788875,-0.150425,-0.1876875
150508340780276,87.132986,0.1606,-0.09295,-0.2231625
150508350780896,87.142987,0.1373625,-0.0196625,-0.227975
150508360781564,87.152988,0.1043625,0.0658625,-0.166925
150508370782411,87.162988,0.0738375,0.102437496,-0.0545875
150508380783101,87.172989,0.0396,0.064625,0.0724625
150508390783723,87.182990,0.0176,-0.03795,0.12375
150508400784660,87.192991,0.0176,-0.1651375,0.0627
150508410785602,87.202992,0.0248875,-0.260425,-0.0961125
150508420786219,87.212992,0.0286,-0.2627625,-0.30745
150508430787058,87.222993,0.0176,-0.13695,-0.47355
150508440787750,87.232994,-0.01045,0.08415,-0.498025
150508450788602,87.242995,-0.0166375,0.2649625,-0.4052125
150508460789219,87.252995,5.5E-4,0.329725,-0.216975
150508470789915,87.262996,0.020075,0.23567499,0.01265
150508480790762,87.272997,0.02255,-0.001375,0.1909875
150508490791683,87.282998,0.0053625,-0.2517625,0.24475
150508500792366,87.292998,-0.0202125,-0.3507625,0.1885125
150508510792978,87.302999,-0.045925,-0.2517625,0.0884125
150508520793837,87.313000,-0.0666875,-0.0111375,0.0174625
150508530794523,87.323001,-0.0691625,0.25025,0.0224125
150508540795381,87.333001,-0.0496375,0.36025,0.095699996
150508550796057,87.343002,-0.029975,0.29425,0.20927499
150508560796906,87.353003,-0.023924999,0.1232,0.3254625
150508570797827,87.363004,-0.029975,-0.045375,0.4010875
150508580798515,87.373005,-0.0446875,-0.1381875,0.43408749
150508590799018,87.383005,-0.0666875,-0.133375,0.4145625
150508600799708,87.393006,-0.0814,-0.062425,0.3498
150508610800559,87.403007,-0.08745,0.0169125,0.26427498
150508620801265,87.413007,-0.0814,0.064625,0.18493749
150508630802101,87.423008,-0.07645,0.0413875,0.1029875
150508640802790,87.433009,-0.0594,0.0133375,4.125E-4
150508650803718,87.443010,-0.0386375,-0.034375,-0.1326875
150508660804564,87.453011,-0.0202125,-0.0746625,-0.2794
150508670805175,87.463011,-0.0092124995,-0.0539,-0.388025
150508680805851,87.473012,-0.012925,0.0389125,-0.4296875
150508690806685,87.483013,-0.0116875,0.153725,-0.4052125
150508700807377,87.493013,-0.001925,0.2234375,-0.3172125
150508710808232,87.503014,0.0188375,0.25025,-0.138875
150508720808924,87.513015,0.042075,0.1733875,0.0664125
150508730809789,87.523016,0.0653125,0.0193875,0.219175
150508740810483,87.533016,0.08965,-0.1186625,0.26675
150508750811089,87.543017,0.108075,-0.1931875,0.2105125
150508760812022,87.553018,0.108075,-0.15413749,0.08965
150508770812856,87.563019,0.1056,-0.0319,-0.0471625
150508780813473,87.573019,0.1043625,0.1232,-0.149875
150508790814171,87.583020,0.1043625,0.2589125,-0.1791625
150508800815017,87.593021,0.1056,0.2979625,-0.10835
150508810815716,87.603022,0.11165,0.2624875,0.0187
150508820816641,87.613023,0.11165,0.1452,0.1469875
150508830817238,87.623023,0.106837496,-0.0086624995,0.214225
150508840818093,87.633024,0.092125,-0.1271875,0.1775125
150508850818793,87.643025,0.0628375,-0.1516625,0.073699996
150508860819640,87.653026,0.0286,-0.0746625,-0.0631125
150508870820252,87.663026,5.5E-4,0.0499125,-0.1962125
150508880820939,87.673027,0.0028875,0.1269125,-0.3025
150508890821867,87.683028,0.0213125,0.136675,-0.3782625
150508900822705,87.693029,0.048125,0.092675,-0.432025
150508910823380,87.703029,0.056649998,0.0474375,-0.4527875
150508920824026,87.713030,0.059125,0.0389125,-0.45045
150508930824872,87.723031,0.0506,0.0584375,-0.4272125
150508940825575,87.733032,0.0468875,0.0853875,-0.38445
150508950826435,87.743032,0.0518375,0.100099996,-0.315975
150508960827117,87.753033,0.0578875,0.097625,-0.2182125
150508970827959,87.763034,0.06765,0.064625,-0.1326875
150508980828890,87.773035,0.0726,0.0011,-0.10835
150508990829500,87.783036,0.0798875,-0.0501875,-0.1436875
150509000830211,87.793036,0.07865,-0.0466125,-0.221925
150509010831058,87.803037,0.0738375,-0.0050875,-0.309925
150509020831774,87.813038,0.06765,0.06215,-0.364925
150509030832634,87.823039,0.0628375,0.1219625,-0.3612125
150509040833331,87.833039,0.0493625,0.147675,-0.2976875
150509050833949,87.843040,0.03355,0.119625,-0.1951125
150509060834867,87.853041,0.0188375,0.059675,-0.078925
150509070835711,87.863042,5.5E-4,-0.0160875,0.0224125
150509080836305,87.873042,-0.018975,-0.0636625,0.082225
150509090837009,87.883043,-0.034925,-0.073425,0.087175
150509100837829,87.893044,-0.040975,-0.0611875,0.02365
150509110838521,87.903045,-0.0471625,-0.036849998,-0.088825
150509120839360,87.913045,-0.0446875,-0.0306625,-0.23045
150509130840058,87.923046,-0.039875,-0.0466125,-0.3697375
150509140840978,87.933047,-0.0386375,-0.0270875,-0.4857875
150509150841584,87.943048,-0.039875,0.0451,-0.4907375
150509160842434,87.953048,-0.0374,0.1513875,-0.3917375
150509170843120,87.963049,-0.0264,0.20515,-0.2451625
150509180843962,87.973050,-0.01045,0.219725,-0.017875
150509190844641,87.983051,-0.0202125,0.197725,0.286275
150509200845485,87.993051,-0.0556875,0.1452,0.6125625
150509210846178,88.003052,-0.0814,0.0804375,0.854425
150509220847011,88.013053,-0.0996875,-0.0086624995,0.99
150509230847630,88.023054,-0.1144,-0.0391875,1.0498124
150509240848567,88.033055,-0.133925,-0.023375,1.01695
150509250849184,88.043055,-0.1522125,0.0169125,0.88495
150509260849885,88.053056,-0.1632125,0.0683375,0.6821375
150509270850731,88.063057,-0.1632125,0.0671,0.4536125
150509280851429,88.073057,-0.161975,0.059675,0.2655125
150509290852278,88.083058,-0.1582625,0.064625,0.1287
150509300853196,88.093059,-0.150975,0.0853875,0.048125
150509310853813,88.103060,-0.144925,0.097625,0.004125
150509320854427,88.113060,-0.1387375,0.0279125,-0.0361625
150509330855350,88.123061,-0.122925,-0.0697125,-0.093637496
150509340856047,88.133062,-0.106975,-0.187,-0.1901625
150509350856888,88.143063,-0.0972125,-0.20295,-0.2732125
150509360857596,88.153064,-0.104499996,-0.13695,-0.309925
150509370858213,88.163064,-0.111925,-0.04895,-0.3086875
150509380859355,88.173065,-0.1057375,0.0633875,-0.237875
150509390859757,88.183066,-0.073975,0.1489125,-0.0741125
150509400860680,88.193067,-0.023924999,0.1684375,0.1654125
150509410861300,88.203067,0.03355,0.1403875,0.4120875
150509420862160,88.213068,0.0726,0.0658625,0.5929
150509430863077,88.223069,0.095837496,-0.0331375,0.67485
150509440863699,88.233070,0.103125,-0.13213749,0.6760875
150509450864380,88.243070,0.0994125,-0.227425,0.6026625
150509460865286,88.253071,0.0994125,-0.2921875,0.4500375
150509470865892,88.263072,0.0994125,-0.31295,0.2484625
150509480866746,88.273073,0.0994125,-0.260425,0.0224125
150509490867438,88.283073,0.097075,-0.14795,-0.19745
150509500868046,88.293074,0.098175,-0.0319,-0.3685
150509510868959,88.303075,0.086075,0.0671,-0.47245
150509520869808,88.313076,0.0628375,0.130625,-0.513975
150509530870500,88.323077,0.0433125,0.1269125,-0.4797375
150509540871333,88.333077,0.026124999,0.075625,-0.3917375
150509550871930,88.343078,0.0396,-0.0416625,-0.337975
150509560872861,88.353079,0.06765,-0.1357125,-0.293975
150509570873487,88.363079,0.0946,-0.1956625,-0.2696375
150509580874173,88.373080,0.1153625,-0.1821875,-0.2366375
150509590875017,88.383081,0.119075,-0.106425,-0.1926375
150509600875709,88.393082,0.1263625,-1.375E-4,-0.127875
150509610876553,88.403083,0.1276,0.119625,-0.013062499
150509620877476,88.413083,0.131175,0.208725,0.1665125
150509630878113,88.423084,0.142175,0.2124375,0.35227498
150509640878805,88.433085,0.1593625,0.1342,0.4670875
150509650879649,88.443086,0.1739375,-0.0026125,0.4695625
150509660880356,88.453086,0.18493749,-0.117425,0.38279998
150509670881202,88.463087,0.1716,-0.19195,0.2129875
150509680881843,88.473088,0.13365,-0.1516625,-0.0056375
150509690882769,88.483089,0.0823625,-0.0026125,-0.1486375
150509700883464,88.493089,0.0468875,0.202675,-0.1364
150509710884324,88.503090,0.0273625,0.368775,-0.0081124995
150509720885034,88.513091,0.034649998,0.4274875,0.181225
150509730885652,88.523092,0.059125,0.3565375,0.4035625
150509740886497,88.533092,0.070125,0.1843875,0.59785
150509750887179,88.543093,0.0578875,-0.0111375,0.744425
150509760888020,88.553094,0.042075,-0.15413749,0.8129
150509770888718,88.563095,0.0323125,-0.2371875,0.7651875
150509780889641,88.573096,0.037125,-0.2921875,0.6149
150509790890246,88.583096,0.064075,-0.26895,0.374275
150509800891095,88.593097,0.095837496,-0.2066625,0.056649998
150509810891774,88.603098,0.1263625,-0.0746625,-0.25245
150509820892405,88.613098,0.14465,0.092675,-0.46873748
150509830893233,88.623099,0.1434125,0.23925,-0.5652625
150509840894156,88.633100,0.1373625,0.3284875,-0.5688375
150509850894818,88.643101,0.136125,0.373725,-0.4747875
150509860895661,88.653102,0.12265,0.346775,-0.2684
150509870896276,88.663102,0.095837496,0.2319625,-0.03135
150509880897168,88.673103,0.0873125,0.0231,0.1494625
150509890897861,88.683104,0.097075,-0.205425,0.20693749
150509900898478,88.693104,0.114125,-0.363,0.1494625
150509910899324,88.703105,0.103125,-0.3667125,0.048125
150509920900032,88.713106,0.070125,-0.18095,-0.0033
150509930900959,88.723107,0.0383625,0.10615,0.02365
150509940901574,88.733108,0.0358875,0.3504875,0.10065
150509950902423,88.743108,0.0554125,0.4164875,0.203225
150509960903140,88.753109,0.0738375,0.2662,0.27775
150509970903981,88.763110,0.0713625,0.0499125,0.3095125
150509980904688,88.773111,0.059125,-0.1529,0.3009875
150509990905529,88.783112,0.0248875,-0.272525,0.225225
150510000906226,88.793112,-0.0251625,-0.24695,0.0664125
150510010906858,88.803113,-0.0691625,-0.112475,-0.111925
150510020907795,88.813114,-0.0924,0.06215,-0.254925
150510030908629,88.823115,-0.0935,0.1989625,-0.3452625
150510040909538,88.833116,-0.0716375,0.2589125,-0.353925
150510050910154,88.843116,-0.032449998,0.2332,-0.3196875
150510060910858,88.853117,0.0127875,0.16115,-0.27445
150510070911464,88.863117,0.045649998,0.0719125,-0.237875
150510080912308,88.873118,0.059125,-0.001375,-0.210925
150510090912986,88.883119,0.0468875,-0.040425,-0.1681625
150510100913834,88.893120,0.02365,0.0108624995,-0.105875
150510110914522,88.903121,0.0248875,0.0658625,-0.0545875
150510120915353,88.913121,0.0688875,0.0878625,-0.0594
150510130916260,88.923122,0.131175,0.070675,-0.1071125
150510140916882,88.933123,0.186175,0.0548625,-0.1511125
150510150917575,88.943124,0.197175,0.0389125,-0.1706375
150510160918430,88.953124,0.191125,0.0499125,-0.14739999
150510170919122,88.963125,0.1813625,0.0878625,-0.093637496
150510180919983,88.973126,0.1813625,0.114675,-0.0240625
150510190920584,88.983127,0.1654125,0.09515,0.0419375
150510200921582,88.993128,0.1458875,0.0303875,0.0859375
150510210922136,89.003128,0.114125,-0.0429,0.1054625
150510220923057,89.013129,0.0664125,-0.0611875,0.1067
150510230923666,89.023130,0.02255,-0.0356125,0.0847
150510240924367,89.033130,-0.0092124995,0.0083875,0.048125
150510250925276,89.043131,-0.032449998,0.048675,0.015125
150510260926105,89.053132,-0.050875,0.0792,4.125E-4
150510270926812,89.063133,-0.0606375,0.0743875,0.004125
150510280927429,89.073133,-0.0691625,0.0671,0.0407
150510290928289,89.083134,-0.0924,0.0694375,0.126225
150510300928982,89.093135,-0.1326875,0.113437496,0.2509375
150510310929905,89.103136,-0.16445,0.152625,0.374275
150510320930518,89.113137,-0.1705,0.1269125,0.43408749
150510330931366,89.123137,-0.1472625,0.0719125,0.38279998
150510340932054,89.133138,-0.128975,-0.0466125,0.2607
150510350932891,89.143139,-0.1057375,-0.17613749,0.060225
150510360933812,89.153140,-0.089925,-0.261525,-0.2061125
150510370934427,89.163140,-0.1106875,-0.1992375,-0.399025
150510380935120,89.173141,-0.1485,-0.01485,-0.45045
150510390935977,89.183142,-0.1802625,0.197725,-0.3795
150510400936687,89.193143,-0.1742125,0.318725,-0.2206875
150510410937518,89.203144,-0.12773749,0.3064875,-0.050875
150510420938136,89.213144,-0.0691625,0.1403875,0.0334125
150510430938828,89.223145,-0.0386375,-0.1076625,0.02365
150510440939660,89.233146,-0.043449998,-0.2481875,0.004125
150510450940581,89.243147,-0.0617375,-0.22495,-0.00935
150510460941189,89.253147,-0.0752125,-0.0661375,-0.02035
150510470942110,89.263148,-0.056925,0.0853875,-0.0581625
150510480942722,89.273149,-0.014162499,0.136675,-0.1241625
150510490943415,89.283149,0.034649998,0.064625,-0.199925
150510500944266,89.293150,0.064075,-0.0526625,-0.2512125
150510510944956,89.303151,0.0664125,-0.1101375,-0.2464
150510520945876,89.313152,0.059125,-0.0966625,-0.1986875
150510530946482,89.323152,0.059125,-0.0551375,-0.100925
150510540947328,89.333153,0.056649998,-0.0246125,0.0053625
150510550948020,89.343154,0.0396,-0.0196625,0.0809875
150510560948860,89.353155,0.0053625,-0.034375,0.1665125
150510570949553,89.363156,-0.0374,-0.0526625,0.23375
150510580950179,89.373156,-0.067925,-0.05995,0.2838
150510590951117,89.383157,-0.0972125,-0.0281875,0.3229875
150510600951975,89.393158,-0.1192125,0.00715,0.335225
150510610952618,89.403159,-0.1241625,0.0121,0.2985125
150510620953295,89.413159,-0.106975,-0.007425,0.17875
150510630954156,89.423160,-0.1021625,0.0011,0.032175
150510640955077,89.433161,-0.1144,0.0499125,-0.0361625
150510650955760,89.443162,-0.13145,0.1403875,0.010175
150510660956606,89.453163,-0.1461625,0.2294875,0.1494625
150510670957204,89.463163,-0.15345,0.2600125,0.3205125
150510680958115,89.473164,-0.14245,0.22825,0.451275
150510690958731,89.483165,-0.13145,0.1049125,0.4818
150510700959425,89.493165,-0.1241625,-0.0501875,0.41085
150510710960279,89.503166,-0.1265,-0.1137125,0.2814625
150510720960974,89.513167,-0.1387375,-0.067375,0.1214125
150510730961810,89.523168,-0.15345,0.059675,-0.0020625
150510740962512,89.533169,-0.1546875,0.21615,-0.0716375
150510750963343,89.543169,-0.12045,0.3224375,-0.093637496
150510760964030,89.553170,-0.078925,0.3334375,-0.0716375
150510770964890,89.563171,-0.0532125,0.2869625,-0.0411125
150510780965574,89.573172,-0.050875,0.16115,-0.0471625
150510790966418,89.583172,-0.0691625,0.0279125,-0.1106875
150510800967111,89.593173,-0.1034,-0.0526625,-0.2206875
150510810967943,89.603174,-0.1252625,-0.0611875,-0.3672625
150510820968565,89.613175,-0.1265,-0.00385,-0.5335
150510830969258,89.623175,-0.1082125,0.0633875,-0.7057875
150510840970171,89.633176,-0.0716375,0.1159125,-0.8999375
150510850970786,89.643177,-0.0276375,0.1513875,-1.039225
150510860971714,89.653178,0.0138875,0.16115,-1.11375
150510870972329,89.663178,0.0554125,0.175725,-1.149225
150510880973252,89.673179,0.087175,0.1819125,-1.1125125
150510890974106,89.683180,0.12265,0.2099625,-0.99165
150510900974742,89.693181,0.131175,0.22715,-0.7924125
150510910975435,89.703181,0.1056,0.18315,-0.5457375
150510920976276,89.713182,0.0664125,0.0671,-0.29645
150510930976973,89.723183,0.048125,-0.0576125,-0.1144
150510940977798,89.733184,0.0286,-0.1101375,0.0419375
150510950978491,89.743184,0.0188375,-0.0831875,0.2179375
150510960979351,89.753185,0.0103124995,-0.013612499,0.4280375
150510970980045,89.763186,0.004125,0.0451,0.6271375
150510980980889,89.773187,0.0066,0.0573375,0.7517125
150510990981592,89.783188,0.0103124995,0.042625,0.78113747
150511000982524,89.793189,0.015125,-0.029424999,0.6771875
150511010983144,89.803189,0.0286,-0.12595,0.429275
150511020983992,89.813190,0.03355,-0.183425,0.10065
150511030984690,89.823191,0.009075,-0.2041875,-0.210925
150511040985534,89.833192,-0.040975,-0.117425,-0.4307875
150511050986226,89.843192,-0.0691625,0.026675,-0.537075
150511060987062,89.853193,-0.0776875,0.1293875,-0.5567375
150511070987671,89.863194,-0.054449998,0.1843875,-0.50655
150511080988587,89.873195,-0.028875,0.186725,-0.4002625
150511090989284,89.883195,-0.023924999,0.141625,-0.243925
150511100990115,89.893196,-0.0361625,0.078099996,-0.044825
150511110990733,89.903197,-0.039875,-0.0306625,0.131175
150511120991430,89.913197,-0.034925,-0.1662375,0.2019875
150511130992353,89.923198,-0.029975,-0.21395,0.1909875
150511140992969,89.933199,-0.0361625,-0.144375,0.2057
150511150993815,89.943200,-0.0581625,0.0463375,0.291225
150511160994736,89.953201,-0.0606375,0.2259125,0.4035625
150511170995353,89.963201,-0.02145,0.2844875,0.48427498
150511180996051,89.973202,0.0468875,0.1989625,0.48785
150511190996911,89.983203,0.1018875,-0.00385,0.4048
150511200997601,89.993204,0.131175,-0.2811875,0.23375
150511210998449,90.003204,0.0994125,-0.487575,-0.028875
150511220999140,90.013205,0.020075,-0.49981248,-0.2806375
150511231000000,90.023206,-0.0471625,-0.3447125,-0.48221248
150511241000692,90.033207,-0.067925,-0.1271875,-0.6312625
150511251001538,90.043208,-0.0666875,0.075625,-0.7068875
150511261002222,90.053208,-0.0606375,0.219725,-0.6397875
150511271003074,90.063209,-0.0704,0.27101249,-0.4272125
150511281003779,90.073210,-0.0947375,0.2112,-0.1181125
150511291004610,90.083211,-0.1155,0.037675,0.164175
150511301005303,90.093211,-0.1155,-0.183425,0.2924625
150511311006149,90.103212,-0.09845,-0.34705,0.2704625
150511321006836,90.113213,-0.0886875,-0.3922875,0.20927499
150511331007687,90.123214,-0.104499996,-0.2897125,0.1799875
150511341008380,90.133214,-0.117975,-0.1186625,0.1799875
150511351008997,90.143215,-0.106975,0.0341,0.15675
150511361009843,90.153216,-0.0642125,0.0853875,0.0688875
150511371010536,90.163217,-0.023924999,0.0083875,-0.0680625
150511381011377,90.173217,-6.875E-4,-0.1137125,-0.2171125
150511391012298,90.183218,-0.0092124995,-0.1931875,-0.3452625
150511401012915,90.193219,-0.0386375,-0.1797125,-0.410025
150511411013589,90.203220,-0.062975,-0.0796125,-0.4222625
150511421014435,90.213220,-0.050875,0.0108624995,-0.421025
150511431015141,90.223221,-0.028875,0.081675,-0.399025
150511441015983,90.233222,-0.014162499,0.1122,-0.315975
150511451016674,90.243223,-0.0191125,0.1219625,-0.1364
150511461017520,90.253224,-0.0191125,0.1219625,0.1189375
150511471018212,90.263224,0.0028875,0.1159125,0.3620375
150511481019125,90.273225,0.0543125,0.0584375,0.4890875
150511491019762,90.283226,0.109175,-0.08195,0.46461248
150511501020608,90.293227,0.1606,-0.2237125,0.3070375
150511511021298,90.303227,0.1727,-0.32395,0.0444125
150511521022130,90.313228,0.1398375,-0.282425,-0.2036375
150511531022825,90.323229,0.0884125,-0.0979,-0.331925
150511541023664,90.333230,0.0836,0.09515,-0.3452625
150511551024361,90.343230,0.098175,0.1819125,-0.2916375
150511561024983,90.353231,0.109175,0.1513875,-0.1804
150511571025916,90.363232,0.0836,0.0364375,-0.017875
150511581026536,90.373233,0.02255,-0.1247125,0.1775125
150511591027459,90.383233,-0.0532125,-0.1859,0.3718
150511601028293,90.393234,-0.1021625,-0.1601875,0.5391375
150511611028916,90.403235,-0.1254,-0.112475,0.6296125
150511621029832,90.413236,-0.1326875,-0.1051875,0.6479
150511631030538,90.423237,-0.1241625,-0.1247125,0.573375
150511641031399,90.433237,-0.106975,-0.1821875,0.39875
150511651032087,90.443238,-0.0972125,-0.2396625,0.12265
150511661032918,90.453239,-0.1131625,-0.233475,-0.1816375
150511671033535,90.463240,-0.1546875,-0.123475,-0.38445
150511681034214,90.473240,-0.194975,0.048675,-0.4296875
150511691035060,90.483241,-0.2206875,0.1819125,-0.35145
150511701035781,90.493242,-0.2206875,0.2319625,-0.1621125
150511711036632,90.503243,-0.1986875,0.19167499,0.11275
150511721037320,90.513243,-0.179025,0.0341,0.3815625
150511731038171,90.523244,-0.1692625,-0.1601875,0.53061247
150511741038836,90.533245,-0.1571625,-0.319,0.4830375
150511751039761,90.543246,-0.1461625,-0.4082375,0.28875
150511761040382,90.553246,-0.1387375,-0.3777125,-0.0264
150511771041233,90.563247,-0.150975,-0.2176625,-0.3086875
150511781041934,90.573248,-0.1692625,0.042625,-0.414975
150511791042788,90.583249,-0.18645,0.2784375,-0.3172125
150511801043478,90.593249,-0.1656875,0.4103,-0.0594
150511811044308,90.603250,-0.100925,0.4299625,0.29479998
150511821045009,90.613251,-0.0251625,0.2589125,0.5709
150511831045857,90.623252,0.045649998,-0.0391875,0.6246625
150511841046550,90.633253,0.0726,-0.3887125,0.518375
150511851047394,90.643253,0.053075,-0.5951,0.2740375
150511861048086,90.653254,-0.0166375,-0.5242875,-0.0105875
150511871048923,90.663255,-0.093637496,-0.231,-0.1816375
150511881049622,90.673256,-0.128975,0.169675,-0.1986875
150511891050466,90.683256,-0.0886875,0.4873,-0.1315875
150511901051139,90.693257,0.0028875,0.599775,0.0309375
150511911052000,90.703258,0.1104125,0.428725,0.1617
150511921052678,90.713259,0.1813625,0.0169125,0.1885125
150511931053290,90.723259,0.20693749,-0.3997125,0.109175
150511941054141,90.733260,0.1764125,-0.625625,-0.0765875
150511951055044,90.743261,0.097075,-0.55233747,-0.26221249
150511961055736,90.753262,0.0323125,-0.233475,-0.3306875
150511971056592,90.763263,0.0053625,0.19415,-0.2806375
150511981057213,90.773263,0.01155,0.5570125,-0.07535
150511991057891,90.783264,0.0628375,0.6925875,0.2215125
150512001058742,90.793265,0.1373625,0.506825,0.4316125
150512011059648,90.803266,0.1923625,0.1049125,0.462275
150512021060265,90.813266,0.230175,-0.34595,0.31075
150512031061216,90.823267,0.2143625,-0.680625,-0.0166375
150512041061828,90.833268,0.13859999,-0.625625,-0.3037375
150512051062515,90.843269,0.0554125,-0.2811875,-0.3905
150512061063361,90.853269,0.0053625,0.169675,-0.3196875
150512071064054,90.863270,0.004125,0.5105375,-0.1144
150512081064915,90.873271,0.0408375,0.6400625,0.1837
150512091065621,90.883272,0.0664125,0.511775,0.4940375
150512101066477,90.893272,0.0713625,0.21367499,0.6846125
150512111067168,90.903273,0.0713625,-0.0759,0.7211875
150512121068016,90.913274,0.056649998,-0.3557125,0.5599
150512131068711,90.923275,0.0408375,-0.5083375,0.2105125
150512141069544,90.933276,0.0163625,-0.437525,-0.171875
150512151070237,90.943276,-0.034925,-0.167475,-0.3587375
150512161071098,90.953277,-0.08745,0.1843875,-0.348975
150512171071788,90.963278,-0.0727375,0.47025,-0.2231625
150512181072635,90.973279,0.01155,0.5215375,-0.0363
150512191073341,90.983279,0.095837496,0.3394875,0.12375
150512201074187,90.993280,0.1238875,0.0451,0.2129875
150512211074855,91.003281,0.076175,-0.21395,0.275275
150512221075688,91.013282,0.004125,-0.32999998,0.2838
150512231076378,91.023282,-0.0422125,-0.288475,0.214225
150512241077222,91.033283,-0.043449998,-0.18095,0.0774125
150512251077918,91.043284,-0.0056375,-0.0881375,-0.072875
150512261078765,91.053285,0.03355,-0.056375,-0.2011625
150512271079443,91.063285,0.045649998,-0.007425,-0.2316875
150512281080296,91.073286,0.01265,0.0743875,-0.1181125
150512291080986,91.083287,-0.0166375,0.1672,0.095699996
150512301081838,91.093288,-6.875E-4,0.169675,0.2875125
150512311082529,91.103289,0.0358875,0.053625,0.3815625
150512321083375,91.113289,0.0518375,-0.1161875,0.3718
150512331083988,91.123290,0.0383625,-0.22247499,0.3570875
150512341084909,91.133291,-0.0191125,-0.205425,0.3840375
150512351085616,91.143292,-0.0752125,-0.0917125,0.4195125
150512361086233,91.153292,-0.0972125,0.0548625,0.446325
150512371087151,91.163293,-0.0801625,0.1403875,0.42185
150512381087767,91.173294,-0.043449998,0.075625,0.3009875
150512391088700,91.183295,0.0028875,-0.0661375,0.10065
150512401089329,91.193295,0.0323125,-0.277475,-0.1571625
150512411090176,91.203296,0.0188375,-0.4228125,-0.4345
150512421091116,91.213297,-0.0202125,-0.4302375,-0.7068875
150512431091733,91.223298,-0.0606375,-0.2591875,-0.934175
150512441092406,91.233298,-0.100925,-0.001375,-1.0599875
150512451093239,91.243299,-0.1167375,0.27225,-1.000175
150512461093919,91.253300,-0.100925,0.428725,-0.7558375
150512471094849,91.263301,-0.0276375,0.3542,-0.48345
150512481095464,91.273301,0.081125,0.103675,-0.3441625
150512491096306,91.283302,0.1739375,-0.24447499,-0.4002625
150512501097227,91.293303,0.2044625,-0.4643375,-0.5665
150512511097858,91.303304,0.1739375,-0.3997125,-0.6532625
150512521098550,91.313305,0.1324125,-0.145475,-0.5798375
150512531099392,91.323305,0.097075,0.152625,-0.3672625
150512541100084,91.333306,0.0738375,0.3969625,-0.0484
150512551100935,91.343307,0.0823625,0.462825,0.3119875
150512561101627,91.353308,0.095837496,0.274725,0.5501375
150512571102549,91.363309,0.109175,-0.047849998,0.61861247
150512581103166,91.373309,0.117837496,-0.4302375,0.4378
150512591104012,91.383310,0.097075,-0.70867497,0.021175
150512601104675,91.393311,0.0188375,-0.6733375,-0.4417875
150512611105527,91.403312,-0.0837375,-0.327525,-0.71555
150512621106248,91.413312,-0.1582625,0.125675,-0.7924125
150512631107094,91.423313,-0.17545,0.4800125,-0.7178875
150512641107805,91.433314,-0.128975,0.6436375,-0.4772625
150512651108647,91.443315,-0.073975,0.5863,-0.0875875
150512661109334,91.453315,-0.0386375,0.3064875,0.3498
150512671110178,91.463316,-0.012925,-0.0246125,0.7029
150512681110870,91.473317,-0.0166375,-0.2872375,0.94476247
150512691111708,91.483318,-0.028875,-0.454575,1.089
150512701112416,91.493318,-0.0446875,-0.4448125,1.108525
150512711113262,91.503319,-0.045925,-0.34595,0.98505
150512721113937,91.513320,-0.0251625,-0.2261875,0.772475
150512731114771,91.523321,5.5E-4,-0.123475,0.55385
150512741115449,91.533321,0.0408375,-0.0466125,0.3595625
150512751116297,91.543322,0.0848375,0.0169125,0.1714625
150512761116992,91.553323,0.1166,0.0474375,0.043175
150512771117824,91.563324,0.1276,0.004675,-0.0704
150512781118525,91.573325,0.11165,-0.089375,-0.171875
150512791119367,91.583325,0.081125,-0.1749,-0.2561625
150512801120038,91.593326,0.03355,-0.22495,-0.3355
150512811120875,91.603327,0.0028875,-0.2102375,-0.403975
150512821121567,91.613328,0.01265,-0.1639,-0.4577375
150512831122429,91.623328,0.02365,-0.1016125,-0.47355
150512841123120,91.633329,0.020075,-0.0061875,-0.381975
150512851123968,91.643330,0.0103124995,0.1122,-0.1962125
150512861124644,91.653331,-0.0044,0.219725,0.043175
150512871125260,91.663331,0.0138875,0.27225,0.2545125
150512881126170,91.673332,0.0726,0.2209625,0.34375
150512891127020,91.683333,0.136125,0.0451,0.2814625
150512901127726,91.693334,0.21065,-0.1969,0.10065
150512911128587,91.703335,0.235125,-0.352,-0.1315875
150512921129280,91.713335,0.1788875,-0.3617625,-0.3452625
150512931129882,91.723336,0.098175,-0.2237125,-0.4406875
150512941130805,91.733337,0.034649998,0.0193875,-0.4162125
150512951131664,91.743338,-0.017875,0.2624875,-0.2671625
150512961132349,91.753338,-0.0471625,0.4384875,0.0163625
150512971133178,91.763339,-0.0814,0.478775,0.391325
150512981133861,91.773340,-0.117975,0.346775,0.711425
150512991134484,91.783340,-0.1326875,0.1109625,0.838475
150513001135407,91.793341,-0.1387375,-0.150425,0.79695
150513011136267,91.803342,-0.1192125,-0.4302375,0.5258
150513021136957,91.813343,-0.0606375,-0.5902875,0.0248875
150513031137803,91.823344,0.004125,-0.5278625,-0.5237375
150513041138510,91.833345,0.0066,-0.266475,-0.8804125
150513051139127,91.843345,-0.012925,0.097625,-1.0344125
150513061140036,91.853346,-0.0202125,0.462825,-0.9964625
150513071140880,91.863347,0.0078375,0.7170625,-0.757075
150513081141583,91.873348,0.0653125,0.6705875,-0.4492125
150513091142443,91.883348,0.1153625,0.4005375,-0.1816375
150513101143130,91.893349,0.1496,-0.0111375,-0.0765875
150513111143748,91.903350,0.1458875,-0.31295,0.0053625
150513121144700,91.913351,0.095837496,-0.38005,0.11165
150513131145544,91.923352,0.0713625,-0.187,0.2264625
150513141146245,91.933352,0.0726,0.0548625,0.3755125
150513151146882,91.943353,0.120175,0.29067498,0.5831375
150513161147814,91.953354,0.1984125,0.346775,0.7627125
150513171148434,91.963354,0.2998875,0.2649625,0.869
150513181149372,91.973355,0.3779875,0.100099996,0.84947497
150513191150216,91.983356,0.4049375,-0.0831875,0.7261375
150513201150814,91.993357,0.3449875,-0.1882375,0.5281375
150513211151735,92.003358,0.2253625,-0.18095,0.3705625
150513221152413,92.013358,0.10065,-0.034375,0.2985125
150513231153259,92.023359,0.0383625,0.16115,0.2717
150513241153891,92.033360,0.0518375,0.279675,0.2129875
150513251154805,92.043361,0.0884125,0.2369125,0.0908875
150513261155487,92.053361,0.1288375,0.0804375,-0.04235
150513271156333,92.063362,0.117837496,-0.0501875,-0.1706375
150513281157014,92.073363,0.081125,-0.1467125,-0.30745
150513291157855,92.083364,0.0273625,-0.156475,-0.454025
150513301158547,92.093365,0.0028875,-0.1357125,-0.6543625
150513311159379,92.103365,0.0053625,-0.058849998,-0.835175
150513321160086,92.113366,0.0138875,0.026675,-0.92565
150513331160928,92.123367,0.0188375,0.0902,-0.9524625
150513341161620,92.133368,0.0188375,0.1489125,-0.9244125
150513351162465,92.143368,0.0188375,0.1659625,-0.8023125
150513361163149,92.153369,0.0163625,0.1843875,-0.62755
150513371163980,92.163370,0.0358875,0.1953875,-0.4527875
150513381164694,92.173371,0.07865,0.16115,-0.29273748
150513391165538,92.183372,0.1324125,0.0584375,-0.24145
150513401166156,92.193372,0.2033625,-0.0686125,-0.3234
150513411167088,92.203373,0.2448875,-0.1577125,-0.49555
150513421167795,92.213374,0.236225,-0.1051875,-0.5737875
150513431168643,92.223375,0.16293749,0.075625,-0.4577375
150513441169567,92.233376,0.0933625,0.2809125,-0.149875
150513451170184,92.243376,0.0273625,0.4079625,0.2508
150513461170866,92.253377,0.01265,0.3700125,0.54408747
150513471171718,92.263378,0.0176,0.1904375,0.6686625
150513481172381,92.273378,0.0383625,-0.11495,0.6076125
150513491173237,92.283379,0.0713625,-0.48633748,0.3045625
150513501174153,92.293380,0.1018875,-0.7233875,-0.16335
150513511174771,92.303381,0.0738375,-0.65381247,-0.5897375
150513521175692,92.313382,-0.0092124995,-0.338525,-0.78636247
150513531176314,92.323382,-0.0911625,0.1012,-0.7766
150513541177254,92.333383,-0.1656875,0.522775,-0.526075
150513551177946,92.343384,-0.1986875,0.721875,-0.0680625
150513561178764,92.353385,-0.179025,0.5960625,0.407275
150513571179447,92.363385,-0.13145,0.268675,0.7041375
150513581180307,92.373386,-0.1021625,-0.20295,0.78113747
150513591180984,92.383387,-0.0862125,-0.61105,0.6686625
150513601181831,92.393388,-0.117975,-0.7783875,0.3730375
150513611182514,92.403389,-0.17545,-0.67815,0.032175
150513621183350,92.413389,-0.2475,-0.35805,-0.199925
150513631184043,92.423390,-0.2767875,0.0303875,-0.31845
150513641184879,92.433391,-0.2316875,0.28325,-0.386925
150513651185588,92.443392,-0.139975,0.2759625,-0.4137375
150513661186434,92.453392,-0.056925,0.0939125,-0.41745
150513671187146,92.463393,-0.0191125,-0.15895,-0.4442625
150513681187997,92.473394,-0.051975,-0.2957625,-0.45045
150513691188669,92.483395,-0.12045,-0.33605,-0.4272125
150513701189530,92.493396,-0.19745,-0.283525,-0.3685
150513711190451,92.503396,-0.24145,-0.1211375,-0.2512125
150513721191050,92.513397,-0.234025,0.042625,-0.08635
150513731191742,92.523398,-0.16445,0.124437496,0.087175
150513741192607,92.533399,-0.0776875,0.108625,0.2044625
150513751193314,92.543399,-0.012925,0.037675,0.24475
150513761194237,92.553400,0.020075,-0.0171875,0.23375
150513771195086,92.563401,0.0103124995,-0.0270875,0.22893749
150513781195799,92.573402,-0.0166375,0.020624999,0.26675
150513791196643,92.583403,-0.0532125,0.0573375,0.325325
150513801197353,92.593403,-0.0606375,0.0853875,0.39875
150513811198197,92.603404,-0.0606375,0.0561,0.4720375
150513821198903,92.613405,-0.0484,0.004675,0.545325
150513831199826,92.623406,-0.0446875,-0.051425,0.5660875
150513841200658,92.633407,-0.034925,-0.0966625,0.5269
150513851201266,92.643407,-0.045925,-0.128425,0.4378
150513861202187,92.653408,-0.0484,-0.134475,0.3119875
150513871202895,92.663409,-0.06545,-0.1271875,0.1665125
150513881203725,92.673410,-0.0814,-0.1101375,0.0334125
150513891204418,92.683410,-0.104637496,-0.0380875,-0.0570625
150513901205025,92.693411,-0.1082125,0.0573375,-0.0826375
150513911205935,92.703412,-0.093637496,0.1464375,-0.0570625
150513921206780,92.713413,-0.062975,0.20019999,-0.0056375
150513931207457,92.723413,-0.0471625,0.202675,0.098175
150513941208300,92.733414,-0.034925,0.1439625,0.1970375
150513951208973,92.743415,-0.040975,0.078099996,0.2325125
150513961209882,92.753416,-0.050875,-0.00385,0.247225
150513971210722,92.763417,-0.0594,-0.0661375,0.214225
150513981211428,92.773417,-0.050875,-0.0941875,0.1445125
150513991212274,92.783418,-0.032449998,-0.0881375,0.08965
150514001212982,92.793419,-0.0092124995,-0.0466125,0.054175
150514011213584,92.803420,0.01155,0.0231,0.0407
150514021214512,92.813421,0.0163625,0.102437496,0.076175
150514031215361,92.823421,5.5E-4,0.19167499,0.1384625
150514041216055,92.833422,-0.0154,0.23925,0.2277
150514051216902,92.843423,-0.028875,0.246675,0.335225
150514061217594,92.853424,-0.0301125,0.197725,0.4120875
150514071218517,92.863425,-0.0264,0.1049125,0.4560875
150514081219361,92.873425,-0.0202125,0.020624999,0.4536125
150514091220068,92.883426,-0.006875,-0.0331375,0.4145625
150514101220924,92.893427,0.004125,-0.056375,0.3180375
150514111221611,92.903428,-6.875E-4,-0.047849998,0.203225
150514121222454,92.913428,-0.0154,0.0133375,0.10175
150514131223147,92.923429,-0.0202125,0.0658625,0.0199375
150514141224078,92.933430,0.0066,0.0671,-0.0473
150514151224693,92.943431,0.0383625,0.00715,-0.105875
150514161225541,92.953432,0.0554125,-0.0501875,-0.1436875
150514171226219,92.963432,0.0554125,-0.10395,-0.18535
150514181227065,92.973433,0.0468875,-0.1101375,-0.2231625
150514191227986,92.983434,0.0286,-0.051425,-0.2366375
150514201228673,92.993435,0.0138875,0.0303875,-0.20487499
150514211229521,93.003436,0.0103124995,0.102437496,-0.1254
150514221230219,93.013436,0.020075,0.141625,-0.0191125
150514231231051,93.023437,0.037125,0.1489125,0.0798875
150514241231743,93.033438,0.0578875,0.1098625,0.1225125
150514251232670,93.043439,0.064075,0.0451,0.115225
150514261233286,93.053439,0.0664125,-0.007425,0.0919875
150514271234195,93.063440,0.059125,-0.0171875,0.0834625
150514281235029,93.073441,0.0616,-1.375E-4,0.0554125
150514291235726,93.083442,0.0726,0.020624999,0.021175
150514301236592,93.093443,0.0884125,0.00715,-0.022824999
150514311237299,93.103443,0.0933625,-0.036849998,-0.06435
150514321238132,93.113444,0.07865,-0.0416625,-0.093637496
150514331239053,93.123445,0.0603625,-0.0380875,-0.104637496
150514341239746,93.133446,0.0396,0.004675,-0.0814
150514351240363,93.143446,0.026124999,0.0303875,-0.033825
150514361241180,93.153447,0.0138875,0.0169125,0.0077
150514371242116,93.163448,0.0017875,-0.0380875,0.034649998
150514381242811,93.173449,-0.017875,-0.0881375,0.045649998
150514391243655,93.183450,-0.039875,-0.0906125,0.0444125
150514401244344,93.193450,-0.0581625,-0.056375,0.034649998
150514411245204,93.203451,-0.062975,-0.0246125,0.0138875
150514421245897,93.213452,-0.0532125,-0.0221375,-0.006875
150514431246815,93.223453,-0.0446875,-0.0331375,-0.033825
150514441247440,93.233453,-0.0532125,-0.0356125,-0.0521125
150514451248377,93.243454,-0.0704,-0.0026125,-0.0691625
150514461249238,93.253455,-0.0886875,0.0353375,-0.0496375
150514471249924,93.263456,-0.100925,0.0474375,-0.0264
150514481250752,93.273457,-0.1057375,0.05115,-0.02035
150514491251444,93.283457,-0.1021625,0.0279125,-0.0484
150514501252367,93.293458,-0.073975,-0.064899996,-0.110825
150514511252988,93.303459,-0.054449998,-0.1516625,-0.2231625
150514521253911,93.313460,-0.040975,-0.1381875,-0.3722125
150514531254755,93.323461,-0.051975,-0.0539,-0.48345
150514541255457,93.333461,-0.0837375,0.0768625,-0.509025
150514551256305,93.343462,-0.089925,0.1953875,-0.476025
150514561257010,93.353463,-0.0704,0.25025,-0.381975
150514571257858,93.363464,-0.032449998,0.2063875,-0.2366375
150514581258550,93.373465,0.0138875,0.081675,-0.121825
150514591259396,93.383465,0.056649998,-0.0807125,-0.0851125
150514601260318,93.393466,0.0848375,-0.189475,-0.1131625
150514611261005,93.403467,0.098175,-0.1846625,-0.1926375
150514621261834,93.413468,0.0933625,-0.089375,-0.2561625
150514631262512,93.423469,0.076175,0.0682,-0.2561625
150514641263357,93.433469,0.0554125,0.21615,-0.18645
150514651264078,93.443470,0.0433125,0.2809125,-0.0570625
150514661265003,93.453471,0.037125,0.2344375,0.0798875
150514671265856,93.463472,0.0506,0.097625,0.164175
150514681266474,93.473472,0.06765,-0.0551375,0.1739375
150514691267166,93.483473,0.0738375,-0.1552375,0.117699996
150514701268103,93.493474,0.0554125,-0.1577125,0.0407
150514711268944,93.503475,0.0248875,-0.09295,-0.0484
150514721269637,93.513476,-6.875E-4,0.0353375,-0.1034
150514731270483,93.523476,-0.0154,0.1549625,-0.105875
150514741271404,93.533477,-0.0154,0.219725,-0.0435875
150514751272096,93.543478,5.5E-4,0.1794375,0.049225
150514761272714,93.553479,0.026124999,0.091437496,0.10065
150514771273559,93.563480,0.053075,-0.0416625,0.1029875
150514781274482,93.573480,0.0628375,-0.167475,0.045649998
150514791275170,93.583481,0.0554125,-0.2079,-0.0655875
150514801276035,93.593482,0.031075,-0.183425,-0.18535
150514811276747,93.603483,-0.0031625,-0.0759,-0.2671625
150514821277670,93.613484,-0.0361625,0.09515,-0.27445
150514831278521,93.623485,-0.06545,0.2404875,-0.17435
150514841279213,93.633485,-0.089925,0.3334375,0.01265
150514851280054,93.643486,-0.0911625,0.3444375,0.2459875
150514861280730,93.653487,-0.084975,0.27225,0.46585
150514871281578,93.663488,-0.0727375,0.1293875,0.5880875
150514881282270,93.673488,-0.062975,0.0133375,0.6039
150514891283117,93.683489,-0.0642125,-0.0380875,0.5391375
150514901284038,93.693490,-0.0716375,-0.0306625,0.4060375
150514911284735,93.703491,-0.0801625,0.0254375,0.2374625
150514921285583,93.713492,-0.0752125,0.1049125,0.0589875
150514931286261,93.723492,-0.0606375,0.1904375,-0.0814
150514941287190,93.733493,-0.045925,0.241725,-0.1486375
150514951288034,93.743494,-0.017875,0.2074875,-0.1656875
150514961288740,93.753495,0.0028875,0.1098625,-0.1645875
150514971289586,93.763496,0.0078375,0.0121,-0.177925
150514981290260,93.773496,0.004125,-0.078375,-0.22687499
150514991291115,93.783497,-0.0154,-0.0941875,-0.276925
150515001291809,93.793498,-0.0386375,-0.02585,-0.3014
150515011292646,93.803499,-0.0556875,0.092675,-0.2646875
150515021293538,93.813500,-0.056925,0.20019999,-0.1706375
150515031294231,93.823500,-0.0276375,0.2564375,-0.0411125
150515041295091,93.833501,0.01155,0.241725,0.1104125
150515051295783,93.843502,0.0518375,0.158675,0.2264625
150515061296615,93.853503,0.087175,0.064625,0.2618
150515071297315,93.863503,0.1166,-0.0221375,0.2080375
150515081298224,93.873504,0.1288375,-0.0526625,0.11275
150515091299068,93.883505,0.125125,-0.0111375,0.0248875
150515101299760,93.893506,0.109175,0.06215,-0.0253
150515111300607,93.903507,0.103125,0.1049125,-0.0680625
150515121301279,93.913507,0.108075,0.0792,-0.11935
150515131302113,93.923508,0.0994125,0.026675,-0.15235
150515141303020,93.933509,0.0798875,-0.0209,-0.144925
150515151303652,93.943510,0.0444125,-0.013612499,-0.0961125
150515161304573,93.953511,0.0066,0.0303875,-0.013062499
150515171305270,93.963511,-0.0264,0.0682,0.1054625
150515181306101,93.973512,-0.0496375,0.0878625,0.2179375
150515191306803,93.983513,-0.054449998,0.0474375,0.2630375
150515201307666,93.993514,-0.056925,-0.034375,0.2679875
150515211308587,94.003515,-0.0704,-0.0856625,0.2497
150515221309219,94.013515,-0.08745,-0.067375,0.2179375
150515231310140,94.023516,-0.1082125,-0.001375,0.1824625
150515241310833,94.033517,-0.12773749,0.0548625,0.154275
150515251311679,94.043518,-0.133925,0.0902,0.11165
150515261312355,94.053518,-0.13145,0.0584375,0.0468875
150515271313218,94.063519,-0.122925,-0.007425,-0.0020625
150515281313915,94.073520,-0.122925,-0.0979,-0.05335
150515291314838,94.083521,-0.122925,-0.156475,-0.122925
150515301315682,94.093522,-0.1364,-0.167475,-0.18535
150515311316389,94.103522,-0.144925,-0.111375,-0.2231625
150515321317237,94.113523,-0.1546875,-0.034375,-0.2134
150515331317930,94.123524,-0.1571625,0.02915,-0.17435
150515341318867,94.133525,-0.144925,0.04015,-0.138875
150515351319706,94.143526,-0.13145,0.020624999,-0.115637496
150515361320398,94.153526,-0.1254,-0.040425,-0.110825
150515371321240,94.163527,-0.1216875,-0.0856625,-0.1436875
150515381321932,94.173528,-0.1155,-0.0966625,-0.19635
150515391322855,94.183529,-0.106975,-0.0661375,-0.215875
150515401323716,94.193530,-0.1021625,-0.012375,-0.1926375
150515411324324,94.203530,-0.104637496,0.0609125,-0.1425875
150515421325245,94.213531,-0.1034,0.1232,-0.0583
150515431325949,94.223532,-0.095975,0.13915,0.0248875
150515441326795,94.233533,-0.0862125,0.09515,0.0479875
150515451327487,94.243533,-0.0826375,0.0133375,0.004125
150515461328334,94.253534,-0.0837375,-0.0831875,-0.0924
150515471329250,94.263535,-0.09845,-0.1491875,-0.2182125
150515481329944,94.273536,-0.117975,-0.14795,-0.3282125
150515491330793,94.283537,-0.1326875,-0.089375,-0.3905
150515501331488,94.293537,-0.1167375,-0.0171875,-0.421025
150515511332319,94.303538,-0.0972125,0.0364375,-0.43821248
150515521332997,94.313539,-0.0727375,0.064625,-0.4332625
150515531333910,94.323540,-0.061875,0.064625,-0.4162125
150515541334754,94.333541,-0.0691625,0.0633875,-0.370975
150515551335449,94.343541,-0.0837375,0.06215,-0.29645
150515561336295,94.353542,-0.0972125,0.0523875,-0.1645875
150515571337221,94.363543,-0.0947375,0.0413875,-0.0155375
150515581337823,94.373544,-0.0581625,0.0243375,0.098175
150515591338739,94.383545,-0.0081124995,-0.007425,0.1555125
150515601339432,94.393545,0.0298375,-0.0441375,0.154275
150515611340269,94.403546,0.0444125,-0.04895,0.1225125
150515621341201,94.413547,0.02365,-0.006325,0.1249875
150515631341893,94.423548,-0.0154,0.075625,0.1934625
150515641342740,94.433549,-0.040975,0.169675,0.2985125
150515651343432,94.443549,-0.0496375,0.2124375,0.3975125
150515661344273,94.453550,-0.0336875,0.175725,0.4475625
150515671344975,94.463551,-0.006875,0.081675,0.4316125
150515681345824,94.473552,0.01265,-0.040425,0.3350875
150515691346759,94.483553,0.0176,-0.14795,0.15675
150515701347451,94.493553,0.009075,-0.198,-0.06435
150515711348312,94.503554,-0.01045,-0.12595,-0.2231625
150515721349235,94.513555,-0.028875,0.003575,-0.2684
150515731349853,94.523556,-0.0446875,0.1684375,-0.221925
150515741350548,94.533557,-0.045925,0.2844875,-0.111925
150515751351468,94.543557,-0.028875,0.3432,0.0248875
150515761352312,94.553558,-0.0092124995,0.312675,0.153175
150515771353005,94.563559,-0.0056375,0.197725,0.253275
150515781353853,94.573560,-0.0154,0.0768625,0.2935625
150515791354535,94.583561,-0.0446875,0.0083875,0.2960375
150515801355458,94.593561,-0.073975,0.0169125,0.2850375
150515811356287,94.603562,-0.089925,0.097625,0.269225
150515821356980,94.613563,-0.0837375,0.1819125,0.26427498
150515831357833,94.623564,-0.0666875,0.2454375,0.2715625
150515841358530,94.633565,-0.0484,0.27101249,0.2875125
150515851359453,94.643565,-0.0422125,0.2552,0.324225
150515861360069,94.653566,-0.0422125,0.2099625,0.3755125
150515871360987,94.663567,-0.054449998,0.163625,0.4280375
150515881361819,94.673568,-0.06545,0.11715,0.46585
150515891362509,94.683569,-0.0776875,0.0829125,0.46585
150515901363435,94.693569,-0.0837375,0.064625,0.4158
150515911364264,94.703570,-0.0801625,0.042625,0.336325
150515921364956,94.713571,-0.07645,0.048675,0.2215125
150515931365802,94.723572,-0.073975,0.07315,0.09075
150515941366493,94.733572,-0.0752125,0.092675,-0.0265375
150515951367411,94.743573,-0.0716375,0.09515,-0.122925
150515961368255,94.753574,-0.054449998,0.0963875,-0.19745
150515971368956,94.763575,-0.028875,0.0939125,-0.249975
150515981369802,94.773576,-0.001925,0.0988625,-0.2646875
150515991370512,94.783577,0.0163625,0.108625,-0.25245
150516001371358,94.793577,0.0286,0.1183875,-0.21945
150516011372045,94.803578,0.0444125,0.136675,-0.1694
150516021372953,94.813579,0.0554125,0.152625,-0.11935
150516031373799,94.823580,0.06765,0.169675,-0.072875
150516041374492,94.833580,0.081125,0.208725,-0.013062499
150516051375329,94.843581,0.1056,0.23925,0.0834625
150516061376035,94.853582,0.1434125,0.2589125,0.181225
150516071376958,94.863583,0.18865,0.2589125,0.2520375
150516081377805,94.873584,0.2277,0.2209625,0.291225
150516091378526,94.883585,0.258225,0.1513875,0.2935625
150516101379458,94.893585,0.27665,0.092675,0.2655125
150516111380307,94.903586,0.27665,0.059675,0.225225
150516121381019,94.913587,0.2607,0.0584375,0.1934625
150516131381875,94.923588,0.246125,0.0719125,0.1995125
150516141382569,94.933589,0.246125,0.0988625,0.2325125
150516151383492,94.943589,0.2558875,0.0878625,0.242275
150516161384341,94.953590,0.2754125,0.0463375,0.1995125
150516171385029,94.963591,0.2949375,-0.02585,0.1225125
150516181385875,94.973592,0.2949375,-0.078375,0.0407
150516191386581,94.983593,0.2717,-0.073425,-0.0350625
150516201387506,94.993594,0.2509375,-0.018424999,-0.0875875
150516211388350,95.003594,0.2424125,0.0573375,-0.0900625
150516221389043,95.013595,0.2484625,0.103675,-0.0411125
150516231389910,95.023596,0.2594625,0.1293875,0.0529375
150516241390588,95.033597,0.2619375,0.130625,0.1727
150516251391434,95.043597,0.2569875,0.1012,0.2825625
150516261392337,95.053598,0.247225,0.059675,0.325325
150516271393014,95.063599,0.236225,0.0193875,0.2825625
150516281393844,95.073600,0.235125,-0.007425,0.175175
150516291394765,95.083601,0.2277,-0.012375,0.027224999
150516301395443,95.093601,0.2154625,0.0243375,-0.1144
150516311396294,95.103602,0.197175,0.1159125,-0.1901625
150516321397003,95.113603,0.1764125,0.2332,-0.17435
150516331397939,95.123604,0.169125,0.3394875,-0.0826375
150516341398789,95.133605,0.1824625,0.357775,0.01265
150516351399487,95.143605,0.1984125,0.2882,0.0884125
150516361400313,95.153606,0.1947,0.152625,0.109175
150516371401017,95.163607,0.175175,0.0083875,0.056649998
150516381401866,95.173608,0.1434125,-0.0917125,-0.0545875
150516391402561,95.183609,0.11165,-0.0831875,-0.1804
150516401403484,95.193609,0.092125,0.0463375,-0.243925
150516411404325,95.203610,0.07865,0.2429625,-0.19745
150516421405029,95.213611,0.0823625,0.4213,-0.0716375
150516431405877,95.223612,0.114125,0.49225,0.0834625
150516441406799,95.233613,0.153175,0.4213,0.2277
150516451407488,95.243613,0.1727,0.230725,0.291225
150516461408349,95.253614,0.164175,0.037675,0.2728
150516471409041,95.263615,0.1276,-0.058849998,0.23375
150516481409964,95.273616,0.075075,-0.047849998,0.1824625
150516491410813,95.283617,0.031075,0.0694375,0.1555125
150516501411486,95.293617,0.0138875,0.230725,0.165275
150516511412320,95.303618,0.0213125,0.35901248,0.1909875
150516521413241,95.313619,0.034649998,0.40301248,0.2239875
150516531413934,95.323620,0.0444125,0.34925,0.2387
150516541414785,95.333621,0.0396,0.2332,0.2080375
150516551415479,95.343621,0.0213125,0.103675,0.131175
150516561416402,95.353622,-0.0056375,0.0011,0.0064625
150516571417231,95.363623,-0.051975,-0.0281875,-0.133925
150516581417924,95.373624,-0.0924,0.04015,-0.2316875
150516591418758,95.383625,-0.1131625,0.164725,-0.2574
150516601419450,95.393625,-0.1144,0.27101249,-0.2244
150516611420300,95.403626,-0.0911625,0.33825,-0.1376375
150516621420998,95.413627,-0.0606375,0.3542,-0.0191125
150516631421926,95.423628,-0.0374,0.2979625,0.076175
150516641422834,95.433629,-0.0336875,0.1904375,0.115225
150516651423449,95.443629,-0.0446875,0.0939125,0.0919875
150516661424372,95.453630,-0.0581625,0.042625,0.0138875
150516671425217,95.463631,-0.0704,0.0584375,-0.0704
150516681425914,95.473632,-0.0862125,0.1623875,-0.13035
150516691426760,95.483633,-0.095975,0.2894375,-0.127875
150516701427672,95.493634,-0.1082125,0.4090625,-0.0545875
150516711428365,95.503634,-0.10945,0.461725,0.0589875
150516721429216,95.513635,-0.111925,0.4250125,0.176275
150516731429910,95.523636,-0.1106875,0.31625,0.247225
150516741430761,95.533637,-0.10945,0.186725,0.2508
150516751431677,95.543638,-0.117975,0.0719125,0.1995125
150516761432380,95.553638,-0.1375,-0.0086624995,0.1054625
150516771433237,95.563639,-0.1692625,-0.0441375,-0.033825
150516781433925,95.573640,-0.18645,-0.012375,-0.2024
150516791434843,95.583641,-0.1852125,0.0474375,-0.35145
150516801435687,95.593642,-0.1815,0.097625,-0.45168748
150516811436382,95.603642,-0.177925,0.1354375,-0.49445
150516821437317,95.613643,-0.1802625,0.1403875,-0.465025
150516831438182,95.623644,-0.1815,0.1354375,-0.3795
150516841438874,95.633645,-0.17173749,0.102437496,-0.2574
150516851439707,95.643646,-0.166925,0.0438625,-0.1254
150516861440401,95.653646,-0.166925,-0.0196625,-0.011825
150516871441319,95.663647,-0.1705,-0.064899996,0.087175
150516881442168,95.673648,-0.17545,-0.0501875,0.15675
150516891442847,95.683649,-0.177925,0.0108624995,0.1934625
150516901443772,95.693650,-0.1802625,0.092675,0.2154625
150516911444387,95.703650,-0.1766875,0.152625,0.2154625
150516921445305,95.713651,-0.1692625,0.1782,0.20927499
150516931446149,95.723652,-0.15345,0.1464375,0.2019875
150516941446849,95.733653,-0.1351625,0.0694375,0.1775125
150516951447790,95.743654,-0.128975,-0.013612499,0.1384625
150516961448639,95.753655,-0.1412125,-0.0721875,0.093225
150516971449331,95.763655,-0.161975,-0.0966625,0.0479875
150516981450168,95.773656,-0.1766875,-0.07095,0.0089375
150516991450863,95.783657,-0.17545,-0.02585,-0.022824999
150517001451695,95.793658,-0.1705,0.0169125,-0.0325875
150517011452611,95.803659,-0.1681625,0.0474375,-0.0265375
150517021453303,95.813659,-0.172975,0.0561,-0.0105875
150517031454228,95.823660,-0.177925,0.042625,0.015125
150517041455073,95.833661,-0.18645,0.0243375,0.0554125
150517051455765,95.843662,-0.1876875,0.004675,0.1005125
150517061456695,95.853663,-0.1815,-1.375E-4,0.1324125
150517071457524,95.863664,-0.1656875,-0.001375,0.1445125
150517081458236,95.873664,-0.1522125,-1.375E-4,0.13475
150517091459082,95.883665,-0.144925,-0.006325,0.095699996
150517101459776,95.893666,-0.1485,-0.0281875,0.0394625
150517111460622,95.903667,-0.1522125,-0.0356125,-0.0215875
150517121461543,95.913668,-0.150975,-0.0356125,-0.069299996
150517131462236,95.923668,-0.1485,-0.01485,-0.077825
150517141463064,95.933669,-0.1364,-0.0026125,-0.0521125
150517151463771,95.943670,-0.12045,0.0011,-0.0033
150517161464703,95.953671,-0.104637496,-0.0306625,0.034649998
150517171465552,95.963672,-0.0947375,-0.0759,0.0479875
150517181466247,95.973672,-0.0911625,-0.134475,0.0259875
150517191467170,95.983673,-0.1034,-0.1651375,-0.0020625
150517201468014,95.993674,-0.12773749,-0.13213749,4.125E-4
150517211468706,96.003675,-0.1364,-0.045375,0.0419375
150517221469555,96.013676,-0.122925,0.0364375,0.1104125
150517231470247,96.023676,-0.0996875,0.078099996,0.203225
150517241471098,96.033677,-0.073975,0.0463375,0.291225
150517251472033,96.043678,-0.0581625,-0.0246125,0.3240875
150517261472726,96.053679,-0.0471625,-0.1161875,0.286275
150517271473570,96.063680,-0.045925,-0.19195,0.1934625
150517281474486,96.073680,-0.0496375,-0.231,0.0627
150517291475168,96.083681,-0.0594,-0.2079,-0.066825
150517301476014,96.093682,-0.0716375,-0.128425,-0.14135
150517311476937,96.103683,-0.08745,-0.0196625,-0.1535875
150517321477632,96.113684,-0.100925,0.0671,-0.1095875
150517331478483,96.123684,-0.104637496,0.1049125,-0.0375375
150517341479161,96.133685,-0.0972125,0.0682,0.0479875
150517351480007,96.143686,-0.0911625,-0.0160875,0.1115125
150517361480924,96.153687,-0.0886875,-0.122375,0.117699996
150517371481616,96.163688,-0.093637496,-0.189475,0.073699996
150517381482539,96.173689,-0.1082125,-0.1846625,0.0187
150517391483385,96.183689,-0.1144,-0.13695,-0.0460625
150517401484078,96.193690,-0.1057375,-0.08085,-0.1120625
150517411484924,96.203691,-0.0924,-0.0551375,-0.1804
150517421485623,96.213692,-0.0752125,-0.056375,-0.2341625
150517431486527,96.223693,-0.0642125,-0.0771375,-0.232925
150517441487371,96.233693,-0.056925,-0.1101375,-0.160875
150517451488066,96.243694,-0.054449998,-0.12595,-0.0276375
150517461488984,96.253695,-0.0532125,-0.12595,0.1299375
150517471489828,96.263696,-0.0484,-0.13213749,0.26675
150517481490529,96.273697,-0.0411125,-0.1662375,0.3485625
150517491491375,96.283697,-0.0471625,-0.2102375,0.3755125
150517501492295,96.293698,-0.0752125,-0.216425,0.374275
150517511492987,96.303699,-0.1021625,-0.1931875,0.3645125
150517521493835,96.313700,-0.12045,-0.19195,0.3460875
150517531494756,96.323701,-0.1265,-0.1931875,0.2960375
150517541495462,96.333701,-0.133925,-0.2017125,0.1959375
150517551496311,96.343702,-0.144925,-0.2517625,0.056649998
150517561497227,96.353703,-0.1571625,-0.3251875,-0.105875
150517571497920,96.363704,-0.1681625,-0.38747498,-0.2671625
150517581498760,96.373705,-0.16445,-0.44,-0.3892625
150517591499455,96.383705,-0.15345,-0.46805,-0.4467375
150517601500301,96.393706,-0.150975,-0.46805,-0.487025
150517611501232,96.403707,-0.14739999,-0.45581248,-0.5542625
150517621501939,96.413708,-0.1375,-0.426525,-0.6617875
150517631502846,96.423709,-0.1241625,-0.396,-0.8083625
150517641503696,96.433710,-0.12045,-0.360525,-0.94888747
150517651504391,96.443710,-0.128975,-0.308,-1.0087
150517661505324,96.453711,-0.128975,-0.20295,-0.9708875
150517671506170,96.463712,-0.115637496,-0.0771375,-0.8144125
150517681506862,96.473713,-0.067925,0.0364375,-0.5432625
150517691507790,96.483714,0.0103124995,0.1073875,-0.237875
150517701508635,96.493715,0.08965,0.114675,0.00165
150517711509341,96.503715,0.1373625,0.0633875,0.1249875
150517721510175,96.513716,0.1348875,0.0328625,0.142175
150517731511100,96.523717,0.095837496,0.0463375,0.1029875
150517741511791,96.533718,0.0298375,0.1098625,0.06765
150517751512728,96.543719,-0.0374,0.2149125,0.0859375
150517761513577,96.553720,-0.078925,0.257675,0.18727499
150517771514269,96.563720,-0.0752125,0.2149125,0.363275
150517781515179,96.573721,-0.0154,0.108625,0.578325
150517791516010,96.583722,0.0713625,-0.0759,0.838475
150517801516694,96.593723,0.1238875,-0.305525,1.1182874
150517811517632,96.603724,0.142175,-0.5157625,1.3454375
150517821518478,96.613724,0.10065,-0.6061,1.489675
150517831519170,96.623725,0.004125,-0.5303375,1.5299625
150517841520089,96.633726,-0.111925,-0.35805,1.4309624
150517851520924,96.643727,-0.1986875,-0.144375,1.219625
150517861521847,96.653728,-0.234025,0.0193875,0.8982875
150517871522527,96.663729,-0.223025,0.0853875,0.501325
150517881523377,96.673729,-0.1692625,0.0902,0.065175
150517891524056,96.683730,-0.128975,0.070675,-0.353925
150517901524979,96.693731,-0.14739999,0.1109625,-0.685025
150517911525825,96.703732,-0.172975,0.164725,-0.906125
150517921526741,96.713733,-0.1901625,0.1794375,-1.0454125
150517931527440,96.723733,-0.2267375,0.0891,-1.105225
150517941528363,96.733734,-0.29755,-0.1247125,-1.0857
150517951529222,96.743735,-0.37454998,-0.398475,-1.09065
150517961529916,96.753736,-0.42955,-0.630575,-1.21275
150517971530767,96.763737,-0.476025,-0.740575,-1.3850375
150517981531688,96.773738,-0.532125,-0.7161,-1.524325
150517991532634,96.783739,-0.5553625,-0.4961,-1.602425
150518001533312,96.793739,-0.559075,-0.22495,-1.6256624
150518011534237,96.803740,-0.5003625,0.0584375,-1.5206125
150518021535086,96.813741,-0.399025,0.1769625,-1.270225
150518031535785,96.823742,-0.260975,0.124437496,-0.9024125
150518041536708,96.833743,-0.133925,-0.07095,-0.4736875
150518051537563,96.843744,-0.0594,-0.341,-0.0716375
150518061538486,96.853744,-0.0301125,-0.5853375,0.2410375
150518071539409,96.863745,-0.0312125,-0.6978125,0.452375
150518081540011,96.873746,-0.039875,-0.7319125,0.590425
150518091540927,96.883747,-0.034925,-0.6831,0.6796625
150518101541620,96.893748,-6.875E-4,-0.56581247,0.70661247
150518111542550,96.903749,0.048125,-0.409475,0.69795
150518121543375,96.913749,0.095837496,-0.2396625,0.6881875
150518131544288,96.923750,0.1507,-0.0966625,0.70661247
150518141544995,96.933751,0.203225,-0.02585,0.7689
150518151545920,96.943752,0.2448875,-0.0441375,0.882475
150518161546765,96.953753,0.263175,-0.1431375,1.0242375
150518171547444,96.963753,0.2668875,-0.283525,1.164625
150518181548397,96.973754,0.2607,-0.382525,1.296625
150518191549227,96.983755,0.25465,-0.43505,1.3968625
150518201550140,96.993756,0.2534125,-0.4582875,1.4469125
150518211551063,97.003757,0.2607,-0.4607625,1.467675
150518221551758,97.013758,0.2484625,-0.4228125,1.4762
150518231552594,97.023759,0.2167,-0.3251875,1.4749625
150518241553267,97.033759,0.1947,-0.2616625,1.4432
150518251554200,97.043760,0.1959375,-0.1992375,1.4163874
150518261555047,97.053761,0.224125,-0.1467125,1.379675
150518271555972,97.063762,0.274175,-0.08085,1.2758625
150518281556895,97.073763,0.3474625,-0.00385,1.0388125
150518291557592,97.083764,0.434225,0.0523875,0.65395
150518301558522,97.093765,0.50875,0.1513875,0.275275
150518311559361,97.103765,0.5099875,0.3004375,0.087175
150518321560294,97.113766,0.40974998,0.3920125,0.148225
150518331560989,97.123767,0.2509375,0.3529625,0.4035625
150518341561907,97.133768,0.125125,0.1892,0.739475
150518351562751,97.143769,0.08965,-0.0771375,0.9827125
150518361563428,97.153769,0.0969375,-0.3287625,1.0718125
150518371564369,97.163770,0.0836,-0.65615,0.998525
150518381565220,97.173771,0.056649998,-0.95315,0.77494997
150518391566126,97.183772,-0.00935,-1.1570625,0.3975125
150518401567044,97.193773,-0.1082125,-1.1925375,-0.115637496
150518411567736,97.203774,-0.21945,-1.02025,-0.713075
150518421568592,97.213775,-0.348975,-0.7088125,-1.3129874
150518431569515,97.223776,-0.4833125,-0.2897125,-1.7967125
150518441570443,97.233776,-0.59688747,0.1354375,-2.09605
150518451571131,97.243777,-0.659175,0.4200625,-2.2072875
150518461572039,97.253778,-0.648175,0.4983,-2.16205
150518471572866,97.263779,-0.587125,0.418825,-2.01905
150518481573556,97.273780,-0.51755,0.21367499,-1.8126625
150518491574479,97.283780,-0.4552625,-0.0380875,-1.607375
150518501575320,97.293781,-0.3928375,-0.2457125,-1.4388
150518511576241,97.303782,-0.3427875,-0.3361875,-1.3288
150518521577164,97.313783,-0.2987875,-0.2872375,-1.2995125
150518531577856,97.323784,-0.27555,-0.133375,-1.309275
150518541578690,97.333785,-0.26221249,0.0939125,-1.320275
150518551579613,97.343786,-0.2352625,0.2882,-1.2714624
150518561580538,97.353787,-0.199925,0.37125,-1.121175
150518571581256,97.363787,-0.1485,0.31625,-0.895125
150518581582179,97.373788,-0.0947375,0.1854875,-0.636075
150518591583052,97.383789,-0.050875,0.0364375,-0.4027375
150518601583757,97.393790,-0.02145,-0.0759,-0.2096875
150518611584680,97.403791,-0.0154,-0.144375,-0.07535
150518621585603,97.413792,-0.0226875,-0.1626625,-0.0253
150518631586454,97.423792,-0.0226875,-0.13213749,-0.0595375
150518641587384,97.433793,-0.0276375,-0.064899996,-0.1425875
150518651588086,97.443794,-0.028875,0.0059125,-0.2341625
150518661588925,97.453795,-0.0251625,0.086625,-0.30745
150518671589832,97.463796,0.00165,0.1342,-0.3441625
150518681590750,97.473797,0.0396,0.1342,-0.3282125
150518691591668,97.483798,0.086075,0.091437496,-0.26221249
150518701592355,97.493798,0.1348875,0.0169125,-0.1706375
150518711593203,97.503799,0.1703625,-0.0539,-0.1010625
150518721594141,97.513800,0.2044625,-0.108899996,-0.083875
150518731594828,97.523801,0.2277,-0.134475,-0.1034
150518741595753,97.533802,0.247225,-0.1651375,-0.160875
150518751596652,97.543803,0.2607,-0.1882375,-0.24035
150518761597486,97.553803,0.25465,-0.17613749,-0.304975
150518771598399,97.563804,0.2387,-0.1419,-0.33673748
150518781599102,97.573805,0.2338875,-0.09185,-0.304975
150518791600027,97.583806,0.22893749,-0.0380875,-0.210925
150518801600873,97.593807,0.2399375,-0.0221375,-0.04235
150518811601794,97.603808,0.2459875,-0.0331375,0.198275
150518821602722,97.613809,0.2338875,-0.1101375,0.441375
150518831603420,97.623809,0.219175,-0.2127125,0.6331875
150518841604268,97.633810,0.2044625,-0.3202375,0.7297125
150518851605203,97.643811,0.1604625,-0.374,0.7431875
150518861605897,97.653812,0.0946,-0.352,0.706475
150518871606820,97.663813,0.02365,-0.2457125,0.6527125
150518881607733,97.673814,-0.02145,-0.145475,0.578325
150518891608583,97.683815,-0.028875,-0.08195,0.4976125
150518901609506,97.693816,-0.014162499,-0.0380875,0.3925625
150518911610429,97.703816,0.004125,-0.0209,0.2740375
150518921611121,97.713817,0.0066,-0.007425,0.1739375
150518931612046,97.723818,-0.0031625,0.004675,0.1164625
150518941612890,97.733819,-0.012925,0.0121,0.0884125
150518951613599,97.743820,-0.0056375,-0.0050875,0.0554125
150518961614513,97.753821,0.0066,-0.040425,0.0039875
150518971615407,97.763821,0.015125,-0.0856625,-0.0851125
150518981616330,97.773822,0.0286,-0.078375,-0.171875
150518991617179,97.783823,0.0408375,-0.0281875,-0.2341625
150519001618102,97.793824,0.0628375,0.0083875,-0.287925
150519011618795,97.803825,0.0738375,0.0254375,-0.32945
150519021619724,97.813826,0.0836,0.0231,-0.359975
150519031620580,97.823827,0.0969375,-0.006325,-0.40039998
150519041621486,97.833827,0.1128875,-0.0441375,-0.414975
150519051622175,97.843828,0.131175,-0.056375,-0.3905
150519061623113,97.853829,0.1507,-0.0429,-0.337975
150519071623960,97.863830,0.164175,-0.029424999,-0.28187498
150519081624881,97.873831,0.16665,-0.0600875,-0.2316875
150519091625794,97.883832,0.158125,-0.1161875,-0.2061125
150519101626488,97.893832,0.136125,-0.1749,-0.2011625
150519111627406,97.903833,0.08965,-0.1821875,-0.193875
150519121628267,97.913834,0.0396,-0.1577125,-0.1584
150519131629188,97.923835,-0.0044,-0.1186625,-0.093637496
150519141629902,97.933836,-0.0361625,-0.086899996,-0.0265375
150519151630844,97.943837,-0.043449998,-0.0856625,0.0309375
150519161631767,97.953838,-0.0301125,-0.1406625,0.0614625
150519171632608,97.963839,-0.0154,-0.22,0.0774125
150519181633529,97.973840,-0.006875,-0.2627625,0.0919875
150519191634224,97.983840,-0.0154,-0.2591875,0.0969375
150519201635138,97.993841,-0.0312125,-0.2017125,0.1067
150519211635988,98.003842,-0.0446875,-0.1431375,0.13475
150519221636924,98.013843,-0.0532125,-0.11495,0.181225
150519231637618,98.023844,-0.0532125,-0.12595,0.2190375
150519241638541,98.033845,-0.0484,-0.1772375,0.2484625
150519251639388,98.043845,-0.056925,-0.21395,0.269225
150519261640311,98.053846,-0.0704,-0.20047499,0.2728
150519271641246,98.063847,-0.084975,-0.13695,0.258225
150519281642183,98.073848,-0.100925,-0.0856625,0.2300375
150519291642866,98.083849,-0.1106875,-0.06985,0.1947
150519301643791,98.093850,-0.1216875,-0.08085,0.154275
150519311644621,98.103851,-0.1266375,-0.0881375,0.1139875
150519321645544,98.113852,-0.1131625,-0.067375,0.0884125
150519331646207,98.123852,-0.1021625,-0.0246125,0.1054625
150519341647128,98.133853,-0.0814,0.0328625,0.165275
150519351648065,98.143854,-0.0581625,0.0694375,0.247225
150519361648904,98.153855,-0.0386375,0.0243375,0.314325
150519371649813,98.163856,-0.028875,-0.0466125,0.319275
150519381650741,98.173857,-0.0301125,-0.1211375,0.2960375
150519391651433,98.183857,-0.0374,-0.1749,0.27775
150519401652363,98.193858,-0.0496375,-0.1821875,0.2435125
150519411653207,98.203859,-0.0581625,-0.1431375,0.2215125
150519421653906,98.213860,-0.0631125,-0.06985,0.2190375
150519431654830,98.223861,-0.0691625,0.0011,0.21175
150519441655676,98.233862,-0.078925,0.0389125,0.2605625
150519451656676,98.243863,-0.0814,0.0279125,0.3155625
150519461657506,98.253864,-0.07645,-0.0160875,0.3485625
150519471658424,98.263864,-0.0631125,-0.100375,0.3290375
150519481659125,98.273865,-0.0556875,-0.1859,0.2655125
150519491660060,98.283866,-0.0594,-0.231,0.16775
150519501660989,98.293867,-0.072875,-0.2066625,0.0664125
150519511661861,98.303868,-0.083875,-0.1381875,-0.011825
150519521662779,98.313869,-0.0826375,-0.0611875,-0.088825
150519531663473,98.323869,-0.067925,0.0218625,-0.1486375
150519541664382,98.333870,-0.0422125,0.0572,-0.1926375
150519551665233,98.343871,-0.006875,0.0353375,-0.2134
150519561666164,98.353872,0.031075,-0.029424999,-0.23539999
150519571667083,98.363873,0.0554125,-0.0966625,-0.243925
150519581667758,98.373874,0.0603625,-0.1309,-0.25135
150519591668676,98.383875,0.048125,-0.11495,-0.25245
150519601669520,98.393876,0.0273625,-0.0686125,-0.2341625
150519611670443,98.403876,0.015125,-0.0050875,-0.198825
150519621671138,98.413877,0.02365,0.0523875,-0.165825
150519631672075,98.423878,0.059125,0.070675,-0.15235
150519641672998,98.433879,0.106837496,0.031625,-0.18287499
150519651673860,98.443880,0.1373625,-0.007425,-0.25135
150519661674775,98.453881,0.15565,-0.0331375,-0.35021248
150519671675702,98.463882,0.1507,-0.00385,-0.4137375
150519681676386,98.473882,0.131175,0.05115,-0.4455
150519691677217,98.483883,0.14465,0.108625,-0.4565
150519701678142,98.493884,0.1617,0.1623875,-0.42845
150519711679063,98.503885,0.18493749,0.1769625,-0.3686375
150519721679755,98.513886,0.213125,0.153725,-0.2831125
150519731680680,98.523887,0.2387,0.108625,-0.177925
150519741681537,98.533888,0.252175,0.070675,-0.055825
150519751682537,98.543889,0.2619375,0.059675,0.0895125
150519761683395,98.553889,0.280225,0.075625,0.242275
150519771684093,98.563890,0.3034625,0.1049125,0.3876125
150519781685016,98.573891,0.3229875,0.102437496,0.5049
150519791685925,98.583892,0.340175,0.064625,0.568425
150519801686848,98.593893,0.351175,0.01815,0.5611375
150519811687679,98.603894,0.3609375,-0.023375,0.48785
150519821688378,98.613894,0.3474625,-0.0380875,0.374275
150519831689281,98.623895,0.3157,-0.0270875,0.2508
150519841690204,98.633896,0.26675,0.0364375,0.1579875
150519851691126,98.643897,0.236225,0.1269125,0.104225
150519861691976,98.653898,0.225225,0.1892,0.0944625
150519871692676,98.663899,0.22893749,0.2014375,0.093225
150519881693589,98.673900,0.2459875,0.1524875,0.065175
150519891694512,98.683901,0.2619375,0.081675,0.01265
150519901695356,98.693901,0.263175,0.0169125,-0.0435875
150519911696275,98.703902,0.252175,-0.0050875,-0.08635
150519921697193,98.713903,0.2338875,0.0279125,-0.1095875
150519931697907,98.723904,0.214225,0.0768625,-0.1230625
150519941698830,98.733905,0.2008875,0.1183875,-0.1254
150519951699676,98.743906,0.2057,0.1342,-0.13035
150519961700592,98.753907,0.2204125,0.1354375,-0.1694
150519971701301,98.763907,0.24365,0.12815,-0.24145
150519981702252,98.773908,0.2424125,0.175725,-0.2952125
150519991703171,98.783909,0.2349875,0.2404875,-0.2976875
150520001704005,98.793910,0.22165,0.2759625,-0.237875
150520011704933,98.803911,0.2118875,0.296725,-0.11935
150520021705641,98.813912,0.21065,0.274725,0.034649998
150520031706564,98.823913,0.2154625,0.2270125,0.1934625
150520041707501,98.833914,0.214225,0.15619999,0.297275
150520051708348,98.843914,0.213125,0.1159125,0.3460875
150520061709269,98.853915,0.203225,0.12815,0.363275
150520071709983,98.863916,0.1813625,0.1452,0.3570875
150520081710891,98.873917,0.1494625,0.131725,0.32175
150520091711732,98.883918,0.117699996,0.119625,0.2569875
150520101712653,98.893919,0.081125,0.108625,0.15675
150520111713568,98.903920,0.0493625,0.108625,0.021175
150520121714476,98.913920,0.0188375,0.119625,-0.1071125
150520131715163,98.923921,-0.012925,0.1452,-0.171875
150520141716093,98.933922,-0.043449998,0.1879625,-0.1596375
150520151716939,98.943923,-0.06545,0.2429625,-0.0680625
150520161717846,98.953924,-0.078925,0.2844875,0.07975
150520171718541,98.963925,-0.073975,0.27719998,0.2605625
150520181719464,98.973925,-0.056925,0.2332,0.4096125
150520191720392,98.983926,-0.0386375,0.1219625,0.4488
150520201721232,98.993927,-0.034925,0.0218625,0.38885
150520211722155,99.003928,-0.0386375,-0.028324999,0.25575
150520221723049,99.013929,-0.06545,-0.01485,0.09075
150520231723727,99.023930,-0.0972125,0.0462,-0.072875
150520241724643,99.033931,-0.1131625,0.1574375,-0.1975875
150520251725493,99.043931,-0.1106875,0.25025,-0.2391125
150520261726429,99.053932,-0.084975,0.268675,-0.2391125
150520271727347,99.063933,-0.0532125,0.230725,-0.1865875
150520281728039,99.073934,-0.017875,0.16115,-0.1010625
150520291728974,99.083935,0.004125,0.0779625,-0.0180125
150520301729828,99.093936,0.0078375,0.0059125,0.0369875
150520311730756,99.103937,-0.0116875,-0.0086624995,0.098175
150520321731679,99.113938,-0.0264,0.0121,0.1384625
150520331732587,99.123939,-0.017875,0.0572,0.132275
150520341733275,99.133939,0.004125,0.1012,0.1079375
150520351734127,99.143940,0.0358875,0.103675,0.0809875
150520361735049,99.153941,0.0628375,0.08415,0.0187
150520371735743,99.163942,0.07865,0.064625,-0.0705375
150520381736671,99.173943,0.06765,0.0474375,-0.132825
150520391737594,99.183944,0.0493625,0.0474375,-0.160875
150520401738532,99.193945,0.0396,0.0694375,-0.1571625
150520411739376,99.203945,0.0358875,0.0853875,-0.1071125
150520421740313,99.213946,0.0493625,0.09515,-0.0570625
150520431741012,99.223947,0.053075,0.0768625,-0.0301125
150520441741931,99.233948,0.0468875,0.0328625,-0.013062499
150520451742777,99.243949,0.0396,-0.0050875,-0.005775
150520461743723,99.253950,0.0334125,-0.0306625,-0.013062499
150520471744644,99.263951,0.020075,0.0023375,-0.08635
150520481745334,99.273951,4.125E-4,0.0438625,-0.199925
150520491746234,99.283952,-0.014162499,0.0779625,-0.2684
150520501747142,99.293953,-0.014162499,0.0889625,-0.3344
150520511747974,99.303954,-0.006875,0.1049125,-0.3612125
150520521748900,99.313955,0.00165,0.086625,-0.37345
150520531749823,99.323956,0.0163625,0.1232,-0.375925
150520541750523,99.333957,0.031075,0.1183875,-0.3454
150520551751364,99.343957,0.031075,0.0792,-0.3246375
150520561752285,99.353958,0.0138875,0.0561,-0.3111625
150520571753198,99.363959,0.0163625,0.070675,-0.254925
150520581754126,99.373960,0.0114124995,0.0902,-0.13035
150520591754803,99.383961,0.0213125,0.08415,-0.005775
150520601755667,99.393962,0.020075,0.0768625,0.06875
150520611756665,99.403963,0.0176,0.037675,0.0834625
150520621757496,99.413963,0.0103124995,-0.0246125,0.038225
150520631758400,99.423964,-0.0081124995,-0.0746625,-0.033825
150520641759089,99.433965,-0.023924999,-0.086899996,-0.1023
150520651760003,99.443966,-0.0411125,-0.0576125,-0.1450625
150520661760851,99.453967,-0.056925,-0.012375,-0.138875
150520671761775,99.463968,-0.0704,0.0083875,-0.0961125
150520681762713,99.473969,-0.083875,0.004675,-0.0741125
150520691763405,99.483969,-0.105875,-0.0380875,-0.072875
150520701764330,99.493970,-0.13145,-0.0636625,-0.0325875
150520711765169,99.503971,-0.1584,-0.045375,0.021175
150520721766092,99.513972,-0.15345,-0.02585,0.049225
150520731767005,99.523973,-0.12773749,-0.0551375,0.0444125
150520741767700,99.533974,-0.083875,-0.17847499,-0.0143
150520751768633,99.543975,-0.0471625,-0.3031875,-0.1755875
150520761769469,99.553975,-0.017875,-0.404525,-0.4332625
150520771770405,99.563976,-0.02145,-0.3922875,-0.6655
150520781771099,99.573977,-0.0374,-0.2652375,-0.768075
150520791772008,99.583978,-0.0631125,-0.040425,-0.7192625
150520801772946,99.593979,-0.067925,0.1684375,-0.5445
150520811773897,99.603980,-0.0374,0.252725,-0.2476375
150520821774732,99.613981,0.00165,0.2074875,0.0504625
150520831775669,99.623982,0.0248875,0.0023375,0.2215125
150520841776347,99.633982,0.037125,-0.288475,0.2288
150520851777286,99.643983,0.031075,-0.5267625,0.0675125
150520861778210,99.653984,-0.012925,-0.6158625,-0.2061125
150520871779054,99.663985,-0.07645,-0.5083375,-0.4492125
150520881779991,99.673986,-0.12045,-0.2041875,-0.5847875
150520891780683,99.683987,-0.1106875,0.0999625,-0.5555
150520901781608,99.693988,-0.0666875,0.27719998,-0.403975
150520911782550,99.703989,0.004125,0.3345375,-0.1560625
150520921783395,99.713989,0.059125,0.208725,0.1164625
150520931784318,99.723990,0.065175,-0.040425,0.3095125
150520941785016,99.733991,0.0444125,-0.2921875,0.38279998
150520951785939,99.743992,-0.0081124995,-0.429,0.374275
150520961786785,99.753993,-0.078925,-0.4192375,0.314325
150520971787708,99.763994,-0.1266375,-0.288475,0.23127499
150520981788629,99.773995,-0.1254,-0.089375,0.159225
150520991789306,99.783995,-0.084975,0.0889625,0.071225
150521001790247,99.793996,-0.0276375,0.1843875,0.0114124995
150521011791075,99.803997,0.0224125,0.1854875,-8.25E-4
150521021792089,99.813998,0.053075,0.153725,0.0589875
150521031792691,99.823999,0.0506,0.05115,0.1689875
150521041793614,99.834000,0.0334125,-0.0721875,0.2190375
150521051794537,99.844001,0.01265,-0.156475,0.1947
150521061795450,99.854001,-0.0044,-0.1772375,0.1079375
150521071796294,99.864002,-0.03135,-0.15895,-0.013062499
150521081797217,99.874003,-0.054449998,-0.0490875,-0.1755875
150521091798150,99.884004,-0.0532125,0.1219625,-0.3246375
150521101798845,99.894005,-0.032449998,0.2490125,-0.37345
150521111799782,99.904006,-0.0031625,0.29067498,-0.3356375
150521121800628,99.914007,0.0468875,0.230725,-0.2501125
150521131801544,99.924008,0.0749375,0.1354375,-0.1645875
150521141802467,99.934008,0.0933625,0.042625,-0.0363
150521151803161,99.944009,0.109175,0.0083875,0.120175
150521161804084,99.954010,0.13365,0.0193875,0.2679875
150521171804931,99.964011,0.1507,0.0499125,0.3265625
150521181805847,99.974012,0.1654125,0.0609125,0.3205125
150521191806541,99.984013,0.1568875,0.020624999,0.258225
150521201807464,99.994013,0.13859999,-0.0331375,0.154275
150521211808401,100.004014,0.1348875,-0.045375,0.0309375
150521221809324,100.014015,0.117699996,-0.0466125,-0.0741125
150521231810169,100.024016,0.0994125,-0.0319,-0.1450625
150521241811083,100.034017,0.0946,0.0011,-0.188925
150521251811784,100.044018,0.106837496,0.0108624995,-0.24145
150521261812709,100.054019,0.120175,0.0083875,-0.3014
150521271813632,100.064020,0.1056,-0.0246125,-0.320925
150521281814462,100.074020,0.0908875,-0.0551375,-0.276925
150521291815370,100.084021,0.0726,-0.047849998,-0.2024
150521301816048,100.094022,0.0726,-0.007425,-0.1291125
150521311816973,100.104023,0.0859375,0.042625,-0.03135
150521321817901,100.114024,0.103125,0.0902,0.082225
150521331818759,100.124025,0.125125,0.0451,0.15675
150521341819678,100.134026,0.1373625,-0.051425,0.121275
150521351820377,100.144026,0.131175,-0.13213749,-8.25E-4
150521361821296,100.154027,0.1214125,-0.128425,-0.094875
150521371822219,100.164028,0.0798875,-0.0881375,-0.1205875
150521381823065,100.174029,0.081125,0.02915,-0.0570625
150521391823976,100.184030,0.0688875,0.141625,0.0664125
150521401824684,100.194031,0.081125,0.1819125,0.2044625
150521411825608,100.204032,0.0946,0.169675,0.2910875
150521421826546,100.214033,0.0969375,0.0939125,0.2985125
150521431827375,100.224033,0.1079375,-0.029424999,0.2385625
150521441828298,100.234034,0.0994125,-0.1956625,0.109175
150521451829231,100.244035,0.0836,-0.34347498,-0.05335
150521461829925,100.254036,0.034649998,-0.321475,-0.1571625
150521471830862,100.264037,-0.0251625,-0.16995,-0.13035
150521481831786,100.274038,-0.0691625,0.0231,0.0064625
150521491832712,100.284039,-0.0716375,0.1892,0.2080375
150521501833563,100.294040,-0.043449998,0.280775,0.4145625
150521511834257,100.304040,-0.0081124995,0.23925,0.5929
150521521835166,100.314041,-0.0056375,0.0889625,0.6626125
150521531836012,100.324042,-0.023924999,-0.0600875,0.6136625
150521541836934,100.334043,-0.061875,-0.167475,0.4866125
150521551837866,100.344044,-0.094875,-0.2322375,0.3350875
150521561838793,100.354045,-0.122925,-0.183425,0.1397
150521571839474,100.364045,-0.12045,-0.0331375,-0.0253
150521581840397,100.374046,-0.100925,0.1489125,-0.1095875
150521591841245,100.384047,-0.0752125,0.280775,-0.072875
150521601842164,100.394048,-0.045925,0.307725,0.0259875
150521611842845,100.404049,-0.02035,0.296725,0.1727
150521621843782,100.414050,-0.006875,0.2332,0.3070375
150521631844690,100.424051,-0.0154,0.0988625,0.4035625
150521641845599,100.434052,-0.023924999,-0.0380875,0.413325
150521651846443,100.444052,-0.0154,-0.1651375,0.303325
150521661847380,100.454053,-0.006875,-0.22495,0.14093749
150521671848073,100.464054,-0.0116875,-0.2176625,-0.04235
150521681848916,100.474055,-0.00935,-0.133375,-0.166925
150521691849895,100.484056,-6.875E-4,0.0059125,-0.28545
150521701850741,100.494057,0.0248875,0.124437496,-0.392975
150521711851669,100.504058,0.0493625,0.186725,-0.43821248
150521721852363,100.514058,0.065175,0.17215,-0.458975
150521731853287,100.524059,0.0823625,0.1122,-0.46873748
150521741854200,100.534060,0.0713625,0.0523875,-0.436975
150521751855049,100.544061,0.0688875,-0.006325,-0.3246375
150521761855982,100.554062,0.0578875,-0.0356125,-0.1865875
150521771856914,100.564063,0.0616,-0.0111375,-0.0155375
150521781857606,100.574064,0.0726,0.064625,0.1958
150521791858455,100.584064,0.1043625,0.130625,0.3645125
150521801859381,100.594065,0.1348875,0.169675,0.4291375
150521811860299,100.604066,0.153175,0.1379125,0.3938
150521821861212,100.614067,0.1739375,0.0889625,0.29975
150521831861904,100.624068,0.186175,0.0231,0.1519375
150521841862800,100.634069,0.1727,-0.02585,-0.0411125
150521851863723,100.644070,0.1397,-0.0576125,-0.254925
150521861864568,100.654071,0.1079375,-0.0391875,-0.403975
150521871865490,100.664071,0.0859375,0.0279125,-0.4797375
150521881866192,100.674072,0.0848375,0.1464375,-0.491975
150521891867117,100.684073,0.1104125,0.2369125,-0.4565
150521901868050,100.694074,0.1348875,0.30525,-0.3416875
150521911868879,100.704075,0.1544125,0.28325,-0.1694
150521921869813,100.714076,0.158125,0.224675,0.01265
150521931870721,100.724077,0.136125,0.1098625,0.16775
150521941871413,100.734077,0.103125,0.004675,0.2935625
150521951872343,100.744078,0.065175,-0.0391875,0.3645125
150521961873180,100.754079,0.0554125,0.003575,0.38885
150521971874105,100.764080,0.070125,0.042625,0.3755125
150521981875043,100.774081,0.092125,0.09515,0.303325
150521991875736,100.784082,0.1056,0.15015,0.2055625
150522001876665,100.794083,0.10065,0.2074875,0.137225
150522011877598,100.804084,0.0774125,0.230725,0.109175
150522021878533,100.814085,0.0468875,0.23567499,0.1579875
150522031879165,100.824085,0.009075,0.1892,0.2019875
150522041880075,100.834086,-0.0226875,0.1183875,0.2080375
150522051880998,100.844087,-0.0521125,0.037675,0.1909875
150522061881926,100.854088,-0.0704,-0.0099,0.1445125
150522071882772,100.864089,-0.09845,-0.0196625,0.0675125
150522081883684,100.874090,-0.1167375,0.0108624995,0.0039875
150522091884597,100.884091,-0.1302125,0.0682,-0.0265375
150522101885548,100.894092,-0.128975,0.0902,-0.0583
150522111886250,100.904092,-0.111925,0.0768625,-0.132825
150522121887183,100.914093,-0.0886875,-1.375E-4,-0.2366375
150522131888106,100.924094,-0.0691625,-0.0636625,-0.3697375
150522141888942,100.934095,-0.054449998,-0.0576125,-0.487025
150522151889631,100.944096,-0.0666875,0.0133375,-0.50545
150522161890569,100.954097,-0.0776875,0.1012,-0.419925
150522171891482,100.964097,-0.0631125,0.1574375,-0.2574
150522181892329,100.974098,0.0066,0.141625,-0.11935
150522191893250,100.984099,0.0713625,0.0671,-0.00935
150522201894178,100.994100,0.109175,-0.0636625,0.0774125
150522211894858,101.004101,0.1214125,-0.1357125,0.1750375
150522221895780,101.014102,0.1104125,-0.1296625,0.27775
150522231896641,101.024103,0.106837496,-0.0501875,0.3815625
150522241897563,101.034104,0.1238875,-0.0111375,0.407275
150522251898471,101.044104,0.1397,-0.0160875,0.3498
150522261899161,101.054105,0.1568875,-0.1027125,0.181225
150522271900084,101.064106,0.147125,-0.1639,-0.04235
150522281900928,101.074107,0.1104125,-0.1821875,-0.2171125
150522291901834,101.084108,0.0578875,-0.108899996,-0.2281125
150522301902741,101.094109,0.026124999,0.031625,-0.1230625
150522311903419,101.104109,0.0224125,0.1403875,0.0174625
150522321904334,101.114110,0.0248875,0.1293875,0.1310375
150522331905257,101.124111,0.020075,0.031625,0.20075
150522341906094,101.134112,0.0078375,-0.1076625,0.18727499
150522351907015,101.144113,-0.0191125,-0.2151875,0.1665125
150522361907710,101.154114,-0.0422125,-0.2212375,0.1519375
150522371908628,101.164115,-0.073975,-0.1186625,0.17875
150522381909551,101.174116,-0.0924,0.0328625,0.2545125
150522391910472,101.184116,-0.084975,0.1489125,0.3290375
150522401911320,101.194117,-0.0606375,0.131725,0.319275
150522411912236,101.204118,-0.032449998,0.031625,0.1885125
150522421912929,101.214119,-0.0154,-0.1271875,0.010175
150522431913869,101.224120,-0.0251625,-0.2322375,-0.1755875
150522441914792,101.234121,-0.0752125,-0.2567125,-0.3026375
150522451915638,101.244122,-0.1192125,-0.17847499,-0.315975
150522461916563,101.254123,-0.1376375,-0.036849998,-0.2684
150522471917486,101.264123,-0.1266375,0.102437496,-0.1791625
150522481918193,101.274124,-0.095975,0.1854875,-0.050875
150522491919119,101.284125,-0.0631125,0.175725,0.0614625
150522501920056,101.294126,-0.0336875,0.0561,0.095699996
150522511920915,101.304127,-0.0264,-0.108899996,0.043175
150522521921818,101.314128,-0.0422125,-0.2616625,-0.0655875
150522531922512,101.324129,-0.0631125,-0.3141875,-0.2024
150522541923435,101.334129,-0.0911625,-0.2627625,-0.31239998
150522551924349,101.344130,-0.0911625,-0.1346125,-0.381975
150522561925208,101.354131,-0.0776875,0.015675,-0.3894
150522571926131,101.364132,-0.028875,0.1439625,-0.3551625
150522581927059,101.374133,0.0408375,0.230725,-0.2391125
150522591927736,101.384134,0.1043625,0.2294875,-0.077825
150522601928661,101.394135,0.14093749,0.141625,0.054175
150522611929594,101.404136,0.1519375,0.0364375,0.1067
150522621930439,101.414136,0.1544125,-0.0881375,0.0419375
150522631931362,101.424137,0.1434125,-0.1821875,-0.104637496
150522641932054,101.434138,0.1324125,-0.1821875,-0.28545
150522651932979,101.444139,0.1166,-0.086899996,-0.447975
150522661933907,101.454140,0.106837496,0.05115,-0.5335
150522671934736,101.464141,0.125125,0.1659625,-0.5432625
150522681935661,101.474142,0.1568875,0.2124375,-0.5005
150522691936598,101.484143,0.203225,0.19415,-0.42845
150522701937292,101.494143,0.2349875,0.103675,-0.342925
150522711938219,101.504144,0.2349875,-0.0331375,-0.2916375
150522721939157,101.514145,0.21065,-0.1431375,-0.30621248
150522731940003,101.524146,0.175175,-0.166375,-0.3246375
150522741940924,101.534147,0.1483625,-0.1199,-0.2891625
150522751941847,101.544148,0.1287,-0.0099,-0.176825
150522761942553,101.554149,0.1189375,0.102437496,-0.00935
150522771943473,101.564149,0.12265,0.1659625,0.15675
150522781944311,101.574150,0.12265,0.16115,0.2679875
150522791945232,101.584151,0.1263625,0.114675,0.3180375
150522801946155,101.594152,0.1189375,0.0658625,0.34375
150522811946848,101.604153,0.0908875,0.0303875,0.3755125
150522821947773,101.614154,0.064075,0.026675,0.4181375
150522831948696,101.624155,0.045649998,0.0328625,0.4390375
150522841949540,101.634156,0.0444125,0.042625,0.402325
150522851950448,101.644156,0.045649998,0.01815,0.3240875
150522861951366,101.654157,0.0506,-0.01485,0.1909875
150522871952059,101.664158,0.0358875,-0.0331375,0.060225
150522881952979,101.674159,0.004125,-0.013612499,-0.0325875
150522891953818,101.684160,-0.0276375,-0.001375,-0.0924
150522901954727,101.694161,-0.0411125,0.0353375,-0.1230625
150522911955415,101.704161,-0.0521125,0.0548625,-0.1034
150522921956324,101.714162,-0.0484,0.0254375,-0.0350625
150522931957247,101.724163,-0.039875,0.003575,0.027224999
150522941958171,101.734164,-0.0301125,-0.0246125,0.05775
150522951959021,101.744165,-0.0166375,-0.0391875,0.065175
150522961959962,101.754166,4.125E-4,-0.0026125,0.087175
150522971960885,101.764167,0.01265,0.0083875,0.1274625
150522981961593,101.774168,0.026124999,0.037675,0.1885125
150522991962516,101.784169,0.042075,0.064625,0.269225
150523001963353,101.794169,0.070125,0.075625,0.38279998
150523011964274,101.804170,0.10065,0.0829125,0.4731375
150523021965197,101.814171,0.1348875,0.0743875,0.5146625
150523031965889,101.824172,0.1617,0.042625,0.468325
150523041966819,101.834173,0.1678875,-0.0306625,0.3155625
150523051967742,101.844174,0.1544125,-0.1137125,0.0919875
150523061968655,101.854175,0.1238875,-0.1736625,-0.138875
150523071969510,101.864176,0.0836,-0.1639,-0.2831125
150523081970439,101.874176,0.0518375,-0.06985,-0.3026375
150523091971362,101.884177,0.065175,0.0413875,-0.232925
150523101972070,101.894178,0.0848375,0.11715,-0.1120625
150523111972993,101.904179,0.1104125,0.147675,0.0149875
150523121973837,101.914180,0.131175,0.075625,0.076175
150523131974741,101.924181,0.125125,-0.0196625,0.065175
150523141975431,101.934181,0.1104125,-0.1126125,0.0077
150523151976564,101.944183,0.0884125,-0.11495,-0.05335
150523161977253,101.954183,0.070125,-0.0576125,-0.1023
150523171978181,101.964184,0.08965,0.0083875,-0.154825
150523181979039,101.974185,0.125125,0.0254375,-0.2341625
150523191979952,101.984186,0.1678875,0.05115,-0.3246375
150523201980880,101.994187,0.203225,0.0939125,-0.3454
150523211981804,102.004188,0.202125,0.130625,-0.243925
150523221982496,102.014188,0.1837,0.1574375,-0.069299996
150523231983431,102.024189,0.1703625,0.1574375,0.0785125
150523241984277,102.034190,0.1604625,0.0889625,0.137225
150523251985188,102.044191,0.147125,-0.0306625,0.1115125
150523261985886,102.054192,0.1128875,-0.0906125,0.0565125
150523271986811,102.064193,0.0713625,-0.040425,0.0077
150523281987719,102.074194,0.043175,0.0829125,0.010175
150523291988565,102.084195,0.0468875,0.2124375,0.0369875
150523301989486,102.094195,0.076175,0.2820125,0.060225
150523311990414,102.104196,0.10065,0.2514875,0.1054625
150523321991114,102.114197,0.114125,0.1439625,0.1225125
150523331992042,102.124198,0.114125,0.02915,0.10175
150523341992965,102.134199,0.095837496,-0.036849998,0.0589875
150523351993811,102.144200,0.07865,-0.0551375,-0.0033
150523361994818,102.154201,0.0726,-0.0209,-0.0851125
150523371995435,102.164201,0.0713625,0.0328625,-0.143825
150523381996349,102.174202,0.0616,0.092675,-0.13035
150523391997273,102.184203,0.0408375,0.1574375,-0.013062499
150523401998191,102.194204,0.0273625,0.2149125,0.20075
150523411999025,102.204205,0.0286,0.280775,0.4621375
150523421999948,102.214206,0.034649998,0.291775,0.71995
150523432000866,102.224207,0.045649998,0.21615,0.8617125
150523442001556,102.234208,0.070125,0.091437496,0.832425
150523452002493,102.244208,0.0798875,-0.0856625,0.584375
150523462003427,102.254209,0.064075,-0.2237125,0.1689875
150523472004273,102.264210,0.045649998,-0.3067625,-0.3686375
150523482005203,102.274211,0.0066,-0.1772375,-0.7167875
150523492006121,102.284212,-0.0154,0.0804375,-0.7546
150523502006813,102.294213,4.125E-4,0.2979625,-0.601975
150523512007738,102.304214,0.054175,0.4860625,-0.2976875
150523522008661,102.314215,0.1079375,0.522775,0.10175
150523532009521,102.324216,0.1299375,0.38953748,0.4365625
150523542010439,102.334216,0.1324125,0.1159125,0.5476625
150523552011362,102.344217,0.1214125,-0.17847499,0.4426125
150523562012290,102.354218,0.0738375,-0.3947625,0.2190375
150523572012987,102.364219,0.0103124995,-0.415525,-0.044825
150523582013926,102.374220,-0.039875,-0.19195,-0.143825
150523592014785,102.384221,-0.0496375,0.1329625,-0.0545875
150523602015707,102.394222,0.00165,0.412775,0.121275
150523612016622,102.404223,0.1056,0.5300625,0.27775
150523622017316,102.414223,0.2044625,0.4360125,0.30827498
150523632018229,102.424224,0.24365,0.19525,0.2080375
150523642019152,102.434225,0.2094125,-0.0526625,0.0259875
150523652020006,102.444226,0.1128875,-0.275,-0.1865875
150523662020920,102.454227,0.0163625,-0.332475,-0.359975
150523672021630,102.464228,-0.034925,-0.2151875,-0.4321625
150523682022771,102.474229,-0.0446875,-0.012375,-0.4235
150523692023478,102.484229,-0.02035,0.1672,-0.3014
150523702024388,102.494230,0.0298375,0.2882,-0.094875
150523712025236,102.504231,0.0726,0.3345375,0.1469875
150523722026159,102.514232,0.08965,0.280775,0.36685
150523732027083,102.524233,0.08965,0.1819125,0.51713747
150523742027777,102.534234,0.0859375,0.091437496,0.5476625
150523752028700,102.544235,0.0848375,-0.0026125,0.485375
150523762029560,102.554236,0.0836,-0.08195,0.3498
150523772030469,102.564236,0.076175,-0.0661375,0.1714625
150523782031390,102.574237,0.0774125,0.0279125,0.071225
150523792032111,102.584238,0.1018875,0.1684375,0.0419375
150523802033041,102.594239,0.1483625,0.2844875,0.0444125
150523812033964,102.604240,0.2008875,0.30525,0.0224125
150523822034814,102.614241,0.2204125,0.230725,0.027224999
150523832035735,102.624242,0.2044625,0.1354375,0.0369875
150523842036646,102.634243,0.175175,0.081675,0.1115125
150523852037567,102.644244,0.131175,0.1049125,0.259325
150523862038291,102.654244,0.1056,0.224675,0.4536125
150523872039122,102.664245,0.114125,0.3125375,0.62095
150523882040122,102.674246,0.1483625,0.313775,0.711425
150523892040976,102.684247,0.1874125,0.208725,0.6331875
150523902041899,102.694248,0.214225,0.1012,0.441375
150523912042822,102.704249,0.213125,0.02915,0.154275
150523922043740,102.714250,0.192225,0.0023375,-0.154825
150523932044419,102.724250,0.169125,0.0218625,-0.4027375
150523942045358,102.734251,0.1714625,0.0939125,-0.546975
150523952046204,102.744252,0.180125,0.1769625,-0.62273747
150523962047111,102.754253,0.197175,0.2600125,-0.6177875
150523972048029,102.764254,0.2167,0.324775,-0.5212625
150523982048724,102.774255,0.230175,0.30153748,-0.4222625
150523992049647,102.784256,0.236225,0.1782,-0.4272125
150524002050555,102.794257,0.225225,-0.0026125,-0.54945
150524012051401,102.804257,0.18865,-0.13213749,-0.7302625
150524022052318,102.814258,0.16665,-0.1309,-0.8206
150524032053227,102.824259,0.1727,0.0059125,-0.7986
150524042053907,102.834260,0.18865,0.2149125,-0.619025
150524052054821,102.844261,0.22893749,0.4250125,-0.2781625
150524062055734,102.854262,0.2644125,0.51535,0.0809875
150524072056580,102.864263,0.3034625,0.406725,0.259325
150524082057501,102.874264,0.3229875,0.19167499,0.2165625
150524092058429,102.884264,0.3047,-0.0636625,0.049225
150524102059347,102.894265,0.24365,-0.27995,-0.2231625
150524112060039,102.904266,0.175175,-0.321475,-0.5322625
150524122060965,102.914267,0.1104125,-0.16995,-0.7192625
150524132061800,102.924268,0.0603625,0.0804375,-0.702075
150524142062717,102.934269,0.0506,0.3345375,-0.5176875
150524152063640,102.944270,0.0823625,0.4800125,-0.221925
150524162064567,102.954271,0.13365,0.4505875,0.0517
150524172065274,102.964271,0.164175,0.29067498,0.1628
150524182066200,102.974272,0.158125,0.0548625,0.1335125
150524192067050,102.984273,0.1263625,-0.15413749,0.0554125
150524202067986,102.994274,0.07865,-0.231,-0.016775
150524212068911,103.004275,0.059125,-0.15895,-0.00935
150524222069856,103.014276,0.0859375,0.0133375,0.0969375
150524232070553,103.024277,0.147125,0.202675,0.270325
150524242071478,103.034277,0.214225,0.3174875,0.4670875
150524252072402,103.044278,0.28393748,0.3419625,0.6516125
150524262073241,103.054279,0.32175,0.27101249,0.7871875
150524272074159,103.064280,0.3339875,0.15619999,0.8531875
150524282075087,103.074281,0.318175,0.05115,0.84095
150524292075776,103.084282,0.26675,-0.0391875,0.7371375
150524302076704,103.094283,0.2044625,-0.08195,0.5806625
150524312077627,103.104284,0.1483625,-0.0686125,0.42185
150524322078551,103.114285,0.125125,-0.01485,0.2459875
150524332079375,103.124285,0.13859999,0.070675,0.0504625
150524342080298,103.134286,0.16665,0.15015,-0.1364
150524352080992,103.144287,0.18493749,0.1854875,-0.2756875
150524362081920,103.154288,0.186175,0.2184875,-0.320925
150524372082843,103.164289,0.15565,0.2514875,-0.26235
150524382083680,103.174290,0.1079375,0.2662,-0.0851125
150524392084704,103.184291,0.0628375,0.19525,0.1420375
150524402085534,103.194292,0.048125,0.1073875,0.3375625
150524412086452,103.204292,0.054175,-0.001375,0.42185
150524422087144,103.214293,0.053075,-0.058849998,0.4280375
150524432088084,103.224294,0.0298375,-0.056375,0.363275
150524442089011,103.234295,4.125E-4,0.0133375,0.248325
150524452089944,103.244296,-0.0301125,0.0853875,0.1005125
150524462090779,103.254297,-0.043449998,0.124437496,-0.0765875
150524472091702,103.264298,-0.056925,0.136675,-0.2536875
150524482092396,103.274298,-0.0691625,0.1293875,-0.3746875
150524492093310,103.284299,-0.0862125,0.1452,-0.39421248
150524502094228,103.294300,-0.105875,0.16115,-0.347875
150524512095151,103.304301,-0.1106875,0.1782,-0.26345
150524522095996,103.314302,-0.1241625,0.1989625,-0.1560625
150524532096919,103.324303,-0.14739999,0.2099625,-0.02035
150524542097608,103.334304,-0.177925,0.22825,0.16775
150524552098526,103.344305,-0.1962125,0.2564375,0.358325
150524562099444,103.354305,-0.1827375,0.2649625,0.441375
150524572100367,103.364306,-0.1486375,0.241725,0.38885
150524582101303,103.374307,-0.106975,0.130625,0.2044625
150524592102145,103.384308,-0.056925,0.0034375,-0.091299996
150524602103053,103.394309,-0.0374,-0.1076625,-0.4332625
150524612103738,103.404310,-0.04235,-0.0319,-0.6043125
150524622104661,103.414311,-0.0446875,0.164725,-0.5762625
150524632105572,103.424312,-0.0154,0.296725,-0.50545
150524642106444,103.434312,0.045649998,0.3284875,-0.4846875
150524652107371,103.444313,0.0933625,0.3004375,-0.53473747
150524662108309,103.454314,0.095837496,0.21615,-0.6325
150524672109232,103.464315,0.0836,0.1379125,-0.6483125
150524682109924,103.474316,0.092125,0.1329625,-0.5542625
150524692110863,103.484317,0.12265,0.1623875,-0.3111625
150524702111772,103.494318,0.164175,0.258775,0.076175
150524712112618,103.504319,0.1984125,0.3212,0.4756125
150524722113541,103.514320,0.2264625,0.268675,0.71389997
150524732114463,103.524320,0.2497,0.136675,0.728475
150524742115146,103.534321,0.26675,0.0059125,0.56485
150524752116051,103.544322,0.2704625,-0.108899996,0.1837
150524762116974,103.554323,0.241175,-0.2322375,-0.2831125
150524772117835,103.564324,0.1934625,-0.20295,-0.6092625
150524782118741,103.574325,0.14093749,-0.0160875,-0.6862625
150524792119665,103.584326,0.1153625,0.208725,-0.5457375
150524802120593,103.594327,0.1276,0.440825,-0.19635
150524812121516,103.604328,0.158125,0.6045875,0.248325
150524822122198,103.614328,0.1824625,0.5691125,0.546425
150524832123046,103.624329,0.18493749,0.3529625,0.5966125
150524842123969,103.634330,0.1617,0.0133375,0.408375
150524852124880,103.644331,0.0994125,-0.3287625,0.021175
150524862125800,103.654332,0.01265,-0.49981248,-0.436975
150524872126513,103.664333,-0.061875,-0.4008125,-0.7387875
150524882127436,103.674333,-0.09845,-0.128425,-0.84865
150524892128344,103.684334,-0.0741125,0.1452,-0.840125
150524902129190,103.694335,-0.001925,0.41525,-0.685025
150524912130111,103.704336,0.064075,0.57035,-0.419925
150524922131039,103.714337,0.1056,0.5215375,-0.1926375
150524932131968,103.724338,0.120175,0.34925,-0.093637496
150524942132896,103.734339,0.10065,0.120725,-0.0851125
150524952133575,103.744340,0.0493625,-0.086899996,-0.1071125
150524962134513,103.754341,-0.014162499,-0.1859,-0.1401125
150524972135354,103.764341,-0.0594,-0.15413749,-0.1975875
150524982136261,103.774342,-0.0642125,0.0023375,-0.232925
150524992137184,103.784343,-0.028875,0.180675,-0.21835
150525002138092,103.794344,0.015125,0.302775,-0.17435
150525012138770,103.804345,0.0493625,0.3394875,-0.105875
150525022139709,103.814346,0.065175,0.2992,0.0089375
150525032140550,103.824347,0.0603625,0.20625,0.1397
150525042141454,103.834347,0.0603625,0.086625,0.236225
150525052142375,103.844348,0.0713625,-0.029424999,0.25575
150525062143298,103.854349,0.087175,-0.12595,0.1628
150525072144236,103.864350,0.0994125,-0.16995,-0.0105875
150525082145154,103.874351,0.092125,-0.145475,-0.1791625
150525092145846,103.884352,0.0726,-0.062425,-0.276925
150525102146690,103.894353,0.065175,0.0462,-0.3196875
150525112147690,103.904354,0.081125,0.1109625,-0.3001625
150525122148562,103.914355,0.11165,0.1403875,-0.215875
150525132149485,103.924355,0.1458875,0.1464375,-0.038775
150525142150178,103.934356,0.169125,0.1379125,0.22275
150525152151361,103.944357,0.16293749,0.13915,0.5220875
150525162152060,103.954358,0.1348875,0.1549625,0.7907625
150525172152983,103.964359,0.1104125,0.1549625,0.943525
150525182153921,103.974360,0.098175,0.1329625,0.9202875
150525192154779,103.984361,0.087175,0.075625,0.7187125
150525202155702,103.994362,0.0823625,-0.040425,0.31185
150525212156635,104.004363,0.0946,-0.1772375,-0.24887499
150525222157344,104.014363,0.0859375,-0.1871375,-0.7167875
150525232158267,104.024364,0.0616,-0.034375,-0.9024125
150525242159180,104.034365,0.0468875,0.1513875,-0.8523625
150525252160034,104.044366,0.0664125,0.313775,-0.6105
150525262160957,104.054367,0.1079375,0.4384875,-0.2231625
150525272161899,104.064368,0.1238875,0.445775,0.1958
150525282162818,104.074369,0.1104125,0.30525,0.507375
150525292163496,104.084369,0.0859375,0.0963875,0.6271375
150525302164421,104.094370,0.0628375,-0.144375,0.545325
150525312165343,104.104371,0.0248875,-0.3117125,0.3205125
150525322166260,104.114372,-0.0226875,-0.29947498,0.07975
150525332167108,104.124373,-0.056925,-0.1236125,0.0028875
150525342168025,104.134374,-0.0752125,0.124437496,0.1274625
150525352168714,104.144375,-0.0484,0.3394875,0.3375625
150525362169637,104.154376,0.020075,0.47025,0.50985
150525372170560,104.164377,0.0836,0.4580125,0.55385
150525382171420,104.174377,0.10065,0.2954875,0.47079998
150525392172418,104.184378,0.076175,0.0633875,0.3278
150525402173262,104.194379,0.0298375,-0.18095,0.117699996
150525412174193,104.204380,-0.0374,-0.310475,-0.07535
150525422175126,104.214381,-0.1021625,-0.2737625,-0.16335
150525432175820,104.224382,-0.1326875,-0.1016125,-0.1621125
150525442176723,104.234383,-0.1254,0.12815,-0.1071125
150525452177651,104.244384,-0.0862125,0.3394875,-0.028875
150525462178497,104.254384,-0.0276375,0.407825,0.02365
150525472179406,104.264385,0.0286,0.2784375,-0.0325875
150525482180328,104.274386,0.054175,0.08415,-0.2146375
150525492181022,104.284387,0.0383625,-0.08085,-0.4222625
150525502181935,104.294388,-0.017875,-0.1516625,-0.54945
150525512182872,104.304389,-0.073975,-0.078375,-0.55055
150525522183806,104.314390,-0.093637496,0.0768625,-0.43945
150525532184657,104.324391,-0.06545,0.2380125,-0.2464
150525542185573,104.334392,0.0103124995,0.3883,-0.005775
150525552186482,104.344392,0.0946,0.4494875,0.1750375
150525562187400,104.354393,0.1483625,0.417725,0.2605625
150525572188104,104.364394,0.1519375,0.3334375,0.292325
150525582189032,104.374395,0.1238875,0.23925,0.2838
150525592189950,104.384396,0.0848375,0.1574375,0.225225
150525602190873,104.394397,0.0554125,0.1159125,0.1299375
150525612191794,104.404398,0.054175,0.124437496,0.021175
150525622192648,104.414399,0.0738375,0.1489125,-0.10835
150525632193574,104.424400,0.120175,0.1684375,-0.270875
150525642194497,104.434400,0.164175,0.15015,-0.4467375
150525652195203,104.444401,0.180125,0.108625,-0.612975
150525662196123,104.454402,0.1703625,0.091437496,-0.7143125
150525672197051,104.464403,0.136125,0.092675,-0.7253125
150525682197945,104.474404,0.1104125,0.10615,-0.6483125
150525692198770,104.484405,0.092125,0.1269125,-0.4932125
150525702199688,104.494406,0.0848375,0.142725,-0.2756875
150525712200382,104.504406,0.095837496,0.1489125,-0.0485375
150525722201295,104.514407,0.1128875,0.125675,0.082225
150525732202218,104.524408,0.1299375,0.0671,0.06875
150525742203161,104.534409,0.1458875,-0.013612499,-0.0485375
150525752204079,104.544410,0.1507,-0.06985,-0.2011625
150525762204914,104.554411,0.1397,-0.0600875,-0.326975
150525772205909,104.564412,0.1214125,-0.001375,-0.397925
150525782206741,104.574413,0.1214125,0.05115,-0.4186875
150525792207664,104.584414,0.13859999,0.0609125,-0.4101625
150525802208353,104.594414,0.1654125,0.048675,-0.3795
150525812209276,104.604415,0.1824625,0.0389125,-0.34045
150525822210213,104.614416,0.1813625,0.0169125,-0.27445
150525832211065,104.624417,0.1593625,-0.0086624995,-0.1865875
150525842211988,104.634418,0.13859999,-0.028324999,-0.088825
150525852212904,104.644419,0.1263625,-0.0306625,0.0077
150525862213842,104.654420,0.1128875,-0.0380875,0.098175
150525872214563,104.664421,0.109175,-0.017324999,0.17379999
150525882215474,104.674421,0.109175,0.0413875,0.2385625
150525892216426,104.684422,0.1104125,0.1098625,0.3070375
150525902217350,104.694423,0.1153625,0.1513875,0.3315125
150525912218181,104.704424,0.1276,0.1293875,0.259325
150525922219104,104.714425,0.1299375,0.0364375,0.117699996
150525932220030,104.724426,0.1056,-0.051425,-0.0325875
150525942220934,104.734427,0.059125,-0.08085,-0.1351625
150525952221857,104.744428,0.015125,-0.0209,-0.1254
150525962222565,104.754429,-0.0056375,0.06215,-0.013062499
150525972223489,104.764429,0.0066,0.142725,0.1519375
150525982224412,104.774430,0.0396,0.19525,0.3350875
150525992225253,104.784431,0.0749375,0.1769625,0.5000875
150526002226150,104.794432,0.1018875,0.103675,0.5746125
150526012227068,104.804433,0.1104125,0.0279125,0.55385
150526022228001,104.814434,0.10065,0.0034375,0.4818
150526032228690,104.824435,0.0688875,-0.0111375,0.391325
150526042229828,104.834436,0.0468875,-0.012375,0.2800875
150526052230523,104.844437,0.037125,0.009625,0.148225
150526062231431,104.854437,0.043175,0.0451,0.0369875
150526072232354,104.864438,0.0444125,0.091437496,-0.03135
150526082233195,104.874439,0.034649998,0.131725,-0.044825
150526092234116,104.884440,0.031075,0.1659625,-0.028875
150526102234825,104.894441,0.0334125,0.1904375,0.03575
150526112235977,104.904442,0.0163625,0.180675,0.1604625
150526122236686,104.914443,-0.0044,0.1892,0.31185
150526132237609,104.924444,-0.028875,0.2014375,0.4609
150526142238532,104.934445,-0.0361625,0.2270125,0.5819
150526152239362,104.944445,-0.028875,0.2404875,0.63085
150526162240368,104.954446,-0.0116875,0.2404875,0.5770875
150526172241214,104.964447,0.0028875,0.224675,0.4609
150526182242145,104.974448,0.004125,0.1879625,0.297275
150526192243068,104.984449,0.0053625,0.1439625,0.09075
150526202243747,104.994450,-0.0056375,0.0768625,-0.1291125
150526212244676,105.004451,-0.028875,0.0682,-0.2904
150526222245599,105.014452,-0.067925,0.1159125,-0.3282125
150526232246522,105.024453,-0.1034,0.2014375,-0.2206875
150526242247440,105.034453,-0.1167375,0.285725,0.005225
150526252248275,105.044454,-0.089925,0.3639625,0.2850375
150526262249207,105.054455,-0.045925,0.4090625,0.496375
150526272250127,105.064456,-0.0044,0.36519998,0.557425
150526282251050,105.074457,0.0213125,0.2514875,0.4731375
150526292251958,105.084458,0.0248875,0.102437496,0.270325
150526302252650,105.094459,0.0066,-0.056375,-0.0325875
150526312253575,105.104460,-0.0446875,-0.100375,-0.3282125
150526322254421,105.114460,-0.0972125,-0.0331375,-0.502975
150526332255363,105.124461,-0.10945,0.0988625,-0.5115
150526342256271,105.134462,-0.0776875,0.2222,-0.4027375
150526352257194,105.144463,-6.875E-4,0.340725,-0.199925
150526362258122,105.154464,0.0946,0.3870625,0.0077
150526372258818,105.164465,0.1617,0.3089625,0.0944625
150526382259987,105.174466,0.1764125,0.18315,-0.0180125
150526392260681,105.184467,0.1384625,0.0548625,-0.2061125
150526402261618,105.194468,0.054175,-0.028324999,-0.27335
150526412262547,105.204469,-0.0166375,-0.0380875,-0.193875
150526422263400,105.214469,-0.0336875,0.0193875,-0.0570625
150526432264309,105.224470,-0.006875,0.103675,0.05775
150526442265224,105.234471,0.0554125,0.1329625,0.095699996
150526452266145,105.244472,0.1189375,0.0999625,0.0174625
150526462267073,105.254473,0.142175,-0.0026125,-0.1560625
150526472267767,105.264474,0.1104125,-0.0906125,-0.337975
150526482268691,105.274475,0.0383625,-0.0759,-0.4334
150526492269614,105.284476,-0.0471625,0.0254375,-0.370975
150526502270528,105.294477,-0.094875,0.15015,-0.1926375
150526512271465,105.304477,-0.0862125,0.2112,-0.0375375
150526522272294,105.314478,-0.03135,0.180675,0.0309375
150526532273213,105.324479,0.0163625,0.053625,-0.03135
150526542274136,105.334480,0.0188375,-0.0710875,-0.1755875
150526552275030,105.344481,-0.043449998,-0.1247125,-0.2976875
150526562275725,105.354482,-0.12045,-0.0661375,-0.320925
150526572276648,105.364483,-0.17545,0.0474375,-0.2525875
150526582277571,105.374484,-0.1852125,0.1709125,-0.1071125
150526592278494,105.384484,-0.1632125,0.23567499,0.0627
150526602279342,105.394485,-0.1192125,0.2222,0.1750375
150526612280256,105.404486,-0.072875,0.1403875,0.1579875
150526622281174,105.414487,-0.03135,0.02915,0.0297
150526632282097,105.424488,-0.017875,-0.0600875,-0.1706375
150526642283045,105.434489,-0.0374,-0.14795,-0.38073748
150526652283742,105.444490,-0.07645,-0.15895,-0.53845
150526662284896,105.454491,-0.115637496,-0.08195,-0.586025
150526672285585,105.464492,-0.116875,0.0243375,-0.5592125
150526682286508,105.474493,-0.0776875,0.092675,-0.5627875
150526692287450,105.484493,-0.0056375,0.142725,-0.5957875
150526702288294,105.494494,0.0518375,0.180675,-0.5885
150526712289228,105.504495,0.087175,0.2234375,-0.4772625
150526722290151,105.514496,0.1214125,0.268675,-0.2231625
150526732291088,105.524497,0.1483625,0.2404875,0.1445125
150526742292006,105.534498,0.18493749,0.164725,0.4695625
150526752292695,105.544499,0.225225,0.059675,0.5770875
150526762293618,105.554500,0.24475,-0.0746625,0.479325
150526772294541,105.564501,0.236225,-0.1969,0.2825625
150526782295478,105.574501,0.20693749,-0.2409,0.065175
150526792296411,105.584502,0.1604625,-0.17613749,-0.060775
150526802297320,105.594503,0.12265,-0.017324999,-0.0325875
150526812298156,105.604504,0.1166,0.1769625,0.121275
150526822299073,105.614505,0.14093749,0.31501248,0.330275
150526832300000,105.624506,0.186175,0.3480125,0.5025625
150526842300918,105.634507,0.225225,0.268675,0.568425
150526852301856,105.644508,0.241175,0.119625,0.5746125
150526862302779,105.654509,0.2277,-0.0209,0.513425
150526872303483,105.664509,0.1764125,-0.1491875,0.375375
150526882304416,105.674510,0.1153625,-0.2261875,0.2300375
150526892305339,105.684511,0.048125,-0.2286625,0.126225
150526902306276,105.694512,0.004125,-0.1577125,0.0699875
150526912307204,105.704513,-0.0056375,-0.0466125,0.04675
150526922308055,105.714514,4.125E-4,0.0743875,0.0479875
150526932308981,105.724515,0.020075,0.1574375,0.016224999
150526942309906,105.734516,0.0358875,0.175725,-0.0570625
150526952310597,105.744517,0.032175,0.124437496,-0.1670625
150526962311517,105.754518,0.0103124995,0.0474375,-0.3551625
150526972312440,105.764518,-0.023924999,-0.0600875,-0.59455
150526982313392,105.774519,-0.0642125,-0.122375,-0.79983747
150526992314310,105.784520,-0.0911625,-0.106425,-0.9024125
150527002315233,105.794521,-0.078925,-0.012375,-0.8083625
150527012316160,105.804522,-0.012925,0.147675,-0.4772625
150527022317012,105.814523,0.076175,0.3102,0.0479875
150527032317935,105.824524,0.15565,0.4103,0.5379
150527042318842,105.834525,0.2228875,0.4103,0.7382375
150527052319755,105.844526,0.247225,0.3064875,0.6259
150527062320678,105.854527,0.2228875,0.091437496,0.2765125
150527072321587,105.864528,0.1568875,-0.205425,-0.1791625
150527082322515,105.874529,0.0334125,-0.3667125,-0.4797375
150527092323210,105.884529,-0.07645,-0.2872375,-0.4761625
150527102324114,105.894530,-0.12045,-0.0721875,-0.2525875
150527112325037,105.904531,-0.0886875,0.15015,0.043175
150527122325960,105.914532,0.0078375,0.3102,0.2580875
150527132326883,105.924533,0.103125,0.340725,0.297275
150527142327712,105.934534,0.1494625,0.23567499,0.2190375
150527152328635,105.944535,0.1384625,0.0389125,0.1555125
150527162329558,105.954536,0.0639375,-0.133375,0.170225
150527172330486,105.964536,-0.0301125,-0.20047499,0.2349875
150527182331386,105.974537,-0.08745,-0.17613749,0.3388
150527192332304,105.984538,-0.0924,-0.084425,0.4255625
150527202332984,105.994539,-0.0642125,-0.0099,0.4450875
150527212333907,106.004540,-0.0116875,0.048675,0.4010875
150527222334839,106.014541,0.0468875,0.092675,0.275275
150527232335762,106.024542,0.0798875,0.1122,0.148225
150527242336676,106.034543,0.054175,0.1354375,0.121275
150527252337594,106.044544,0.0078375,0.1634875,0.1885125
150527262338430,106.054544,-0.02035,0.1684375,0.247225
150527272339428,106.064545,-0.0226875,0.1329625,0.2410375
150527282340289,106.074546,-0.0116875,0.0279125,0.1469875
150527292341212,106.084547,-0.0044,-0.1016125,-0.02035
150527302342130,106.094548,-0.0301125,-0.1456125,-0.1670625
150527312343053,106.104549,-0.072875,-0.0856625,-0.1901625
150527322343985,106.114550,-0.1131625,0.06215,-0.0741125
150527332344669,106.124551,-0.1241625,0.2332,0.1249875
150527342345594,106.134552,-0.0814,0.368775,0.358325
150527352346512,106.144553,-0.0226875,0.3760625,0.5086125
150527362347450,106.154553,0.0298375,0.2270125,0.4488
150527372348387,106.164554,0.034649998,0.0633875,0.2728
150527382349310,106.174555,-0.0251625,-0.02585,0.1359875
150527392350231,106.184556,-0.1266375,-0.0209,0.0589875
150527402351084,106.194557,-0.188925,0.0561,0.0444125
150527412351992,106.204558,-0.19745,0.1623875,0.05775
150527422352924,106.214559,-0.1584,0.2344375,0.0309375
150527432353847,106.224560,-0.1131625,0.2319625,-0.0240625
150527442354770,106.234561,-0.0862125,0.17215,-0.1450625
150527452355683,106.244562,-0.0716375,0.10615,-0.28187498
150527462356601,106.254563,-0.084975,0.0353375,-0.39421248
150527472357295,106.264563,-0.128975,-0.017324999,-0.469975
150527482358218,106.274564,-0.1632125,-0.0246125,-0.485925
150527492359141,106.284565,-0.1705,-0.036849998,-0.4626875
150527502360056,106.294566,-0.16445,-0.006325,-0.3697375
150527512360988,106.304567,-0.144925,0.042625,-0.1901625
150527522361926,106.314568,-0.111925,0.1109625,0.06875
150527532362849,106.324569,-0.0716375,0.1794375,0.3315125
150527542363770,106.334570,-0.028875,0.1929125,0.5000875
150527552364695,106.344571,-0.0081124995,0.1549625,0.5330875
150527562365553,106.354572,-0.001925,0.0633875,0.4378
150527572366476,106.364572,-0.0031625,-0.06985,0.2385625
150527582367394,106.374573,-0.0154,-0.2432375,-0.0680625
150527592368332,106.384574,-0.0154,-0.3422375,-0.370975
150527602369255,106.394575,-0.023924999,-0.26895,-0.5077875
150527612370178,106.404576,-0.0386375,-0.08085,-0.45168748
150527622371106,106.414577,-0.04235,0.124437496,-0.2586375
150527632372029,106.424578,-0.0264,0.3199625,0.0334125
150527642372721,106.434579,0.004125,0.3235375,0.2690875
150527652373646,106.444580,0.0358875,0.180675,0.33385
150527662374556,106.454581,0.053075,-0.0979,0.20927499
150527672375469,106.464581,0.0383625,-0.3592875,0.00165
150527682376378,106.474582,-0.0496375,-0.476575,-0.22687499
150527692377301,106.484583,-0.1522125,-0.38005,-0.3636875
150527702378127,106.494584,-0.2352625,-0.0941875,-0.3196875
150527712379050,106.504585,-0.254925,0.1929125,-0.1951125
150527722379971,106.514586,-0.2022625,0.3663,-0.044825
150527732380894,106.524587,-0.1144,0.373725,0.110275
150527742381805,106.534588,-0.0532125,0.23925,0.1555125
150527752382726,106.544589,-0.034925,0.0243375,0.0969375
150527762383650,106.554590,-0.0886875,-0.1236125,0.0089375
150527772384558,106.564591,-0.1791625,-0.19813749,-0.0473
150527782385481,106.574591,-0.2585,-0.155375,-0.0081124995
150527792386404,106.584592,-0.282975,-0.0270875,0.09075
150527802387327,106.594593,-0.2462625,0.0779625,0.1640375
150527812388266,106.604594,-0.1827375,0.1452,0.165275
150527822388964,106.614595,-0.12045,0.1549625,0.0919875
150527832389879,106.624596,-0.105875,0.1219625,-0.0081124995
150527842390816,106.634597,-0.1302125,0.0352,-0.115637496
150527852391739,106.644598,-0.1827375,-0.007425,-0.1573
150527862392662,106.654599,-0.2341625,-0.00385,-0.1340625
150527872393595,106.664600,-0.2585,0.026675,-0.091299996
150527882394518,106.674601,-0.2487375,0.0303875,-0.061875
150527892395445,106.684601,-0.23045,0.037675,-0.0680625
150527902396368,106.694602,-0.2035,0.0011,-0.1120625
150527912397294,106.704603,-0.1766875,-0.0246125,-0.165825
150527922398143,106.714604,-0.1656875,-0.0319,-0.187825
150527932399064,106.724605,-0.150975,-0.00385,-0.1670625
150527942399987,106.734606,-0.13145,0.01815,-0.1364
150527952400910,106.744607,-0.105875,0.0328625,-0.0803
150527962401833,106.754608,-0.0752125,0.0133375,-0.0191125
150527972402742,106.764609,-0.054449998,-0.0490875,-0.0400125
150527982403669,106.774610,-0.0484,-0.1101375,-0.1816375
150527992404592,106.784611,-0.0704,-0.11495,-0.309925
150528002405510,106.794612,-0.111925,-0.018424999,-0.3331625
150528012406418,106.804612,-0.1254,0.124437496,-0.270875
150528022407113,106.814613,-0.115637496,0.2259125,-0.1596375
150528032408036,106.824614,-0.0776875,0.2479125,-0.0583
150528042408959,106.834615,-0.0386375,0.186725,-0.066825
150528052409887,106.844616,-0.02145,0.05115,-0.2036375
150528062410810,106.854617,-0.0446875,-0.0551375,-0.4224
150528072411747,106.864618,-0.0851125,-0.029424999,-0.5872625
150528082412666,106.874619,-0.117975,0.09515,-0.579975
150528092413584,106.884620,-0.1241625,0.252725,-0.3771625
150528102414488,106.894620,-0.116875,0.373725,-0.05335
150528112415402,106.904621,-0.08745,0.4213,0.2825625
150528122416320,106.914622,-0.0606375,0.36025,0.4816625
150528132417243,106.924623,-0.0496375,0.1769625,0.45113748
150528142418164,106.934624,-0.0581625,-0.017324999,0.2630375
150528152419010,106.944625,-0.1131625,-0.1626625,-0.050875
150528162420031,106.954626,-0.1852125,-0.14795,-0.3356375
150528172420861,106.964627,-0.23773749,-0.001375,-0.4114
150528182421789,106.974628,-0.2365,0.1549625,-0.331925
150528192422733,106.984629,-0.2022625,0.2294875,-0.2256375
150528202423665,106.994630,-0.1522125,0.20515,-0.1205875
150528212424583,107.004631,-0.1302125,0.0658625,-0.022824999
150528222425521,107.014632,-0.14245,-0.086899996,0.0394625
150528232426444,107.024632,-0.1827375,-0.166375,0.0919875
150528242427371,107.034633,-0.23045,-0.15895,0.176275
150528252428280,107.044634,-0.26345,-0.084425,0.2580875
150528262428979,107.054635,-0.267025,0.0011,0.31075
150528272430121,107.064636,-0.25245,0.0499125,0.3168
150528282431054,107.074637,-0.23773749,0.04015,0.2410375
150528292431773,107.084638,-0.2292125,-0.0086624995,0.1287
150528302432686,107.094639,-0.2365,-0.089375,-0.02035
150528312433609,107.104640,-0.249975,-0.1516625,-0.1901625
150528322434537,107.114641,-0.267025,-0.1687125,-0.3161125
150528332435460,107.124641,-0.282975,-0.111375,-0.3416875
150528342436378,107.134642,-0.2805,-0.017324999,-0.2684
150528352437311,107.144643,-0.2682625,0.086625,-0.1120625
150528362438239,107.154644,-0.2487375,0.153725,0.0675125
150528372439158,107.164645,-0.21945,0.1354375,0.1665125
150528382440095,107.174646,-0.2047375,0.0144375,0.0895125
150528392441008,107.184647,-0.2035,-0.1431375,-0.121825
150528402441931,107.194648,-0.2352625,-0.2371875,-0.3881625
150528412442854,107.204649,-0.2866875,-0.22495,-0.6263125
150528422443787,107.214650,-0.3282125,-0.0941875,-0.7387875
150528432444631,107.224651,-0.34045,0.070675,-0.6972625
150528442445556,107.234652,-0.304975,0.2014375,-0.4712125
150528452446568,107.244653,-0.2352625,0.230725,-0.1023
150528462447420,107.254653,-0.1694,0.153725,0.236225
150528472448422,107.264654,-0.12773749,0.0034375,0.347325
150528482449251,107.274655,-0.1254,-0.155375,0.2838
150528492450189,107.284656,-0.1742125,-0.294525,0.1005125
150528502451102,107.294657,-0.2487375,-0.32999998,-0.127875
150528512452025,107.304658,-0.3122625,-0.2299,-0.2561625
150528522452943,107.314659,-0.3245,-0.0759,-0.22935
150528532453866,107.324660,-0.28545,0.0218625,-0.1266375
150528542454794,107.334661,-0.2341625,0.037675,-0.0631125
150528552455697,107.344662,-0.1962125,-0.0429,-0.0815375
150528562456621,107.354663,-0.188925,-0.15895,-0.16335
150528572457530,107.364664,-0.2011625,-0.2506625,-0.2781625
150528582458453,107.374664,-0.221925,-0.2897125,-0.30621248
150528592459376,107.384665,-0.238975,-0.2847625,-0.1681625
150528602460299,107.394666,-0.245025,-0.2286625,0.076175
150528612461207,107.404667,-0.216975,-0.161425,0.374275
150528622462130,107.414668,-0.172975,-0.128425,0.64295
150528632463053,107.424669,-0.1131625,-0.1639,0.7236625
150528642463976,107.434670,-0.083875,-0.2017125,0.6001875
150528652464899,107.444671,-0.09845,-0.2542375,0.3388
150528662465823,107.454672,-0.133925,-0.29947498,0.010175
150528672466515,107.464673,-0.17545,-0.3141875,-0.31239998
150528682467440,107.474673,-0.20845,-0.29947498,-0.513975
150528692468597,107.484675,-0.2255,-0.2616625,-0.6007375
150528702469291,107.494675,-0.2242625,-0.2299,-0.619025
150528712470218,107.504676,-0.2047375,-0.19813749,-0.5652625
150528722471132,107.514677,-0.188925,-0.1871375,-0.4272125
150528732472065,107.524678,-0.1901625,-0.17847499,-0.2305875
150528742472993,107.534679,-0.2022625,-0.161425,0.0039875
150528752473916,107.544680,-0.2047375,-0.15413749,0.1945625
150528762474839,107.554681,-0.19745,-0.167475,0.24475
150528772475991,107.564682,-0.183975,-0.167475,0.099275
150528782476685,107.574683,-0.17545,-0.1687125,-0.1315875
150528792477613,107.584684,-0.18645,-0.10395,-0.32945
150528802478536,107.594685,-0.188925,-0.047849998,-0.40039998
150528812479464,107.604685,-0.188925,0.0328625,-0.2831125
150528822480387,107.614686,-0.1766875,0.0902,-0.044825
150528832481311,107.624687,-0.150975,0.0999625,0.2435125
150528842482238,107.634688,-0.117975,0.048675,0.4731375
150528852483161,107.644689,-0.094875,-0.0466125,0.5231875
150528862484084,107.654690,-0.0776875,-0.133375,0.4486625
150528872485007,107.664691,-0.083875,-0.211475,0.3240875
150528882485853,107.674692,-0.1144,-0.25795,0.2190375
150528892486851,107.684693,-0.1632125,-0.2189,0.23375
150528902487781,107.694694,-0.1827375,-0.144375,0.386375
150528912488690,107.704695,-0.1694,-0.0429,0.5721375
150528922489618,107.714696,-0.1216875,0.004675,0.689425
150528932490454,107.724696,-0.0826375,-1.375E-4,0.71389997
150528942491379,107.734697,-0.056925,-0.047849998,0.6601375
150528952492319,107.744698,-0.0484,-0.1271875,0.5231875
150528962493319,107.754699,-0.0704,-0.20295,0.347325
150528972494167,107.764700,-0.117975,-0.238425,0.2569875
150528982495165,107.774701,-0.1571625,-0.2347125,0.2838
150528992496088,107.784702,-0.1827375,-0.17613749,0.4158
150529002496993,107.794703,-0.1804,-0.0966625,0.584375
150529012497916,107.804704,-0.15345,-0.0319,0.695475
150529022498833,107.814705,-0.122925,-0.0539,0.645425
150529032499680,107.824706,-0.1106875,-0.12595,0.4621375
150529042500694,107.834707,-0.1376375,-0.2726625,0.1958
150529052501602,107.844708,-0.172975,-0.34347498,-0.0411125
150529062502429,107.854708,-0.210925,-0.3482875,-0.2171125
150529072503349,107.864709,-0.25245,-0.271425,-0.2904
150529082504253,107.874710,-0.271975,-0.1859,-0.3136375
150529092505193,107.884711,-0.2695,-0.0979,-0.2024
150529102506116,107.894712,-0.2451625,-0.0319,-0.05335
150529112507039,107.904713,-0.194975,-0.0075625,0.0589875
150529122508049,107.914714,-0.1461625,-0.039325,0.1029875
150529132508975,107.924715,-0.1254,-0.1016125,0.0699875
150529142509828,107.934716,-0.1266375,-0.1406625,-0.0290125
150529152510751,107.944717,-0.1436875,-0.1431375,-0.1353
150529162511674,107.954718,-0.1522125,-0.10395,-0.22687499
150529172512597,107.964719,-0.1461625,-0.06985,-0.3111625
150529182513535,107.974720,-0.1216875,-0.0576125,-0.370975
150529192514458,107.984720,-0.0924,-0.0429,-0.336875
150529202515458,107.994721,-0.0741125,-0.0319,-0.17435
150529212516383,108.004722,-0.043449998,-0.012375,0.0919875
150529222517213,108.014723,-0.0056375,-0.0600875,0.26785
150529232518136,108.024724,0.02365,-0.156475,0.237325
150529242519074,108.034725,0.0444125,-0.260425,0.0504625
150529252520015,108.044726,0.009075,-0.31295,-0.0925375
150529262520952,108.054727,-0.056925,-0.2677125,-0.1255375
150529272521890,108.064728,-0.1021625,-0.1199,-0.0105875
150529282522895,108.074729,-0.1034,-0.0331375,0.226325
150529292523742,108.084730,-0.06545,-0.0380875,0.4145625
150529302524644,108.094731,-0.0105875,-0.1419,0.4120875
150529312525567,108.104732,0.0224125,-0.2921875,0.27775
150529322526491,108.114732,0.026124999,-0.44,0.07975
150529332527400,108.124733,-0.0031625,-0.5047625,-0.1890625
150529342528323,108.134734,-0.0484,-0.415525,-0.380875
150529352529255,108.144735,-0.0911625,-0.264,-0.37345
150529362530241,108.154736,-0.1131625,-0.11385,-0.18287499
150529372531166,108.164737,-0.1034,-0.0111375,0.13475
150529382532015,108.174738,-0.072875,0.0243375,0.5220875
150529392532938,108.184739,-0.04235,-0.0539,0.814
150529402533861,108.194740,-0.0215875,-0.1797125,0.904475
150529412534784,108.204741,-0.0191125,-0.3117125,0.76876247
150529422535703,108.214742,-0.0361625,-0.506,0.35227498
150529432536626,108.224743,-0.0631125,-0.6843375,-0.28187498
150529442537631,108.234744,-0.1241625,-0.6513375,-0.845075
150529452538477,108.244744,-0.210925,-0.4057625,-1.0454125
150529462539391,108.254745,-0.2475,-0.089375,-0.9024125
150529472540314,108.264746,-0.2047375,0.1623875,-0.4565
150529482541237,108.274747,-0.117975,0.2112,0.0859375
150529492542173,108.284748,-0.06545,0.0364375,0.46585
150529502542868,108.294749,-0.0581625,-0.2787125,0.62095
150529512544019,108.304750,-0.10945,-0.5303375,0.6221875
150529522545019,108.314751,-0.19373749,-0.630575,0.48785
150529532545940,108.324752,-0.265925,-0.56581247,0.286275
150529542546784,108.334753,-0.300025,-0.4192375,0.1335125
150529552547707,108.344754,-0.2866875,-0.2921875,0.1115125
150529562548630,108.354755,-0.23773749,-0.205425,0.159225
150529572549563,108.364756,-0.1876875,-0.16995,0.1885125
150529582550500,108.374757,-0.1571625,-0.2212375,0.1775125
150529592551438,108.384757,-0.1607375,-0.3067625,0.1189375
150529602552442,108.394758,-0.1901625,-0.385,0.01265
150529612553358,108.404759,-0.2365,-0.442475,-0.0803
150529622554188,108.414760,-0.282975,-0.4167625,-0.113299996
150529632555111,108.424761,-0.293975,-0.3372875,-0.110825
150529642556034,108.434762,-0.2817375,-0.2519,-0.069299996
150529652556957,108.444763,-0.2365,-0.1956625,-0.0350625
150529662557880,108.454764,-0.1815,-0.1931875,0.01265
150529672558803,108.464765,-0.14739999,-0.23595,0.073699996
150529682559803,108.474766,-0.1387375,-0.260425,0.148225
150529692560728,108.484767,-0.1351625,-0.2542375,0.2569875
150529702561567,108.494768,-0.1216875,-0.2151875,0.39985
150529712562476,108.504768,-0.0972125,-0.211475,0.5366625
150529722563386,108.514769,-0.0606375,-0.2737625,0.6197125
150529732564309,108.524770,-0.0226875,-0.38747498,0.6136625
150529742565246,108.534771,0.0114124995,-0.4827625,0.5159
150529752566160,108.544772,0.0396,-0.5218125,0.3058
150529762567146,108.554773,0.0408375,-0.4632375,0.0614625
150529772568061,108.564774,0.0224125,-0.3471875,-0.0900625
150529782568920,108.574775,0.004125,-0.22247499,-0.105875
150529792569843,108.584776,0.0028875,-0.1711875,-0.0045375
150529802570775,108.594777,0.031075,-0.1871375,0.1359875
150529812571698,108.604778,0.056649998,-0.2567125,0.2838
150529822572622,108.614779,0.0628375,-0.3287625,0.375375
150529832573631,108.624780,0.0554125,-0.385,0.37661248
150529842574556,108.634781,0.0493625,-0.429,0.286275
150529852575474,108.644781,0.034649998,-0.4142875,0.104225
150529862576318,108.654782,0.0028875,-0.354475,-0.083875
150529872577241,108.664783,-0.028875,-0.242,-0.14739999
150529882578234,108.674784,-0.05335,-0.128425,-0.069299996
150529892579096,108.684785,-0.0471625,-0.0759,0.0944625
150529902580019,108.694786,-0.0044,-0.1101375,0.2690875
150529912580931,108.704787,0.0408375,-0.22247499,0.347325
150529922581936,108.714788,0.0518375,-0.326425,0.2935625
150529932582855,108.724789,0.0383625,-0.3862375,0.14575
150529942583699,108.734790,0.0053625,-0.3922875,-0.0375375
150529952584701,108.744791,-0.0081124995,-0.3507625,-0.2611125
150529962585624,108.754792,-0.017875,-0.29095,-0.469975
150529972586455,108.764792,-0.028875,-0.183425,-0.5762625
150529982587378,108.774793,-0.0336875,-0.0611875,-0.5457375
150529992588285,108.784794,-0.03135,0.0279125,-0.3612125
150530002589511,108.794796,-0.017875,0.0658625,-0.0631125
150530012590186,108.804796,0.0053625,0.0243375,0.2459875
150530022591110,108.814797,0.0334125,-0.0881375,0.4145625
150530032592033,108.824798,0.059125,-0.22247499,0.43285
150530042592946,108.834799,0.0798875,-0.315425,0.3436125
150530052593869,108.844800,0.0823625,-0.308,0.203225
150530062594802,108.854801,0.0628375,-0.2066625,0.104225
150530072595715,108.864802,0.0468875,-0.0441375,0.132275
150530082596867,108.874803,0.043175,0.102437496,0.28985
150530092597790,108.884804,0.07865,0.13915,0.4939
150530102598465,108.894804,0.1373625,0.0902,0.6551875
150530112599617,108.904806,0.180125,-0.0306625,0.7492375
150530122600535,108.914807,0.197175,-0.128425,0.76876247
150530132601230,108.924807,0.181225,-0.1871375,0.71389997
150530142602153,108.934808,0.1494625,-0.20047499,0.5977125
150530152603076,108.944809,0.117699996,-0.13695,0.479325
150530162604228,108.954810,0.1104125,-0.039325,0.397375
150530172605228,108.964811,0.1384625,0.0462,0.3608
150530182606078,108.974812,0.16665,0.0768625,0.3485625
150530192606799,108.984813,0.1909875,0.0694375,0.35585
150530202607938,108.994814,0.1898875,0.004675,0.3730375
150530212608861,109.004815,0.17765,-0.0600875,0.3718
150530222609798,109.014816,0.1544125,-0.0979,0.34485
150530232610726,109.024817,0.1434125,-0.100375,0.3095125
150530242611731,109.034818,0.1494625,-0.084425,0.25575
150530252612647,109.044819,0.1544125,-0.0551375,0.2055625
150530262613496,109.054819,0.1678875,-0.0221375,0.1909875
150530272614438,109.064820,0.1898875,0.0083875,0.1995125
150530282615371,109.074821,0.21065,0.0364375,0.2288
150530292616294,109.084822,0.2277,0.0169125,0.26427498
150530302617217,109.094823,0.2399375,-0.0270875,0.214225
150530312618140,109.104824,0.2569875,-0.0979,0.0627
150530322619149,109.114825,0.25575,-0.1626625,-0.1376375
150530332620089,109.124826,0.23375,-0.15895,-0.2904
150530342621012,109.134827,0.1959375,-0.10285,-0.375925
150530352621936,109.144828,0.180125,0.0193875,-0.3856875
150530362622868,109.154829,0.1824625,0.1232,-0.3246375
150530372623786,109.164830,0.2094125,0.158675,-0.2061125
150530382624685,109.174831,0.24475,0.136675,-0.077825
150530392625539,109.184832,0.2704625,0.0352,-0.016775
150530402626534,109.194833,0.2729375,-0.0611875,-0.0155375
150530412627683,109.204834,0.25575,-0.11385,-0.083875
150530422628377,109.214834,0.230175,-0.0771375,-0.149875
150530432629300,109.224835,0.21065,0.0389125,-0.1694
150530442630233,109.234836,0.21065,0.1379125,-0.1573
150530452631162,109.244837,0.241175,0.17215,-0.160875
150530462632065,109.254838,0.2729375,0.1464375,-0.17435
150530472632979,109.264839,0.2937,0.1012,-0.2061125
150530482634123,109.274840,0.2717,0.05115,-0.2244
150530492635044,109.284841,0.230175,0.026675,-0.2146375
150530502635959,109.294842,0.2044625,0.0499125,-0.2011625
150530512636848,109.304843,0.2008875,0.06215,-0.20487499
150530522637756,109.314844,0.2118875,0.075625,-0.2085875
150530532638694,109.324845,0.225225,0.091437496,-0.1951125
150530542639621,109.334846,0.22275,0.131725,-0.1145375
150530552640563,109.344847,0.2179375,0.197725,0.0455125
150530562641572,109.354848,0.21065,0.2319625,0.242275
150530572642503,109.364849,0.1898875,0.19415,0.3876125
150530582643355,109.374849,0.1764125,0.102437496,0.43285
150530592644353,109.384850,0.1678875,0.0023375,0.3851375
150530602645273,109.394851,0.1617,-0.0710875,0.2935625
150530612646103,109.404852,0.1434125,-0.0686125,0.192225
150530622647100,109.414853,0.1274625,-0.0050875,0.1054625
150530632648018,109.424854,0.12265,0.070675,0.0529375
150530642649170,109.434855,0.1128875,0.0939125,0.021175
150530652650088,109.444856,0.0908875,0.042625,-0.0143
150530662650796,109.454857,0.048125,-0.0501875,-0.091299996
150530672651719,109.464858,0.009075,-0.1346125,-0.2036375
150530682652881,109.474859,-0.023924999,-0.128425,-0.30635
150530692653823,109.484860,-0.0594,-0.040425,-0.3221625
150530702654518,109.494861,-0.0961125,0.1012,-0.220825
150530712655651,109.504862,-0.104637496,0.21367499,-0.0325875
150530722656646,109.514863,-0.0814,0.257675,0.203225
150530732657571,109.524864,-0.0471625,0.2074875,0.3741375
150530742658393,109.534864,-0.0166375,0.09515,0.42061248
150530752659309,109.544865,-0.0081124995,0.0011,0.3730375
150530762660217,109.554866,-0.012925,-0.006325,0.29479998
150530772661125,109.564867,-0.0215875,0.0474375,0.220275
150530782662039,109.574868,-0.0191125,0.136675,0.1885125
150530792663060,109.584869,0.01265,0.2039125,0.17379999
150530802663981,109.594870,0.056649998,0.20019999,0.1835625
150530812664907,109.604871,0.092125,0.16115,0.2275625
150530822665825,109.614872,0.1043625,0.12815,0.27885
150530832666748,109.624873,0.1043625,0.125675,0.3460875
150530842667676,109.634874,0.1067,0.1513875,0.38885
150530852668599,109.644875,0.120175,0.15619999,0.363275
150530862669536,109.654876,0.1397,0.1183875,0.2580875
150530872670474,109.664876,0.1654125,0.0462,0.0969375
150530882671611,109.674878,0.164175,0.0108624995,-0.0851125
150530892672534,109.684879,0.147125,0.0474375,-0.2085875
150530902673219,109.694879,0.1348875,0.15619999,-0.22935
150530912674361,109.704880,0.1373625,0.2564375,-0.1463
150530922675289,109.714881,0.16665,0.302775,-0.0265375
150530932676203,109.724882,0.2179375,0.296725,0.1188
150530942677214,109.734883,0.2619375,0.2332,0.2129875
150530952678074,109.744884,0.28393748,0.142725,0.176275
150530962679088,109.754885,0.27775,0.0548625,0.065175
150530972680009,109.764886,0.2484625,0.0561,-0.049775
150530982680878,109.774887,0.2057,0.15015,-0.07535
150530992681878,109.784888,0.18493749,0.2905375,0.0089375
150531002682791,109.794889,0.19965,0.412775,0.1530375
150531012683714,109.804890,0.236225,0.445775,0.3168
150531022684647,109.814891,0.2765125,0.3859625,0.4560875
150531032685574,109.824892,0.2949375,0.27719998,0.546425
150531042686698,109.834893,0.28875,0.17215,0.5671875
150531052687612,109.844894,0.25465,0.0889625,0.53061247
150531062688552,109.854895,0.2094125,0.0548625,0.4291375
150531072689473,109.864895,0.169125,0.0499125,0.275275
150531082690405,109.874896,0.1458875,0.0804375,0.0895125
150531092691337,109.884897,0.1348875,0.1269125,-0.06435
150531102692265,109.894898,0.136125,0.18315,-0.1511125
150531112693217,109.904899,0.14465,0.2429625,-0.1376375
150531122694219,109.914900,0.1483625,0.285725,-0.066825
150531132695371,109.924901,0.1494625,0.291775,0.0224125
150531142696050,109.934902,0.1384625,0.263725,0.1188
150531152696968,109.944903,0.1287,0.1744875,0.1640375
150531162697891,109.954904,0.1164625,0.0474375,0.11275
150531172698806,109.964905,0.11165,-0.0416625,-0.0485375
150531182699976,109.974906,0.1018875,-0.045375,-0.2415875
150531192700671,109.984907,0.07865,0.0804375,-0.35145
150531202701823,109.994908,0.0738375,0.2344375,-0.3454
150531212702746,110.004909,0.0908875,0.346775,-0.24035
150531222703666,110.014910,0.14093749,0.3663,-0.091299996
150531232704592,110.024911,0.192225,0.29425,0.0455125
150531242705510,110.034912,0.2129875,0.15619999,0.095699996
150531252706433,110.044912,0.203225,0.0389125,0.0259875
150531262707356,110.054913,0.181225,-0.0270875,-0.1205875
150531272708284,110.064914,0.1458875,-0.0246125,-0.3026375
150531282709529,110.074916,0.120175,0.037675,-0.49568748
150531292710209,110.084916,0.1043625,0.130625,-0.623975
150531302711123,110.094917,0.103125,0.247775,-0.67155
150531312712046,110.104918,0.1104125,0.3114375,-0.641025
150531322712983,110.114919,0.12265,0.31501248,-0.53473747
150531332714147,110.124920,0.1434125,0.27719998,-0.3551625
150531342715068,110.134921,0.1458875,0.230725,-0.105875
150531352715991,110.144922,0.109175,0.1794375,0.2080375
150531362716986,110.154923,0.0688875,0.125675,0.5146625
150531372717925,110.164924,0.054175,0.0768625,0.6747125
150531382718776,110.174925,0.0603625,0.0254375,0.6699
150531392719697,110.184926,0.076175,-0.0086624995,0.551375
150531402720697,110.194927,0.08965,-0.0111375,0.3595625
150531412721632,110.204928,0.0823625,0.0389125,0.203225
150531422722555,110.214929,0.0688875,0.1342,0.13475
150531432723479,110.224929,0.0726,0.219725,0.132275
150531442724630,110.234931,0.0933625,0.2184875,0.1505625
150531452725554,110.244932,0.1164625,0.1524875,0.132275
150531462726457,110.254932,0.1263625,0.0523875,0.0859375
150531472727361,110.264933,0.1299375,-0.0490875,0.0369875
150531482728299,110.274934,0.12265,-0.0906125,-0.0045375
150531492729237,110.284935,0.095699996,-0.062425,-8.25E-4
150531502730160,110.294936,0.070125,0.020624999,0.0455125
150531512731083,110.304937,0.0554125,0.114675,0.099275
150531522732078,110.314938,0.059125,0.1854875,0.1579875
150531532733003,110.324939,0.073699996,0.2369125,0.21779999
150531542733907,110.334940,0.1018875,0.2454375,0.292325
150531552734815,110.344941,0.13365,0.2369125,0.37785
150531562735740,110.354942,0.15565,0.2014375,0.4499
150531572736663,110.364943,0.1654125,0.164725,0.50985
150531582737800,110.374944,0.17765,0.125675,0.51713747
150531592738494,110.384944,0.2019875,0.1073875,0.4401375
150531602739637,110.394946,0.22275,0.070675,0.2470875
150531612740619,110.404947,0.2459875,0.0121,-0.0460625
150531622741468,110.414947,0.2374625,-0.0380875,-0.3344
150531632742396,110.424948,0.197175,-0.034375,-0.5225
150531642743319,110.434949,0.1519375,0.031625,-0.590975
150531652744249,110.444950,0.1164625,0.1293875,-0.557975
150531662745155,110.454951,0.0994125,0.2234375,-0.4467375
150531672746155,110.464952,0.1104125,0.2894375,-0.254925
150531682747300,110.474953,0.125125,0.2954875,-0.02035
150531692748223,110.484954,0.13365,0.230725,0.1689875
150531702748908,110.494955,0.1397,0.125675,0.2190375
150531712750050,110.504956,0.1507,0.0231,0.11275
150531722750992,110.514957,0.142175,-0.0196625,-0.0730125
150531732751930,110.524958,0.11165,0.0193875,-0.2525875
150531742752853,110.534959,0.0884125,0.1354375,-0.331925
150531752753780,110.544960,0.0994125,0.263725,-0.3086875
150531762754790,110.554961,0.142175,0.3540625,-0.2121625
150531772755701,110.564962,0.19965,0.3749625,-0.0730125
150531782756633,110.574963,0.2545125,0.3174875,0.066275
150531792757556,110.584964,0.280225,0.2124375,0.137225
150531802758498,110.594964,0.2789875,0.0792,0.117699996
150531812759426,110.604965,0.269225,-0.023375,0.005225
150531822760365,110.614966,0.2399375,-0.0416625,-0.149875
150531832761518,110.624968,0.203225,0.037675,-0.2794
150531842762516,110.634969,0.1837,0.1709125,-0.331925
150531852763437,110.644969,0.18865,0.2662,-0.353925
150531862764283,110.654970,0.2204125,0.313775,-0.3722125
150531872765276,110.664971,0.2484625,0.302775,-0.3686375
150531882766206,110.674972,0.247225,0.2564375,-0.314875
150531892767143,110.684973,0.247225,0.23925,-0.220825
150531902768061,110.694974,0.247225,0.2404875,-0.0583
150531912769218,110.704975,0.2569875,0.247775,0.15675
150531922770141,110.714976,0.2924625,0.24419999,0.2996125
150531932771064,110.724977,0.3290375,0.2209625,0.3216125
150531942771977,110.734978,0.35475,0.17325,0.2470875
150531952772886,110.744979,0.3535125,0.15015,0.1029875
150531962773823,110.754980,0.33275,0.136675,-0.0851125
150531972774742,110.764981,0.3034625,0.1659625,-0.2721125
150531982775665,110.774982,0.2754125,0.246675,-0.3881625
150531992776662,110.784983,0.2459875,0.3443,-0.3331625
150532002777814,110.794984,0.2349875,0.406725,-0.1266375
150532012778737,110.804985,0.24475,0.423775,0.18975
150532022779436,110.814985,0.2459875,0.3724875,0.5611375
150532032780603,110.824987,0.24475,0.269775,0.85305
150532042781526,110.834988,0.2277,0.1513875,0.9887625
150532052782540,110.844989,0.21065,0.059675,0.982575
150532062783386,110.854989,0.1947,-1.375E-4,0.844525
150532072784391,110.864990,0.1799875,-0.0050875,0.60995
150532082785535,110.874992,0.175175,0.07315,0.341275
150532092786449,110.884992,0.1764125,0.19525,0.1274625
150532102787143,110.894993,0.1824625,0.3223,0.04675
150532112788057,110.904994,0.1984125,0.3944875,0.132275
150532122788980,110.914995,0.23265,0.407825,0.342375
150532132790161,110.924996,0.2899875,0.329725,0.562375
150532142791089,110.934997,0.34375,0.202675,0.6967125
150532152792016,110.944998,0.3779875,0.053625,0.6747125
150532162793016,110.954999,0.374275,-0.0490875,0.52085
150532172794172,110.965000,0.346225,-0.1346125,0.2740375
150532182795088,110.975001,0.307175,-0.15413749,-0.0325875
150532192795780,110.985002,0.2717,-0.0721875,-0.32945
150532202796700,110.995003,0.2374625,0.0584375,-0.5042125
150532212797623,111.005004,0.20693749,0.2149125,-0.5237375
150532222798766,111.015005,0.2204125,0.3785375,-0.3576375
150532232799689,111.025006,0.25575,0.46035,-0.0350625
150532242800689,111.035007,0.29975,0.440825,0.30085
150532252801609,111.045008,0.34375,0.3309625,0.49885
150532262802541,111.055009,0.3584625,0.1744875,0.51713747
150532272803386,111.065009,0.3449875,0.07315,0.4059
150532282804393,111.075010,0.29975,0.0768625,0.2055625
150532292805540,111.085012,0.2399375,0.1672,-0.0325875
150532302806478,111.095012,0.1934625,0.32725,-0.2231625
150532312807162,111.105013,0.181225,0.462825,-0.320925
150532322808382,111.115014,0.20693749,0.5190625,-0.36987498
150532332809307,111.125015,0.2399375,0.49101248,-0.3881625
150532342810138,111.135016,0.2569875,0.4140125,-0.358875
150532352811133,111.145017,0.241175,0.329725,-0.2586375
150532362812056,111.155018,0.2154625,0.269775,-0.1205875
150532372812998,111.165019,0.203225,0.246675,-0.027775
150532382813921,111.175020,0.214225,0.2490125,-0.0803
150532392815088,111.185021,0.2349875,0.2270125,-0.254925
150532402816077,111.195022,0.2424125,0.164725,-0.496925
150532412817002,111.205023,0.22275,0.11715,-0.7497875
150532422817835,111.215024,0.1984125,0.1819125,-0.8963625
150532432818756,111.225025,0.18493749,0.313775,-0.88054997
150532442819758,111.235026,0.20693749,0.4250125,-0.7363125
150532452820695,111.245027,0.2754125,0.47753748,-0.48345
150532462821623,111.255028,0.3400375,0.4274875,-0.2036375
150532472822551,111.265029,0.38279998,0.2795375,-0.0363
150532482823698,111.275030,0.3865125,0.1293875,-0.0473
150532492824679,111.285031,0.3559875,0.048675,-0.1951125
150532502825527,111.295032,0.3034625,0.059675,-0.408925
150532512826525,111.305033,0.2545125,0.1854875,-0.61545
150532522827467,111.315033,0.22165,0.3419625,-0.700975
150532532828397,111.325034,0.2094125,0.4615875,-0.6287875
150532542829320,111.335035,0.2179375,0.5093,-0.4444
150532552830472,111.345036,0.2399375,0.47025,-0.176825
150532562831462,111.355037,0.2534125,0.390775,0.0785125
150532572832387,111.365038,0.2459875,0.2930125,0.2105125
150532582833220,111.375039,0.22893749,0.1989625,0.18975
150532592834210,111.385040,0.2008875,0.12815,0.02475
150532602835150,111.395041,0.159225,0.0853875,-0.253825
150532612836013,111.405042,0.1263625,0.136675,-0.5432625
150532622837013,111.415043,0.098175,0.25025,-0.6997375
150532632838136,111.425044,0.0823625,0.3773,-0.64955
150532642839039,111.435045,0.092125,0.48235,-0.4346375
150532652840039,111.445046,0.1153625,0.528825,-0.094875
150532662840960,111.455047,0.142175,0.4885375,0.2850375
150532672841871,111.465048,0.1507,0.3639625,0.54285
150532682842825,111.475049,0.1544125,0.2149125,0.6087125
150532692843748,111.485050,0.1458875,0.0768625,0.4841375
150532702844666,111.495051,0.11165,-0.0319,0.1945625
150532712845834,111.505052,0.0847,-0.056375,-0.1926375
150532722846827,111.515053,0.059125,0.020624999,-0.5567375
150532732847738,111.525054,0.037125,0.1489125,-0.762025
150532742848575,111.535055,0.0224125,0.258775,-0.7986
150532752849564,111.545056,0.037125,0.3394875,-0.6862625
150532762850504,111.555057,0.073699996,0.3883,-0.4224
150532772851413,111.565057,0.1054625,0.346775,-0.0730125
150532782852336,111.575058,0.1263625,0.2222,0.182325
150532792853475,111.585059,0.1274625,0.026675,0.21175
150532802854473,111.595060,0.1054625,-0.1296625,0.0394625
150532812855412,111.605061,0.0616,-0.1419,-0.2085875
150532822856335,111.615062,0.0078375,-0.013612499,-0.397925
150532832857258,111.625063,-0.0301125,0.20019999,-0.46873748
150532842858191,111.635064,-0.0446875,0.3870625,-0.4334
150532852859128,111.645065,-0.0386375,0.4763,-0.2831125
150532862860051,111.655066,-0.023924999,0.4653,-0.04235
150532872861210,111.665067,-0.0226875,0.3760625,0.2030875
150532882862208,111.675068,-0.0435875,0.2600125,0.3608
150532892863119,111.685069,-0.0741125,0.142725,0.4096125
150532902863956,111.695070,-0.10945,0.07315,0.364375
150532912864956,111.705071,-0.1461625,0.0474375,0.2360875
150532922866131,111.715072,-0.188925,0.087725,0.104225
150532932867055,111.725073,-0.2341625,0.142725,0.0419375
150532942867992,111.735074,-0.27445,0.1782,0.087037496
150532952868992,111.745075,-0.29645,0.1709125,0.1835625
150532962869925,111.755076,-0.30621248,0.1379125,0.253275
150532972870850,111.765077,-0.311025,0.0999625,0.2715625
150532982871758,111.775078,-0.30621248,0.0719125,0.23485
150532992872681,111.785079,-0.29273748,0.0254375,0.1335125
150533002873619,111.795080,-0.2707375,-0.023375,-0.0435875
150533012874771,111.805081,-0.2671625,-0.0429,-0.22935
150533022875766,111.815082,-0.2902625,-0.0209,-0.358875
150533032876612,111.825083,-0.3245,0.0218625,-0.408925
150533042877833,111.835084,-0.348975,0.048675,-0.3906375
150533052878751,111.845085,-0.35255,0.07315,-0.3466375
150533062879670,111.855086,-0.3245,0.06215,-0.2965875
150533072880583,111.865087,-0.29645,0.0231,-0.2391125
150533082881278,111.875087,-0.2732125,-0.028324999,-0.2061125
150533092882459,111.885088,-0.2646875,-0.0526625,-0.1804
150533102883379,111.895089,-0.26345,-0.034375,-0.1780625
150533112884358,111.905090,-0.2585,0.004675,-0.20487499
150533122885507,111.915092,-0.2451625,0.0389125,-0.28187498
150533132886430,111.925092,-0.216975,0.0584375,-0.4052125
150533142887341,111.935093,-0.183975,0.0499125,-0.5665
150533152888262,111.945094,-0.1766875,0.0242,-0.7327375
150533162889185,111.955095,-0.1986875,0.020624999,-0.84755
150533172890199,111.965096,-0.2182125,0.075625,-0.7852625
150533182891127,111.975097,-0.2536875,0.136675,-0.43821248
150533192892047,111.985098,-0.3012625,0.153725,0.1518
150533202893199,111.995099,-0.3245,0.092675,0.7407125
150533212894213,112.005100,-0.300025,-0.073425,1.0033375
150533222895047,112.015101,-0.265925,-0.2567125,0.9472375
150533232895958,112.025102,-0.26345,-0.3972375,0.66495
150533242896886,112.035103,-0.3245,-0.4497625,0.3400375
150533252897888,112.045104,-0.4283125,-0.40205,0.1640375
150533262898821,112.055105,-0.520025,-0.253,0.1920875
150533272899730,112.065106,-0.55055,-0.0661375,0.3265625
150533282900963,112.075107,-0.504075,0.0474375,0.4401375
150533292901893,112.085108,-0.4235,0.05115,0.452375
150533302902802,112.095109,-0.3575,-0.0429,0.369325
150533312903730,112.105110,-0.34155,-0.1907125,0.2105125
150533322904653,112.115111,-0.3647875,-0.332475,-0.00825
150533332905580,112.125112,-0.4027375,-0.4032875,-0.2476375
150533342906489,112.135112,-0.4455,-0.3997125,-0.4456375
150533352907636,112.145114,-0.4698375,-0.341,-0.557975
150533362908629,112.155115,-0.4588375,-0.24695,-0.5237375
150533372909776,112.165116,-0.403975,-0.12485,-0.2794
150533382910470,112.175116,-0.337975,-0.013612499,0.1970375
150533392911383,112.185117,-0.29645,0.092675,0.825
150533402912537,112.195119,-0.2902625,0.180675,1.4944875
150533412913473,112.205119,-0.3025,0.17325,2.025925
150533422914412,112.215120,-0.3196875,0.1672,2.29955
150533432915397,112.225121,-0.337975,0.19525,2.341075
150533442916561,112.235123,-0.298925,0.230725,2.0504
150533452917468,112.245123,-0.149875,0.091437496,1.1988626
150533462918376,112.255124,0.0176,-0.2151875,-0.127875
150533472919312,112.265125,0.136125,-0.3777125,-1.634325
150533482920235,112.275126,0.0944625,-0.304425,-2.8730624
150533492921191,112.285127,-0.017875,0.0719125,-3.501025
150533502922187,112.295128,-0.0471625,0.54835,-3.340975
150533512923124,112.305129,0.0944625,0.727925,-2.60315
150533522924290,112.315130,0.2057,0.4213,-1.65385
150533532925297,112.325131,0.16293749,-0.12595,-0.8267875
150533542926143,112.335132,0.0163625,-0.61105,-0.3564
150533552927158,112.345133,-0.1254,-0.9079125,-0.237875
150533562928080,112.355134,-0.232925,-0.93115,-0.3966875
150533572929003,112.365135,-0.355025,-0.6488625,-0.6435
150533582930151,112.375136,-0.4895,-0.2652375,-0.7766
150533592931074,112.385137,-0.575025,-0.006325,-0.7277875
150533602932071,112.395138,-0.5663625,0.1122,-0.564025
150533612933008,112.405139,-0.49555,0.0902,-0.3221625
150533622933907,112.415140,-0.366025,-0.00385,0.0077
150533632934844,112.425141,-0.2352625,-0.1431375,0.347325
150533642935996,112.435142,-0.1742125,-0.2677125,0.634425
150533652936936,112.445143,-0.161975,-0.37895,0.7602375
150533662937949,112.455144,-0.20845,-0.4277625,0.70895
150533672938855,112.465145,-0.2671625,-0.4057625,0.49513748
150533682940008,112.475146,-0.3025,-0.34347498,0.215325
150533692941001,112.485147,-0.304975,-0.2701875,-0.0045375
150533702941836,112.495148,-0.2707375,-0.2017125,-0.0815375
150533712942757,112.505149,-0.210925,-0.1199,-0.0545875
150533722943682,112.515150,-0.14739999,-0.039325,0.038225
150533732944686,112.525151,-0.1192125,0.0193875,0.1860375
150533742945595,112.535152,-0.1266375,0.0242,0.33385
150533752946518,112.545153,-0.1584,-0.0270875,0.43285
150533762947763,112.555154,-0.2024,-0.062425,0.4816625
150533772948686,112.565155,-0.238975,-0.0831875,0.5231875
150533782949605,112.575156,-0.2597375,-0.0746625,0.57695
150533792950528,112.585157,-0.254925,-0.0686125,0.5867125
150533802951451,112.595157,-0.2292125,-0.067375,0.4926625
150533812952603,112.605159,-0.1522125,-0.0930875,0.1945625
150533822953528,112.615160,-0.028875,-0.18095,-0.31239998
150533832954436,112.625160,0.0468875,-0.24447499,-0.8096
150533842955422,112.635161,0.0408375,-0.1871375,-1.0979375
150533852956569,112.645163,-0.0081124995,-0.09295,-1.1517
150533862957486,112.655163,-0.061875,0.026675,-0.9268875
150533872958181,112.665164,-0.09845,0.1219625,-0.4675
150533882959334,112.675165,-0.104637496,0.0669625,0.0529375
150533892960272,112.685166,-0.0666875,-0.1211375,0.369325
150533902961272,112.695167,-0.012925,-0.3312375,0.4145625
150533912962195,112.705168,0.0053625,-0.4522375,0.319275
150533922963357,112.715169,-0.0215875,-0.4302375,0.1530375
150533932964349,112.725170,-0.078925,-0.31295,-0.011825
150533942965258,112.735171,-0.127875,-0.2176625,-0.091299996
150533952966099,112.745172,-0.1216875,-0.1846625,-0.0803
150533962967123,112.755173,-0.0862125,-0.2212375,-0.0325875
150533972968041,112.765174,-0.061875,-0.316525,0.0407
150533982968964,112.775175,-0.0666875,-0.43147498,0.132275
150533992970118,112.785176,-0.0924,-0.4962375,0.21175
150534002971118,112.795177,-0.1302125,-0.514525,0.24585
150534012972054,112.805178,-0.1607375,-0.5157625,0.2288
150534022972964,112.815179,-0.1791625,-0.4888125,0.1359875
150534032973877,112.825180,-0.188925,-0.484,-0.0070125
150534042975040,112.835181,-0.1925,-0.465575,-0.1706375
150534052975953,112.845182,-0.2011625,-0.4437125,-0.292875
150534062976950,112.855183,-0.1925,-0.4338125,-0.375925
150534072977871,112.865184,-0.1596375,-0.4437125,-0.4577375
150534082979025,112.875185,-0.104637496,-0.465575,-0.54202497
150534092979948,112.885186,-0.072875,-0.46928748,-0.6032125
150534102980963,112.895187,-0.0606375,-0.4412375,-0.6067875
150534112981817,112.905188,-0.06435,-0.393525,-0.53473747
150534122982744,112.915189,-0.067925,-0.3361875,-0.4101625
150534132983749,112.925190,-0.0631125,-0.29095,-0.275825
150534142984882,112.935191,-0.0386375,-0.24447499,-0.1670625
150534152985814,112.945192,4.125E-4,-0.2212375,-0.0985875
150534162986831,112.955193,0.0248875,-0.20047499,-0.0570625
150534172987988,112.965194,0.026124999,-0.18095,-0.0143
150534182988911,112.975195,0.010175,-0.1381875,0.0540375
150534192989605,112.985196,-0.00935,-0.11495,0.1615625
150534202990757,112.995197,-0.0276375,-0.106425,0.292325
150534212991699,113.005198,-0.0446875,-0.12485,0.42185
150534222992617,113.015199,-0.06545,-0.1736625,0.5366625
150534232993545,113.025200,-0.089925,-0.227425,0.59894997
150534242994781,113.035201,-0.116875,-0.264,0.596475
150534252995704,113.045202,-0.1486375,-0.29095,0.5501375
150534262996699,113.055203,-0.1694,-0.3337125,0.47685
150534272997516,113.065204,-0.1766875,-0.385,0.3546125
150534282998439,113.075204,-0.1596375,-0.3997125,0.1848
150534292999450,113.085205,-0.122925,-0.4228125,-0.060775
150534303000369,113.095206,-0.0924,-0.404525,-0.2696375
150534313001527,113.105208,-0.072875,-0.3447125,-0.403975
150534323002540,113.115209,-0.0606375,-0.2616625,-0.402875
150534333003463,113.125209,-0.061875,-0.199375,-0.2866875
150534343004617,113.135211,-0.0521125,-0.1406625,-0.08635
150534353005307,113.145211,-0.034925,-0.16995,0.18727499
150534363006449,113.155212,-0.0031625,-0.2519,0.40713748
150534373007367,113.165213,0.045649998,-0.3691875,0.4939
150534383008290,113.175214,0.0908875,-0.4547125,0.496375
150534393009292,113.185215,0.120175,-0.47547498,0.424325
150534403010444,113.195216,0.1324125,-0.4327125,0.3168
150534413011367,113.205217,0.1324125,-0.3557125,0.21779999
150534423012372,113.215218,0.1287,-0.24695,0.143275
150534433013204,113.225219,0.1384625,-0.172425,0.0968
150534443014206,113.235220,0.1507,-0.128425,0.095699996
150534453015131,113.245221,0.170225,-0.1346125,0.126225
150534463016066,113.255222,0.186175,-0.1626625,0.1799875
150534473017215,113.265223,0.19965,-0.1859,0.2556125
150534483018218,113.275224,0.22275,-0.2189,0.3155625
150534493019141,113.285225,0.258225,-0.2212375,0.331375
150534503020290,113.295226,0.2814625,-0.21395,0.3155625
150534513021203,113.305227,0.27775,-0.1566125,0.3020875
150534523022121,113.315228,0.2655125,-0.1126125,0.2690875
150534533023049,113.325229,0.252175,-0.0820875,0.2360875
150534543024051,113.335230,0.252175,-0.0881375,0.215325
150534553024979,113.345231,0.280225,-0.0979,0.23485
150534563026141,113.355232,0.3009875,-0.0906125,0.32285
150534573027155,113.365233,0.3070375,-0.064899996,0.480425
150534583028075,113.375234,0.286275,-0.0270875,0.6661875
150534593028905,113.385235,0.2509375,-0.0099,0.825
150534603029907,113.395236,0.219175,-0.0221375,0.91781247
150534613030839,113.405237,0.203225,-0.0306625,0.9532875
150534623032008,113.415238,0.2057,-0.0306625,0.902
150534633032924,113.425239,0.2094125,-0.0416625,0.767525
150534643033919,113.435240,0.219175,-0.0490875,0.58795
150534653034844,113.445241,0.214225,-0.0490875,0.41085
150534663036003,113.455242,0.1909875,-0.017324999,0.2996125
150534673036910,113.465243,0.16293749,0.0413875,0.3070375
150534683037813,113.475244,0.1519375,0.0804375,0.3876125
150534693038736,113.485245,0.16293749,0.09515,0.4621375
150534703039738,113.495246,0.1799875,0.06215,0.4681875
150534713040661,113.505247,0.192225,-0.00385,0.4046625
150534723041890,113.515248,0.1898875,-0.0759,0.2765125
150534733042813,113.525249,0.1739375,-0.10395,0.143275
150534743043733,113.535250,0.148225,-0.0796125,0.049225
150534753044664,113.545251,0.14093749,0.0231,0.0077
150534763045575,113.555252,0.1714625,0.1109625,0.0064625
150534773046719,113.565253,0.219175,0.153725,0.0064625
150534783047640,113.575254,0.2729375,0.1304875,-8.25E-4
150534793048583,113.585255,0.286275,0.0743875,-0.0105875
150534803049790,113.595256,0.258225,0.0449625,-0.0180125
150534813050713,113.605257,0.2179375,0.0633875,0.0174625
150534823051703,113.615258,0.203225,0.091437496,0.0699875
150534833052541,113.625259,0.22165,0.1183875,0.1078
150534843053459,113.635259,0.2545125,0.1073875,0.1065625
150534853054459,113.645260,0.2827,0.075625,0.093225
150534863055398,113.655261,0.2814625,0.0352,0.0614625
150534873056567,113.665263,0.2644125,0.026675,0.02475
150534883057564,113.675264,0.236225,0.0669625,0.0235125
150534893058487,113.685264,0.197175,0.13915,0.0748
150534903059629,113.695266,0.15565,0.1989625,0.16775
150534913060316,113.705266,0.136125,0.22825,0.2545125
150534923061454,113.715267,0.13365,0.1929125,0.3168
150534933062386,113.725268,0.1299375,0.147675,0.298375
150534943063374,113.735269,0.1348875,0.1159125,0.2055625
150534953064311,113.745270,0.131175,0.0963875,0.0589875
150534963065463,113.755271,0.1299375,0.0682,-0.091299996
150534973066386,113.765272,0.1238875,0.0682,-0.2085875
150534983067383,113.775273,0.1153625,0.081675,-0.2574
150534993068316,113.785274,0.114125,0.1194875,-0.23539999
150535003069234,113.795275,0.1104125,0.1549625,-0.1560625
150535013070415,113.805276,0.114125,0.1892,-0.0325875
150535023071357,113.815277,0.136125,0.1940125,0.0895125
150535033072280,113.825278,0.16293749,0.1659625,0.1640375
150535043073516,113.835280,0.18493749,0.109725,0.1725625
150535053074453,113.845280,0.1947,0.0548625,0.1335125
150535063075347,113.855281,0.192225,0.02915,0.066275
150535073076256,113.865282,0.1824625,0.0669625,0.005225
150535083077182,113.875283,0.1727,0.1232,-0.0290125
150535093078182,113.885284,0.1678875,0.1769625,-0.04235
150535103079095,113.895285,0.1604625,0.224675,-0.038775
150535113080033,113.905286,0.147125,0.23925,-0.0253
150535123081252,113.915287,0.136125,0.2124375,-0.027775
150535133082405,113.925288,0.1263625,0.1709125,-0.055825
150535143083309,113.935289,0.1299375,0.1109625,-0.1071125
150535153084018,113.945290,0.1397,0.0633875,-0.176825
150535163085170,113.955291,0.1384625,0.048675,-0.2440625
150535173086098,113.965292,0.142175,0.0694375,-0.298925
150535183087013,113.975293,0.1494625,0.1304875,-0.320925
150535193087987,113.985294,0.1689875,0.1782,-0.30635
150535203089136,113.995295,0.1898875,0.2074875,-0.2561625
150535213090136,114.005296,0.2019875,0.230725,-0.1975875
150535223091061,114.015297,0.214225,0.2099625,-0.1475375
150535233091949,114.025298,0.2129875,0.17325,-0.116875
150535243092903,114.035299,0.19965,0.1439625,-0.09735
150535253094055,114.045300,0.1824625,0.1293875,-0.0730125
150535263094978,114.055301,0.1604625,0.1634875,-0.044825
150535273095920,114.065302,0.1494625,0.21367499,-0.0215875
150535283097151,114.075303,0.1519375,0.236775,-0.0045375
150535293098074,114.085304,0.1604625,0.236775,-0.013062499
150535303099066,114.095305,0.1689875,0.2332,-0.033825
150535313099891,114.105306,0.1678875,0.22825,-0.0155375
150535323100910,114.115307,0.1568875,0.23925,0.0529375
150535333101835,114.125308,0.1384625,0.2564375,0.1395625
150535343102759,114.135309,0.109175,0.27719998,0.226325
150535353103927,114.145310,0.073699996,0.2894375,0.2800875
150535363104929,114.155311,0.0444125,0.2674375,0.2838
150535373106083,114.165312,0.0163625,0.2380125,0.2470875
150535383107001,114.175313,0.00165,0.19525,0.1799875
150535393107910,114.185314,-0.00935,0.158675,0.0919875
150535403108834,114.195315,-0.006875,0.1194875,-0.005775
150535413109757,114.205316,0.010175,0.075625,-0.104775
150535423110778,114.215317,0.0298375,0.0352,-0.1903
150535433111701,114.225318,0.0396,0.0083875,-0.209825
150535443112867,114.235319,0.0163625,-1.375E-4,-0.1596375
150535453113850,114.245320,-0.012925,0.020624999,-0.07535
150535463114997,114.255321,-0.0215875,0.0609125,-0.0033
150535473115687,114.265322,0.00165,0.0633875,0.0309375
150535483116853,114.275323,0.026124999,-1.375E-4,0.03575
150535493117781,114.285324,0.0383625,-0.08085,0.00275
150535503118783,114.295325,0.0248875,-0.13695,-0.0473
150535513119706,114.305326,-0.0031625,-0.16995,-0.1120625
150535523120629,114.315327,-0.0301125,-0.117425,-0.1450625
150535533121843,114.325328,-0.045925,-0.0600875,-0.1205875
150535543122734,114.335329,-0.0496375,-0.001375,-0.022824999
150535553123667,114.345330,-0.03135,0.06215,0.1469875
150535563124602,114.355331,4.125E-4,0.1012,0.3411375
150535573125773,114.365332,0.0334125,0.1049125,0.463375
150535583126699,114.375333,0.0554125,0.075625,0.51094997
150535593127622,114.385334,0.054175,0.020624999,0.47808748
150535603128624,114.395335,0.045649998,0.009625,0.4156625
150535613129771,114.405336,0.0309375,-0.012375,0.3388
150535623130773,114.415337,0.0298375,-0.028324999,0.2470875
150535633131626,114.425338,0.0396,-0.0086624995,0.132275
150535643132646,114.435339,0.070125,0.0034375,-0.0400125
150535653133571,114.445340,0.0859375,0.0144375,-0.20735
150535663134725,114.455341,0.070125,0.070675,-0.303875
150535673135646,114.465342,0.0383625,0.1513875,-0.26235
150535683136655,114.475343,0.0176,0.2454375,-0.126775
150535693137809,114.485344,0.0176,0.2869625,0.0407
150535703138718,114.495345,0.0358875,0.2759625,0.1775125
150535713139612,114.505346,0.070125,0.180675,0.1995125
150535723140564,114.515347,0.1104125,0.0609125,0.104225
150535733141564,114.525348,0.137225,-0.034375,-0.0741125
150535743142484,114.535348,0.142175,-0.067375,-0.27335
150535753143407,114.545349,0.114125,0.0108624995,-0.403975
150535763144566,114.555351,0.0823625,0.1684375,-0.3722125
150535773145775,114.565352,0.070125,0.3199625,-0.2231625
150535783146669,114.575353,0.0884125,0.429825,-0.013062499
150535793147349,114.585353,0.125125,0.3944875,0.1395625
150535803148511,114.595355,0.16665,0.247775,0.148225
150535813149448,114.605355,0.1788875,0.0438625,0.0089375
150535823150453,114.615356,0.1519375,-0.1051875,-0.1951125
150535833151378,114.625357,0.0994125,-0.1016125,-0.375925
150535843152522,114.635359,0.0713625,0.070675,-0.4406875
150535853153510,114.645360,0.0908875,0.29425,-0.3711125
150535863154671,114.655361,0.14465,0.4433,-0.2476375
150535873155334,114.665361,0.19965,0.48235,-0.1095875
150535883156501,114.675363,0.2179375,0.36025,-0.0363
150535893157424,114.685363,0.2019875,0.1892,-0.052249998
150535903158449,114.695364,0.1714625,0.0658625,-0.116875
150535913159374,114.705365,0.14465,0.0364375,-0.1450625
150535923160521,114.715367,0.1189375,0.10615,-0.1401125
150535933161516,114.725368,0.114125,0.236775,-0.1145375
150535943162422,114.735368,0.1324125,0.307725,-0.09735
150535953163343,114.745369,0.1604625,0.3223,-0.1243
150535963164301,114.755370,0.1799875,0.2514875,-0.2024
150535973165453,114.765371,0.1824625,0.13915,-0.3344
150535983166400,114.775372,0.142175,0.0658625,-0.43821248
150535993167378,114.785373,0.0847,0.1194875,-0.425975
150536003168521,114.795375,0.032175,0.2539625,-0.3014
150536013169434,114.805375,0.0078375,0.379775,-0.082775
150536023170436,114.815376,0.02365,0.4360125,0.1164625
150536033171370,114.825377,0.0603625,0.39325,0.1799875
150536043172293,114.835378,0.0836,0.2429625,0.0919875
150536053173445,114.845379,0.0933625,0.053625,-0.093775
150536063174392,114.855380,0.081125,-0.0796125,-0.3344
150536073175302,114.865381,0.0529375,-0.0796125,-0.5555
150536083176230,114.875382,0.0248875,0.0218625,-0.6997375
150536093177461,114.885383,0.026124999,0.147675,-0.762025
150536103178466,114.895384,0.048125,0.1929125,-0.7742625
150536113179305,114.905385,0.0554125,0.2514875,-0.69355
150536123180312,114.915386,0.0309375,0.2992,-0.4981625
150536133181478,114.925387,-0.00935,0.3102,-0.24035
150536143182417,114.935388,-0.0521125,0.2674375,0.011275
150536153183338,114.945389,-0.0851125,0.19525,0.1920875
150536163184336,114.955390,-0.083875,0.1293875,0.2030875
150536173185490,114.965391,-0.061875,0.0438625,0.1115125
150536183186425,114.975392,-0.0336875,-0.0111375,-0.022824999
150536193187329,114.985393,-0.011825,-0.023375,-0.215875
150536203188335,114.995394,0.0078375,0.0144375,-0.4224
150536213189273,115.005395,-0.0044,0.0779625,-0.551925
150536223190425,115.015396,-0.028875,0.15619999,-0.54821247
150536233191343,115.025397,-0.0484,0.2319625,-0.4492125
150536243192345,115.035398,-0.0581625,0.2404875,-0.3001625
150536253193502,115.045400,-0.067925,0.18315,-0.1475375
150536263194425,115.055400,-0.07535,0.0743875,-0.0765875
150536273195425,115.065401,-0.083875,-0.0551375,-0.1010625
150536283196282,115.075402,-0.0972125,-0.12485,-0.1951125
150536293197287,115.085403,-0.0972125,-0.12595,-0.2965875
150536303198441,115.095404,-0.089925,-0.0721875,-0.3832125
150536313199364,115.105405,-0.0631125,-0.0111375,-0.4664
150536323200273,115.115406,-0.0446875,0.0303875,-0.507925
150536333201273,115.125407,-0.04235,0.0364375,-0.4994
150536343202412,115.135408,-0.06545,0.0279125,-0.4296875
150536353203330,115.145409,-0.0911625,0.0218625,-0.3295875
150536363204330,115.155410,-0.105875,-0.0086624995,-0.2134
150536373205259,115.165411,-0.105875,-0.0221375,-0.0875875
150536383206182,115.175412,-0.094875,-0.0441375,0.0077
150536393207343,115.185413,-0.0741125,-0.034375,0.0529375
150536403208349,115.195414,-0.0594,-0.0356125,0.033275
150536413209273,115.205415,-0.0435875,-0.056375,-0.0435875
150536423210206,115.215416,-0.0446875,-0.061325,-0.13653749
150536433211353,115.225417,-0.0741125,-0.050325,-0.171875
150536443212293,115.235418,-0.1192125,0.031625,-0.082775
150536453213215,115.245419,-0.1546875,0.1354375,0.1164625
150536463214196,115.255420,-0.172975,0.2184875,0.3815625
150536473215372,115.265421,-0.1706375,0.23925,0.6161375
150536483216302,115.275422,-0.1486375,0.2039125,0.7407125
150536493217317,115.285423,-0.1254,0.1452,0.722425
150536503218225,115.295424,-0.1131625,0.0438625,0.5611375
150536513219402,115.305425,-0.0911625,-0.0820875,0.26427498
150536523220320,115.315426,-0.061875,-0.227425,-0.1145375
150536533221320,115.325427,-0.0606375,-0.3251875,-0.480975
150536543222258,115.335428,-0.083875,-0.2409,-0.713075
150536553223429,115.345429,-0.1181125,-0.0966625,-0.762025
150536563224340,115.355430,-0.133925,0.0682,-0.66055
150536573225325,115.365431,-0.1192125,0.241725,-0.402875
150536583226243,115.375432,-0.1106875,0.285725,-0.0510125
150536593227382,115.385433,-0.0911625,0.1854875,0.2398
150536603228307,115.395434,-0.0716375,0.026675,0.331375
150536613229292,115.405435,-0.07645,-0.1711875,0.25685
150536623230200,115.415436,-0.0996875,-0.2519,0.1065625
150536633231357,115.425437,-0.1241625,-0.1969,-0.027775
150536643232282,115.435438,-0.1326875,-0.0466125,-0.0680625
150536653233272,115.445439,-0.1131625,0.109725,-0.0314875
150536663234190,115.455440,-0.0741125,0.2160125,0.0369875
150536673235342,115.465441,-0.050875,0.2552,0.148225
150536683236277,115.475442,-0.061875,0.230725,0.2825625
150536693237277,115.485443,-0.1082125,0.17325,0.435325
150536703238421,115.495444,-0.15345,0.1049125,0.5696625
150536713239113,115.505445,-0.177925,0.0633875,0.5929
150536723240243,115.515446,-0.1694,0.020624999,0.51094997
150536733241238,115.525447,-0.150975,-0.062425,0.358325
150536743242180,115.535448,-0.1216875,-0.161425,0.066275
150536753243334,115.545449,-0.0801625,-0.24695,-0.3331625
150536763244344,115.555450,-0.07535,-0.25795,-0.6985
150536773245272,115.565451,-0.1131625,-0.1566125,-0.8988375
150536783246210,115.575452,-0.15345,-0.0185625,-0.93555
150536793247377,115.585453,-0.1584,0.1269125,-0.8096
150536803248316,115.595454,-0.13145,0.1794375,-0.5542625
150536813249330,115.605455,-0.0801625,0.1109625,-0.2976875
150536823250470,115.615456,-0.0226875,-0.0429,-0.1975875
150536833251407,115.625457,0.009075,-0.1969,-0.265925
150536843252330,115.635458,0.0066,-0.22495,-0.38445
150536853253330,115.645459,-0.0105875,-0.1126125,-0.4224
150536863254248,115.655460,-0.011825,0.04015,-0.3746875
150536873255402,115.665461,0.02365,0.1634875,-0.292875
150536883256320,115.675462,0.0603625,0.20019999,-0.1903
150536893257330,115.685463,0.095699996,0.15015,-0.09735
150536903258267,115.695464,0.103125,0.0669625,-0.016775
150536913259434,115.705465,0.0774125,-0.0086624995,0.0517
150536923260354,115.715466,0.0286,-0.045375,0.066275
150536933261354,115.725467,-0.0154,-0.064899996,0.016224999
150536943262277,115.735468,-0.0556875,-0.0539,-0.0583
150536953263431,115.745469,-0.0826375,-0.028324999,-0.1315875
150536963264421,115.755470,-0.0716375,-0.0026125,-0.2233
150536973265335,115.765471,-0.0521125,-0.0099,-0.30635
150536983266482,115.775472,-0.006875,-0.051425,-0.391875
150536993267407,115.785473,0.0298375,-0.0771375,-0.4406875
150537003268407,115.795474,0.037125,-0.058849998,-0.430925
150537013269312,115.805475,0.0188375,-0.0306625,-0.342925
150537023270466,115.815476,-0.012925,-0.0099,-0.20735
150537033271389,115.825477,-0.0264,0.0132,-0.082775
150537043272393,115.835478,-0.0276375,0.0059125,0.0259875
150537053273316,115.845479,-0.0251625,-0.062425,0.0895125
150537063274459,115.855480,-0.0191125,-0.1346125,0.0895125
150537073275374,115.865481,-0.0166375,-0.1676125,0.0369875
150537083276355,115.875482,-0.006875,-0.150425,-0.0265375
150537093277268,115.885483,-0.001925,-0.1076625,-0.05335
150537103278422,115.895484,4.125E-4,-0.045375,-0.03025
150537113279345,115.905485,-8.25E-4,0.01815,0.066275
150537123280340,115.915486,4.125E-4,0.08415,0.23485
150537133281487,115.925487,0.010175,0.1354375,0.4279
150537143282407,115.935488,0.02365,0.136675,0.5671875
150537153283331,115.945489,0.0396,0.0609125,0.579425
150537163284335,115.955490,0.0444125,-0.0539,0.4681875
150537173285482,115.965491,0.0419375,-0.1516625,0.2728
150537183286419,115.975492,0.0273625,-0.2017125,0.0529375
150537193287426,115.985493,0.0138875,-0.1639,-0.1095875
150537203288349,115.995494,0.0053625,-0.058849998,-0.2013
150537213289501,116.005496,4.125E-4,0.0804375,-0.2036375
150537223290421,116.015496,-0.0081124995,0.19167499,-0.0925375
150537233291426,116.025497,0.0028875,0.2564375,0.099275
150537243292363,116.035498,0.0163625,0.2454375,0.30085
150537253293520,116.045500,0.0358875,0.1342,0.4169
150537263294464,116.055500,0.059125,-0.0160875,0.4096125
150537273295464,116.065501,0.0798875,-0.133375,0.2935625
150537283296369,116.075502,0.08965,-0.2176625,0.1249875
150537293297505,116.085504,0.0908875,-0.2286625,-0.0435875
150537303298431,116.095504,0.087175,-0.1577125,-0.1926375
150537313299422,116.105505,0.0908875,-0.058849998,-0.2965875
150537323300349,116.115506,0.0994125,0.026675,-0.3454
150537333301501,116.125508,0.0944625,0.086625,-0.28187498
150537343302503,116.135509,0.08965,0.091437496,-0.138875
150537353303426,116.145509,0.0749375,0.0804375,0.0504625
150537363304584,116.155511,0.056649998,0.048675,0.2165625
150537373305523,116.165512,0.034649998,-0.01485,0.270325
150537383306509,116.175513,0.032175,-0.086899996,0.21175
150537393307436,116.185513,0.0286,-0.1491875,0.0675125
150537403308600,116.195515,0.0334125,-0.19195,-0.132825
150537413309595,116.205516,0.0224125,-0.1797125,-0.320925
150537423310533,116.215517,0.0114124995,-0.089375,-0.408925
150537433311456,116.225517,-0.0105875,0.0449625,-0.32835
150537443312608,116.235519,-0.0251625,0.164725,-0.137775
150537453313605,116.245520,-0.0276375,0.2319625,0.073699996
150537463314542,116.255521,-0.023924999,0.1892,0.21175
150537473315474,116.265521,-0.0081124995,0.064625,0.2140875
150537483316628,116.275523,0.0053625,-0.1199,0.0858
150537493317561,116.285524,0.0176,-0.2481875,-0.1511125
150537503318561,116.295525,0.01265,-0.2519,-0.4041125
150537513319712,116.305526,-0.012925,-0.12485,-0.518925
150537523320637,116.315527,-0.03135,0.075625,-0.4431625
150537533321623,116.325528,-0.0191125,0.2600125,-0.2464
150537543322532,116.335529,0.02365,0.368775,0.0089375
150537553323698,116.345530,0.06765,0.3565375,0.2728
150537563324700,116.355531,0.08965,0.26125,0.4670875
150537573325623,116.365532,0.0933625,0.125675,0.557425
150537583326541,116.375533,0.0798875,0.0341,0.5916625
150537593327700,116.385534,0.0627,-0.0221375,0.5537125
150537603328685,116.395535,0.056649998,-0.0295625,0.441375
150537613329604,116.405536,0.0713625,-0.0185625,0.309375
150537623330756,116.415537,0.0994125,0.0438625,0.149325
150537633331681,116.425538,0.1238875,0.0719125,-0.0045375
150537643332681,116.435539,0.131175,0.081675,-0.093775
150537653333604,116.445540,0.1104125,0.102437496,-0.0815375
150537663334772,116.455541,0.07865,0.15125,0.04675
150537673335777,116.465542,0.0383625,0.20019999,0.237325
150537683336700,116.475543,0.015125,0.202675,0.4450875
150537693337857,116.485544,0.015125,0.1709125,0.55495
150537703338767,116.495545,0.0493625,0.0939125,0.4841375
150537713339772,116.505546,0.0834625,-0.028324999,0.2776125
150537723340690,116.515547,0.114125,-0.1406625,-0.022824999
150537733341837,116.525548,0.1348875,-0.20295,-0.3771625
150537743342834,116.535549,0.117699996,-0.150425,-0.645975
150537753343757,116.545550,0.0859375,-0.006325,-0.751025
150537763344909,116.555551,0.0713625,0.131725,-0.7767375
150537773345832,116.565552,0.0823625,0.25025,-0.711975
150537783346834,116.575553,0.092125,0.3614875,-0.586025
150537793347767,116.585554,0.109175,0.3870625,-0.43945
150537803348914,116.595555,0.1018875,0.3260125,-0.2831125
150537813349902,116.605556,0.076175,0.219725,-0.1023
150537823350829,116.615557,0.048125,0.1159125,0.0809875
150537833351739,116.625558,0.0358875,0.0584375,0.1920875
150537843352892,116.635559,0.0506,-0.0026125,0.1750375
150537853353815,116.645560,0.070125,-0.0270875,0.0540375
150537863354816,116.655561,0.0688875,0.004675,-0.0925375
150537873355959,116.665562,0.0517,0.064625,-0.2000625
150537883356959,116.675563,0.0089375,0.1329625,-0.2220625
150537893357888,116.685564,-0.0361625,0.19525,-0.1841125
150537903358830,116.695565,-0.0631125,0.16225,-0.1353
150537913359972,116.705566,-0.072875,0.048675,-0.143825
150537923360898,116.715567,-0.0691625,-0.0831875,-0.1975875
150537933361893,116.725568,-0.0996875,-0.1346125,-0.2171125
150537943363039,116.735569,-0.1291125,-0.133375,-0.2024
150537953363965,116.745570,-0.1571625,-0.0441375,-0.14135
150537963364965,116.755571,-0.139975,0.031625,-0.093775
150537973366113,116.765572,-0.09735,0.0499125,-0.0840125
150537983367027,116.775573,-0.0496375,-0.0196625,-0.13653749
150537993368027,116.785574,-0.0166375,-0.09185,-0.209825
150538003368950,116.795575,-0.012925,-0.106425,-0.2391125
150538013369888,116.805576,-0.02035,-0.045375,-0.1243
150538023371047,116.815577,-0.0191125,0.059675,0.1005125
150538033371984,116.825578,0.026124999,0.1769625,0.3498
150538043373215,116.835579,0.095699996,0.1684375,0.485375
150538053374128,116.845580,0.1507,0.08415,0.4621375
150538063375066,116.855581,0.1799875,-0.0380875,0.2996125
150538073376297,116.865582,0.1568875,-0.15895,0.1188
150538083377218,116.875583,0.109175,-0.16995,-0.0070125
150538093378114,116.885584,0.0664125,-0.0686125,0.027224999
150538103379114,116.895585,0.065175,0.064625,0.1909875
150538113380042,116.905586,0.0908875,0.164725,0.3815625
150538123381198,116.915587,0.1299375,0.1854875,0.507375
150538133382123,116.925588,0.14465,0.109725,0.4926625
150538143383123,116.935589,0.1287,0.0132,0.4035625
150538153384275,116.945590,0.0639375,-0.056375,0.33261248
150538163385215,116.955591,-0.011825,-0.10285,0.3130875
150538173386224,116.965592,-0.0691625,-0.111375,0.303325
150538183387147,116.975593,-0.0776875,-0.06985,0.270325
150538193388287,116.985594,-0.050875,-0.02585,0.193325
150538203389277,116.995595,-0.0264,-0.0050875,0.093225
150538213390171,117.005596,-0.0215875,0.0034375,-8.25E-4
150538223391323,117.015597,-0.045925,0.02915,-0.0570625
150538233392345,117.025598,-0.089925,0.07315,-0.0435875
150538243393268,117.035599,-0.1144,0.075625,0.02475
150538253394410,117.045600,-0.1131625,0.0523875,0.0968
150538263395345,117.055601,-0.0911625,0.0231,0.126225
150538273396345,117.065602,-0.0446875,-0.00385,0.0858
150538283397282,117.075603,-0.022824999,-0.036849998,-0.0265375
150538293398441,117.085604,-0.02035,-0.078375,-0.1560625
150538303399426,117.095605,-0.04235,-0.08085,-0.2891625
150538313400349,117.105606,-0.0776875,-0.045375,-0.36245
150538323401501,117.115608,-0.1082125,0.031625,-0.3295875
150538333402426,117.125608,-0.094875,0.0804375,-0.242825
150538343403421,117.135609,-0.056925,0.147675,-0.1645875
150538353404575,117.145611,-0.014162499,0.1414875,-0.1010625
150538363405518,117.155612,0.010175,0.0682,-0.060775
150538373406532,117.165613,0.0248875,-0.0209,-0.0985875
150538383407464,117.175613,0.032175,-0.084425,-0.1645875
150538393408616,117.185615,0.048125,-0.1296625,-0.2330625
150538403409527,117.195616,0.073699996,-0.1431375,-0.3111625
150538413410522,117.205617,0.1018875,-0.14795,-0.3894
150538423411669,117.215618,0.125125,-0.11385,-0.4456375
150538433412624,117.225619,0.1324125,-0.0526625,-0.441925
150538443413624,117.235620,0.1274625,0.0462,-0.3416875
150538453414766,117.245621,0.136125,0.1012,-0.2220625
150538463415696,117.255622,0.1568875,0.12815,-0.13035
150538473416691,117.265623,0.1689875,0.0719125,-0.082775
150538483417629,117.275624,0.1824625,-0.0050875,-0.1035375
150538493418768,117.285625,0.1714625,-0.064899996,-0.1291125
150538503419773,117.295626,0.142175,-0.0881375,-0.0765875
150538513420696,117.305627,0.1164625,-0.0270875,0.0540375
150538523421834,117.315628,0.1043625,0.0779625,0.23127499
150538533422763,117.325629,0.117699996,0.1439625,0.3656125
150538543423763,117.335630,0.142175,0.15015,0.3790875
150538553424681,117.345631,0.1604625,0.075625,0.281325
150538563425831,117.355632,0.1568875,-0.01485,0.1078
150538573426845,117.365633,0.115225,-0.0831875,-0.0705375
150538583427778,117.375634,0.0688875,-0.1271875,-0.19635
150538593428932,117.385635,0.043175,-0.150425,-0.3075875
150538603429927,117.395636,0.0517,-0.1467125,-0.397925
150538613430859,117.405637,0.0664125,-0.1687125,-0.4664
150538623431991,117.415638,0.065175,-0.1431375,-0.463925
150538633432935,117.425639,0.0334125,-0.02585,-0.33935
150538643433945,117.435640,0.004125,0.164725,-0.0620125
150538653435099,117.445641,-0.006875,0.2784375,0.320375
150538663436008,117.455642,0.0199375,0.329725,0.6307125
150538673437022,117.465643,0.045649998,0.2905375,0.77494997
150538683437945,117.475644,0.0578875,0.1989625,0.789525
150538693439097,117.485645,0.0419375,0.0609125,0.75528747
150538703440109,117.495646,0.0053625,-0.039325,0.6686625
150538713441027,117.505647,-0.028875,-0.0526625,0.54395
150538723442164,117.515648,-0.039875,-0.0026125,0.41085
150538733443065,117.525649,-0.02035,0.0449625,0.23127499
150538743444065,117.535650,0.0298375,0.0584375,-0.011825
150538753445219,117.545651,0.0627,0.020624999,-0.2916375
150538763446142,117.555652,0.043175,-0.078375,-0.513975
150538773447147,117.565653,4.125E-4,-0.17613749,-0.6997375
150538783448304,117.575654,-0.061875,-0.216425,-0.872025
150538793449229,117.585655,-0.13145,-0.24447499,-0.9343125
150538803450219,117.595656,-0.1804,-0.1736625,-0.839025
150538813451142,117.605657,-0.188925,0.0108624995,-0.5726875
150538823452291,117.615658,-0.14245,0.2319625,-0.148775
150538833453277,117.625659,-0.05335,0.4310625,0.3106125
150538843454200,117.635660,0.065175,0.4945875,0.6369
150538853455366,117.645661,0.1654125,0.462825,0.6942375
150538863456291,117.655662,0.225225,0.32725,0.529375
150538873457272,117.665663,0.2349875,0.158675,0.270325
150538883458431,117.675664,0.192225,0.0523875,0.0369875
150538893459354,117.685665,0.1324125,0.0658625,-0.1010625
150538903460349,117.695666,0.0944625,0.1293875,-0.1645875
150538913461287,117.705667,0.0798875,0.2294875,-0.15853749
150538923462455,117.715668,0.0847,0.252725,-0.1463
150538933463455,117.725669,0.070125,0.23567499,-0.1463
150538943464379,117.735670,0.032175,0.18425,-0.13653749
150538953465529,117.745672,-0.03135,0.1304875,-0.137775
150538963466455,117.755672,-0.09735,0.091437496,-0.1926375
150538973467460,117.765673,-0.1302125,0.020624999,-0.28435
150538983468611,117.775675,-0.144925,-0.012375,-0.4151125
150538993469552,117.785676,-0.144925,0.0011,-0.46873748
150539003470552,117.795677,-0.144925,0.0658625,-0.4041125
150539013471699,117.805678,-0.1144,0.22825,-0.2134
150539023472629,117.815679,-0.07645,0.3614875,0.06875
150539033473629,117.825680,-0.0301125,0.4505875,0.342375
150539043474552,117.835681,0.0066,0.42625,0.5196125
150539053475706,117.845682,0.0444125,0.3102,0.5977125
150539063476706,117.855683,0.073699996,0.142725,0.60513747
150539073477855,117.865684,0.0713625,0.015675,0.584375
150539083478783,117.875685,0.0444125,-0.047849998,0.55495
150539093479769,117.885686,0.0224125,-0.0429,0.5317125
150539103480692,117.895687,0.032175,0.0034375,0.4670875
150539113481828,117.905688,0.0468875,0.053625,0.380325
150539123482754,117.915689,0.0627,0.070675,0.259325
150539133483754,117.925690,0.081125,0.037675,0.12979999
150539143484893,117.935691,0.087175,-0.0050875,0.0345125
150539153485812,117.945692,0.095699996,-0.0466125,-0.033825
150539163486802,117.955693,0.1104125,-0.0771375,-0.0875875
150539173487955,117.965694,0.126225,-0.1676125,-0.160875
150539183488879,117.975695,0.147125,-0.238425,-0.303875
150539193489884,117.985696,0.1654125,-0.2506625,-0.4406875
150539203490802,117.995697,0.1689875,-0.249425,-0.5176875
150539213491956,118.005698,0.175175,-0.194425,-0.5176875
150539223492971,118.015699,0.1934625,-0.111375,-0.402875
150539233494124,118.025700,0.219175,-0.0270875,-0.2036375
150539243495065,118.035701,0.2594625,0.037675,-8.25E-4
150539253496057,118.045702,0.2949375,0.108625,0.1835625
150539263496985,118.055703,0.313225,0.142725,0.3388
150539273498137,118.065704,0.31075,0.1524875,0.4035625
150539283499134,118.075705,0.291225,0.1464375,0.386375
150539293500300,118.085706,0.258225,0.086625,0.25685
150539303501229,118.095707,0.208175,-0.01485,0.022275
150539313502168,118.105708,0.1214125,-0.08085,-0.2061125
150539323503168,118.115709,0.0248875,-0.0906125,-0.3551625
150539333504322,118.125710,-0.05335,-0.012375,-0.3771625
150539343505245,118.135711,-0.0996875,0.08415,-0.319825
150539353506239,118.145712,-0.1106875,0.1549625,-0.2464
150539363507391,118.155713,-0.116875,0.142725,-0.18535
150539373508316,118.165714,-0.133925,0.0449625,-0.159775
150539383509316,118.175715,-0.155925,-0.0796125,-0.2000625
150539393510465,118.185716,-0.17545,-0.177375,-0.28187498
150539403511374,118.195717,-0.1876875,-0.24213749,-0.3601125
150539413512364,118.205718,-0.1766875,-0.2299,-0.391875
150539423513287,118.215719,-0.14739999,-0.1309,-0.3454
150539433514470,118.225720,-0.0886875,0.0011,-0.2391125
150539443515393,118.235721,-0.0044,0.092675,-0.1095875
150539453516393,118.245722,0.0774125,0.08415,0.0039875
150539463517537,118.255724,0.1397,-0.012375,2.75E-4
150539473518446,118.265724,0.1469875,-0.1051875,-0.09735
150539483519441,118.275725,0.1043625,-0.17613749,-0.18287499
150539493520593,118.285727,0.0529375,-0.199375,-0.193875
150539503521518,118.295728,0.0224125,-0.1271875,-0.113299996
150539513522518,118.305729,0.0383625,-0.0111375,0.0650375
150539523523672,118.315730,0.0884125,0.1452,0.3045625
150539533524600,118.325731,0.1287,0.241725,0.5231875
150539543525820,118.335732,0.1544125,0.258775,0.649
150539553526745,118.345733,0.1604625,0.2184875,0.6221875
150539563527745,118.355734,0.1519375,0.1194875,0.502425
150539573528658,118.365735,0.12265,-0.017324999,0.2971375
150539583529576,118.375736,0.0823625,-0.1309,0.0297
150539593530730,118.385737,0.0578875,-0.2091375,-0.2134
150539603531744,118.395738,0.0493625,-0.1736625,-0.3601125
150539613532889,118.405739,0.054175,-0.0710875,-0.39421248
150539623533812,118.415740,0.0616,0.0352,-0.3356375
150539633534807,118.425741,0.076175,0.108625,-0.2171125
150539643535961,118.435742,0.098175,0.153725,-0.0730125
150539653536898,118.445743,0.0969375,0.087725,0.0284625
150539663537898,118.455744,0.0834625,-0.0686125,-0.005775
150539673539052,118.465745,0.0616,-0.183425,-0.14135
150539683539961,118.475746,0.026124999,-0.177375,-0.242825
150539693540966,118.485747,4.125E-4,-0.0771375,-0.2525875
150539703542124,118.495748,0.010175,0.0364375,-0.23539999
150539713543047,118.505749,0.037125,0.1549625,-0.20253749
150539723543985,118.515750,0.070125,0.241725,-0.121825
150539733544985,118.525751,0.0823625,0.2332,-0.08525
150539743546137,118.535752,0.0688875,0.1403875,-0.09625
150539753547139,118.545753,0.0298375,0.02915,-0.1463
150539763548293,118.555754,-0.0215875,-0.034375,-0.171875
150539773549216,118.565755,-0.072875,-0.034375,-0.16335
150539783550216,118.575756,-0.09845,0.00715,-0.14135
150539793551129,118.585757,-0.0911625,0.086625,-0.1390125
150539803552296,118.595758,-0.07535,0.1709125,-0.1450625
150539813553302,118.605759,-0.0704,0.197725,-0.1291125
150539823554240,118.615760,-0.0691625,0.15015,-0.16335
150539833555392,118.625761,-0.07645,0.0341,-0.2391125
150539843556317,118.635762,-0.1034,-0.0686125,-0.31735
150539853557317,118.645763,-0.1192125,-0.09185,-0.3856875
150539863558253,118.655764,-0.1254,-0.0221375,-0.3441625
150539873559417,118.665765,-0.122925,0.102437496,-0.1340625
150539883560422,118.675766,-0.104637496,0.2759625,0.1995125
150539893561574,118.685768,-0.0691625,0.40425,0.5611375
150539903562508,118.695769,-0.0264,0.395725,0.8188125
150539913563508,118.705770,0.0114124995,0.2844875,0.888525
150539923564676,118.715771,0.0383625,0.153725,0.7297125
150539933565599,118.725772,0.0286,-0.034375,0.40713748
150539943566614,118.735773,0.0286,-0.2897125,-0.066825
150539953567756,118.745774,0.0383625,-0.398475,-0.5555
150539963568749,118.755775,0.0309375,-0.33495,-0.80355
150539973569676,118.765776,0.0396,-0.20295,-0.7827875
150539983570819,118.775777,0.070125,0.04015,-0.4994
150539993571734,118.785778,0.1238875,0.3284875,0.0858
150540003572729,118.795779,0.1568875,0.53735,0.728475
150540013573652,118.805780,0.17765,0.5533,1.109625
150540023574883,118.815781,0.1947,0.407825,1.147575
150540033575806,118.825782,0.18865,0.0254375,0.850575
150540043576958,118.835783,0.1519375,-0.487575,0.2275625
150540053577869,118.845784,0.117699996,-0.72105,-0.4321625
150540063578864,118.855785,0.065175,-0.5841,-0.70454997
150540073580018,118.865786,0.026124999,-0.25547498,-0.5872625
150540083581004,118.875787,0.048125,0.1744875,-0.1841125
150540093581927,118.885788,0.136125,0.561825,0.2740375
150540103583065,118.895789,0.2044625,0.6193,0.5231875
150540113583990,118.905790,0.21175,0.4250125,0.47808748
150540123584975,118.915791,0.1519375,0.11715,0.281325
150540133585913,118.925792,0.02365,-0.1676125,0.066275
150540143587067,118.935793,-0.116875,-0.319,-0.088825
150540153588067,118.945794,-0.205975,-0.2726625,-0.1071125
150540163589216,118.955795,-0.2255,-0.122375,0.022275
150540173590240,118.965796,-0.171875,0.1049125,0.21779999
150540183591167,118.975797,-0.0886875,0.3174875,0.4279
150540193592305,118.985798,-0.0301125,0.43353748,0.579425
150540203593216,118.995799,-0.0251625,0.4323,0.6246625
150540213594211,119.005800,-0.0655875,0.3260125,0.5379
150540223595365,119.015801,-0.1326875,0.147675,0.3595625
150540233596288,119.025802,-0.2134,-0.064899996,0.1078
150540243597274,119.035803,-0.2572625,-0.21395,-0.1535875
150540253598426,119.045804,-0.265925,-0.2286625,-0.3601125
150540263599350,119.055805,-0.2464,-0.15413749,-0.49445
150540273600350,119.065806,-0.2072125,-0.0380875,-0.619025
150540283601273,119.075807,-0.1706375,0.0719125,-0.6923125
150540293602512,119.085809,-0.1546875,0.1599125,-0.700975
150540303603437,119.095809,-0.144925,0.208725,-0.6325
150540313604360,119.105810,-0.1254,0.2039125,-0.4871625
150540323605591,119.115812,-0.1082125,0.1342,-0.31735
150540333606499,119.125812,-0.08635,0.0584375,-0.170775
150540343607632,119.135814,-0.04235,-0.01485,-0.069299996
150540353608555,119.145815,0.01265,-0.039325,-0.010725
150540363609557,119.155816,0.0664125,-0.0209,0.0100375
150540373610721,119.165817,0.1214125,0.0779625,0.0039875
150540383611653,119.175818,0.1617,0.20019999,-0.0033
150540393612672,119.185819,0.17765,0.26125,-0.0180125
150540403613824,119.195820,0.192225,0.2160125,-0.1390125
150540413614764,119.205821,0.18493749,0.0743875,-0.3686375
150540423615764,119.215822,0.1494625,-0.0160875,-0.573925
150540433616923,119.225823,0.0847,0.0011,-0.5665
150540443617846,119.235824,0.032175,0.048675,-0.3515875
150540453618846,119.245825,0.0176,0.2014375,-0.033825
150540463619998,119.255826,0.0066,0.307725,0.2776125
150540473620913,119.265827,0.0053625,0.32725,0.463375
150540483621913,119.275828,-0.0105875,0.252725,0.48785
150540493623067,119.285829,-0.0496375,0.114675,0.403425
150540503623988,119.295830,-0.105875,-0.0600875,0.23485
150540513625004,119.305831,-0.1461625,-0.144375,0.0735625
150540523626149,119.315832,-0.1766875,-0.1491875,-0.0473
150540533627081,119.325833,-0.1816375,-0.08085,-0.1095875
150540543628086,119.335834,-0.1584,0.015675,-0.1230625
150540553629243,119.345835,-0.13145,0.06215,-0.104775
150540563630216,119.355836,-0.1144,0.0499125,-0.08635
150540573631139,119.365837,-0.1266375,0.009625,-0.082775
150540583632291,119.375838,-0.1486375,-0.0526625,-0.113299996
150540593633221,119.385839,-0.171875,-0.1199,-0.165825
150540603634221,119.395840,-0.188925,-0.2091375,-0.2366375
150540613635370,119.405841,-0.188925,-0.2311375,-0.3111625
150540623636293,119.415842,-0.1876875,-0.1797125,-0.2904
150540633637293,119.425843,-0.166925,-0.0416625,-0.1010625
150540643638460,119.435844,-0.1192125,0.15125,0.2030875
150540653639462,119.445845,-0.0606375,0.335775,0.52442497
150540663640385,119.455846,0.0114124995,0.39325,0.67347497
150540673641532,119.465848,0.073699996,0.2539625,0.5427125
150540683642534,119.475849,0.1067,-0.001375,0.17875
150540693643471,119.485849,0.0774125,-0.315425,-0.2586375
150540703644613,119.495851,-0.0044,-0.4657125,-0.5592125
150540713645538,119.505852,-0.105875,-0.396,-0.6007375
150540723646538,119.515853,-0.1412125,-0.19195,-0.4321625
150540733647697,119.525854,-0.1034,0.0254375,-0.18535
150540743648711,119.535855,-0.0411125,0.22825,0.0187
150540753649633,119.545856,-0.014162499,0.307725,0.18727499
150540763650781,119.555857,-0.0374,0.246675,0.303325
150540773651783,119.565858,-0.08745,0.153725,0.2740375
150540783652702,119.575859,-0.133925,0.020624999,0.1555125
150540793653849,119.585860,-0.1571625,-0.1797125,-0.07425
150540803654851,119.595861,-0.155925,-0.3837625,-0.447975
150540813656017,119.605862,-0.1436875,-0.4142875,-0.755975
150540823656936,119.615863,-0.1436875,-0.286,-0.839025
150540833657933,119.625864,-0.1364,-0.036849998,-0.7277875
150540843658856,119.635865,-0.0996875,0.247775,-0.435875
150540853660011,119.645866,-0.05335,0.4395875,-0.0570625
150540863661010,119.655867,-0.0471625,0.4274875,0.2360875
150540873662163,119.665868,-0.0581625,0.274725,0.3399
150540883663085,119.675869,-0.072875,0.048675,0.3265625
150540893664086,119.685870,-0.094875,-0.1736625,0.19085
150540903665005,119.695871,-0.12045,-0.3422375,-0.027775
150540913666160,119.705872,-0.116875,-0.3251875,-0.264825
150540923667163,119.715873,-0.093637496,-0.21395,-0.4444
150540933668316,119.725874,-0.0556875,-0.117425,-0.51645
150540943669224,119.735875,-0.0154,-0.040425,-0.5286875
150540953670224,119.745876,0.0163625,0.026675,-0.4761625
150540963671383,119.755877,0.0188375,0.0352,-0.3711125
150540973672310,119.765878,0.0114124995,0.00715,-0.176825
150540983673310,119.775879,-0.0020625,-0.0820875,0.033275
150540993674450,119.785880,-8.25E-4,-0.1626625,0.220275
150541003675378,119.795881,0.0089375,-0.2567125,0.3521375
150541013676382,119.805882,0.02365,-0.30195,0.40713748
150541023677551,119.815884,0.0468875,-0.3227125,0.4046625
150541033678464,119.825884,0.0627,-0.3067625,0.3961375
150541043679464,119.835885,0.06765,-0.2591875,0.386375
150541053680611,119.845887,0.0603625,-0.1711875,0.3729
150541063681536,119.855888,0.037125,-0.08085,0.41085
150541073682541,119.865889,-8.25E-4,-0.050325,0.5097125
150541083683693,119.875890,-0.0276375,-0.0466125,0.573375
150541093684700,119.885891,-0.04235,-0.084425,0.590425
150541103685632,119.895892,-0.0496375,-0.155375,0.551375
150541113686784,119.905893,-0.050875,-0.2237125,0.46461248
150541123687801,119.915894,-0.0471625,-0.2811875,0.3265625
150541133688709,119.925895,-0.0446875,-0.3202375,0.1700875
150541143689863,119.935896,-0.034925,-0.3397625,0.03575
150541153690859,119.945897,-0.039875,-0.3141875,-0.0290125
150541163692027,119.955898,-0.0631125,-0.2542375,-0.0435875
150541173692945,119.965899,-0.07535,-0.150425,-0.010725
150541183693931,119.975900,-0.083875,-0.001375,0.0834625
150541193695069,119.985901,-0.0801625,0.1269125,0.248325
150541203696006,119.995902,-0.067925,0.164725,0.4791875
150541213697013,120.005903,-0.0374,0.1329625,0.68694997
150541223697945,120.015904,-0.0020625,0.053625,0.7847125
150541233699171,120.025905,0.0163625,-0.0306625,0.76505
150541243700094,120.035906,-0.0020625,-0.0526625,0.68694997
150541253701246,120.045907,-0.0471625,-0.012375,0.57695
150541263702176,120.055908,-0.0924,0.0609125,0.4621375
150541273703167,120.065909,-0.1216875,0.1354375,0.3900875
150541283704335,120.075910,-0.122925,0.1819125,0.353375
150541293705335,120.085911,-0.115637496,0.2014375,0.33385
150541303706272,120.095912,-0.116875,0.1854875,0.33385
150541313707409,120.105913,-0.133925,0.16115,0.3375625
150541323708416,120.115914,-0.14245,0.113437496,0.3301375
150541333709339,120.125915,-0.14245,0.0548625,0.2666125
150541343710482,120.135916,-0.1302125,-0.001375,0.132275
150541353711474,120.145917,-0.1106875,-0.0820875,-0.060775
150541363712638,120.155919,-0.09735,-0.1676125,-0.270875
150541373713565,120.165920,-0.1021625,-0.1956625,-0.4261125
150541383714565,120.175921,-0.1181125,-0.1577125,-0.480975
150541393715705,120.185922,-0.1192125,-0.0856625,-0.441925
150541403716633,120.195923,-0.089925,0.0011,-0.3161125
150541413717633,120.205924,-0.034925,0.0559625,-0.1695375
150541423718785,120.215925,0.0114124995,0.037675,-0.0950125
150541433719773,120.225926,0.032175,0.009625,-0.0925375
150541443720696,120.235927,0.0309375,-0.0221375,-0.082775
150541453721590,120.245928,0.0138875,-0.02585,0.0064625
150541463722821,120.255929,-0.00935,0.04015,0.1700875
150541473723729,120.265930,-0.0154,0.1452,0.3741375
150541483724881,120.275931,-8.25E-4,0.236775,0.57695
150541493725898,120.285932,0.010175,0.285725,0.723525
150541503727047,120.295933,0.0066,0.2882,0.816475
150541513727965,120.305934,-0.0081124995,0.2685375,0.877525
150541523728979,120.315935,-0.039875,0.2294875,0.8872875
150541533730152,120.325936,-0.067925,0.180675,0.833525
150541543731071,120.335937,-0.072875,0.1439625,0.717475
150541553732056,120.345938,-0.0545875,0.091437496,0.49995
150541563733208,120.355939,-0.022824999,-0.0416625,0.2055625
150541573734138,120.365940,0.0188375,-0.1467125,-0.13653749
150541583735138,120.375941,0.02365,-0.1601875,-0.364925
150541593736287,120.385942,-0.0044,-0.11495,-0.4211625
150541603737210,120.395943,-0.034925,-0.0196625,-0.3674
150541613738195,120.405944,-0.0361625,0.0902,-0.220825
150541623739349,120.415945,-0.0020625,0.15125,-0.0204875
150541633740272,120.425946,0.056649998,0.102437496,0.109037496
150541643741288,120.435947,0.1104125,-0.051425,0.0479875
150541653742456,120.445948,0.1299375,-0.18095,-0.1475375
150541663743456,120.455949,0.1079375,-0.24213749,-0.3161125
150541673744389,120.465950,0.0847,-0.2079,-0.3466375
150541683745556,120.475952,0.0774125,-0.1016125,-0.27335
150541693746556,120.485953,0.098175,0.0121,-0.1243
150541703747701,120.495954,0.1324125,0.109725,0.0675125
150541713748705,120.505955,0.1469875,0.16115,0.2508
150541723749628,120.515956,0.14465,0.1524875,0.325325
150541733750780,120.525957,0.142175,0.1183875,0.2910875
150541743751792,120.535958,0.12265,0.0719125,0.2055625
150541753752701,120.545959,0.0994125,0.042625,0.1175625
150541763753853,120.555960,0.073699996,0.0389125,0.0614625
150541773754859,120.565961,0.0603625,0.0584375,0.0430375
150541783755792,120.575962,0.059125,0.087725,0.044275
150541793756960,120.585963,0.0554125,0.098725,0.0235125
150541803757960,120.595964,0.0493625,0.0682,-0.0204875
150541813759127,120.605965,0.0298375,0.0341,-0.071775
150541823760045,120.615966,-0.0020625,0.0083875,-0.0925375
150541833761018,120.625967,-0.0521125,0.0022,-0.041249998
150541843762172,120.635968,-0.0814,0.031625,0.0699875
150541853763090,120.645969,-0.0741125,0.0548625,0.176275
150541863764305,120.655970,-0.0301125,0.0352,0.237325
150541873765230,120.665971,0.010175,-0.0270875,0.22385
150541883766220,120.675972,0.0444125,-0.1126125,0.13475
150541893767153,120.685973,0.048125,-0.1821875,0.011275
150541903768319,120.695974,0.02365,-0.1846625,-0.0754875
150541913769321,120.705975,-0.023924999,-0.12595,-0.09625
150541923770473,120.715976,-0.0545875,-0.0306625,-0.052249998
150541933771383,120.725977,-0.061875,0.0523875,-0.010725
150541943772374,120.735978,-0.050875,0.0902,-0.00825
150541953773528,120.745980,-0.0301125,0.059675,-0.071775
150541963774441,120.755980,-0.006875,-0.0246125,-0.1951125
150541973775427,120.765981,4.125E-4,-0.0831875,-0.3185875
150541983776581,120.775983,-0.0020625,-0.11495,-0.38445
150541993777524,120.785984,-0.0044,-0.100375,-0.38334998
150542003778524,120.795985,0.0089375,-0.072325,-0.3381125
150542013779663,120.805986,0.032175,-0.0295625,-0.2464
150542023780647,120.815987,0.0444125,0.037675,-0.08635
150542033781806,120.825988,0.048125,0.1122,0.12375
150542043782728,120.835989,0.0224125,0.1892,0.364375
150542053783730,120.845990,-0.006875,0.2564375,0.5696625
150542063784888,120.855991,-0.012925,0.2930125,0.64295
150542073785798,120.865992,0.01265,0.2649625,0.574475
150542083786793,120.875993,0.0468875,0.136675,0.3741375
150542093787939,120.885994,0.0884125,-0.013612499,0.0455125
150542103788953,120.895995,0.0908875,-0.11385,-0.2684
150542113789884,120.905996,0.032175,-0.117425,-0.4016375
150542123791035,120.915997,-0.0386375,-0.034375,-0.3221625
150542133792037,120.925998,-0.0851125,0.113437496,-0.1205875
150542143793189,120.935999,-0.09735,0.2649625,0.1445125
150542153794129,120.946000,-0.0704,0.318725,0.3619
150542163795129,120.956001,-0.03135,0.241725,0.39985
150542173796038,120.966002,-0.006875,0.0548625,0.248325
150542183797203,120.976003,0.010175,-0.18095,-0.0204875
150542193798234,120.986004,-0.0044,-0.3777125,-0.3515875
150542203799397,120.996005,-0.0325875,-0.420475,-0.6276875
150542213800393,121.006006,-0.0594,-0.3361875,-0.735075
150542223801316,121.016007,-0.056925,-0.2017125,-0.7363125
150542233802460,121.026008,-0.0154,-0.040425,-0.634975
150542243803453,121.036009,0.0396,0.10615,-0.4444
150542253804628,121.046011,0.0664125,0.1232,-0.14135
150542263805553,121.056012,0.0724625,0.13915,0.1689875
150542273806555,121.066013,0.0517,0.0902,0.386375
150542283807709,121.076014,0.0444125,0.0083875,0.4670875
150542293808719,121.086015,0.0639375,-0.0600875,0.4059
150542303809642,121.096016,0.087175,-0.1381875,0.259325
150542313810796,121.106017,0.1128875,-0.199375,0.0345125
150542323811794,121.116018,0.117699996,-0.15413749,-0.17435
150542333812719,121.126019,0.092125,-0.0429,-0.2684
150542343813858,121.136020,0.0688875,0.0999625,-0.2220625
150542353814859,121.146021,0.0603625,0.2112,-0.07425
150542363815996,121.156022,0.065175,0.24419999,0.1054625
150542373816926,121.166023,0.0859375,0.1964875,0.2275625
150542383817914,121.176024,0.1067,0.070675,0.226325
150542393819070,121.186025,0.1274625,-0.100375,0.0760375
150542403820092,121.196026,0.13365,-0.264,-0.1645875
150542413821248,121.206027,0.12265,-0.3287625,-0.430925
150542423822179,121.216028,0.1043625,-0.264,-0.6117375
150542433823171,121.226029,0.076175,-0.12485,-0.6287875
150542443824094,121.236030,0.0616,0.0499125,-0.4761625
150542453825248,121.246031,0.0724625,0.1940125,-0.198825
150542463826248,121.256032,0.0749375,0.2674375,0.1469875
150542473827397,121.266033,0.0603625,0.224675,0.4316125
150542483828381,121.276034,0.0468875,0.131725,0.53061247
150542493829535,121.286036,0.0407,0.0242,0.4536125
150542503830458,121.296036,0.043175,-0.0636625,0.2618
150542513831470,121.306037,0.0407,-0.1296625,0.016224999
150542523832393,121.316038,0.037125,-0.1199,-0.1890625
150542533833547,121.326040,0.0138875,-0.0441375,-0.264825
150542543834542,121.336041,-0.006875,0.0559625,-0.209825
150542553835696,121.346042,-0.0251625,0.1452,-0.060775
150542563836699,121.356043,-0.0521125,0.197725,0.1188
150542573837624,121.366044,-0.072875,0.1672,0.2618
150542583838756,121.376045,-0.0911625,0.081675,0.303325
150542593839753,121.386046,-0.0961125,-0.0196625,0.2275625
150542603840657,121.396047,-0.0886875,-0.1040875,0.082225
150542613841826,121.406048,-0.07645,-0.14795,-0.069299996
150542623842826,121.416049,-0.056925,-0.166375,-0.193875
150542633843749,121.426050,-0.028875,-0.1406625,-0.28187498
150542643844910,121.436051,-0.001925,-0.106425,-0.320925
150542653845903,121.446052,0.0066,-0.0881375,-0.3014
150542663847071,121.456053,-0.001925,-0.064899996,-0.209825
150542673848071,121.466054,-0.034925,-0.0490875,-0.0460625
150542683848989,121.476055,-0.0606375,-0.0331375,0.1628
150542693850143,121.486056,-0.0606375,-0.0270875,0.347325
150542703851141,121.496057,-0.04235,-0.0209,0.46461248
150542713852071,121.506058,-0.017875,-0.034375,0.5086125
150542723853208,121.516059,-0.006875,-0.0686125,0.4866125
150542733854215,121.526060,0.0053625,-0.095425,0.3961375
150542743855364,121.536061,0.0138875,-0.1126125,0.23127499
150542753856364,121.546062,0.0089375,-0.13585,0.0504625
150542763857516,121.556064,-0.0191125,-0.13695,-0.0644875
150542773858441,121.566064,-0.050875,-0.108899996,-0.0705375
150542783859463,121.576065,-0.083875,-0.0771375,0.0284625
150542793860374,121.586066,-0.1021625,-0.058849998,0.20185
150542803861540,121.596068,-0.0996875,-0.056375,0.3839
150542813862528,121.606069,-0.08635,-0.106425,0.491425
150542823863695,121.616070,-0.0716375,-0.17613749,0.480425
150542833864696,121.626071,-0.0594,-0.2567125,0.37661248
150542843865619,121.636072,-0.061875,-0.338525,0.220275
150542853866791,121.646073,-0.0851125,-0.3422375,0.0528
150542863867724,121.656074,-0.1192125,-0.24695,-0.027775
150542873868961,121.666075,-0.14245,-0.1236125,0.027224999
150542883869946,121.676076,-0.14739999,-0.0295625,0.1480875
150542893870870,121.686077,-0.13145,-0.00385,0.2580875
150542903872031,121.696078,-0.1071125,-0.0416625,0.3058
150542913873033,121.706079,-0.083875,-0.12595,0.2666125
150542923873947,121.716080,-0.0851125,-0.2212375,0.2336125
150542933875090,121.726081,-0.115637496,-0.2616625,0.281325
150542943876076,121.736082,-0.1656875,-0.21395,0.3986125
150542953876984,121.746083,-0.1901625,-0.1296625,0.535425
150542963878132,121.756084,-0.1656875,-0.08085,0.5977125
150542973879119,121.766085,-0.1192125,-0.067375,0.5427125
150542983880273,121.776086,-0.06435,-0.0416625,0.391325
150542993881196,121.786087,-0.028875,-0.047849998,0.1920875
150543003882196,121.796088,-0.006875,-0.08085,-0.005775
150543013883336,121.806089,-0.0031625,-0.078375,-0.1230625
150543023884319,121.816090,-0.02035,-0.0209,-0.13035
150543033885475,121.826091,-0.03135,0.031625,-0.0730125
150543043886468,121.836092,0.0066,0.04015,-0.027775
150543053887388,121.846093,0.095699996,-0.0246125,-0.082775
150543063888541,121.856095,0.2129875,-0.18095,-0.303875
150543073889547,121.866096,0.3388,-0.4668125,-0.8328375
150543083890475,121.876096,0.363275,-0.4522375,-1.446225
150543093891648,121.886098,0.3034625,-0.22495,-1.8836125
150543103892663,121.896099,0.2435125,0.0231,-1.8847125
150543113893586,121.906100,0.18975,0.30153748,-1.3729374
150543123894829,121.916101,0.1324125,0.57035,-0.5286875
150543133895759,121.926102,0.0053625,0.671825,0.413325
150543143896911,121.936103,-0.1144,0.6216375,1.1719126
150543153897913,121.946104,-0.19373749,0.4873,1.5885375
150543163898836,121.956105,-0.232925,0.2869625,1.6165875
150543173899975,121.966106,-0.2072125,0.037675,1.2549624
150543183900988,121.976107,-0.1412125,-0.2322375,0.6392375
150543193902144,121.986108,-0.06435,-0.4362875,-0.0045375
150543203903079,121.996109,-0.0446875,-0.4888125,-0.485925
150543213904081,122.006110,-0.067925,-0.3887125,-0.740025
150543223905233,122.016111,-0.1401125,-0.17613749,-0.7937875
150543233906235,122.026112,-0.232925,0.0963875,-0.6447375
150543243907410,122.036113,-0.309925,0.307725,-0.39545
150543253908335,122.046114,-0.304975,0.21367499,-0.4114
150543263909328,122.056115,-0.254925,-0.24213749,-0.9013125
150543273910248,122.066116,-0.2402125,-0.66605,-1.7356625
150543283911477,122.076117,-0.2976875,-0.8481,-2.3918126
150543293912402,122.086118,-0.3172125,-0.89196247,-2.6312
150543303913554,122.096120,-0.2756875,-0.6648125,-2.490675
150543313914556,122.106121,-0.19373749,-0.2542375,-2.0227625
150543323915718,122.116122,-0.100925,0.1194875,-1.3729374
150543333916630,122.126123,-0.0191125,0.3333,-0.6507875
150543343917630,122.136124,0.065175,0.3663,0.0627
150543353918792,122.146125,0.1238875,0.22825,0.6967125
150543363919777,122.156126,0.120175,0.004675,1.1719126
150543373920702,122.166127,0.1067,-0.2371875,1.435775
150543383921854,122.176128,0.114125,-0.41799998,1.5604875
150543393922860,122.186129,0.126225,-0.51205,1.600775
150543403924010,122.196130,0.142175,-0.47547498,1.6093
150543413924923,122.206131,0.1324125,-0.319,1.5873
150543423925923,122.216132,0.07865,-0.0771375,1.5323
150543433927077,122.226133,-8.25E-4,0.1989625,1.4614875
150543443928003,122.236134,-0.094875,0.4200625,1.3992
150543453929005,122.246135,-0.183975,0.5251125,1.4064875
150543463930159,122.256136,-0.2464,0.4921125,1.484725
150543473931164,122.266137,-0.2585,0.3394875,1.5824875
150543483932082,122.276138,-0.243925,0.114675,1.61425
150543493933231,122.286139,-0.25245,-0.1491875,1.53725
150543503934245,122.296140,-0.243925,-0.398475,1.2733876
150543513935393,122.306141,-0.2561625,-0.5817625,0.899525
150543523936391,122.316142,-0.287925,-0.72833747,0.5256625
150543533937308,122.326143,-0.3355,-0.8028625,0.2030875
150543543938444,122.336144,-0.3612125,-0.7711,-0.082775
150543553939446,122.346145,-0.333025,-0.685575,-0.303875
150543563940584,122.356147,-0.2671625,-0.5597625,-0.4456375
150543573941504,122.366148,-0.188925,-0.47547498,-0.5335
150543583942518,122.376149,-0.1181125,-0.42405,-0.6007375
150543593943672,122.386150,-0.022824999,-0.41195,-0.6997375
150543603944672,122.396151,0.0603625,-0.3227125,-0.7877375
150543613945831,122.406152,0.1274625,-0.199375,-0.8267875
150543623946824,122.416153,0.1397,-0.040425,-0.69245
150543633947744,122.426154,0.114125,0.136675,-0.3771625
150543643948883,122.436155,0.073699996,0.26125,0.0430375
150543653949869,122.446156,0.0688875,0.2332,0.4230875
150543663951021,122.456157,0.103125,0.053625,0.65395
150543673951946,122.466158,0.153175,-0.172425,0.739475
150543683952932,122.476159,0.186175,-0.4107125,0.706475
150543693954086,122.486160,0.2044625,-0.6293375,0.563475
150543703955012,122.496161,0.2129875,-0.6378625,0.375375
150543713956244,122.506162,0.225225,-0.448525,0.1970375
150543723957180,122.516163,0.247225,-0.1651375,0.0944625
150543733958182,122.526164,0.28875,0.0902,0.0540375
150543743959124,122.536165,0.3400375,0.2404875,0.0369875
150543753960355,122.546166,0.3669875,0.2454375,0.0259875
150543763961507,122.556168,0.35475,0.1599125,0.0407
150543773962422,122.566168,0.31075,0.048675,0.082225
150543783963422,122.576169,0.2569875,-0.0416625,0.1188
150543793964336,122.586170,0.225225,-0.064899996,0.1175625
150543803965502,122.596172,0.2167,-0.028324999,0.087037496
150543813966509,122.606173,0.22893749,0.042625,0.0308
150543823967675,122.616174,0.2399375,0.103675,-0.044825
150543833968600,122.626175,0.253275,0.1269125,-0.1280125
150543843969600,122.636176,0.2668875,0.1329625,-0.208725
150543853970764,122.646177,0.2644125,0.14025,-0.2514875
150543863971704,122.656178,0.2448875,0.1049125,-0.2404875
150543873972932,122.666179,0.2179375,0.0743875,-0.1599125
150543883973930,122.676180,0.186175,0.0633875,-0.0193875
150543893974855,122.686181,0.1496,0.0719125,0.1529
150543903976007,122.696182,0.11165,0.075625,0.3397625
150543913977009,122.706183,0.1018875,0.0462,0.4827625
150543923977932,122.716184,0.1288375,-0.012375,0.5292375
150543933979067,122.726185,0.1606,-0.09185,0.47905
150543943980061,122.736186,0.202125,-0.1431375,0.32395
150543953981215,122.746187,0.2228875,-0.1309,0.1161875
150543963982218,122.756188,0.19607499,-0.0746625,-0.02915
150543973983143,122.766189,0.1508375,0.0169125,-0.0743875
150543983984314,122.776190,0.108075,0.14025,-0.0352
150543993985302,122.786191,0.0677875,0.2014375,0.0831875
150544003986453,122.796192,0.037125,0.203775,0.2396625
150544013987451,122.806193,0.0176,0.109725,0.348425
150544023988369,122.816194,0.015262499,-0.017324999,0.382525
150544033989523,122.826196,0.020075,-0.1309,0.332475
150544043990513,122.836197,0.0103124995,-0.188375,0.2371875
150544053991666,122.846198,-0.0177375,-0.16995,0.1309
150544063992593,122.856199,-0.051975,-0.0820875,0.073425
150544073993600,122.866200,-0.089925,0.0449625,0.0966625
150544083994767,122.876201,-0.1082125,0.1684375,0.166375
150544093995767,122.886202,-0.0972125,0.2209625,0.227425
150544103996691,122.896203,-0.0617375,0.175725,0.24447499
150544113997858,122.906204,-0.0374,0.0572,0.2176625
150544123998861,122.916205,-0.029975,-0.067375,0.1529
150544134000013,122.926206,-0.040975,-0.144375,0.0636625
150544144000934,122.936207,-0.056925,-0.1456125,-0.0279125
150544154002167,122.946208,-0.07645,-0.0746625,-0.087725
150544164003074,122.956209,-0.073975,0.0108624995,-0.1012
150544174004062,122.966210,-0.0471625,0.0572,-0.097625
150544184005218,122.976211,-0.0116875,0.0413875,-0.0939125
150544194006220,122.986212,0.020075,-0.0221375,-0.1269125
150544204007158,122.996213,0.0273625,-0.095425,-0.197725
150544214008302,123.006214,0.015262499,-0.1271875,-0.28325
150544224009292,123.016215,0.01155,-0.0979,-0.346775
150544234010432,123.026216,0.014025,-0.0331375,-0.3675375
150544244011411,123.036217,0.0273625,0.02915,-0.3370125
150544254012336,123.046218,0.0603625,0.0584375,-0.27225
150544264013489,123.056219,0.08855,0.0229625,-0.2014375
150544274014490,123.066220,0.1018875,-0.0466125,-0.1684375
150544284015642,123.076222,0.119075,-0.15895,-0.1879625
150544294016552,123.086223,0.1398375,-0.27995,-0.2490125
150544304017567,123.096224,0.1544125,-0.3361875,-0.3235375
150544314018725,123.106225,0.163075,-0.2897125,-0.3553
150544324019709,123.116226,0.1678875,-0.1736625,-0.313775
150544334020634,123.126227,0.1728375,-0.0405625,-0.21725
150544344021863,123.136228,0.191125,0.1049125,-0.1109625
150544354022788,123.146229,0.2033625,0.1904375,1.375E-4
150544364023935,123.156230,0.2033625,0.1304875,0.0906125
150544374024850,123.166231,0.2156,-0.0160875,0.11385
150544384026079,123.176232,0.241175,-0.1711875,0.0746625
150544394027014,123.186233,0.25959998,-0.2811875,0.023375
150544404028017,123.196234,0.246125,-0.2982375,0.0086624995
150544414029173,123.206235,0.21065,-0.205425,0.0576125
150544424030185,123.216236,0.1654125,-0.061325,0.1491875
150544434031129,123.226237,0.14465,0.0779625,0.21395
150544444032267,123.236238,0.1568875,0.125675,0.20047499
150544454033269,123.246239,0.185075,0.06215,0.117425
150544464034418,123.256240,0.2033625,-0.034375,0.0185625
150544474035418,123.266241,0.180125,-0.100375,-0.06215
150544484036355,123.276242,0.1276,-0.100375,-0.1073875
150544494037580,123.286244,0.0836,-0.0441375,-0.1183875
150544504038514,123.296245,0.0763125,0.0108624995,-0.125675
150544514039668,123.306246,0.103125,0.0279125,-0.1634875
150544524040589,123.316247,0.1398375,0.0328625,-0.2222
150544534041606,123.326248,0.147125,0.04015,-0.2600125
150544544042745,123.336249,0.1153625,0.05115,-0.236775
150544554043745,123.346250,0.0688875,0.0743875,-0.15015
150544564044927,123.356251,0.0347875,0.1084875,1.375E-4
150544574045851,123.366252,0.015262499,0.103675,0.188375
150544584046856,123.376253,0.0286,0.0682,0.348425
150544594048084,123.386254,0.047025,0.020624999,0.4252875
150544604049009,123.396255,0.05555,-0.028324999,0.42405
150544614050163,123.406256,0.03355,-0.0111375,0.382525
150544624051175,123.416257,-0.0116875,0.048675,0.3251875
150544634052100,123.426258,-0.0617375,0.114675,0.26895
150544644053243,123.436259,-0.0812625,0.17325,0.2066625
150544654054172,123.446260,-0.0715,0.1549625,0.11385
150544664055398,123.456261,-0.0532125,0.0743875,0.0075625
150544674056398,123.466262,-0.0556875,-0.0075625,-0.091437496
150544684057307,123.476263,-0.0886875,-0.0319,-0.142725
150544694058461,123.486264,-0.1387375,0.00715,-0.11715
150544704059459,123.496265,-0.1777875,0.0633875,-0.06215
150544714060615,123.506267,-0.179025,0.1122,-0.037675
150544724061608,123.516268,-0.157025,0.142725,-0.0328625
150544734062552,123.526269,-0.1436875,0.1194875,-0.009625
150544744063690,123.536270,-0.146025,0.098725,0.0416625
150544754064692,123.546271,-0.1485,0.098725,0.1126125
150544764065836,123.556272,-0.1362625,0.098725,0.1931875
150544774066745,123.566273,-0.1057375,0.0939125,0.2237125
150544784067745,123.576274,-0.06545,0.06215,0.1687125
150544794068894,123.586275,-0.032449998,-0.00385,0.0600875
150544804069892,123.596276,-0.0165,-0.058849998,-0.0669625
150544814071053,123.606277,-0.0312125,-0.067375,-0.17325
150544824071983,123.616278,-0.0691625,-0.017324999,-0.22825
150544834072985,123.626279,-0.106975,0.042625,-0.2270125
150544844074130,123.636280,-0.117975,0.0792,-0.1964875
150544854075134,123.646281,-0.09845,0.0474375,-0.1929125
150544864076277,123.656282,-0.0592625,-0.0429,-0.2454375
150544874077264,123.666283,-0.0264,-0.13585,-0.313775
150544884078202,123.676284,-0.018975,-0.1626625,-0.35901248
150544894079356,123.686285,-0.029975,-0.1211375,-0.3419625
150544904080358,123.696286,-0.051975,-0.045375,-0.2600125
150544914081283,123.706287,-0.0642125,0.026675,-0.1354375
150544924082503,123.716289,-0.0617375,0.091437496,0.0319
150544934083428,123.726289,-0.054449998,0.10615,0.2322375
150544944084591,123.736291,-0.051975,0.070675,0.4057625
150544954085591,123.746292,-0.0691625,0.0132,0.5328125
150544964086509,123.756293,-0.0886875,-0.034375,0.5902875
150544974087730,123.766294,-0.0996875,-0.0746625,0.591525
150544984088862,123.776295,-0.1082125,-0.1150875,0.5157625
150544994089788,123.786296,-0.1142625,-0.1296625,0.3617625
150545004090798,123.796297,-0.1326875,-0.094325,0.18095
150545014091721,123.806298,-0.1607375,-0.039325,0.0196625
150545024092882,123.816299,-0.1852125,0.020624999,-0.0902
150545034093880,123.826300,-0.1912625,0.0413875,-0.1659625
150545044095017,123.836301,-0.1815,0.00715,-0.219725
150545054096032,123.846302,-0.1632125,-0.067375,-0.247775
150545064096941,123.856303,-0.15345,-0.1016125,-0.2552
150545074098171,123.866304,-0.161975,-0.0856625,-0.2074875
150545084099309,123.876305,-0.17655,-0.017324999,-0.097625
150545094100238,123.886306,-0.1632125,0.0389125,0.0209
150545104101232,123.896307,-0.113025,0.04015,0.0941875
150545114102388,123.906308,-0.043449998,-0.028324999,0.0771375
150545124103400,123.916309,0.01155,-0.13213749,-0.0132
150545134104571,123.926311,0.0188375,-0.172425,-0.0999625
150545144105496,123.936311,-0.01045,-0.095425,-0.1012
150545154106513,123.946313,-0.0507375,0.048675,0.02585
150545164107681,123.956314,-0.078925,0.1684375,0.2286625
150545174108667,123.966315,-0.0702625,0.202675,0.3972375
150545184109575,123.976316,-0.0374,0.1464375,0.4632375
150545194110806,123.986317,-0.0055,0.009625,0.4032875
150545204111729,123.996318,0.0053625,-0.1456125,0.23595
150545214112888,124.006319,-0.0226875,-0.232375,0.017324999
150545224113911,124.016320,-0.0691625,-0.227425,-0.197725
150545234115067,124.026321,-0.0935,-0.1529,-0.362725
150545244115988,124.036322,-0.07645,-0.0466125,-0.4640625
150545254116990,124.046323,-0.0312125,0.0413875,-0.4860625
150545264118173,124.056324,0.0298375,0.1122,-0.4225375
150545274119173,124.066325,0.06655,0.1500125,-0.263725
150545284120091,124.076326,0.0628375,0.120725,-0.075625
150545294121249,124.086327,0.047025,0.037675,0.058849998
150545304122249,124.096328,0.0298375,-0.073425,0.0771375
150545314123389,124.106329,0.01155,-0.188375,0.034375
150545324124387,124.116330,0.0066,-0.243375,-0.0328625
150545334125543,124.126332,0.0298375,-0.183425,-0.0779625
150545344126555,124.136333,0.0543125,-0.0306625,-0.064625
150545354127480,124.146333,0.059125,0.113437496,-0.009625
150545364128632,124.156335,0.047025,0.1854875,0.056375
150545374129649,124.166336,0.020075,0.1524875,0.1016125
150545384130557,124.176337,-0.0044,0.0279125,0.1126125
150545394131697,124.186338,-0.0312125,-0.122375,0.084425
150545404132687,124.196339,-0.0702625,-0.232375,0.0196625
150545414133841,124.206340,-0.1167375,-0.2237125,-0.020624999
150545424134856,124.216341,-0.146025,-0.1076625,-0.0242
150545434136009,124.226342,-0.1412125,0.0339625,-0.020624999
150545444136933,124.236343,-0.0935,0.11715,-0.0572
150545454138146,124.246344,-0.0372625,0.1084875,-0.1049125
150545464139074,124.256345,0.0017875,0.009625,-0.16115
150545474140081,124.266346,0.020075,-0.0991375,-0.2124375
150545484141220,124.276347,0.014025,-0.128425,-0.2319625
150545494142161,124.286348,0.003025,-0.089375,-0.2160125
150545504143392,124.296349,-0.0154,0.0034375,-0.15015
150545514144392,124.306350,-0.0372625,0.0974875,-0.020624999
150545524145302,124.316351,-0.0605,0.1610125,0.166375
150545534146442,124.326352,-0.0812625,0.1744875,0.352
150545544147440,124.336353,-0.0947375,0.131725,0.4742375
150545554148581,124.346355,-0.07645,0.0499125,0.476575
150545564149579,124.356356,-0.0287375,-0.047849998,0.365475
150545574150504,124.366357,0.025024999,-0.1406625,0.1639
150545584151672,124.376358,0.06655,-0.216425,-0.10615
150545594152671,124.386359,0.0946,-0.211475,-0.3810125
150545604153827,124.396360,0.0897875,-0.100375,-0.5435375
150545614154749,124.406361,0.0787875,0.042625,-0.58134997
150545624155964,124.416362,0.0836,0.1769625,-0.5520625
150545634156889,124.426363,0.1166,0.2734875,-0.4811125
150545644157892,124.436364,0.1458875,0.335775,-0.3724875
150545654159048,124.446365,0.1508375,0.3309625,-0.2294875
150545664160036,124.456366,0.136125,0.2649625,-0.070675
150545674161190,124.466367,0.1166,0.15015,0.078375
150545684162108,124.476368,0.1313125,0.004675,0.150425
150545694163110,124.486369,0.180125,-0.0979,0.1406625
150545704164279,124.496370,0.2253625,-0.1370875,0.0636625
150545714165279,124.506371,0.2448875,-0.0906125,-0.015675
150545724166416,124.516372,0.2424125,-0.0088,-0.0694375
150545734167413,124.526373,0.2143625,0.102437496,-0.08415
150545744168336,124.536374,0.1703625,0.175725,-0.075625
150545754169505,124.546376,0.13859999,0.1610125,-0.081675
150545764170517,124.556377,0.119075,0.065725,-0.1329625
150545774171659,124.566378,0.09955,-0.073425,-0.20625
150545784172642,124.576379,0.0603625,-0.17613749,-0.2649625
150545794173567,124.586380,0.015262499,-0.1736625,-0.291775
150545804174731,124.596381,-0.040975,-0.067375,-0.2429625
150545814175731,124.606382,-0.080025,0.07315,-0.1354375
150545824176884,124.616383,-0.07645,0.169675,-0.0364375
150545834177874,124.626384,-0.0446875,0.169675,0.0221375
150545844179036,124.636385,-0.0056375,0.0754875,0.012375
150545854180033,124.646386,0.0237875,-0.0515625,-0.0792
150545864180941,124.656387,0.0408375,-0.1370875,-0.2270125
150545874182095,124.666388,0.047025,-0.1260875,-0.373725
150545884183088,124.676389,0.0493625,-0.034375,-0.4505875
150545894184247,124.686390,0.0506,0.1012,-0.4310625
150545904185247,124.696391,0.047025,0.24419999,-0.324775
150545914186408,124.706392,0.04455,0.352825,-0.1414875
150545924187343,124.716393,0.037125,0.3810125,0.0539
150545934188350,124.726394,0.05555,0.2882,0.1406625
150545944189497,124.736395,0.0836,0.12925,0.0856625
150545954190499,124.746396,0.103125,-0.0319,-0.0768625
150545964191666,124.756398,0.092125,-0.0526625,-0.2184875
150545974192668,124.766399,0.059125,0.0584375,-0.25025
150545984193581,124.776400,0.037125,0.2319625,-0.1439625
150545994194735,124.786401,0.03355,0.3773,0.0356125
150546004195733,124.796402,0.0433125,0.4175875,0.21395
150546014196663,124.806403,0.0457875,0.3309625,0.3312375
150546024197810,124.816404,0.0273625,0.15619999,0.3422375
150546034198817,124.826405,-0.0154,-0.00385,0.277475
150546044200000,124.836406,-0.0702625,-0.0856625,0.1797125
150546054201000,124.846407,-0.1216875,-0.106425,0.0771375
150546064202154,124.856408,-0.1387375,-0.0576125,-0.00715
150546074203158,124.866409,-0.1155,0.0119624995,-0.0768625
150546084204322,124.876410,-0.0862125,0.037675,-0.1414875
150546094205306,124.886411,-0.0812625,0.0328625,-0.1989625
150546104206226,124.896412,-0.100925,0.009625,-0.22825
150546114207370,124.906413,-0.14245,-0.013612499,-0.23925
150546124208373,124.916414,-0.1925,-0.034375,-0.2039125
150546134209527,124.926416,-0.24007499,-0.0686125,-0.1354375
150546144210517,124.936417,-0.267025,-0.1101375,-0.070675
150546154211442,124.946417,-0.27307498,-0.117425,-0.0108624995
150546164212585,124.956419,-0.2585,-0.111375,0.0551375
150546174213601,124.966420,-0.227975,-0.108899996,0.084425
150546184214754,124.976421,-0.205975,-0.06985,0.0796125
150546194215754,124.986422,-0.2022625,-0.0111375,0.10395
150546204216891,124.996423,-0.205975,0.0242,0.1516625
150546214217816,125.006424,-0.2022625,0.0413875,0.199375
150546224218802,125.016425,-0.1962125,0.02915,0.238425
150546234219956,125.026426,-0.183975,-0.0111375,0.24695
150546244220954,125.036427,-0.1815,-0.034375,0.227425
150546254222105,125.046428,-0.190025,-0.0405625,0.2286625
150546264223103,125.056429,-0.1912625,-0.0600875,0.2079
150546274224047,125.066430,-0.179025,-0.06985,0.1639
150546284225192,125.076431,-0.161975,-0.089375,0.1051875
150546294226182,125.086432,-0.1265,-0.111375,0.0160875
150546304227336,125.096433,-0.0947375,-0.1296625,-0.075625
150546314228336,125.106434,-0.0702625,-0.10285,-0.1439625
150546324229259,125.116435,-0.0666875,-0.017324999,-0.153725
150546334230499,125.126436,-0.0935,0.0939125,-0.0682
150546344231661,125.136438,-0.1337875,0.202675,0.10395
150546354232586,125.146439,-0.157025,0.2355375,0.321475
150546364233571,125.156440,-0.161975,0.17325,0.5182375
150546374234725,125.166441,-0.1436875,0.0584375,0.624525
150546384235656,125.176442,-0.113025,-0.0576125,0.6073375
150546394236875,125.186443,-0.073975,-0.1381875,0.4827625
150546404237796,125.196444,-0.045925,-0.1846625,0.2897125
150546414238798,125.206445,-0.0361625,-0.166375,0.064899996
150546424239966,125.216446,-0.0581625,-0.0576125,-0.1073875
150546434240971,125.226447,-0.1032625,0.0694375,-0.1634875
150546444242123,125.236448,-0.128975,0.1610125,-0.1464375
150546454243125,125.246449,-0.1375,0.203775,-0.0658625
150546464244077,125.256450,-0.1412125,0.153725,0.039325
150546474245259,125.266451,-0.117975,0.0462,0.0526625
150546484246259,125.276452,-0.1082125,-0.0466125,-0.015675
150546494247413,125.286453,-0.10945,-0.13213749,-0.1049125
150546504248410,125.296454,-0.10945,-0.166375,-0.19167499
150546514249549,125.306456,-0.1032625,-0.106425,-0.2490125
150546524250563,125.316457,-0.091025,-0.0050875,-0.2539625
150546534251490,125.326457,-0.0715,0.0829125,-0.2209625
150546544252657,125.336459,-0.056925,0.1672,-0.1342
150546554253657,125.346460,-0.043449998,0.19167499,-0.026675
150546564254806,125.356461,-0.0312125,0.14025,0.0160875
150546574255809,125.366462,-0.0165,0.0462,-0.009625
150546584256734,125.376463,-0.02145,-0.006325,-0.0328625
150546594257888,125.386464,-0.054449998,-0.0075625,-0.0242
150546604258869,125.396465,-0.0886875,0.0389125,0.0356125
150546614260023,125.406466,-0.0935,0.087725,0.1051875
150546624261021,125.416467,-0.0581625,0.091437496,0.1296625
150546634262189,125.426468,-0.0336875,0.0743875,0.1431375
150546644263112,125.436469,-0.040975,0.0523875,0.17613749
150546654264100,125.446470,-0.0666875,0.0364375,0.205425
150546664265310,125.456471,-0.0801625,0.0144375,0.2322375
150546674266235,125.466472,-0.0812625,0.004675,0.2506625
150546684267383,125.476473,-0.0752125,-0.0198,0.2506625
150546694268396,125.486474,-0.0715,-0.0380875,0.2286625
150546704269535,125.496476,-0.073975,-0.039325,0.205425
150546714270537,125.506477,-0.0727375,-0.036849998,0.1566125
150546724271704,125.516478,-0.051975,-0.0405625,0.0710875
150546734272612,125.526479,-0.014162499,-0.0636625,-0.05115
150546744273619,125.536480,0.0408375,-0.13585,-0.2149125
150546754274771,125.546481,0.0688875,-0.183425,-0.3773
150546764275802,125.556482,0.05555,-0.13213749,-0.4543
150546774276939,125.566483,0.0213125,-0.0185625,-0.4213
150546784277867,125.576484,0.009075,0.098725,-0.302775
150546794278869,125.586485,0.031075,0.1989625,-0.1109625
150546804280023,125.596486,0.042075,0.2294875,0.1601875
150546814281009,125.606487,0.036025,0.15619999,0.4472875
150546824282158,125.616488,0.0262625,0.0389125,0.6708625
150546834283158,125.626489,0.014025,-0.0429,0.7943375
150546844284086,125.636490,0.0078375,-0.1271875,0.8028625
150546854285225,125.646491,5.5E-4,-0.1651375,0.707575
150546864286231,125.656492,0.003025,-0.16885,0.539
150546874287384,125.666493,0.0213125,-0.150425,0.332475
150546884288384,125.676494,0.0433125,-0.108899996,0.11385
150546894289543,125.686496,0.058025,-0.0515625,-0.075625
150546904290526,125.696497,0.059125,-0.001375,-0.2270125
150546914291465,125.706497,0.02255,0.053625,-0.2930125
150546924292694,125.716499,-0.0372625,0.113437496,-0.230725
150546934293619,125.726500,-0.0837375,0.1049125,-0.1109625
150546944294744,125.736501,-0.084975,0.0328625,-0.0231
150546954295744,125.746502,-0.045925,-0.086899996,0.0075625
150546964296913,125.756503,0.0017875,-0.2506625,-0.04015
150546974297839,125.766504,0.0408375,-0.341,-0.136675
150546984298836,125.776505,0.0603625,-0.2946625,-0.1892
150546994300050,125.786506,0.0677875,-0.166375,-0.17325
150547004300961,125.796507,0.0897875,-0.0160875,-0.120725
150547014302115,125.806508,0.12155,0.102437496,-0.02915
150547024303115,125.816509,0.1533125,0.136675,0.108899996
150547034304267,125.826510,0.1643125,0.0633875,0.2481875
150547044305296,125.836511,0.1606,-0.0710875,0.3557125
150547054306444,125.846512,0.1458875,-0.2189,0.4082375
150547064307352,125.856513,0.1263625,-0.3056625,0.3691875
150547074308579,125.866515,0.117837496,-0.3202375,0.25547498
150547084309502,125.876516,0.12265,-0.293425,0.0991375
150547094310489,125.886516,0.13365,-0.2066625,-0.0669625
150547104311627,125.896518,0.158125,-0.0881375,-0.2124375
150547114312627,125.906519,0.1764125,0.026675,-0.3113
150547124313557,125.916520,0.1788875,0.091437496,-0.3333
150547134314725,125.926521,0.1458875,0.13915,-0.2294875
150547144315725,125.936522,0.0983125,0.1354375,-0.053625
150547154316869,125.946523,0.0653125,0.0963875,0.11385
150547164317877,125.956524,0.0506,0.0438625,0.2371875
150547174319044,125.966525,0.0603625,-0.0380875,0.2897125
150547184320062,125.976526,0.0738375,-0.09185,0.2739
150547194321213,125.986527,0.0677875,-0.073425,0.24447499
150547204322136,125.996528,0.0518375,-1.375E-4,0.264
150547214323124,126.006529,0.048125,0.0999625,0.282425
150547224324256,126.016530,0.053075,0.2050125,0.29947498
150547234325262,126.026531,0.05555,0.2332,0.33495
150547244326425,126.036532,0.0616,0.1879625,0.3507625
150547254327425,126.046533,0.0567875,0.1122,0.34347498
150547264328579,126.056535,0.0383625,0.0364375,0.3287625
150547274329502,126.066536,0.02255,-0.001375,0.2726625
150547284330504,126.076537,0.015262499,0.00715,0.1626625
150547294331673,126.086538,0.0237875,0.02915,0.028324999
150547304332682,126.096539,0.0383625,0.0889625,-0.1073875
150547314333834,126.106540,0.0506,0.1672,-0.1904375
150547324334834,126.116541,0.047025,0.2404875,-0.1892
150547334335993,126.126542,0.0286,0.3235375,-0.086625
150547344336897,126.136543,0.01155,0.3785375,0.1271875
150547354338128,126.146544,0.02255,0.3614875,0.3617625
150547364339056,126.156545,0.075075,0.252725,0.503525
150547374340043,126.166546,0.136125,0.087725,0.5083375
150547384341195,126.176547,0.18259999,-0.064899996,0.40205
150547394342209,126.186548,0.20693749,-0.133375,0.2189
150547404343354,126.196549,0.1764125,-0.0746625,0.028324999
150547414344348,126.206550,0.1423125,0.0449625,-0.113437496
150547424345278,126.216551,0.13859999,0.1819125,-0.208725
150547434346437,126.226552,0.15565,0.28325,-0.23925
150547444347437,126.236553,0.1606,0.3089625,-0.1929125
150547454348605,126.246555,0.1373625,0.27719998,-0.0829125
150547464349619,126.256556,0.1018875,0.1940125,0.028324999
150547474350766,126.266557,0.0873125,0.054725,0.064899996
150547484351747,126.276558,0.08855,-0.089375,0.0099
150547494352667,126.286559,0.095837496,-0.1969,-0.131725
150547504353836,126.296560,0.0823625,-0.183425,-0.29425
150547514354836,126.306561,0.058025,-0.036849998,-0.390775
150547524355982,126.316562,0.058025,0.09515,-0.4250125
150547534356996,126.326563,0.106837496,0.14025,-0.473825
150547544357903,126.336564,0.1643125,0.0974875,-0.53735
150547554359145,126.346565,0.191125,-0.036849998,-0.5801125
150547564360299,126.356566,0.191125,-0.150425,-0.6155875
150547574361222,126.366567,0.1508375,-0.15895,-0.6094
150547584362453,126.376568,0.114125,-0.1236125,-0.5300625
150547594363386,126.386569,0.103125,-0.06985,-0.4225375
150547604364392,126.396570,0.11165,-0.0319,-0.3322
150547614365317,126.406571,0.1203125,-0.0331375,-0.269775
150547624366541,126.416573,0.1093125,-0.0906125,-0.2490125
150547634367695,126.426574,0.07755,-0.1236125,-0.247775
150547644368613,126.436575,0.0213125,-0.1040875,-0.19415
150547654369620,126.446576,-0.0361625,-0.0746625,-0.048675
150547664370764,126.456577,-0.0776875,-0.0331375,0.1456125
150547674371764,126.466578,-0.0935,-0.023375,0.3312375
150547684372928,126.476579,-0.1082125,-0.0331375,0.486475
150547694373911,126.486580,-0.117975,-0.078375,0.5841
150547704375075,126.496581,-0.1447875,-0.1296625,0.625625
150547714375998,126.506582,-0.168025,-0.1931875,0.5902875
150547724377014,126.516583,-0.1692625,-0.2641375,0.451
150547734378168,126.526584,-0.1375,-0.3606625,0.19195
150547744379180,126.536585,-0.0617375,-0.420475,-0.15619999
150547754380334,126.546586,0.0163625,-0.398475,-0.5251125
150547764381334,126.556587,0.037125,-0.2261875,-0.7634
150547774382492,126.566588,-0.001925,0.0132,-0.7854
150547784383473,126.576589,-0.0397375,0.21367499,-0.6290625
150547794384398,126.586590,-0.0482625,0.3333,-0.3834875
150547804385621,126.596592,-0.0251625,0.3125375,-0.1599125
150547814386761,126.606593,0.0078375,0.114675,-0.042625
150547824387689,126.616594,0.014025,-0.1456125,-0.0572
150547834388689,126.626595,-0.0067375,-0.30195,-0.1379125
150547844389843,126.636596,-0.0581625,-0.27513748,-0.15619999
150547854390857,126.646597,-0.1032625,-0.108899996,-0.11715
150547864392006,126.656598,-0.111925,0.124437496,-0.04015
150547874393011,126.666599,-0.0886875,0.280775,0.0306625
150547884393936,126.676600,-0.0336875,0.3089625,0.06985
150547894395090,126.686601,0.0066,0.1672,0.0160875
150547904396093,126.696602,0.0262625,-0.0441375,-0.120725
150547914397247,126.706603,-0.0165,-0.1969,-0.2674375
150547924398237,126.716604,-0.1057375,-0.24695,-0.368775
150547934399362,126.726605,-0.18755,-0.199375,-0.396825
150547944400348,126.736606,-0.23155,-0.0759,-0.3394875
150547954401273,126.746607,-0.2547875,0.0633875,-0.23925
150547964402427,126.756608,-0.2413125,0.1500125,-0.11715
150547974403447,126.766609,-0.212025,0.16225,-0.0023375
150547984404584,126.776611,-0.19373749,0.0902,0.0746625
150547994405589,126.786612,-0.1777875,-0.034375,0.0930875
150548004406748,126.796613,-0.1742125,-0.13213749,0.073425
150548014407748,126.806614,-0.1632125,-0.1846625,0.0490875
150548024408887,126.816615,-0.1375,-0.1797125,0.0196625
150548034409810,126.826616,-0.091025,-0.1431375,-0.0279125
150548044410812,126.836617,-0.045925,-0.064899996,-0.0462
150548054411966,126.846618,-0.023924999,0.0218625,0.0111375
150548064412964,126.856619,-0.0251625,0.0864875,0.128425
150548074414120,126.866620,-0.0361625,0.12925,0.266475
150548084415113,126.876621,-0.0312125,0.12925,0.34595
150548094416257,126.886622,0.0017875,0.0339625,0.3251875
150548104417181,126.896623,0.0543125,-0.089375,0.199375
150548114418207,126.906624,0.103125,-0.19195,0.01485
150548124419379,126.916625,0.1166,-0.24695,-0.1342
150548134420391,126.926626,0.114125,-0.1969,-0.20625
150548144421547,126.936628,0.11055,-0.0576125,-0.1904375
150548154422545,126.946629,0.13859999,0.0694375,-0.1403875
150548164423713,126.956630,0.1716,0.14025,-0.097625
150548174424653,126.966631,0.2008875,0.192775,-0.0779625
150548184425879,126.976632,0.1936,0.202675,-0.0011
150548194426781,126.986633,0.141075,0.19167499,0.1749
150548204427797,126.996634,0.0908875,0.1659625,0.3777125
150548214428951,127.006635,0.0897875,0.1524875,0.46805
150548224429954,127.016636,0.1276,0.0864875,0.4217125
150548234431123,127.026637,0.17407499,-0.00385,0.3117125
150548244432125,127.036638,0.19607499,-0.0526625,0.17613749
150548254433272,127.046639,0.1703625,-0.001375,0.0600875
150548264434272,127.056640,0.09955,0.142725,0.0429
150548274435197,127.066641,0.0286,0.3064875,0.1016125
150548284436431,127.076642,-0.0092124995,0.40301248,0.172425
150548294437356,127.086643,0.009075,0.33825,0.133375
150548304438500,127.096645,0.0603625,0.1549625,-0.0303875
150548314439495,127.106645,0.0933625,-0.017324999,-0.2270125
150548324440642,127.116647,0.07755,-0.1260875,-0.3980625
150548334441565,127.126648,0.04455,-0.10285,-0.5300625
150548344442567,127.136649,0.025024999,0.031625,-0.5973
150548354443707,127.146650,0.0347875,0.19525,-0.583825
150548364444920,127.156651,0.0677875,0.2783,-0.5275875
150548374445835,127.166652,0.1348875,0.3260125,-0.4580125
150548384446851,127.176653,0.208175,0.313775,-0.4323
150548394448002,127.186654,0.268125,0.2820125,-0.4445375
150548404449004,127.196655,0.279125,0.2662,-0.4494875
150548414450151,127.206656,0.2668875,0.2552,-0.4090625
150548424451137,127.216657,0.2388375,0.28325,-0.2759625
150548434452286,127.226658,0.2156,0.2930125,-0.0413875
150548444453209,127.236659,0.185075,0.2869625,0.253
150548454454211,127.246660,0.1678875,0.258775,0.503525
150548464455358,127.256661,0.18865,0.203775,0.5963375
150548474456360,127.266662,0.2143625,0.1354375,0.5548125
150548484457512,127.276664,0.2253625,0.059675,0.4032875
150548494458512,127.286665,0.2424125,-0.0221375,0.1651375
150548504459671,127.296666,0.2509375,-0.0746625,-0.1073875
150548514460661,127.306667,0.252175,-0.0979,-0.3432
150548524461815,127.316668,0.2448875,-0.039325,-0.4970625
150548534462738,127.326669,0.22165,0.059675,-0.5141125
150548544463740,127.336670,0.19607499,0.1744875,-0.42625
150548554464909,127.346671,0.1568875,0.2429625,-0.22825
150548564465923,127.356672,0.108075,0.2099625,0.018424999
150548574467075,127.366673,0.064075,0.1122,0.1859
150548584468061,127.376674,0.036025,-0.006325,0.2261875
150548594469215,127.386675,0.014025,-0.1211375,0.1711875
150548604470133,127.396676,-0.0092124995,-0.14795,0.09185
150548614471383,127.406677,-0.0287375,-0.0881375,0.02585
150548624472306,127.416678,-0.018975,0.0218625,-0.026675
150548634473308,127.426679,0.0163625,0.1354375,-0.0999625
150548644474462,127.436680,0.0543125,0.2112,-0.169675
150548654475467,127.446681,0.0567875,0.2124375,-0.1782
150548664476620,127.456683,5.5E-4,0.1879625,-0.120725
150548674477614,127.466684,-0.067925,0.1672,-0.009625
150548684478762,127.476685,-0.1155,0.125675,0.0941875
150548694479762,127.486686,-0.10945,0.0609125,0.1357125
150548704480702,127.496687,-0.067925,-1.375E-4,0.0551375
150548714481855,127.506688,-0.0226875,-0.0636625,-0.0999625
150548724482855,127.516689,0.0017875,-0.0551375,-0.2369125
150548734484009,127.526690,-0.0031625,0.053625,-0.2894375
150548744484993,127.536691,-0.0177375,0.19525,-0.2380125
150548754486147,127.546692,-0.0165,0.2685375,-0.16115
150548764487156,127.556693,0.036025,0.24653749,-0.1403875
150548774488310,127.566694,0.095837496,0.0939125,-0.202675
150548784489238,127.576695,0.14465,-0.09185,-0.3480125
150548794490240,127.586696,0.1568875,-0.1786125,-0.5080625
150548804491455,127.596697,0.11055,-0.1491875,-0.5643
150548814492377,127.606698,0.0383625,-1.375E-4,-0.4615875
150548824493531,127.616700,5.5E-4,0.124437496,-0.3064875
150548834494531,127.626701,0.0053625,0.20625,-0.1684375
150548844495685,127.636702,0.0213125,0.241725,-0.0279125
150548854496685,127.646703,0.025024999,0.1659625,0.058849998
150548864497846,127.656704,0.0127875,0.043725,0.039325
150548874498844,127.666705,-6.875E-4,-0.0661375,-0.053625
150548884499998,127.676706,-0.018975,-0.1419,-0.1904375
150548894500921,127.686707,-0.054449998,-0.1406625,-0.3174875
150548904501923,127.696708,-0.113025,-0.023375,-0.3394875
150548914503077,127.706709,-0.17545,0.147675,-0.2259125
150548924504077,127.716710,-0.19855,0.302775,-0.0853875
150548934505226,127.726711,-0.1667875,0.329725,-0.048675
150548944506224,127.736712,-0.106975,0.2332,-0.1269125
150548954507154,127.746713,-0.043449998,0.0572,-0.291775
150548964508294,127.756714,-0.0264,-0.1199,-0.534875
150548974509522,127.766716,-0.0556875,-0.177375,-0.68282497
150548984510459,127.776716,-0.12045,-0.0881375,-0.5423
150548994511461,127.786717,-0.183975,0.065725,-0.1879625
150549004512615,127.796719,-0.2145,0.285725,0.2591875
150549014513615,127.806720,-0.24255,0.41525,0.68805
150549024514769,127.816721,-0.2413125,0.4750625,0.9384375
150549034515783,127.826722,-0.2217875,0.4481125,0.99825
150549044516916,127.836723,-0.190025,0.3260125,0.901725
150549054517916,127.846724,-0.1522125,0.0974875,0.6318125
150549064518841,127.856725,-0.089925,-0.133375,0.2311375
150549074519995,127.866726,-0.0264,-0.2849,-0.1414875
150549084520995,127.876727,-0.023924999,-0.297,-0.3443
150549094522149,127.886728,-0.0581625,-0.194425,-0.396825
150549104523156,127.896729,-0.0801625,-0.0295625,-0.3394875
150549114524310,127.906730,-0.0715,0.1122,-0.186725
150549124525324,127.916731,-0.0422125,0.19167499,-0.0193875
150549134526480,127.926732,0.0323125,0.19525,0.017324999
150549144527478,127.936733,0.117837496,0.07315,-0.1452
150549154528632,127.946735,0.1678875,-0.078375,-0.4433
150549164529536,127.956736,0.1276,-0.188375,-0.6485875
150549174530767,127.966737,0.06655,-0.210375,-0.699875
150549184531690,127.976738,0.0213125,-0.22013749,-0.622875
150549194532692,127.986739,0.0396,-0.0979,-0.418825
150549204533846,127.996740,0.1043625,0.0719125,-0.1513875
150549214534839,128.006741,0.186175,0.169675,0.08085
150549224536009,128.016742,0.2534125,0.2112,0.2481875
150549234537007,128.026743,0.28393748,0.164725,0.3177625
150549244538174,128.036744,0.28765,0.0864875,0.3067625
150549254539097,128.046745,0.2486,0.0364375,0.29095
150549264540328,128.056746,0.1838375,0.02915,0.327525
150549274541328,128.066747,0.1313125,0.0694375,0.34595
150549284542253,128.076748,0.1093125,0.1342,0.3251875
150549294543412,128.086749,0.1348875,0.1672,0.2189
150549304544394,128.096750,0.1643125,0.1672,0.045375
150549314545550,128.106752,0.18865,0.109725,-0.1414875
150549324546482,128.116752,0.1398375,0.0719125,-0.252725
150549334547718,128.126754,0.0543125,0.0669625,-0.202675
150549344548737,128.136755,-0.0226875,0.0974875,-0.0242
150549354549662,128.146756,-0.078925,0.1709125,0.2066625
150549364550891,128.156757,-0.095975,0.219725,0.4142875
150549374551816,128.166758,-0.073975,0.202675,0.52305
150549384553031,128.176759,-0.0422125,0.1232,0.484
150549394553941,128.186760,-0.012925,0.0108624995,0.3227125
150549404555095,128.196761,-0.0056375,-0.089375,0.12595
150549414556090,128.206762,-0.0264,-0.1419,-0.0474375
150549424557244,128.216763,-0.0495,-0.111375,-0.1854875
150549434558242,128.226764,-0.073975,-0.0551375,-0.2905375
150549444559396,128.236765,-0.102025,0.0462,-0.3370125
150549454560397,128.246766,-0.1265,0.2014375,-0.3345375
150549464561336,128.256767,-0.1485,0.3210625,-0.23567499
150549474562579,128.266769,-0.1705,0.3724875,-0.1073875
150549484563519,128.276770,-0.17173749,0.3370125,-0.0108624995
150549494564667,128.286771,-0.1742125,0.2319625,0.045375
150549504565666,128.296772,-0.183975,0.114675,0.1381875
150549514566819,128.306773,-0.2132625,0.059675,0.2726625
150549524567804,128.316774,-0.249975,0.0974875,0.41799998
150549534568941,128.326775,-0.260975,0.1342,0.509575
150549544569939,128.336776,-0.2352625,0.1122,0.5182375
150549554571093,128.346777,-0.18755,0.070675,0.4107125
150549564572030,128.356778,-0.1252625,0.026675,0.1406625
150549574573266,128.366779,-0.0715,-0.0820875,-0.1940125
150549584574276,128.376780,-0.0776875,-0.1749,-0.45925
150549594575201,128.386781,-0.1192125,-0.22495,-0.5715875
150549604576360,128.396782,-0.161975,-0.1931875,-0.517825
150549614577343,128.406783,-0.1973125,-0.0979,-0.346775
150549624578499,128.416784,-0.2083125,-0.013612499,-0.09515
150549634579497,128.426785,-0.19373749,0.0572,0.1687125
150549644580632,128.436787,-0.1607375,0.0719125,0.35694999
150549654581555,128.446788,-0.1227875,0.0193875,0.415525
150549664582548,128.456789,-0.0801625,-0.06985,0.365475
150549674583697,128.466790,-0.0226875,-0.2237125,0.2347125
150549684584926,128.476791,0.04455,-0.4437125,-0.00715
150549694585854,128.486792,0.13365,-0.613525,-0.324775
150549704586869,128.496793,0.1936,-0.613525,-0.6301625
150549714588026,128.506794,0.185075,-0.47547498,-0.81345
150549724589026,128.516795,0.13859999,-0.271425,-0.8476875
150549734590182,128.526796,0.1043625,-0.0661375,-0.76945
150549744591168,128.536797,0.097075,0.0779625,-0.616825
150549754592091,128.546798,0.1203125,0.0743875,-0.47753748
150549764593310,128.556799,0.1593625,-0.0661375,-0.4323
150549774594454,128.566800,0.1898875,-0.2567125,-0.4640625
150549784595377,128.576801,0.19607499,-0.392425,-0.517825
150549794596374,128.586802,0.17407499,-0.385,-0.5105375
150549804597543,128.596804,0.158125,-0.2652375,-0.418825
150549814598541,128.606805,0.141075,-0.1150875,-0.2222
150549824599695,128.616806,0.106837496,0.1049125,0.0600875
150549834600706,128.626807,0.0897875,0.202675,0.2921875
150549844601846,128.636808,0.08855,0.1794375,0.396
150549854602849,128.646809,0.097075,0.0999625,0.363
150549864603779,128.656810,0.08855,-1.375E-4,0.2542375
150549874605007,128.666811,0.047025,-0.122375,0.1051875
150549884606152,128.676812,-0.01045,-0.1786125,0.0185625
150549894607152,128.686813,-0.095975,-0.1676125,0.0270875
150549904608306,128.696814,-0.161975,-0.086899996,0.0930875
150549914609229,128.706815,-0.18755,0.0169125,0.1406625
150549924610226,128.716816,-0.1667875,0.10615,0.100375
150549934611392,128.726817,-0.1412125,0.14025,-0.037675
150549944612399,128.736818,-0.1412125,0.0853875,-0.230725
150549954613551,128.746820,-0.1595,-0.0209,-0.4250125
150549964614474,128.756820,-0.20955,-0.1126125,-0.5691125
150549974615711,128.766822,-0.2633125,-0.1491875,-0.6314
150549984616709,128.776823,-0.2963125,-0.1271875,-0.5996375
150549994617848,128.786824,-0.31707498,-0.0515625,-0.4445375
150550004618757,128.796825,-0.3245,0.0792,-0.1794375
150550014619740,128.806826,-0.3158375,0.2294875,0.1236125
150550024620968,128.816827,-0.2877875,0.3345375,0.326425
150550034621893,128.826828,-0.2327875,0.2990625,0.327525
150550044623047,128.836829,-0.183975,0.1610125,0.172425
150550054624059,128.846830,-0.16445,-0.0246125,-0.0523875
150550064625213,128.856831,-0.1802625,-0.155375,-0.24419999
150550074626218,128.866832,-0.223025,-0.177375,-0.3174875
150550084627372,128.876833,-0.245025,-0.08085,-0.230725
150550094628295,128.886834,-0.23155,0.06215,-0.0548625
150550104629282,128.896835,-0.16555,0.197725,0.1186625
150550114630516,128.906837,-0.0862125,0.24653749,0.2616625
150550124631670,128.916838,-0.0336875,0.175725,0.310475
150550134632670,128.926839,-0.0177375,0.0413875,0.2946625
150550144633595,128.936840,-0.032449998,-0.10285,0.2701875
150550154634744,128.946841,-0.0422125,-0.1931875,0.22013749
150550164635742,128.956842,-0.0275,-0.2237125,0.1271875
150550174636896,128.966843,0.009075,-0.1931875,0.013612499
150550184637911,128.976844,0.0628375,-0.161425,-0.102437496
150550194639065,128.986845,0.1153625,-0.155375,-0.219725
150550204640085,128.996846,0.1483625,-0.139425,-0.2905375
150550214641234,129.006847,0.147125,-0.1161875,-0.2930125
150550224642152,129.016848,0.1238875,-0.0881375,-0.2332
150550234643368,129.026849,0.106837496,-0.0856625,-0.1379125
150550244644296,129.036850,0.11165,-0.089375,-0.026675
150550254645298,129.046851,0.13255,-0.1260875,0.0466125
150550264646451,129.056852,0.1643125,-0.14795,0.064899996
150550274647447,129.066853,0.1984125,-0.18095,-0.0023375
150550284648390,129.076854,0.224125,-0.2116125,-0.114675
150550294649613,129.086856,0.2143625,-0.1749,-0.208725
150550304650767,129.096857,0.1813625,-0.0930875,-0.197725
150550314651772,129.106858,0.13365,-0.0221375,-0.0584375
150550324652926,129.116859,0.1093125,0.026675,0.0881375
150550334653926,129.126860,0.1043625,0.0499125,0.1676125
150550344655098,129.136861,0.1288375,0.026675,0.1626625
150550354656021,129.146862,0.1496,-0.0466125,0.0991375
150550364657028,129.156863,0.152075,-0.133375,-0.0121
150550374658182,129.166864,0.13365,-0.1821875,-0.1403875
150550384659392,129.176865,0.0897875,-0.1639,-0.1929125
150550394660306,129.186866,0.0408375,-0.064899996,-0.136675
150550404661317,129.196867,-0.001925,0.059675,-0.0169125
150550414662464,129.206868,0.0017875,0.15125,0.0771375
150550424663469,129.216869,0.04455,0.1379125,0.08085
150550434664623,129.226871,0.0726,0.076725,0.0196625
150550444665623,129.236872,0.06655,0.0022,-0.01815
150550454666561,129.246873,0.0298375,-0.0490875,-0.02915
150550464667711,129.256874,-0.001925,-0.0441375,-0.05115
150550474668940,129.266875,-0.0044,-0.0270875,-0.0889625
150550484669849,129.276876,0.015262499,0.0059125,-0.0779625
150550494670851,129.286877,0.0298375,0.01815,-0.0939125
150550504672005,129.296878,0.0298375,0.037675,-0.1194875
150550514673005,129.306879,0.0017875,0.031625,-0.10615
150550524674144,129.316880,-0.0312125,0.0853875,0.001375
150550534675132,129.326881,-0.0801625,0.1269125,0.19813749
150550544676286,129.336882,-0.102025,0.169675,0.398475
150550554677286,129.346883,-0.07645,0.16225,0.531575
150550564678454,129.356884,-0.02145,0.12925,0.5487625
150550574679396,129.366885,0.0213125,0.06215,0.4582875
150550584680627,129.376887,0.042075,-0.034375,0.3642375
150550594681531,129.386888,0.0506,-0.111375,0.2151875
150550604682528,129.396889,0.0713625,-0.15895,0.0086624995
150550614683673,129.406890,0.081125,-0.1516625,-0.1232
150550624684673,129.416891,0.0823625,-0.0759,-0.113437496
150550634685817,129.426892,0.07755,0.0389125,-0.0218625
150550644686820,129.436893,0.0897875,0.125675,0.100375
150550654687976,129.446894,0.12155,0.1549625,0.2371875
150550664688984,129.456895,0.1568875,0.1012,0.3141875
150550674690147,129.466896,0.18259999,0.0119624995,0.308
150550684691133,129.476897,0.186175,-0.089375,0.2457125
150550694692053,129.486898,0.17765,-0.1346125,0.1651375
150550704693277,129.496899,0.1606,-0.13213749,0.0746625
150550714694216,129.506900,0.1618375,-0.061325,-0.0341
150550724695436,129.516901,0.1788875,0.0242,-0.120725
150550734696361,129.526902,0.191125,0.065725,-0.1892
150550744697529,129.536904,0.2033625,0.0963875,-0.2149125
150550754698527,129.546905,0.2046,0.114675,-0.2429625
150550764699673,129.556906,0.219175,0.043725,-0.2992
150550774700687,129.566907,0.230175,-0.0771375,-0.4360125
150550784701834,129.576908,0.230175,-0.1907125,-0.6045875
150550794702836,129.586909,0.1984125,-0.1566125,-0.693825
150550804703988,129.596910,0.1398375,-0.047849998,-0.6070625
150550814704911,129.606911,0.075075,0.081675,-0.34553748
150550824706137,129.616912,0.0408375,0.236775,-0.0352
150550834707055,129.626913,0.058025,0.3260125,0.2299
150550844708277,129.636914,0.0946,0.30153748,0.38995
150550854709200,129.646915,0.1263625,0.192775,0.42405
150550864710211,129.656916,0.15565,0.0462,0.415525
150550874711365,129.666917,0.147125,-0.0966625,0.365475
150550884712380,129.676918,0.12265,-0.2066625,0.271425
150550894713532,129.686920,0.0983125,-0.24213749,0.15895
150550904714522,129.696921,0.07755,-0.1969,0.062425
150550914715681,129.706922,0.047025,-0.08085,0.00385
150550924716666,129.716923,0.0323125,0.0218625,-0.009625
150550934717820,129.726924,0.0408375,0.048675,-0.026675
150550944718820,129.736925,0.0603625,0.0169125,-0.0694375
150550954719750,129.746926,0.0653125,-0.0356125,-0.092675
150550964720984,129.756927,0.0408375,-0.10285,-0.06215
150550974722151,129.766928,-0.0154,-0.0881375,0.034375
150550984723156,129.776929,-0.056925,-0.0306625,0.1687125
150550994724082,129.786930,-0.0495,0.0132,0.2591875
150551004725230,129.796931,-0.0165,0.0559625,0.266475
150551014726469,129.806932,0.0066,0.0669625,0.19195
150551024727377,129.816933,0.0163625,0.0449625,0.0820875
150551034728382,129.826934,-0.012925,0.00715,-0.0303875
150551044729543,129.836936,-0.0471625,-0.0160875,-0.0719125
150551054730546,129.846937,-0.08745,0.015675,-0.01815
150551064731461,129.856937,-0.12045,0.0864875,0.111375
150551074732615,129.866939,-0.1265,0.153725,0.22013749
150551084733620,129.876940,-0.1082125,0.2050125,0.2542375
150551094734849,129.886941,-0.0972125,0.2074875,0.2212375
150551104735759,129.896942,-0.1106875,0.1830125,0.1491875
150551114736988,129.906943,-0.1362625,0.124437496,0.061325
150551124737897,129.916944,-0.1595,0.0743875,-0.0584375
150551134739053,129.926945,-0.1582625,0.0449625,-0.2149125
150551144740048,129.936946,-0.1302125,-0.001375,-0.3944875
150551154741200,129.946947,-0.089925,-0.0710875,-0.5801125
150551164742190,129.956948,-0.0776875,-0.086899996,-0.7121125
150551174743344,129.966949,-0.100925,0.0352,-0.68282497
150551184744340,129.976950,-0.14245,0.22453749,-0.4653
150551194745494,129.986951,-0.1595,0.3760625,-0.1109625
150551204746446,129.996952,-0.0996875,0.4140125,0.14795
150551214747452,130.006953,0.0053625,0.32725,0.1969
150551224748681,130.016955,0.0946,0.059675,0.0551375
150551234749849,130.026956,0.1606,-0.2811875,-0.21725
150551244750772,130.036957,0.1568875,-0.45595,-0.4921125
150551254751765,130.046958,0.0823625,-0.44,-0.6204
150551264752918,130.056959,0.037125,-0.27513748,-0.6436375
150551274753916,130.066960,0.0457875,-0.09185,-0.64735
150551284755084,130.076961,0.0763125,0.037675,-0.605825
150551294756079,130.086962,0.0946,0.11715,-0.506825
150551304757247,130.096963,0.095837496,0.102437496,-0.374825
150551314758247,130.106964,0.0713625,-0.0209,-0.22825
150551324759386,130.116965,0.0433125,-0.122375,-0.109725
150551334760386,130.126966,0.01155,-0.183425,0.0295625
150551344761540,130.136968,-0.0287375,-0.18095,0.2017125
150551354762463,130.146968,-0.045925,-0.1126125,0.352
150551364763470,130.156969,-0.0397375,-0.056375,0.41799998
150551374764684,130.166971,-0.0165,-0.02585,0.3887125
150551384765590,130.176972,0.003025,-0.0429,0.2701875
150551394766734,130.186973,0.0017875,-0.09185,0.073425
150551404767744,130.196974,-0.0287375,-0.1786125,-0.0779625
150551414768877,130.206975,-0.09845,-0.22013749,-0.102437496
150551424769872,130.216976,-0.1595,-0.1821875,-0.031625
150551434771026,130.226977,-0.1802625,-0.133375,0.0611875
150551444772028,130.236978,-0.1447875,-0.12485,0.1357125
150551454773180,130.246979,-0.1032625,-0.1516625,0.1271875
150551464774166,130.256980,-0.082499996,-0.1651375,0.09185
150551474775096,130.266981,-0.091025,-0.1969,0.0759
150551484776320,130.276982,-0.0886875,-0.2311375,0.039325
150551494777474,130.286983,-0.0886875,-0.24213749,0.0050875
150551504778406,130.296984,-0.08745,-0.2151875,-0.0231
150551514779408,130.306985,-0.0837375,-0.1431375,-0.0023375
150551524780562,130.316987,-0.0592625,-0.0576125,0.056375
150551534781567,130.326988,-0.023924999,0.059675,0.17613749
150551544782735,130.336989,0.0163625,0.114675,0.2946625
150551554783754,130.346990,0.0628375,0.1379125,0.365475
150551564784897,130.356991,0.08855,0.076725,0.3287625
150551574785887,130.366992,0.0933625,-0.0515625,0.1931875
150551584787031,130.376993,0.070125,-0.1346125,0.0356125
150551594788031,130.386994,0.014025,-0.13213749,-0.0523875
150551604789205,130.396995,-0.0226875,-0.072325,-0.091437496
150551614790118,130.406996,-0.0361625,0.004675,-0.1219625
150551624791359,130.416997,-0.0385,0.0804375,-0.1109625
150551634792286,130.426998,-0.051975,0.120725,-0.0878625
150551644793308,130.436999,-0.0691625,0.1159125,-0.070675
150551654794456,130.447000,-0.10945,0.076725,-0.0523875
150551664795461,130.457001,-0.1522125,0.070675,-0.0059125
150551674796690,130.467003,-0.194975,0.0939125,0.1076625
150551684797615,130.477004,-0.21573749,0.1122,0.20047499
150551694798773,130.487005,-0.1912625,0.09515,0.2481875
150551704799757,130.497006,-0.14973749,0.0339625,0.2127125
150551714800910,130.507007,-0.111925,0.015675,0.1126125
150551724801898,130.517008,-0.124025,0.026675,0.0380875
150551734803052,130.527009,-0.16445,0.0682,0.0319
150551744804059,130.537010,-0.2242625,0.1489125,0.0906125
150551754805213,130.547011,-0.24255,0.208725,0.17847499
150551764806151,130.557012,-0.21573749,0.2074875,0.2457125
150551774807153,130.567013,-0.16555,0.124437496,0.1969
150551784808292,130.577014,-0.100925,-0.028324999,0.058849998
150551794809521,130.587016,-0.0666875,-0.1786125,-0.124437496
150551804810459,130.597016,-0.07645,-0.22495,-0.285725
150551814811449,130.607017,-0.1252625,-0.183425,-0.3040125
150551824812600,130.617019,-0.1375,-0.0686125,-0.241725
150551834813595,130.627020,-0.104499996,-0.0050875,-0.19167499
150551844814759,130.637021,-0.029975,-0.0441375,-0.2222
150551854815757,130.647022,0.0506,-0.1821875,-0.34553748
150551864816899,130.657023,0.1043625,-0.2701875,-0.51535
150551874817899,130.667024,0.1018875,-0.3141875,-0.6180625
150551884819046,130.677025,0.0567875,-0.2739,-0.589875
150551894820061,130.687026,0.0188375,-0.1969,-0.4395875
150551904821000,130.697027,0.0273625,-0.061325,-0.21367499
150551914822149,130.707028,0.0543125,0.092675,0.047849998
150551924823149,130.717029,0.0946,0.1744875,0.319
150551934824303,130.727030,0.117837496,0.16225,0.5267625
150551944825303,130.737031,0.136125,0.09515,0.624525
150551954826456,130.747032,0.106837496,0.0059125,0.6611
150551964827457,130.757033,0.0506,-0.0759,0.6843375
150551974828685,130.767035,0.003025,-0.117425,0.6708625
150551984829610,130.777036,-0.0165,-0.1456125,0.5951
150551994830764,130.787037,-0.0116875,-0.1676125,0.374
150552004831773,130.797038,0.0298375,-0.1566125,0.0796125
150552014832911,130.807039,0.0383625,-0.17613749,-0.2429625
150552024833820,130.817040,0.0163625,-0.1346125,-0.5080625
150552034834811,130.827041,-0.034925,-0.0856625,-0.589875
150552044836050,130.837042,-0.089925,-0.0295625,-0.522775
150552054837218,130.847043,-0.100925,0.01815,-0.4200625
150552064838218,130.857044,-0.084975,0.0144375,-0.2600125
150552074839362,130.867045,-0.045925,-0.0308,-0.1049125
150552084840285,130.877046,-0.01045,-0.1186625,-0.026675
150552094841273,130.887047,0.026124999,-0.2371875,-0.0829125
150552104842432,130.897048,0.0677875,-0.32999998,-0.230725
150552114843432,130.907049,0.0787875,-0.3422375,-0.4213
150552124844571,130.917051,0.0578875,-0.2237125,-0.5190625
150552134845584,130.927052,0.0176,-0.0405625,-0.4873
150552144846740,130.937053,-0.0092124995,0.1414875,-0.296725
150552154847733,130.947054,0.0042625,0.30525,-0.0279125
150552164848892,130.957055,0.037125,0.38225,0.2616625
150552174849906,130.967056,0.04455,0.363825,0.470525
150552184851064,130.977057,0.037125,0.274725,0.57805
150552194852066,130.987058,0.009075,0.1500125,0.603625
150552204853232,130.997059,-0.0312125,-0.0050875,0.55233747
150552214854256,131.007060,-0.040975,-0.15413749,0.4217125
150552224855428,131.017061,-0.0336875,-0.22247499,0.19813749
150552234856416,131.027062,0.0103124995,-0.2371875,-0.108625
150552244857570,131.037064,0.047025,-0.18095,-0.4323
150552254858493,131.047064,0.05555,-0.1161875,-0.6730625
150552264859524,131.057066,0.048125,-0.0198,-0.7866375
150552274860676,131.067067,0.0237875,0.0829125,-0.7401625
150552284861673,131.077068,-0.0044,0.2184875,-0.4725875
150552294862827,131.087069,-0.0287375,0.3235375,0.006325
150552304863827,131.097070,-0.040975,0.3174875,0.5377625
150552314864981,131.107071,-0.0251625,0.27225,0.90915
150552324865979,131.117072,0.0127875,0.1219625,0.9922
150552334867135,131.127073,0.0518375,-0.106425,0.8481
150552344868140,131.137074,0.0873125,-0.3227125,0.5108125
150552354869287,131.147075,0.1128875,-0.404525,0.1236125
150552364870260,131.157076,0.0628375,-0.3312375,-0.1403875
150552374871188,131.167077,0.0066,-0.14685,-0.2149125
150552384872342,131.177078,-0.018975,0.0669625,-0.2124375
150552394873332,131.187079,0.003025,0.2014375,-0.21367499
150552404874550,131.197081,0.02255,0.225775,-0.19415
150552414875476,131.207081,0.0433125,0.1232,-0.131725
150552424876690,131.217083,0.0286,-0.023375,-0.031625
150552434877844,131.227084,-0.0056375,-0.1431375,0.0721875
150552444878767,131.237085,-0.032449998,-0.177375,0.194425
150552454879769,131.247086,-0.034925,-0.1211375,0.2957625
150552464880913,131.257087,-0.0165,-0.006325,0.409475
150552474881911,131.267088,0.0078375,0.0974875,0.462
150552484883067,131.277089,0.036025,0.15125,0.4717625
150552494884067,131.287090,0.0567875,0.0974875,0.3617625
150552504885219,131.297091,0.0798875,0.0132,0.1577125
150552514886219,131.307092,0.058025,-0.073425,-0.0438625
150552524887368,131.317093,0.0066,-0.10285,-0.1513875
150552534888368,131.327094,-0.0581625,-0.084425,-0.15015
150552544889522,131.337096,-0.078925,-0.012375,-0.0474375
150552554890469,131.347096,-0.0617375,0.064625,0.001375
150552564891462,131.357097,-0.02145,0.10615,0.0380875
150552574892686,131.367099,-0.014162499,0.0963875,0.0576125
150552584893840,131.377100,-0.032449998,0.0449625,0.0746625
150552594894763,131.387101,-0.0727375,0.009625,0.1431375
150552604895779,131.397102,-0.1106875,0.02915,0.2567125
150552614896933,131.407103,-0.1216875,0.11825,0.404525
150552624897918,131.417104,-0.100925,0.19525,0.5218125
150552634899077,131.427105,-0.0374,0.22825,0.5548125
150552644900077,131.437106,0.02255,0.2649625,0.4852375
150552654901238,131.447107,0.0873125,0.236775,0.2897125
150552664902240,131.457108,0.11055,0.1452,0.0185625
150552674903392,131.467109,0.13255,-0.1161875,-0.351725
150552684904394,131.477110,0.1423125,-0.2261875,-0.6326375
150552694905541,131.487112,0.12155,-0.172425,-0.738925
150552704906541,131.497113,0.09955,-0.1126125,-0.7084
150552714907704,131.507114,0.108075,-0.0441375,-0.6314
150552724908697,131.517115,0.1128875,0.0413875,-0.5055875
150552734909834,131.527116,0.125125,0.048675,-0.4274875
150552744910757,131.537117,0.1238875,-0.0075625,-0.3749625
150552754911988,131.547118,0.1276,-0.1076625,-0.318725
150552764912911,131.557119,0.1703625,-0.20295,-0.3540625
150552774914127,131.567120,0.208175,-0.23595,-0.3944875
150552784915127,131.577121,0.2388375,-0.2017125,-0.373725
150552794916052,131.587122,0.2607,-0.1516625,-0.3004375
150552804917206,131.597123,0.27665,-0.0270875,-0.2160125
150552814918206,131.607124,0.27665,0.1073875,-0.1012
150552824919348,131.617125,0.2558875,0.230725,0.058849998
150552834920350,131.627126,0.22659999,0.291775,0.20295
150552844921509,131.637128,0.2033625,0.3284875,0.315425
150552854922502,131.647129,0.185075,0.27719998,0.34595
150552864923641,131.657130,0.21065,0.15619999,0.266475
150552874924645,131.667131,0.2376,-0.0185625,0.0979
150552884925795,131.677132,0.2399375,-0.172425,-0.070675
150552894926797,131.687133,0.19965,-0.205425,-0.169675
150552904927944,131.697134,0.13365,-0.1566125,-0.1599125
150552914928953,131.707135,0.0933625,-0.0319,-0.09515
150552924930098,131.717136,0.1018875,0.0609125,-0.0682
150552934931098,131.727137,0.1654125,0.0853875,-0.1183875
150552944932023,131.737138,0.191125,0.0303875,-0.1414875
150552954933252,131.747139,0.1874125,-0.0356125,-0.1269125
150552964934192,131.757140,0.1483625,-0.11385,-0.0792
150552974935436,131.767141,0.1128875,-0.1150875,0.029424999
150552984936344,131.777142,0.0763125,-0.061325,0.1651375
150552994937514,131.787144,0.0567875,0.0609125,0.365475
150553004938519,131.797145,0.0408375,0.147675,0.531575
150553014939678,131.807146,0.0323125,0.1819125,0.6073375
150553024940668,131.817147,0.020075,0.120725,0.580525
150553034941820,131.827148,0.0103124995,-0.0185625,0.4362875
150553044942813,131.837149,0.0103124995,-0.1711875,0.2017125
150553054943974,131.847150,0.0078375,-0.271425,-0.05115
150553064944969,131.857151,0.0078375,-0.2921875,-0.2404875
150553074946139,131.867152,0.0103124995,-0.2151875,-0.3322
150553084947153,131.877153,0.03355,-0.0526625,-0.3089625
150553094948315,131.887154,0.070125,0.1219625,-0.17325
150553104949328,131.897155,0.081125,0.2759625,0.1309
150553114950258,131.907156,0.0823625,0.324775,0.547525
150553124951412,131.917157,0.0823625,0.2759625,0.92015
150553134952641,131.927159,0.0823625,0.1684375,1.1132
150553144953641,131.937160,0.1203125,0.00715,1.0679625
150553154954551,131.947161,0.13859999,-0.1346125,0.834625
150553164955720,131.957162,0.1568875,-0.2311375,0.55605
150553174956705,131.967163,0.1716,-0.2041875,0.304425
150553184957859,131.977164,0.1654125,-0.0991375,0.1271875
150553194958859,131.987165,0.1764125,0.0864875,0.028324999
150553204960000,131.997166,0.1898875,0.1720125,-0.07315
150553214961004,132.007167,0.2228875,0.11825,-0.24419999
150553224962233,132.017168,0.241175,-0.0636625,-0.52635
150553234963161,132.027169,0.2314125,-0.2079,-0.8416375
150553244964319,132.037170,0.1898875,-0.2811875,-1.0505
150553254965293,132.047171,0.13255,-0.216425,-1.07855
150553264966445,132.057172,0.106837496,-0.058849998,-0.9527375
150553274967445,132.067173,0.1128875,0.081675,-0.7621625
150553284968601,132.077175,0.16665,0.1892,-0.6510625
150553294969599,132.087176,0.219175,0.2294875,-0.5776375
150553304970752,132.097177,0.2363625,0.2624875,-0.3993
150553314971676,132.107178,0.2376,0.34553748,-0.1599125
150553324972901,132.117179,0.17765,0.478775,0.1859
150553334973903,132.127180,0.1056,0.5313,0.5182375
150553344975059,132.137181,0.0738375,0.5251125,0.641575
150553354975987,132.147182,0.0798875,0.3785375,0.498575
150553364977218,132.157183,0.11165,0.0963875,0.0930875
150553374978146,132.167184,0.1434125,-0.2629,-0.5031125
150553384979158,132.177185,0.13859999,-0.45595,-1.0016875
150553394980312,132.187186,0.0726,-0.4057625,-1.180025
150553404981326,132.197187,0.0103124995,-0.1601875,-1.048025
150553414982475,132.207188,-0.0446875,0.131725,-0.6510625
150553424983461,132.217189,-0.089925,0.374825,-0.147675
150553434984690,132.227191,-0.111925,0.4445375,0.17613749
150553444985629,132.237192,-0.10945,0.2979625,0.249425
150553454986778,132.247193,-0.1216875,0.0572,0.17613749
150553464987762,132.257194,-0.1412125,-0.266475,0.108899996
150553474988918,132.267195,-0.1522125,-0.374,0.0551375
150553484989918,132.277196,-0.1447875,-0.3069,0.067375
150553494991072,132.287197,-0.1227875,-0.1491875,0.1101375
150553504992077,132.297198,-0.0642125,0.0119624995,0.0746625
150553514993233,132.307199,0.020075,0.09515,1.375E-4
150553524994143,132.317200,0.06655,0.15619999,0.0086624995
150553534995368,132.327201,0.042075,0.1524875,0.150425
150553544996349,132.337202,-0.0226875,0.142725,0.4107125
150553554997503,132.347204,-0.0666875,0.1439625,0.67815
150553564998493,132.357204,-0.091025,0.16225,0.895675
150553574999649,132.367206,-0.100925,0.131725,1.02025
150553585000642,132.377207,-0.091025,0.092675,1.027675
150553595001796,132.387208,-0.08745,-0.0160875,0.90543747
150553605002738,132.397209,-0.06545,-0.139425,0.62205
150553615003755,132.407210,-0.040975,-0.1797125,0.2739
150553625004998,132.417211,-0.0801625,-0.100375,0.106425
150553635005923,132.427212,-0.1557875,0.114675,0.144375
150553645007147,132.437213,-0.2365,0.362725,0.37895
150553655008072,132.447214,-0.27555,0.506825,0.6843375
150553665009236,132.457215,-0.2633125,0.53735,0.8773875
150553675010236,132.467216,-0.2292125,0.40425,0.8724375
150553685011385,132.477217,-0.2022625,0.2014375,0.6843375
150553695012385,132.487218,-0.2022625,-0.1126125,0.3691875
150553705013552,132.497220,-0.16445,-0.45595,-0.0609125
150553715014539,132.507221,-0.14973749,-0.6061,-0.495825
150553725015705,132.517222,-0.1777875,-0.56581247,-0.7744
150553735016704,132.527223,-0.23155,-0.3617625,-0.8831625
150553745017864,132.537224,-0.2365,-0.0088,-0.782925
150553755018872,132.547225,-0.2132625,0.3430625,-0.489775
150553765020031,132.557226,-0.1815,0.467775,-0.142725
150553775021033,132.567227,-0.1057375,0.3443,0.00385
150553785022172,132.577228,-0.0361625,0.1194875,-0.097625
150553795023172,132.587229,-0.0116875,-0.15895,-0.27719998
150553805024311,132.597230,-0.02145,-0.282425,-0.39325
150553815025234,132.607231,-0.0275,-0.19195,-0.4310625
150553825026488,132.617232,5.5E-4,-0.0099,-0.44701248
150553835027488,132.627233,0.0677875,0.2014375,-0.4763
150553845028403,132.637234,0.15565,0.3810125,-0.45925
150553855029632,132.647236,0.224125,0.462825,-0.3834875
150553865030562,132.657237,0.2619375,0.495825,-0.2014375
150553875031716,132.667238,0.27665,0.4200625,0.067375
150553885032716,132.677239,0.263175,0.2869625,0.332475
150553895033935,132.687240,0.2486,0.0939125,0.41799998
150553905034879,132.697241,0.2473625,-0.11385,0.25547498
150553915036108,132.707242,0.2534125,-0.3092375,-0.098725
150553925037261,132.717243,0.257125,-0.4277625,-0.5691125
150553935038195,132.727244,0.22893749,-0.36795,-0.92345
150553945039206,132.737245,0.18259999,-0.16995,-1.0529749
150553955040359,132.747246,0.1373625,0.10615,-0.98202497
150553965041354,132.757247,0.1128875,0.3003,-0.81221247
150553975042499,132.767248,0.1018875,0.329725,-0.5776375
150553985043499,132.777249,0.081125,0.2234375,-0.395725
150553995044653,132.787251,0.0408375,-0.0160875,-0.3565375
150554005045636,132.797252,-0.023924999,-0.2629,-0.3834875
150554015046785,132.807253,-0.084975,-0.38995,-0.3432
150554025047785,132.817254,-0.1387375,-0.315425,-0.1549625
150554035048951,132.827255,-0.17173749,-0.10285,0.1271875
150554045049951,132.837256,-0.1887875,0.136675,0.41195
150554055051098,132.847257,-0.17545,0.25753748,0.5511
150554065052104,132.857258,-0.1436875,0.214775,0.464475
150554075053267,132.867259,-0.089925,-0.0356125,0.1639
150554085054265,132.877260,-0.045925,-0.3337125,-0.2674375
150554095055417,132.887261,-0.032449998,-0.519475,-0.600875
150554105056340,132.897262,-0.0801625,-0.484,-0.6461125
150554115057571,132.907264,-0.135025,-0.3179,-0.456775
150554125058556,132.917265,-0.16555,-0.0319,-0.0829125
150554135059704,132.927266,-0.16445,0.247775,0.3702875
150554145060633,132.937267,-0.135025,0.324775,0.6818625
150554155061873,132.947268,-0.1082125,0.24419999,0.75515
150554165062796,132.957269,-0.089925,0.0853875,0.685575
150554175064027,132.967270,-0.1057375,-0.11385,0.5182375
150554185065022,132.977271,-0.124025,-0.2677125,0.2811875
150554195065947,132.987272,-0.1252625,-0.277475,0.0831875
150554205067120,132.997273,-0.13145,-0.172425,-0.0133375
150554215068125,133.007274,-0.135025,-0.039325,0.0050875
150554225069253,133.017275,-0.1167375,0.0889625,0.06985
150554235070240,133.027276,-0.0922625,0.124437496,0.09185
150554245071390,133.037277,-0.0812625,0.098725,0.089375
150554255072385,133.047278,-0.1082125,0.020624999,0.100375
150554265073532,133.057280,-0.16445,-0.0429,0.15895
150554275074534,133.067281,-0.23155,-0.01485,0.277475
150554285075673,133.077282,-0.2707375,0.04015,0.38005
150554295076673,133.087283,-0.2352625,0.0864875,0.38995
150554305077830,133.097284,-0.1827375,0.0974875,0.3482875
150554315078813,133.107285,-0.124025,0.0974875,0.260425
150554325079952,133.117286,-0.082499996,0.0939125,0.1491875
150554335080950,133.127287,-0.0495,0.0559625,0.0209
150554345082092,133.137288,-0.034925,0.0389125,-0.119625
150554355083090,133.147289,-0.034925,0.0339625,-0.2149125
150554365084243,133.157290,-0.0336875,0.04015,-0.2270125
150554375085176,133.167291,-0.029975,0.1232,-0.224675
150554385086387,133.177292,-0.0154,0.1830125,-0.19525
150554395087382,133.187293,0.0017875,0.192775,-0.114675
150554405088536,133.197295,0.0163625,0.19525,-0.0328625
150554415089551,133.207296,0.0323125,0.208725,0.0501875
150554425090705,133.217297,0.036025,0.2074875,0.1126125
150554435091705,133.227298,0.0383625,0.203775,0.167475
150554445092849,133.237299,0.0506,0.225775,0.19813749
150554455093854,133.247300,0.0738375,0.219725,0.18095
150554465095022,133.257301,0.1324125,0.1500125,0.036849998
150554475095945,133.267302,0.1898875,0.06215,-0.175725
150554485097181,133.277303,0.1984125,-0.0111375,-0.3394875
150554495098181,133.287304,0.1618375,0.0254375,-0.38225
150554505099135,133.297305,0.1093125,0.158675,-0.2539625
150554515100303,133.307306,0.0787875,0.2893,-0.0462
150554525101532,133.317308,0.075075,0.3993,0.14795
150554535102547,133.327309,0.1043625,0.3430625,0.24447499
150554545103700,133.337310,0.1434125,0.12815,0.2066625
150554555104614,133.347311,0.180125,-0.1626625,0.0429
150554565105621,133.357312,0.17407499,-0.370425,-0.1929125
150554575106774,133.367313,0.12155,-0.4057625,-0.412775
150554585107785,133.377314,0.0506,-0.2652375,-0.478775
150554595108941,133.387315,-6.875E-4,-0.0246125,-0.3553
150554605109941,133.397316,-0.012925,0.2734875,-0.0768625
150554615111093,133.407317,-0.0177375,0.4310625,0.31295
150554625112109,133.417318,-0.0264,0.3944875,0.6513375
150554635113261,133.427319,-0.0374,0.2209625,0.7588625
150554645114263,133.437320,-0.0617375,0.020624999,0.72214997
150554655115417,133.447321,-0.113025,-0.205425,0.5927625
150554665116661,133.457323,-0.17545,-0.3312375,0.4252875
150554675117574,133.467324,-0.223025,-0.352,0.277475
150554685118548,133.477325,-0.24255,-0.2762375,0.1406625
150554695119702,133.487326,-0.2217875,-0.1076625,0.0600875
150554705120686,133.497327,-0.18645,-0.0246125,1.375E-4
150554715121825,133.507328,-0.1337875,0.0132,-0.0413875
150554725122811,133.517329,-0.100925,-0.012375,-0.0523875
150554735123969,133.527330,-0.0922625,-0.039325,-0.0364375
150554745124955,133.537331,-0.1106875,-0.0991375,0.051425
150554755126108,133.547332,-0.13145,-0.1969,0.177375
150554765127094,133.557333,-0.1142625,-0.232375,0.23595
150554775128034,133.567334,-0.0642125,-0.2151875,0.1931875
150554785129257,133.577335,-6.875E-4,-0.2091375,0.0759
150554795130398,133.587336,0.064075,-0.2311375,-0.1159125
150554805131381,133.597337,0.092125,-0.183425,-0.2844875
150554815132537,133.607339,0.0787875,-0.084425,-0.3553
150554825133460,133.617339,0.042075,0.0364375,-0.2319625
150554835134689,133.627341,0.015262499,0.1524875,0.0331375
150554845135689,133.637342,0.0163625,0.2662,0.3422375
150554855136829,133.647343,0.026124999,0.3003,0.6098125
150554865137766,133.657344,0.053075,0.2673,0.7503375
150554875138983,133.667345,0.075075,0.2209625,0.7453875
150554885140012,133.677346,0.0848375,0.1304875,0.6293375
150554895141194,133.687347,0.070125,0.0022,0.4252875
150554905142218,133.697348,0.0578875,-0.0906125,0.1529
150554915143143,133.707349,0.0518375,-0.1419,-0.11715
150554925144368,133.717350,0.0347875,-0.1161875,-0.3174875
150554935145526,133.727352,0.0213125,-0.0490875,-0.4115375
150554945146464,133.737352,0.026124999,0.06215,-0.42625
150554955147437,133.747353,0.02255,0.10725,-0.35901248
150554965148581,133.757355,0.0237875,0.1219625,-0.246675
150554975149809,133.767356,0.01155,0.114675,-0.0988625
150554985150824,133.777357,-0.014162499,0.059675,0.0636625
150554995151978,133.787358,-0.0202125,-0.0099,0.18095
150555005152891,133.797359,-0.007975,-0.0551375,0.1992375
150555015153893,133.807360,0.031075,-0.0979,0.062425
150555025155108,133.817361,0.0738375,-0.108899996,-0.175725
150555035156047,133.827362,0.0933625,-0.1016125,-0.4250125
150555045157262,133.837363,0.108075,-0.10285,-0.6705875
150555055158187,133.847364,0.11165,-0.122375,-0.9026875
150555065159326,133.857365,0.08855,-0.117425,-1.0822625
150555075160312,133.867366,0.048125,-0.036849998,-1.1103125
150555085161466,133.877367,0.0408375,0.0963875,-0.9906875
150555095162451,133.887368,0.037125,0.1989625,-0.7035875
150555105163625,133.897370,0.0237875,0.2905375,-0.274725
150555115164634,133.907371,-6.875E-4,0.3100625,0.0746625
150555125165788,133.917372,-0.001925,0.2355375,0.2102375
150555135166796,133.927373,-0.012925,0.091437496,0.1639
150555145167966,133.937374,-0.040975,-0.086899996,-0.0059125
150555155168986,133.947375,-0.0702625,-0.1931875,-0.24419999
150555165170214,133.957376,-0.06545,-0.2127125,-0.48235
150555175171375,133.967377,0.0017875,-0.1381875,-0.6314
150555185172301,133.977378,0.0946,0.0389125,-0.6705875
150555195173303,133.987379,0.17765,0.1940125,-0.5691125
150555205174440,133.997380,0.2168375,0.2404875,-0.379775
150555215175437,134.007381,0.2046,0.2014375,-0.2074875
150555225176604,134.017383,0.1434125,0.08415,-0.0939125
150555235177606,134.027384,0.0787875,-0.0539,-0.02915
150555245178760,134.037385,0.020075,-0.1639,-0.0144375
150555255179758,134.047386,-0.007975,-0.21395,-0.0328625
150555265180914,134.057387,-0.023924999,-0.13585,-0.0059125
150555275181916,134.067388,-0.0287375,-0.0331375,0.0856625
150555285183058,134.077389,-0.0446875,0.0963875,0.2542375
150555295184058,134.087390,-0.067925,0.175725,0.4277625
150555305185212,134.097391,-0.0972125,0.1769625,0.57805
150555315186217,134.107392,-0.135025,0.1500125,0.68915
150555325187364,134.117393,-0.1607375,0.1049125,0.6941
150555335188366,134.127394,-0.18755,-0.006325,0.5817625
150555345189513,134.137396,-0.2035,-0.1456125,0.40205
150555355190515,134.147397,-0.17545,-0.3397625,0.1101375
150555365191671,134.157398,-0.124025,-0.4351875,-0.21367499
150555375192658,134.167399,-0.1032625,-0.4032875,-0.4005375
150555385193837,134.177400,-0.122925,-0.2726625,-0.38225
150555395194846,134.187401,-0.15345,-0.0490875,-0.1733875
150555405195984,134.197402,-0.1852125,0.21367499,0.2176625
150555415196984,134.207403,-0.1997875,0.3810125,0.6683875
150555425198138,134.217404,-0.15345,0.3810125,0.934725
150555435199140,134.227405,-0.0752125,0.2014375,0.8993875
150555445200292,134.237406,0.0078375,-0.1406625,0.5682875
150555455201292,134.247407,0.108075,-0.4912875,0.0086624995
150555465202446,134.257408,0.1654125,-0.605,-0.578875
150555475203436,134.267409,0.14465,-0.46805,-0.8696875
150555485204590,134.277411,0.108075,-0.17613749,-0.8831625
150555495205597,134.287412,0.08855,0.2355375,-0.6400625
150555505206748,134.297413,0.1263625,0.5581125,-0.2564375
150555515207748,134.307414,0.191125,0.611875,0.0380875
150555525208898,134.317415,0.241175,0.4481125,0.1211375
150555535209899,134.327416,0.2376,0.2112,0.062425
150555545211051,134.337417,0.169125,0.0719125,0.0490875
150555555212060,134.347418,0.0603625,0.0523875,0.095425
150555565213204,134.357419,5.5E-4,0.131725,0.14795
150555575214123,134.367420,0.0163625,0.2563,0.1651375
150555585215356,134.377421,0.08855,0.3480125,0.1016125
150555595216368,134.387422,0.163075,0.3370125,-0.070675
150555605217508,134.397424,0.180125,0.2332,-0.3223
150555615218507,134.407425,0.106837496,0.169675,-0.47753748
150555625219423,134.417425,-0.0251625,0.1452,-0.4615875
150555635220654,134.427427,-0.1412125,0.1830125,-0.3370125
150555645221806,134.437428,-0.1815,0.18425,-0.280775
150555655222815,134.447429,-0.1337875,0.124437496,-0.3749625
150555665223971,134.457430,-0.0702625,0.0144375,-0.539825
150555675224883,134.467431,-0.040975,-0.067375,-0.699875
150555685226114,134.477432,-0.0605,-0.089375,-0.79035
150555695227114,134.487433,-0.0702625,-0.1431375,-0.859925
150555705228253,134.497434,-0.0495,-0.11385,-0.9197375
150555715229253,134.507435,-0.007975,-0.10285,-0.9405
150555725230397,134.517436,0.0298375,-0.0515625,-0.91245
150555735231398,134.527437,0.081125,0.0584375,-0.798875
150555745232556,134.537439,0.13859999,0.24653749,-0.5031125
150555755233556,134.547440,0.1483625,0.4445375,0.0331375
150555765234491,134.557440,0.1276,0.578875,0.6463875
150555775235733,134.567442,0.1166,0.6241125,1.0630125
150555785236904,134.577443,0.12265,0.561825,1.1900625
150555795237887,134.587444,0.1056,0.274725,0.95315
150555805239037,134.597445,0.1434125,-0.18095,0.371525
150555815239960,134.607446,0.20693749,-0.62205,-0.3333
150555825240957,134.617447,0.213125,-0.6953375,-0.7536375
150555835242120,134.627448,0.169125,-0.5108125,-0.7084
150555845243344,134.637449,0.119075,-0.1236125,-0.269775
150555855244364,134.647450,0.097075,0.2820125,0.326425
150555865245527,134.657452,0.1324125,0.4591125,0.7013875
150555875246512,134.667453,0.16665,0.38953748,0.724625
150555885247675,134.677454,0.1483625,0.153725,0.5951
150555895248675,134.687455,0.0688875,-0.1676125,0.4252875
150555905249829,134.697456,-0.040975,-0.415525,0.3862375
150555915250771,134.707457,-0.1777875,-0.420475,0.5377625
150555925251769,134.717458,-0.267025,-0.2481875,0.8309125
150555935253011,134.727459,-0.289025,9.625E-4,1.143725
150555945254170,134.737460,-0.2413125,0.1964875,1.2560625
150555955255155,134.747461,-0.18645,0.341825,1.1559625
150555965256309,134.757462,-0.128975,0.32725,0.8529125
150555975257324,134.767463,-0.0666875,0.02915,0.37895
150555985258478,134.777464,-0.054449998,-0.30195,-0.136675
150555995259492,134.787465,-0.1106875,-0.473,-0.4665375
150556005260651,134.797467,-0.22055,-0.514525,-0.56787497
150556015261627,134.807468,-0.2828375,-0.46695,-0.533775
150556025262786,134.817469,-0.2767875,-0.3337125,-0.40301248
150556035263773,134.827470,-0.1973125,-0.1419,-0.2294875
150556045264920,134.837471,-0.09845,-0.0319,-0.070675
150556055265920,134.847472,-0.034925,0.01815,0.0576125
150556065267089,134.857473,-0.0226875,0.0829125,0.16995
150556075268089,134.867474,-0.0702625,0.1659625,0.29947498
150556085269239,134.877475,-0.128975,0.2112,0.453475
150556095270234,134.887476,-0.1375,0.2014375,0.531575
150556105271373,134.897477,-0.082499996,0.076725,0.453475
150556115272358,134.907478,-6.875E-4,-0.155375,0.19813749
150556125273284,134.917479,0.0726,-0.249425,-0.1304875
150556135274512,134.927481,0.0677875,-0.155375,-0.3394875
150556145275661,134.937482,-0.007975,0.1084875,-0.329725
150556155276661,134.947483,-0.073975,0.346775,-0.1623875
150556165277817,134.957484,-0.084975,0.501875,0.0246125
150556175278812,134.967485,-0.051975,0.5031125,0.089375
150556185279964,134.977486,-0.029975,0.4115375,0.062425
150556195280964,134.987487,-0.0471625,0.2552,0.0539
150556205282104,134.997488,-0.095975,0.11825,0.0600875
150556215283099,135.007489,-0.1447875,0.00715,0.029424999
150556225284268,135.017490,-0.14245,-0.0099,-0.0572
150556235285284,135.027491,-0.1227875,0.0462,-0.1659625
150556245286436,135.037492,-0.09845,0.109725,-0.21725
150556255287441,135.047493,-0.08745,0.1709125,-0.2074875
150556265288600,135.057495,-0.0642125,0.1634875,-0.21725
150556275289604,135.067496,-0.034925,0.1232,-0.246675
150556285290760,135.077497,-0.023924999,0.1159125,-0.2259125
150556295291746,135.087498,-0.0275,0.124437496,-0.1439625
150556305292897,135.097499,-0.054449998,0.1782,0.047849998
150556315293897,135.107500,-0.0837375,0.1940125,0.32999998
150556325295051,135.117501,-0.100925,0.2380125,0.624525
150556335296051,135.127502,-0.100925,0.2429625,0.82362497
150556345297190,135.137503,-0.089925,0.2074875,0.8699625
150556355298210,135.147504,-0.0702625,0.1500125,0.757625
150556365299364,135.157505,-0.0691625,0.0609125,0.547525
150556375300363,135.167506,-0.0374,-0.0771375,0.238425
150556385301532,135.177508,0.0066,-0.12485,-0.0792
150556395302551,135.187509,0.0298375,-0.083325,-0.19525
150556405303705,135.197510,0.0286,0.020624999,-0.15015
150556415304695,135.207511,0.014025,0.114675,0.0050875
150556425305837,135.217512,0.0163625,0.2160125,0.2506625
150556435306835,135.227513,0.037125,0.2319625,0.525525
150556445307994,135.237514,0.0518375,0.1720125,0.6831
150556455308994,135.247515,0.0873125,0.0584375,0.6391
150556465310138,135.257516,0.1043625,-0.0490875,0.503525
150556475311152,135.267517,0.0873125,-0.0966625,0.319
150556485312305,135.277518,0.0543125,-0.0576125,0.1687125
150556495313305,135.287519,0.0347875,0.0572,0.1491875
150556505314459,135.297520,0.053075,0.16225,0.2102375
150556515315469,135.307521,0.1166,0.225775,0.275
150556525316625,135.317523,0.175175,0.1709125,0.2737625
150556535317638,135.327524,0.1948375,0.0682,0.2322375
150556545318779,135.337525,0.1654125,-0.0405625,0.1882375
150556555319783,135.347526,0.119075,-0.0661375,0.156475
150556565320949,135.357527,0.070125,-0.012375,0.1797125
150556575321954,135.367528,0.04455,0.08415,0.3007125
150556585323120,135.377529,0.0506,0.131725,0.407
150556595324120,135.387530,0.0763125,0.12925,0.38005
150556605325274,135.397531,0.1093125,0.0242,0.2872375
150556615326274,135.407532,0.1324125,-0.133375,0.10285
150556625327427,135.417533,0.141075,-0.24695,-0.1659625
150556635328413,135.427534,0.13365,-0.2762375,-0.4555375
150556645329577,135.437536,0.095837496,-0.2299,-0.6303
150556655330575,135.447537,0.097075,-0.1516625,-0.760925
150556665331730,135.457538,0.1093125,-0.0661375,-0.7671125
150556675332759,135.467539,0.1128875,0.031625,-0.6314
150556685333910,135.477540,0.092125,0.12815,-0.3212
150556695334912,135.487541,0.042075,0.1964875,0.039325
150556705336057,135.497542,0.02255,0.2234375,0.286
150556715337055,135.507543,0.0457875,0.15125,0.3642375
150556725338286,135.517544,0.0946,0.0474375,0.2737625
150556735339211,135.527545,0.12265,-0.09185,0.1101375
150556745340374,135.537546,0.119075,-0.155375,-0.0963875
150556755341355,135.547547,0.106837496,-0.1370875,-0.2490125
150556765342499,135.557548,0.0653125,-0.034375,-0.2270125
150556775343738,135.567550,0.0383625,0.10725,-0.08415
150556785344656,135.577551,0.031075,0.2234375,0.0759
150556795345658,135.587552,0.0323125,0.247775,0.2127125
150556805346827,135.597553,0.026124999,0.197725,0.29095
150556815347825,135.607554,0.026124999,0.08415,0.288475
150556825348991,135.617555,0.0213125,-0.083325,0.23595
150556835350214,135.627556,-6.875E-4,-0.19813749,0.1357125
150556845351148,135.637557,-0.018975,-0.2261875,-0.031625
150556855352150,135.647558,-0.0264,-0.177375,-0.21725
150556865353363,135.657559,-0.001925,-0.1236125,-0.3993
150556875354517,135.667561,0.0273625,-0.1016125,-0.544775
150556885355426,135.677561,0.0518375,-0.0539,-0.61435
150556895356662,135.687563,0.0433125,9.625E-4,-0.5423
150556905357570,135.697564,0.0286,0.04015,-0.357775
150556915358558,135.707565,0.020075,0.0719125,-0.1379125
150556925359678,135.717566,0.025024999,-1.375E-4,0.007425
150556935360668,135.727567,0.0578875,-0.177375,-0.0438625
150556945361902,135.737568,0.070125,-0.3179,-0.26125
150556955362813,135.747569,0.0493625,-0.321475,-0.4384875
150556965363952,135.757570,0.01155,-0.19813749,-0.4800125
150556975364952,135.767571,0.0053625,-0.0198,-0.4285875
150556985366181,135.777572,0.0396,0.1159125,-0.3345375
150556995367102,135.787573,0.08855,0.131725,-0.247775
150557005368260,135.797574,0.11165,0.0364375,-0.20515
150557015369488,135.807575,0.09955,-0.11385,-0.224675
150557025370465,135.817576,0.059125,-0.1896125,-0.230725
150557035371405,135.827577,0.009075,-0.150425,-0.164725
150557045372572,135.837579,-0.0385,-0.0319,-0.0413875
150557055373587,135.847580,-0.0642125,0.091437496,0.1357125
150557065374825,135.857581,-0.06545,0.1549625,0.282425
150557075375988,135.867582,-0.0446875,0.1574375,0.319
150557085376988,135.877583,-0.02145,0.048675,0.183425
150557095378162,135.887584,-0.0031625,-0.11385,-0.1183875
150557105379166,135.897585,-0.01045,-0.319,-0.5080625
150557115380106,135.907586,-0.0422125,-0.4412375,-0.8294
150557125381330,135.917587,-0.07645,-0.4057625,-1.002925
150557135382484,135.927588,-0.09845,-0.2872375,-1.0212125
150557145383498,135.937589,-0.0752125,-0.15895,-0.8844
150557155384652,135.947591,-0.0287375,0.0119624995,-0.6106375
150557165385560,135.957592,-0.0092124995,0.0902,-0.2539625
150557175386805,135.967593,-0.0226875,0.02915,0.09185
150557185387805,135.977594,-0.0507375,-0.1296625,0.2921875
150557195388959,135.987595,-0.0776875,-0.29947498,0.34595
150557205389988,135.997596,-0.0996875,-0.4167625,0.308
150557215391136,136.007597,-0.0911625,-0.429,0.2432375
150557225392117,136.017598,-0.0666875,-0.381425,0.18095
150557235393273,136.027599,-0.007975,-0.25795,0.0966625
150557245394271,136.037600,0.048125,-0.122375,0.0026125
150557255395411,136.047601,0.092125,-0.0551375,-0.0719125
150557265396410,136.057602,0.106837496,-0.0441375,-0.114675
150557275397560,136.067604,0.092125,-0.0636625,-0.0889625
150557285398581,136.077605,0.0567875,-0.0661375,0.023375
150557295399735,136.087606,0.0286,-0.078375,0.1871375
150557305400730,136.097607,0.0213125,-0.0746625,0.3447125
150557315401882,136.107608,0.0213125,-0.0490875,0.4472875
150557325402877,136.117609,0.02255,0.0279125,0.5328125
150557335404026,136.127610,0.0163625,0.12815,0.61105
150557345405028,136.137611,0.0213125,0.186725,0.669625
150557355406168,136.147612,0.0543125,0.1439625,0.63305
150557365407396,136.157613,0.10065,0.0193875,0.4472875
150557375408320,136.167614,0.1324125,-0.1260875,0.150425
150557385409308,136.177615,0.125125,-0.19813749,-0.113437496
150557395410452,136.187616,0.07755,-0.172425,-0.20625
150557405411452,136.197617,0.0396,-0.0490875,-0.1293875
150557415412615,136.207619,0.0213125,0.124437496,0.09295
150557425413830,136.217620,0.0286,0.2759625,0.4167625
150557435414830,136.227621,0.037125,0.3223,0.7051
150557445415760,136.237622,0.0506,0.26125,0.8639125
150557455416913,136.247623,0.0493625,0.1489125,0.890725
150557465417909,136.257624,0.0408375,0.054725,0.7943375
150557475419138,136.267625,0.01155,-0.0551375,0.597575
150557485420292,136.277626,-0.0067375,-0.106425,0.3447125
150557495421224,136.287627,-0.0166375,-0.0856625,0.1161875
150557505422231,136.297628,5.5E-4,-0.0356125,-0.059675
150557515423390,136.307629,0.037125,0.015675,-0.21725
150557525424374,136.317630,0.1166,-0.0429,-0.44701248
150557535425529,136.327632,0.180125,-0.050325,-0.7585875
150557545426757,136.337633,0.18865,0.065725,-0.953975
150557555427680,136.347634,0.147125,0.2099625,-0.9087375
150557565428915,136.357635,0.114125,0.346775,-0.6131125
150557575429912,136.367636,0.1214125,0.3663,-0.219725
150557585431064,136.377637,0.1898875,0.2539625,-0.0682
150557595432059,136.387638,0.268125,0.15619999,-0.113437496
150557605433213,136.397639,0.307175,0.0743875,-0.1733875
150557615434213,136.407640,0.3059375,0.1414875,-0.153725
150557625435374,136.417641,0.279125,0.36025,-0.01815
150557635436379,136.427642,0.285175,0.61435,0.10395
150557645437545,136.437644,0.3144625,0.848925,0.108899996
150557655438545,136.447645,0.3487,0.9515,0.0026125
150557665439695,136.457646,0.3744125,0.8916875,-0.2662
150557675440685,136.467647,0.36465,0.79145,-0.6571125
150557685441853,136.477648,0.2583625,0.7084,-0.9625
150557695442855,136.487649,0.1214125,0.716925,-1.0285
150557705444039,136.497650,0.0078375,0.815925,-0.8806875
150557715445037,136.507651,-0.0471625,0.91368747,-0.6485875
150557725446205,136.517652,-0.034925,0.9442125,-0.3174875
150557735447207,136.527653,-0.001925,0.8184,-0.0108624995
150557745448355,136.537654,0.0176,0.534875,0.1651375
150557755449346,136.547655,-0.0044,0.14025,0.1711875
150557765450500,136.557657,-0.0251625,-0.2299,0.0196625
150557775451500,136.567658,-0.0446875,-0.495,-0.2112
150557785452663,136.577659,-0.0385,-0.594,-0.439725
150557795453663,136.587660,-0.0226875,-0.5707625,-0.561825
150557805454832,136.597661,0.020075,-0.437525,-0.605825
150557815455822,136.607662,0.097075,-0.2176625,-0.55935
150557825456962,136.617663,0.1788875,0.0022,-0.418825
150557835457962,136.627664,0.2509375,0.2135375,-0.224675
150557845459200,136.637665,0.28393748,0.330825,-0.0352
150557855460359,136.647666,0.290125,0.3113,0.1296625
150557865461253,136.657667,0.2717,0.1610125,0.205425
150557875462484,136.667668,0.235125,-0.0185625,0.1516625
150557885463484,136.677669,0.22165,-0.2091375,-0.0352
150557895464628,136.687671,0.1948375,-0.2897125,-0.2795375
150557905465537,136.697672,0.169125,-0.2299,-0.4995375
150557915466767,136.707673,0.147125,-0.0515625,-0.5325375
150557925467767,136.717674,0.1716,0.1634875,-0.3834875
150557935468935,136.727675,0.2387,0.401775,-0.0682
150557945469931,136.737676,0.2937,0.523875,0.337425
150557955471085,136.747677,0.29865,0.4591125,0.6428125
150557965472003,136.757678,0.2803625,0.2783,0.6562875
150557975473224,136.767679,0.224125,0.064625,0.4742375
150557985474212,136.777680,0.119075,-0.155375,0.21395
150557995475371,136.787681,0.0103124995,-0.2531375,0.0246125
150558005476369,136.797682,-0.0752125,-0.243375,-0.0218625
150558015477522,136.807684,-0.111925,-0.1346125,0.0319
150558025478518,136.817685,-0.0972125,-0.0405625,0.028324999
150558035479443,136.827685,-0.0666875,-0.017324999,-0.175725
150558045480688,136.837687,-0.062975,-0.0576125,-0.48235
150558055481856,136.847688,-0.117975,-0.1236125,-0.738925
150558065482850,136.857689,-0.2047375,-0.0906125,-0.83916247
150558075484001,136.867690,-0.284075,-0.0209,-0.7316375
150558085485001,136.877691,-0.3135,0.0279125,-0.50435
150558095486154,136.887692,-0.2877875,0.087725,-0.268675
150558105487168,136.897693,-0.2145,0.109725,-0.059675
150558115488397,136.907694,-0.1557875,0.0963875,0.12595
150558125489565,136.917696,-0.113025,0.05115,0.2041875
150558135490492,136.927696,-0.0886875,0.0462,0.2261875
150558145491499,136.937697,-0.1155,0.0682,0.2457125
150558155492653,136.947699,-0.1557875,0.113437496,0.29095
150558165493672,136.957700,-0.179025,0.1304875,0.2872375
150558175494826,136.967701,-0.168025,0.08415,0.260425
150558185496055,136.977702,-0.1546875,0.043725,0.2212375
150558195497055,136.987703,-0.161975,0.0352,0.1687125
150558205497980,136.997704,-0.19373749,0.08415,0.172425
150558215499204,137.007705,-0.23155,0.120725,0.227425
150558225500344,137.017706,-0.25355,0.142725,0.338525
150558235501344,137.027707,-0.2743125,0.13915,0.4437125
150558245502511,137.037709,-0.2877875,0.13915,0.5511
150558255503517,137.047710,-0.300025,0.0779625,0.6318125
150558265504442,137.057710,-0.2963125,-1.375E-4,0.6318125
150558275505595,137.067712,-0.2877875,-0.089375,0.487575
150558285506812,137.077713,-0.2718375,-0.09185,0.2737625
150558295507795,137.087714,-0.2707375,-0.0771375,0.0759
150558305508935,137.097715,-0.26455,-0.0515625,-0.11715
150558315509935,137.107716,-0.238975,0.0193875,-0.30153748
150558325511095,137.117717,-0.212025,0.0364375,-0.4725875
150558335512100,137.127718,-0.1887875,-0.0221375,-0.6705875
150558345513243,137.137719,-0.1802625,-0.034375,-0.83545
150558355514245,137.147720,-0.2022625,0.0389125,-0.8611625
150558365515395,137.157721,-0.216975,0.1830125,-0.705925
150558375516624,137.167723,-0.212025,0.2893,-0.43725
150558385517542,137.177724,-0.1802625,0.318725,-0.197725
150558395518549,137.187725,-0.13145,0.2014375,-0.114675
150558405519716,137.197726,-0.089925,0.0719125,-0.2014375
150558415520716,137.207727,-0.073975,0.0339625,-0.2882
150558425521852,137.217728,-0.095975,0.0633875,-0.247775
150558435523075,137.227729,-0.1265,0.09515,-0.108625
150558445524075,137.237730,-0.13145,0.14025,0.0686125
150558455525000,137.247731,-0.1106875,0.136675,0.233475
150558465526229,137.257732,-0.07645,0.031625,0.326425
150558475527383,137.267733,-0.0617375,-0.106425,0.31295
150558485528388,137.277734,-0.07645,-0.2641375,0.2091375
150558495529542,137.287736,-0.135025,-0.337425,0.086899996
150558505530460,137.297736,-0.2255,-0.3179,0.039325
150558515531457,137.307737,-0.3245,-0.2237125,0.133375
150558525532611,137.317739,-0.3903625,-0.1161875,0.3447125
150558535533840,137.327740,-0.38555,-0.0429,0.48633748
150558545534858,137.337741,-0.3427875,0.0059125,0.4522375
150558555536012,137.347742,-0.29755,-0.0221375,0.29095
150558565537012,137.357743,-0.23773749,-0.111375,0.0050875
150558575537942,137.367744,-0.1925,-0.2371875,-0.34925
150558585539173,137.377745,-0.190025,-0.2982375,-0.6485875
150558595540312,137.387746,-0.2047375,-0.2286625,-0.815925
150558605541311,137.397747,-0.20955,-0.14685,-0.865975
150558615542471,137.407748,-0.1912625,-0.095425,-0.8416375
150558625543479,137.417749,-0.1375,-0.0551375,-0.77935
150558635544635,137.427751,-0.084975,0.004675,-0.688875
150558645545635,137.437752,-0.054449998,-0.0331375,-0.528825
150558655546798,137.447753,-0.0312125,0.0449625,-0.2404875
150558665547806,137.457754,-0.0264,0.14025,0.19813749
150558675548965,137.467755,-0.0495,0.208725,0.72833747
150558685549966,137.477756,-0.0495,0.20625,1.1229625
150558695551120,137.487757,-0.0251625,0.0889625,1.270775
150558705552125,137.497758,-0.0116875,-0.06985,1.1424875
150558715553279,137.507759,-0.029975,-0.2006125,0.8223875
150558725554499,137.517760,-0.0886875,-0.2897125,0.44
150558735555484,137.527761,-0.17655,-0.282425,0.1711875
150558745556624,137.537763,-0.2743125,-0.1931875,0.10285
150558755557624,137.547764,-0.339075,-0.0551375,0.2237125
150558765558762,137.557765,-0.339075,0.0974875,0.3887125
150558775559686,137.567766,-0.3037375,0.2160125,0.514525
150558785560912,137.577767,-0.27555,0.23925,0.5828625
150558795561916,137.587768,-0.2682625,0.15619999,0.5743375
150558805563070,137.597769,-0.2805,-0.017324999,0.454575
150558815564061,137.607770,-0.300025,-0.205425,0.2737625
150558825565217,137.617771,-0.3268375,-0.4241875,0.0356125
150558835566191,137.627772,-0.339075,-0.4522375,-0.169675
150558845567332,137.637773,-0.3452625,-0.3422375,-0.2649625
150558855568327,137.647774,-0.3293125,-0.177375,-0.2674375
150558865569479,137.657775,-0.2682625,0.0169125,-0.21725
150558875570479,137.667776,-0.17545,0.0853875,-0.1892
150558885571635,137.677778,-0.0581625,-0.056375,-0.346775
150558895572635,137.687779,0.015262499,-0.30195,-0.7194
150558905573813,137.697780,0.0053625,-0.497475,-1.1677876
150558915574813,137.707781,-0.073975,-0.6098125,-1.517175
150558925575980,137.717782,-0.146025,-0.5512375,-1.6894625
150558935576982,137.727783,-0.19855,-0.3179,-1.6564626
150558945578238,137.737784,-0.16445,0.0083875,-1.4488375
150558955579182,137.747785,-0.062975,0.2820125,-1.1323125
150558965580411,137.757786,0.0408375,0.3834875,-0.7866375
150558975581565,137.767788,0.10065,0.2685375,-0.5240125
150558985582560,137.777789,0.097075,0.0449625,-0.4103
150558995583709,137.787790,0.02255,-0.16995,-0.3700125
150559005584709,137.797791,-0.106975,-0.2739,-0.3333
150559015585892,137.807792,-0.2462625,-0.271425,-0.268675
150559025586906,137.817793,-0.3268375,-0.16885,-0.1634875
150559035588076,137.827794,-0.35255,-0.0246125,0.00385
150559045589074,137.837795,-0.34759998,0.0853875,0.2017125
150559055590228,137.847796,-0.3293125,0.1489125,0.3691875
150559065591229,137.857797,-0.3122625,0.1524875,0.451
150559075592383,137.867798,-0.2938375,0.053625,0.4327125
150559085593370,137.877799,-0.271975,-0.1271875,0.33495
150559095594524,137.887801,-0.2597375,-0.3557125,0.2017125
150559105595517,137.897802,-0.260975,-0.514525,0.0611875
150559115596672,137.907803,-0.2695,-0.5377625,-0.0193875
150559125597670,137.917804,-0.267025,-0.4362875,0.00385
150559135598795,137.927805,-0.2242625,-0.2506625,0.0796125
150559145599783,137.937806,-0.12045,-0.072325,0.20295
150559155600942,137.947807,0.059125,0.0229625,0.3471875
150559165601947,137.957808,0.263175,-0.0221375,0.4717625
150559175603186,137.967809,0.423225,-0.155375,0.575575
150559185604111,137.977810,0.5368,-0.3202375,0.61105
150559195605265,137.987811,0.5710375,-0.392425,0.6208125
150559205606265,137.997812,0.5429875,-0.38747498,0.608575
150559215607494,138.007813,0.5075125,-0.326425,0.5707625
150559225608619,138.017815,0.5014625,-0.25547498,0.5072375
150559235609614,138.027816,0.5234625,-0.205425,0.3997125
150559245610768,138.037817,0.5405125,-0.1406625,0.2762375
150559255611768,138.047818,0.5344625,-0.0710875,0.166375
150559265612921,138.057819,0.4965125,-0.0209,0.0661375
150559275613845,138.067820,0.43175,0.04015,0.0160875
150559285615075,138.077821,0.346225,0.0682,0.0270875
150559295616082,138.087822,0.2534125,0.0889625,0.106425
150559305617236,138.097823,0.1618375,0.14025,0.22495
150559315618248,138.107824,0.0848375,0.180675,0.3422375
150559325619404,138.117825,0.0323125,0.2319625,0.38995
150559335620404,138.127826,5.5E-4,0.313775,0.407
150559345621553,138.137828,-0.0264,0.3625875,0.4437125
150559355622553,138.147829,-0.067925,0.390775,0.5047625
150559365623695,138.157830,-0.1106875,0.418825,0.5377625
150559375624709,138.167831,-0.161975,0.4285875,0.5157625
150559385625930,138.177832,-0.2193125,0.4005375,0.465575
150559395627080,138.187833,-0.2767875,0.36025,0.429
150559405628003,138.197834,-0.3183125,0.2844875,0.3777125
150559415629005,138.207835,-0.3403125,0.2112,0.332475
150559425630163,138.217836,-0.3623125,0.1414875,0.2946625
150559435631396,138.227837,-0.3793625,0.1012,0.25795
150559445632396,138.237838,-0.3903625,0.065725,0.2102375
150559455633555,138.247840,-0.4013625,0.0254375,0.144375
150559465634557,138.257841,-0.3916,-1.375E-4,0.0196625
150559475635711,138.267842,-0.37454998,-0.01485,-0.1049125
150559485636709,138.277843,-0.3562625,-0.0466125,-0.21367499
150559495637867,138.287844,-0.3293125,-0.0466125,-0.2844875
150559505638867,138.297845,-0.300025,-0.045375,-0.313775
150559515640021,138.307846,-0.24007499,-0.0746625,-0.3419625
150559525641007,138.317847,-0.16555,-0.133375,-0.4005375
150559535642163,138.327848,-0.09845,-0.1859,-0.4800125
150559545643173,138.337849,-0.0507375,-0.2127125,-0.5190625
150559555644327,138.347850,-0.0397375,-0.16995,-0.4420625
150559565645313,138.357851,-0.0312125,-0.061325,-0.23567499
150559575646460,138.367852,-0.001925,0.0754875,0.045375
150559585647457,138.377853,0.059125,0.1464375,0.288475
150559595648611,138.387855,0.141075,0.1084875,0.4142875
150559605649640,138.397856,0.2046,0.00715,0.43505
150559615650793,138.407857,0.230175,-0.0771375,0.4107125
150559625651802,138.417858,0.2204125,-0.13213749,0.38995
150559635652954,138.427859,0.18259999,-0.15895,0.38005
150559645654178,138.437860,0.13859999,-0.133375,0.40205
150559655655094,138.447861,0.086075,-0.058849998,0.4888125
150559665656082,138.457862,0.0457875,0.00715,0.60005
150559675657306,138.467863,0.02255,0.0572,0.6843375
150559685658460,138.477864,0.0078375,0.0804375,0.6903875
150559695659460,138.487865,-6.875E-4,0.0523875,0.6061
150559705660609,138.497867,-0.007975,-0.0209,0.47547498
150559715661618,138.507868,-0.034925,-0.1370875,0.32999998
150559725662770,138.517869,-0.0862125,-0.2371875,0.2322375
150559735663747,138.527870,-0.1472625,-0.2726625,0.233475
150559745664897,138.537871,-0.18755,-0.2311375,0.319
150559755665897,138.547872,-0.1962125,-0.117425,0.4497625
150559765667051,138.557873,-0.1705,-0.012375,0.608575
150559775668060,138.567874,-0.1252625,0.05115,0.7601
150559785669194,138.577875,-0.0837375,0.043725,0.834625
150559795670196,138.587876,-0.0556875,-0.039325,0.8248625
150559805671345,138.597877,-0.0336875,-0.177375,0.7381
150559815672343,138.607878,-0.0312125,-0.3251875,0.602525
150559825673490,138.617879,-0.0446875,-0.426525,0.420475
150559835674723,138.627881,-0.067925,-0.451,0.2189
150559845675738,138.637882,-0.0935,-0.4241875,0.0050875
150559855676663,138.647883,-0.12045,-0.363,-0.20019999
150559865677807,138.657884,-0.1326875,-0.25795,-0.3773
150559875678793,138.667885,-0.133925,-0.1480875,-0.49101248
150559885680026,138.677886,-0.1155,-0.0735625,-0.5240125
150559895681171,138.687887,-0.0922625,-0.0551375,-0.5105375
150559905682176,138.697888,-0.073975,-0.0356125,-0.51535
150559915683121,138.707889,-0.0702625,-0.006325,-0.544775
150559925684275,138.717890,-0.067925,0.0254375,-0.5630625
150559935685505,138.727892,-0.0581625,0.0572,-0.556875
150559945686488,138.737892,-0.0226875,0.0939125,-0.5190625
150559955687642,138.747894,0.0176,0.1084875,-0.467775
150559965688659,138.757895,0.0493625,0.1159125,-0.401775
150559975689813,138.767896,0.064075,0.1122,-0.3235375
150559985690801,138.777897,0.059125,0.11715,-0.2319625
150559995691952,138.787898,0.0383625,0.0902,-0.1634875
150560005692965,138.797899,-0.0067375,0.065725,-0.1354375
150560015694121,138.807900,-0.067925,0.0303875,-0.1379125
150560025695335,138.817901,-0.1265,9.625E-4,-0.1672
150560035696335,138.827902,-0.1852125,-0.0111375,-0.197725
150560045697270,138.837903,-0.23773749,-0.039325,-0.2222
150560055698438,138.847904,-0.2805,-0.0600875,-0.22825
150560065699438,138.857905,-0.3037375,-0.0906125,-0.2539625
150560075700667,138.867907,-0.306075,-0.1480875,-0.30153748
150560085701830,138.877908,-0.3073125,-0.21395,-0.36519998
150560095702845,138.887909,-0.3122625,-0.2531375,-0.4090625
150560105703765,138.897910,-0.3048375,-0.2677125,-0.4360125
150560115704998,138.907911,-0.27555,-0.2677125,-0.4250125
150560125705938,138.917912,-0.2182125,-0.2652375,-0.3969625
150560135707180,138.927913,-0.14245,-0.2811875,-0.3859625
150560145708324,138.937914,-0.0776875,-0.2762375,-0.4090625
150560155709324,138.947915,-0.029975,-0.249425,-0.445775
150560165710493,138.957916,-0.0092124995,-0.210375,-0.41525
150560175711495,138.967917,0.0017875,-0.122375,-0.31625
150560185712653,138.977919,0.0286,-0.0466125,-0.1354375
150560195713644,138.987920,0.0677875,0.0389125,0.145475
150560205714810,138.997921,0.1214125,0.1464375,0.404525
150560215715812,139.007922,0.164175,0.180675,0.6012875
150560225716959,139.017923,0.1923625,0.1720125,0.729575
150560235717961,139.027924,0.202125,0.1379125,0.7918625
150560245719115,139.037925,0.19965,0.087725,0.8064375
150560255720115,139.047926,0.17765,0.020624999,0.7759125
150560265721269,139.057927,0.1496,-0.0198,0.7063375
150560275722250,139.067928,0.1238875,-0.0551375,0.597575
150560285723398,139.077929,0.1056,-0.0539,0.4607625
150560295724398,139.087930,0.0848375,-0.0380875,0.3372875
150560305725627,139.097932,0.05555,-0.0356125,0.23595
150560315726772,139.107933,0.025024999,-0.0551375,0.139425
150560325727788,139.117934,-0.0031625,-0.0796125,0.06985
150560335728940,139.127935,-0.0507375,-0.1126125,0.051425
150560345729930,139.137936,-0.091025,-0.1076625,0.0831875
150560355731084,139.147937,-0.1082125,-0.078375,0.155375
150560365732070,139.157938,-0.1106875,-0.0380875,0.2787125
150560375733233,139.167939,-0.0996875,0.0144375,0.4082375
150560385734221,139.177940,-0.082499996,0.0229625,0.492525
150560395735380,139.187941,-0.0715,-0.017324999,0.520575
150560405736385,139.197942,-0.073975,-0.078375,0.49005
150560415737537,139.207944,-0.073975,-0.13213749,0.4167625
150560425738532,139.217945,-0.0752125,-0.15413749,0.3287625
150560435739687,139.227946,-0.084975,-0.1381875,0.233475
150560445740692,139.237947,-0.0935,-0.086899996,0.167475
150560455741850,139.247948,-0.095975,-0.0088,0.150425
150560465742856,139.257949,-0.082499996,0.054725,0.1491875
150560475744010,139.267950,-0.054449998,0.0559625,0.1419
150560485745014,139.277951,-0.043449998,0.0339625,0.1346125
150560495746164,139.287952,-0.0374,-0.0050875,0.10285
150560505747393,139.297953,-0.029975,-0.0466125,0.0331375
150560515748373,139.307954,-0.023924999,-0.0771375,-0.064625
150560525749529,139.317956,-0.007975,-0.08085,-0.1709125
150560535750542,139.327957,0.026124999,-0.058849998,-0.2674375
150560545751696,139.337958,0.0616,-0.00385,-0.324775
150560555752681,139.347959,0.0908875,0.059675,-0.3309625
150560565753840,139.357960,0.1166,0.12815,-0.2882
150560575754842,139.367961,0.1508375,0.169675,-0.2319625
150560585755996,139.377962,0.185075,0.17325,-0.175725
150560595757008,139.387963,0.2156,0.12925,-0.1414875
150560605758163,139.397964,0.2363625,0.0584375,-0.1439625
150560615759163,139.407965,0.2448875,-1.375E-4,-0.1744875
150560625760311,139.417966,0.2376,-0.0099,-0.1854875
150560635761317,139.427967,0.224125,0.020624999,-0.153725
150560645762471,139.437968,0.2046,0.0853875,-0.09515
150560655763471,139.447969,0.18865,0.164725,-0.0279125
150560665764691,139.457971,0.1678875,0.214775,0.040425
150560675765863,139.467972,0.1544125,0.2050125,0.0796125
150560685766872,139.477973,0.152075,0.1549625,0.10285
150560695768027,139.487974,0.1606,0.0682,0.0991375
150560705769022,139.497975,0.164175,-0.0111375,0.067375
150560715769947,139.507976,0.1618375,-0.0735625,0.029424999
150560725771091,139.517977,0.152075,-0.0979,0.0075625
150560735772336,139.527978,0.1483625,-0.086899996,-0.0133375
150560745773334,139.537979,0.1458875,-0.050325,-0.0364375
150560755774483,139.547980,0.14465,-0.02585,-0.059675
150560765775484,139.557981,0.1508375,0.043725,-0.0523875
150560775776623,139.567983,0.1483625,0.092675,0.029424999
150560785777629,139.577984,0.1458875,0.1012,0.183425
150560795778781,139.587985,0.136125,0.1109625,0.3617625
150560805779786,139.597986,0.1373625,0.1159125,0.525525
150560815780946,139.607987,0.1606,0.0754875,0.624525
150560825781946,139.617988,0.191125,0.0119624995,0.603625
150560835783086,139.627989,0.2143625,-0.0576125,0.498575
150560845784074,139.637990,0.2046,-0.100375,0.3812875
150560855785211,139.647991,0.17407499,-0.094325,0.271425
150560865786197,139.657992,0.1508375,-0.036849998,0.1871375
150560875787426,139.667993,0.141075,0.032725,0.1346125
150560885788584,139.677995,0.158125,0.070675,0.09185
150560895789570,139.687996,0.1874125,0.0609125,0.0501875
150560905790485,139.697996,0.2046,0.0523875,0.0270875
150560915791639,139.707998,0.2046,0.0229625,0.0306625
150560925792879,139.717999,0.19965,-0.006325,0.045375
150560935793908,139.728000,0.1984125,0.0022,0.0710875
150560945795040,139.738001,0.1838375,0.0193875,0.1137125
150560955796045,139.748002,0.17407499,0.004675,0.1309
150560965797199,139.758003,0.1678875,-0.0160875,0.10285
150560975798199,139.768004,0.1568875,-0.0295625,0.0466125
150560985799363,139.778005,0.117837496,-0.0026125,-0.0144375
150560995800363,139.788006,0.075075,0.0389125,-0.048675
150561005801504,139.798008,0.0506,0.0779625,-0.053625
150561015802518,139.808009,0.0408375,0.1109625,-0.0462
150561025803688,139.818010,0.0457875,0.1012,-0.0389125
150561035804922,139.828011,0.053075,0.064625,-0.0254375
150561045805912,139.838012,0.047025,-1.375E-4,-0.0352
150561055806837,139.848013,0.0237875,-0.0551375,-0.075625
150561065808076,139.858014,-0.02145,-0.1150875,-0.1524875
150561075809243,139.868015,-0.0752125,-0.2006125,-0.2490125
150561085810247,139.878016,-0.10945,-0.260425,-0.395725
150561095811173,139.888017,-0.12773749,-0.25795,-0.533775
150561105812345,139.898018,-0.1436875,-0.2261875,-0.5850625
150561115813574,139.908020,-0.1667875,-0.1676125,-0.5715875
150561125814589,139.918021,-0.1632125,-0.0490875,-0.49335
150561135815745,139.928022,-0.122925,0.11715,-0.40301248
150561145816740,139.938023,-0.0666875,0.1892,-0.3199625
150561155817892,139.948024,-0.014162499,0.131725,-0.24419999
150561165818877,139.958025,0.015125,0.0218625,-0.1524875
150561175820017,139.968026,5.5E-4,-0.17985,-0.086625
150561185821028,139.978027,-0.0385,-0.293425,0.0246125
150561195822178,139.988028,-0.0837375,-0.3166625,0.166375
150561205823173,139.998029,-0.100925,-0.2701875,0.30195
150561215824325,140.008030,-0.095975,-0.221375,0.3947625
150561225825541,140.018032,-0.0715,-0.2079,0.4082375
150561235826479,140.028032,-0.0397375,-0.2677125,0.3397625
150561245827471,140.038033,-0.02145,-0.34595,0.23595
150561255828639,140.048035,-0.0226875,-0.3887125,0.15895
150561265829625,140.058036,-0.0397375,-0.3532375,0.1797125
150561275830853,140.068037,-0.073975,-0.27513748,0.293425
150561285831988,140.078038,-0.0972125,-0.2041875,0.451
150561295832988,140.088039,-0.0911625,-0.1566125,0.5951
150561305833898,140.098040,-0.06545,-0.1480875,0.663575
150561315835052,140.108041,-0.0507375,-0.1626625,0.6281
150561325836283,140.118042,-0.0484,-0.1956625,0.5193375
150561335837272,140.128043,-0.0715,-0.2261875,0.41305
150561345838428,140.138044,-0.102025,-0.2311375,0.34595
150561355839442,140.148045,-0.104499996,-0.2176625,0.3262875
150561365840594,140.158047,-0.082499996,-0.1969,0.31295
150561375841602,140.168048,-0.0495,-0.1601875,0.2567125
150561385842758,140.178049,-0.0276375,-0.105325,0.166375
150561395843765,140.188050,-0.0385,-0.045375,0.0881375
150561405844919,140.198051,-0.0727375,0.0169125,0.0636625
150561415845900,140.208052,-0.104499996,0.0829125,0.089375
150561425847048,140.218053,-0.1167375,0.136675,0.1639
150561435848048,140.228054,-0.102025,0.1659625,0.264
150561445849212,140.238055,-0.0812625,0.15125,0.3702875
150561455850212,140.248056,-0.062975,0.14025,0.4522375
150561465851351,140.258057,-0.0581625,0.1354375,0.50105
150561475852356,140.268058,-0.056925,0.1194875,0.506
150561485853600,140.278060,-0.0422125,0.0609125,0.44605
150561495854749,140.288061,-0.0116875,-0.0209,0.3287625
150561505855763,140.298062,0.0103124995,-0.1101375,0.1711875
150561515856912,140.308063,0.0237875,-0.1456125,-0.0083875
150561525857835,140.318064,0.014025,-0.13585,-0.1049125
150561535859068,140.328065,-0.0116875,-0.039325,-0.09515
150561545860083,140.338066,-0.032449998,0.1159125,0.0099
150561555861232,140.348067,-0.0422125,0.236775,0.1969
150561565862232,140.358068,-0.007975,0.2624875,0.39105
150561575863384,140.368069,0.0468875,0.1684375,0.473
150561585864381,140.378070,0.0933625,-0.034375,0.4008125
150561595865534,140.388072,0.103125,-0.2371875,0.2299
150561605866548,140.398073,0.064075,-0.3386625,0.051425
150561615867702,140.408074,-0.0031625,-0.3179,-0.0413875
150561625868676,140.418075,-0.0484,-0.22013749,-0.0133375
150561635869837,140.428076,-0.0385,-0.1199,0.095425
150561645871080,140.438077,0.025024999,-0.023375,0.194425
150561655872003,140.448078,0.1093125,0.0303875,0.23595
150561665872977,140.458079,0.153175,0.0364375,0.1846625
150561675874210,140.468080,0.147125,0.0242,0.0721875
150561685875350,140.478081,0.08855,0.01815,0.001375
150561695876364,140.488082,0.0176,0.0242,-0.0059125
150561705877513,140.498084,-0.023924999,0.0169125,0.0209
150561715878513,140.508085,-0.0154,0.0169125,0.0429
150561725879641,140.518086,0.014025,0.032725,0.073425
150561735880643,140.528087,0.0273625,0.0829125,0.155375
150561745881798,140.538088,0.0188375,0.153725,0.2811875
150561755882798,140.548089,0.0042625,0.1830125,0.4057625
150561765883979,140.558090,0.0103124995,0.1610125,0.4522375
150561775885215,140.568091,0.0237875,0.065725,0.3947625
150561785886142,140.578092,0.048125,-0.0906125,0.231
150561795887144,140.588093,0.0567875,-0.2176625,0.0209
150561805888308,140.598094,0.036025,-0.24213749,-0.147675
150561815889303,140.608095,5.5E-4,-0.1711875,-0.19415
150561825890452,140.618096,-0.0287375,-0.0308,-0.1293875
150561835891438,140.628097,-0.0177375,0.1122,-0.0341
150561845892667,140.638099,0.0176,0.1904375,0.0856625
150561855893592,140.648100,0.0433125,0.1634875,0.22
150561865894816,140.658101,0.0518375,0.0229625,0.30195
150561875895741,140.668102,0.042075,-0.1480875,0.2762375
150561885896972,140.678103,0.015125,-0.2531375,0.17847499
150561895898138,140.688104,-0.0312125,-0.33495,0.08195
150561905899124,140.698105,-0.06545,-0.3507625,-0.0011
150561915900277,140.708106,-0.0715,-0.2921875,-0.04015
150561925901264,140.718107,-0.051975,-0.199375,-0.020624999
150561935902413,140.728108,-0.02145,-0.0771375,0.036849998
150561945903411,140.738109,0.0042625,0.0669625,0.1027125
150561955904562,140.748111,0.0053625,0.1599125,0.1969
150561965905560,140.758112,-0.02145,0.1964875,0.297
150561975906786,140.768113,-0.0422125,0.14025,0.352
150561985907701,140.778114,-0.0507375,0.0169125,0.354475
150561995908855,140.788115,-0.0471625,-0.111375,0.319
150562005909860,140.798116,-0.043449998,-0.2079,0.249425
150562015911029,140.808117,-0.040975,-0.2519,0.1859
150562025912277,140.818118,-0.045925,-0.2371875,0.1406625
150562035913262,140.828119,-0.0385,-0.1786125,0.11495
150562045914187,140.838120,-0.0226875,-0.089375,0.07095
150562055915416,140.848121,0.009075,-0.0246125,-0.0108624995
150562065916562,140.858123,0.0396,0.0059125,-0.0939125
150562075917560,140.868124,0.0493625,0.0059125,-0.142725
150562085918714,140.878125,0.0323125,0.0193875,-0.130625
150562095919730,140.888126,0.0066,0.0193875,-0.075625
150562105920882,140.898127,-0.0031625,0.0242,-0.0169125
150562115921887,140.908128,0.0188375,0.0229625,0.034375
150562125923028,140.918129,0.0543125,-1.375E-4,0.0746625
150562135924028,140.928130,0.08855,9.625E-4,0.08195
150562145925182,140.938131,0.1093125,0.01815,0.0796125
150562155926182,140.948132,0.108075,0.0609125,0.0979
150562165927346,140.958133,0.0946,0.11825,0.128425
150562175928584,140.968135,0.075075,0.1500125,0.1687125
150562185929584,140.978136,0.0628375,0.15125,0.1846625
150562195930509,140.988137,0.0616,0.1269125,0.14795
150562205931644,140.998138,0.0688875,0.076725,0.0759
150562215932644,141.008139,0.0738375,0.026675,-0.015675
150562225933798,141.018140,0.0616,-0.0111375,-0.0999625
150562235935031,141.028141,0.0396,-0.02585,-0.158675
150562245936031,141.038142,0.0176,0.0083875,-0.1733875
150562255937199,141.048143,0.0042625,0.053625,-0.1513875
150562265938199,141.058144,0.0103124995,0.0694375,-0.1012
150562275939341,141.068145,0.015125,0.0694375,-0.053625
150562285940359,141.078146,0.020075,0.04015,-0.0133375
150562295941515,141.088148,0.0213125,-0.01485,0.0050875
150562305942519,141.098149,0.026124999,-0.064899996,-0.0144375
150562315943667,141.108150,0.0347875,-0.0856625,-0.07315
150562325944652,141.118151,0.0468875,-0.0906125,-0.1464375
150562335945808,141.128152,0.053075,-0.072325,-0.2099625
150562345946803,141.138153,0.0457875,-0.0331375,-0.2454375
150562355947962,141.148154,0.03355,9.625E-4,-0.230725
150562365948962,141.158155,0.02255,0.04015,-0.1782
150562375950116,141.168156,0.014025,0.059675,-0.108625
150562385951116,141.178157,0.0053625,0.0609125,-0.01815
150562395952354,141.188158,-0.0031625,0.037675,0.067375
150562405953508,141.198160,5.5E-4,0.0059125,0.1199
150562415954508,141.208161,0.0127875,-0.0198,0.1381875
150562425955423,141.218161,0.0176,-0.0746625,0.155375
150562435956652,141.228163,0.0042625,-0.12485,0.2079
150562445957801,141.238164,-0.0166375,-0.155375,0.2872375
150562455958816,141.248165,-0.0484,-0.2237125,0.4032875
150562465959965,141.258166,-0.0702625,-0.2762375,0.495
150562475960965,141.268167,-0.078925,-0.2787125,0.54505
150562485962116,141.278168,-0.095975,-0.2457125,0.558525
150562495963114,141.288169,-0.102025,-0.2066625,0.5291
150562505964277,141.298170,-0.0666875,-0.18095,0.404525
150562515965279,141.308171,0.0078375,-0.1931875,0.1601875
150562525966508,141.318173,0.059125,-0.161425,-0.1232
150562535967448,141.328173,0.0237875,-0.0246125,-0.2454375
150562545968607,141.338175,-0.0886875,0.136675,-0.1354375
150562555969607,141.348176,-0.16445,0.340725,0.1271875
150562565970760,141.358177,-0.1595,0.418825,0.3812875
150562575971775,141.368178,-0.0922625,0.3614875,0.528
150562585972928,141.378179,-0.0251625,0.192775,0.536525
150562595974157,141.388180,0.0078375,-0.045375,0.453475
150562605975089,141.398181,0.0042625,-0.2457125,0.338525
150562615976320,141.408182,-0.032449998,-0.2836625,0.242
150562625977339,141.418183,-0.084975,-0.1260875,0.2347125
150562635978495,141.428184,-0.1265,0.10725,0.327525
150562645979493,141.438185,-0.1337875,0.28325,0.4228125
150562655980653,141.448187,-0.073975,0.3430625,0.3947625
150562665981648,141.458188,0.0127875,0.2490125,0.24695
150562675982823,141.468189,0.0713625,0.04015,0.0661375
150562685983828,141.478190,0.075075,-0.1907125,-0.092675
150562695984982,141.488191,0.03355,-0.3092375,-0.19525
150562705985982,141.498192,-0.0031625,-0.3031875,-0.25025
150562715987134,141.508193,0.0042625,-0.23595,-0.31501248
150562725988119,141.518194,0.031075,-0.0979,-0.38953748
150562735989345,141.528195,0.047025,0.11715,-0.34925
150562745990270,141.538196,0.026124999,0.27719998,-0.1183875
150562755991424,141.548197,-0.0361625,0.4200625,0.29095
150562765992672,141.558199,-0.13145,0.5116375,0.812625
150562775993676,141.568200,-0.190025,0.5520625,1.2500125
150562785994830,141.578201,-0.1447875,0.55439997,1.4051125
150562795995830,141.588202,-0.0361625,0.2563,1.2255375
150562805996985,141.598203,0.147125,-0.3581875,0.6648125
150562815997888,141.608204,0.4257,-0.9604375,-0.2905375
150562825999114,141.618205,0.5930375,-1.19625,-1.4108875
150562836000124,141.628206,0.5454625,-0.9494375,-2.1976626
150562846001285,141.638207,0.33165,-0.310475,-2.532475
150562856002264,141.648208,0.11055,0.51535,-2.4151876
150562866003434,141.658209,0.003025,1.1567875,-1.9960874
150562876004432,141.668210,0.03355,1.3828375,-1.456125
150562886005587,141.678212,0.1238875,1.225125,-0.9601625
150562896006593,141.688213,0.1703625,0.8146875,-0.589875
150562906007741,141.698214,0.1263625,0.302775,-0.3284875
150562916008741,141.708215,0.003025,-0.139425,-0.120725
150562926009909,141.718216,-0.1802625,-0.3972375,0.028324999
150562936010893,141.728217,-0.328075,-0.442475,0.1076625
150562946012124,141.738218,-0.389125,-0.359425,0.1626625
150562956013020,141.748219,-0.3647875,-0.238425,0.2041875
150562966014244,141.758220,-0.2682625,-0.1236125,0.19813749
150562976015398,141.768221,-0.17173749,-0.02585,0.1651375
150562986016383,141.778222,-0.0996875,0.0303875,0.09295
150562996017537,141.788224,-0.0812625,0.0389125,-0.0279125
150563006018544,141.798225,-0.1216875,0.020624999,-0.1489125
150563016019682,141.808226,-0.1522125,-0.117425,-0.31501248
150563026020682,141.818227,-0.157025,-0.29947498,-0.4835875
150563036021838,141.828228,-0.122925,-0.44494998,-0.6204
150563046022850,141.838229,-0.0581625,-0.519475,-0.7084
150563056023989,141.848230,0.014025,-0.4802875,-0.721875
150563066024989,141.858231,0.059125,-0.370425,-0.6155875
150563076026140,141.868232,0.0688875,-0.205425,-0.373725
150563086027149,141.878233,0.05555,-0.0416625,-0.0108624995
150563096028303,141.888234,0.0273625,0.0474375,0.3777125
150563106029289,141.898235,0.01155,-0.0026125,0.630575
150563116030527,141.908237,0.03355,-0.117425,0.7038625
150563126031696,141.918238,0.059125,-0.2311375,0.680625
150563136032696,141.928239,0.070125,-0.31295,0.6391
150563146033850,141.938240,0.070125,-0.3471875,0.569525
150563156034850,141.948241,0.0798875,-0.30195,0.4717625
150563166036019,141.958242,0.08855,-0.238425,0.3507625
150563176037022,141.968243,0.08965,-0.188375,0.2066625
150563186038163,141.978244,0.0798875,-0.1529,0.0466125
150563196039159,141.988245,0.0457875,-0.1186625,-0.0779625
150563206040307,141.998246,-0.0177375,-0.0856625,-0.114675
150563216041296,142.008247,-0.0886875,-0.0551375,-0.059675
150563226042449,142.018248,-0.1387375,-0.0466125,0.0380875
150563236043451,142.028249,-0.17545,-0.058849998,0.1467125
150563246044619,142.038251,-0.2035,-0.0625625,0.260425
150563256045620,142.048252,-0.2182125,-0.0710875,0.371525
150563266046769,142.058253,-0.2327875,-0.0515625,0.470525
150563276047769,142.068254,-0.24255,0.020624999,0.5328125
150563286048923,142.078255,-0.238975,0.098725,0.575575
150563296050152,142.088256,-0.227975,0.1549625,0.603625
150563306051079,142.098257,-0.1997875,0.1744875,0.603625
150563316052096,142.108258,-0.1742125,0.158675,0.5841
150563326053327,142.118259,-0.16445,0.0999625,0.531575
150563336054479,142.128260,-0.161975,0.0339625,0.43147498
150563346055483,142.138261,-0.1815,0.0059125,0.3031875
150563356056637,142.148263,-0.22055,0.0193875,0.1871375
150563366057652,142.158264,-0.2682625,0.0584375,0.0941875
150563376058805,142.168265,-0.295075,0.08415,1.375E-4
150563386059810,142.178266,-0.2938375,0.0889625,-0.10615
150563396060964,142.188267,-0.2657875,0.0364375,-0.23567499
150563406061968,142.198268,-0.2352625,-0.0308,-0.38953748
150563416063122,142.208269,-0.223025,-0.056375,-0.533775
150563426064093,142.218270,-0.22055,-0.047849998,-0.6413
150563436065247,142.228271,-0.20955,0.0119624995,-0.6961625
150563446066249,142.238272,-0.1802625,0.087725,-0.688875
150563456067403,142.248273,-0.1265,0.153725,-0.6083
150563466068403,142.258274,-0.051975,0.1672,-0.4873
150563476069647,142.268276,0.026124999,0.1610125,-0.3565375
150563486070786,142.278277,0.0738375,0.125675,-0.2294875
150563496071773,142.288278,0.081125,0.08415,-0.109725
150563506072693,142.298279,0.075075,0.0523875,-0.0231
150563516073922,142.308280,0.075075,0.0389125,0.0111375
150563526075087,142.318281,0.0787875,0.043725,-0.0011
150563536076085,142.328282,0.0713625,0.0474375,-0.0121
150563546077236,142.338283,0.0543125,0.04015,-0.020624999
150563556078247,142.348284,0.0396,0.0339625,-0.0413875
150563566079387,142.358285,0.0298375,0.031625,-0.0561
150563576080387,142.368286,0.0078375,0.01815,-0.0499125
150563586081536,142.378288,-0.0116875,0.0034375,-0.0279125
150563596082538,142.388289,-0.0092124995,-0.0295625,-0.0059125
150563606083687,142.398290,0.0066,-0.0735625,0.023375
150563616084702,142.408291,0.025024999,-0.1186625,0.036849998
150563626085865,142.418292,0.0286,-0.150425,0.0416625
150563636087094,142.428293,0.0103124995,-0.13213749,0.0466125
150563646088017,142.438294,-0.0154,-0.0661375,0.100375
150563656089000,142.448295,-0.054449998,0.0242,0.2041875
150563666090229,142.458296,-0.08745,0.10725,0.321475
150563676091154,142.468297,-0.100925,0.1500125,0.398475
150563686092397,142.478298,-0.095975,0.136675,0.4228125
150563696093555,142.488300,-0.084975,0.08415,0.3997125
150563706094540,142.498301,-0.0812625,0.0083875,0.32395
150563716095680,142.508302,-0.08745,-0.0551375,0.2079
150563726096680,142.518303,-0.102025,-0.0881375,0.0941875
150563736097836,142.528304,-0.1142625,-0.0966625,0.0086624995
150563746098820,142.538305,-0.1216875,-0.0625625,-0.0451
150563756099991,142.548306,-0.1082125,-0.023375,-0.0902
150563766101225,142.558307,-0.089925,0.004675,-0.1342
150563776102148,142.568308,-0.073975,0.0119624995,-0.1794375
150563786103154,142.578309,-0.054449998,-0.0221375,-0.23925
150563796104388,142.588310,-0.045925,-0.0991375,-0.3235375
150563806105294,142.598311,-0.043449998,-0.1821875,-0.4323
150563816106448,142.608312,-0.0471625,-0.2286625,-0.54835
150563826107667,142.618314,-0.0592625,-0.2066625,-0.6216375
150563836108658,142.628315,-0.0666875,-0.15895,-0.6351125
150563846109840,142.638316,-0.0556875,-0.094325,-0.61435
150563856110840,142.648317,-0.0336875,-0.0295625,-0.555775
150563866111751,142.658318,-0.0116875,0.0119624995,-0.4640625
150563876112979,142.668319,-0.0116875,0.0339625,-0.34925
150563886114143,142.678320,-0.0361625,0.0339625,-0.2294875
150563896115145,142.688321,-0.06545,-0.00385,-0.109725
150563906116303,142.698322,-0.0812625,-0.06985,-0.0254375
150563916117299,142.708323,-0.0837375,-0.1309,0.01485
150563926118435,142.718324,-0.0752125,-0.15785,0.0221375
150563936119437,142.728325,-0.067925,-0.13213749,0.012375
150563946120596,142.738327,-0.056925,-0.094325,0.0160875
150563956121601,142.748328,-0.0471625,-0.0466125,0.040425
150563966122760,142.758329,-0.0226875,-0.017324999,0.0539
150563976123984,142.768330,0.0103124995,-0.039325,0.028324999
150563986124989,142.778331,0.0457875,-0.08085,-0.0451
150563996126143,142.788332,0.0787875,-0.1260875,-0.13915
150564006127138,142.798333,0.1153625,-0.1566125,-0.2270125
150564016128300,142.808334,0.147125,-0.122375,-0.2734875
150564026129302,142.818335,0.1838375,-0.0796125,-0.28325
150564036130425,142.828336,0.224125,-0.064899996,-0.2844875
150564046131442,142.838337,0.2583625,-0.0380875,-0.2894375
150564056132581,142.848339,0.274175,-0.02585,-0.2844875
150564066133591,142.858340,0.268125,-0.0075625,-0.274725
150564076134743,142.868341,0.241175,0.053625,-0.2270125
150564086135735,142.878342,0.219175,0.11715,-0.158675
150564096136894,142.888343,0.2179375,0.1379125,-0.113437496
150564106137889,142.898344,0.2338875,0.1109625,-0.091437496
150564116139133,142.908345,0.2558875,0.0559625,-0.097625
150564126140268,142.918346,0.252175,0.01815,-0.114675
150564136141258,142.928347,0.2156,0.0303875,-0.108625
150564146142408,142.938348,0.169125,0.0792,-0.0719125
150564156143408,142.948349,0.1166,0.1744875,-0.0034375
150564166144561,142.958351,0.081125,0.258775,0.095425
150564176145566,142.968352,0.0653125,0.280775,0.1491875
150564186146726,142.978353,0.059125,0.2490125,0.139425
150564196147712,142.988354,0.0543125,0.1744875,0.0759
150564206148878,142.998355,0.036025,0.0804375,-0.0389125
150564216149883,143.008356,0.003025,0.0059125,-0.17325
150564226151085,143.018357,-0.032449998,-0.0356125,-0.3212
150564236152249,143.028358,-0.0484,-0.02585,-0.43725
150564246153153,143.038359,-0.054449998,0.0364375,-0.4665375
150564256154155,143.048360,-0.054449998,0.098725,-0.41525
150564266155328,143.058361,-0.06545,0.169675,-0.30153748
150564276156323,143.068362,-0.0812625,0.22825,-0.1379125
150564286157501,143.078364,-0.067925,0.175725,-0.0108624995
150564296158730,143.088365,-0.0264,0.0499125,-0.0193875
150564306159740,143.098366,0.0273625,-0.0991375,-0.1794375
150564316160894,143.108367,0.036025,-0.2066625,-0.340725
150564326161896,143.118368,-0.014162499,-0.172425,-0.34553748
150564336163049,143.128369,-0.0666875,0.0119624995,-0.1782
150564346164049,143.138370,-0.078925,0.202675,0.0380875
150564356165196,143.148371,-0.0166375,0.2979625,0.1711875
150564366166196,143.158372,0.064075,0.2685375,0.1749
150564376167376,143.168373,0.1166,0.1549625,0.067375
150564386168361,143.178374,0.1288375,0.026675,-0.091437496
150564396169605,143.188376,0.0946,-0.1016125,-0.208725
150564406170759,143.198377,0.0383625,-0.15413749,-0.2270125
150564416171701,143.208378,-0.0154,-0.11385,-0.1122
150564426172716,143.218379,-0.0264,-0.0661375,0.0380875
150564436173932,143.228380,0.0053625,-0.0331375,0.1236125
150564446175086,143.238381,0.04455,-0.023375,0.139425
150564456176090,143.248382,0.0677875,-0.064899996,0.0941875
150564466177230,143.258383,0.0616,-0.14685,-0.0011
150564476178230,143.268384,0.03355,-0.1821875,-0.0988625
150564486179398,143.278385,-0.001925,-0.1651375,-0.1489125
150564496180403,143.288386,-0.029975,-0.0930875,-0.1049125
150564506181557,143.298388,-0.0336875,0.009625,0.0306625
150564516182557,143.308389,-0.0202125,0.092675,0.1871375
150564526183711,143.318390,0.0066,0.1304875,0.304425
150564536184706,143.328391,0.0237875,0.109725,0.3372875
150564546185926,143.338392,0.03355,0.0254375,0.260425
150564556187080,143.348393,0.037125,-0.100375,0.0979
150564566188003,143.358394,0.031075,-0.1749,-0.0829125
150564576189243,143.368395,-0.001925,-0.1639,-0.2270125
150564586190257,143.378396,-0.0484,-0.0515625,-0.252725
150564596191413,143.388397,-0.073975,0.1122,-0.1574375
150564606192397,143.398398,-0.056925,0.27719998,-0.0218625
150564616193553,143.408400,-0.0056375,0.38953748,0.078375
150564626194549,143.418401,0.05555,0.41525,0.0771375
150564636195698,143.428402,0.092125,0.32725,-0.0144375
150564646196710,143.438403,0.09955,0.1720125,-0.1549625
150564656197865,143.448404,0.0798875,0.0499125,-0.257675
150564666198841,143.458405,0.03355,0.0022,-0.252725
150564676200070,143.468406,-0.0067375,0.0218625,-0.1293875
150564686201210,143.478407,-0.007975,0.08415,0.034375
150564696202205,143.488408,0.031075,0.1684375,0.1516625
150564706203359,143.498409,0.07755,0.2380125,0.1969
150564716204349,143.508410,0.0983125,0.2563,0.2079
150564726205515,143.518412,0.0873125,0.22825,0.2066625
150564736206520,143.528413,0.0628375,0.1782,0.2102375
150564746207703,143.538414,0.0273625,0.12925,0.2396625
150564756208688,143.548415,0.0053625,0.09515,0.2677125
150564766209828,143.558416,-0.0044,0.0902,0.2481875
150564776210823,143.568417,0.0017875,0.0963875,0.150425
150564786211989,143.578418,0.0188375,0.120725,-0.015675
150564796212991,143.588419,0.026124999,0.114675,-0.2184875
150564806214140,143.598420,0.0286,0.0853875,-0.3980625
150564816215364,143.608421,0.015125,0.0743875,-0.48235
150564826216270,143.618422,-0.0056375,0.1012,-0.467775
150564836217488,143.628423,-0.0264,0.17325,-0.3565375
150564846218502,143.638425,-0.0177375,0.258775,-0.186725
150564856219671,143.648426,0.014025,0.32725,-0.0011
150564866220663,143.658427,0.0433125,0.3284875,0.150425
150564876221803,143.668428,0.0543125,0.27101249,0.22247499
150564886222817,143.678429,0.048125,0.181775,0.205425
150564896223976,143.688430,0.026124999,0.0902,0.1296625
150564906224976,143.698431,-0.0056375,0.054725,0.0551375
150564916226116,143.708432,-0.0374,0.065725,0.02585
150564926227087,143.718433,-0.054449998,0.113437496,0.036849998
150564936228316,143.728434,-0.051975,0.18425,0.0611875
150564946229483,143.738435,-0.0446875,0.241725,0.1247125
150564956230411,143.748436,-0.0507375,0.2662,0.227425
150564966231618,143.758438,-0.073975,0.2685375,0.3447125
150564976232618,143.768439,-0.104499996,0.241725,0.4277625
150564986233793,143.778440,-0.1252625,0.1684375,0.4302375
150564996234798,143.788441,-0.1362625,0.0682,0.3422375
150565006236032,143.798442,-0.135025,-0.0198,0.172425
150565016236980,143.808443,-0.117975,-0.078375,-0.0438625
150565026238196,143.818444,-0.0947375,-0.1346125,-0.2905375
150565036239126,143.828445,-0.032449998,-0.15785,-0.5350125
150565046240290,143.838446,0.0127875,-0.1346125,-0.69135
150565056241533,143.848448,0.0323125,-0.083325,-0.704825
150565066242456,143.858448,0.0396,0.0169125,-0.589875
150565076243687,143.868450,0.0383625,0.120725,-0.3614875
150565086244682,143.878451,0.0457875,0.1709125,-0.0523875
150565096245835,143.888452,0.0677875,0.1489125,0.2409
150565106246849,143.898453,0.097075,0.0559625,0.415525
150565116248003,143.908454,0.1093125,-0.039325,0.4717625
150565126249020,143.918455,0.106837496,-0.111375,0.4582875
150565136250174,143.928456,0.0983125,-0.150425,0.40205
150565146251159,143.938457,0.0836,-0.1516625,0.3337125
150565156252323,143.948458,0.0848375,-0.15785,0.2506625
150565166253304,143.958459,0.1043625,-0.15895,0.13213749
150565176254458,143.968460,0.1348875,-0.1516625,-0.0462
150565186255687,143.978462,0.1398375,-0.13213749,-0.2369125
150565196256687,143.988463,0.106837496,-0.072325,-0.3504875
150565206257826,143.998464,0.0506,0.015675,-0.3223
150565216258850,144.008465,0.0042625,0.103675,-0.2039125
150565226259999,144.018466,-0.014162499,0.164725,-0.092675
150565236261001,144.028467,0.01155,0.1329625,-0.0658625
150565246262162,144.038468,0.064075,-0.0441375,-0.16115
150565256263160,144.048469,0.1153625,-0.288475,-0.3810125
150565266264311,144.058470,0.11165,-0.393525,-0.5996375
150565276265301,144.068471,0.0506,-0.3727625,-0.6534
150565286266457,144.078472,-0.0056375,-0.2371875,-0.511775
150565296267443,144.088473,-0.0202125,-0.028324999,-0.27101249
150565306268597,144.098475,0.0176,0.19167499,0.012375
150565316269597,144.108476,0.0688875,0.3394875,0.275
150565326270736,144.118477,0.095837496,0.3553,0.429
150565336271984,144.128478,0.11055,0.263725,0.4302375
150565346272984,144.138479,0.119075,0.103675,0.308
150565356274153,144.148480,0.092125,-0.128425,0.1016125
150565366275155,144.158481,0.0543125,-0.2897125,-0.125675
150565376276063,144.168482,5.5E-4,-0.3337125,-0.3064875
150565386277227,144.178483,-0.0312125,-0.260425,-0.4213
150565396278446,144.188484,-0.0275,-0.1211375,-0.4945875
150565406279434,144.198485,-0.0067375,0.0119624995,-0.5313
150565416280585,144.208487,0.009075,0.10725,-0.51535
150565426281806,144.218488,-0.001925,0.147675,-0.440825
150565436282806,144.228489,-0.018975,0.1304875,-0.335775
150565446283731,144.238490,-0.0374,0.0523875,-0.2332
150565456284975,144.248491,-0.040975,-0.056375,-0.1733875
150565466285904,144.258492,-0.0275,-0.15785,-0.1623875
150565476287133,144.268493,-0.0056375,-0.22495,-0.197725
150565486288282,144.278494,0.02255,-0.221375,-0.246675
150565496289282,144.288495,0.0506,-0.150425,-0.279675
150565506290436,144.298496,0.0738375,-0.0551375,-0.2539625
150565516291432,144.308497,0.0873125,0.0474375,-0.158675
150565526292571,144.318499,0.0946,0.18425,0.02585
150565536293557,144.328500,0.081125,0.30153748,0.2762375
150565546294713,144.338501,0.053075,0.37125,0.539
150565556295711,144.348502,0.02255,0.41525,0.757625
150565566296866,144.358503,-6.875E-4,0.445775,0.89196247
150565576297862,144.368504,-0.0031625,0.445775,0.90915
150565586299085,144.378505,0.0127875,0.351725,0.7429125
150565596300024,144.388506,0.053075,0.180675,0.3837625
150565606301258,144.398507,0.07755,-0.013612499,-0.0254375
150565616302183,144.408508,0.0946,-0.1296625,-0.324775
150565626303332,144.418509,0.059125,-0.15785,-0.429825
150565636304561,144.428511,0.0273625,-0.1236125,-0.384725
150565646305559,144.438512,0.026124999,-0.0539,-0.32725
150565656306706,144.448513,0.037125,0.053625,-0.2784375
150565666307720,144.458514,0.031075,0.1232,-0.19525
150565676308874,144.468515,0.0213125,0.0853875,-0.120725
150565686309871,144.478516,0.0188375,-0.00385,-0.1122
150565696311011,144.488517,0.025024999,-0.09185,-0.1329625
150565706312030,144.498518,0.0213125,-0.1126125,-0.1073875
150565716313272,144.508519,0.0017875,-0.0856625,-0.015675
150565726314426,144.518520,-0.02145,-0.0050875,0.1431375
150565736315349,144.528521,-0.034925,0.120725,0.332475
150565746316361,144.538522,-0.029975,0.22453749,0.464475
150565756317585,144.548524,-0.007975,0.263725,0.473
150565766318510,144.558525,0.0066,0.25025,0.4057625
150565776319739,144.568526,-0.001925,0.18425,0.321475
150565786320878,144.578527,-0.0226875,0.0999625,0.2506625
150565796321874,144.588528,-0.051975,0.0413875,0.189475
150565806323023,144.598529,-0.073975,0.05115,0.166375
150565816324023,144.608530,-0.082499996,0.1159125,0.1736625
150565826325186,144.618531,-0.0812625,0.2099625,0.19813749
150565836326203,144.628532,-0.0702625,0.2795375,0.2237125
150565846327357,144.638533,-0.045925,0.3003,0.2041875
150565856328362,144.648534,-0.012925,0.27101249,0.100375
150565866329530,144.658536,0.014025,0.2014375,-0.064625
150565876330530,144.668537,0.01155,0.06215,-0.2674375
150565886331678,144.678538,-0.032449998,-0.072325,-0.4250125
150565896332922,144.688539,-0.084975,-0.100375,-0.4580125
150565906333922,144.698540,-0.128975,-0.0319,-0.335775
150565916335076,144.708541,-0.14245,0.0939125,-0.08415
150565926336094,144.718542,-0.100925,0.2344375,0.18095
150565936337250,144.728543,-0.0154,0.3174875,0.35694999
150565946338258,144.738544,0.064075,0.2734875,0.376475
150565956339399,144.748545,0.10065,0.125675,0.297
150565966340416,144.758546,0.0688875,-0.036849998,0.2079
150565976341587,144.768548,-0.0116875,-0.10285,0.166375
150565986342575,144.778549,-0.0911625,-0.08085,0.14795
150565996343726,144.788550,-0.1155,-0.013612499,0.089375
150566006344698,144.798551,-0.0812625,0.0339625,-0.064625
150566016345852,144.808552,-0.023924999,-0.0088,-0.29425
150566026346852,144.818553,-0.0067375,-0.0429,-0.4885375
150566036348066,144.828554,-0.0507375,0.00715,-0.5533
150566046349210,144.838555,-0.113025,0.0754875,-0.495825
150566056350210,144.848556,-0.150975,0.131725,-0.38225
150566066351373,144.858557,-0.1337875,0.147675,-0.329725
150566076352375,144.868558,-0.0935,0.1329625,-0.32725
150566086353529,144.878560,-0.06545,0.020624999,-0.3700125
150566096354515,144.888561,-0.067925,-0.0405625,-0.3700125
150566106355669,144.898562,-0.1106875,-0.0198,-0.2319625
150566116356667,144.908563,-0.168025,0.0792,0.0099
150566126357811,144.918564,-0.1852125,0.1489125,0.16995
150566136358828,144.928565,-0.1472625,0.1329625,0.14795
150566146359962,144.938566,-0.089925,0.043725,-0.031625
150566156361187,144.948567,-0.040975,-0.122375,-0.2844875
150566166362138,144.958568,-0.0385,-0.277475,-0.49101248
150566176363140,144.968569,-0.0947375,-0.3031875,-0.5141125
150566186364384,144.978570,-0.179025,-0.17985,-0.3235375
150566196365541,144.988572,-0.2462625,0.032725,-0.026675
150566206366541,144.998573,-0.26455,0.2014375,0.24447499
150566216367711,145.008574,-0.2132625,0.2429625,0.3642375
150566226368707,145.018575,-0.1155,0.175725,0.27995
150566236369658,145.028576,-0.0385,-0.006325,0.067375
150566246370863,145.038577,-0.0166375,-0.1859,-0.1414875
150566256372008,145.048578,-0.0752125,-0.23595,-0.20625
150566266373001,145.058579,-0.1667875,-0.1566125,-0.081675
150566276374230,145.068580,-0.227975,-0.001375,0.1211375
150566286375139,145.078581,-0.216975,0.131725,0.253
150566296376298,145.088582,-0.1326875,0.18425,0.2371875
150566306377312,145.098583,-0.014162499,0.12925,0.062425
150566316378466,145.108584,0.0726,-0.0600875,-0.224675
150566326379710,145.118586,0.064075,-0.1907125,-0.4445375
150566336380715,145.128587,-0.0287375,-0.19195,-0.4090625
150566346381848,145.138588,-0.157025,-0.0771375,-0.11715
150566356382843,145.148589,-0.238975,0.125675,0.266475
150566366383997,145.158590,-0.22055,0.29425,0.542575
150566376385002,145.168591,-0.122925,0.335775,0.58905
150566386386156,145.178592,-0.02145,0.2294875,0.3997125
150566396387156,145.188593,0.0578875,0.0132,0.073425
150566406388296,145.198594,0.092125,-0.2616625,-0.3125375
150566416389296,145.208595,0.0408375,-0.4522375,-0.6180625
150566426390466,145.218596,-0.0666875,-0.536525,-0.7486875
150566436391461,145.228597,-0.16445,-0.4802875,-0.7341125
150566446392700,145.238599,-0.2242625,-0.29947498,-0.622875
150566456393635,145.248600,-0.223025,-0.058849998,-0.429825
150566466394809,145.258601,-0.1705,0.0963875,-0.2344375
150566476396023,145.268602,-0.102025,0.15619999,-0.125675
150566486397009,145.278603,-0.0727375,0.11715,-0.1049125
150566496398162,145.288604,-0.095975,-0.0026125,-0.0853875
150566506399162,145.298605,-0.157025,-0.172425,-0.0193875
150566516400321,145.308606,-0.223025,-0.3179,0.086899996
150566526401340,145.318607,-0.256025,-0.3752375,0.1882375
150566536402479,145.328608,-0.2327875,-0.352,0.2347125
150566546403467,145.338609,-0.190025,-0.24213749,0.233475
150566556404619,145.348611,-0.1546875,-0.1161875,0.1772375
150566566405855,145.358612,-0.122925,-0.0441375,0.0611875
150566576406859,145.368613,-0.0922625,-0.0418,-0.1109625
150566586407784,145.378614,-0.0727375,-0.117425,-0.3040125
150566596408953,145.388615,-0.0666875,-0.205425,-0.4494875
150566606409953,145.398616,-0.0752125,-0.2652375,-0.50325
150566616411107,145.408617,-0.089925,-0.2946625,-0.4530625
150566626412326,145.418618,-0.0935,-0.2872375,-0.3553
150566636413321,145.428619,-0.0837375,-0.2237125,-0.2332
150566646414503,145.438621,-0.0715,-0.11385,-0.092675
150566656415503,145.448622,-0.0446875,-0.006325,0.0441375
150566666416670,145.458623,0.0053625,0.0339625,0.133375
150566676417675,145.468624,0.0688875,0.0389125,0.183425
150566686418831,145.478625,0.1214125,0.0229625,0.2102375
150566696419831,145.488626,0.147125,0.0083875,0.24447499
150566706420985,145.498627,0.153175,0.0279125,0.30195
150566716421985,145.508628,0.14465,0.0902,0.37895
150566726423219,145.518629,0.1496,0.1720125,0.4252875
150566736424139,145.528630,0.17765,0.203775,0.4057625
150566746425368,145.538631,0.2204125,0.1672,0.3007125
150566756426293,145.548632,0.246125,0.092675,0.1577125
150566766427438,145.558633,0.2204125,0.0303875,0.051425
150566776428662,145.568635,0.1434125,0.00715,0.0576125
150566786429676,145.578636,0.05555,0.054725,0.1651375
150566796430844,145.588637,0.0127875,0.125675,0.27995
150566806431844,145.598638,0.031075,0.1159125,0.297
150566816432983,145.608639,0.0933625,0.0572,0.16995
150566826433983,145.618640,0.15565,-0.045375,-0.0462
150566836435139,145.628641,0.17407499,-0.1406625,-0.2662
150566846436125,145.638642,0.1263625,-0.15895,-0.3834875
150566856437277,145.648643,0.0543125,-0.064899996,-0.313775
150566866438277,145.658644,0.003025,0.081675,-0.1232
150566876439421,145.668645,0.003025,0.2184875,0.0636625
150566886440652,145.678647,0.0518375,0.2734875,0.183425
150566896441666,145.688648,0.1276,0.2160125,0.1601875
150566906442835,145.698649,0.17407499,0.053625,0.0075625
150566916443849,145.708650,0.1678875,-0.1271875,-0.1854875
150566926445003,145.718651,0.1093125,-0.21395,-0.2930125
150566936445984,145.728652,0.0273625,-0.2189,-0.280775
150566946447147,145.738653,-0.0446875,-0.106425,-0.1524875
150566956448147,145.748654,-0.0605,0.0743875,0.006325
150566966449287,145.758655,-0.040975,0.2014375,0.166375
150566976450272,145.768656,0.009075,0.2563,0.264
150566986451427,145.778657,0.0578875,0.2344375,0.2347125
150566996452427,145.788658,0.0628375,0.1049125,0.1016125
150567006453584,145.798660,0.020075,-0.08085,-0.0413875
150567016454586,145.808661,-0.0507375,-0.25795,-0.153725
150567026455735,145.818662,-0.1192125,-0.3581875,-0.2259125
150567036456735,145.828663,-0.1522125,-0.34347498,-0.22825
150567046457884,145.838664,-0.1582625,-0.233475,-0.1819125
150567056459128,145.848665,-0.1485,-0.1016125,-0.0963875
150567066460113,145.858666,-0.1412125,0.004675,-0.0059125
150567076461250,145.868667,-0.1387375,0.103675,0.0576125
150567086462234,145.878668,-0.1607375,0.1329625,0.0941875
150567096463390,145.888669,-0.1887875,0.0743875,0.067375
150567106464402,145.898670,-0.2035,9.625E-4,-0.0108624995
150567116465558,145.908672,-0.2145,-0.09185,-0.0939125
150567126466551,145.918673,-0.212025,-0.1846625,-0.19415
150567136467721,145.928674,-0.1925,-0.2286625,-0.3102
150567146468721,145.938675,-0.16555,-0.23595,-0.390775
150567156469870,145.948676,-0.1412125,-0.2017125,-0.4090625
150567166470870,145.958677,-0.1375,-0.122375,-0.34553748
150567176472094,145.968678,-0.150975,0.0022,-0.19415
150567186473248,145.978679,-0.1595,0.1073875,-0.00715
150567196474248,145.988680,-0.1362625,0.158675,0.1431375
150567206475402,145.998681,-0.0801625,0.125675,0.188375
150567216476392,146.008682,-0.0202125,0.0132,0.144375
150567226477546,146.018684,0.02255,-0.139425,0.0576125
150567236478546,146.028685,0.03355,-0.22013749,0.0050875
150567246479702,146.038686,0.009075,-0.2006125,0.0331375
150567256480707,146.048687,-0.007975,-0.0820875,0.1381875
150567266481922,146.058688,5.5E-4,0.04015,0.249425
150567276483075,146.068689,0.0383625,0.125675,0.3227125
150567286484070,146.078690,0.0787875,0.12815,0.338525
150567296485214,146.088691,0.0983125,0.04015,0.341
150567306486202,146.098692,0.08855,-0.056375,0.3471875
150567316487354,146.108693,0.0408375,-0.1271875,0.338525
150567326488361,146.118694,-0.014162499,-0.15413749,0.3117125
150567336489515,146.128696,-0.0397375,-0.14685,0.2519
150567346490515,146.138697,-0.0275,-0.150425,0.133375
150567356491749,146.148698,0.0103124995,-0.188375,-0.05115
150567366492888,146.158699,0.0433125,-0.2481875,-0.230725
150567376493888,146.168700,0.009075,-0.2481875,-0.2979625
150567386495052,146.178701,-0.0605,-0.194425,-0.224675
150567396496054,146.188702,-0.122925,-0.108899996,-0.0768625
150567406497208,146.198703,-0.1436875,-0.0319,0.06985
150567416498436,146.208704,-0.1252625,0.020624999,0.183425
150567426499445,146.218705,-0.0776875,0.0022,0.2286625
150567436500595,146.228707,-0.034925,-0.089375,0.161425
150567446501609,146.238708,-0.0264,-0.166375,0.051425
150567456502784,146.248709,-0.067925,-0.17613749,-0.009625
150567466503793,146.258710,-0.1375,-0.1271875,0.0356125
150567476504931,146.268711,-0.1962125,-0.050325,0.1271875
150567486506148,146.278712,-0.21573749,0.0339625,0.2079
150567496507148,146.288713,-0.2047375,0.113437496,0.2897125
150567506508302,146.298714,-0.179025,0.158675,0.3752375
150567516509302,146.308715,-0.1705,0.175725,0.4437125
150567526510465,146.318716,-0.1815,0.1684375,0.448525
150567536511695,146.328718,-0.1912625,0.11825,0.3947625
150567546512705,146.338719,-0.1912625,0.053625,0.305525
150567556513859,146.348720,-0.183975,-0.0160875,0.18095
150567566514861,146.358721,-0.168025,-0.084425,0.023375
150567576516019,146.368722,-0.1412125,-0.1309,-0.180675
150567586517022,146.378723,-0.117975,-0.210375,-0.384725
150567596518173,146.388724,-0.082499996,-0.30195,-0.58753747
150567606519159,146.398725,-0.073975,-0.341,-0.7634
150567616520393,146.408726,-0.0922625,-0.297,-0.85745
150567626521533,146.418728,-0.1265,-0.20295,-0.8074
150567636522530,146.428729,-0.1582625,-0.0796125,-0.5545375
150567646523684,146.438730,-0.15345,0.0609125,-0.2149125
150567656524926,146.448731,-0.1032625,0.1219625,0.064899996
150567666525926,146.458732,-0.023924999,0.1122,0.2347125
150567676527080,146.468733,0.05555,0.009625,0.19195
150567686528325,146.478734,0.1128875,-0.150425,0.012375
150567696529325,146.488735,0.12265,-0.24213749,-0.1219625
150567706530465,146.498736,0.0763125,-0.233475,-0.12815
150567716531470,146.508737,0.0163625,-0.155375,-0.0389125
150567726532624,146.518739,-0.001925,-0.01485,0.040425
150567736533855,146.528740,0.025024999,0.098725,0.0356125
150567746534850,146.538741,0.0713625,0.1159125,-0.059675
150567756535999,146.548742,0.11055,0.0328625,-0.224675
150567766536999,146.558743,0.1203125,-0.0966625,-0.40425
150567776538244,146.568744,0.0738375,-0.1821875,-0.5190625
150567786539393,146.578745,-0.0031625,-0.2261875,-0.5165875
150567796540393,146.588746,-0.062975,-0.24447499,-0.401775
150567806541552,146.598748,-0.0752125,-0.243375,-0.2624875
150567816542783,146.608749,-0.0556875,-0.18095,-0.103675
150567826543785,146.618750,-0.0287375,-0.0906125,0.095425
150567836544943,146.628751,-0.0092124995,0.0108624995,0.349525
150567846545943,146.638752,-0.007975,0.10615,0.62205
150567856547083,146.648753,-0.0202125,0.1964875,0.879725
150567866548307,146.658754,-0.0336875,0.2380125,1.0520124
150567876549302,146.668755,-0.0251625,0.25753748,1.0922999
150567886550537,146.678757,0.015125,0.241725,0.994675
150567896551691,146.688758,0.0836,0.186725,0.7258625
150567906552686,146.698759,0.14465,0.098725,0.341
150567916553917,146.708760,0.202125,-0.0625625,-0.1232
150567926555071,146.718761,0.21065,-0.16885,-0.47753748
150567936556071,146.728762,0.1728375,-0.172425,-0.6375875
150567946557227,146.738763,0.1348875,-0.1076625,-0.65835
150567956558456,146.748764,0.0873125,-0.039325,-0.566775
150567966559456,146.758765,0.0653125,0.037675,-0.36025
150567976560610,146.768767,0.0713625,0.1012,-0.13915
150567986561840,146.778768,0.114125,0.10725,-0.0341
150567996562854,146.788769,0.164175,0.05115,-0.070675
150568006564017,146.798770,0.1874125,-0.0441375,-0.1782
150568016565017,146.808771,0.1788875,-0.0686125,-0.23815
150568026566248,146.818772,0.1483625,-0.034375,-0.180675
150568036567395,146.828773,0.1238875,0.0779625,-0.0279125
150568046568400,146.838774,0.1093125,0.2074875,0.1271875
150568056569554,146.848776,0.1313125,0.3333,0.227425
150568066570778,146.858777,0.1678875,0.3845875,0.25547498
150568076571793,146.868778,0.197175,0.3625875,0.2261875
150568086572951,146.878779,0.1923625,0.27101249,0.189475
150568096574182,146.888780,0.158125,0.1672,0.1797125
150568106575197,146.898781,0.081125,0.0669625,0.20899999
150568116576430,146.908782,0.003025,-0.0100375,0.253
150568126577582,146.918784,-0.0581625,-0.0319,0.2811875
150568136578811,146.928785,-0.0886875,-0.017324999,0.2737625
150568146579811,146.938786,-0.095975,0.0303875,0.2127125
150568156580960,146.948787,-0.095975,0.0792,0.1161875
150568166582190,146.958788,-0.0972125,0.114675,0.0209
150568176583178,146.968789,-0.0947375,0.11715,-0.07315
150568186584327,146.978790,-0.0935,0.0829125,-0.1452
150568196585327,146.988791,-0.0935,0.0169125,-0.1989625
150568206586556,146.998793,-0.0911625,-0.0661375,-0.2699125
150568216587710,147.008794,-0.078925,-0.116325,-0.362725
150568226588711,147.018795,-0.0617375,-0.1370875,-0.428725
150568236589940,147.028796,-0.040975,-0.13585,-0.4445375
150568246591068,147.038797,-0.0116875,-0.1211375,-0.4310625
150568256592297,147.048798,0.0103124995,-0.0576125,-0.3785375
150568266593512,147.058800,0.020075,0.0193875,-0.27719998
150568276594498,147.068800,0.0347875,0.102437496,-0.1439625
150568286595654,147.078802,0.04455,0.181775,0.0026125
150568296596673,147.088803,0.053075,0.2355375,0.1662375
150568306597902,147.098804,0.07865,0.24419999,0.29947498
150568316599058,147.108805,0.103125,0.22453749,0.341
150568326600063,147.118806,0.1276,0.1830125,0.3031875
150568336601287,147.128807,0.1398375,0.1329625,0.2286625
150568346602457,147.138808,0.1166,0.048675,0.150425
150568356603463,147.148809,0.059125,-0.0088,0.117425
150568366604696,147.158811,0.0017875,-0.0429,0.1076625
150568376605865,147.168812,-0.0276375,-0.058849998,0.1016125
150568386607094,147.178813,-0.040975,-0.078375,0.09295
150568396608092,147.188814,-0.0422125,-0.106425,0.0686125
150568406609321,147.198815,-0.040975,-0.15413749,0.0429
150568416610477,147.208816,-0.06545,-0.2066625,0.0270875
150568426611692,147.218818,-0.0996875,-0.238425,0.018424999
150568436612692,147.228819,-0.1302125,-0.2677125,0.01485
150568446613845,147.238820,-0.146025,-0.3276625,0.0171875
150568456615066,147.248821,-0.157025,-0.3667125,-0.003575
150568466616052,147.258822,-0.168025,-0.37895,-0.0438625
150568476617278,147.268823,-0.18645,-0.365475,-0.0658625
150568486618419,147.278824,-0.2022625,-0.30195,-0.0451
150568496619405,147.288825,-0.2132625,-0.2226125,0.056375
150568506620634,147.298827,-0.20845,-0.1639,0.1882375
150568516621807,147.308828,-0.18645,-0.116325,0.3177625
150568526623018,147.318829,-0.1582625,-0.116325,0.4167625
150568536624018,147.328830,-0.1302125,-0.1566125,0.4522375
150568546625239,147.338831,-0.1142625,-0.17985,0.4632375
150568556626393,147.348832,-0.1106875,-0.1846625,0.473
150568566627400,147.358833,-0.1082125,-0.12485,0.4753375
150568576628634,147.368835,-0.1131625,-0.0405625,0.4778125
150568586629788,147.378836,-0.1032625,0.0339625,0.476575
150568596631033,147.388837,-0.0752125,0.0829125,0.4387625
150568606632047,147.398838,-0.0471625,0.1524875,0.382525
150568616633277,147.408839,-0.0287375,0.20253749,0.3177625
150568626634424,147.418840,-0.018975,0.2355375,0.2396625
150568636635653,147.428842,-0.0166375,0.252725,0.1797125
150568646636658,147.438843,-0.012925,0.2514875,0.139425
150568656637889,147.448844,-0.018975,0.2294875,0.073425
150568666639057,147.458845,-0.0226875,0.19525,0.012375
150568676640073,147.468846,-0.0374,0.158675,-0.0108624995
150568686641302,147.478847,-0.0397375,0.103675,-0.014575
150568696642455,147.488848,-0.0386375,0.0669625,-0.031625
150568706643686,147.498850,-0.0397375,0.0523875,-0.0463375
150568716644691,147.508851,-0.051975,0.0449625,-0.020624999
150568726645922,147.518852,-0.0617375,0.0682,0.03795
150568736647071,147.528853,-0.078925,0.12925,0.1491875
150568746648302,147.538854,-0.0911625,0.175725,0.24447499
150568756649312,147.548855,-0.0727375,0.19167499,0.2847625
150568766650556,147.558857,-0.056925,0.170775,0.2787125
150568776651709,147.568858,-0.054449998,0.0999625,0.24447499
150568786652698,147.578859,-0.07645,0.037675,0.2102375
150568796653932,147.588860,-0.124025,0.0254375,0.22247499
150568806655086,147.598861,-0.172975,0.0364375,0.238425
150568816656302,147.608862,-0.1925,0.0682,0.2102375
150568826657302,147.618863,-0.1852125,0.0719125,0.1419
150568836658533,147.628865,-0.16445,0.0119624995,0.045375
150568846659687,147.638866,-0.1632125,-0.061325,-0.05115
150568856660674,147.648867,-0.2072125,-0.0930875,-0.125675
150568866661907,147.658868,-0.2547875,-0.056375,-0.1439625
150568876663123,147.668869,-0.27307498,-1.375E-4,-0.12815
150568886664274,147.678870,-0.2597375,0.0119624995,-0.0902
150568896665508,147.688872,-0.2365,0.0229625,-0.0499125
150568906666508,147.698873,-0.205975,-1.375E-4,-0.0193875
150568916667662,147.708874,-0.1887875,-0.0466125,-0.00715
150568926668894,147.718875,-0.1852125,-0.0636625,-0.02915
150568936669899,147.728876,-0.19745,-0.0625625,-0.025575
150568946671122,147.738877,-0.20955,-0.0881375,-0.0083875
150568956672278,147.748878,-0.2145,-0.1101375,-0.0133375
150568966673488,147.758879,-0.2145,-0.1309,-0.04015
150568976674734,147.768881,-0.2047375,-0.1601875,-0.0683375
150568986675762,147.778882,-0.1997875,-0.1651375,-0.0719125
150568996676904,147.788883,-0.1876875,-0.12485,-0.059675
150569006678132,147.798884,-0.1582625,-0.1040875,-0.0279125
150569016679363,147.808885,-0.1362625,-0.0796125,0.0441375
150569026680379,147.818886,-0.1252625,-0.045375,0.128425
150569036681538,147.828888,-0.117975,-0.0221375,0.216425
150569046682782,147.838889,-0.1131625,0.00715,0.2737625
150569056683793,147.848890,-0.104499996,0.0254375,0.277475
150569066685022,147.858891,-0.0947375,0.015675,0.2212375
150569076686171,147.868892,-0.0837375,-0.0308,0.10395
150569086687388,147.878893,-0.089925,-0.0820875,-0.0169125
150569096688383,147.888894,-0.12045,-0.1126125,-0.086625
150569106689614,147.898896,-0.1472625,-0.1076625,-0.092675
150569116690835,147.908897,-0.155925,-0.0466125,-0.0303875
150569126691775,147.918898,-0.1326875,0.020624999,0.0697125
150569136693006,147.928899,-0.0922625,0.0792,0.1711875
150569146694235,147.938900,-0.051975,0.0902,0.2322375
150569156695362,147.948901,-0.02145,0.02915,0.2286625
150569166696600,147.958903,-0.0116875,-0.0636625,0.1626625
150569176697602,147.968904,-0.018975,-0.1529,0.0697125
150569186698831,147.978905,-0.0287375,-0.2151875,-0.026675
150569196699994,147.988906,-0.034925,-0.2409,-0.1232
150569206701211,147.998907,-0.0312125,-0.21395,-0.2209625
150569216702206,148.008908,-0.0166375,-0.14685,-0.2759625
150569226703362,148.018909,-0.006875,-0.0441375,-0.2564375
150569236704586,148.028911,-0.0056375,0.0523875,-0.1733875
150569246705816,148.038912,-0.0044,0.113437496,-0.0463375
150569256706832,148.048913,0.0127875,0.1464375,0.101475
150569266708052,148.058914,0.0358875,0.1122,0.2127125
150569276709206,148.068915,0.0543125,0.01815,0.2297625
150569286710441,148.078916,0.064075,-0.0636625,0.1797125
150569296711443,148.088917,0.0653125,-0.1186625,0.0991375
150569306712687,148.098919,0.0616,-0.150425,0.0026125
150569316713841,148.108920,0.059125,-0.1406625,-0.0719125
150569326715071,148.118921,0.056649998,-0.0906125,-0.1428625
150569336716076,148.128922,0.0493625,-0.0246125,-0.1709125
150569346717307,148.138923,0.026124999,0.0254375,-0.136675
150569356718456,148.148924,0.0103124995,0.06215,-0.053625
150569366719458,148.158925,0.0103124995,0.0279125,-0.0023375
150569376720689,148.168927,0.0138875,-0.0111375,-0.0048125
150569386721918,148.178928,5.5E-4,-0.0771375,-0.05115
150569396723073,148.188929,-0.032449998,-0.139425,-0.0719125
150569406724297,148.198930,-0.067925,-0.1370875,-0.09515
150569416725297,148.208931,-0.084975,-0.1101375,-0.1379125
150569426726453,148.218932,-0.084975,-0.0636625,-0.1599125
150569436727696,148.228934,-0.0837375,-0.0246125,-0.163625
150569446728922,148.238935,-0.0814,-0.0026125,-0.1342
150569456729915,148.248936,-0.067925,-0.02585,-0.1111
150569466731129,148.258937,-0.06545,-0.023375,-0.103675
150569476732284,148.268938,-0.0556875,-0.047849998,-0.1342
150569486733513,148.278940,-0.0264,-0.1199,-0.197725
150569496734508,148.288941,0.0053625,-0.19085,-0.312675
150569506735739,148.298942,0.0213125,-0.243375,-0.4079625
150569516736895,148.308943,0.0078375,-0.243375,-0.3982
150569526738129,148.318944,-0.01045,-0.15413749,-0.28325
150569536739350,148.328945,-0.017875,-0.0528,-0.124437496
150569546740351,148.338946,-0.0044,0.0413875,0.023375
150569556741506,148.348948,0.0103124995,0.09515,0.1601875
150569566742719,148.358949,0.02255,0.07315,0.260425
150569576743950,148.368950,0.0163625,-0.0088,0.341
150569586744950,148.378951,-0.007975,-0.089375,0.4057625
150569596746106,148.388952,-0.0312125,-0.1236125,0.44605
150569606747335,148.398953,-0.045925,-0.1260875,0.44605
150569616748565,148.408955,-0.0496375,-0.1211375,0.3898125
150569626749574,148.418956,-0.0361625,-0.117425,0.288475
150569636750805,148.428957,-0.0044,-0.116325,0.1491875
150569646751969,148.438958,0.0286,-0.127325,1.375E-4
150569656753186,148.448959,0.04455,-0.1711875,-0.1428625
150569666754190,148.458960,0.037125,-0.2006125,-0.230725
150569676755421,148.468961,0.003025,-0.2347125,-0.268675
150569686756575,148.478963,-0.0276375,-0.2701875,-0.285725
150569696757815,148.488964,-0.0556875,-0.25547498,-0.27225
150569706758815,148.498965,-0.0691625,-0.2409,-0.230725
150569716759956,148.508966,-0.062975,-0.24447499,-0.163625
150569726761187,148.518967,-0.0386375,-0.2286625,-0.1183875
150569736762446,148.528968,-0.0154,-0.194425,-0.0829125
150569746763446,148.538969,-0.01045,-0.1639,-0.0463375
150569756764696,148.548971,-0.0312125,-0.11385,0.0356125
150569766765847,148.558972,-0.0556875,-0.0576125,0.1186625
150569776767075,148.568973,-0.0605,-0.0100375,0.1491875
150569786768080,148.578974,-0.0605,0.0254375,0.1309
150569796769326,148.588975,-0.0532125,0.01815,0.0831875
150569806770470,148.598976,-0.0484,-0.02585,0.0196625
150569816771701,148.608978,-0.045925,-0.0661375,-0.026675
150569826772717,148.618979,-0.0484,-0.061325,-0.0463375
150569836773947,148.628980,-0.0496375,-0.036849998,-0.0573375
150569846775120,148.638981,-0.0471625,-0.013612499,-0.0463375
150569856776122,148.648982,-0.0386375,-0.0198,-0.0303875
150569866777581,148.658984,-0.0336875,-0.0429,-0.020624999
150569876778571,148.668985,-0.043449998,-0.0429,0.0160875
150569886779727,148.678986,-0.0484,-0.0551375,0.0391875
150569896780971,148.688987,-0.0484,-0.0661375,0.0281875
150569906781971,148.698988,-0.0361625,-0.0771375,-0.0133375
150569916783188,148.708989,-0.0336875,-0.105325,-0.0804375
150569926784311,148.718990,-0.0422125,-0.111375,-0.1318625
150569936785547,148.728992,-0.0556875,-0.09185,-0.15015
150569946786558,148.738993,-0.0422125,-0.064899996,-0.175725
150569956787782,148.748994,-0.0031625,-0.064899996,-0.208725
150569966788995,148.758995,0.0323125,-0.086899996,-0.2074875
150569976790158,148.768996,0.059125,-0.117425,-0.185625
150569986791389,148.778997,0.0616,-0.1236125,-0.125675
150569996792394,148.788998,0.0543125,-0.0930875,-0.025575
150570006793544,148.799000,0.0518375,-0.0710875,0.064899996
150570016794763,148.809001,0.0457875,-0.0441375,0.111375
150570026795975,148.819002,0.037125,-0.0551375,0.111375
150570036796975,148.829003,0.020075,-0.09185,0.036849998
150570046798206,148.839004,-6.875E-4,-0.0991375,-0.0463375
150570056799360,148.849005,-0.0166375,-0.0906125,-0.0499125
150570066800374,148.859006,-0.0177375,-0.0625625,0.0061875
150570076801600,148.869008,-0.018975,-0.01485,0.0966625
150570086802825,148.879009,-0.0226875,0.0059125,0.1969
150570096803979,148.889010,-0.0287375,0.0108624995,0.288475
150570106805195,148.899011,-0.0361625,-0.0050875,0.3422375
150570116806417,148.909012,-0.02145,-0.064899996,0.3507625
150570126807421,148.919013,-0.0031625,-0.1381875,0.29095
150570136808568,148.929015,0.009075,-0.1931875,0.187
150570146809568,148.939016,-0.0031625,-0.22495,0.0466125
150570156810797,148.949017,-0.0361625,-0.210375,-0.0804375
150570166812022,148.959018,-0.0715,-0.1601875,-0.1623875
150570176813195,148.969019,-0.089925,-0.127325,-0.2014375
150570186814436,148.979020,-0.0922625,-0.100375,-0.197725
150570196815452,148.989021,-0.0886875,-0.047849998,-0.1659625
150570206816681,148.999023,-0.095975,-0.013612499,-0.0988625
150570216817835,149.009024,-0.1142625,0.0193875,-0.015675
150570226819060,149.019025,-0.117975,0.004675,0.034375
150570236820031,149.029026,-0.095975,-0.0600875,0.01485
150570246821267,149.039027,-0.0727375,-0.1381875,-0.0609125
150570256822429,149.049028,-0.0704,-0.19085,-0.1489125
150570266823677,149.059030,-0.0886875,-0.172425,-0.2099625
150570276824689,149.069031,-0.1082125,-0.094325,-0.19167499
150570286825918,149.079032,-0.104499996,9.625E-4,-0.1159125
150570296827088,149.089033,-0.0715,0.0462,-0.05115
150570306828316,149.099034,-0.0276375,0.0303875,-0.0121
150570316829318,149.109035,-0.006875,-0.0221375,-0.0011
150570326830532,149.119037,-0.0264,-0.128425,0.0061875
150570336831693,149.129038,-0.0715,-0.1969,0.034375
150570346832903,149.139039,-0.1142625,-0.22495,0.0281875
150570356833903,149.149040,-0.1362625,-0.2311375,0.001375
150570366835129,149.159041,-0.12773749,-0.2531375,-0.10615
150570376836359,149.169042,-0.1032625,-0.2677125,-0.279675
150570386837513,149.179044,-0.10945,-0.26895,-0.38225
150570396838744,149.189045,-0.150975,-0.2371875,-0.3542
150570406839763,149.199046,-0.20845,-0.15785,-0.202675
150570416840927,149.209047,-0.2327875,-0.058849998,0.0061875
150570426842158,149.219048,-0.2047375,0.00715,0.2212375
150570436843145,149.229049,-0.1546875,0.009625,0.3287625
150570446844369,149.239050,-0.0947375,-0.0551375,0.30195
150570456845604,149.249052,-0.0642125,-0.21395,0.194425
150570466846740,149.259053,-0.0471625,-0.365475,0.067375
150570476847745,149.269054,-0.0704,-0.4277625,0.012375
150570486848984,149.279055,-0.128975,-0.3557125,0.0991375
150570496850215,149.289056,-0.1887875,-0.1846625,0.2481875
150570506851354,149.299057,-0.20845,0.0144375,0.3812875
150570516852604,149.309059,-0.1815,0.1439625,0.432575
150570526853606,149.319060,-0.1106875,0.153725,0.349525
150570536854759,149.329061,-0.0312125,0.048675,0.1601875
150570546856008,149.339062,-6.875E-4,-0.1126125,-0.0683375
150570556857008,149.349063,-0.0166375,-0.260425,-0.257675
150570566858239,149.359064,-0.07645,-0.3471875,-0.362725
150570576859441,149.369065,-0.146025,-0.359425,-0.3982
150570586860599,149.379067,-0.1815,-0.2701875,-0.3920125
150570596861845,149.389068,-0.183975,-0.1346125,-0.38225
150570606862860,149.399069,-0.139975,-0.0209,-0.3834875
150570616864076,149.409070,-0.0911625,0.048675,-0.4189625
150570626865225,149.419071,-0.043449998,0.026675,-0.4945875
150570636866227,149.429072,-0.02145,-0.0246125,-0.5740625
150570646867706,149.439074,-0.0312125,-0.086899996,-0.627825
150570656868619,149.449075,-0.0776875,-0.106425,-0.5960625
150570666869855,149.459076,-0.1326875,-0.11385,-0.4763
150570676871109,149.469077,-0.172975,-0.0759,-0.313775
150570686872124,149.479078,-0.161975,0.0022,-0.13915
150570696873339,149.489079,-0.1265,0.0719125,-0.0023375
150570706874493,149.499080,-0.07645,0.0572,0.0306625
150570716875710,149.509082,-0.0446875,0.0389125,-0.0218625
150570726876698,149.519083,-0.0507375,-0.0319,-0.1183875
150570736877852,149.529084,-0.0801625,-0.06985,-0.2344375
150570746879094,149.539085,-0.1216875,-0.100375,-0.3664375
150570756880096,149.549086,-0.1582625,-0.1150875,-0.462825
150570766881309,149.559087,-0.17545,-0.1040875,-0.5300625
150570776882462,149.569088,-0.17545,-0.0466125,-0.5655375
150570786883705,149.579090,-0.1777875,0.021724999,-0.5605875
150570796884951,149.589091,-0.17173749,0.0719125,-0.5165875
150570806885941,149.599092,-0.1656875,0.091437496,-0.439725
150570816887158,149.609093,-0.1777875,0.1219625,-0.3345375
150570826888312,149.619094,-0.194975,0.120725,-0.23567499
150570836889314,149.629095,-0.20845,0.1109625,-0.1623875
150570846890532,149.639097,-0.21573749,0.0499125,-0.1208625
150570856891688,149.649098,-0.2047375,0.0034375,-0.1232
150570866892903,149.659099,-0.1876875,-0.039325,-0.1769625
150570876894124,149.669100,-0.1742125,-0.06985,-0.241725
150570886895124,149.679101,-0.16445,-0.0930875,-0.3224375
150570896896290,149.689102,-0.157025,-0.106425,-0.4213
150570906897519,149.699104,-0.1667875,-0.128425,-0.5410625
150570916898523,149.709105,-0.194975,-0.108899996,-0.62535
150570926899739,149.719106,-0.23773749,-0.0600875,-0.6510625
150570936900970,149.729107,-0.2792625,0.0059125,-0.6083
150570946902104,149.739108,-0.284075,0.0743875,-0.539825
150570956903335,149.749109,-0.28655,0.1049125,-0.417725
150570966904351,149.759110,-0.2767875,0.114675,-0.252725
150570976905520,149.769112,-0.2572625,0.0902,-0.0988625
150570986906734,149.779113,-0.234025,0.054725,0.013612499
150570996907722,149.789114,-0.2072125,0.0364375,0.1076625
150571006908952,149.799115,-0.183975,-0.0111375,0.1529
150571016910104,149.809116,-0.14245,-0.0466125,0.1199
150571026911321,149.819117,-0.0947375,-0.072325,0.023375
150571036912552,149.829119,-0.0484,-0.117425,-0.07315
150571046913570,149.839120,-0.0154,-0.14685,-0.158675
150571056914724,149.849121,-0.0116875,-0.166375,-0.2234375
150571066915955,149.859122,-0.02145,-0.1626625,-0.2429625
150571076916957,149.869123,-0.045925,-0.16885,-0.246675
150571086918200,149.879124,-0.06545,-0.155375,-0.246675
150571096919346,149.889125,-0.0691625,-0.1419,-0.2564375
150571106920591,149.899127,-0.082499996,-0.1236125,-0.279675
150571116921596,149.909128,-0.095975,-0.1101375,-0.301675
150571126922836,149.919129,-0.117975,-0.105325,-0.2699125
150571136923975,149.929130,-0.1387375,-0.0856625,-0.2112
150571146925220,149.939131,-0.1522125,-0.0198,-0.1733875
150571156926235,149.949132,-0.1607375,0.042625,-0.1329625
150571166927479,149.959133,-0.1582625,0.08415,-0.10615
150571176928635,149.969135,-0.1412125,0.1232,-0.158675
150571186929879,149.979136,-0.139975,0.1524875,-0.2184875
150571196930879,149.989137,-0.15345,0.1769625,-0.274725
150571206932124,149.999138,-0.1632125,0.22453749,-0.368775
150571216933292,150.009139,-0.1777875,0.3040125,-0.5080625
150571226934508,150.019141,-0.2072125,0.3735875,-0.6754
150571236935508,150.029142,-0.2512125,0.45787498,-0.84645
150571246936678,150.039143,-0.311025,0.5715875,-0.9614
150571256937908,150.049144,-0.36107498,0.6546375,-0.9637375
150571266938888,150.059145,-0.388025,0.644875,-0.8001125
150571276940124,150.069146,-0.4233625,0.4530625,-0.4800125
150571286941355,150.079147,-0.44907498,0.076725,-0.0231
150571296942504,150.089149,-0.44907498,-0.4131875,0.4533375
150571306943500,150.099150,-0.433125,-0.8151,0.7294375
150571316944728,150.109151,-0.416075,-1.060675,0.7063375
150571326945889,150.119152,-0.4343625,-1.149775,0.462
150571336947090,150.129153,-0.4808375,-1.0264375,0.073425
150571346948092,150.139154,-0.5553625,-0.74909997,-0.23925
150571356949321,150.149155,-0.6249375,-0.41195,-0.27101249
150571366950463,150.159156,-0.6323625,-0.0625625,-0.0389125
150571376951692,150.169158,-0.5663625,0.263725,0.3372875
150571386952708,150.179159,-0.46254998,0.4970625,0.73562497
150571396953857,150.189160,-0.399025,0.66316247,1.1143
150571406955090,150.199161,-0.3977875,0.7206375,1.37335
150571416956073,150.209162,-0.4112625,0.7206375,1.469875
150571426957302,150.219163,-0.4563625,0.6436375,1.4319249
150571436958468,150.229164,-0.5528875,0.440825,1.2535875
150571446959710,150.239166,-0.67141247,0.2209625,1.02025
150571456960941,150.249167,-0.7789375,0.0792,0.801625
150571466961946,150.259168,-0.802175,-0.012375,0.5718625
150571476963106,150.269169,-0.7654625,-0.0771375,0.34705
150571486964320,150.279170,-0.670175,-0.050325,0.0831875
150571496965315,150.289171,-0.5603125,0.0644875,-0.15015
150571506966575,150.299173,-0.4747875,0.236775,-0.2919125
150571516967806,150.309174,-0.4148375,0.3955875,-0.346775
150571526968960,150.319175,-0.366025,0.4395875,-0.3114375
150571536969962,150.329176,-0.31707498,0.3955875,-0.20515
150571546971191,150.339177,-0.2805,0.2844875,-0.0584375
150571556972330,150.349178,-0.2365,0.1940125,0.123475
150571566973546,150.359180,-0.1912625,0.12925,0.34705
150571576974561,150.369181,-0.1412125,0.0939125,0.55962497
150571586975792,150.379182,-0.07645,0.0779625,0.70015
150571596976946,150.389183,-0.01045,0.0609125,0.7368625
150571606977952,150.399184,0.0603625,-0.013612499,0.6769125
150571616979179,150.409185,0.1276,-0.0979,0.5168625
150571626980321,150.419186,0.18259999,-0.1590875,0.308
150571636981556,150.429188,0.158125,-0.2006125,0.14795
150571646982548,150.439189,0.095837496,-0.2041875,0.0306625
150571656983772,150.449190,0.0408375,-0.1969,-0.0658625
150571666985018,150.459191,0.0103124995,-0.2041875,-0.1379125
150571676986158,150.469192,-0.01045,-0.2189,-0.1769625
150571686987160,150.479193,-0.0202125,-0.2531375,-0.164725
150571696988360,150.489194,-0.032449998,-0.2739,-0.0829125
150571706989500,150.499196,-0.045925,-0.26895,0.045375
150571716990730,150.509197,-0.0581625,-0.2286625,0.1626625
150571726991730,150.519198,-0.07645,-0.1859,0.2347125
150571736992989,150.529199,-0.0837375,-0.1381875,0.2567125
150571746994145,150.539200,-0.0666875,-0.13585,0.20047499
150571756995145,150.549201,-0.0374,-0.1431375,0.1101375
150571766996304,150.559202,-0.018975,-0.1711875,0.012375
150571776997617,150.569204,-0.0116875,-0.1406625,-0.0829125
150571786998763,150.579205,-0.0044,-0.166375,-0.163625
150571796999763,150.589206,0.0017875,-0.2311375,-0.24915
150571807000980,150.599207,0.0078375,-0.2641375,-0.35901248
150571817002131,150.609208,0.01155,-0.24447499,-0.42625
150571827003350,150.619209,0.004125,-0.22013749,-0.390775
150571837004355,150.629210,-0.007975,-0.1626625,-0.2869625
150571847005570,150.639212,-0.0251625,-0.0661375,-0.15619999
150571857006726,150.649213,-0.043449998,0.0474375,-0.0023375
150571867007964,150.659214,-0.0556875,0.0853875,0.0759
150571877008978,150.669215,-0.043449998,0.00715,0.0160875
150571887010134,150.679216,-0.0312125,-0.1016125,-0.136675
150571897011349,150.689217,-0.0397375,-0.188375,-0.2674375
150571907012351,150.699218,-0.0727375,-0.2151875,-0.28325
150571917013580,150.709220,-0.100925,-0.139425,-0.2099625
150571927014721,150.719221,-0.0862125,-0.034375,-0.108625
150571937015950,150.729222,-0.0471625,0.026675,-0.004675
150571947017171,150.739223,0.0078375,0.01815,0.0429
150571957018152,150.749224,0.0616,-0.034375,0.012375
150571967019301,150.759225,0.06655,-0.139425,-0.0561
150571977020303,150.769226,0.0358875,-0.2861375,-0.1219625
150571987021532,150.779228,-0.0226875,-0.4437125,-0.1953875
150571997022686,150.789229,-0.0862125,-0.55,-0.2454375
150572007023931,150.799230,-0.157025,-0.5902875,-0.27225
150572017025167,150.809231,-0.194975,-0.5487625,-0.323675
150572027026162,150.819232,-0.20845,-0.4877125,-0.3859625
150572037027330,150.829233,-0.1962125,-0.407,-0.428725
150572047028571,150.839235,-0.1802625,-0.30195,-0.4530625
150572057029581,150.849236,-0.18645,-0.216425,-0.4079625
150572067030826,150.859237,-0.1876875,-0.2127125,-0.301675
150572077031990,150.869238,-0.1742125,-0.243375,-0.1929125
150572087032992,150.879239,-0.1595,-0.2017125,-0.009625
150572097034223,150.889240,-0.1546875,-0.1601875,0.2347125
150572107035437,150.899241,-0.168025,-0.1199,0.5047625
150572117036576,150.909243,-0.179025,-0.0551375,0.7063375
150572127037573,150.919244,-0.1582625,-0.0111375,0.757625
150572137038741,150.929245,-0.12773749,-0.028324999,0.6573875
150572147039970,150.939246,-0.117975,-0.083325,0.50105
150572157041216,150.949247,-0.13145,-0.1786125,0.3227125
150572167042218,150.959248,-0.1632125,-0.2396625,0.189475
150572177043386,150.969249,-0.205975,-0.277475,0.1271875
150572187044601,150.979251,-0.23155,-0.2481875,0.12595
150572197045612,150.989252,-0.2292125,-0.2506625,0.1467125
150572207046845,150.999253,-0.194975,-0.2591875,0.0966625
150572217047986,151.009254,-0.17545,-0.25547498,-0.0243375
150572227049210,151.019255,-0.1766875,-0.321475,-0.147675
150572237050210,151.029256,-0.1876875,-0.4241875,-0.2734875
150572247051356,151.039257,-0.212025,-0.495,-0.4054875
150572257052585,151.049259,-0.2267375,-0.536525,-0.47025
150572267053816,151.059260,-0.21573749,-0.5377625,-0.4665375
150572277054801,151.069261,-0.194975,-0.459525,-0.3432
150572287055966,151.079262,-0.1607375,-0.3422375,-0.113437496
150572297057209,151.089263,-0.1167375,-0.199375,0.167475
150572307058207,151.099264,-0.0556875,-1.375E-4,0.5058625
150572317059436,151.109265,-0.0312125,0.120725,0.8969125
150572327060590,151.119267,-0.0361625,0.2234375,1.2133
150572337061587,151.129268,-0.056925,0.2880625,1.4075875
150572347062801,151.139269,-0.084975,0.319825,1.4955875
150572357063943,151.149270,-0.073975,0.3504875,1.40635
150572367065171,151.159271,-0.056925,0.1892,1.0654875
150572377066171,151.169272,-0.012925,-0.1711875,0.4668125
150572387067402,151.179273,0.0726,-0.635525,-0.3785375
150572397068586,151.189275,0.0457875,-1.00815,-1.279025
150572407069586,151.199276,-0.0471625,-1.1485375,-1.9082249
150572417070823,151.209277,-0.157025,-0.994675,-2.12685
150572427071987,151.219278,-0.2633125,-0.605,-1.886225
150572437073216,151.229279,-0.293975,-0.1821875,-1.3033625
150572447074223,151.239280,-0.278025,0.1720125,-0.6045875
150572457075465,151.249281,-0.2585,0.2649625,0.0196625
150572467076626,151.259283,-0.2572625,0.1684375,0.481525
150572477077626,151.269284,-0.234025,-0.006325,0.6818625
150572487078864,151.279285,-0.22055,-0.2591875,0.6868125
150572497080035,151.289286,-0.2242625,-0.4827625,0.5841
150572507081264,151.299287,-0.2267375,-0.5707625,0.44
150572517082266,151.309288,-0.2107875,-0.5352875,0.3422375
150572527083509,151.319290,-0.1997875,-0.4582875,0.30195
150572537084691,151.329291,-0.1852125,-0.3251875,0.266475
150572547085693,151.339292,-0.1827375,-0.1871375,0.1846625
150572557086922,151.349293,-0.2132625,-0.1040875,0.1211375
150572567088138,151.359294,-0.2805,-0.12485,0.0991375
150572577089283,151.369295,-0.3708375,-0.221375,0.15413749
150572587090509,151.379297,-0.4613125,-0.3386625,0.2407625
150572597091499,151.389297,-0.510125,-0.4241875,0.2677125
150572607092639,151.399299,-0.5248375,-0.4962375,0.2407625
150572617093634,151.409300,-0.5138375,-0.5682875,0.17613749
150572627094864,151.419301,-0.45155,-0.56705,-0.0193875
150572637096020,151.429302,-0.3757875,-0.51205,-0.2234375
150572647097235,151.439303,-0.3073125,-0.4717625,-0.362725
150572657098232,151.449304,-0.2523125,-0.415525,-0.4494875
150572667099446,151.459305,-0.2072125,-0.3361875,-0.4835875
150572677100593,151.469307,-0.172975,-0.2371875,-0.4250125
150572687101822,151.479308,-0.1607375,-0.1676125,-0.26125
150572697102822,151.489309,-0.1582625,-0.0686125,-0.004675
150572707104052,151.499310,-0.133925,0.0034375,0.2371875
150572717105206,151.509311,-0.0704,-0.023375,0.338525
150572727106177,151.519312,-0.014162499,-0.1126125,0.283525
150572737107403,151.529313,0.003025,-0.1896125,0.161425
150572747108567,151.539315,-0.023924999,-0.216425,0.095425
150572757109562,151.549316,-0.084975,-0.1786125,0.0686125
150572767110783,151.559317,-0.139975,-0.0906125,0.0416625
150572777111944,151.569318,-0.1656875,-0.0100375,0.0281875
150572787113177,151.579319,-0.1692625,0.048675,0.001375
150572797114408,151.589320,-0.1667875,0.0474375,-0.0463375
150572807115417,151.599321,-0.1815,-0.0088,-0.0743875
150572817116581,151.609323,-0.212025,-0.061325,-0.07315
150572827117597,151.619324,-0.249975,-0.0979,-0.0328625
150572837118831,151.629325,-0.2805,-0.1016125,0.0576125
150572847119982,151.639326,-0.2987875,-0.094325,0.1821875
150572857121211,151.649327,-0.2853125,-0.1199,0.2481875
150572867122211,151.659328,-0.249975,-0.1456125,0.231
150572877123366,151.669329,-0.212025,-0.15413749,0.1516625
150572887124590,151.679331,-0.19855,-0.20295,0.0759
150572897125590,151.689332,-0.2352625,-0.238425,0.0270875
150572907126761,151.699333,-0.2902625,-0.205425,0.0771375
150572917127982,151.709334,-0.3317875,-0.139425,0.1797125
150572927128982,151.719335,-0.3232625,-0.0856625,0.2567125
150572937130206,151.729336,-0.27555,-0.105325,0.2176625
150572947131437,151.739337,-0.2145,-0.20295,0.0551375
150572957132590,151.749339,-0.172975,-0.3141875,-0.1049125
150572967133592,151.759340,-0.146025,-0.385,-0.263725
150572977134821,151.769341,-0.1472625,-0.3716625,-0.3762
150572987135989,151.779342,-0.1472625,-0.34347498,-0.440825
150572997136987,151.789343,-0.122925,-0.359425,-0.555775
150573007138198,151.799344,-0.0886875,-0.3617625,-0.69135
150573017139347,151.809345,-0.078925,-0.34347498,-0.726825
150573027140576,151.819347,-0.06545,-0.3056625,-0.605825
150573037141588,151.829348,-0.0251625,-0.1590875,-0.2954875
150573047142727,151.839349,0.0273625,-0.0209,0.10395
150573057143941,151.849350,0.0873125,0.087725,0.44605
150573067145182,151.859351,0.1593625,0.076725,0.56581247
150573077146182,151.869352,0.224125,-0.0625625,0.4937625
150573087147427,151.879353,0.2704625,-0.2872375,0.25795
150573097148581,151.889355,0.2803625,-0.49005,-0.0719125
150573107149595,151.899356,0.2338875,-0.5853375,-0.38225
150573117150759,151.909357,0.14465,-0.5047625,-0.5325375
150573127151999,151.919358,0.0738375,-0.3507625,-0.52635
150573137152999,151.929359,0.0457875,-0.205425,-0.434775
150573147154215,151.939360,0.048125,-0.0759,-0.312675
150573157155357,151.949361,0.037125,9.625E-4,-0.1293875
150573167156595,151.959363,-0.0056375,0.0022,0.0881375
150573177157595,151.969364,-0.073975,-0.0295625,0.264
150573187158766,151.979365,-0.1362625,-0.106425,0.3702875
150573197160004,151.989366,-0.17545,-0.177375,0.4082375
150573207161011,151.999367,-0.18645,-0.3007125,0.3227125
150573217162234,152.009368,-0.1595,-0.41195,0.17613749
150573227163411,152.019369,-0.1412125,-0.451,0.007425
150573237164428,152.029370,-0.1362625,-0.3667125,-0.119625
150573247165562,152.039372,-0.1557875,-0.227425,-0.1403875
150573257166791,152.049373,-0.19373749,-0.08085,-0.0243375
150573267168009,152.059374,-0.2107875,0.0303875,0.10395
150573277169009,152.069375,-0.205975,0.0279125,0.1846625
150573287170160,152.079376,-0.1827375,-0.0845625,0.15895
150573297171395,152.089377,-0.161975,-0.2872375,0.056375
150573307172397,152.099378,-0.157025,-0.451,-0.0243375
150573317173643,152.109380,-0.183975,-0.45705,-0.026675
150573327174823,152.119381,-0.21945,-0.341,0.0759
150573337175809,152.129382,-0.23773749,-0.1260875,0.22
150573347177045,152.139383,-0.2107875,0.054725,0.3042875
150573357178269,152.149384,-0.1387375,0.153725,0.321475
150573367179428,152.159385,-0.067925,0.1109625,0.2627625
150573377180418,152.169386,-0.0154,-0.039325,0.1161875
150573387181574,152.179388,0.0053625,-0.2091375,-0.0364375
150573397182807,152.189389,-0.0092124995,-0.310475,-0.091437496
150573407183797,152.199390,-0.043449998,-0.282425,-0.0548625
150573417185028,152.209391,-0.0386375,-0.1821875,-0.0011
150573427186201,152.219392,0.014025,-0.0796125,0.023375
150573437187432,152.229393,0.0713625,0.0303875,0.02585
150573447188432,152.239394,0.0983125,0.0853875,0.0319
150573457189579,152.249396,0.07755,0.0829125,0.108899996
150573467190787,152.259397,0.026124999,0.06215,0.211475
150573477191790,152.269398,-0.012925,0.0364375,0.3067625
150573487192943,152.279399,-0.034925,0.009625,0.3788125
150573497194162,152.289400,-0.0044,-0.0466125,0.35805
150573507195369,152.299401,0.0396,-0.1040875,0.271425
150573517196384,152.309402,0.075075,-0.1516625,0.1552375
150573527197523,152.319404,0.059125,-0.1260875,0.0966625
150573537198525,152.329405,0.0017875,-0.0686125,0.0991375
150573547199665,152.339406,-0.0642125,0.0559625,0.1711875
150573557200891,152.349407,-0.0972125,0.153725,0.2176625
150573567202119,152.359408,-0.0812625,0.164725,0.2066625
150573577203121,152.369409,-0.0386375,0.0902,0.1309
150573587204275,152.379410,0.0127875,-0.09185,-0.0451
150573597205504,152.389412,0.070125,-0.31295,-0.274725
150573607206499,152.399412,0.0933625,-0.4461875,-0.4945875
150573617207730,152.409414,0.06655,-0.473,-0.610775
150573627208889,152.419415,0.01155,-0.3727625,-0.6155875
150573637209891,152.429416,-0.0312125,-0.1846625,-0.54835
150573647211134,152.439417,-0.0264,-0.00385,-0.451825
150573657212308,152.449418,-0.0031625,0.1269125,-0.3542
150573667213542,152.459420,0.0347875,0.1769625,-0.2624875
150573677214537,152.469421,0.05555,0.1464375,-0.1574375
150573687215712,152.479422,0.0543125,0.0902,-0.009625
150573697216943,152.489423,0.0493625,0.0279125,0.1199
150573707217939,152.499424,0.059125,-0.0308,0.1687125
150573717219168,152.509425,0.06655,-0.0661375,0.1357125
150573727220340,152.519426,0.059125,-0.10285,0.0356125
150573737221340,152.529427,0.031075,-0.0845625,-0.0963875
150573747222480,152.539428,-0.0226875,-0.039325,-0.19415
150573757223709,152.549430,-0.0837375,0.00715,-0.2404875
150573767224945,152.559431,-0.1252625,0.0389125,-0.27225
150573777225945,152.569432,-0.14245,0.0364375,-0.263725
150573787227106,152.579433,-0.139975,9.625E-4,-0.2209625
150573797228335,152.589434,-0.12045,-0.0796125,-0.2039125
150573807229330,152.599435,-0.0972125,-0.172425,-0.21615
150573817230566,152.609437,-0.0862125,-0.2396625,-0.2404875
150573827231709,152.619438,-0.089925,-0.2409,-0.2332
150573837232711,152.629439,-0.0947375,-0.1626625,-0.1183875
150573847233861,152.639440,-0.09845,-0.0221375,0.09295
150573857235095,152.649441,-0.0812625,0.12925,0.3262875
150573867236092,152.659442,-0.0361625,0.1904375,0.46928748
150573877237331,152.669443,0.014025,0.1599125,0.49005
150573887238485,152.679444,0.042075,0.0462,0.421575
150573897239487,152.689445,0.0396,-0.0759,0.3617625
150573907240711,152.699447,0.0017875,-0.13213749,0.3397625
150573917241866,152.709448,-0.0422125,-0.1626625,0.35694999
150573927243090,152.719449,-0.0666875,-0.1296625,0.3812875
150573937244336,152.729450,-0.0374,-0.0746625,0.3287625
150573947245331,152.739451,0.02255,-0.067375,0.1687125
150573957246256,152.749452,0.075075,-0.105325,-0.025575
150573967247485,152.759453,0.10065,-0.1236125,-0.147675
150573977248641,152.769455,0.08965,-0.1309,-0.1599125
150573987249875,152.779456,0.053075,-0.0625625,-0.0658625
150573997250875,152.789457,0.026124999,0.043725,0.1051875
150574007252114,152.799458,0.03355,0.1390125,0.275
150574017253273,152.809459,0.0738375,0.2160125,0.407
150574027254261,152.819460,0.1348875,0.181775,0.426525
150574037255484,152.829461,0.1959375,0.076725,0.3312375
150574047256624,152.839463,0.2314125,-0.1076625,0.15895
150574057257831,152.849464,0.224125,-0.210375,0.00385
150574067258831,152.859465,0.1728375,-0.177375,-0.0243375
150574077259985,152.869466,0.1166,-0.0490875,0.029424999
150574087261201,152.879467,0.0983125,0.1354375,0.0807125
150574097262197,152.889468,0.1263625,0.24653749,0.073425
150574107263342,152.899469,0.1703625,0.2404875,0.001375
150574117264566,152.909471,0.1764125,0.10615,-0.113437496
150574127265561,152.919472,0.141075,-0.0246125,-0.19167499
150574137266792,152.929473,0.075075,-0.0966625,-0.208725
150574147267951,152.939474,0.0237875,-0.086899996,-0.2124375
150574157268946,152.949475,-0.0056375,-0.047849998,-0.21367499
150574167270173,152.959476,0.0078375,-0.0088,-0.22825
150574177271327,152.969477,0.037125,0.0389125,-0.25025
150574187272537,152.979479,0.053075,0.114675,-0.21725
150574197273475,152.989479,0.0493625,0.1744875,-0.1293875
150574207274720,152.999481,0.026124999,0.241725,0.0331375
150574217275945,153.009482,0.0066,0.2453,0.1749
150574227276965,153.019483,0.0103124995,0.1892,0.233475
150574237278119,153.029484,0.0383625,0.0572,0.15895
150574247279121,153.039485,0.064075,-0.0991375,0.0270875
150574257280354,153.049486,0.059125,-0.17985,-0.091437496
150574267281600,153.059488,0.0273625,-0.117425,-0.130625
150574277282753,153.069489,-0.0154,-0.0111375,-0.0364375
150574287283769,153.079490,-0.0484,0.1672,0.15413749
150574297285003,153.089491,-0.0581625,0.3223,0.3422375
150574307286162,153.099492,-0.0361625,0.3810125,0.487575
150574317287152,153.109493,-0.014162499,0.3210625,0.558525
150574327288308,153.119494,-0.0067375,0.214775,0.5572875
150574337289527,153.129496,-0.0177375,0.06215,0.525525
150574347290527,153.139497,-0.0581625,-0.0441375,0.5168625
150574357291758,153.149498,-0.1021625,-0.0966625,0.5218125
150574367292918,153.159499,-0.1192125,-0.050325,0.5193375
150574377293899,153.169500,-0.095975,0.0108624995,0.429
150574387295128,153.179501,-0.0374,0.032725,0.22495
150574397296282,153.189502,0.0323125,-0.0746625,-0.1109625
150574407297289,153.199503,0.095837496,-0.2286625,-0.50325
150574417298523,153.209505,0.10065,-0.30195,-0.8086375
150574427299773,153.219506,0.0468875,-0.29947498,-0.8916875
150574437300927,153.229507,-0.043449998,-0.2396625,-0.7561125
150574447301836,153.239508,-0.0911625,-0.0466125,-0.4445375
150574457303067,153.249509,-0.0642125,0.15619999,-0.064625
150574467304054,153.259510,0.0066,0.291775,0.3312375
150574477305268,153.269511,0.06765,0.30525,0.597575
150574487306424,153.279512,0.1056,0.2294875,0.6573875
150574497307653,153.289514,0.108075,0.131725,0.57928747
150574507308643,153.299515,0.0653125,-0.0075625,0.44605
150574517309884,153.309516,-0.0044,-0.1211375,0.27995
150574527310809,153.319517,-0.0605,-0.19813749,0.0941875
150574537312033,153.329518,-0.0862125,-0.1956625,-0.08415
150574547313264,153.339519,-0.08745,-0.17613749,-0.2454375
150574557314436,153.349520,-0.0862125,-0.172425,-0.4005375
150574567315422,153.359521,-0.09845,-0.1381875,-0.4995375
150574577316578,153.369523,-0.124025,-0.10285,-0.5055875
150574587317572,153.379524,-0.150975,-0.1211375,-0.412775
150574597318782,153.389525,-0.1827375,-0.139425,-0.2662
150574607320009,153.399526,-0.20955,-0.17613749,-0.1232
150574617321158,153.409527,-0.19855,-0.2519,-0.0218625
150574627322160,153.419528,-0.1656875,-0.34347498,0.0099
150574637323394,153.429529,-0.1302125,-0.392425,-0.003575
150574647324560,153.439531,-0.1131625,-0.3532375,0.034375
150574657325577,153.449532,-0.117975,-0.199375,0.1772375
150574667326806,153.459533,-0.1082125,-0.0221375,0.4082375
150574677327960,153.469534,-0.0666875,0.15125,0.7233875
150574687328991,153.479535,-0.0154,0.27225,1.033725
150574697330219,153.489536,0.0347875,0.313775,1.243825
150574707331373,153.499537,0.064075,0.3003,1.3355374
150574717332375,153.509538,0.0688875,0.2600125,1.3415875
150574727333609,153.519540,0.05555,0.1879625,1.2413499
150574737334758,153.529541,0.0408375,0.09625,1.066725
150574747335739,153.539542,0.0457875,0.0572,0.8259625
150574757336984,153.549543,0.0578875,0.0474375,0.53405
150574767338130,153.559544,0.081125,-0.00385,0.2176625
150574777339140,153.569545,0.1203125,-0.210375,-0.19415
150574787340366,153.579546,0.169125,-0.56705,-0.8111125
150574797341525,153.589548,0.1936,-0.74909997,-1.511125
150574807342525,153.599549,0.1348875,-0.784575,-1.9570374
150574817343754,153.609550,-0.001925,-0.6501,-1.986325
150574827344893,153.619551,-0.122925,-0.315425,-1.5673625
150574837345895,153.629552,-0.144925,0.0889625,-0.892925
150574847347109,153.639553,-0.0704,0.4103,-0.2099625
150574857348265,153.649554,0.0468875,0.5911125,0.3177625
150574867349465,153.659555,0.16665,0.6314,0.619575
150574877350465,153.669556,0.25465,0.5825875,0.7429125
150574887351614,153.679558,0.2864125,0.412775,0.7588625
150574897352845,153.689559,0.28765,0.2222,0.7404375
150574907353850,153.699560,0.2497,0.1769625,0.707575
150574917355006,153.709561,0.22165,0.1964875,0.5902875
150574927356224,153.719562,0.2167,0.1940125,0.3141875
150574937357224,153.729563,0.224125,0.1232,-0.153725
150574947358393,153.739564,0.2424125,0.031625,-0.726825
150574957359610,153.749566,0.191125,-0.0246125,-1.1897875
150574967360615,153.759567,0.07865,-0.0026125,-1.3143625
150574977361764,153.769568,-0.034925,0.1634875,-1.0505
150574987363009,153.779569,-0.1742125,0.4310625,-0.478775
150574997364009,153.789570,-0.2402125,0.5850625,0.1552375
150575007365184,153.799571,-0.19373749,0.56787497,0.4741
150575017366412,153.809572,-0.10945,0.39325,0.420475
150575027367423,153.819573,-0.001925,-0.0966625,0.0636625
150575037368658,153.829575,0.0983125,-0.517,-0.3089625
150575047369597,153.839576,0.125125,-0.5963375,-0.390775
150575057370831,153.849577,0.086075,-0.44,-0.1232
150575067371985,153.859578,0.0457875,-0.0966625,0.3447125
150575077372987,153.869579,0.070125,0.3260125,0.7808625
150575087374216,153.879580,0.1716,0.55439997,0.8932
150575097375379,153.889581,0.296175,0.43353748,0.619575
150575107376396,153.899582,0.44027498,-0.0111375,-0.004675
150575117377625,153.909584,0.5124625,-0.451,-0.7096375
150575127378778,153.919585,0.462275,-0.630575,-1.0627375
150575137380022,153.929586,0.3328875,-0.5707625,-0.9284
150575147381036,153.939587,0.18493749,-0.21395,-0.3762
150575157382192,153.949588,0.1508375,0.2759625,0.3617625
150575167383197,153.959589,0.1948375,0.68145,1.0374374
150575177384431,153.969590,0.2497,0.8732625,1.403875
150575187385580,153.979592,0.285175,0.90021247,1.4185874
150575197386825,153.989593,0.2717,0.710875,1.133825
150575207387830,153.999594,0.191125,0.390775,0.73315
150575217388976,154.009595,0.0738375,-0.0198,0.360525
150575227389972,154.019596,-6.875E-4,-0.4252875,0.0917125
150575237391200,154.029597,-0.023924999,-0.7343875,-0.0683375
150575247392335,154.039598,0.0078375,-0.8614375,-0.169675
150575257393327,154.049599,0.0763125,-0.7638125,-0.24419999
150575267394481,154.059600,0.1128875,-0.5132875,-0.25025
150575277395687,154.069602,0.10065,-0.1271875,-0.1513875
150575287396687,154.079603,0.0518375,0.3125375,0.0270875
150575297397918,154.089604,-0.032449998,0.5861625,0.18095
150575307398852,154.099605,-0.095975,0.5886375,0.2347125
150575317400083,154.109606,-0.135025,0.4175875,0.2187625
150575327401241,154.119607,-0.16445,0.124437496,0.134475
150575337402236,154.129608,-0.1692625,-0.2127125,0.0061875
150575347403453,154.139609,-0.12773749,-0.4717625,-0.147675
150575357404602,154.149611,-0.0704,-0.5572875,-0.3064875
150575367405831,154.159612,-0.023924999,-0.4497625,-0.4090625
150575377406831,154.169613,0.004125,-0.19195,-0.346775
150575387407958,154.179614,0.0358875,0.1109625,-0.1464375
150575397409178,154.189615,0.0823625,0.39435,0.128425
150575407410184,154.199616,0.1434125,0.4481125,0.341
150575417411338,154.209617,0.2033625,0.374825,0.39105
150575427412343,154.219618,0.22659999,0.19525,0.3177625
150575437413586,154.229620,0.2118875,-0.0661375,0.167475
150575447414754,154.239621,0.1764125,-0.27995,-0.070675
150575457415985,154.249622,0.142175,-0.3691875,-0.379775
150575467416995,154.259623,0.1203125,-0.382525,-0.6901125
150575477418165,154.269624,0.114125,-0.3166625,-0.9186375
150575487419370,154.279625,0.11165,-0.1786125,-1.013925
150575497420354,154.289626,0.1104125,0.009625,-0.936925
150575507421506,154.299628,0.1104125,0.2112,-0.7365875
150575517422719,154.309629,0.1018875,0.3504875,-0.5325375
150575527423657,154.319630,0.0738375,0.3553,-0.3883
150575537424880,154.329631,0.0286,0.2112,-0.335775
150575547426123,154.339632,-0.0092124995,0.0022,-0.3749625
150575557427143,154.349633,-0.0386375,-0.221375,-0.4665375
150575567428321,154.359634,-0.056925,-0.3801875,-0.555775
150575577429323,154.369635,-0.0642125,-0.354475,-0.57035
150575587430486,154.379636,-0.0727375,-0.1639,-0.4543
150575597431715,154.389638,-0.0862125,0.103675,-0.2039125
150575607432712,154.399639,-0.082499996,0.363825,0.0881375
150575617433866,154.409640,-0.056925,0.5080625,0.3152875
150575627435094,154.419641,-0.018975,0.5423,0.4717625
150575637436096,154.429642,0.0066,0.506825,0.52305
150575647437236,154.439643,-0.0031625,0.3955875,0.46928748
150575657438474,154.449644,-0.0374,0.225775,0.3337125
150575667439474,154.459645,-0.0666875,0.031625,0.1516625
150575677440616,154.469647,-0.0704,-0.1821875,-0.0743875
150575687441635,154.479648,-0.0251625,-0.409475,-0.36519998
150575697442869,154.489649,0.048125,-0.5597625,-0.6644
150575707444030,154.499650,0.1166,-0.6183375,-0.9186375
150575717445258,154.509651,0.1544125,-0.6232875,-1.0236875
150575727446243,154.519652,0.180125,-0.5108125,-0.886875
150575737447383,154.529653,0.1838375,-0.2189,-0.52525
150575747448604,154.539655,0.1764125,0.0474375,-0.0011
150575757449580,154.549656,0.15565,0.1989625,0.4742375
150575767450734,154.559657,0.15565,0.219725,0.6721
150575777451741,154.569658,0.1874125,0.1269125,0.603625
150575787452960,154.579659,0.2033625,-0.086899996,0.3482875
150575797453871,154.589660,0.1874125,-0.282425,0.064899996
150575807455104,154.599661,0.1678875,-0.315425,-0.075625
150575817456260,154.609662,0.1373625,-0.1931875,-0.0573375
150575827457493,154.619663,0.1018875,0.0229625,0.0746625
150575837458508,154.629665,0.081125,0.3064875,0.282425
150575847459665,154.639666,0.092125,0.57035,0.5328125
150575857460874,154.649667,0.0873125,0.72545,0.77715
150575867461855,154.659668,0.06655,0.7451125,0.9444875
150575877463011,154.669669,0.0347875,0.677875,0.989725
150575887464230,154.679670,-0.0166375,0.4835875,0.857725
150575897465226,154.689671,-0.0947375,0.2099625,0.57928747
150575907466394,154.699672,-0.17545,-0.1101375,0.2017125
150575917467619,154.709674,-0.20845,-0.359425,-0.1672
150575927468552,154.719675,-0.2072125,-0.4912875,-0.4800125
150575937469783,154.729676,-0.1887875,-0.5108125,-0.72435
150575947470783,154.739677,-0.17545,-0.398475,-0.8696875
150575957472023,154.749678,-0.1742125,-0.2151875,-0.870925
150575967473192,154.759679,-0.179025,0.042625,-0.7316375
150575977474189,154.769680,-0.1876875,0.2552,-0.5055875
150575987475418,154.779681,-0.1962125,0.2270125,-0.3444375
150575997476567,154.789683,-0.1827375,0.0829125,-0.3174875
150576007477567,154.799684,-0.17545,-0.105325,-0.3639625
150576017478723,154.809685,-0.19855,-0.2739,-0.3309625
150576027479965,154.819686,-0.2292125,-0.321475,-0.1574375
150576037480982,154.829687,-0.2292125,-0.210375,0.058849998
150576047482148,154.839688,-0.19745,-1.375E-4,0.216425
150576057483394,154.849689,-0.1362625,0.1989625,0.272525
150576067484394,154.859690,-0.0727375,0.2783,0.1662375
150576077485547,154.869692,-0.0092124995,0.1782,-0.092675
150576087486538,154.879693,0.015125,-0.050325,-0.3969625
150576097487759,154.889694,-0.0251625,-0.1749,-0.5495875
150576107488913,154.899695,-0.1252625,-0.133375,-0.43353748
150576117489915,154.909696,-0.2145,0.0132,-0.1012
150576127491074,154.919697,-0.216975,0.19525,0.26895
150576137492088,154.929698,-0.1216875,0.291775,0.462
150576147493320,154.939699,5.5E-4,0.2624875,0.4668125
150576157494462,154.949700,0.0823625,0.1159125,0.3557125
150576167495453,154.959701,0.114125,-0.0759,0.22495
150576177496676,154.969703,0.0738375,-0.1491875,0.183425
150576187497816,154.979704,-6.875E-4,-0.1309,0.3117125
150576197499047,154.989705,-0.0666875,-0.045375,0.5743375
150576207500037,154.999706,-0.0642125,0.081675,0.846725
150576217501196,155.009707,-0.01045,0.18425,1.0190125
150576227502196,155.019708,0.0578875,0.2222,1.0374374
150576237503435,155.029709,0.108075,0.2453,0.9164375
150576247504594,155.039711,0.12265,0.25753748,0.724625
150576257505604,155.049712,0.11165,0.131725,0.448525
150576267506774,155.059713,0.103125,-0.1271875,0.11495
150576277507769,155.069714,0.10065,-0.385,-0.1879625
150576287508994,155.079715,0.0823625,-0.5267625,-0.37125
150576297510138,155.089716,0.0457875,-0.53405,-0.4200625
150576307511354,155.099717,0.004125,-0.404525,-0.335775
150576317512340,155.109718,-0.018975,-0.1406625,-0.1342
150576327513504,155.119720,-0.0044,0.1672,0.1431375
150576337514510,155.129721,0.0323125,0.318725,0.363
150576347515744,155.139722,0.0688875,0.307725,0.4302375
150576357516912,155.149723,0.0946,0.1964875,0.3667125
150576367517912,155.159724,0.0836,0.0352,0.260425
150576377519062,155.169725,0.0468875,-0.1126125,0.1577125
150576387520292,155.179726,0.015125,-0.19813749,0.047849998
150576397521294,155.189727,0.015125,-0.2041875,-0.0523875
150576407522444,155.199728,0.0273625,-0.150425,-0.1183875
150576417523420,155.209729,0.0298375,-0.0539,-0.158675
150576427524588,155.219731,0.014025,0.054725,-0.1549625
150576437525816,155.229732,-0.012925,0.1549625,-0.1293875
150576447526822,155.239733,-0.0422125,0.1830125,-0.108625
150576457528057,155.249734,-0.0812625,0.1610125,-0.091437496
150576467529201,155.259735,-0.1326875,0.0864875,-0.059675
150576477530196,155.269736,-0.18645,0.0229625,0.0196625
150576487531362,155.279737,-0.23155,0.015675,0.1199
150576497532591,155.289739,-0.24255,0.06215,0.198
150576507533600,155.299740,-0.2242625,0.1219625,0.21395
150576517534764,155.309741,-0.17545,0.164725,0.134475
150576527535766,155.319742,-0.1216875,0.1414875,-0.0438625
150576537536995,155.329743,-0.0727375,0.0193875,-0.29425
150576547538148,155.339744,-0.0336875,-0.1040875,-0.5300625
150576557539145,155.349745,-0.0374,-0.128425,-0.6436375
150576567540299,155.359746,-0.0715,-0.0820875,-0.59482497
150576577541514,155.369748,-0.104499996,-0.00385,-0.4250125
150576587542528,155.379749,-0.1032625,0.0719125,-0.2429625
150576597543665,155.389750,-0.06545,0.1342,-0.0853875
150576607544665,155.399751,-0.0251625,0.1489125,0.0429
150576617545894,155.409752,-0.0031625,0.098725,0.1431375
150576627547048,155.419753,-0.0056375,0.0462,0.1956625
150576637548278,155.429754,-0.0202125,0.0449625,0.2506625
150576647549283,155.439755,-0.034925,0.0584375,0.3287625
150576657550436,155.449756,-0.0386375,0.091437496,0.409475
150576667551453,155.459757,-0.0361625,0.1782,0.48633748
150576677552607,155.469759,-0.029975,0.2539625,0.55962497
150576687553607,155.479760,-0.034925,0.2880625,0.6232875
150576697554756,155.489761,-0.0422125,0.27101249,0.608575
150576707555987,155.499762,-0.023924999,0.2099625,0.4717625
150576717556987,155.509763,-0.0056375,0.081675,0.2286625
150576727558216,155.519764,0.009075,-0.11385,-0.05115
150576737559370,155.529765,0.01155,-0.352,-0.3102
150576747560372,155.539766,0.0188375,-0.528,-0.52635
150576757561614,155.549768,0.01155,-0.6391,-0.6851625
150576767562759,155.559769,-0.0202125,-0.7051,-0.748825
150576777563759,155.569770,-0.0507375,-0.6318125,-0.6656375
150576787564900,155.579771,-0.073975,-0.403425,-0.46048748
150576797565898,155.589772,-0.0812625,-0.11385,-0.119625
150576807567143,155.599773,-0.078925,0.1439625,0.2616625
150576817568293,155.609774,-0.0581625,0.2869625,0.56705
150576827569312,155.619775,-0.0166375,0.2979625,0.724625
150576837570458,155.629776,0.0358875,0.247775,0.7271
150576847571673,155.639778,0.0603625,0.1414875,0.6318125
150576857572670,155.649779,0.0493625,0.0083875,0.5132875
150576867573824,155.659780,0.0457875,-0.122375,0.41305
150576877575052,155.669781,0.0468875,-0.1516625,0.3592875
150576887576054,155.679782,0.0493625,-0.13585,0.36795
150576897577211,155.689783,0.0543125,-0.1016125,0.409475
150576907578213,155.699784,0.064075,-0.0636625,0.4412375
150576917579446,155.709785,0.05555,-0.0111375,0.448525
150576927580600,155.719787,0.0506,0.004675,0.443575
150576937581615,155.729788,0.0358875,-0.02585,0.4252875
150576947582771,155.739789,-0.0031625,-0.0308,0.4142875
150576957583776,155.749790,-0.0385,-0.039325,0.420475
150576967585009,155.759791,-0.0704,-0.036849998,0.454575
150576977586162,155.769792,-0.0837375,-0.0270875,0.487575
150576987587164,155.779793,-0.0715,-0.0198,0.4753375
150576997588402,155.789794,-0.0495,-0.0075625,0.3972375
150577007589556,155.799796,-0.0226875,-0.001375,0.2652375
150577017590563,155.809797,-0.0031625,-0.0308,0.122375
150577027591744,155.819798,-0.007975,-0.086899996,0.007425
150577037592746,155.829799,-0.0397375,-0.11385,-0.059675
150577047593904,155.839800,-0.0752125,-0.122375,-0.059675
150577057595133,155.849801,-0.104499996,-0.1040875,0.001375
150577067596130,155.859802,-0.1216875,-0.0735625,0.0771375
150577077597359,155.869803,-0.1082125,-0.058849998,0.1027125
150577087598517,155.879805,-0.0886875,-0.061325,0.0686125
150577097599495,155.889805,-0.0886875,-0.0771375,-0.0083875
150577107600719,155.899807,-0.100925,-0.061325,-0.108625
150577117601630,155.909808,-0.1167375,-0.0319,-0.1659625
150577127602868,155.919809,-0.128975,0.0229625,-0.1403875
150577137604022,155.929810,-0.12773749,0.076725,-0.0694375
150577147605034,155.939811,-0.1167375,0.1084875,0.0160875
150577157606263,155.949812,-0.0935,0.10725,0.0831875
150577167607412,155.959813,-0.0666875,0.0694375,0.1211375
150577177608384,155.969814,-0.0471625,0.02915,0.1016125
150577187609611,155.979816,-0.0312125,-0.001375,0.051425
150577197610521,155.989817,-0.0166375,-0.0405625,-0.0108624995
150577207611759,155.999818,-0.0056375,-0.0600875,-0.0988625
150577217612910,156.009819,-0.0031625,-0.0600875,-0.19415
150577227613905,156.019820,-0.01045,-0.0319,-0.2600125
150577237615139,156.029821,-0.018975,0.0144375,-0.2759625
150577247616305,156.039822,-0.029975,0.043725,-0.2479125
150577257617303,156.049823,-0.0374,0.0669625,-0.1929125
150577267618459,156.059824,-0.034925,0.054725,-0.153725
150577277619688,156.069826,-0.0202125,0.0303875,-0.163625
150577287620687,156.079827,-6.875E-4,0.0254375,-0.20625
150577297621856,156.089828,0.0103124995,0.0254375,-0.2490125
150577307622858,156.099829,0.015125,0.0279125,-0.2662
150577317624071,156.109830,0.0237875,0.0499125,-0.2600125
150577327625225,156.119831,0.0286,0.092675,-0.2039125
150577337626221,156.129832,0.031075,0.12815,-0.1012
150577347627461,156.139833,0.0347875,0.1769625,0.018424999
150577357628386,156.149834,0.0347875,0.2355375,0.11495
150577367629601,156.159836,0.0298375,0.2649625,0.205425
150577377630822,156.169837,0.014025,0.2514875,0.266475
150577387631752,156.179838,0.0163625,0.19525,0.24447499
150577397632995,156.189839,0.0298375,0.109725,0.1491875
150577407634148,156.199840,0.03355,0.004675,0.0086624995
150577417635156,156.209841,0.0286,-0.047849998,-0.1354375
150577427636307,156.219842,-0.0031625,-0.0380875,-0.2369125
150577437637538,156.229844,-0.0422125,0.0559625,-0.2369125
150577447638552,156.239845,-0.0715,0.1964875,-0.12815
150577457639706,156.249846,-0.084975,0.3210625,0.047849998
150577467640717,156.259847,-0.0812625,0.374825,0.2066625
150577477641862,156.269848,-0.0605,0.3210625,0.2787125
150577487642862,156.279849,-0.0312125,0.169675,0.249425
150577497644091,156.289850,-0.0031625,-0.017324999,0.1406625
150577507645251,156.299851,0.0213125,-0.1406625,0.0246125
150577517646255,156.309852,5.5E-4,-0.1431375,-0.031625
150577527647470,156.319853,-0.0484,-0.0490875,-0.0609125
150577537648637,156.329855,-0.0666875,0.0963875,-0.1073875
150577547649637,156.339856,-0.0605,0.202675,-0.158675
150577557650864,156.349857,-0.0422125,0.1940125,-0.2039125
150577567651780,156.359858,-0.0276375,0.070675,-0.29425
150577577653013,156.369859,-0.014162499,-0.034375,-0.4005375
150577587654155,156.379860,-0.0154,-0.0661375,-0.4615875
150577597655394,156.389861,-0.045925,-0.0636625,-0.4140125
150577607656394,156.399862,-0.0935,-0.0331375,-0.279675
150577617657552,156.409864,-0.1192125,0.031625,-0.0999625
150577627658548,156.419865,-0.1252625,0.11715,0.089375
150577637659705,156.429866,-0.1192125,0.1709125,0.2371875
150577647660940,156.439867,-0.1057375,0.1892,0.305525
150577657661955,156.449868,-0.0996875,0.158675,0.293425
150577667663094,156.459869,-0.0947375,0.1304875,0.242
150577677664081,156.469870,-0.1082125,0.1159125,0.19195
150577687665250,156.479871,-0.117975,0.109725,0.14795
150577697666494,156.489872,-0.1155,0.12815,0.15413749
150577707667494,156.499873,-0.10945,0.1672,0.2079
150577717668650,156.509875,-0.104499996,0.2074875,0.2982375
150577727669879,156.519876,-0.106975,0.2453,0.398475
150577737670879,156.529877,-0.10945,0.2563,0.49005
150577747672034,156.539878,-0.12045,0.2429625,0.5438125
150577757673029,156.549879,-0.1387375,0.2074875,0.55233747
150577767674178,156.559880,-0.1447875,0.1390125,0.495
150577777675169,156.569881,-0.1447875,0.07315,0.385
150577787676304,156.579882,-0.1447875,0.0132,0.2432375
150577797677545,156.589884,-0.1362625,-0.0441375,0.0771375
150577807678516,156.599885,-0.124025,-0.0686125,-0.09515
150577817679675,156.609886,-0.1032625,-0.0515625,-0.269775
150577827680889,156.619887,-0.0812625,-0.0319,-0.3980625
150577837681908,156.629888,-0.067925,-0.00385,-0.4763
150577847683079,156.639889,-0.054449998,0.020624999,-0.52635
150577857684278,156.649890,-0.0336875,0.043725,-0.5570125
150577867685293,156.659891,-0.007975,0.0644875,-0.5740625
150577877686447,156.669892,0.02255,0.091437496,-0.55935
150577887687444,156.679893,0.048125,0.124437496,-0.5165875
150577897688580,156.689895,0.0688875,0.1574375,-0.4494875
150577907689811,156.699896,0.075075,0.192775,-0.3553
150577917690797,156.709897,0.07865,0.21725,-0.27225
150577927691953,156.719898,0.08855,0.2135375,-0.2184875
150577937693187,156.729899,0.1043625,0.181775,-0.20515
150577947694191,156.739900,0.114125,0.1269125,-0.2259125
150577957695360,156.749901,0.125125,0.0413875,-0.2784375
150577967696362,156.759902,0.1288375,-0.0270875,-0.3480125
150577977697529,156.769904,0.114125,-0.0441375,-0.3859625
150577987698758,156.779905,0.0873125,-0.0331375,-0.37125
150577997699753,156.789906,0.070125,-0.001375,-0.3089625
150578007700909,156.799907,0.06655,0.037675,-0.224675
150578017701893,156.809908,0.0713625,0.0633875,-0.13915
150578027703034,156.819909,0.0848375,0.0572,-0.0853875
150578037704273,156.829910,0.103125,0.0449625,-0.0609125
150578047705254,156.839911,0.1324125,-1.375E-4,-0.086625
150578057706429,156.849912,0.1654125,-0.0820875,-0.1672
150578067707438,156.859913,0.1813625,-0.139425,-0.27225
150578077708592,156.869915,0.18865,-0.177375,-0.3810125
150578087709830,156.879916,0.191125,-0.1676125,-0.47025
150578097710837,156.889917,0.186175,-0.122375,-0.517825
150578107711995,156.899918,0.180125,-0.067375,-0.495825
150578117713210,156.909919,0.18865,0.0034375,-0.4054875
150578127714133,156.919920,0.1898875,0.0804375,-0.263725
150578137715364,156.929921,0.21065,0.147675,-0.0878625
150578147716364,156.939922,0.2204125,0.158675,0.08085
150578157717595,156.949924,0.2058375,0.142725,0.166375
150578167718749,156.959925,0.1838375,0.1122,0.156475
150578177719754,156.969926,0.163075,0.087725,0.10395
150578187720917,156.979927,0.13859999,0.08415,0.0611875
150578197721927,156.989928,0.130075,0.091437496,0.0501875
150578207723087,156.999929,0.119075,0.1084875,0.0941875
150578217724320,157.009930,0.092125,0.180675,0.1687125
150578227725292,157.019931,0.070125,0.25025,0.242
150578237726438,157.029932,0.0578875,0.2759625,0.2726625
150578247727667,157.039934,0.0347875,0.2673,0.2762375
150578257728677,157.049935,0.0408375,0.2160125,0.21395
150578267729826,157.059936,0.048125,0.136675,0.1076625
150578277730821,157.069937,0.05555,0.0669625,-0.0023375
150578287731987,157.079938,0.0603625,0.0303875,-0.09515
150578297733216,157.089939,0.0798875,0.0083875,-0.180675
150578307734215,157.099940,0.10065,0.054725,-0.2759625
150578317735368,157.109941,0.119075,0.1084875,-0.335775
150578327736364,157.119942,0.1373625,0.1329625,-0.340725
150578337737534,157.129944,0.13365,0.0644875,-0.30525
150578347738763,157.139945,0.1373625,0.0364375,-0.1953875
150578357739779,157.149946,0.1544125,-0.0418,-0.0694375
150578367740938,157.159947,0.1423125,-0.172425,0.0270875
150578377741938,157.169948,0.13365,-0.308,0.06985
150578387743078,157.179949,0.1423125,-0.44,0.0429
150578397744087,157.189950,0.1606,-0.547525,-0.0451
150578407745333,157.199951,0.18259999,-0.5951,-0.15619999
150578417746471,157.209952,0.2277,-0.57805,-0.2734875
150578427747468,157.219953,0.28765,-0.519475,-0.3810125
150578437748696,157.229955,0.3328875,-0.43395,-0.4653
150578447749852,157.239956,0.3634125,-0.3202375,-0.5350125
150578457750838,157.249957,0.373175,-0.1956625,-0.5996375
150578467751992,157.259958,0.3487,-0.0526625,-0.649825
150578477752992,157.269959,0.2998875,0.0853875,-0.6974
150578487754141,157.279960,0.2363625,0.1610125,-0.7401625
150578497755380,157.289961,0.1276,0.1794375,-0.7756375
150578507756367,157.299962,0.0396,0.20019999,-0.81235
150578517757521,157.309964,-0.0067375,0.24653749,-0.86845
150578527758736,157.319965,-0.034925,0.3284875,-0.914925
150578537759659,157.329966,-0.034925,0.4640625,-0.9197375
150578547760889,157.339967,-0.0056375,0.6094,-0.8892125
150578557761900,157.349968,0.031075,0.721875,-0.8636375
150578567763134,157.359969,0.059125,0.776875,-0.8611625
150578577764288,157.369970,0.075075,0.777975,-0.8672125
150578587765304,157.379971,0.0628375,0.705925,-0.8966375
150578597766458,157.389972,0.0323125,0.5960625,-0.8856375
150578607767458,157.399973,-0.023924999,0.5141125,-0.79035
150578617768603,157.409975,-0.0947375,0.4261125,-0.6083
150578627769827,157.419976,-0.1595,0.313775,-0.3859625
150578637770836,157.429977,-0.20955,0.20625,-0.1464375
150578647771992,157.439978,-0.2413125,0.1782,0.0881375
150578657772992,157.449979,-0.3135,0.35901248,0.465575
150578667774140,157.459980,-0.3317875,-0.122375,0.4607625
150578677775369,157.469981,-0.249975,-0.4607625,0.3862375
150578687776369,157.479982,-0.18755,-0.33495,0.3997125
150578697777600,157.489984,-0.19745,-0.1626625,0.36905
150578707778511,157.499985,-0.194975,-0.1480875,0.249425
150578717779725,157.509986,-0.161975,-0.13585,0.11495
150578727780889,157.519987,-0.1472625,-0.0746625,0.0050875
150578737781891,157.529988,-0.13145,-0.0441375,-0.0889625
150578747783043,157.539989,-0.135025,-0.064899996,-0.1733875
150578757784274,157.549990,-0.1557875,-0.08085,-0.2149125
150578767785274,157.559991,-0.1827375,-0.072325,-0.1879625
150578777786427,157.569992,-0.194975,-0.047849998,-0.1219625
150578787787432,157.579993,-0.1766875,0.004675,-0.0254375
150578797788667,157.589995,-0.1387375,0.0499125,0.062425
150578807789841,157.599996,-0.10945,0.0644875,0.117425
150578817790836,157.609997,-0.1021625,0.0719125,0.1381875
150578827791995,157.619998,-0.104499996,0.0633875,0.144375
150578837792996,157.629999,-0.1167375,0.08415,0.15413749
150578847794225,157.640000,-0.13145,0.1012,0.1626625
150578857795379,157.650001,-0.139975,0.1354375,0.194425
150578867796379,157.660002,-0.15345,0.1219625,0.2299
150578877797561,157.670004,-0.172975,0.0633875,0.25547498
150578887798592,157.680005,-0.179025,-0.006325,0.266475
150578897799756,157.690006,-0.1777875,-0.072325,0.2457125
150578907800979,157.700007,-0.18645,-0.1150875,0.1956625
150578917801979,157.710008,-0.1925,-0.1419,0.1126125
150578927803135,157.720009,-0.194975,-0.1639,0.029424999
150578937804349,157.730010,-0.1887875,-0.16995,-0.0364375
150578947805359,157.740011,-0.1802625,-0.1711875,-0.092675
150578957806513,157.750013,-0.1667875,-0.1676125,-0.1464375
150578967807513,157.760014,-0.1546875,-0.18095,-0.21367499
150578977808655,157.770015,-0.139975,-0.2116125,-0.29425
150578987809659,157.780016,-0.124025,-0.25547498,-0.3834875
150578997810888,157.790017,-0.1155,-0.29095,-0.4800125
150579007812043,157.800018,-0.111925,-0.282425,-0.550825
150579017813043,157.810019,-0.113025,-0.2311375,-0.583825
150579027814186,157.820020,-0.1216875,-0.1907125,-0.59235
150579037815183,157.830021,-0.1106875,-0.0735625,-0.5325375
150579047816398,157.840022,-0.0776875,0.053625,-0.4225375
150579057817524,157.850024,-0.0264,0.142725,-0.27101249
150579067818509,157.860025,0.0163625,0.19167499,-0.091437496
150579077819745,157.870026,0.02255,0.169675,0.0771375
150579087820899,157.880027,5.5E-4,0.1012,0.1821875
150579097821899,157.890028,-0.0374,0.004675,0.205425
150579107823064,157.900029,-0.0812625,-0.1076625,0.1687125
150579117824060,157.910030,-0.111925,-0.1749,0.1051875
150579127825214,157.920031,-0.113025,-0.19195,0.006325
150579137826218,157.930032,-0.095975,-0.1969,-0.1109625
150579147827432,157.940033,-0.07645,-0.16885,-0.2099625
150579157828588,157.950035,-0.073975,-0.10285,-0.252725
150579167829588,157.960036,-0.106975,-0.0636625,-0.2369125
150579177830742,157.970037,-0.1582625,-0.006325,-0.1549625
150579187831747,157.980038,-0.194975,0.04015,-0.0243375
150579197832981,157.990039,-0.2365,0.042625,0.1126125
150579207834141,158.000040,-0.27555,-0.001375,0.211475
150579217835137,158.010041,-0.3256,-0.09185,0.2299
150579227836295,158.020042,-0.3892625,-0.2017125,0.15895
150579237837295,158.030043,-0.427075,-0.271425,0.013612499
150579247838528,158.040045,-0.421025,-0.3386625,-0.1819125
150579257839682,158.050046,-0.4123625,-0.3997125,-0.395725
150579267840698,158.060047,-0.3757875,-0.4142875,-0.5765375
150579277841852,158.070048,-0.3122625,-0.374,-0.6840625
150579287843067,158.080049,-0.2805,-0.243375,-0.677875
150579297844048,158.090050,-0.23773749,-0.19195,-0.6400625
150579307845213,158.100051,-0.172975,-0.083325,-0.5460125
150579317846211,158.110052,-0.113025,0.05115,-0.4140125
150579327847353,158.120053,-0.0812625,0.11715,-0.2992
150579337848582,158.130055,-0.095975,0.1084875,-0.2234375
150579347849596,158.140056,-0.124025,0.087725,-0.180675
150579357850733,158.150057,-0.13145,0.098725,-0.1379125
150579367851736,158.160058,-0.1106875,0.1634875,-0.0768625
150579377852891,158.170059,-0.089925,0.2014375,-0.015675
150579387853895,158.180060,-0.07645,0.1964875,0.0356125
150579397855134,158.190061,-0.067925,0.1782,0.0881375
150579407856288,158.200062,-0.0691625,0.1342,0.1467125
150579417857283,158.210063,-0.0886875,0.0584375,0.2041875
150579427858424,158.220064,-0.1167375,-0.0380875,0.266475
150579437859624,158.230066,-0.146025,-0.122375,0.3152875
150579447860624,158.240067,-0.1766875,-0.19195,0.349525
150579457861778,158.250068,-0.20845,-0.2457125,0.374
150579467862792,158.260069,-0.2365,-0.2959,0.38005
150579477863960,158.270070,-0.2487375,-0.34347498,0.354475
150579487864953,158.280071,-0.2437875,-0.381425,0.308
150579497866181,158.290072,-0.2217875,-0.403425,0.2396625
150579507867340,158.300073,-0.179025,-0.374,0.1711875
150579517868313,158.310074,-0.1387375,-0.3179,0.1236125
150579527869467,158.320075,-0.1106875,-0.2629,0.1027125
150579537870467,158.330076,-0.089925,-0.2066625,0.1247125
150579547871700,158.340078,-0.0776875,-0.1639,0.1871375
150579557872854,158.350079,-0.073975,-0.1516625,0.2652375
150579567873859,158.360080,-0.09845,-0.0979,0.32395
150579577875090,158.370081,-0.1326875,-0.0600875,0.3482875
150579587876230,158.380082,-0.15345,-0.0856625,0.4008125
150579597877173,158.390083,-0.157025,-0.094325,0.465575
150579607878417,158.400084,-0.17173749,-0.1236125,0.517
150579617879422,158.410085,-0.1802625,-0.1480875,0.5511
150579627880590,158.420087,-0.161975,-0.161425,0.55233747
150579637881821,158.430088,-0.135025,-0.18095,0.4937625
150579647882831,158.440089,-0.1265,-0.1859,0.3922875
150579657883995,158.450090,-0.1387375,-0.1736625,0.271425
150579667884995,158.460091,-0.1632125,-0.1931875,0.12595
150579677886160,158.470092,-0.1815,-0.205425,-0.0328625
150579687887158,158.480093,-0.1802625,-0.2006125,-0.1684375
150579697888404,158.490094,-0.168025,-0.1639,-0.241725
150579707889558,158.500096,-0.14973749,-0.0930875,-0.2344375
150579717890558,158.510097,-0.0935,0.004675,-0.1794375
150579727891706,158.520098,-0.02145,0.136675,-0.0804375
150579737892702,158.530099,0.053075,0.2380125,0.0429
150579747893855,158.540100,0.1373625,0.25025,0.1639
150579757895100,158.550101,0.1874125,0.18425,0.2591875
150579767896094,158.560102,0.20693749,0.0364375,0.282425
150579777897235,158.570103,0.219175,-0.08085,0.22
150579787898230,158.580104,0.230175,-0.1516625,0.0721875
150579797899447,158.590105,0.224125,-0.20295,-0.136675
150579807900372,158.600106,0.2058375,-0.2079,-0.3675375
150579817901620,158.610108,0.19965,-0.15413749,-0.5740625
150579827902851,158.620109,0.230175,-0.0551375,-0.765875
150579837903779,158.630110,0.2717,0.0193875,-0.942975
150579847905004,158.640111,0.296175,0.0339625,-1.07855
150579857906163,158.650112,0.2778875,-0.0099,-1.14455
150579867907076,158.660113,0.2277,-0.0246125,-1.1067375
150579877908307,158.670114,0.202125,-0.0111375,-0.9711625
150579887909528,158.680116,0.2277,-0.013612499,-0.7816875
150579897910533,158.690117,0.2363625,-0.10285,-0.5545375
150579907911687,158.700118,0.1874125,-0.21395,-0.368775
150579917912682,158.710119,0.1458875,-0.17613749,-0.3102
150579927913832,158.720120,0.17765,0.0462,-0.31501248
150579937915057,158.730121,0.2143625,0.330825,-0.29067498
150579947916071,158.740122,0.2607,0.5581125,-0.1892
150579957917215,158.750123,0.34141248,0.6571125,-0.0243375
150579967918211,158.760124,0.3999875,0.60335,0.139425
150579977919364,158.770125,0.4684625,0.3955875,0.2261875
150579987920349,158.780126,0.51975,0.1672,0.264
150579997921552,158.790128,0.4989875,0.031625,0.3202375
150580007922720,158.800129,0.4024625,0.0389125,0.451
150580017923706,158.810130,0.23265,0.16225,0.6843375
150580027924846,158.820131,0.014025,0.2880625,0.9959125
150580037925851,158.830132,-0.21573749,0.2649625,1.2695374
150580047927091,158.840133,-0.4038375,0.054725,1.386825
150580057928235,158.850134,-0.5308875,-0.205425,1.3366375
150580067929249,158.860135,-0.587125,-0.3557125,1.1950125
150580077930479,158.870136,-0.6018375,-0.3507625,1.0190125
150580087931408,158.880137,-0.5883625,-0.2017125,0.8639125
150580097932556,158.890139,-0.5284125,0.0254375,0.73562497
150580107933792,158.900140,-0.4527875,0.2380125,0.602525
150580117934797,158.910141,-0.3647875,0.3625875,0.4668125
150580127935980,158.920142,-0.2805,0.3430625,0.3117125
150580137937211,158.930143,-0.2193125,0.24653749,0.1406625
150580147938216,158.940144,-0.2035,0.158675,-0.0011
150580157939379,158.950145,-0.2255,0.0719125,-0.097625
150580167940394,158.960146,-0.2475,-0.013612499,-0.1634875
150580177941533,158.970148,-0.271975,-0.086899996,-0.2552
150580187942548,158.980149,-0.249975,-0.0686125,-0.37125
150580197943711,158.990150,-0.161975,0.059675,-0.4640625
150580207944932,159.000151,-0.0336875,0.1904375,-0.5215375
150580217945913,159.010152,0.0726,0.180675,-0.5753
150580227947086,159.020153,0.08855,0.0059125,-0.716925
150580237948062,159.030154,0.036025,-0.199375,-0.9722625
150580247949216,159.040155,-0.0385,-0.308,-1.2863125
150580257950201,159.050156,-0.1057375,-0.3972375,-1.64065
150580267951365,159.060157,-0.150975,-0.4937625,-1.97175
150580277952580,159.070159,-0.1705,-0.6342875,-2.2246125
150580287953576,159.080160,-0.1607375,-0.75405,-2.3761375
150580297954720,159.090161,-0.1656875,-0.7979125,-2.44695
150580307955720,159.100162,-0.2072125,-0.7161,-2.3931875
150580317956864,159.110163,-0.2695,-0.5743375,-2.140325
150580327958094,159.120164,-0.28655,-0.46805,-1.682175
150580337959033,159.130165,-0.251075,-0.4802875,-1.08845
150580347960277,159.140166,-0.2217875,-0.6513375,-0.48235
150580357961277,159.150167,-0.20955,-0.8724375,0.0429
150580367962426,159.160168,-0.1852125,-1.071675,0.4057625
150580377963436,159.170169,-0.146025,-1.1803,0.5731
150580387964599,159.180171,-0.095975,-1.0949125,0.5853375
150580397965830,159.190172,-0.056925,-0.8089125,0.5242875
150580407966835,159.200173,-0.0507375,-0.4327125,0.4277625
150580417967763,159.210174,-0.078925,-0.050325,0.3471875
150580427969249,159.220175,-0.13145,0.2332,0.3507625
150580437970249,159.230176,-0.1962125,0.368775,0.470525
150580447971186,159.240177,-0.2915,0.3870625,0.6611
150580457972417,159.250178,-0.372075,0.2905375,0.812625
150580467973566,159.260180,-0.41854998,0.142725,0.88467497
150580477974480,159.270180,-0.4246,0.0644875,0.890725
150580487975710,159.280182,-0.40755,0.091437496,0.8993875
150580497976710,159.290183,-0.37454998,0.10725,0.9139625
150580507977878,159.300184,-0.2597375,0.015675,0.9139625
150580517978874,159.310185,-0.201025,-0.0979,0.8859125
150580527980095,159.320186,-0.238975,-0.0759,0.829675
150580537981028,159.330187,-0.2597375,0.081675,0.741675
150580547982184,159.340188,-0.2217875,0.274725,0.6488625
150580557983417,159.350189,-0.14245,0.43353748,0.547525
150580567984399,159.360190,-0.0287375,0.550825,0.4387625
150580577985548,159.370192,-0.0691625,0.489775,0.189475
150580587986548,159.380193,-0.262075,0.1219625,-0.307725
150580597987768,159.390194,-0.4318875,-0.1456125,-0.8611625
150580607988692,159.400195,-0.5614125,-0.1370875,-1.296075
150580617989862,159.410196,-0.5638875,-0.1431375,-1.5257
150580627991091,159.420197,-0.4906,-0.315425,-1.544125
150580637992091,159.430198,-0.3245,-0.3471875,-1.2557875
150580647993256,159.440199,-0.12045,-0.282425,-0.8036875
150580657994271,159.450200,0.0653125,-0.188375,-0.3870625
150580667995401,159.460201,0.20693749,0.015675,-0.06215
150580677996401,159.470202,0.2168375,0.0974875,0.1296625
150580687997610,159.480204,0.1764125,-0.08085,0.18095
150580697998759,159.490205,0.1838375,-0.288475,0.194425
150580707999745,159.500206,0.2228875,-0.41799998,0.19813749
150580718000899,159.510207,0.2693625,-0.52305,0.1736625
150580728001887,159.520208,0.3169375,-0.5512375,0.1186625
150580738003039,159.530209,0.3597,-0.4767125,0.0611875
150580748004031,159.540210,0.373175,-0.392425,-0.0121
150580758005259,159.550211,0.351175,-0.315425,-0.0878625
150580768006413,159.560212,0.301125,-0.2226125,-0.124437496
150580778007408,159.570213,0.23265,-0.1016125,-0.0671
150580788008550,159.580215,0.1593625,0.0169125,0.064899996
150580798009550,159.590216,0.0836,0.10615,0.25795
150580808010704,159.600217,0.0188375,0.1194875,0.45581248
150580818011933,159.610218,-0.0361625,0.0413875,0.58905
150580828012947,159.620219,-0.082499996,-0.0856625,0.6281
150580838014101,159.630220,-0.0812625,-0.166375,0.569525
150580848015098,159.640221,-0.045925,-0.13585,0.44605
150580858016267,159.650222,0.0042625,-0.0088,0.319
150580868017252,159.660223,0.0543125,0.1329625,0.22495
150580878018410,159.670224,0.1043625,0.26125,0.189475
150580888019410,159.680225,0.125125,0.351725,0.2127125
150580898020655,159.690227,0.11055,0.3883,0.2787125
150580908021824,159.700228,0.0726,0.3443,0.352
150580918022824,159.710229,0.0188375,0.2294875,0.396
150580928023990,159.720230,-0.0154,0.1084875,0.398475
150580938025235,159.730231,-0.0385,0.0339625,0.3422375
150580948026163,159.740232,-0.051975,0.0119624995,0.22247499
150580958027383,159.750233,-0.0532125,0.0559625,0.084425
150580968028383,159.760234,-0.0471625,0.1414875,-0.0144375
150580978029537,159.770236,-0.0312125,0.2404875,-0.0609125
150580988030537,159.780237,-0.0116875,0.324775,-0.0451
150580998031679,159.790238,0.015125,0.374825,0.007425
150581008032878,159.800239,0.0726,0.3980625,0.106425
150581018033888,159.810240,0.1166,0.37125,0.2151875
150581028034808,159.820241,0.106837496,0.3064875,0.29095
150581038036068,159.830242,0.0823625,0.225775,0.30195
150581048037231,159.840243,0.075075,0.1684375,0.2652375
150581058038236,159.850244,0.0798875,0.1329625,0.22247499
150581068039390,159.860245,0.086075,0.1049125,0.1797125
150581078040380,159.870246,0.0726,0.0974875,0.13213749
150581088041549,159.880248,0.0468875,0.15619999,0.100375
150581098042763,159.890249,0.015125,0.2209625,0.10285
150581108043751,159.900250,-0.0202125,0.2954875,0.150425
150581118044905,159.910251,-0.0594,0.3089625,0.227425
150581128045915,159.920252,-0.10945,0.2514875,0.315425
150581138047068,159.930253,-0.1595,0.147675,0.4082375
150581148048283,159.940254,-0.1887875,0.0303875,0.487575
150581158049297,159.950255,-0.2035,-0.084425,0.5303375
150581168050466,159.960256,-0.2083125,-0.1871375,0.5291
150581178051456,159.970257,-0.201025,-0.260425,0.495
150581188052610,159.980259,-0.194975,-0.2921875,0.4167625
150581198053610,159.990260,-0.1557875,-0.2739,0.2982375
150581208054831,160.000261,-0.106975,-0.22495,0.1467125
150581218055756,160.010262,-0.045925,-0.2079,-0.00715
150581228056995,160.020263,0.0017875,-0.183425,-0.141625
150581238057920,160.030264,0.0836,-0.1626625,-0.263725
150581248059159,160.040265,0.1434125,-0.1566125,-0.38225
150581258060319,160.050266,0.1618375,-0.1736625,-0.4763
150581268061319,160.060267,0.1703625,-0.1711875,-0.53735
150581278062467,160.070268,0.1728375,-0.1639,-0.550825
150581288063467,160.080269,0.164175,-0.1480875,-0.5080625
150581298064681,160.090271,0.1496,-0.1236125,-0.4103
150581308065606,160.100272,0.14465,-0.0856625,-0.263725
150581318066849,160.110273,0.1373625,-0.0515625,-0.1159125
150581328068020,160.120274,0.1398375,-0.013612499,0.012375
150581338069003,160.130275,0.14465,0.02915,0.0941875
150581348070174,160.140276,0.1288375,0.0633875,0.1381875
150581358071403,160.150277,0.0946,0.0669625,0.1651375
150581368072403,160.160278,0.0518375,0.0474375,0.1882375
150581378073323,160.170279,0.020075,0.0279125,0.1992375
150581388074552,160.180281,0.014025,0.0119624995,0.189475
150581398075693,160.190282,0.0273625,-0.0050875,0.156475
150581408076693,160.200283,0.048125,-0.0026125,0.11495
150581418077851,160.210284,0.0763125,0.037675,0.09295
150581428078832,160.220285,0.103125,0.0974875,0.1076625
150581438079986,160.230286,0.1166,0.12925,0.14795
150581448080991,160.240287,0.1238875,0.124437496,0.1859
150581458082205,160.250288,0.1276,0.098725,0.22247499
150581468083377,160.260289,0.1203125,0.0633875,0.23595
150581478084382,160.270290,0.119075,0.032725,0.2322375
150581488085536,160.280292,0.1214125,0.026675,0.22247499
150581498086736,160.290293,0.1214125,0.0462,0.20295
150581508087750,160.300294,0.119075,0.0682,0.1736625
150581518088890,160.310295,0.114125,0.0939125,0.139425
150581528089885,160.320296,0.103125,0.103675,0.10285
150581538091040,160.330297,0.0946,0.09515,0.0796125
150581548092035,160.340298,0.1018875,0.103675,0.0759
150581558093194,160.350299,0.117837496,0.12925,0.0906125
150581568094194,160.360300,0.1263625,0.142725,0.108899996
150581578095333,160.370301,0.1238875,0.153725,0.1186625
150581588096324,160.380302,0.108075,0.1634875,0.12595
150581598097567,160.390304,0.0836,0.1574375,0.145475
150581608098707,160.400305,0.0506,0.142725,0.161425
150581618099694,160.410306,0.02255,0.1219625,0.167475
150581628100861,160.420307,0.0066,0.092675,0.1577125
150581638101847,160.430308,-0.0067375,0.0719125,0.1516625
150581648102982,160.440309,-0.01045,0.0829125,0.166375
150581658104205,160.450310,-0.01045,0.1219625,0.2017125
150581668105219,160.460311,-0.0166375,0.1439625,0.2517625
150581678106388,160.470312,-0.018975,0.12925,0.297
150581688107388,160.480313,-0.0202125,0.0974875,0.3251875
150581698108547,160.490315,-0.0312125,0.065725,0.32999998
150581708109537,160.500316,-0.045925,0.05115,0.30195
150581718110763,160.510317,-0.0507375,0.0609125,0.253
150581728111917,160.520318,-0.0532125,0.0449625,0.177375
150581738112927,160.530319,-0.0556875,-0.013612499,0.08085
150581748114085,160.540320,-0.0397375,-0.0771375,-0.0083875
150581758115087,160.550321,-0.0067375,-0.10285,-0.075625
150581768116241,160.560322,0.031075,-0.0966625,-0.114675
150581778117251,160.570323,0.06655,-0.0796125,-0.1269125
150581788118419,160.580324,0.0933625,-0.0515625,-0.119625
150581798119419,160.590325,0.1093125,-0.036849998,-0.1073875
150581808120647,160.600327,0.11165,-0.047849998,-0.1073875
150581818121816,160.610328,0.1153625,-0.0661375,-0.102437496
150581828122825,160.620329,0.1423125,-0.06985,-0.091437496
150581838123965,160.630330,0.1678875,-0.0600875,-0.0779625
150581848124936,160.640331,0.18259999,-0.034375,-0.06215
150581858126111,160.650332,0.1936,0.0169125,-0.0548625
150581868127111,160.660333,0.19965,0.0694375,-0.048675
150581878128280,160.670334,0.18865,0.1109625,-0.0193875
150581888129509,160.680336,0.1618375,0.1219625,0.0380875
150581898130494,160.690336,0.1348875,0.10615,0.0991375
150581908131655,160.700338,0.106837496,0.0559625,0.1381875
150581918132658,160.710339,0.07755,0.009625,0.1639
150581928133799,160.720340,0.0603625,-0.0050875,0.177375
150581938134799,160.730341,0.05555,-0.006325,0.167475
150581948136032,160.740342,0.0468875,-0.006325,0.13695
150581958136957,160.750343,0.0433125,-0.02585,0.0831875
150581968138181,160.760344,0.0457875,-0.0246125,0.007425
150581978139351,160.770345,0.0543125,0.020624999,-0.0523875
150581988140351,160.780346,0.0677875,0.102437496,-0.07315
150581998141495,160.790347,0.0946,0.1904375,-0.0682
150582008142507,160.800349,0.1238875,0.2270125,-0.037675
150582018143675,160.810350,0.1398375,0.2124375,0.0270875
150582028144894,160.820351,0.1458875,0.1574375,0.1126125
150582038145889,160.830352,0.141075,0.0974875,0.177375
150582048147029,160.840353,0.1276,0.0719125,0.2041875
150582058148014,160.850354,0.1166,0.09515,0.1931875
150582068149173,160.860355,0.106837496,0.1354375,0.156475
150582078150175,160.870356,0.1093125,0.1794375,0.100375
150582088151317,160.880357,0.125125,0.2112,0.0380875
150582098152333,160.890358,0.1496,0.2209625,-0.00715
150582108153547,160.900360,0.16665,0.2344375,-0.02915
150582118154701,160.910361,0.18259999,0.25025,-0.0218625
150582128155634,160.920362,0.197175,0.2673,-0.0034375
150582138156865,160.930363,0.18865,0.2759625,0.0270875
150582148157867,160.940364,0.163075,0.27225,0.0551375
150582158159019,160.950365,0.1348875,0.25753748,0.07095
150582168160019,160.960366,0.11055,0.2662,0.056375
150582178161165,160.970367,0.08855,0.30525,0.0209
150582188162151,160.980368,0.0763125,0.329725,-0.015675
150582198163310,160.990369,0.06655,0.3663,-0.0572
150582208164542,161.000371,0.0628375,0.3700125,-0.0671
150582218165566,161.010372,0.04455,0.324775,-0.0218625
150582228166749,161.020373,0.0396,0.158675,-0.0279125
150582238167745,161.030374,0.042075,0.1159125,-0.0413875
150582248168901,161.040375,0.042075,0.1489125,-0.0584375
150582258169905,161.050376,0.0383625,0.2184875,-0.0719125
150582268171059,161.060377,0.02255,0.2234375,-0.086625
150582278172074,161.070378,0.0078375,0.12815,-0.0694375
150582288173534,161.080380,-0.007975,-0.0198,-0.0108624995
150582298174223,161.090380,0.0066,-0.150425,0.067375
150582308175452,161.100381,0.0286,-0.205425,0.1076625
150582318176608,161.110383,0.0323125,-0.15413749,0.1247125
150582328177832,161.120384,0.0433125,-0.0295625,0.14795
150582338178774,161.130385,0.0543125,0.1159125,0.1651375
150582348179790,161.140386,0.0628375,0.2099625,0.1711875
150582358181027,161.150387,0.0653125,0.19167499,0.133375
150582368182177,161.160388,0.0578875,0.0754875,0.02585
150582378183086,161.170389,0.059125,0.0132,-0.113437496
150582388184400,161.180390,0.0798875,0.0889625,-0.2234375
150582398185309,161.190391,0.11165,0.197725,-0.2844875
150582408186463,161.200392,0.1313125,0.2563,-0.2930125
150582418187697,161.210394,0.1373625,0.236775,-0.2564375
150582428188692,161.220395,0.1288375,0.180675,-0.164725
150582438189629,161.230396,0.1093125,0.1269125,-0.0671
150582448190860,161.240397,0.0836,0.0974875,0.0026125
150582458192018,161.250398,0.0603625,0.102437496,0.0441375
150582468193033,161.260399,0.037125,0.113437496,0.0746625
150582478194273,161.270400,0.0188375,0.10725,0.0991375
150582488195426,161.280401,0.0103124995,0.087725,0.1137125
150582498196421,161.290402,0.020075,0.0792,0.1051875
150582508197561,161.300404,0.036025,0.091437496,0.095425
150582518198561,161.310405,0.0518375,0.1084875,0.0856625
150582528199734,161.320406,0.053075,0.125675,0.0831875
150582538200739,161.330407,0.0408375,0.1452,0.086899996
150582548201907,161.340408,0.0286,0.1342,0.0796125
150582558203129,161.350409,0.015125,0.103675,0.0576125
150582568204133,161.360410,-6.875E-4,0.0864875,0.0380875
150582578205287,161.370411,-0.0092124995,0.0719125,0.018424999
150582588206282,161.380412,-0.0092124995,0.0572,0.013612499
150582598207456,161.390413,-0.0044,0.031625,0.0086624995
150582608208427,161.400414,0.003025,0.00715,-0.0121
150582618209562,161.410416,0.0188375,0.009625,-0.0451
150582628210562,161.420417,0.0506,0.0364375,-0.0779625
150582638211691,161.430418,0.086075,0.0804375,-0.0999625
150582648212922,161.440419,0.1153625,0.1304875,-0.10615
150582658213917,161.450420,0.1324125,0.142725,-0.097625
150582668215066,161.460421,0.13859999,0.11715,-0.086625
150582678216066,161.470422,0.1373625,0.0829125,-0.07315
150582688217205,161.480423,0.136125,0.048675,-0.0633875
150582698218200,161.490424,0.141075,0.0254375,-0.0658625
150582708219359,161.500425,0.14465,0.0193875,-0.0743875
150582718220345,161.510426,0.14465,0.0193875,-0.08415
150582728221480,161.520427,0.147125,0.0279125,-0.103675
150582738222706,161.530429,0.1483625,0.0279125,-0.1183875
150582748223730,161.540430,0.1593625,0.0804375,-0.1293875
150582758224883,161.550431,0.186175,0.10725,-0.1379125
150582768225869,161.560432,0.2156,0.0963875,-0.1524875
150582778227032,161.570433,0.22893749,0.0719125,-0.1524875
150582788228046,161.580434,0.252175,0.098725,-0.120725
150582798229196,161.590435,0.263175,0.147675,-0.059675
150582808230186,161.600436,0.25959998,0.1879625,0.0160875
150582818231346,161.610437,0.23265,0.1879625,0.0771375
150582828232355,161.620438,0.1874125,0.15125,0.1236125
150582838233509,161.630440,0.15565,0.1012,0.1577125
150582848234740,161.640441,0.1263625,0.0413875,0.20295
150582858235750,161.650442,0.1166,0.0364375,0.2409
150582868236880,161.660443,0.117837496,0.020624999,0.2542375
150582878237889,161.670444,0.108075,0.0352,0.264
150582888239053,161.680445,0.095837496,0.05115,0.2652375
150582898240067,161.690446,0.08855,0.0743875,0.264
150582908241207,161.700447,0.081125,0.10725,0.2677125
150582918242427,161.710448,0.0836,0.1329625,0.2872375
150582928243427,161.720449,0.0836,0.1439625,0.3141875
150582938244566,161.730451,0.0677875,0.120725,0.3337125
150582948245566,161.740452,0.0543125,0.076725,0.332475
150582958246706,161.750453,0.0518375,0.0584375,0.327525
150582968247730,161.760454,0.037125,0.0523875,0.3031875
150582978248884,161.770455,0.0323125,0.076725,0.25795
150582988249884,161.780456,0.031075,0.09515,0.2299
150582998251120,161.790457,0.0347875,0.11715,0.2212375
150583008252274,161.800458,0.0408375,0.103675,0.2041875
150583018253274,161.810459,0.0457875,0.102437496,0.1687125
150583028254428,161.820460,0.0493625,0.1269125,0.1076625
150583038255442,161.830461,0.0616,0.1574375,0.0270875
150583048256566,161.840463,0.075075,0.1989625,-0.0389125
150583058257571,161.850464,0.08965,0.2319625,-0.0633875
150583068258740,161.860465,0.106837496,0.225775,-0.0561
150583078259754,161.870466,0.117837496,0.192775,-0.0451
150583088260985,161.880467,0.1166,0.158675,-0.0341
150583098262149,161.890468,0.108075,0.1489125,-0.0193875
150583108263158,161.900469,0.108075,0.1489125,0.007425
150583118264303,161.910470,0.12265,0.1439625,0.0221375
150583128265317,161.920471,0.136125,0.12925,0.040425
150583138266471,161.930472,0.141075,0.1109625,0.062425
150583148267452,161.940473,0.1483625,0.09515,0.0979
150583158268606,161.950475,0.1533125,0.07315,0.1186625
150583168269591,161.960476,0.147125,0.015675,0.1247125
150583178270730,161.970477,0.163075,-0.023375,0.106425
150583188271716,161.980478,0.191125,-0.0490875,0.0636625
150583198272869,161.990479,0.219175,-0.0576125,-0.00715
150583208274099,162.000480,0.2486,0.048675,-0.113437496
150583218275099,162.010481,0.29741248,0.1379125,-0.1794375
150583228276239,162.020482,0.3144625,0.214775,-0.23567499
150583238277225,162.030483,0.24365,0.2990625,-0.285725
150583248278374,162.040484,0.296175,0.4200625,-0.29425
150583258279359,162.050485,0.406175,0.4860625,-0.2600125
150583268280518,162.060487,0.47575,0.429825,-0.19525
150583278281523,162.070488,0.4745125,0.291775,-0.1122
150583288282706,162.080489,0.4219875,0.2160125,-0.0352
150583298283937,162.090490,0.3669875,0.1830125,1.375E-4
150583308284961,162.100491,0.3169375,0.1892,-0.0144375
150583318286115,162.110492,0.2619375,0.25753748,-0.0499125
150583328287144,162.120493,0.1874125,0.4835875,-0.10615
150583338288312,162.130494,0.1093125,0.8342125,-0.197725
150583348289312,162.140495,0.048125,1.1592625,-0.3309625
150583358290471,162.150496,0.0176,1.3498375,-0.49101248
150583368291471,162.160497,0.0237875,1.3644125,-0.64735
150583378292702,162.170499,0.117837496,1.2923625,-0.7426375
150583388293856,162.180500,0.2509375,1.13355,-0.787875
150583398294884,162.190501,0.2278375,1.0407375,-0.787875
150583408296038,162.200502,0.103125,1.06755,-0.73768747
150583418297048,162.210503,0.0078375,1.1653125,-0.704825
150583428298216,162.220504,0.0053625,1.2166,-0.716925
150583438299187,162.230505,0.08855,1.1543125,-0.73535
150583448300341,162.240506,0.19965,0.9942625,-0.7266875
150583458301327,162.250507,0.29741248,0.8232125,-0.6791125
150583468302481,162.260508,0.3744125,0.7316375,-0.611875
150583478303481,162.270509,0.4439875,0.666875,-0.555775
150583488304630,162.280511,0.5039375,0.5520625,-0.5240125
150583498305840,162.290512,0.511225,0.4065875,-0.50435
150583508306840,162.300513,0.4587,0.291775,-0.478775
150583518308008,162.310514,0.3768875,0.1940125,-0.417725
150583528309013,162.320515,0.2937,0.1464375,-0.2674375
150583538310157,162.330516,0.26565,0.2930125,-0.0303875
150583548311177,162.340517,0.274175,0.44701248,0.133375
150583558312316,162.350518,0.34265,0.5446375,0.22495
150583568313316,162.360519,0.4367,0.6094,0.21395
150583578314465,162.370520,0.4807,0.6851625,0.1161875
150583588315696,162.380522,0.40974998,0.73768747,-0.04015
150583598316682,162.390523,0.3694625,0.7744,-0.1782
150583608317615,162.400524,0.4134625,0.82568747,-0.279675
150583618318846,162.410525,0.4525125,0.7976375,-0.3700125
150583628319994,162.420526,0.4587,0.65587497,-0.4543
150583638320984,162.430527,0.4489375,0.49335,-0.506825
150583648322124,162.440528,0.45993748,0.3614875,-0.5325375
150583658323124,162.450529,0.4917,0.2600125,-0.533775
150583668324268,162.460530,0.4367,0.1500125,-0.5190625
150583678325258,162.470531,0.3059375,0.181775,-0.4800125
150583688326412,162.480532,0.3304125,0.1940125,-0.440825
150583698327393,162.490533,0.3304125,0.2234375,-0.4115375
150583708328557,162.500535,0.390225,0.329725,-0.340725
150583718329566,162.510536,0.49774998,0.3553,-0.2564375
150583728330720,162.520537,0.5869875,0.3174875,-0.1574375
150583738331937,162.530538,0.611325,0.2563,-0.0438625
150583748332937,162.540539,0.572275,0.1049125,0.073425
150583758334091,162.550540,0.5039375,-0.067375,0.18095
150583768335105,162.560541,0.4489375,-0.238425,0.253
150583778336278,162.570542,0.41593748,-0.359425,0.27995
150583788337278,162.580543,0.3694625,-0.3691875,0.2627625
150583798338441,162.590544,0.3254625,-0.2946625,0.2102375
150583808339465,162.600545,0.2888875,-0.2347125,0.1601875
150583818340619,162.610547,0.2619375,-0.23595,0.13695
150583828341624,162.620548,0.2278375,-0.2726625,0.1456125
150583838342792,162.630549,0.1923625,-0.3887125,0.1797125
150583848344023,162.640550,0.097075,-0.5402375,0.2286625
150583858345023,162.650551,-0.0154,-0.616,0.2701875
150583868346191,162.660552,-0.1557875,-0.6171,0.3031875
150583878347187,162.670553,-0.284075,-0.6232875,0.3532375
150583888348322,162.680554,-0.372075,-0.6171,0.4522375
150583898349322,162.690555,-0.433125,-0.63305,0.5743375
150583908350471,162.700556,-0.4538875,-0.6452875,0.7038625
150583918351480,162.710557,-0.4453625,-0.6598625,0.79915
150583928352644,162.720559,-0.4123625,-0.7198125,0.8199125
150583938353860,162.730560,-0.36107498,-0.8749125,0.752675
150583948354846,162.740561,-0.31955,-1.0630125,0.6318125
150583958356009,162.750562,-0.35255,-1.10825,0.4937625
150583968357004,162.760563,-0.5333625,-1.2035375,0.3447125
150583978358144,162.770564,-0.5944125,-1.441825,0.264
150583988359139,162.780565,-0.554125,-1.5811125,0.22013749
150583998360293,162.790566,-0.5126,-1.419825,0.14795
150584008361293,162.800567,-0.4893625,-1.1204875,-0.0743875
150584018362457,162.810568,-0.44288749,-1.03125,-0.3260125
150584028363456,162.820569,-0.34759998,-1.2035375,-0.4384875
150584038364625,162.830571,-0.2413125,-1.127775,-0.429825
150584048365634,162.840572,-0.1582625,-1.138775,-0.346775
150584058366869,162.850573,-0.078925,-1.281775,-0.258775
150584068368028,162.860574,-0.012925,-1.3220625,-0.2149125
150584078369033,162.870575,0.0396,-1.265825,-0.230725
150584088370176,162.880576,0.103125,-1.1584375,-0.25025
150584098371176,162.890577,0.1606,-0.967725,-0.19415
150584108372345,162.900578,0.21065,-0.790625,-0.102437496
150584118373344,162.910579,0.26565,-0.74415,0.0319
150584128374489,162.920580,0.235125,-0.8822,0.17613749
150584138375484,162.930581,0.1018875,-0.9323875,0.1711875
150584148376638,162.940583,-0.0935,-0.906675,0.045375
150584158377643,162.950584,-0.300025,-0.83709997,-0.0889625
150584168378802,162.960585,-0.400125,-0.76505,-0.1452
150584178379802,162.970586,-0.399025,-0.7123875,-0.0829125
150584188380956,162.980587,-0.3183125,-0.6367625,0.0209
150584198382187,162.990588,-0.19373749,-0.58905,0.0441375
150584208383159,163.000589,-0.0275,-0.73205,0.0356125
150584218384308,163.010590,0.17765,-1.0252,0.0490875
150584228385308,163.020591,0.3914625,-1.5065875,0.1711875
150584238386466,163.030592,0.53075,-1.9562125,0.3177625
150584248387471,163.040593,0.533225,-2.26765,0.385
150584258388610,163.050595,0.4195125,-2.5047,0.385
150584268389615,163.060596,0.2827,-2.56575,0.3557125
150584278390769,163.070597,0.106837496,-2.0587876,0.454575
150584288391769,163.080598,-0.1485,-1.077725,0.6978125
150584298393005,163.090599,-0.4123625,-0.8493375,0.5401
150584308393932,163.100600,-0.4918375,-0.81014997,0.305525
150584318395077,163.110601,-0.4197875,-0.8701,0.19195
150584328396072,163.120602,-0.295075,-1.116775,0.20295
150584338397221,163.130603,-0.14245,-1.3220625,0.216425
150584348398452,163.140604,-0.0092124995,-1.4883,0.1639
150584358399466,163.150605,0.0518375,-1.67145,0.06985
150584368400620,163.160607,0.0103124995,-1.734975,0.00385
150584378401643,163.170608,-0.0287375,-1.485825,-0.0719125
150584388402783,163.180609,-6.875E-4,-1.1229625,-0.1672
150584398403774,163.190610,0.08855,-0.9702,-0.324775
150584408404932,163.200611,0.185075,-1.000725,-0.3529625
150584418405922,163.210612,0.2094125,-1.0019625,-0.2784375
150584428407076,163.220613,0.191125,-1.0289125,-0.18315
150584438408321,163.230614,0.1288375,-1.0582,-0.1489125
150584448409326,163.240615,0.147125,-1.13025,-0.142725
150584458410480,163.250616,0.35365,-1.1046749,-0.2319625
150584468411475,163.260617,0.57722497,-1.3160125,-0.3174875
150584478412615,163.270619,0.5820375,-1.30625,-0.280775
150584488413629,163.280620,0.450175,-1.2329625,-0.1623875
150584498414787,163.290621,0.35365,-1.24025,-0.0243375
150584508415787,163.300622,0.329175,-1.303775,0.0539
150584518416941,163.310623,0.329175,-1.21825,0.10395
150584528417913,163.320624,0.335225,-0.955625,0.0661375
150584538419053,163.330625,0.3914625,-0.6818625,-0.0999625
150584548420058,163.340626,0.445225,-0.459525,-0.3345375
150584558421225,163.350627,0.483175,-0.2481875,-0.5533
150584568422220,163.360628,0.5137,-0.0405625,-0.6766375
150584578423350,163.370629,0.2814625,0.2869625,-0.5985375
150584588424355,163.380630,0.125125,0.6204,-0.395725
150584598425581,163.390632,0.13859999,0.9772125,-0.158675
150584608426721,163.400633,0.29865,1.197075,0.09185
150584618427721,163.410634,0.32065,0.832975,-0.16115
150584628428861,163.420635,0.07755,0.6681125,-0.3614875
150584638429861,163.430636,-0.260975,0.4530625,-0.396825
150584648431043,163.440637,-0.5174125,0.1769625,-0.3810125
150584658432038,163.450638,-0.7019375,0.0559625,-0.32725
150584668433178,163.460639,-0.808225,0.1782,-0.2259125
150584678434183,163.470640,-0.80575,0.2844875,-0.1452
150584688435342,163.480641,-0.7569375,0.330825,-0.23567499
150584698436351,163.490642,-0.7654625,0.4250125,-0.373725
150584708437520,163.500644,-0.648175,0.2979625,-0.4323
150584718438505,163.510645,-0.499125,0.0974875,-0.4433
150584728439658,163.520646,-0.40507498,-0.166375,-0.511775
150584738440904,163.530647,-0.4954125,-0.352,-0.65835
150584748441923,163.540648,-0.5663625,-0.5902875,-0.8452125
150584758443082,163.550649,-0.58465,-0.895675,-1.002925
150584768444086,163.560650,-0.4783625,-1.2060125,-1.125025
150584778445245,163.570651,-0.3048375,-1.4173499,-1.0883125
150584788446245,163.580652,-0.3562625,-1.40635,-0.975975
150584798447399,163.590653,-0.4686,-1.3074875,-0.8562125
150584808448409,163.600654,-0.48565,-1.10825,-0.83545
150584818449563,163.610656,-0.37454998,-0.8273375,-0.804925
150584828450577,163.620657,-0.1252625,-0.57805,-0.5055875
150584838451745,163.630658,-0.1962125,-0.6428125,-0.5300625
150584848452726,163.640659,-0.23155,-0.76505,-0.4970625
150584858453874,163.650660,-0.333025,-0.8468625,-0.351725
150584868454884,163.660661,-0.422125,-0.862675,-0.241725
150584878456037,163.670662,-0.444125,-0.7711,-0.208725
150584888457032,163.680663,-0.388025,-0.591525,-0.1892
150584898458186,163.690664,-0.3537875,-0.41195,-0.1794375
150584908459417,163.700665,-0.3573625,-0.2237125,-0.1634875
150584918460412,163.710666,-0.3598375,-0.2189,-0.2490125
150584928461561,163.720668,-0.30855,-0.0088,-0.2514875
150584938462561,163.730669,-0.190025,-0.0625625,-0.169675
150584948463710,163.740670,-0.0374,-0.2849,-0.064625
150584958464725,163.750671,0.06655,-0.4607625,-0.0279125
150584968465864,163.760672,0.095837496,-0.561,-0.0671
150584978467105,163.770673,0.08855,-0.5328125,-0.1269125
150584988468014,163.780674,0.0396,-0.4437125,-0.1854875
150584998469231,163.790675,0.0103124995,-0.43147498,-0.1892
150585008470168,163.800676,0.0103124995,-0.341,-0.21615
150585018471177,163.810677,0.042075,-0.1406625,-0.33825
150585028472342,163.820678,0.037125,-0.0198,-0.4885375
150585038473332,163.830679,0.031075,-0.0270875,-0.5715875
150585048474562,163.840681,0.04455,-0.1211375,-0.6216375
150585058475721,163.850682,0.07755,-0.2299,-0.71335
150585068476706,163.860683,0.07755,-0.3056625,-0.83545
150585078477846,163.870684,0.025024999,-0.40094998,-0.9174
150585088478860,163.880685,-0.040975,-0.46695,-0.93445
150585098480014,163.890686,-0.1216875,-0.37895,-0.881925
150585108481014,163.900687,-0.1925,-0.1969,-0.7646375
150585118482168,163.910688,-0.306075,-0.111375,-0.6510625
150585128483139,163.920689,-0.389125,-0.0526625,-0.5740625
150585138484308,163.930690,-0.427075,-0.0246125,-0.50435
150585148485288,163.940691,-0.4343625,-0.0270875,-0.42625
150585158486442,163.950692,-0.3977875,-0.0966625,-0.33825
150585168487428,163.960693,-0.3427875,-0.1346125,-0.2869625
150585178488563,163.970695,-0.3012625,-0.1271875,-0.268675
150585188489783,163.980696,-0.227975,-0.13213749,-0.274725
150585198490774,163.990697,-0.1607375,-0.17985,-0.2734875
150585208491932,164.000698,-0.1192125,-0.232375,-0.285725
150585218492932,164.010699,-0.106975,-0.2811875,-0.30153748
150585228494086,164.020700,-0.122925,-0.315425,-0.30525
150585238495101,164.030701,-0.1557875,-0.319,-0.313775
150585248496260,164.040702,-0.17545,-0.4497625,-0.31501248
150585258497245,164.050703,-0.161975,-0.663575,-0.2882
150585268498399,164.060704,-0.1032625,-0.828575,-0.2564375
150585278499394,164.070705,-0.023924999,-0.9031,-0.257675
150585288500553,164.080707,0.0408375,-0.8614375,-0.280775
150585298501563,164.090708,0.11055,-0.757625,-0.2992
150585308502717,164.100709,0.1764125,-0.6428125,-0.2882
150585318503731,164.110710,0.2168375,-0.5402375,-0.27101249
150585328504977,164.120711,0.2168375,-0.52305,-0.27101249
150585338506130,164.130712,0.1716,-0.58905,-0.2844875
150585348507057,164.140713,0.117837496,-0.6098125,-0.3102
150585358508303,164.150714,0.0738375,-0.56581247,-0.3504875
150585368509303,164.160715,0.025024999,-0.517,-0.3675375
150585378510457,164.170716,-0.040975,-0.473,-0.3614875
150585388511442,164.180717,-0.0837375,-0.3887125,-0.35901248
150585398512582,164.190719,-0.0727375,-0.3092375,-0.3419625
150585408513582,164.200720,-0.0374,-0.2629,-0.3114375
150585418514745,164.210721,-0.0116875,-0.21395,-0.2662
150585428515760,164.220722,-0.0031625,-0.1406625,-0.2160125
150585438516914,164.230723,-0.0312125,-0.095425,-0.1414875
150585448517904,164.240724,-0.0801625,-0.133375,-0.0669625
150585458519058,164.250725,-0.113025,-0.21395,-0.04015
150585468520058,164.260726,-0.1326875,-0.2762375,-0.0523875
150585478521197,164.270727,-0.1667875,-0.370425,-0.0792
150585488522188,164.280728,-0.1962125,-0.4607625,-0.1073875
150585498523403,164.290729,-0.1815,-0.5242875,-0.0804375
150585508524572,164.300731,-0.1326875,-0.674575,-0.0779625
150585518525567,164.310732,-0.0507375,-0.7563875,-0.097625
150585528526485,164.320732,0.020075,-0.6721,-0.0804375
150585538527716,164.330734,0.0347875,-0.5462875,-0.015675
150585548528870,164.340735,0.0078375,-0.47547498,0.0441375
150585558529865,164.350736,-0.018975,-0.38747498,0.0539
150585568531019,164.360737,-0.0642125,-0.2726625,0.0209
150585578532034,164.370738,-0.124025,-0.22013749,-0.0633875
150585588533164,164.380739,-0.194975,-0.20295,-0.15619999
150585598534159,164.390740,-0.2572625,-0.2409,-0.23567499
150585608535318,164.400741,-0.3097875,-0.2481875,-0.3089625
150585618536327,164.410742,-0.3342625,-0.19813749,-0.3760625
150585628537472,164.420743,-0.3317875,-0.1431375,-0.445775
150585638538476,164.430744,-0.3366,-0.0539,-0.5190625
150585648539630,164.440746,-0.339075,0.043725,-0.578875
150585658540625,164.450747,-0.34155,0.1109625,-0.5911125
150585668541778,164.460748,-0.3598375,0.1610125,-0.58134997
150585678542774,164.470749,-0.3928375,0.1892,-0.5776375
150585688544014,164.480750,-0.4343625,0.19167499,-0.5985375
150585698545173,164.490751,-0.4698375,0.180675,-0.6241125
150585708546173,164.500752,-0.4906,0.18425,-0.65835
150585718547346,164.510753,-0.4978875,0.202675,-0.710875
150585728548346,164.520754,-0.504075,0.2490125,-0.75845
150585738549514,164.530756,-0.5138375,0.2552,-0.771925
150585748550514,164.540757,-0.499125,0.2429625,-0.765875
150585758551683,164.550758,-0.4686,0.2270125,-0.7536375
150585768552668,164.560759,-0.4246,0.1892,-0.75116247
150585778553822,164.570760,-0.3683625,0.1329625,-0.74387497
150585788554827,164.580761,-0.3355,0.0974875,-0.7181625
150585798555991,164.590762,-0.3342625,0.0669625,-0.65587497
150585808556991,164.600763,-0.36107498,0.0119624995,-0.59235
150585818558159,164.610764,-0.39655,-0.0490875,-0.5533
150585828559398,164.620765,-0.422125,-0.0466125,-0.52635
150585838560398,164.630766,-0.4307875,0.037675,-0.5240125
150585848561552,164.640768,-0.4233625,0.15125,-0.5240125
150585858562572,164.650769,-0.416075,0.202675,-0.522775
150585868563504,164.660770,-0.4063125,0.0682,-0.517825
150585878564663,164.670771,-0.40507498,-0.1370875,-0.50325
150585888565648,164.680772,-0.4087875,-0.2041875,-0.4860625
150585898566879,164.690773,-0.4368375,-0.172425,-0.4885375
150585908568018,164.700774,-0.49307498,-0.111375,-0.4725875
150585918569018,164.710775,-0.5688375,-0.0319,-0.445775
150585928570168,164.720776,-0.631125,0.0339625,-0.429825
150585938571182,164.730777,-0.6628875,0.0254375,-0.412775
150585948572322,164.740778,-0.67265,0.0169125,-0.4005375
150585958573322,164.750779,-0.6774625,0.0279125,-0.407825
150585968574476,164.760780,-0.6787,0.032725,-0.4140125
150585978575476,164.770781,-0.687225,0.042625,-0.406725
150585988576629,164.780783,-0.6763625,0.0059125,-0.3969625
150585998577616,164.790784,-0.6274125,-0.0966625,-0.4090625
150586008578774,164.800785,-0.52965,-0.210375,-0.48125
150586018579774,164.810786,-0.3928375,-0.3117125,-0.5765375
150586028580913,164.820787,-0.2547875,-0.41195,-0.6424
150586038582144,164.830788,-0.161975,-0.5022875,-0.6485875
150586048583125,164.840789,-0.1326875,-0.5402375,-0.616825
150586058584279,164.850790,-0.1485,-0.5622375,-0.6106375
150586068585279,164.860791,-0.22055,-0.5462875,-0.633875
150586078586216,164.870792,-0.3427875,-0.453475,-0.666875
150586088587447,164.880793,-0.4648875,-0.3691875,-0.688875
150586098588606,164.890795,-0.5809375,-0.2959,-0.694925
150586108589606,164.900796,-0.68488747,-0.199375,-0.6791125
150586118590770,164.910797,-0.77165,-0.122375,-0.649825
150586128591770,164.920798,-0.8327,-0.067375,-0.63635
150586138592928,164.930799,-0.8729875,-0.0221375,-0.63635
150586148593924,164.940800,-0.9207,0.0083875,-0.59482497
150586158595077,164.950801,-0.9425625,0.0242,-0.5105375
150586168596086,164.960802,-0.92922497,0.0022,-0.428725
150586178597240,164.970803,-0.8877,-0.0246125,-0.3639625
150586188598240,164.980804,-0.84122497,-0.0295625,-0.30153748
150586198599394,164.990805,-0.797225,-0.0636625,-0.2369125
150586208600384,165.000806,-0.736175,-0.1419,-0.1989625
150586218601552,165.010808,-0.659175,-0.2409,-0.1659625
150586228602553,165.020809,-0.631125,-0.393525,-0.2294875
150586238603707,165.030810,-0.482075,-0.2261875,-0.125675
150586248604938,165.040811,-0.4038375,-0.2116125,-0.0011
150586258605938,165.050812,-0.3793625,-0.341,-0.0279125
150586268607092,165.060813,-0.3073125,-0.2787125,-0.0523875
150586278608096,165.070814,-0.245025,-0.2811875,-0.0561
150586288609250,165.080815,-0.19855,-0.41195,-0.1733875
150586298610249,165.090816,-0.161975,-0.3997125,-0.3260125
150586308611384,165.100817,-0.1777875,-0.365475,-0.3749625
150586318612390,165.110818,-0.24255,-0.3837625,-0.346775
150586328613543,165.120820,-0.333025,-0.374,-0.27225
150586338614533,165.130821,-0.411125,-0.3179,-0.2404875
150586348615687,165.140822,-0.4466,-0.2396625,-0.257675
150586358616687,165.150823,-0.47465,-0.205425,-0.2930125
150586368617846,165.160824,-0.50888747,-0.1907125,-0.3504875
150586378618855,165.170825,-0.560175,-0.1907125,-0.3760625
150586388620009,165.180826,-0.6054125,-0.19813749,-0.34925
150586398621009,165.190827,-0.6188875,-0.188375,-0.33825
150586408622163,165.200828,-0.620125,-0.1431375,-0.38225
150586418623177,165.210829,-0.620125,-0.1260875,-0.4555375
150586428624331,165.220830,-0.620125,-0.13585,-0.5080625
150586438625326,165.230831,-0.6323625,-0.1601875,-0.49225
150586448626557,165.240833,-0.6249375,-0.150425,-0.456775
150586458627711,165.250834,-0.6078875,-0.058849998,-0.4395875
150586468628711,165.260835,-0.5993625,0.0059125,-0.440825
150586478629648,165.270836,-0.58959997,-0.0088,-0.4274875
150586488630817,165.280837,-0.571175,-0.086899996,-0.40425
150586498631817,165.290838,-0.549175,-0.16995,-0.3675375
150586508633056,165.300839,-0.526075,-0.21395,-0.33825
150586518634210,165.310840,-0.5003625,-0.2151875,-0.3212
150586528635210,165.320841,-0.48688748,-0.2176625,-0.313775
150586538636359,165.330842,-0.4943125,-0.23595,-0.2930125
150586548637345,165.340843,-0.4906,-0.266475,-0.2905375
150586558638499,165.350844,-0.4723125,-0.30195,-0.3064875
150586568639499,165.360845,-0.4478375,-0.31295,-0.3370125
150586578640648,165.370847,-0.427075,-0.30195,-0.3650625
150586588641648,165.380848,-0.4466,-0.288475,-0.3920125
150586598642792,165.390849,-0.47355,-0.2921875,-0.3920125
150586608643787,165.400850,-0.51865,-0.3117125,-0.3675375
150586618644946,165.410851,-0.5638875,-0.326425,-0.3565375
150586628645933,165.420852,-0.6018375,-0.3276625,-0.3650625
150586638647091,165.430853,-0.6078875,-0.31295,-0.390775
150586648648307,165.440854,-0.604175,-0.25795,-0.4054875
150586658649307,165.450855,-0.6018375,-0.2091375,-0.418825
150586668650475,165.460856,-0.58341247,-0.1639,-0.4505875
150586678651494,165.470857,-0.5663625,-0.1419,-0.4860625
150586688652633,165.480859,-0.565125,-0.14685,-0.51535
150586698653556,165.490860,-0.5724125,-0.1786125,-0.53735
150586708654802,165.500861,-0.5748875,-0.2347125,-0.5520625
150586718655802,165.510862,-0.56265,-0.2652375,-0.5715875
150586728656956,165.520863,-0.554125,-0.1711875,-0.616825
150586738657956,165.530864,-0.5688375,-0.122375,-0.6595875
150586748659114,165.540865,-0.5676,-0.1786125,-0.6534
150586758660114,165.550866,-0.5174125,-0.1406625,-0.6413
150586768661268,165.560867,-0.4417875,0.1232,-0.6106375
150586778662288,165.570868,-0.438075,0.3345375,-0.4945875
150586788663437,165.580869,-0.4918375,0.3625875,-0.4213
150586798664446,165.590870,-0.6226,0.1159125,-0.324775
150586808665596,165.600872,-0.6934125,0.1342,-0.3102
150586818666591,165.610873,-0.687225,0.479875,-0.2344375
150586828667744,165.620874,-0.6336,0.8207375,-0.1513875
150586838668729,165.630875,-0.7068875,0.9697875,-0.102437496
150586848669869,165.640876,-0.8314625,0.9807875,-0.124437496
150586858671114,165.650877,-0.8790375,0.931975,-0.1524875
150586868672114,165.660878,-0.885225,0.73039997,-0.1744875
150586878673259,165.670879,-0.858275,0.4433,-0.1794375
150586888674264,165.680880,-0.8094625,0.22825,-0.19167499
150586898675417,165.690881,-0.791175,0.0999625,-0.2014375
150586908676413,165.700882,-0.7887,-1.375E-4,-0.2112
150586918677323,165.710883,-0.74593747,-0.199375,-0.2380125
150586928678547,165.720885,-0.659175,-0.5022875,-0.263725
150586938679701,165.730886,-0.50765,-0.6758125,-0.2954875
150586948680701,165.740887,-0.3793625,-0.6147625,-0.3235375
150586958681841,165.750888,-0.3378375,-0.0221375,-0.3870625
150586968682860,165.760889,-0.377025,0.500775,-0.3235375
150586978684013,165.770890,-0.4954125,0.639925,-0.285725
150586988685018,165.780891,-0.59565,0.6876375,-0.2429625
150586998686172,165.790892,-0.6604125,0.5825875,-0.2222
150587008687398,165.800893,-0.6604125,0.43835,-0.1684375
150587018688321,165.810894,-0.642125,0.2234375,-0.102437496
150587028689537,165.820896,-0.6164125,0.004675,-0.053625
150587038690460,165.830896,-0.571175,-0.1406625,-0.015675
150587048691677,165.840898,-0.51865,-0.21395,0.0026125
150587058692657,165.850899,-0.466125,-0.194425,1.375E-4
150587068693811,165.860900,-0.4307875,-0.1626625,-0.0133375
150587078694734,165.870901,-0.4038375,-0.106425,-0.02915
150587088695971,165.880902,-0.383075,-0.061325,-0.0389125
150587098696986,165.890903,-0.377025,-0.0185625,-0.037675
150587108698140,165.900904,-0.394075,0.02915,-0.053625
150587118699125,165.910905,-0.4123625,0.0754875,-0.1073875
150587128700294,165.920906,-0.4258375,0.1109625,-0.1684375
150587138701202,165.930907,-0.4588375,0.092675,-0.2112
150587148702509,165.940909,-0.504075,0.0328625,-0.2514875
150587158703663,165.950910,-0.537075,-0.017324999,-0.3004375
150587168704663,165.960911,-0.5504125,-0.0526625,-0.35901248
150587178705596,165.970912,-0.5663625,-0.0625625,-0.406725
150587188706827,165.980913,-0.5798375,-0.0466125,-0.440825
150587198707689,165.990914,-0.5908375,-0.0209,-0.4543
150587208708995,166.000915,-0.58959997,-0.00385,-0.44701248
150587218709918,166.010916,-0.5676,-0.0209,-0.4140125
150587228711159,166.020917,-0.538175,-0.0466125,-0.3650625
150587238712331,166.030918,-0.50888747,-0.0600875,-0.3174875
150587248713331,166.040919,-0.471075,-0.067375,-0.29425
150587258714256,166.050920,-0.4173125,-0.0966625,-0.2820125
150587268715499,166.060921,-0.3683625,-0.128425,-0.2552
150587278716653,166.070923,-0.3342625,-0.1639,-0.224675
150587288717668,166.080924,-0.3097875,-0.17985,-0.1854875
150587298718821,166.090925,-0.306075,-0.199375,-0.153725
150587308720052,166.100926,-0.3158375,-0.2151875,-0.1452
150587318720975,166.110927,-0.3403125,-0.22013749,-0.1414875
150587328722206,166.120928,-0.3623125,-0.216425,-0.125675
150587338723129,166.130929,-0.3757875,-0.1956625,-0.0999625
150587348724355,166.140930,-0.3903625,-0.172425,-0.0804375
150587358725360,166.150931,-0.40755,-0.16995,-0.0792
150587368726518,166.160933,-0.42955,-0.1969,-0.09515
150587378727441,166.170933,-0.44055,-0.22495,-0.136675
150587388728686,166.180935,-0.4368375,-0.22247499,-0.2074875
150587398729682,166.190936,-0.4246,-0.1639,-0.29425
150587408730836,166.200937,-0.4343625,-0.106425,-0.3529625
150587418731836,166.210938,-0.4503125,-0.100375,-0.3859625
150587428732990,166.220939,-0.4613125,-0.1431375,-0.4140125
150587438733990,166.230940,-0.477125,-0.2041875,-0.4543
150587448735236,166.240941,-0.4943125,-0.27513748,-0.5105375
150587458736150,166.250942,-0.51507497,-0.332475,-0.5655375
150587468737379,166.260943,-0.549175,-0.36795,-0.600875
150587478738304,166.270944,-0.5786,-0.376475,-0.6083
150587488739532,166.280946,-0.5883625,-0.332475,-0.59482497
150587498740672,166.290947,-0.5688375,-0.260425,-0.58134997
150587508741677,166.300948,-0.5333625,-0.1639,-0.5545375
150587518742836,166.310949,-0.5003625,-0.0710875,-0.5105375
150587528743831,166.320950,-0.48688748,0.009625,-0.43353748
150587538744982,166.330951,-0.50888747,0.0853875,-0.302775
150587548746211,166.340952,-0.576125,0.0584375,-0.2074875
150587558747120,166.350953,-0.6164125,0.05115,-0.1733875
150587568748324,166.360954,-0.6127,0.0413875,-0.180675
150587578749310,166.370955,-0.56993747,0.026675,-0.20019999
150587588750461,166.380956,-0.4808375,0.042625,-0.2184875
150587598751461,166.390957,-0.3818375,0.0584375,-0.230725
150587608752678,166.400959,-0.311025,0.0584375,-0.25025
150587618753586,166.410960,-0.2853125,0.1012,-0.2539625
150587628754812,166.420961,-0.2767875,0.2624875,-0.11715
150587638755752,166.430962,-0.29273748,0.3504875,0.045375
150587648756983,166.440963,-0.3256,0.4970625,0.1016125
150587658758122,166.450964,-0.3317875,0.6936875,0.11495
150587668759106,166.460965,-0.31955,0.83545,0.1639
150587678760245,166.470966,-0.2938375,0.9246875,0.2261875
150587688761471,166.480967,-0.278025,0.99055,0.288475
150587698762390,166.490968,-0.289025,1.004025,0.3482875
150587708763621,166.500970,-0.28655,1.0382625,0.4142875
150587718764544,166.510971,-0.2743125,1.1506,0.45581248
150587728765790,166.520972,-0.2475,1.3204125,0.4778125
150587738767028,166.530973,-0.2072125,1.5329875,0.5047625
150587748768048,166.540974,-0.1742125,1.7480375,0.542575
150587758768971,166.550975,-0.1815,1.9960874,0.6122875
150587768770206,166.560976,-0.234025,2.2759,0.71115
150587778771129,166.570977,-0.3245,2.5422375,0.818675
150587788772360,166.580978,-0.4343625,2.5898125,0.8663875
150587798773519,166.590980,-0.504075,2.2721875,0.8053375
150587808774750,166.600981,-0.50888747,1.7639875,0.685575
150587818775731,166.610982,-0.4503125,1.26555,0.5438125
150587828776894,166.620983,-0.3342625,0.898975,0.3862375
150587838777832,166.630984,-0.216975,0.710875,0.22247499
150587848779091,166.640985,-0.12773749,0.70235,0.078375
150587858780091,166.650986,-0.0581625,0.848925,-0.031625
150587868781327,166.660987,-0.0532125,1.0602624,-0.0792
150587878782250,166.670988,-0.082499996,1.258125,-0.102437496
150587888783497,166.680989,-0.082499996,1.4328874,-0.097625
150587898784646,166.690991,-0.0361625,1.4719375,-0.0364375
150587908785654,166.700992,0.02255,1.1958375,0.012375
150587918786798,166.710993,0.06655,0.8427375,0.14795
150587928788029,166.720994,0.09955,0.5165875,0.308
150587938788952,166.730995,0.1166,0.368775,0.37895
150587948790183,166.740996,0.020075,0.2209625,0.35694999
150587958791183,166.750997,-0.1326875,0.357775,0.32395
150587968792413,166.760998,-0.20845,0.5446375,0.4167625
150587978793557,166.771000,-0.3073125,0.7731625,0.547525
150587988794562,166.781001,-0.2352625,0.9062625,0.5902875
150587998795726,166.791002,-0.2242625,0.8012125,0.64033747
150588008796942,166.801003,-0.27555,0.8086375,0.6879125
150588018797865,166.811004,-0.234025,0.91368747,0.73315
150588028799091,166.821005,-0.262075,0.85745,0.7063375
150588038800087,166.831006,-0.2938375,0.7926875,0.6598625
150588048801308,166.841007,-0.3818375,0.8732625,0.591525
150588058802462,166.851008,-0.5113625,0.9612625,0.5291
150588068803443,166.861009,-0.59688747,0.837925,0.5108125
150588078804368,166.871010,-0.6494125,0.694925,0.5193375
150588088805576,166.881012,-0.6494125,0.6375875,0.5352875
150588098806737,166.891013,-0.648175,0.5715875,0.492525
150588108807961,166.901014,-0.6054125,0.4543,0.4338125
150588118808884,166.911015,-0.59688747,0.2795375,0.4497625
150588128810132,166.921016,-0.604175,0.1379125,0.437525
150588138811346,166.931017,-0.7104625,0.2624875,0.3972375
150588148812346,166.941018,-0.8767,0.31501248,0.374
150588158813271,166.951019,-0.99027497,0.2404875,0.3287625
150588168814717,166.961021,-1.0355124,0.0889625,0.24695
150588178815649,166.971022,-1.007325,-0.08085,0.1406625
150588188816879,166.981023,-0.9645625,-0.2189,0.0281875
150588198817794,166.991024,-0.907225,-0.2787125,-0.0902
150588208819103,167.001025,-0.8767,-0.374,-0.202675
150588218820260,167.011026,-0.8767,-0.4192375,-0.3040125
150588228821260,167.021027,-0.9634625,-0.2872375,-0.3064875
150588238822414,167.031028,-1.04775,-0.084425,-0.252725
150588248823664,167.041030,-1.045275,0.00715,-0.2124375
150588258824587,167.051031,-1.0220375,0.1342,-0.1854875
150588268825813,167.061032,-1.0305625,0.230725,-0.142725
150588278826813,167.071033,-1.045275,0.3284875,-0.102437496
150588288828056,167.081034,-1.0745625,0.4481125,-0.0438625
150588298829178,167.091035,-1.078275,0.55439997,0.017324999
150588308830423,167.101036,-1.0610875,0.578875,0.0306625
150588318831351,167.111037,-1.0305625,0.5165875,-0.0279125
150588328832587,167.121039,-1.00375,0.4323,-0.113437496
150588338833601,167.131040,-0.9719875,0.3443,-0.1892
150588348834832,167.141041,-0.9120375,0.2649625,-0.224675
150588358835991,167.151042,-0.83393747,0.1794375,-0.20019999
150588368836993,167.161043,-0.7544625,0.07315,-0.1452
150588378838217,167.171044,-0.670175,-0.10285,-0.0902
150588388839351,167.181045,-0.5773625,-0.2836625,-0.014575
150588398840346,167.191046,-0.5003625,-0.403425,0.0941875
150588408841582,167.201048,-0.421025,-0.46805,0.21395
150588418842492,167.211048,-0.34759998,-0.495,0.3312375
150588428843721,167.221050,-0.27555,-0.5097125,0.4192375
150588438844875,167.231051,-0.2145,-0.5218125,0.465575
150588448846113,167.241052,-0.1692625,-0.539,0.4742375
150588458847347,167.251053,-0.1582625,-0.5182375,0.451
150588468848342,167.261054,-0.1815,-0.46695,0.4252875
150588478849296,167.271055,-0.1997875,-0.3997125,0.415525
150588488850529,167.281057,-0.194975,-0.341,0.432575
150588498851689,167.291058,-0.190025,-0.271425,0.45581248
150588508852913,167.301059,-0.1692625,-0.308,0.492525
150588518853913,167.311060,-0.1595,-0.348425,0.5438125
150588528855139,167.321061,-0.245025,-0.3422375,0.6133875
150588538856293,167.331062,-0.3733125,-0.370425,0.6879125
150588548857281,167.341063,-0.48565,-0.42295,0.741675
150588558858515,167.351065,-0.5528875,-0.45705,0.7649125
150588568859761,167.361066,-0.59688747,-0.4522375,0.7723375
150588578860697,167.371067,-0.626175,-0.3862375,0.7613375
150588588862158,167.381068,-0.6457,-0.3289,0.741675
150588598863067,167.391069,-0.6664625,-0.271425,0.713625
150588608864298,167.401070,-0.6909375,-0.238425,0.67815
150588618865314,167.411071,-0.7227,-0.2396625,0.625625
150588628866539,167.421073,-0.7374125,-0.260425,0.514525
150588638867770,167.431074,-0.7239375,-0.3251875,0.3812875
150588648868914,167.441075,-0.6994625,-0.36795,0.2567125
150588658869823,167.451076,-0.692175,-0.37895,0.1529
150588668871033,167.461077,-0.6763625,-0.393525,0.064899996
150588678872028,167.471078,-0.62865,-0.40094998,0.006325
150588688873264,167.481079,-0.5858875,-0.3972375,0.012375
150588698874189,167.491080,-0.5798375,-0.348425,0.0636625
150588708875651,167.501082,-0.5748875,-0.3251875,0.122375
150588718876664,167.511083,-0.5688375,-0.3532375,0.189475
150588728877909,167.521084,-0.58959997,-0.3496625,0.2127125
150588738879063,167.531085,-0.58959997,-0.36795,0.2079
150588748880288,167.541086,-0.571175,-0.459525,0.198
150588758881211,167.551087,-0.5456,-0.54505,0.20047499
150588768882519,167.561089,-0.50765,-0.597575,0.20295
150588778883456,167.571089,-0.4698375,-0.6868125,0.22247499
150588788884904,167.581091,-0.421025,-0.7833375,0.2701875
150588798885832,167.591092,-0.3806,-0.8553875,0.3312375
150588808887048,167.601093,-0.3586,-0.8969125,0.3837625
150588818888033,167.611094,-0.33055,-0.8688625,0.41799998
150588828889264,167.621095,-0.2938375,-0.74909997,0.4362875
150588838890431,167.631096,-0.2707375,-0.6293375,0.42405
150588848891667,167.641098,-0.249975,-0.613525,0.393525
150588858892648,167.651099,-0.212025,-0.674575,0.3482875
150588868893879,167.661100,-0.172975,-0.7442875,0.3092375
150588878895033,167.671101,-0.1656875,-0.8078125,0.2932875
150588888896269,167.681102,-0.190025,-0.83709997,0.272525
150588898897269,167.691103,-0.22055,-0.82115,0.22
150588908898485,167.701104,-0.2145,-0.74909997,0.15413749
150588918899415,167.711105,-0.1667875,-0.65505,0.0941875
150588928900657,167.721107,-0.08745,-0.6562875,0.0746625
150588938901811,167.731108,-0.0581625,-0.6587625,0.08195
150588948903114,167.741109,-0.0594,-0.635525,0.12595
150588958904059,167.751110,-0.095975,-0.729575,0.2066625
150588968905288,167.761111,-0.14973749,-0.81633747,0.2066625
150588978906442,167.771112,-0.1582625,-0.928675,0.0796125
150588988907758,167.781114,-0.2572625,-0.6122875,-0.0573375
150588998908687,167.791115,-0.33055,-0.5182375,-0.1599125
150589008909917,167.801116,-0.3708375,-0.407,-0.2882
150589018911071,167.811117,-0.4588375,-0.2299,-0.3542
150589028912297,167.821118,-0.548075,-0.111375,-0.329725
150589038913311,167.831119,-0.576125,-0.1370875,-0.2479125
150589048914557,167.841121,-0.6029375,-0.2237125,-0.158675
150589058915720,167.851122,-0.6457,-0.3447125,-0.0463375
150589068916951,167.861123,-0.697125,-0.45705,0.089375
150589078917961,167.871124,-0.764225,-0.519475,0.2151875
150589088919186,167.881125,-0.7374125,-0.6501,0.25795
150589098920326,167.891126,-0.598125,-0.7343875,0.1626625
150589108921562,167.901128,-0.4478375,-0.58905,-0.0048125
150589118922566,167.911129,-0.30855,-0.47905,-0.1354375
150589128923793,167.921130,-0.3073125,-0.3227125,-0.2624875
150589138924947,167.931131,-0.3147375,-0.254375,-0.3174875
150589148926191,167.941132,-0.201025,-0.2226125,-0.346775
150589158927197,167.951133,-0.13145,-0.3056625,-0.373725
150589168928427,167.961134,-0.1021625,-0.3069,-0.36025
150589178929342,167.971135,-0.1192125,-0.133375,-0.31501248
150589188930571,167.981137,-0.1387375,-0.1651375,-0.257675
150589198931725,167.991138,-0.122925,-0.404525,-0.1098625
150589208933038,168.001139,-0.084975,-0.43147498,-0.00715
150589218933961,168.011140,0.0248875,-0.486475,0.1186625
150589228935403,168.021141,0.1483625,-0.5402375,0.253
150589238936327,168.031142,0.2387,-0.553575,0.3727625
150589248937653,168.041144,0.34265,-0.492525,0.4632375
150589258938807,168.051145,0.37193748,-0.44494998,0.4827625
150589268940043,168.061146,0.3694625,-0.4522375,0.4717625
150589278941033,168.071147,0.351175,-0.403425,0.4277625
150589288942187,168.081148,0.423225,-0.396,0.3177625
150589298943172,168.091149,0.451275,-0.45595,0.1639
150589308944620,168.101151,0.5344625,-0.602525,0.0759
150589318945534,168.111152,0.721325,-0.746625,0.05995
150589328946764,168.121153,0.8228,-0.7748125,0.0697125
150589338947764,168.131154,0.693275,-0.6831,0.078375
150589348949236,168.141155,0.417175,-0.3606625,0.040425
150589358950154,168.151156,0.169125,-0.2531375,-0.0133375
150589368951457,168.161157,-0.0276375,-0.2041875,-0.0902
150589378952371,168.171158,-0.2255,-0.111375,-0.20515
150589388953808,168.181160,-0.4673625,-1.375E-4,-0.2930125
150589398954808,168.191161,-0.6054125,0.0743875,-0.340725
150589408956029,168.201162,-0.60665,-0.0088,-0.3675375
150589418956952,168.211163,-0.51865,-0.1566125,-0.39325
150589428958399,168.221164,-0.4307875,-0.232375,-0.4189625
150589438959322,168.231165,-0.3708375,-0.2811875,-0.4384875
150589448960534,168.241167,-0.3465,-0.3289,-0.439725
150589458961546,168.251168,-0.34759998,-0.2921875,-0.42625
150589468963019,168.261169,-0.3623125,-0.2591875,-0.3993
150589478963956,168.271170,-0.3672625,-0.2811875,-0.3260125
150589488965260,168.281171,-0.366025,-0.34595,-0.185625
150589498966418,168.291172,-0.3598375,-0.4057625,-0.0133375
150589508967649,168.301174,-0.3575,-0.4742375,0.108899996
150589518968654,168.311175,-0.3355,-0.5853375,0.1419
150589528969890,168.321176,-0.3733125,-0.57928747,0.1419
150589538970820,168.331177,-0.4112625,-0.481525,0.1639
150589548972049,168.341178,-0.3867875,-0.4582875,0.1846625
150589558973279,168.351179,-0.3355,-0.64033747,0.1662375
150589568974524,168.361181,-0.2475,-0.7931,0.1296625
150589578975678,168.371182,-0.1167375,-0.6501,0.0917125
150589588976909,168.381183,0.0103124995,-0.5743375,0.089375
150589598977895,168.391184,0.1324125,-0.6428125,0.12595
150589608979130,168.401185,0.18493749,-0.6758125,0.198
150589618980298,168.411186,0.19965,-0.6868125,0.2872375
150589628981510,168.421188,0.219175,-0.6598625,0.2932875
150589638982510,168.431189,0.213125,-0.83709997,0.2127125
150589648983741,168.441190,0.1056,-0.9873875,0.0746625
150589658984895,168.451191,-0.135025,-1.0874875,-0.10615
150589668986116,168.461192,-0.339075,-0.88467497,-0.263725
150589678987116,168.471193,-0.443025,-0.762575,-0.3504875
150589688988332,168.481194,-0.4783625,-0.72833747,-0.3444375
150589698989481,168.491195,-0.5053125,-0.6831,-0.3224375
150589708990712,168.501197,-0.537075,-0.5732375,-0.30525
150589718991716,168.511198,-0.559075,-0.437525,-0.268675
150589728992947,168.521199,-0.5786,-0.315425,-0.2429625
150589738994092,168.531200,-0.6226,-0.188375,-0.2369125
150589748995332,168.541201,-0.7129375,-0.058849998,-0.22825
150589758996318,168.551202,-0.7654625,0.0499125,-0.202675
150589768997562,168.561204,-0.7814125,0.109725,-0.21615
150589778998711,168.571205,-0.7679375,0.109725,-0.2454375
150589788999928,168.581206,-0.709225,0.037675,-0.2552
150589799000944,168.591207,-0.68365,0.0022,-0.2344375
150589809002399,168.601208,-0.65793747,-0.0539,-0.2173875
150589819003322,168.611209,-0.6446,-0.1040875,-0.2184875
150589829004582,168.621211,-0.6469375,-0.128425,-0.1953875
150589839005827,168.631212,-0.6347,-0.19195,-0.1574375
150589849007042,168.641213,-0.6213625,-0.238425,-0.114675
150589859007970,168.651214,-0.6006,-0.277475,-0.0768625
150589869009283,168.661215,-0.582175,-0.2959,-0.0499125
150589879010422,168.671216,-0.5614125,-0.3276625,-0.0341
150589889011653,168.681218,-0.5358375,-0.376475,-0.020624999
150589899012576,168.691219,-0.4943125,-0.4547125,0.007425
150589909013889,168.701220,-0.4466,-0.564575,0.067375
150589919015061,168.711221,-0.410025,-0.66605,0.13695
150589929016292,168.721222,-0.3818375,-0.7563875,0.1772375
150589939017297,168.731223,-0.35255,-0.828575,0.1662375
150589949018523,168.741225,-0.3268375,-0.86515,0.0991375
150589959019691,168.751226,-0.3025,-0.8663875,0.00385
150589969020917,168.761227,-0.284075,-0.8151,-0.0768625
150589979021908,168.771228,-0.2732125,-0.7271,-0.1354375
150589989023369,168.781229,-0.2732125,-0.66605,-0.174625
150589999024292,168.791230,-0.282975,-0.6257625,-0.1782
150590009025576,168.801232,-0.304975,-0.60005,-0.16115
150590019026496,168.811232,-0.3342625,-0.58905,-0.1439625
150590029027741,168.821234,-0.37454998,-0.5682875,-0.119625
150590039028909,168.831235,-0.4136,-0.4877125,-0.08415
150590049030126,168.841236,-0.4588375,-0.3581875,-0.0463375
150590059031370,168.851237,-0.4978875,-0.2567125,-0.020624999
150590069032615,168.861239,-0.532125,-0.23595,0.0026125
150590079033538,168.871240,-0.57365,-0.2897125,0.0281875
150590089034844,168.881241,-0.6054125,-0.3752375,0.0539
150590099035996,168.891242,-0.6226,-0.481525,0.07095
150590109037222,168.901243,-0.6348375,-0.572,0.062425
150590119038222,168.911244,-0.6457,-0.6012875,0.0416625
150590129039683,168.921246,-0.6494125,-0.569525,0.0281875
150590139040606,168.931247,-0.6518875,-0.5097125,0.0221375
150590149041841,168.941248,-0.6543625,-0.464475,0.029424999
150590159042858,168.951249,-0.65065,-0.4437125,0.036849998
150590169044087,168.961250,-0.6469375,-0.4522375,0.02585
150590179045264,168.971251,-0.6408875,-0.459525,0.0050875
150590189046490,168.981252,-0.6336,-0.442475,-0.0048125
150590199047706,168.991254,-0.6249375,-0.4057625,1.375E-4
150590209048922,169.001255,-0.6238375,-0.354475,0.007425
150590219049845,169.011256,-0.6298875,-0.3007125,0.023375
150590229051153,169.021257,-0.631125,-0.3007125,0.0429
150590239052073,169.031258,-0.61036247,-0.3422375,0.0771375
150590249053533,169.041260,-0.6226,-0.35694999,0.11495
150590259054538,169.051261,-0.631125,-0.3447125,0.1552375
150590269055769,169.061262,-0.6384125,-0.2787125,0.15895
150590279056908,169.071263,-0.6359375,-0.1969,0.1431375
150590289058163,169.081264,-0.6249375,-0.13213749,0.108899996
150590299059165,169.091265,-0.609125,-0.0295625,0.1467125
150590309060398,169.101266,-0.675125,-1.375E-4,0.2652375
150590319061552,169.111268,-0.6226,-0.2787125,0.3227125
150590329062783,169.121269,-0.5614125,-0.5132875,0.3287625
150590339064008,169.131270,-0.5456,-0.586575,0.283525
150590349065230,169.141271,-0.55165,-0.558525,0.24447499
150590359066230,169.151272,-0.54065,-0.464475,0.2176625
150590369067461,169.161273,-0.51865,-0.3997125,0.1662375
150590379068610,169.171275,-0.5138375,-0.3227125,0.0721875
150590389069855,169.181276,-0.52854997,-0.24213749,-0.0169125
150590399070778,169.191277,-0.5273125,-0.16885,-0.078099996
150590409072077,169.201278,-0.5346,-0.1859,-0.1769625
150590419073230,169.211279,-0.5236,-0.266475,-0.2454375
150590429074451,169.221280,-0.5053125,-0.3617625,-0.2454375
150590439075451,169.231281,-0.50655,-0.3887125,-0.1989625
150590449076908,169.241283,-0.51865,-0.32999998,-0.136675
150590459077841,169.251284,-0.5163125,-0.2299,-0.070675
150590469079057,169.261285,-0.5138375,-0.1491875,-0.0279125
150590479080279,169.271286,-0.5016,-0.133375,-0.0158125
150590489081508,169.281288,-0.482075,-0.2336125,-0.04015
150590499082504,169.291289,-0.4723125,-0.20295,-0.0768625
150590509083739,169.301290,-0.4246,-0.2127125,-0.0573375
150590519084889,169.311291,-0.3928375,-0.194425,-0.0561
150590529086105,169.321292,-0.3916,-0.1260875,-0.059675
150590539087115,169.331293,-0.3867875,-0.086899996,-0.0829125
150590549088346,169.341294,-0.33673748,-0.1211375,-0.1159125
150590559089499,169.351295,-0.3122625,-0.0576125,-0.1709125
150590569090725,169.361297,-0.2475,-0.0490875,-0.208725
150590579091710,169.371298,-0.245025,-0.0771375,-0.2234375
150590589092956,169.381299,-0.33055,-0.0966625,-0.224675
150590599094110,169.391300,-0.366025,-0.012375,-0.19415
150590609095418,169.401301,-0.3293125,0.0534875,-0.124437496
150590619096348,169.411302,-0.3037375,0.070675,-0.058575
150590629097811,169.421304,-0.2963125,0.0974875,0.0050875
150590639098734,169.431305,-0.34155,0.1452,0.0551375
150590649100049,169.441306,-0.3623125,0.1574375,0.0831875
150590659101196,169.451307,-0.3245,0.120725,0.101475
150590669102437,169.461308,-0.26221249,-0.006325,0.084425
150590679103432,169.471309,-0.27555,-0.0246125,0.0576125
150590689104663,169.481311,-0.27555,-0.0319,0.03795
150590699105828,169.491312,-0.238975,-0.0160875,0.01595
150590709107124,169.501313,-0.19745,-0.0710875,0.007425
150590719108054,169.511314,-0.20845,-0.1846625,0.0050875
150590729109285,169.521315,-0.172975,-0.2567125,0.034375
150590739110528,169.531317,-0.1192125,-0.1821875,0.062425
150590749111759,169.541318,-0.1412125,-0.2286625,0.0429
150590759112927,169.551319,-0.1326875,-0.3069,0.0356125
150590769114129,169.561320,-0.1142625,-0.33495,0.045375
150590779115153,169.571321,-0.078925,-0.33495,0.073425
150590789116384,169.581322,-0.0594,-0.3289,0.078375
150590799117523,169.591324,-0.0556875,-0.34347498,0.0771375
150590809118754,169.601325,-0.051975,-0.3606625,0.0856625
150590819119754,169.611326,-0.0532125,-0.3716625,0.0979
150590829120990,169.621327,-0.0606375,-0.407,0.0979
150590839122210,169.631328,-0.0617375,-0.4387625,0.0856625
150590849123441,169.641329,-0.0556875,-0.403425,0.073425
150590859124600,169.651331,-0.051975,-0.3289,0.0429
150590869125831,169.661332,-0.0386375,-0.238425,-0.0121
150590879126836,169.671333,-0.012925,-0.1491875,-0.0561
150590889128082,169.681334,0.004125,-0.086899996,-0.0793375
150590899129232,169.691335,0.0103124995,-0.072325,-0.0768625
150590909130461,169.701336,0.014025,-0.133375,-0.0523875
150590919131437,169.711337,0.0163625,-0.2189,-0.025575
150590929132904,169.721339,0.0286,-0.2299,-0.0023375
150590939133827,169.731340,0.031075,-0.276375,0.007425
150590949135145,169.741341,0.0078375,-0.2396625,0.0171875
150590959136039,169.751342,0.01155,-0.18095,0.023375
150590969137505,169.761344,0.0213125,-0.1370875,0.02585
150590979138519,169.771345,0.026124999,-0.094325,0.034375
150590989139765,169.781346,0.020075,-0.0710875,0.051425
150590999140918,169.791347,0.014025,-0.0881375,0.0661375
150591009142145,169.801348,0.0053625,-0.14685,0.073425
150591019143149,169.811349,0.0017875,-0.2347125,0.073425
150591029144380,169.821350,0.0066,-0.3422375,0.073425
150591039145534,169.831352,0.0188375,-0.4192375,0.08195
150591049146836,169.841353,0.0286,-0.4607625,0.101475
150591059147761,169.851354,0.0396,-0.47795,0.1199
150591069149228,169.861355,0.064075,-0.46805,0.1247125
150591079150226,169.871356,0.0933625,-0.442475,0.1027125
150591089151472,169.881357,0.1166,-0.414425,0.0759
150591099152626,169.891359,0.1324125,-0.4021875,0.0539
150591109153841,169.901360,0.14465,-0.41195,0.0416625
150591119154770,169.911361,0.1716,-0.4362875,0.03795
150591129156092,169.921362,0.180125,-0.448525,0.0501875
150591139157254,169.931363,0.1739375,-0.38747498,0.0697125
150591149158485,169.941364,0.1678875,-0.277475,0.05995
150591159159471,169.951365,0.1398375,-0.11385,0.0331375
150591169160716,169.961367,0.1203125,0.009625,-0.014575
150591179161966,169.971368,0.11165,0.07315,-0.07315
150591189163210,169.981369,0.10065,0.131725,-0.100099996
150591199164364,169.991370,0.0763125,0.125675,-0.10615
150591209165605,170.001372,0.070125,0.1084875,-0.064625
150591219166605,170.011373,0.06655,0.048675,-0.0169125
150591229167836,170.021374,0.056649998,-0.017324999,0.01485
150591239169005,170.031375,0.0543125,-0.0466125,0.0221375
150591249170235,170.041376,0.05555,-0.0576125,0.00385
150591259171236,170.051377,0.048125,-0.0466125,-0.0279125
150591269172696,170.061379,0.0396,-0.0308,-0.0499125
150591279173615,170.071380,0.0347875,-0.023375,-0.059675
150591289174923,170.081381,0.0347875,-0.02585,-0.0683375
150591299175833,170.091382,0.0383625,-0.036849998,-0.0793375
150591309177279,170.101383,0.0457875,-0.0515625,-0.0804375
150591319178283,170.111384,0.0628375,-0.058849998,-0.0683375
150591329179528,170.121386,0.075075,-0.0551375,-0.0499125
150591339180682,170.131387,0.07865,-0.0246125,-0.0328625
150591349181971,170.141388,0.086075,0.009625,-0.0303875
150591359182896,170.151389,0.0994125,0.009625,-0.0303875
150591369184110,170.161390,0.1153625,-0.00385,-0.0243375
150591379185264,170.171391,0.1214125,-0.0210375,-0.01815
150591389186490,170.181392,0.1238875,-0.0466125,-0.0048125
150591399187509,170.191394,0.117837496,-0.078375,0.0209
150591409188739,170.201395,0.11165,-0.111375,0.0441375
150591419189881,170.211396,0.1093125,-0.1566125,0.0611875
150591429191187,170.221397,0.10065,-0.1896125,0.062425
150591439192326,170.231398,0.0873125,-0.2066625,0.040425
150591449193572,170.241400,0.075075,-0.2091375,0.0171875
150591459194572,170.251401,0.0628375,-0.1956625,0.013612499
150591469195831,170.261402,0.0493625,-0.1626625,0.0281875
150591479196985,170.271403,0.0286,-0.1150875,0.0576125
150591489198206,170.281404,0.0127875,-0.1480875,0.101475
150591499199191,170.291405,0.009075,-0.0686125,0.1516625
150591509200403,170.301406,0.009075,-0.039325,0.1711875
150591519201564,170.311408,0.0248875,0.00715,0.15413749
150591529202779,170.321409,0.0506,0.05115,0.1161875
150591539203798,170.331410,0.0628375,0.10725,0.062425
150591549205242,170.341411,0.0493625,0.17325,0.0209
150591559206240,170.351412,0.0298375,0.2514875,-0.0231
150591569207465,170.361413,0.020075,0.274725,-0.059675
150591579208619,170.371415,0.0127875,0.24653749,-0.092675
150591589209850,170.381416,0.0127875,0.20253749,-0.0903375
150591599210853,170.391417,0.0237875,0.15619999,-0.0463375
150591609212109,170.401418,0.0298375,0.109725,0.0086624995
150591619213265,170.411419,0.0248875,0.0682,0.051425
150591629214494,170.421420,0.014025,0.0242,0.0856625
150591639215480,170.431421,-0.0044,-0.0160875,0.1271875
150591649216706,170.441423,-0.014162499,-0.045375,0.156475
150591659217862,170.451424,-0.012925,-0.06985,0.1711875
150591669219172,170.461425,-0.0092124995,-0.067375,0.1601875
150591679220102,170.471426,-0.0044,-0.0600875,0.11495
150591689221563,170.481428,-0.001925,-0.0429,0.0501875
150591699222552,170.491429,-6.875E-4,-0.0308,-0.0158125
150591709223778,170.501430,-0.0056375,-0.0100375,-0.0609125
150591719224946,170.511431,-0.01045,0.0132,-0.0853875
150591729226149,170.521432,-0.02145,0.05115,-0.103675
150591739227156,170.531433,-0.040975,0.0999625,-0.113437496
150591749228389,170.541434,-0.0691625,0.1379125,-0.12815
150591759229538,170.551436,-0.0972125,0.17325,-0.1403875
150591769230832,170.561437,-0.1252625,0.20019999,-0.1342
150591779231757,170.571438,-0.15345,0.2112,-0.11715
150591789233217,170.581439,-0.1777875,0.2222,-0.0988625
150591799234222,170.591440,-0.19373749,0.2222,-0.0891
150591809235448,170.601441,-0.2022625,0.225775,-0.078099996
150591819236601,170.611443,-0.20955,0.230725,-0.0633875
150591829237909,170.621444,-0.20845,0.2135375,-0.053625
150591839238829,170.631445,-0.2035,0.1720125,-0.0609125
150591849240058,170.641446,-0.2035,0.124437496,-0.0804375
150591859241207,170.651447,-0.20845,0.0829125,-0.1049125
150591869242443,170.661448,-0.20955,0.0559625,-0.1122
150591879243443,170.671449,-0.2035,0.042625,-0.09515
150591889244668,170.681451,-0.2022625,0.0499125,-0.064625
150591899245899,170.691452,-0.183975,0.09515,-0.0389125
150591909247130,170.701453,-0.1632125,0.125675,-0.031625
150591919248055,170.711454,-0.111925,0.09625,-0.0121
150591929249522,170.721456,-0.062975,-0.0111375,-0.0121
150591939250524,170.731457,-0.0691625,-0.06985,-0.0023375
150591949251680,170.741458,-0.13145,-0.0746625,-0.00715
150591959252894,170.751459,-0.1595,-0.058849998,-0.05115
150591969254192,170.761460,-0.1705,-0.050325,-0.1464375
150591979255117,170.771461,-0.1852125,-0.047849998,-0.2552
150591989256577,170.781463,-0.201025,-0.0319,-0.33825
150591999257495,170.791463,-0.2072125,-0.11385,-0.4310625
150592009258799,170.801465,-0.2047375,-0.106425,-0.5215375
150592019259722,170.811466,-0.1887875,-0.0308,-0.583825
150592029261187,170.821467,-0.17545,0.0279125,-0.6131125
150592039262192,170.831468,-0.1607375,0.0034375,-0.566775
150592049263423,170.841469,-0.157025,-0.100375,-0.439725
150592059264577,170.851471,-0.161975,-0.271425,-0.2734875
150592069265818,170.861472,-0.1997875,-0.4461875,-0.114675
150592079266834,170.871473,-0.2682625,-0.56581247,-0.00715
150592089268063,170.881474,-0.306075,-0.6697625,0.0319
150592099269209,170.891475,-0.2902625,-0.7563875,0.0306625
150592109270433,170.901476,-0.2402125,-0.8273375,0.0061875
150592119271669,170.911478,-0.19745,-0.828575,-0.0341
150592129272683,170.921479,-0.1912625,-0.7943375,-0.053625
150592139273844,170.931480,-0.23155,-0.7723375,-0.059675
150592149275155,170.941481,-0.289025,-0.790625,-0.0438625
150592159276070,170.951482,-0.344025,-0.790625,-0.02915
150592169277539,170.961484,-0.350075,-0.7748125,-0.0279125
150592179278538,170.971485,-0.34759998,-0.77605,-0.0584375
150592189279769,170.981486,-0.3623125,-0.76505,-0.114675
150592199281000,170.991487,-0.3867875,-0.7748125,-0.1684375
150592209282245,171.001488,-0.3903625,-0.8273375,-0.185625
150592219283168,171.011489,-0.377025,-0.8663875,-0.1709125
150592229284399,171.021490,-0.3378375,-0.751575,-0.1428625
150592239285625,171.031492,-0.3465,-0.6928625,-0.1452
150592249286779,171.041493,-0.3598375,-0.641575,-0.1342
150592259288010,171.051494,-0.3757875,-0.55,-0.17215
150592269289241,171.061495,-0.4148375,-0.276375,-0.2099625
150592279290245,171.071496,-0.4393125,-0.061325,-0.241725
150592289291395,171.081497,-0.49307498,0.0609125,-0.2734875
150592299292626,171.091499,-0.5273125,0.1269125,-0.296725
150592309293856,171.101500,-0.526075,0.1194875,-0.329725
150592319294858,171.111501,-0.4893625,0.0792,-0.3444375
150592329296100,171.121502,-0.4136,0.015675,-0.329725
150592339297256,171.131503,-0.3257375,0.0853875,-0.2930125
150592349298500,171.141505,-0.249975,0.09625,-0.2552
150592359299504,171.151506,-0.1997875,-0.0270875,-0.2014375
150592369300980,171.161507,-0.172975,-0.1419,-0.1183875
150592379301965,171.171508,-0.15345,-0.232375,-0.0193875
150592389303196,171.181509,-0.14973749,-0.352,0.0856625
150592399304350,171.191510,-0.166925,-0.44,0.1857625
150592409305581,171.201512,-0.1777875,-0.42295,0.2371875
150592419306583,171.211513,-0.155925,-0.348425,0.238425
150592429307737,171.221514,-0.139975,-0.249425,0.20295
150592439308968,171.231515,-0.144925,-0.11385,0.156475
150592449310201,171.241516,-0.1595,0.032725,0.1101375
150592459311188,171.251517,-0.1607375,0.1354375,0.0551375
150592469312648,171.261519,-0.1546875,0.2014375,-0.02915
150592479313571,171.271520,-0.15345,0.225775,-0.124437496
150592489314802,171.281521,-0.155925,0.2135375,-0.202675
150592499316019,171.291522,-0.1582625,0.2074875,-0.25025
150592509317240,171.301523,-0.17173749,0.225775,-0.2674375
150592519318240,171.311524,-0.183975,0.2539625,-0.2589125
150592529319485,171.321525,-0.194975,0.2820125,-0.23815
150592539320625,171.331527,-0.2096875,0.32725,-0.2173875
150592549321856,171.341528,-0.2267375,0.3515875,-0.19167499
150592559323087,171.351529,-0.2292125,0.3260125,-0.169675
150592569324087,171.361530,-0.223025,0.2880625,-0.1538625
150592579325323,171.371531,-0.2132625,0.263725,-0.1439625
150592589326489,171.381532,-0.2035,0.225775,-0.147675
150592599327726,171.391534,-0.1827375,0.1782,-0.1672
150592609328957,171.401535,-0.1595,0.1194875,-0.1879625
150592619329967,171.411536,-0.1472625,0.0534875,-0.20019999
150592629331135,171.421537,-0.144925,0.00715,-0.1758625
150592639332366,171.431538,-0.1351625,-0.006325,-0.125675
150592649333581,171.441540,-0.128975,0.010725,-0.07315
150592659334579,171.451541,-0.1387375,0.042625,-0.04015
150592669335822,171.461542,-0.1582625,0.087725,-0.0243375
150592679337048,171.471543,-0.1777875,0.120725,-0.0169125
150592689338188,171.481544,-0.2107875,0.1329625,-0.00715
150592699339419,171.491545,-0.2292125,0.142725,-0.0011
150592709340419,171.501546,-0.2487375,0.1464375,-0.009625
150592719341664,171.511548,-0.2817375,0.1304875,-0.0328625
150592729342817,171.521549,-0.304975,0.1269125,-0.0413875
150592739344038,171.531550,-0.3037375,0.1109625,-0.0438625
150592749345240,171.541551,-0.2915,0.0864875,-0.0341
150592759346240,171.551552,-0.282975,0.0719125,-0.0048125
150592769347467,171.561553,-0.2853125,0.0633875,0.0331375
150592779348698,171.571555,-0.289025,0.0462,0.0759
150592789349836,171.581556,-0.2963125,0.037675,0.1076625
150592799351062,171.591557,-0.3122625,0.032725,0.13213749
150592809352062,171.601558,-0.328075,-0.0026125,0.1442375
150592819353308,171.611559,-0.3378375,-0.02585,0.1247125
150592829354544,171.621561,-0.3293125,-0.0088,0.084425
150592839355700,171.631562,-0.311025,0.00715,0.0356125
150592849356929,171.641563,-0.29755,0.01815,-0.0059125
150592859357929,171.651564,-0.2902625,0.0303875,-0.0243375
150592869359159,171.661565,-0.27555,0.0229625,-0.026675
150592879360312,171.671566,-0.267025,0.026675,-0.025575
150592889361515,171.681568,-0.271975,0.065725,-0.015675
150592899362746,171.691569,-0.26221249,0.1269125,-0.0011
150592909363752,171.701570,-0.2365,0.1879625,0.018424999
150592919364996,171.711571,-0.2022625,0.2294875,0.034375
150592929366226,171.721572,-0.1742125,0.2294875,0.0587125
150592939367382,171.731573,-0.1595,0.1464375,0.0906125
150592949368596,171.741575,-0.1375,-0.01485,0.106425
150592959369603,171.751576,-0.128975,-0.1749,0.1051875
150592969370832,171.761577,-0.10945,-0.25547498,0.084425
150592979372063,171.771578,-0.0691625,-0.25795,0.062425
150592989373219,171.781579,-0.0202125,-0.205425,0.047849998
150592999374447,171.791580,0.015125,-0.0845625,0.0391875
150593009375435,171.801581,-0.02145,0.180675,0.0501875
150593019376659,171.811583,-0.0532125,0.252725,0.040425
150593029377890,171.821584,-0.0727375,0.280775,-0.0279125
150593039379046,171.831585,-0.0972125,0.30525,-0.122099996
150593049380265,171.841586,-0.128975,0.4175875,-0.2283875
150593059381514,171.851588,-0.179025,0.600875,-0.307725
150593069382514,171.861589,-0.183975,0.672925,-0.324775
150593079383760,171.871590,-0.3782625,0.5324,-0.2784375
150593089384915,171.881591,-0.8034125,0.5764,-0.0804375
150593099386139,171.891592,-0.8144125,0.7462125,0.2261875
150593109387139,171.901593,-0.8229375,0.627825,0.4313375
150593119388384,171.911594,-0.874225,0.4395875,0.5693875
150593129389601,171.921596,-0.8767,0.4225375,0.713625
150593139390831,171.931597,-0.8595125,0.5313,0.8492
150593149391985,171.941598,-0.84741247,0.6571125,0.9409125
150593159392987,171.951599,-0.8364125,0.716925,0.97377497
150593169394215,171.961600,-0.8119375,0.732875,0.96525
150593179395475,171.971601,-0.7679375,0.7266875,0.9444875
150593189396636,171.981603,-0.719125,0.666875,0.912725
150593199397864,171.991604,-0.6384125,0.65835,0.8602
150593209398852,172.001605,-0.526075,0.512875,0.824725
150593219400095,172.011606,-0.38555,0.3064875,0.7759125
150593229401321,172.021607,-0.179025,0.1574375,0.7063375
150593239402552,172.031609,0.1373625,-0.078375,0.6183375
150593249403698,172.041610,0.3449875,-0.341,0.4522375
150593259404913,172.051611,0.4879875,-0.464475,0.26895
150593269406149,172.061612,0.5247,-0.4937625,0.0746625
150593279407149,172.071613,0.5247,-0.426525,-0.08415
150593289408385,172.081614,0.5185125,-0.3691875,-0.141625
150593299409543,172.091616,0.4830375,-0.172425,-0.1354375
150593309410774,172.101617,0.4367,0.0694375,-0.070675
150593319412005,172.111618,0.423225,0.30153748,0.0686125
150593329413249,172.121619,0.38541248,0.1940125,0.13695
150593339414244,172.131620,0.2387,0.0853875,0.1381875
150593349415372,172.141621,0.1276,0.136675,0.0221375
150593359416587,172.151623,0.114125,0.22453749,-0.070675
150593369417813,172.161624,0.169125,0.2429625,-0.064625
150593379419058,172.171625,0.2264625,0.2685375,-0.009625
150593389420056,172.181626,0.257125,0.263725,0.05995
150593399421284,172.191627,0.2668875,0.2160125,0.117425
150593409422515,172.201629,0.268125,0.15125,0.134475
150593419423651,172.211630,0.291225,0.0694375,0.123475
150593429424880,172.221631,0.32793748,-1.375E-4,0.0881375
150593439426111,172.231632,0.3609375,-0.047849998,0.0477125
150593449427097,172.241633,0.390225,-0.064899996,0.0221375
150593459428309,172.251634,0.4195125,-0.064899996,0.0111375
150593469429548,172.261636,0.451275,-0.050325,0.0099
150593479430704,172.271637,0.4855125,-0.0490875,0.00495
150593489431904,172.281638,0.5099875,-0.050325,0.001375
150593499432911,172.291639,0.5319875,-0.0636625,0.0086624995
150593509434140,172.301640,0.5698,-0.0955625,0.0086624995
150593519435390,172.311641,0.622325,-0.1381875,0.0246125
150593529436620,172.321643,0.6760875,-0.1626625,0.0576125
150593539437779,172.331644,0.7225625,-0.1896125,0.084425
150593549438996,172.341645,0.7530875,-0.23595,0.1076625
150593559440236,172.351646,0.776325,-0.3031875,0.1491875
150593569441243,172.361647,0.7909,-0.414425,0.22495
150593579442467,172.371648,0.7775625,-0.4987125,0.31405
150593589443642,172.381650,0.7445625,-0.495,0.3898125
150593599444870,172.391651,0.6956125,-0.42295,0.429
150593609446096,172.401652,0.644325,-0.31295,0.4497625
150593619447117,172.411653,0.5979875,-0.1859,0.46928748
150593629448348,172.421654,0.58575,-0.0759,0.451
150593639449569,172.431656,0.5905625,0.010725,0.398475
150593649450798,172.441657,0.6028,0.08525,0.3568125
150593659451951,172.451658,0.5990875,0.192775,0.319
150593669453192,172.461659,0.5685625,0.330825,0.2872375
150593679454413,172.471660,0.54175,0.467775,0.2591875
150593689455413,172.481661,0.5258,0.58134997,0.2237125
150593699456658,172.491663,0.5027,0.661925,0.183425
150593709457889,172.501664,0.4477,0.7071625,0.16995
150593719459062,172.511665,0.362175,0.7156875,0.1772375
150593729460268,172.521666,0.2888875,0.6314,0.1749
150593739461509,172.531668,0.2424125,0.4481125,0.1931875
150593749462745,172.541669,0.1959375,0.230725,0.20295
150593759463742,172.551670,0.1544125,0.01815,0.1821875
150593769464985,172.561671,0.1153625,-0.161425,0.123475
150593779466132,172.571672,0.0738375,-0.2921875,0.0477125
150593789467357,172.581673,0.04455,-0.38747498,0.00385
150593799468600,172.591675,0.031075,-0.4472875,1.375E-4
150593809469846,172.601676,0.020075,-0.453475,0.00495
150593819470831,172.611677,0.015125,-0.385,0.00385
150593829472062,172.621678,0.0286,-0.3056625,-0.003575
150593839473284,172.631679,0.045649998,-0.2336125,0.0209
150593849474448,172.641680,0.048125,-0.1431375,0.05995
150593859475677,172.651682,0.031075,-0.045375,0.0917125
150593869476908,172.661683,0.0213125,0.0059125,0.12595
150593879477903,172.671684,0.0213125,0.02915,0.1639
150593889479348,172.681685,0.009075,0.0694375,0.1882375
150593899480361,172.691686,5.5E-4,0.1170125,0.20047499
150593909481576,172.701688,0.0273625,0.125675,0.2347125
150593919482812,172.711689,0.0628375,0.1915375,0.24447499
150593929483968,172.721690,0.1238875,0.1122,0.1467125
150593939485197,172.731691,0.1898875,-0.1211375,0.1332375
150593949486208,172.741692,0.208175,-0.18095,0.145475
150593959487437,172.751693,0.1923625,-0.2189,0.2102375
150593969488682,172.761695,0.1458875,-0.1896125,0.3042875
150593979489908,172.771696,0.0798875,-0.094325,0.3752375
150593989491064,172.781697,0.0323125,-0.006325,0.3727625
150593999492307,172.791698,5.5E-4,0.0559625,0.25547498
