drive,target_m,i0,i1,dist_m,dur_s,speed_kmh,cal_scale,err_frozen,err_AI + gyro,err_AI + road,err_perfect + road,err_AI cal + road
S-S2,500.0,0,2466,1116.7515905935923,246.60000000000002,16.302942928373607,1.0,806.9847591827827,859.7048777044481,82.41272245100794,81.74060232548926,82.41272245100794
S-S2,500.0,1482,2466,798.1448059766713,98.4,29.200419730853827,0.8811728315790016,798.0205801378642,317.3283264595023,454.5904123527082,388.13093677809735,530.85573486115
S-S2,500.0,2466,3006,567.3905805427121,54.0,37.82603870284748,1.0891380240789548,562.8155908195987,84.97377827904201,21.27667288291443,2.868869335938279,27.73235021983637
S-S2,500.0,2466,3006,567.3905805427121,54.0,37.82603870284748,1.0891380240789548,562.8155908195987,84.97377827904201,21.27667288291443,2.868869335938279,27.73235021983637
S-S2,500.0,2466,3006,567.3905805427121,54.0,37.82603870284748,1.0891380240789548,562.8155908195987,84.97377827904201,21.27667288291443,2.868869335938279,27.73235021983637
S-S2,500.0,2736,3276,535.5157300740723,54.0,35.701048671604816,1.0158579549501416,511.61857700074347,99.97987462697111,37.20669276866082,6.479598425718576,29.20657206337374
S-S2,500.0,2916,3636,529.7925523779115,72.0,26.489627618895575,1.25,347.45812667186783,459.2225989316978,77.54507884033676,7.419424232470213,231.01051619544808
S-S2,500.0,3186,3906,509.795824570132,72.0,25.489791228506604,1.25,322.6300371776879,374.6185169993519,206.45187861782492,5.247706633016894,384.2125793815997
S-S2,500.0,3546,4216,505.12035747455025,67.0,27.140795326990762,1.0055758630651082,382.912084603841,923.0706061413258,179.4578183091953,6.217427870860375,183.24032573940576
S-S2,500.0,3906,4666,541.8700691359545,76.0,25.667529590650478,0.8525658553094037,479.9143169322108,169.95183128691602,107.63462292435709,2.9741145180844524,11.51961893993543
S-S2,500.0,4216,5026,518.7373354729057,81.0,23.054992687684695,0.8,257.97377044739085,581.1423435621679,282.2509055709113,5.358975104006152,120.99956172384607
S-S2,500.0,4666,5566,508.8657394720476,90.0,20.354629578881905,0.8,315.00340142352053,1174.700923175499,364.1034584015077,10.125415901847774,187.48485292539294
S-S2,500.0,5026,5847,500.4360320505057,82.10000000000002,21.943601892592206,0.8,467.1888251501642,203.39299744408783,175.06626616587062,1.8905747304190395,39.675615395952086
S-S2,500.0,5387,6477,603.3659021711974,109.0,19.927681172626706,0.8,116.1292191751876,718.9219345834291,208.84677575247758,4.23480912686988,47.09547810129844
S-S2,500.0,5847,6926,508.9250545602781,107.89999999999998,16.979890606274346,0.8,306.32079930318963,967.5835292415944,193.18477599070852,4.574267686299055,52.05163124124187
S-S2,500.0,6477,7697,618.4974862069444,122.0,18.250745494631147,0.8,525.6771640637957,414.9436371662995,210.75223557203586,7.32729153100303,43.53803687842769
S-S2,500.0,6926,7876,555.3053865893194,95.0,21.043151491805787,0.8,523.5490294585579,470.458327223729,263.27675763458274,1.660233926811339,99.25504219094489
S-S2,500.0,7518,8236,614.6113852333447,71.79999999999995,30.816169733148225,0.8142710597765843,502.4851193115574,492.13195764550835,307.58615372497655,2.503270699449021,136.77229383309876
S-S2,500.0,7697,8327,560.6890116326276,63.0,32.03937209329301,0.8,467.3046502167183,548.9843138742638,260.9459415928723,1.701682042901918,96.27869658223909
S-S2,500.0,8146,8417,511.44741362426885,27.100000000000023,67.94135383938621,0.8,510.82846548386004,187.92703408183243,162.01742808276057,6.2571536047773995,232.0232972825201
S-S2,500.0,8327,8776,572.9081575350738,44.89999999999998,45.934729780095026,0.8,500.94891135918823,7.627950647631138,68.0227387335708,4.311381243961259,125.41801889024677
S-S2,500.0,8417,9046,514.5562997586612,62.89999999999998,29.449963102244535,0.8738706699749093,416.01773065756146,287.477442775806,110.78240691580896,7.686714623058524,32.91776940347934
S-S2,500.0,8687,9497,567.6420409649227,81.0,25.228535153996564,0.8616924084341783,406.9388940641791,740.3352318412972,53.80226249694792,3.540344433617995,32.2201879449576
S-S2,500.0,8956,9766,593.5056013804478,81.0,26.378026728019904,0.9048174767406537,507.10569239193205,855.0958089039098,93.41333666641863,4.250399458488449,27.83573148495023
S-S2,500.0,9316,9946,504.20974603976265,63.0,28.811985487986437,1.0434973251363575,486.45103919083743,513.5354680323,98.94664729715358,3.5238720142045143,125.27060205664928
S-S2,500.0,9676,10306,533.7827614885409,63.000000000000114,30.50187208505943,0.8559494423098402,454.1511515419463,275.58853872214837,130.56740157684104,2.5536224213501497,34.58597997169317
S-S2,500.0,9946,11196,540.2125140803964,125.00000000000011,15.558120405515403,0.8715048268225299,338.4240103287721,800.9315929087323,459.7773340069665,3.739908493488642,331.7625818167529
S-S2,500.0,10306,12706,540.9297128858661,240.0,8.113945693287992,0.8042980344292798,360.83150923896915,865.5861433789812,490.81727018725644,4.2590093984921085,314.72631702248054
S-S2,500.0,11106,13066,533.8482929456068,196.0,9.805376809205022,0.8,401.95746030316593,511.23019545440394,335.0921165117562,14.993751183684857,160.8266889196154
S-S2,500.0,12616,13426,506.13155123928937,81.0,22.494735610635082,0.8,48.85641586632763,710.7272199385454,94.67547674374349,31.396311449475018,40.09461299765572
S-S2,500.0,12976,13876,537.1311207124118,90.0,21.485244828496473,0.8,31.15194654067353,748.5674654354927,129.41376214080597,70.48218028139655,17.992709799745818
S-S2,500.0,13426,14416,533.3228818903253,99.0,19.393559341466375,0.8,124.276550777569,658.1101800857772,270.4916984737063,8.118554229468382,111.3464126033104
S-S2,500.0,13786,14817,586.1877775274215,103.09999999999991,20.468244414148586,0.8,195.38029304795276,776.7472946542506,167.04744356264604,7.657266808491981,18.152195048262225
S-S2,500.0,14326,15177,503.68784354045965,85.09999999999991,21.307593851300314,0.8,156.88020581777786,843.6902021935213,185.07945026679164,11.604366479441156,45.48377528039704
S-S2,500.0,14817,15537,586.9436565436154,72.0,29.34718282718077,0.8,455.8455726039786,285.7351783522673,151.65845734386752,8.268409110954691,8.781130216133674
S-S2,500.0,15177,15806,503.2501162729477,62.90000000000009,28.80286833994609,0.8,412.9023874274515,457.04430703920883,62.084100481718195,5.894562230157068,51.93188780809756
S-S2,500.0,15446,16516,570.4176863588218,107.0,19.191623092446342,0.8,451.4773225835828,323.9183839735654,178.15406993870002,2.050000644221587,28.470897296981104
S-S2,500.0,15806,16786,526.2453751796384,98.0,19.331462761701,0.8,377.39629693274145,834.6638579087956,202.41520597798697,6.589552170670278,57.981901543732356
S-S2,500.0,16426,17146,523.2537200662355,72.0,26.162686003311777,0.8,331.4980354680876,429.33918949148165,120.5230867178921,3.9603941833365037,7.616892915829055
S-S2,500.0,16786,17596,523.5877722628757,81.0,23.27056765612781,0.8,419.5825677481859,904.8057874756689,162.57119538922797,6.189498591844161,26.556015620271772
S-S2,500.0,17146,18137,510.4262052060494,99.09999999999991,18.542223397999795,0.8,439.5405713265302,238.77626686901905,177.4945339793829,2.4998074889320403,40.07854226599013
S-S2,500.0,17417,19156,532.9061187566585,173.9000000000001,11.031984057067106,0.8,199.86389770276355,847.4218843240932,223.280382348184,74.13302471301645,49.929245101352855
S-S2,500.0,18046,19606,531.5016684820785,156.0,12.265423118817194,0.8,176.07841185191356,1010.9991425182526,488.78159142538453,310.2842698828054,467.84312561689137
S-S2,500.0,19067,19966,508.15720627310475,89.90000000000009,20.348898137743888,0.8,249.27234024006066,605.2786038409992,111.06636965793024,187.3624715049603,154.30097169602223
S-S2,500.0,19606,20507,556.2901911144381,90.10000000000014,22.226911076714476,0.8,195.37092288871176,735.8223811742027,137.14857829189117,6.319480516560265,3.1156240439555933
S-S2,500.0,19966,20867,630.8466015033118,90.10000000000014,25.205857551741612,0.8,288.16580791735737,510.0195151863448,77.19355368329695,3.92503771174523,65.16521388588275
S-S2,500.0,20416,21147,522.2814573877913,73.10000000000014,25.72111144454234,0.8,286.3277073872059,754.832979385437,20.358848888404832,2.037409265831584,88.55665559042437
S-S2,500.0,20867,21867,584.4789136259351,100.0,21.041240890533665,0.8681838235787245,138.85364400187885,721.1297408487046,199.42785992098487,11.871690152753184,97.65127904401588
S-S2,500.0,21147,21957,552.8920001718707,81.0,24.572977785416477,0.8876263855945787,415.84867178339675,1081.5002538420924,199.42849853193846,13.860855447445976,116.44507224735695
S-S2,500.0,21776,22137,643.8061272952891,36.100000000000364,64.20227308207804,0.8461495371955291,643.7980598714307,85.77386023467547,84.42601747260403,0.7596163577940241,170.40104602742295
S-S2,500.0,21957,22316,509.1082223198646,35.899999999999636,51.052635107284985,0.8735744681476383,509.0781492896678,67.89167041555031,66.9171705148168,4.351700209535691,122.8767968118359
S-S2,500.0,22137,22857,607.4936175089078,72.0,30.374680875445392,0.956899200496687,539.381644939426,855.6974297674923,108.09104812563427,8.070323894712114,76.97388298537287
S-S2,500.0,22137,22857,607.4936175089078,72.0,30.374680875445392,0.956899200496687,539.381644939426,855.6974297674923,108.09104812563427,8.070323894712114,76.97388298537287
S-S2,500.0,22676,23126,595.6299740095637,45.0,47.65039792076511,0.8715806448932106,595.612675807152,118.97789251959708,25.68493070233568,5.394355879795351,54.95506454758853
S-S2,500.0,22857,23306,531.2973824317633,44.899999999999636,42.598453825264215,0.9747583811126096,529.6219340158395,115.89614428051478,96.3460221235235,2.484747199043901,80.46322112751875
S-S2,500.0,23126,23486,529.0021399866146,36.0,52.90021399866146,0.9199929582276853,528.3357390404138,115.76843252578762,30.398837707368102,1.8845567887798913,14.560855019291044
S-S2,500.0,23216,23576,521.4307648135527,36.0,52.14307648135528,0.9347640077846184,521.1466229401016,75.08207878461579,59.56180689699536,1.4440867240598803,21.733644782839733
S-S2,500.0,23396,23756,508.77686330319375,36.0,50.87768633031938,0.8866987879598356,508.7192700666023,55.35664484846925,53.78646057355717,1.9272401466712494,10.188289503883093
S-S2,500.0,23576,24027,577.6624728232,45.100000000000364,46.110529981452395,0.8609636854117791,572.0103219563546,107.12485521768275,44.07035397537263,1.0067190224441742,118.15730017078356
S-S2,500.0,23756,24296,513.1825654204222,54.0,34.212171028028145,0.9121622703304149,356.05214874491804,465.8678923838491,70.95273401852704,2.3487651422235625,19.726758029294928
S-S2,500.0,23936,24477,677.9612048477084,54.100000000000364,45.11386945382133,0.9318468879138462,587.4953009901402,925.102213158429,58.438879516950585,3.7440974817625845,100.68283988228778
S-S2,500.0,24296,24656,510.8585304083135,36.000000000000455,51.085853040830706,0.9202135250210245,508.61051739367446,71.29910762507242,60.950340002952665,3.7955308733235165,96.84240232416408
S-S2,500.0,24477,25676,548.56825916864,119.90000000000009,16.4707734195755,1.0106593098085908,419.6166682118825,477.0144982500035,158.2493033463503,1.7919723797044336,165.7711016705411
S-S2,500.0,24656,25856,512.6334183672207,120.0,15.379002551016619,0.9690105224599922,400.1294713794743,726.4276428244879,202.03826636227916,2.683769038602517,179.91260231441868
S-S2,500.0,25496,26126,632.3737809003505,63.0,36.13564462287717,0.9781895007155273,631.045012265897,131.53313262593605,86.38996497848207,2.918498968486188,70.7527018089098
S-S2,500.0,25856,26216,509.91782180277914,36.0,50.991782180277916,0.8,508.7812456948472,100.85207119259925,30.267624910232996,5.516203247868971,125.55677813137534
S-S2,500.0,26037,26396,531.5598089098457,35.90000000000009,53.304047690123674,0.8,531.320308623874,119.34633066698183,29.432237495487232,2.2277357058101823,129.6947100076813
S-S2,500.0,26216,26576,517.4865663033561,36.0,51.74865663033561,0.8469684569685688,516.4278313366476,83.07613413457773,54.4102466457914,4.881855712632379,125.13588804198871
S-S2,500.0,26396,27916,507.41656465675624,152.0,12.017760741870543,0.8797399720372018,505.3288337937695,149.86824278306622,37.63660353061251,3.290825650439737,28.33802287201231
S-S2,500.0,26576,28186,586.5086190746515,161.0,13.114478438936308,0.9557035826921708,583.3730449412947,181.8892808953163,135.60114515058612,5.308259700608721,103.53703007891217
S-S2,500.0,26667,28276,519.6220867673837,160.9000000000001,11.62610013898434,1.0601704648205443,518.2982736897902,238.2645270231651,204.07314723514338,2.3319085466304728,247.61596467571886
S-S2,500.0,28097,28726,577.7044587979581,62.90000000000009,33.064166163317104,0.8,571.9383549266904,41.66411809879923,34.90433106994548,2.4695948634944314,87.76346233127838
S-S2,500.0,28276,28906,532.7744620173908,63.0,30.444254972422332,0.8,515.9697657126055,269.70539684296193,32.93876850528105,2.248481651421971,80.02064607044397
S-S2,500.0,28636,29587,511.36599254855173,95.09999999999991,19.357703187957814,0.8,447.147367451996,388.16056117961955,34.35736746480939,11.750485771076514,114.05430102926945
S-S2,500.0,28816,29856,551.2766017516078,104.0,19.082651599094117,0.8266797645523378,484.75346159895844,385.6199262068198,94.48346033386998,8.943808210099109,19.743307369346766
S-S2,500.0,29587,30036,526.2480446511909,44.90000000000009,42.19360714352524,0.9095692898777257,498.95282313997916,678.4517380558075,21.784450251168,14.844567431166828,29.43940327012065
S-S2,500.0,29856,30396,608.7267791002669,54.0,40.58178527335112,0.9885832932262741,558.1910646375215,62.68928914250565,24.6391000716031,3.9518146245263317,17.48796639150567
S-S2,500.0,30036,30487,502.0677820585588,45.09999999999991,40.07636397806686,0.9074103919519902,467.0343873256321,500.6792035495353,11.073328612625856,5.518977455659908,38.16155987534717
S-S2,500.0,30306,30757,519.5251666859658,45.09999999999991,41.46985809466698,0.8234322564210725,498.6834947287647,24.372878970591554,33.514353821823725,4.248400481417207,119.881238741629
S-S2,500.0,30487,31227,537.3301641861617,74.0,26.140386365813274,0.8973380893444771,533.9223383491621,191.9595860889738,129.77087979888327,5.1048695785830684,61.02502900154572
S-S2,500.0,30757,31496,513.5261785002403,73.90000000000009,25.016160251703152,0.9507961350211057,504.69014053108714,331.196845726617,325.6091701240547,4.910947935735827,284.1902968396821
S-S2,500.0,31136,31676,504.93176937879616,54.0,33.662117958586414,0.9271450939765065,493.9229207420796,241.25161457464378,210.0378848907857,2.3021429440909325,157.79084700643827
S-S2,500.0,31496,32646,517.0253085362601,115.0,16.185140093309013,0.8,430.305323991449,445.57564116135967,125.37997641402394,5.336156013255526,4.669199701994539
S-S2,500.0,31676,32916,553.4602712860978,124.0,16.0682014244351,0.8,453.07238945804005,1059.7095908846168,214.8208642962887,5.944520081753307,62.19846020208273
S-S2,500.0,32466,33436,598.0286049201495,97.0,22.19487605889215,0.8,572.3835920567633,443.4712894126052,34.48046539291465,0.9100754942081383,91.56091478958808
S-S2,500.0,32826,34547,506.7961038947178,172.0999999999999,10.601196827547852,0.8,397.41118453251374,173.76150732245796,45.618223583758045,32.590167876281136,82.44699272900947
S-S2,500.0,33346,34816,519.5055521202485,147.0,12.722584949883636,0.8295260813721397,381.5591822645416,282.02505997471286,13.158615734568736,27.659786264872853,94.49838600531403
S-S2,500.0,34547,36226,555.7545266900888,167.9000000000001,11.916118499608807,0.9154716821811549,508.3664991310487,923.3395070225189,60.63963539292667,6.967708664322721,86.8078564718584
S-S2,500.0,34816,36586,540.434937007456,177.0,10.991897023880462,0.9736043580049979,450.5270140122278,347.947826614333,46.644486354977815,5.625126378007201,31.04524953428488
S-S2,500.0,36226,37036,558.0125677248034,81.0,24.80055856554682,1.006581317838967,447.95222901070815,786.6971616564435,128.7138699746648,8.39027678311086,133.28413396877318
S-S2,500.0,36496,37306,511.37947407253887,81.0,22.72797662544617,0.8638750055088343,344.8830668423336,422.6143091712571,196.77069021697716,9.00432713455963,99.40519277581026
S-S2,500.0,36946,37666,570.0062915014641,72.0,28.500314575073205,0.8,218.5543337982444,457.2675055666086,257.0488578413112,116.16052079264867,114.86995421577575
S-S2,500.0,37306,37846,517.2600944946462,54.0,34.484006299643085,0.8,293.20006488064104,823.3443570360558,155.31379230669842,121.72454092700323,45.15588880072796
S-S2,500.0,37576,39046,501.55761430703933,147.0,12.283043615682596,0.8,354.4341936865529,460.0645689586388,70.51281857646491,7.417255909966852,44.26028649122993
S-S2,500.0,37846,39586,532.492986447407,174.0,11.017096271325663,0.8312475618720699,289.8942310101162,437.8305460349296,203.49471897048,6.574261811188759,78.18789451375851
S-S2,500.0,39046,39857,596.646374203694,81.09999999999991,26.484919200164008,0.8,263.3199088279481,548.8328587387887,100.51097593098797,9.033065012574072,39.95867374711651
S-S2,500.0,39496,40126,532.7253410388803,63.0,30.44144805936459,0.8,341.9046664878904,964.6713778988283,200.08453966944768,11.09622161338647,53.21383430565639
S-S2,500.0,39857,40486,592.3190262769349,62.90000000000009,33.900611996772064,0.8,590.1089503955798,378.37115447072154,179.50996434945472,6.939900226191154,24.840525396646278
S-S2,500.0,40126,41007,540.9798635455772,88.09999999999945,22.105874106289335,0.8,526.2113813324631,32.37137059489831,15.524020453157352,6.8585626163144715,89.06198446947201
S-S2,500.0,40396,41457,552.6872098707609,106.09999999999945,18.75281767704759,0.8,465.0420345955437,441.02397535538915,130.55072697388997,5.561673265202208,8.396669802557199
S-S2,500.0,40576,41637,619.1209572530825,106.09999999999945,21.006931631584436,0.815698352088651,564.1265925774782,988.8891752799682,111.07489717441561,7.301423081740084,24.453908994571794
S-S2,500.0,41367,41908,579.2136481403904,54.100000000000364,38.54286752875031,0.8284407709152347,560.4729380275561,178.06652040593445,59.593158335091516,4.812521387910207,148.77822824674396
S-S2,500.0,41637,42446,576.6489429414141,80.90000000000055,25.660521564759915,0.9071426262748287,569.9537017478415,252.30395125359436,226.6009231077705,5.495037896888334,151.729761219503
S-S2,500.0,41908,42716,504.9595888590193,80.80000000000018,22.49819950361962,0.9004070102755672,496.1963784150322,333.09748902246736,283.3963745761138,7.964331350621596,204.66860597032365
S-S2,500.0,42266,42986,590.5103283401331,72.0,29.525516417006656,0.8,487.46681503957825,539.7028003242473,149.36363067912296,9.93677964787523,0.6342848512267951
S-S2,500.0,42536,43166,554.9483705904968,63.0,31.711335462314103,0.8323495902925626,494.4808757489847,483.0957961493011,119.01415861931203,5.850181083127273,5.1132299039551325
S-S2,500.0,42896,43436,539.3870399328043,54.0,35.95913599552029,0.8,537.9986022525983,179.71802763596773,136.66586410528706,1.6830546846656966,1.5246240490064669
S-S2,500.0,43166,43708,752.0077510082119,54.19999999999982,49.948854310508715,0.8,633.1702248940737,591.0817925861608,20.038236033510067,3.890290155526633,165.7726118170669
S-S2,500.0,43436,43708,513.2551328118934,27.199999999999818,67.93082640157458,0.8,486.2064877506301,480.9886305866229,129.24761571681867,3.7820406780643063,205.89961799784186
S-S2,500.0,43616,43978,621.9019900719322,36.19999999999982,61.84660674748529,0.8133262985263541,617.491895954695,230.61965419942555,226.35014476510236,0.7590156786786153,298.987874607182
S-S2,500.0,43708,44456,573.0224690175601,74.80000000000018,27.578621503518868,0.9299092136470676,569.249404083317,121.28038321900286,38.8726195538753,3.805978119064103,5.6563350093386076
S-S2,500.0,43978,44547,514.7076061774533,56.899999999999636,32.56498035569145,1.0266990182932914,514.3940548661936,50.230395325144926,48.482820665026686,5.187264846700692,36.0716917962522
S-S2,500.0,44366,44727,541.6281549492633,36.099999999999454,54.0127799949412,0.9844880013110975,541.4689127472137,114.59882141342534,113.9650781316732,5.584343523178735,120.60657736266405
S-S2,500.0,44547,45296,552.6321307218932,74.90000000000055,26.561757951919905,1.1918634119385245,551.9643612374937,49.60746915905071,42.694497294700966,3.703270340612527,55.33551953849852
S-S2,500.0,44727,45666,525.7849519206356,93.90000000000055,20.157889530503486,1.1885236157933965,524.2614400650813,100.40603695985634,15.407031440982909,2.099130141722478,117.32451356058942
S-S2,500.0,45116,45847,582.9794978180507,73.09999999999945,28.710344625786572,1.0944100465286701,581.1276676217019,141.897004626986,131.11465364128193,1.2905622423428107,88.37040592139988
S-S2,500.0,45576,46207,580.4055566517163,63.099999999999454,33.11347074399678,1.142229122598758,579.5835354029099,142.32117951763706,36.58011991677278,1.5826350333312051,124.4603064264789
S-S2,500.0,45847,46386,541.3576119580684,53.900000000000546,36.157465733748175,1.2210234690541515,539.9414314262343,67.48349401920406,28.01493815171481,2.0811676962465318,153.86401494219766
S-S2,500.0,46207,46747,507.6163249801757,54.0,33.841088332011715,0.975816129953927,507.5592348656307,141.2576166667421,129.19014770652652,0.9420061466162187,138.34464684504917
S-S2,500.0,46386,47286,526.3524730602076,90.0,21.054098922408304,1.0579296345325053,279.25965941454683,601.3244073390367,1.2468456445200806,10.37594402798814,28.934222237952103
S-S2,500.0,46476,47656,539.8835272186334,118.0,16.47102286429729,1.064052421739369,195.4003140429454,708.5283721814733,126.46599818869065,13.607537886195955,168.27690042289925
S-S2,500.0,47016,48106,517.0439961661723,109.0,17.076682442185508,1.004635511874019,160.61783713795404,848.5433516118161,492.49468127407573,341.53903481621643,492.49468127407573
S-S2,500.0,47566,48286,587.003483585162,72.0,29.350174179258104,0.9609213660296023,443.32923578411925,235.9306945244529,92.48399475345128,4.601999748419726,65.88042054005007
S-S2,500.0,48016,48467,556.4027337742082,45.099999999999454,44.41352198641184,0.8056702593333487,545.9761120885707,876.7757742625997,5.72337546361061,4.729071183834499,103.29764929531999
S-S2,500.0,48286,48647,515.1920280550949,36.099999999999454,51.37649033236481,0.8202553082586932,515.0173756130084,136.3441828766156,93.70111229036814,2.495358453698805,169.61904921402788
S-S2,500.0,48467,48916,502.8193890109942,44.900000000000546,40.3151403215937,0.8395458573327353,486.54262120159,138.71242242755676,131.53142157406302,2.9442065778696858,187.46053615550798
S-S2,500.0,48647,49276,624.3988464002723,62.900000000000546,35.73665893546838,0.9906334206169506,589.1401088170948,215.06113800060092,52.7640970690171,2.2809095422318366,58.12275992489779
S-S2,500.0,48826,49366,696.0233370282767,54.0,46.40155580188512,1.016887180682712,688.6080159938066,757.86720003252,127.38308668490355,0.3993521752466038,117.78400421344297
S-S2,500.0,49186,49456,613.4082219987213,27.0,81.78776293316284,1.0613377477830281,611.95556221213,239.47809932710496,239.1478223784729,5.6973187251581034,216.25689364828278
S-S2,500.0,49366,49637,511.49003013373294,27.100000000000364,67.94701507311491,1.2258046484320242,511.33040248675695,132.76519543645452,115.89172271886247,7.213756195366449,27.46117169882412
S-S2,500.0,49456,49816,530.7422106740851,36.0,53.07422106740851,1.2479387942672322,530.1816535565339,42.02292335472093,40.71253144941661,3.548675036172349,81.19256113973077
S-S2,500.0,49546,49996,551.1195552685822,45.0,44.08956442148658,1.25,546.5047787904383,189.17113445696094,35.62366457332857,2.503857788695633,182.40826258624386
S-S2,500.0,49726,50087,536.9196704924616,36.100000000000364,53.54323583858289,1.25,524.9215810029382,149.99638265018962,68.87343649702872,1.7840306239595503,48.56031894606605
S-S2,500.0,49906,50356,560.2268339462607,45.0,44.818146715700856,1.1854503889366017,535.6854406883207,166.372495174362,61.841619259767114,5.632721994040776,177.7943908534756
S-S2,500.0,50087,50626,621.8523532720865,53.899999999999636,41.53373788088175,1.205959232302903,604.7417994666523,297.73656864666475,175.32385284223204,8.452350927740257,340.27199128572875
S-S2,500.0,50356,50716,502.9811806520156,36.0,50.298118065201564,1.1317805319105583,496.57009193705096,47.93545299799668,29.516074955724086,9.681797382656478,98.07813991242588
S-S2,500.0,50536,50897,510.87694572270266,36.100000000000364,50.94617741278978,1.0206196895775708,492.20221501769134,259.25417210140563,55.207174677981456,7.592565189295467,45.905981324190115
S-S2,500.0,50716,51666,509.87228460524784,95.0,19.321476048198868,0.9466309568329061,319.04088906043364,351.8855637849687,117.76157629330889,6.681360877026639,84.61689680058525
S-S2,500.0,50897,51936,631.9175630255922,103.89999999999964,21.89512249174341,0.9654925802987582,420.41897726403715,302.4143454613821,177.23764229118942,29.66467202247799,150.33946110262676
S-S2,500.0,51376,52027,622.8137549555904,65.10000000000036,34.44131363809697,0.9349018833352787,502.3774888308861,132.00371414752794,36.667837313234116,21.973329909521482,4.886581572595421
S-S2,500.0,51846,52116,528.2388044717591,27.0,70.43184059623455,0.8483281381293216,518.8847887531183,201.9351154143584,160.89071650618027,0.493800709702385,215.92581831180703
S-S2,500.0,51936,52206,579.5408495200027,27.0,77.27211326933369,0.9001416088818907,569.9820843992339,321.4165931759614,198.90395472567607,2.0211536257859097,236.97159590841017
S-S2,500.0,52116,52386,637.0443644845509,27.0,84.93924859794012,0.985723726429315,637.0378121538774,208.5785886415005,199.5397512375995,0.8643524974961572,205.77219170615882
S-S2,500.0,52206,52477,591.4637616335749,27.100000000000364,78.57083180372108,1.1274731009557628,591.1801534665574,158.02335362377823,149.33843053938014,1.70235737975249,92.96907585101009
S-S2,500.0,52297,52656,695.5991256242705,35.899999999999636,69.75367276455151,1.1700900439142596,694.2545154823857,200.06752388124758,100.07208420975972,7.002792738566925,7.161835208334873
S-S2,500.0,52477,52746,572.8302064701711,26.899999999999636,76.66129157221724,1.2274541916698578,572.821345126417,154.94021197948138,121.35247982694314,8.130293120238994,20.181658952334367
S-S2,500.0,52566,52836,702.3531137277096,27.0,93.64708183036127,1.1732722178607635,702.3412802426644,272.7052109347954,269.9401215304803,6.458552966023315,194.92828810870037
S-S2,500.0,52656,52926,713.5420933943387,27.0,95.13894578591183,1.196003906981261,711.932713254825,301.18538480842744,303.31169912080185,7.166228633941127,223.33715711788665
S-S2,500.0,52836,53106,709.6657600434992,27.0,94.62210133913322,1.25,697.5761780216277,335.3574936338071,272.0967601485777,7.106109021011651,162.07545039354457
S-S2,500.0,52926,53196,747.0121188859048,27.0,99.60161585145397,1.25,746.9851802102279,360.0161778580172,292.45188827120245,2.1755093478324348,178.6186055233897
S-S2,500.0,53016,53196,507.76277336734347,18.0,101.5525546734687,1.25,507.76264475419475,204.07915044210088,204.32985213514456,2.063128564376686,128.29088160164412
S-S2,500.0,53106,53286,517.1422608968714,18.0,103.42845217937429,1.25,517.1327845017527,225.02822726871995,225.27733550840387,3.6353115120470063,152.18553223181195
S-S2,500.0,53196,53376,507.1144300726155,18.0,101.4228860145231,1.25,507.09103167610675,227.37083722694297,227.98519157976267,1.2351647183768117,157.98383348871857
S-S2,500.0,53286,53646,553.6095445105238,36.0,55.360954451052386,1.25,538.8140076999223,48.25796534691312,55.37813214938439,1.5508509327688955,69.38357529683516
S-S2,500.0,53376,53916,516.4683295923824,54.0,34.43122197282549,1.25,432.99061517191035,250.04225014132777,159.82352291643866,4.035044845912666,328.77839775600734
S-S2,500.0,53467,54096,550.3911032213509,62.899999999999636,31.50092164700914,1.25,421.8555882066369,487.81366927489427,186.001267429013,3.5175175980308513,369.82706341356356
S-S2,500.0,53646,54366,544.7082635612533,72.0,27.235413178062664,1.25,332.6719538350337,1019.016422211157,248.43105948723212,7.63737406275824,444.91180940578334
S-S2,500.0,54006,54976,525.4701713029281,97.0,19.501985739077742,1.25,275.14370964509214,878.3652702395015,361.8909075129912,24.66115363697351,488.8840327578515
S-S2,500.0,54366,55246,500.1313659060397,88.0,20.45991951433799,0.9786975099399261,143.74964981750438,908.5427504575755,308.0422961034314,14.065822446157064,291.12555477750254
S-S2,500.0,54796,55517,541.3725637195457,72.10000000000036,27.03108501234889,0.8,428.1876858777594,1122.6840016974568,261.7832886515939,3.514321612367521,101.65727623136573
S-S2,500.0,55156,55966,559.9728721989595,81.0,24.887683208842645,0.8,492.72012210184164,721.1877462594067,205.745600490392,4.52885445923048,53.4097817769365
S-S2,500.0,55517,56416,522.5568116171416,89.89999999999964,20.925523045847804,0.8,66.05820553842653,643.3937948184682,214.49764905634152,8.092819402058746,67.71076093578559
S-S2,500.0,55876,56686,509.37244201734575,81.0,22.638775200770922,0.8,55.50076626705824,617.8595609203838,173.6621425683751,6.726154166733659,38.35109709508475
S-S2,500.0,56326,57136,503.2023362939217,81.0,22.364548279729856,0.8,403.9849767711378,1062.9486839357596,184.57937301726326,10.09289490938677,49.034108073405626
S-S2,500.0,56686,58086,542.9161656525393,140.0,13.960701402493868,0.8,334.20343795694083,453.26138899233877,228.50381546149242,17.005870555674026,70.86628441662808
S-S2,500.0,57136,58266,553.6599514338159,113.0,17.63872411647555,0.8,376.81832540110975,375.33539830072544,281.9003522095653,161.29176705796402,147.10397093525302
S-S2,500.0,58086,58447,634.9092703246206,36.100000000000364,63.315051888327176,0.8,609.5659954437831,163.0293852261632,136.9064732229385,4.387103472501071,236.7451251188918
S-S2,500.0,58266,58627,715.702140416055,36.100000000000364,71.37195860104633,0.8259926408905761,705.595028660908,312.50966981829527,198.03038769296225,25.831031060648435,284.810796674868
S-S2,500.0,58356,58627,557.7684409750145,27.100000000000364,74.0947006461264,0.8941474658801964,547.664903198445,148.85378034906495,173.01458129934602,22.533684905951503,209.38648700326726
S-S2,500.0,58536,58896,580.6787668038014,36.0,58.067876680380145,1.0230009531305098,534.7551755448319,166.23707993356686,129.51128052227278,17.750277745453015,118.72575992773069
S-S2,500.0,58627,58986,564.8817003140721,35.899999999999636,56.645518694447915,1.1400722911281853,561.5581499564213,378.24809409877855,102.58511579668223,0.8925744320449019,37.78937777097041
S-S2,500.0,58896,59167,911.3055784378375,27.100000000000364,121.05904363011702,1.1579621679589682,911.1120790344717,537.8752414728319,538.1042345982014,2.0004608257229397,479.0963183343394
S-S2,500.0,58986,59167,692.8391498960482,18.100000000000364,137.80226185777477,1.2211099440208326,692.7519661392415,440.06991614878234,439.948145192754,2.052544273731054,383.8402565421128
S-S2,500.0,59076,59346,671.1012643428621,27.0,89.4801685790483,1.25,670.8569651986883,303.9444478944194,303.2022804751193,6.604881746224639,211.3235904388982
S-S2,500.0,59167,59526,500.715098520428,35.899999999999636,50.21098480984845,1.25,500.0052457760527,104.69952894114104,68.24318130144323,6.230449694437687,40.8731272878681
S-S2,500.0,59167,59526,500.715098520428,35.899999999999636,50.21098480984845,1.25,500.0052457760527,104.69952894114104,68.24318130144323,6.230449694437687,40.8731272878681
S-S2,500.0,59346,59796,519.33618028614,45.0,41.5468944228912,1.25,414.0491631403515,158.98495917230804,51.36533730930415,10.339035524459927,63.188051244435854
S-S2,500.0,59526,60246,536.2859845599669,72.0,26.814299227998347,1.25,336.63637235842555,953.5732931894535,321.98567971493753,90.06793854339669,502.5027902390593
S-S2,500.0,59796,60736,513.5608956404831,94.0,19.668289620273818,1.25,187.35358715138852,713.5493277836867,488.3297280316215,195.89153735559563,488.3297280316215
S-S2,500.0,60066,61096,539.6383994132557,103.0,18.86114794065748,1.25,276.67946259751193,1076.09042738244,492.8826081043544,194.54945813061488,492.8826081043544
S-S2,500.0,60557,61726,525.1940202443802,116.89999999999964,16.173639631135796,0.8,379.4792335584325,191.60317229086567,184.2834403179126,24.66500702534565,37.63167605003819
S-S2,500.0,61006,62277,598.3716064589171,127.10000000000036,16.948369655799336,0.8,223.3469946941781,782.2989753002514,148.99007150819025,2.447437338758191,0.976964040793154
S-S2,500.0,61726,62636,508.756896328523,91.0,20.12664644816135,0.8,395.6862918927665,706.9613624506167,261.15859425982325,11.741892645817911,109.34618965749455
S-S2,500.0,62277,63176,520.691758716006,89.89999999999964,20.850837946358503,0.8,96.7971858344553,661.0172912811416,231.7506200012472,3.91639444894923,80.49861094224906
S-S2,500.0,62636,63446,542.5038505909833,81.0,24.11128224848815,0.8,214.07635387502384,730.0770588525995,100.80679092600218,3.869767208203371,28.21396251733873
S-S2,500.0,62907,63716,606.4087613463198,80.89999999999964,26.98481509081287,0.8,376.0576837596766,1020.1163157446335,155.7244640276889,5.493372284710268,5.112768917623524
S-S2,500.0,63357,63896,533.9506596960418,53.899999999999636,35.662752781183,0.8386523195681922,466.23158860564234,714.5632503208783,69.73033551495068,10.26646236365362,29.080133963167064
S-S2,500.0,63626,64256,545.8303687335429,63.0,31.190306784773878,0.8201082212484259,364.5785274898459,749.0015518809597,136.60987435410138,8.72526547828625,13.061575187291957
S-S2,500.0,63896,64706,521.8211517067903,81.0,23.192051186968456,0.8541754485008912,291.3278283490351,768.6074070780243,181.3262579990617,12.41149300904131,80.31815605748592
S-S2,500.0,64166,65066,564.2070549503187,90.0,22.56828219801275,0.8031853395562425,284.12292532074116,656.2447912843458,134.46029520964768,2.670492314689519,3.579003147546891
S-S2,500.0,64706,65336,506.71855547232553,63.0,28.955346026990032,0.8155263963153139,314.167772883697,864.9468871643563,103.29180312284576,13.629157563032665,12.25356516961891
S-S2,500.0,64887,65606,552.3161560024018,71.89999999999964,27.654216434056423,0.8496530687491517,499.53440364529513,1018.8335554022607,235.63652627355938,5.470086301280937,116.3753548744426
S-S2,500.0,65246,65876,523.9522949534366,63.0,29.94013114019638,0.8064486952302135,490.2234499175778,245.9063587029335,185.01113148246853,6.405059296992491,46.555488835608664
S-S2,500.0,65606,66326,549.3523112819457,72.0,27.467615564097287,0.800484795762164,223.63536042568745,802.8559428562809,226.25506062146866,13.349711247265194,69.00738247279892
S-S2,500.0,65876,66596,531.252428800115,72.0,26.56262144000575,0.8,307.15827675034495,997.4331970513666,208.23825750026705,8.442525122631247,58.97788803344291
S-S2,500.0,66237,67146,576.4125845970048,90.89999999999964,22.828221172158695,0.8,239.07205553542343,505.80779195831354,165.85046808884093,4.232397218456766,16.839205069674485
S-S2,500.0,66506,67326,613.3445989334505,82.0,26.927323855614897,0.8,489.44580181992416,1205.1578170237303,111.0532990813572,9.267433208358732,35.731658716065645
S-S2,500.0,67146,67506,547.7256393246207,36.0,54.77256393246208,0.8,547.3438720421968,74.51834765725674,18.74105502152867,1.6197370089329417,94.65581980691707
S-S2,500.0,67326,67687,545.7682607333481,36.100000000000364,54.42564372964082,0.8338596757359014,540.5713447471907,90.91137577822717,57.72331371701592,3.230101834997851,42.54605936101912
S-S2,500.0,67416,67777,661.1484602110504,36.100000000000364,65.93170240331739,0.8529164126598454,655.1536706432233,79.98141865651337,58.45549256120692,1.9889465976812088,147.0597236439138
S-S2,500.0,67596,67956,528.8038094975491,36.0,52.88038094975491,0.8604384552762363,527.1950491395827,177.37818749958225,62.208454182665356,0.8719881126862148,20.315889990894984
S-S2,500.0,67777,68227,557.3323628882499,45.0,44.586589031059994,0.96938682406403,546.4229737405774,259.74892884162773,207.2048486041135,2.1610908769451056,183.74534802975245
S-S2,500.0,67956,68317,556.0998213414641,36.100000000000364,55.455937862306115,0.8809333498396378,542.5921161507268,77.60151456865493,41.816837102910284,1.2138658197516023,29.513511228935105
S-S2,500.0,68136,68586,596.3224890131896,45.0,47.70579912105517,0.9019318770328528,594.7464008939909,102.99712399368886,81.18632974611478,2.8419061706899593,14.856412581569105
S-S2,500.0,68317,68766,530.8702007601023,44.899999999999636,42.56420317898405,0.9273536003373043,528.2442822264196,162.62838132500787,83.68489154670142,1.7921685823859639,39.06581238763218
S-S2,500.0,68496,68946,501.56347189640655,45.0,40.125077751712524,0.8978023146971646,471.0613815043405,298.2877696593285,51.94575315519886,4.844394714190992,5.754162878829797
S-S2,500.0,68677,69217,535.4707689724601,54.0,35.698051264830674,0.891449341066623,508.12628245329756,327.37608746119804,19.995171012531184,2.9487835155962614,39.551366331909406
S-S2,500.0,68856,69487,597.6007393680338,63.100000000000364,34.09449543145657,0.8998366910634689,432.7451349167057,278.03915845775185,99.31676140601434,2.9527314449718505,29.23738319901426
S-S2,500.0,69127,69756,569.6117562734944,62.899999999999636,32.6009908201048,0.9279682719646988,445.5960740879044,496.44622047775846,142.72033886036724,8.487813620661601,91.2598135560431
S-S2,500.0,69487,70027,528.3926308493974,54.0,35.22617538995983,0.8740079143851138,445.06999637462826,733.513773918825,150.3276747619181,8.532173863466015,63.81549979766064
S-S2,500.0,69666,70206,546.2917077979437,54.0,36.419447186529574,0.880447329542578,467.34159875376565,243.84318256738376,156.2631092411296,8.657362333756756,71.36896726875597
S-S2,500.0,69936,70476,528.1473673644869,54.0,35.209824490965794,0.8331927989899727,473.3406624350682,449.7855212029327,62.311238750587265,7.4864105825838205,35.87015661599804
S-S2,500.0,70206,71036,501.71598699768947,83.0,21.76117533965882,0.8091745907952803,319.78000015344315,388.6139972867168,74.58434225959824,13.856958393679507,32.90269948504567
S-S2,500.0,70476,72606,515.8135314661486,213.0,8.717975179709553,0.8391615128950621,200.26016808851475,638.2002430061901,157.37067105646068,4.84661233835814,49.84695519786607
S-S2,500.0,70857,72967,569.0296744004663,211.0,9.70856316512644,0.8328756268553809,281.90882083393234,462.38879275047776,151.59424223470648,8.288229064197873,32.54558709852302
S-S2,500.0,72517,73236,532.9740830973606,71.89999999999964,26.685767721147535,0.8,211.23671841764084,761.1797317031585,76.33721188050373,11.833937197375706,43.15631142335528
S-S2,500.0,72967,73507,510.07828623112437,54.0,34.00521908207496,0.8022330319416979,398.7006094248556,727.3236025602401,65.87347548538581,9.883666517212298,47.84460340808348
S-S2,500.0,73236,73867,608.4617700607341,63.100000000000364,34.71414219046958,0.8147905622788383,483.89144101339696,513.0539452195976,84.14396130272158,10.095421258478655,46.203198900782894
S-S2,500.0,73507,74046,617.9170779213382,53.899999999999636,41.27089945300246,0.893977032997982,572.4434227059605,718.9400094177732,23.769492891871977,7.425153915712895,87.44691587192527
S-S2,500.0,73776,74137,503.6950161297791,36.100000000000364,50.2299739076783,0.8585788899146821,489.42938460938706,104.89838753066974,74.52267810635387,7.238298711192691,134.86266150733155
S-S2,500.0,73956,74766,531.4822709359869,81.0,23.62143426382164,0.8977682155500166,225.48631139986324,613.292962635805,137.8072140840128,51.302383952122696,74.65511712637893
S-S2,500.0,74137,75126,514.7190752935203,98.89999999999964,18.735982518267747,0.946703049348523,27.59366033189302,709.9283506963906,268.032978557941,47.573452036307096,228.85006588697718
S-S2,500.0,74587,75306,533.5219677726127,71.89999999999964,26.713200055374344,0.936968824353306,162.54846388498498,809.7963011377193,138.9047706380618,7.63376186249938,96.14259480185059
S-S2,500.0,75126,75486,584.8544524829194,36.0,58.48544524829194,0.8078266551195118,579.0205711236467,864.0560359714304,8.195047325043832,2.29297771189922,118.4697725861844
S-S2,500.0,75306,75666,643.892411159206,36.0,64.3892411159206,0.8,623.5359052227333,327.6527583932106,56.34425545361497,6.701588543387183,173.86672780609658
S-S2,500.0,75486,75847,516.4429708537864,36.100000000000364,51.50123809068178,0.8382515794415728,512.0208355428548,220.3285696425508,119.4567007581978,0.84921792760502,183.76708108679725
S-S2,500.0,75576,76206,536.5664063524528,63.0,30.660937505854445,0.845296229891366,482.99346426885893,130.94636828080593,6.5728939563090245,2.47634438670054,86.84191987791648
S-S2,500.0,75757,76946,518.021879617867,118.89999999999964,15.684430333257584,0.9812459165072503,131.3230207849853,681.154317088939,227.71711375616343,10.374295557530331,213.53683354040558
S-S2,500.0,76116,77306,538.2720671424686,119.0,16.283860854730143,0.9242730230901626,188.95086047986547,872.953646945818,181.09131135285926,6.590162632389982,126.15586565320238
S-S2,500.0,76766,77926,565.5837755179891,116.0,17.552599929868627,0.8885465305530912,185.4930216807411,642.9004750386566,253.27574582523025,19.6098605354347,164.1877447916085
S-S2,500.0,77306,78196,594.2735037781822,89.0,24.038029366308493,0.8,466.7713752149913,844.7058081008961,210.4309011348664,25.355420616855703,54.561109553553784
S-S2,500.0,77926,78376,529.7093885953145,45.0,42.376751087625166,0.8,446.9097619659615,216.36808335413255,14.674375754308876,1.6384368160505143,93.71015773422256
S-S2,500.0,78107,78556,541.7570615444565,44.899999999999636,43.43709179421067,0.8,305.77927489371956,652.0951005745466,40.98666131353909,2.2139229060660917,74.33112392814911
S-S2,500.0,78287,78736,551.6054239832883,44.899999999999636,44.22671550868272,0.8246898915793988,344.0823539515014,726.6985635204005,37.40499715584537,4.393197588320808,126.01618839052718
S-S2,500.0,78556,79386,518.1909637643694,83.0,22.475752645201563,0.8304617812158377,429.79692987030256,277.46037479875935,77.3199835973862,6.258382432807377,152.56997877529471
S-S2,500.0,78736,79836,585.3235632741125,110.0,19.156043888970956,0.94532598137564,465.68025045487104,715.6866412370356,63.729182372498215,10.720252356011992,27.65797981684522
S-S2,500.0,79296,80016,548.5797064360813,72.0,27.428985321804067,1.0105057240687476,450.623027965153,495.21488942031436,50.52875356915746,7.078463968586089,56.89716653287959
S-S2,500.0,79747,80286,509.51901096919755,53.899999999999636,34.03095435044756,1.0137253463721705,412.86234983741923,134.38115323276122,33.82832352338331,4.318344088131367,41.337539070634
S-S2,500.0,80016,80646,506.6806083896372,63.0,28.953177622264985,0.8982779982671407,258.77052751301284,469.3709700176259,113.44248371124698,7.008297399445541,49.68614207256988
S-S2,500.0,80286,81006,574.20196406381,72.0,28.710098203190498,0.8871697699842652,248.46000749564558,854.9208310076904,136.90510668058232,2.5669679434076667,56.953427322024595
S-S2,500.0,80646,81276,556.69449804326,63.0,31.811114173900567,0.822487752215569,273.7119353381759,878.762313365381,82.01383363776046,5.662837911641933,30.67495651280801
S-S2,500.0,80917,81547,526.1992471593549,63.0,30.06852840910599,0.8522566028853329,486.7824711892731,439.1617219222235,82.18846536056698,3.926240472811193,8.350878673673389
S-S2,500.0,81186,81997,549.4510845382465,81.10000000000036,24.3899371681588,0.8473506194158202,449.92965432302503,402.16625769310133,163.07192468516803,0.6627247991399134,54.23010122718406
S-S2,500.0,81456,82266,504.1451875536877,81.0,22.4064527801639,0.8362706683437366,390.74342627038584,317.96597143138894,220.70274607237405,7.499177124784548,100.80003420806607
S-S2,500.0,81906,82627,657.9607390347446,72.10000000000036,32.85240860645033,0.8058685325667426,419.8173031699917,438.8289125126892,52.21037526782716,1.9617261009765599,85.7053774758634
S-S2,500.0,82266,82986,553.6777375360689,72.0,27.683886876803445,0.8,285.08010702040156,317.27888637296,35.76682631943318,0.5635482730071874,81.97536708188603
S-S2,500.0,82627,83437,511.6223636639188,81.0,22.738771718396393,0.8520159452581835,103.35905682863999,809.9338072442088,202.34720724709445,8.604433944834705,95.47738953822581
S-S2,500.0,82986,83616,584.9934122080376,63.0,33.42819498331644,0.8147968541950645,400.810391384678,916.5004415896907,115.0641800685683,6.211944710270457,15.759608498813996
S-S2,500.0,83256,83797,579.6761512648154,54.100000000000364,38.573644076771195,0.8449528951855877,516.5382158352922,720.3996717471222,105.72067617508372,4.426948019630065,4.127172700079383
S-S2,500.0,83526,83976,563.8755511637501,45.0,45.11004409310001,0.8625188062682054,504.9169374011525,414.6450829519563,11.596228057217361,7.210117160814438,86.51286397096688
S-S2,500.0,83706,84246,570.4777939145424,54.0,38.03185292763616,0.8950136040143454,526.5072201604092,190.6207442885989,30.37119377035043,5.563198521645944,33.43826750769956
S-S2,500.0,83886,84426,536.6368933965132,54.0,35.775792893100885,0.8537760886404476,513.1715734395826,358.2832075694991,77.04433513852769,1.7163205388034548,12.72806612053334
S-S2,500.0,84246,84787,595.7464411565452,54.100000000000364,39.64301641707114,0.8891687143138863,446.22891012267127,442.4218497853228,134.07331351090554,5.448841045835472,52.82395189624114
S-S2,500.0,84426,84877,537.7478544631958,45.100000000000364,42.924440711030805,0.8867736431979856,393.5077790495878,589.87698177944,78.36552051968461,4.779350691531255,9.106718656137398
S-S2,500.0,84696,85146,504.9929456934915,45.0,40.399435655479316,0.8811619103369628,436.3492868507348,345.59476521618643,4.1128818248379915,15.376479417472064,59.08954920224171
S-S2,500.0,84877,85507,517.9800015386136,63.0,29.59885723077792,0.8982150597608042,422.36630173021473,716.0592742313349,110.20064501204635,15.696761560555569,44.81441442928263
S-S2,500.0,85146,85776,525.0566448325553,63.0,30.003236847574588,0.8666958216642394,483.20300712337234,309.73845183891353,84.68842034922461,6.926569255416998,3.1514742886050784
S-S2,500.0,85416,86137,504.8268652271581,72.10000000000036,25.206334463491817,0.8440703132565822,295.4416610623335,387.9244133442969,114.03829935380763,5.070401067132499,18.32275915660852
S-S2,500.0,85686,86406,501.5568753179541,72.0,25.077843765897704,0.8492106474654321,160.8318327391211,725.0745599755948,452.9851814308819,331.0752844733635,358.9735218770144
S-S2,500.0,86137,86947,531.0931697225824,81.0,23.604140876559217,0.8,485.17978091365876,501.1615787122433,221.99893053080126,4.334344252772046,70.52472489271887
S-S2,500.0,86406,87307,580.3449375173514,90.10000000000036,23.188033019561114,0.8259728114211423,449.4439622206056,645.0093572883701,251.69236608880001,4.823779590544817,106.14359695992908
S-S2,500.0,86947,87486,591.992309107387,53.899999999999636,39.53937500531739,0.8,433.5621783588321,627.4793818772235,18.334832144039023,10.987030273220705,105.81857577794857
S-S2,500.0,87307,87667,631.7074813134095,36.0,63.17074813134096,0.8,614.9729689403922,206.668851223767,114.24987723980479,4.728171486284725,218.64680817806365
S-S2,500.0,87486,87846,622.9344364607678,36.0,62.29344364607678,0.8250878694101116,622.9236283156878,179.3520910271662,166.11683240094172,6.37752644182794,246.03491696109512
S-S2,500.0,87576,87936,516.2626494264405,36.0,51.62626494264405,0.8600858713535213,511.39733080498706,92.67321638266117,80.94978897388042,9.19384281831274,139.169927158121
S-S2,500.0,87756,88118,658.7436327146861,36.20000000000073,65.51041651306139,0.9819683627655329,515.764948207296,602.9191126333586,188.0458344821434,10.368027465112803,196.69022321600676
S-S2,500.0,87846,88118,518.2686997334677,27.200000000000728,68.59438672942771,1.0216620216274919,484.0720298900752,556.3313697680405,147.76770648174735,10.25147346697095,139.55864982095954
S-S2,500.0,88118,88476,618.8341040990781,35.79999999999927,62.22912778650074,1.1863224299704749,618.8256491866911,96.27861812608695,96.91292691291733,3.4531310982970003,3.2177814534993945
S-S2,500.0,88118,88476,618.8341040990781,35.79999999999927,62.22912778650074,1.1863224299704749,618.8256491866911,96.27861812608695,96.91292691291733,3.4531310982970003,3.2177814534993945
S-S2,500.0,88386,88656,629.0939453355968,27.0,83.87919271141291,1.1965532672596952,629.0845767503346,239.06618720283822,239.71254032231514,5.286085262586422,163.0483920738149
S-S2,500.0,88476,88747,630.3206840840285,27.100000000000364,83.73263700009123,1.25,630.3191873680321,234.59501223471509,233.49384486298902,5.120798542413649,134.50356442503494
S-S2,500.0,88566,88836,598.6386709795479,27.0,79.81848946393973,1.25,598.6371609957868,205.40961368809982,204.63320615759773,6.964584094439549,106.27504196484546
S-S2,500.0,88656,89008,603.8932049946307,35.20000000000073,61.761805056267775,1.25,599.8677338963832,111.8374226328689,113.85626043833183,5.993781689634795,9.642411682117528
S-S2,500.0,88747,89096,541.0277289243386,34.899999999999636,55.80801788331345,1.25,537.0134886503091,82.71066890337278,72.53213045455394,4.381136986730975,44.913145641632596
S-S2,500.0,88926,89277,649.6910595113586,35.100000000000364,66.63498046270276,1.25,647.8751267916044,208.29742585855186,189.43411336955774,4.063421169190624,74.24248967260051
S-S2,500.0,89096,89366,596.2509689539147,27.0,79.50012919385529,1.25,596.2401126655134,207.3711494830375,205.92932359287184,2.6541715662143552,108.18185520190526
S-S2,500.0,89186,89456,624.3013212039368,27.0,83.24017616052491,1.25,624.3009384154698,191.98896561051995,187.95373040885403,4.639768826193718,78.84239480657236
S-S2,500.0,89366,89636,541.6325603378791,27.0,72.21767471171722,1.25,541.5719738668632,112.35769178524328,110.49015036162247,1.340596171361755,2.971036617918931
S-S2,500.0,89456,89816,559.36774739674,36.0,55.93677473967401,1.25,559.3041878671719,30.785238014920104,18.176560303323072,1.2614320867533857,117.43473392612282
S-S2,500.0,89547,89907,562.3058528685069,36.0,56.2305852868507,1.25,562.221657563478,23.177903742927807,23.633241944661833,1.1013683818831357,111.30945485299942
S-S2,500.0,89727,89996,519.3894776239322,26.899999999999636,69.50937247011827,1.25,519.3365621769308,86.72414435389832,86.51517517827877,1.1503705468491277,21.759800379908363
S-S2,500.0,89907,90177,592.9416642935103,27.0,79.05888857246804,1.2365371372800606,592.9330578485304,171.2056099973373,168.54570471822603,1.404501629441516,68.39442885894998
S-S2,500.0,89996,90267,579.9290421601036,27.100000000000364,77.03854434599059,1.2313653457500182,579.9273434250757,197.72657995699848,196.25265696044525,1.5697157842002054,107.3107117095616
S-S2,500.0,90086,90447,514.7425469124137,36.100000000000364,51.331666728107216,1.25,514.7021823943152,121.58462577727133,116.09526024704647,3.539189435232596,16.53360450281676
S-S2,500.0,90267,90896,612.6502344698383,62.899999999999636,35.064242354394764,1.25,56.83075311628846,557.7272675261626,76.37440445137487,22.730407798831926,242.9426747270297
S-S2,500.0,90356,90986,696.2831422886229,63.0,39.78760813077846,1.25,262.2076871194622,882.3432075270741,44.48974788497406,23.869839246472907,223.68282034066632
S-S2,500.0,90806,91077,577.6420188606862,27.100000000000364,76.73473313278386,1.1119705097004506,577.6401406222584,193.233894083417,189.37472192016767,2.0430878965457784,145.9463242941312
S-S2,500.0,90896,91166,632.3592907218845,27.0,84.31457209625125,1.1410894355509151,632.355710525466,258.09432501480603,257.1771680599918,2.0335347471799268,204.2892039341891
S-S2,500.0,91077,91347,640.3395161590597,27.0,85.3786021545413,1.249081422563008,640.3319114389037,298.2410603478825,297.06951650488804,1.6817222237826408,211.37766244605945
S-S2,500.0,91166,91437,544.4335289750743,27.100000000000364,72.32327322178013,1.25,544.0277175797593,228.18471318083184,227.26809198890135,2.983087289626304,148.35926721314445
S-S2,500.0,91256,91706,534.2268263887527,45.0,42.738146111100214,1.25,452.76825881736704,127.04838338812456,85.0318227949769,6.454737544122635,23.713859920154608
S-S2,1000.0,0,2466,1116.7515905935923,246.60000000000002,16.302942928373607,1.0,806.9847591827827,859.7048777044481,82.41272245100794,81.74060232548926,82.41272245100794
S-S2,1000.0,1482,2736,1010.9960087398647,125.4,29.023808863345398,0.8811728315790016,1007.7512842233068,488.8015880752496,397.59149231504693,394.34464900379527,508.8268767387374
S-S2,1000.0,2466,3726,1047.7654497692004,126.0,29.936155707691437,1.0891380240789548,781.8215401689341,411.85389741821007,118.51172922451659,8.468960316058046,223.22585453421004
S-S2,1000.0,2466,3726,1047.7654497692004,126.0,29.936155707691437,1.0891380240789548,781.8215401689341,411.85389741821007,118.51172922451659,8.468960316058046,223.22585453421004
S-S2,1000.0,2466,3726,1047.7654497692004,126.0,29.936155707691437,1.0891380240789548,781.8215401689341,411.85389741821007,118.51172922451659,8.468960316058046,223.22585453421004
S-S2,1000.0,2736,3997,1050.96009649491,126.10000000000002,30.00361893244786,1.0158579549501416,772.0833099612424,467.28711483467515,210.15004208009978,1.7170753494462654,230.16001607184398
S-S2,1000.0,2916,4396,1040.3077316642955,148.0,25.304782662104486,1.25,743.9072146403834,700.6618112075427,284.7675342461458,3.556371940300061,488.60869083149436
S-S2,1000.0,3186,4666,1051.6658937060865,148.0,25.58106227933724,1.25,744.9932049264518,854.9663266218638,312.3076365541517,2.5083930814022164,482.3379379897453
S-S2,1000.0,3546,5026,1023.8576929474559,148.0,24.904646585208386,1.0055758630651082,619.4789912055153,1962.2795893715054,460.6430058729511,0.9525144627767784,468.9189247734483
S-S2,1000.0,3906,5387,1000.3877444260643,148.10000000000002,24.31732532028245,0.8525658553094037,226.56701799008428,1161.9718902489014,381.56836234100024,10.822266551020435,176.23898916947414
S-S2,1000.0,4216,5847,1019.1733675234113,163.10000000000002,22.495549497757697,0.8,227.1510692938532,1664.1605748061418,456.2578688267948,7.67794090938624,159.88387601570219
S-S2,1000.0,4666,6477,1061.8835774613071,181.10000000000002,21.108674096414717,0.8,365.43925776523577,1872.6573353449928,472.732062126854,5.7464313000590215,172.64482579725782
S-S2,1000.0,5026,6926,1009.3610866107838,190.0,19.124736377888535,0.8,300.8693745951982,1135.4649740932555,366.95788207261995,7.161580327334712,90.51852402480702
S-S2,1000.0,5387,7518,1043.8855616029628,213.10000000000002,17.634856976868445,0.8,383.9228778891495,1583.6037647587802,386.07432702601443,11.482270771669022,99.83998287507367
S-S2,1000.0,5847,7876,1064.2304411495975,202.89999999999998,18.88235381044136,0.8,785.5545792030323,2279.9651737260633,456.62643013469267,4.888009185077422,151.48665165547618
S-S2,1000.0,6477,8236,1055.13104466511,175.89999999999998,21.59449551332801,0.8,757.5469764811571,777.4638856466205,472.93367695711606,7.935336771199391,171.91680272881584
S-S2,1000.0,6926,8327,1031.6508184232966,140.10000000000002,26.50922873892839,0.8,795.3254231563924,1155.600287497492,384.0025919526907,2.551529482681755,100.37002481052016
S-S2,1000.0,7518,8417,1004.7644608580213,89.89999999999998,40.23528430577172,0.8142710597765843,842.1389813713308,689.1629553442071,146.18849747606316,3.259476838117547,67.21509670899934
S-S2,1000.0,7697,8687,1054.9702266240001,99.0,38.362553695418185,0.8,952.225580415021,830.1776842012647,174.53712514380365,3.8056751059802854,71.9040119633185
S-S2,1000.0,8146,9046,1026.00371338293,90.0,41.0401485353172,0.8,908.4367623438552,119.09771410923214,53.22103491531942,6.000825810723319,219.89229047817915
S-S2,1000.0,8327,9497,1061.9232559562952,117.0,32.67456172173216,0.8,600.1096368278253,632.0727908546029,30.654156675783373,4.339692805165934,221.20004388289033
S-S2,1000.0,8417,9766,1041.154444498,134.89999999999998,27.78469977904226,0.8738706699749093,627.3051475619351,1229.3198816609208,197.43859296256045,5.3396279646679785,41.86461305257392
S-S2,1000.0,8687,10036,1042.194486662247,134.89999999999998,27.812454796027353,0.8616924084341783,796.5145834771635,1551.4247679616929,163.70351234626597,3.4771209155213736,3.6809583237125736
S-S2,1000.0,8956,10306,1003.4329608440039,135.0000000000001,26.758212289173418,0.9048174767406537,831.0790124097681,1554.6221511497379,254.09666717503367,5.149426466943675,133.93508344372836
S-S2,1000.0,9316,11196,1044.422260120159,188.0000000000001,19.999575193790267,1.0434973251363575,818.8676569526378,1402.9538451529922,488.19582539764747,0.7355544836549325,488.19582539764747
S-S2,1000.0,9676,12616,1020.0165162239409,294.0000000000001,12.48999815784417,0.8559494423098402,727.2820565741597,854.470245546584,493.60868937736996,6.6759752166877195,381.19835805222243
S-S2,1000.0,9946,13066,1015.6834094148171,312.0000000000001,11.719423954786347,0.8715048268225299,675.3448485051432,1608.8243617997978,493.5399290785707,14.378682448395509,493.5399290785707
S-S2,1000.0,10306,13516,1041.5970926001328,321.0,11.681462720749153,0.8042980344292798,310.5201320713668,1514.1640433389116,493.6052981472319,77.08623583919501,270.6322496817042
S-S2,1000.0,11106,13876,1021.5378044518329,277.0,13.276303595763894,0.8,399.6575806411399,1123.8835502333072,441.754627942444,77.281026375293,133.63953716472338
S-S2,1000.0,12616,14416,1039.4544331296147,180.0,20.789088662592295,0.8,75.43385187112868,1359.8956953133152,365.0624075057233,64.33472121540223,71.26908841066773
S-S2,1000.0,12976,14817,1083.994093655665,184.0999999999999,21.19705995198477,0.8,221.8692226888042,1598.8531967797123,278.1544845826419,64.62496436290265,8.457181510360781
S-S2,1000.0,13426,15267,1051.9626935562092,184.0999999999999,20.570699059219745,0.8,309.2100522437945,1531.216786573415,461.42169349344385,2.3991111922974193,158.54659648708417
S-S2,1000.0,13786,15446,1014.5504194837513,166.0,22.00229825386449,0.8,317.3311785306708,1096.209606083725,390.32645997441574,5.122209813494696,109.792255774472
S-S2,1000.0,14326,15806,1006.9379598134074,148.0,24.493085508974776,0.8,558.8020059161659,1817.8764814935332,244.75602961627533,16.98072491214612,9.122256369728046
S-S2,1000.0,14817,16606,1031.3116400132822,178.9000000000001,20.753057037718357,0.8,793.2359453648575,671.7521031035865,445.8306209100294,4.657751322952602,149.47867861566016
S-S2,1000.0,15177,16786,1029.495491452586,160.9000000000001,23.034081847292153,0.8,768.1369242591129,935.4372480067057,263.9273841469429,1.655641644480305,5.593928827996895
S-S2,1000.0,15446,17146,1013.0798023227599,170.0,21.45345463742315,0.8,688.4392827032883,757.882105937022,303.5553236568633,3.221164796089493,40.81057367131405
S-S2,1000.0,15806,17417,1015.540482485656,161.0999999999999,22.69364206671858,0.8,764.1843807205314,1708.9887143949088,316.5326362124636,10.080838289340377,52.11860757824414
S-S2,1000.0,16426,18137,1033.679925272285,171.0999999999999,21.748963944945807,0.8,710.0973052407766,588.5778387980877,297.5628486375613,5.6886489620533105,32.425936165347245
S-S2,1000.0,16786,19156,1022.2012260626761,237.0,15.527107231331788,0.8,557.6503186588185,1847.2219952827602,336.583578283222,73.8819467330319,43.19491262269068
S-S2,1000.0,17146,19696,1060.0044654314352,255.0,14.964768923737909,0.8,189.26225772761796,1349.1900521859511,388.45132835271613,109.81500788021573,76.6917074772452
S-S2,1000.0,17417,20056,1041.823087612809,263.9000000000001,14.212061824198983,0.8,285.7213276544563,1767.5548773095475,417.955558398665,93.58673586333859,104.71920130555118
S-S2,1000.0,18046,20416,1030.0248339563186,237.0,15.645946844906105,0.8,229.53266883223571,1618.848696402484,487.4507964935639,303.4756306462994,466.08054363690667
S-S2,1000.0,19067,20867,1139.0038077764166,180.00000000000023,22.780076155528302,0.8,370.26438177840953,1028.044655505157,46.91798403572177,211.278352842598,203.07703614796654
S-S2,1000.0,19606,21147,1020.8046228620315,154.10000000000014,23.84747983324666,0.8,501.31671542165515,1316.0861655971696,146.13859076848112,8.22502225090398,88.95127582894018
S-S2,1000.0,19966,21776,1090.953055077056,180.99999999999977,21.698513802637606,0.8,303.8460980882925,1130.3705519787743,267.38829997657245,8.258066356817833,2.6361085339166954
S-S2,1000.0,20416,21957,1075.173457559662,154.10000000000014,25.1176148424061,0.8,245.21516952574828,1309.4552642064925,219.040503358463,12.025474685460896,37.39775144798844
S-S2,1000.0,20867,22137,1103.9125808690333,127.0,31.292010166366296,0.8681838235787245,656.1166081667371,1376.4766541935624,104.32330384756983,11.725857836128743,53.40032385289922
S-S2,1000.0,21147,22316,1062.0002224917353,116.89999999999964,32.70488281411684,0.8876263855945787,924.2791744188847,1956.9010336158476,131.83076087200766,14.564275976725938,4.356663369452518
S-S2,1000.0,21776,22767,1134.1169131591705,99.10000000000036,41.198999872583244,0.8461495371955291,1065.956822189891,697.068702350463,16.042934886049803,6.23768025087749,161.86892170044916
S-S2,1000.0,21957,22947,1000.8879371518542,99.0,36.39592498734015,0.8735744681476383,932.2904684177832,1082.5532809590702,112.29934426706849,8.534584100207196,29.730360551144766
S-S2,1000.0,22137,23216,1001.4025041694658,107.89999999999964,33.41101960157636,0.956899200496687,932.1816746545926,1737.470906920051,209.551201568137,8.224179213245554,157.01381423589683
S-S2,1000.0,22137,23216,1001.4025041694658,107.89999999999964,33.41101960157636,0.956899200496687,932.1816746545926,1737.470906920051,209.551201568137,8.224179213245554,157.01381423589683
S-S2,1000.0,22676,23486,1124.6321139961783,81.0,49.98364951094126,0.8715806448932106,1119.8874502714593,339.5094860609101,54.08826078435657,2.4598060741088736,97.52439448796795
S-S2,1000.0,22857,23666,1043.972104386392,80.89999999999964,46.456113421397134,0.9747583811126096,1038.2913167554534,269.1774067747934,165.48065171455124,2.5533053262175613,134.90529886053568
S-S2,1000.0,23126,23846,1026.579083962115,72.0,51.32895419810575,0.9199929582276853,1023.7184066480919,217.3920274510622,57.32810041000774,3.119531004317625,29.671250714792635
S-S2,1000.0,23216,23936,1004.223367920953,72.0,50.211168396047654,0.9347640077846184,999.2338715939773,52.64077225999162,38.38669078738874,2.315971065437637,29.630474070930145
S-S2,1000.0,23396,24296,1021.9594287236159,90.0,40.87837714894464,0.8866987879598356,795.4346469822513,554.1974966740637,124.1328804515998,2.142858445236637,6.098142731162622
S-S2,1000.0,23576,24477,1160.7538079551086,90.10000000000036,46.37862051762901,0.8609636854117791,739.319946928355,1082.722973449329,78.89118686583316,3.3887999644754134,229.29646933077436
S-S2,1000.0,23756,24656,1024.0410958287357,90.00000000000045,40.961643833149225,0.9121622703304149,759.4292570665945,1311.3701039953146,9.18559265422784,3.7647784776896573,82.35655418095425
S-S2,1000.0,23936,25496,1058.053473329168,156.00000000000045,24.41661861528842,0.9318468879138462,907.534553270298,1699.26525681027,114.75207069788534,4.911776032710838,35.10203154873251
S-S2,1000.0,24296,25856,1023.4919487755342,156.00000000000045,23.61904497174303,0.9202135250210245,844.4322779684097,589.0180364192772,139.9174825390198,2.621860200563352,47.130556421839955
S-S2,1000.0,24477,26126,1012.4660493818101,164.9000000000001,22.103564449815124,1.0106593098085908,814.0133314955089,1328.6021225325455,259.3587035443994,3.372634070072482,272.8913459199736
S-S2,1000.0,24656,26216,1022.5512401699998,156.0,23.59733631161538,0.9690105224599922,878.5221266513174,1595.4761284412234,170.00951572820838,5.427714004044015,133.12985754495486
S-S2,1000.0,25496,26396,1030.816799301756,90.0,41.232671972070236,0.9781895007155273,1027.8176832905356,74.86020812488634,71.00424994820148,2.699516766434868,47.02594237907639
S-S2,1000.0,25856,26576,1027.4043881061352,72.0,51.37021940530676,0.8,1022.4394154879443,333.69809893044396,85.72274322734364,5.348894327428095,273.1321644544666
S-S2,1000.0,26037,27916,1038.976373566602,187.9000000000001,19.905880494091353,0.8,1036.1844123526653,409.3548374119119,6.993698260107077,3.349647506271381,202.10239763137105
S-S2,1000.0,26216,28186,1103.9951853780076,197.0,20.174531306400137,0.8469684569685688,1095.9319275160178,381.26283249810035,80.27239998071654,4.406029552610159,101.34117341106065
S-S2,1000.0,26396,28366,1000.2667953792552,197.0,18.278987123681823,0.8797399720372018,984.9863651990922,289.3113500636196,54.2528845810585,7.1461459170188135,74.81497053211997
S-S2,1000.0,26576,28726,1045.4386567081456,215.0,17.50501936813639,0.9557035826921708,1034.1435030288633,293.43824477689475,183.82088689725967,3.5289788555799886,129.25888826311518
S-S2,1000.0,26667,28906,1052.3965487847745,223.9000000000001,16.92107001172482,1.0601704648205443,1031.3406988465806,491.45471203505014,236.31491811131542,2.52875475648301,313.77787365541815
S-S2,1000.0,28097,29676,1052.7827923088407,157.9000000000001,24.00264757638901,0.8,935.9339655190956,572.5882713864994,39.943711311578426,1.7068929981329162,145.05722900114958
S-S2,1000.0,28276,29856,1018.6726897677763,158.0,23.210263817493637,0.8,914.3894480306359,1008.8299677471108,137.6485995435478,10.442622453656835,94.75356155301407
S-S2,1000.0,28636,30036,1037.6140371997426,140.0,26.681503813707668,0.8,927.565785390892,875.9634007131305,13.582138297218856,7.466475427448855,202.43054140152785
S-S2,1000.0,28816,30306,1037.1347828098114,149.0,25.058290054465242,0.8266797645523378,902.8778776864577,599.4186995161064,133.69002177742354,2.997339292863036,68.18062802992499
S-S2,1000.0,29587,30487,1028.3158267097497,90.0,41.132633068389985,0.9095692898777257,965.4825598090188,979.6489980846978,31.784277894604372,14.038515589190379,65.65590365261487
S-S2,1000.0,29856,30757,1005.3833477441694,90.09999999999991,40.17069979887918,0.9885832932262741,949.7749080937809,300.8759753142823,9.167726426329805,5.45657805389916,3.72677689125086
S-S2,1000.0,30036,31227,1039.3979462447205,119.09999999999991,31.417570163568403,0.9074103919519902,990.4605040714885,1195.9814805338233,138.8447231002734,4.774307221448637,29.711743932562033
S-S2,1000.0,30306,31496,1033.0513451862062,119.0,31.251973467818004,0.8234322564210725,964.497416966776,336.4493059714259,290.93914753267313,7.894151717294377,56.09541971757297
S-S2,1000.0,30487,32056,1007.1083105061807,156.9000000000001,23.10764765979763,0.8973380893444771,961.8999102216092,489.40890455159064,307.7239919452788,6.02343104940027,172.1223467746146
S-S2,1000.0,30757,32646,1030.5514870365005,188.9000000000001,19.63994363859926,0.9507961350211057,934.2430516384482,579.0504332374817,449.2588176876933,4.058936506139155,376.4800297603733
S-S2,1000.0,31136,32916,1058.392040664894,178.0,21.40568172131246,0.9271450939765065,803.9153438135211,950.3752012308029,425.05168993504594,4.767502741843757,317.2105804897549
S-S2,1000.0,31496,33436,1028.1909708149215,194.0,19.079832448111944,0.8,785.6304756290832,1375.416820027893,106.84910812751168,3.4139687449573337,118.70490523750018
S-S2,1000.0,31676,34636,1055.2351823730169,296.0,12.833941407239394,0.8,859.2170156725455,1844.0755393484221,288.02528068663685,31.542982085722105,26.97773410554444
S-S2,1000.0,32466,34816,1016.4793154326399,235.0,15.571598023648951,0.8,854.00328133263,914.1269428646203,77.28298950184114,27.932215918855206,135.48691793557643
S-S2,1000.0,32826,36226,1062.5506305848066,340.0,11.250536088545012,0.8,845.026838016551,532.7778997749742,20.325164528942093,28.339690753165673,192.44048855356496
S-S2,1000.0,33346,36586,1059.9404891277045,324.0,11.777116545863384,0.8295260813721397,812.7507038291841,1164.7027841934357,36.19980146458177,25.25639439330346,142.04974709235637
S-S2,1000.0,34547,36946,1028.5395431835714,239.9000000000001,15.43452419950336,0.9154716821811549,841.6634367454855,1742.391871592312,78.083982526722,4.55700887722685,16.018137354046953
S-S2,1000.0,34816,37396,1060.6926686635597,258.0,14.800362818561299,0.9736043580049979,551.8749742438462,733.5793782725136,252.03495792323017,32.30791793919584,217.53058951330814
S-S2,1000.0,36226,37666,1042.7913079949467,144.0,26.06978269987367,1.006581317838967,569.0268140122972,1162.0443191772881,396.0023964889191,107.20286001715867,404.7660190624375
S-S2,1000.0,36496,37846,1028.639568567185,135.0,27.430388495124937,0.8638750055088343,557.7806771262382,643.4135218763696,351.1431190402491,114.0459005435603,178.84642932458698
S-S2,1000.0,36946,39138,1110.1233973314265,219.19999999999982,18.231953605808116,0.8,640.3304988059275,1009.0793135485114,265.9678380928801,111.07962414435744,13.061275273869228
S-S2,1000.0,37306,39496,1012.9155634067392,219.0,16.650666795727222,0.8,492.59767686006484,1552.1793579067971,307.50142772759136,116.10521426669574,66.64131519311488
S-S2,1000.0,37576,39857,1098.2039885107333,228.0999999999999,17.332461019897597,0.8,537.0355763221811,877.3972670517603,169.1790564074802,7.477841529152865,83.69898025509649
S-S2,1000.0,37846,40126,1028.3808099509733,228.0,16.237591736068,0.8312475618720699,644.075386815855,848.2863557470115,354.5652428104575,10.534393796793752,119.95995804188881
S-S2,1000.0,39046,40396,1085.2916184898932,135.0,28.941109826397152,0.8,723.9429363853874,475.2642877546362,305.65062579016626,12.976134189524094,26.073035802409745
S-S2,1000.0,39496,40916,1009.2336129945252,142.0,25.586204273100638,0.8,799.0334751496298,1925.2601541012034,220.0132264440204,10.19060011676401,27.503218414280862
S-S2,1000.0,39857,41457,1041.33245415696,159.99999999999955,23.429980218531668,0.8,937.1524718978659,347.618558023926,335.0057102253739,6.066775055185667,59.15542942989488
S-S2,1000.0,40126,41637,1061.2253730144403,151.09999999999945,25.2839930036532,0.8,954.3286950332833,777.2509179223492,109.1187335327317,9.578582906482984,126.8539237906341
S-S2,1000.0,40396,41908,1035.4964252737082,151.19999999999982,24.654676792231175,0.8,940.656686664705,957.3648096237436,60.35779288373334,6.054533159608423,159.78438649289438
S-S2,1000.0,40576,42266,1023.9748003936002,169.0,21.812480955129946,0.815698352088651,964.8908713212808,1791.2149860061359,305.3285412372832,5.6048590290876845,60.559012731604305
S-S2,1000.0,41367,42626,1024.7502796097215,125.90000000000055,29.301834841898184,0.8284407709152347,973.9612318572263,304.7597530571957,203.31883161396325,8.249483631156144,11.22913797737115
S-S2,1000.0,41637,43076,1100.2664098399764,143.90000000000055,27.52577536778249,0.9071426262748287,875.3908635485446,870.8323674023078,348.26605408185543,9.658631373789364,212.88241456930493
S-S2,1000.0,41908,43256,1011.8074084227883,134.80000000000018,27.021562836216862,0.9004070102755672,796.5707177642939,1095.9871508565025,409.3034853296583,9.422982385570727,266.86878366739137
S-S2,1000.0,42266,43436,1036.3945603017673,117.0,31.889063393900535,0.8,871.9050656706189,1219.843608997782,263.6429396148701,9.974358433601443,1.7906933341197124
S-S2,1000.0,42536,43616,1020.0355651260506,108.0,34.001185504201686,0.8323495902925626,893.472701589933,791.8541344315387,249.25071630528316,4.6999190586546735,35.94719808398077
S-S2,1000.0,42896,43708,1052.6421727446977,81.19999999999982,46.66886480148917,0.8,887.1068402723404,727.1549825872222,7.720742342768315,3.777186511719378,205.17097713774274
S-S2,1000.0,43166,43978,1086.989184607486,81.19999999999982,48.19163872644038,0.8,953.3278928865088,950.6172884827198,95.86003427410535,2.8707504032019924,292.2171946099689
S-S2,1000.0,43436,44456,1086.2776018294535,102.0,38.33920947633366,0.8,1055.0231867966768,1106.9877955512459,92.23751975270162,3.820915632273324,290.86578429807275
S-S2,1000.0,43616,44547,1136.6095962493855,93.09999999999945,43.950532185798195,0.8133262985263541,1124.5708989195155,317.34458669959287,273.78909678874834,6.0431845954807,434.63131730611
S-S2,1000.0,43708,44816,1080.7344234646553,110.80000000000018,35.11411484181185,0.9299092136470676,1074.4152217189076,245.56466469627424,115.23459278799359,4.5859285098793405,182.91230706440032
S-S2,1000.0,43978,45296,1067.3397368993465,131.80000000000018,29.15343742668924,1.0266990182932914,1066.080200066421,135.64920250753633,92.93152452016805,4.045361130802454,66.88888735080327
S-S2,1000.0,44366,45666,1067.413106869899,130.0,29.559132190243353,0.9844880013110975,1065.6902034861519,139.1431341762601,99.24392377083254,2.433863966500168,113.5784269965924
S-S2,1000.0,44547,46116,1021.0822698568918,156.90000000000055,23.42827387816952,1.1918634119385245,1017.8255153982246,179.82716323336138,74.41401091264603,0.8460175344866108,284.572455862259
S-S2,1000.0,44727,46207,1019.7612512235355,148.0,24.805003408140053,1.1885236157933965,1014.6647581381698,238.46259268547442,30.20726452249668,1.248953046802646,228.17871819806655
S-S2,1000.0,45116,46386,1124.3371097761192,127.0,31.870973190504166,1.0944100465286701,1113.9855042431777,141.37935607754963,103.31053919212887,2.190013777084764,7.1192796007837424
S-S2,1000.0,45576,46476,1023.5474748626839,90.0,40.941898994507355,1.142229122598758,1017.9145631214225,319.3066129742824,140.37807114807683,1.7529311216559749,14.680976383676795
S-S2,1000.0,45847,47107,1010.5755509398805,126.0,28.87358716971087,1.2210234690541515,745.2263826181259,382.17920199937066,4.540546084526349,8.972617354198,226.61967000193772
S-S2,1000.0,46207,47746,1010.5283440486746,153.90000000000055,23.63808991926716,0.975816129953927,566.690445829759,623.4211300342724,17.764164209437197,14.819567982911087,37.424736307944315
S-S2,1000.0,46386,48196,1031.9529967381677,181.0,20.525031979322673,1.0579296345325053,374.76569224111176,968.0169891210368,195.71090995890074,12.989985535460097,266.0951902452519
S-S2,1000.0,46476,48286,1079.0090126725918,181.0,21.460952738239396,1.064052421739369,421.851268507697,1068.7645671336152,210.99606788089434,13.473974763025572,292.78692391323733
S-S2,1000.0,47016,48467,1035.6836373197402,145.09999999999945,25.695803544804125,1.004635511874019,533.4559943676547,926.3299137835278,485.3615693902008,343.0522921578803,485.3615693902008
S-S2,1000.0,47566,48647,1102.1955116402569,108.09999999999945,36.70586347738154,0.9609213660296023,919.203108054889,630.9065783636177,4.103546264119065,4.602725171649213,46.5823559730909
S-S2,1000.0,48016,48916,1059.2221227852024,90.0,42.368884911408095,0.8056702593333487,1031.6684386771378,1583.8727196227696,129.8594033996417,3.330664265533732,300.9546718739458
S-S2,1000.0,48286,49276,1139.5908744553672,99.0,41.439668162013355,0.8202553082586932,1103.8565812898387,469.2384295904554,147.14004801986454,2.8463148622269783,322.946105987133
S-S2,1000.0,48467,49366,1139.5608449822612,89.90000000000055,45.633137285162576,0.8395458573327353,1103.4093763278881,400.60663944928024,256.9048063893842,1.0592889984324327,398.46238124471904
S-S2,1000.0,48647,49456,1038.6041790793497,80.90000000000055,46.217244062863216,0.9906334206169506,1000.1145738874417,539.3880725617494,211.81269532796608,5.74102385999093,219.54205581364423
S-S2,1000.0,48826,49546,1088.9469442939044,72.0,54.44734721469522,1.016887180682712,1079.8825638526573,1263.9740037460062,249.71469588463395,9.408034596133188,235.56293198296572
S-S2,1000.0,49186,49726,1039.7800975164027,54.0,69.31867316776018,1.0613377477830281,1036.3501546803955,296.38109424865377,289.13424539437057,3.3176724041628196,243.0641897575749
S-S2,1000.0,49366,50087,1166.9113763993155,72.10000000000036,58.264645700936406,1.2258046484320242,1154.6376846933179,393.17055755314766,187.1576994402487,3.378249478841785,33.94260737781807
S-S2,1000.0,49456,50266,1079.3533498462566,81.0,47.97125999316696,1.2479387942672322,1066.4904644274566,215.07694185358372,21.490923939560833,9.67095949175247,292.45348513408305
S-S2,1000.0,49546,50356,1009.5900162033504,81.0,44.870667386815576,1.25,978.540534221902,308.21567604518026,79.6469526605017,6.942676747400046,353.225896239034
S-S2,1000.0,49726,50536,1021.9425290831205,81.0,45.4196679592498,1.25,956.1836286647413,211.56081868330128,109.98198432688142,8.281812959311694,394.3121606594681
S-S2,1000.0,49906,50716,1063.2080145982763,81.0,47.25368953770117,1.1854503889366017,1004.5482179238317,451.19263916396665,88.77101092535324,8.632548817424524,302.2524799798942
S-S2,1000.0,50087,51076,1056.5958384133264,98.89999999999964,38.460515857310305,1.205959232302903,1014.6653869418398,246.40298818119842,190.78749988368344,7.571254217886451,449.19845342594834
S-S2,1000.0,50356,51666,1012.8534652572635,131.0,27.8341410299706,1.1317805319105583,784.9488978471394,521.2178880953936,144.49074358868629,9.323711822401265,295.78953150578457
S-S2,1000.0,50536,51936,1142.794508748295,140.0,29.386144510670437,1.0206196895775708,912.4662668335961,867.781748445061,118.76697043765743,28.41157789014187,144.19360387271874
S-S2,1000.0,50716,52027,1058.335800990033,131.10000000000036,29.06185265876513,0.9466309568329061,837.6726122430961,572.1581459465242,70.54416097301534,22.032680817755523,11.511761034978298
S-S2,1000.0,50897,52206,1211.458412545595,130.89999999999964,33.31742005472998,0.9654925802987582,987.7513424109766,346.49177353179454,22.895973783996716,29.29280936538674,62.85231036450526
S-S2,1000.0,51376,52206,1033.2527431028357,83.0,44.81578162855673,0.9349018833352787,898.1942824826629,292.6577951497457,111.5994592064623,22.06840626307318,170.16173228923566
S-S2,1000.0,51846,52386,1165.28316895631,54.0,77.68554459708733,0.8483281381293216,1135.4624010572297,625.7435592453846,362.97120147064857,0.18911542551000957,484.63818113838414
S-S2,1000.0,51936,52477,1171.0046111535776,54.100000000000364,77.92267283092146,0.9001416088818907,1155.5699468838495,746.2959811130854,349.7181186222284,1.080292376457894,431.6837157268943
S-S2,1000.0,52116,52656,1144.8100809854586,54.0,76.32067206569725,0.985723726429315,1142.3970686311839,373.02335890059317,257.2718145280071,7.077728585746263,269.9247692447621
S-S2,1000.0,52206,52746,1164.293968103746,54.0,77.61959787358307,1.1274731009557628,1161.5603845064281,377.9102711171434,272.73710544301053,8.101628799988188,159.1577724751538
S-S2,1000.0,52297,52836,1190.3308671674604,53.899999999999636,79.5026182152669,1.1700900439142596,1188.2372575724587,471.9780384705051,318.12772965391065,6.008033332481135,169.87073678715768
S-S2,1000.0,52477,52926,1040.5068375605479,44.899999999999636,83.42593797812923,1.2274541916698578,1038.7759693571431,365.0960747991161,323.23861699780963,7.003758147587525,161.81993423609933
S-S2,1000.0,52566,53016,1160.4128110974198,45.0,92.83302488779358,1.1732722178607635,1135.3430883842373,419.37326580463537,437.5138800325402,7.56314556292898,318.69024457886644
S-S2,1000.0,52656,53106,1204.397501586689,45.0,96.35180012693513,1.196003906981261,1166.460804089441,481.2956958314078,490.45218327584666,7.919517463261249,351.1022738051929
S-S2,1000.0,52836,53286,1226.8080209403706,45.0,98.14464167522965,1.25,1211.946133232036,624.7173002360803,498.4638535687197,4.49908560162078,315.69729574453874
S-S2,1000.0,52926,53286,1007.9976690892217,36.0,100.79976690892218,1.25,1007.9420601496679,498.9472301917895,410.8255460807599,3.67937063107573,261.33723786074563
S-S2,1000.0,53016,53376,1014.877203439959,36.0,101.4877203439959,1.25,1014.8531307766943,433.4870459426395,433.1286465236521,1.07519521595434,287.5233456800346
S-S2,1000.0,53106,53646,1070.7518054073953,54.0,71.38345369382635,1.25,1053.8697755022945,268.17684349468084,272.1455767796343,1.440786554248936,84.08944930775748
S-S2,1000.0,53196,53916,1023.5827596649979,72.0,51.179137983249895,1.25,940.024325604321,199.9340163716995,68.86508721703929,3.947326191197862,169.57541986526053
S-S2,1000.0,53286,54276,1021.0882255425313,99.0,37.13048092881932,1.25,745.9122739840374,745.7521181946353,171.11436951796398,7.322002779726244,467.3360154407696
S-S2,1000.0,53376,54546,1004.0225239038191,117.0,30.893000735502124,1.25,491.5265209419621,1204.577310087227,294.2335012743588,6.944796832038813,486.6260044399887
S-S2,1000.0,53467,54976,1006.7405410277934,150.89999999999964,24.017666982770475,1.25,389.56761072740244,1465.19833773863,491.4685672744211,26.459254490492075,491.4685672744211
S-S2,1000.0,53646,55246,1044.839629467293,160.0,23.50889166301409,1.25,325.6861401322651,1655.418096088462,489.0614888106892,21.901118522946508,489.0614888106892
S-S2,1000.0,54006,55606,1040.386941164179,160.0,23.408706176194027,1.25,175.94654080189608,1597.0117516276855,491.45127694659885,491.45127694659885,491.45127694659885
S-S2,1000.0,54366,56056,1034.2102561905704,169.0,22.03051433305357,0.9786975099399261,532.7658925731989,1947.675045675615,491.75562784684655,18.011278384735263,475.1865341366923
S-S2,1000.0,54796,56326,1038.5043848592104,153.0,24.43539729080495,0.8,498.84026679046434,1728.4862158602546,422.0182646969733,7.673429308292945,130.12477402086296
S-S2,1000.0,55156,56686,1008.6609604042969,153.0,23.7331990683364,0.8,487.7227927458811,1322.5344909140085,377.16015215441695,11.01695451842698,102.14458744500713
S-S2,1000.0,55517,57136,1000.3341574335864,161.89999999999964,22.243378423476955,0.8,485.4739821674278,816.9028918805657,342.31482305679714,5.367814885441562,74.82407312309525
S-S2,1000.0,55876,58086,1052.288607669885,221.0,17.1413528851203,0.8,389.0637522110922,971.8626224710913,403.6477930973585,8.96632190698098,110.7302763713999
S-S2,1000.0,56326,58266,1056.8622877277376,194.0,19.611877504226058,0.8,777.4424109865754,1748.9465936443773,286.0531957678829,10.339478332740153,16.760127793742456
S-S2,1000.0,56686,58447,1177.82543597716,176.10000000000036,24.07820312048704,0.8,936.2161233521267,886.3145648049112,89.7758498777753,21.41644678660277,167.9973671566695
S-S2,1000.0,57136,58536,1035.0985968183522,140.0,26.616821061043343,0.8,824.9771312669052,575.4881266923838,196.43758971056354,156.91182514846065,21.623687149296615
S-S2,1000.0,58086,58627,1014.7097029518991,54.100000000000364,67.52227228515365,0.8,960.0708323426967,374.4085220848092,259.87498610359734,26.171900997369782,404.5120193078503
S-S2,1000.0,58266,58896,1062.1174121883378,63.0,60.69242355361931,0.8259926408905761,1008.5209600767975,242.48957355331848,217.17155087389133,24.254703884033635,364.86893340130064
S-S2,1000.0,58356,58986,1122.6501412890866,63.0,64.15143664509067,0.8941474658801964,1066.8062140074355,383.1951283902474,285.72669422871724,23.849673305418754,376.83990489966504
S-S2,1000.0,58536,59076,1031.8823581608885,54.0,68.7921572107259,1.0230009531305098,980.7212962357075,452.3055509075647,333.6502302981089,17.794298886210022,317.1823170369563
S-S2,1000.0,58627,59167,1257.7208502101203,54.0,83.84805668067469,1.1400722911281853,1254.100062648537,876.703946337609,543.2647300986969,1.763581934989652,443.2159557583473
S-S2,1000.0,58896,59346,1122.3048556999493,45.0,89.78438845599594,1.1579621679589682,1121.5905964278847,509.53221655815776,507.7405637026449,6.529308021461327,410.6156035494746
S-S2,1000.0,58986,59436,1064.8795875529613,45.0,85.1903670042369,1.2211099440208326,1063.707728814842,470.9850564818823,461.4741110650722,5.363422362561815,328.2225143712722
S-S2,1000.0,59076,59617,1073.6626594891786,54.100000000000364,71.44520469798553,1.25,1071.357316018999,452.2921889042323,440.12361932156375,1.5731928005185727,282.020689682649
S-S2,1000.0,59167,60246,1037.001083080395,107.89999999999964,34.5987386384563,1.25,578.0754010823971,1028.412947914963,252.57679818279186,87.92113234237202,502.8789582017847
S-S2,1000.0,59167,60246,1037.001083080395,107.89999999999964,34.5987386384563,1.25,578.0754010823971,1028.412947914963,252.57679818279186,87.92113234237202,502.8789582017847
S-S2,1000.0,59346,60736,1032.897075926623,139.0,26.75129117507801,1.25,409.90752939775433,1204.217656065597,489.3478820640024,206.24579635067883,489.3478820640024
S-S2,1000.0,59526,61187,1014.46634597925,166.10000000000036,21.98722965397527,1.25,115.75386022996155,1206.8366566627071,497.91536305216346,202.38172082738646,497.91536305216346
S-S2,1000.0,59796,61916,1002.519169062005,212.0,17.023910418034045,1.25,160.22888535972402,1142.2748902017252,497.2764327239625,195.84821824803967,497.2764327239625
S-S2,1000.0,60066,62277,1093.278836896323,221.10000000000036,17.8010122696823,1.25,449.90068669099753,1025.3471207014788,477.2627470416699,198.5429857764692,477.2627470416699
S-S2,1000.0,60557,62636,1033.9509165729032,207.89999999999964,17.9039119752884,0.8,579.8693252054923,1215.4904147400414,443.86472549792575,15.22042394979691,145.30315356696505
S-S2,1000.0,61006,62907,1001.3927456774909,190.10000000000036,18.96377635159895,0.8,386.1538022693473,1368.8512550998776,301.35269890409563,7.270043489583603,41.18100230417335
S-S2,1000.0,61726,63446,1051.2607469195063,172.0,22.00313191226874,0.8,441.270228052493,926.6012395969652,361.42372704186516,10.866251013572164,80.96232599799133
S-S2,1000.0,62277,63716,1009.4299005648936,143.89999999999964,25.25328451725939,0.8,494.4104678074794,782.9295364838799,304.89161145535184,3.545762040737225,41.764707260997085
S-S2,1000.0,62636,63896,1005.0076698946505,126.0,28.714504854132873,0.8,443.5212612618865,818.2724899795644,152.57980073978166,10.773947835773392,72.96930331257481
S-S2,1000.0,62907,64256,1041.2410244811763,134.89999999999964,27.78701029008336,0.8,487.90357909650805,1798.6979241476238,301.93408408838974,5.068308969442055,32.930246537178675
S-S2,1000.0,63357,64706,1055.771811402832,134.89999999999964,28.174785181988184,0.8386523195681922,305.82935795841564,1449.0626231550175,250.8432873641233,9.559470352948722,40.866281106572934
S-S2,1000.0,63626,65066,1061.3240332360801,144.0,26.533100830902004,0.8201082212484259,442.9123139929286,1583.2983635127143,246.7289872338729,11.494592357798041,9.363685313298804
S-S2,1000.0,63896,65336,1028.5397071791158,144.0,25.713492679477895,0.8541754485008912,523.5953826957266,1240.3732060656232,282.9181955952817,6.774534127618268,90.92315671104743
S-S2,1000.0,64166,65606,1048.5894659087426,144.0,26.214736647718567,0.8031853395562425,419.3142141793835,877.6825451188848,269.4803261700543,6.279601198787663,9.106360427103365
S-S2,1000.0,64706,66057,1040.9485948781294,135.10000000000036,27.738082468995234,0.8155263963153139,749.7900755117324,2100.532600089109,346.61193975758056,27.273550465492068,85.4144692105985
S-S2,1000.0,64887,66237,1017.6638822111054,135.0,27.137703525629476,0.8496530687491517,694.6277543868636,1423.3365411842763,445.2296907503594,18.52339691669259,222.6507266590636
S-S2,1000.0,65246,66506,1013.9362965330292,126.0,28.969608472372265,0.8064486952302135,281.71624278584153,1012.8019308860734,373.57698258699986,8.272205193321895,103.47344233739818
S-S2,1000.0,65606,67146,1041.7603108057083,154.0,24.352838434419155,0.800484795762164,363.904636759062,1568.7715692144998,374.37971866953353,17.245090413058687,88.45386900492645
S-S2,1000.0,65876,67326,1103.328600513043,145.0,27.392985943772107,0.8,557.6779850759027,1586.0217741168922,298.2887348674996,12.012387734934432,15.865675356436117
S-S2,1000.0,66237,67506,1124.1382239216255,126.89999999999964,31.890446068698687,0.8,656.4620484966778,1070.443188717412,183.56995189603347,3.7877967856224695,78.66877730182227
S-S2,1000.0,66506,67596,1023.1212360109566,109.0,33.79116008843526,0.8,893.6002952977792,2052.4557953647973,151.3803561461607,9.02604803487928,85.32835252064756
S-S2,1000.0,67146,67777,1072.674837697392,63.100000000000364,61.1985644328144,0.8,1065.4922429369121,244.7004151561264,55.8756500142951,4.0463001969438,258.8956590166689
S-S2,1000.0,67326,68046,1077.104189819016,72.0,53.8552094909508,0.8338596757359014,1064.2888656438815,333.98710797629286,124.08687856974609,1.8103250555895354,75.52962094208256
S-S2,1000.0,67416,68136,1080.3703117524274,72.0,54.018515587621366,0.8529164126598454,1066.3969768575328,329.6335548648757,136.464238549514,3.040252737238345,42.83841779070357
S-S2,1000.0,67596,68317,1084.9036308390132,72.10000000000036,54.169945506524655,0.8604384552762363,1069.7286139563232,453.34018923920576,101.96319112939193,1.90931529897333,63.90465602548075
S-S2,1000.0,67777,68586,1015.5443405545666,80.89999999999964,45.19109550057424,0.96938682406403,999.2084809520277,400.49826121257126,276.5427329925074,3.305475611270676,236.92916130690725
S-S2,1000.0,67956,68766,1086.9700221015664,81.0,48.30977876006962,0.8809333498396378,1070.1832588936156,258.9835090185407,124.19947811197162,2.1399035712973213,20.240355892147715
S-S2,1000.0,68136,69036,1088.2456277827732,90.0,43.529825111310934,0.9019318770328528,1020.9661492457981,312.65018727770536,97.6339746036083,1.8581857388488243,18.673486843553
S-S2,1000.0,68317,69307,1010.4308801206571,99.0,36.74294109529662,0.9273536003373043,931.5769036748302,686.6292216509404,170.36793906470257,2.1451973355023974,84.54794575215617
S-S2,1000.0,68496,69487,1010.6614994901392,99.10000000000036,36.71424216109473,0.8978023146971646,845.0152547482777,565.3402654703395,133.28247412799334,0.8859569321188353,16.37083912233719
S-S2,1000.0,68677,69756,1053.1419558269772,107.89999999999964,35.13726636679454,0.891449341066623,818.768115594458,454.0465319059937,134.9114552408767,7.657171764453724,8.945374729810906
S-S2,1000.0,68856,69936,1032.12372328301,108.0,34.40412410943367,0.8998366910634689,782.2160266159357,462.86102229373233,218.84663748542292,10.254183859955655,92.88036169183556
S-S2,1000.0,69127,70206,1011.6951939950523,107.89999999999964,33.754427232457836,0.9279682719646988,823.3062445286614,694.0055761480138,293.3699653875136,10.369191092119157,198.65779841267462
S-S2,1000.0,69487,70567,1018.4223394299988,108.0,33.947411314333294,0.8740079143851138,826.8542329614281,1116.5213278094675,202.24071297995863,2.4024244788145825,48.168729677886404
S-S2,1000.0,69666,70946,1002.205172165799,128.0,28.187020467163098,0.880447329542578,763.9255528650746,425.7070506162212,233.21630774817353,7.702825382132283,86.4243058121105
S-S2,1000.0,69936,72606,1043.9608988306354,267.0,14.075877287604074,0.8331927989899727,481.2351187813471,598.5287761583047,220.50254311048224,11.857307504833846,11.7866641881321
S-S2,1000.0,70206,72967,1015.6309689072659,276.10000000000036,13.242562434140357,0.8091745907952803,139.35149278361507,1034.5749263807684,196.62147608672265,20.749912123127405,30.74440465798766
S-S2,1000.0,70476,73326,1073.796534565241,285.0,13.563745699771465,0.8391615128950621,89.41782361212563,993.5938856420743,256.3438900408694,17.3094630851098,45.19022537153731
S-S2,1000.0,70857,73507,1079.1079606315907,265.0,14.659579842542364,0.8328756268553809,195.0755120852646,1215.0507651902806,213.98497153256918,13.094074634679098,1.3603127589177593
S-S2,1000.0,72517,73776,1008.6342104695941,125.89999999999964,28.84100998959928,0.8,292.0854848571841,1002.7990753080794,165.2039451758952,17.092919966454392,61.41458095702197
S-S2,1000.0,72967,74046,1127.9953641524626,107.89999999999964,37.63469240916477,0.8022330319416979,730.632507422182,1822.5039137561541,40.85904003211462,2.8807425737359322,188.99719232255237
S-S2,1000.0,73236,74227,1067.0602416819384,99.10000000000036,38.763036024772596,0.8147905622788383,719.1528370558535,1138.7531117126484,18.511466191389157,7.03269090424926,118.14804587131069
S-S2,1000.0,73507,74766,1003.989359447376,125.89999999999964,28.708194551315046,0.893977032997982,625.0117850601075,1299.9027018320726,156.44553308599725,43.49486321551161,38.094473331745085
S-S2,1000.0,73776,75126,1018.4140914232994,135.0,27.15770910462132,0.8585788899146821,480.40245586834857,586.7883632431682,197.4274082062911,46.856202426799854,32.18183345114138
S-S2,1000.0,73956,75396,1139.6468085669476,144.0,28.491170214173692,0.8977682155500166,589.4402841523381,1518.5438609595813,253.14882892355183,60.92110081545918,117.01479228935048
S-S2,1000.0,74137,75486,1099.5735277764397,134.89999999999964,29.34369681241804,0.946703049348523,558.8395465304427,913.6632397629159,262.08910975309817,52.019585094981,192.29024875817413
S-S2,1000.0,74587,75576,1015.4703001207236,98.89999999999964,36.963529630279254,0.936968824353306,635.2234276599656,1696.2559492354274,123.80598595278306,9.264420387114194,51.48435426623083
S-S2,1000.0,75126,75757,1050.9620013545864,63.100000000000364,59.95979722466703,0.8078266551195118,993.0053077531179,1218.2561752484935,122.17373689514307,1.7616181284575412,300.040411359821
S-S2,1000.0,75306,76206,1018.5147387005636,90.0,40.74058954802255,0.8,945.5598536562674,407.16908086140813,22.014695685801236,5.193063031679722,181.04211917012452
S-S2,1000.0,75486,77036,1026.3032271323973,155.0,23.836720114042777,0.8382515794415728,542.0282873311274,580.4557821612428,136.14846502347768,7.984173445742388,47.20083626465195
S-S2,1000.0,75576,77306,1015.8037103259994,173.0,21.138111891176866,0.845296229891366,267.183553112056,939.4716679191675,151.293674105703,7.643546791184472,30.4897620799254
S-S2,1000.0,75757,77926,1001.933323812802,216.89999999999964,16.62959873548222,0.9812459165072503,63.52938807245359,1337.763255013271,454.4224960069287,10.080148789582358,427.2940828680515
S-S2,1000.0,76116,78107,1026.9709392543227,199.10000000000036,18.569037575668283,0.9242730230901626,313.2434154565722,1563.4909989168511,378.0551502122112,8.593268517931847,272.30646873129297
S-S2,1000.0,76766,78376,1095.2931641133036,161.0,24.491027272098716,0.8885465305530912,631.9912669007714,878.0662157710678,266.78769433996246,20.928594184808556,117.31158464162026
S-S2,1000.0,77306,78556,1030.4559336563107,125.0,29.677130889301747,0.8,411.5107423048955,993.2943527063402,247.68058842666275,27.231992180676656,2.534791868365459
S-S2,1000.0,77926,78916,1019.9854893054799,99.0,37.090381429290176,0.8,168.68609631433645,996.4080243204602,23.460258684461923,4.021136192718962,215.59097617339475
S-S2,1000.0,78107,79386,1059.948025308826,127.89999999999964,29.834346294853667,0.8,229.34930322319124,1241.5211107390223,36.92510799493649,4.480616832390073,232.75321522516344
S-S2,1000.0,78287,79747,1043.8560769452233,146.0,25.73891696577263,0.8246898915793988,405.61638146041736,1456.9745132695966,20.865107330024305,8.629593675326024,157.8863195604519
S-S2,1000.0,78556,80107,1035.5621223104245,155.10000000000036,24.03625815807556,0.8304617812158377,639.7599955862172,1185.0999406297422,29.78291257167557,14.653250437207282,140.0570022384852
S-S2,1000.0,78736,80286,1001.7696639311325,155.0,23.266908323561786,0.94532598137564,769.8514068285135,1388.8398345648573,92.40191266962162,14.451416156882356,31.8236184341759
S-S2,1000.0,79296,80646,1055.2603148257185,135.0,28.14027506201916,1.0105057240687476,707.9135470702739,1045.5975217136543,163.86644463906393,13.036409976134339,176.8094114264407
S-S2,1000.0,79747,81006,1083.7209750330076,125.89999999999964,30.988050120086086,1.0137253463721705,547.7509490914455,814.9273196707967,170.668251942989,0.9495203017798358,187.8947105038083
S-S2,1000.0,80016,81276,1063.3751064328972,126.0,30.38214589808278,0.8982779982671407,529.0879438956654,926.6496510760284,194.22472356508334,3.120551986812642,66.09615946957413
S-S2,1000.0,80286,81547,1006.6675568252758,126.10000000000036,28.73912136852484,0.8871697699842652,464.72619224697434,973.3064778101392,210.24731569733908,1.1820420653358212,72.82904872333152
S-S2,1000.0,80646,81997,1021.1096758869389,135.10000000000036,27.209436219044935,0.822487752215569,572.6196651148008,1778.2199414922925,237.82076514524542,4.3399998107859075,15.117164659183196
S-S2,1000.0,80917,82357,1059.489723105682,144.0,26.487243077642052,0.8522566028853329,781.0577743165798,1377.3588173448159,301.25347604940424,4.765710870254063,99.94537402686016
S-S2,1000.0,81186,82627,1132.7142556228137,144.10000000000036,28.298204859417897,0.8473506194158202,845.8539579945677,1159.1914968135416,187.61155406894673,2.7495389192928523,14.372521800868938
S-S2,1000.0,81456,82986,1057.8229250897566,153.0,24.88995117858251,0.8362706683437366,669.7975429891841,701.9583814750094,259.9886170935667,2.811202728464814,43.77352306572569
S-S2,1000.0,81906,83256,1040.9411550910518,135.0,27.758430802428048,0.8058685325667426,371.76195005151726,871.372726298069,176.92190789543594,12.20318809282362,61.42022882795359
S-S2,1000.0,82266,83526,1022.0251262578895,126.0,29.200717893082558,0.8,155.090973753584,1086.800218029312,149.00310594910923,5.417696144537169,86.28179520873714
S-S2,1000.0,82627,83886,1085.6698594281115,125.89999999999964,31.043776758865867,0.8520159452581835,598.1473231005707,1824.867250694428,210.8827620664381,13.991574338248249,17.33719820082164
S-S2,1000.0,82986,83976,1032.2229398855707,99.0,37.53537963220257,0.8147968541950645,789.2715079820499,1661.2463317803367,101.32979650332618,11.624737522640023,109.50110687598895
S-S2,1000.0,83256,84246,1040.3820875872625,99.0,37.832075912264095,0.8449528951855877,916.4304627511713,1167.1807788507701,127.41137378721005,2.910901660411813,53.962158883654595
S-S2,1000.0,83526,84426,1001.001817973076,90.0,40.04007271892304,0.8625188062682054,928.4824664255142,641.2578585160076,74.83151667483303,4.615109672935487,73.61119094544824
S-S2,1000.0,83706,84696,1039.506626209295,99.0,37.80024095306528,0.8950136040143454,944.2924648863847,379.3988634995908,158.7227505563649,8.173497606013054,32.302179830403254
S-S2,1000.0,83886,84877,1074.384747859709,99.10000000000036,39.029112939404015,0.8537760886404476,797.0502824660246,469.29824327726544,154.34320886957806,4.265362961304101,25.909684007855223
S-S2,1000.0,84246,85236,1028.3349574372041,99.0,37.39399845226197,0.8891687143138863,498.76270704865226,1159.9986239990094,161.298387354592,19.011658859135675,27.37355073100675
S-S2,1000.0,84426,85507,1055.7278560018094,108.10000000000036,35.15837448294636,0.8867736431979856,468.68148428805995,1567.9288529193207,186.3087945335914,19.22186224441451,43.64202512359334
S-S2,1000.0,84696,85776,1030.0495905260468,108.0,34.33498635086823,0.8811619103369628,592.3072322720866,1323.015798442659,86.51680812842511,22.26444504305693,47.834505751329644
S-S2,1000.0,84877,86226,1019.526578341538,134.89999999999964,27.207529147735706,0.8982150597608042,518.3376887984789,1341.9810889146333,238.6434665777091,15.713833199401337,109.00112195140194
S-S2,1000.0,85146,86586,1009.3407357642282,144.0,25.233518394105705,0.8666958216642394,227.77122004840587,977.6024318995576,309.25583099841697,2.483564204534278,133.28044842078594
S-S2,1000.0,85416,86947,1035.9200349497405,153.10000000000036,24.3586683593668,0.8440703132565822,206.6387317125132,1388.8197762108305,487.91251201543315,487.91251201543315,487.91251201543315
S-S2,1000.0,85686,87307,1081.9018128353055,162.10000000000036,24.027430760068423,0.8492106474654321,598.9097020412813,1661.768465885592,476.9514881062465,326.85522613454157,476.9514881062465
S-S2,1000.0,86137,87486,1123.0854788299694,134.89999999999964,29.97114695172647,0.8,807.3142093789877,631.9985637532428,241.36379451941824,12.943400775492517,34.23592672133119
S-S2,1000.0,86406,87576,1050.0948546601576,117.0,32.310610912620234,0.8259728114211423,652.6407736001167,575.3194353839189,173.13932656290643,8.957795114279275,41.37029411110323
S-S2,1000.0,86947,87756,1074.4518125869363,80.89999999999964,47.81244159843001,0.8,854.8227538025258,1339.1001518592734,108.76312894910095,11.333216694502253,303.9424393452894
S-S2,1000.0,87307,88026,1111.3094413248618,71.89999999999964,55.642753668560815,0.8,949.9070254824902,514.1716907592074,151.53314390783797,13.78638122347462,261.38258107924685
S-S2,1000.0,87486,88118,1141.2031361942354,63.20000000000073,65.00524193511393,0.8250878694101116,817.981461231305,616.5321450954716,314.27137101379503,10.163110740266056,459.61508989795567
S-S2,1000.0,87576,88296,1175.747654373903,72.0,58.78738271869516,0.8600858713535213,838.3602263261769,882.1191654940922,198.55830567778213,11.612695860706411,336.4402492764341
S-S2,1000.0,87756,88386,1068.0948950006714,63.0,61.03399400003837,0.9819683627655329,906.6129007100038,1178.7947514531786,200.77753227262588,10.29628121746047,216.5842702722894
S-S2,1000.0,87846,88476,1137.1028038325458,63.0,64.97730307614547,1.0216620216274919,1100.7151513140395,1301.8141999811098,245.42398812844928,9.873111840667946,225.90551706898594
S-S2,1000.0,88118,88656,1038.445207621582,53.79999999999927,69.48703991519974,1.1863224299704749,1038.4087828980337,252.4891423372029,251.9514684464565,5.401211747747314,105.25216580076993
S-S2,1000.0,88118,88656,1038.445207621582,53.79999999999927,69.48703991519974,1.1863224299704749,1038.4087828980337,252.4891423372029,251.9514684464565,5.401211747747314,105.25216580076993
S-S2,1000.0,88386,88836,1016.6364359347936,45.0,81.33091487478349,1.1965532672596952,1016.6268217186796,369.0534679428745,369.6031914788327,6.99671077122516,242.25928000706287
S-S2,1000.0,88476,89008,1023.5043085171346,53.20000000000073,69.25969005003073,1.25,1019.4762781915128,269.53479689913644,265.3432969473825,6.045399433766088,80.71327625120018
S-S2,1000.0,88566,89186,1136.5580826780497,62.0,65.9936951232416,1.25,1132.52821383181,296.41148734023017,288.419650035441,3.79083725021504,76.58662117902838
S-S2,1000.0,88656,89277,1130.1713580015785,62.100000000000364,65.51718017400417,1.25,1126.1138803788263,293.636934062722,290.70289262600505,4.011527793635438,80.93050209669151
S-S2,1000.0,88747,89366,1137.2786978782533,61.899999999999636,66.14221829340445,1.25,1133.196188175496,297.02326301894874,279.0096455760314,2.559531275600355,64.50526996824287
S-S2,1000.0,88926,89456,1069.2829250114155,53.0,72.63053830266219,1.25,1067.1932019505655,347.32363379091,300.11687799351057,4.693746481602083,107.65841452892708
S-S2,1000.0,89096,89636,1137.8835292917938,54.0,75.85890195278625,1.25,1137.7497989442552,339.7023478936805,317.7956928801514,1.5830755328780248,112.63993976351935
S-S2,1000.0,89186,89727,1048.0370862068812,54.100000000000364,69.73999094907111,1.25,1047.8119339188897,249.77948011089737,214.6504261923942,1.1976746376826561,6.6470835383321925
S-S2,1000.0,89366,89996,1144.9001876887341,63.0,65.42286786792766,1.25,1144.3633251947542,178.14588918958634,155.66469521616753,1.4945946439604962,91.8931316690711
S-S2,1000.0,89456,90086,1150.1704695370863,63.0,65.72402683069065,1.25,1149.8712753383527,186.5542804686527,177.74081208716726,1.2564793029519057,65.67886828726517
S-S2,1000.0,89547,90177,1155.2475171620172,63.0,66.01414383782955,1.25,1155.081643890179,195.46129986667157,194.71058078131517,1.5470515021901916,45.70777501798393
S-S2,1000.0,89727,90267,1099.3185197840357,54.0,73.28790131893572,1.25,1099.2630368568152,286.07310854451407,283.67701270101054,1.3604969743764606,79.75613538763683
S-S2,1000.0,89907,90626,1056.429734755584,71.89999999999964,52.89495194881949,1.2365371372800606,1054.8490058677194,242.59847785184397,197.6420728942933,3.1979781509476157,4.489294445006917
S-S2,1000.0,89996,90806,1027.4123595160636,81.0,45.66277153404727,1.2313653457500182,799.8742846686192,285.3871667921736,87.10743208469408,23.039907545174394,124.9702605008103
S-S2,1000.0,90086,90986,1185.558684246018,90.0,47.422347369840715,1.25,228.13689823167573,741.8618641546927,125.77944552666773,23.27049988897142,133.41804064386602
S-S2,1000.0,90267,91077,1025.1253362166462,81.0,45.56112605407317,1.25,358.19429934659945,1143.6599899929815,82.47253987178294,22.702286518117504,147.59135593784484
S-S2,1000.0,90356,91166,1128.6177984842216,81.0,50.16079104374318,1.25,694.2404021237894,1486.0866485136298,144.61923960491612,23.85314635063672,95.47495333604269
S-S2,1000.0,90806,91256,1011.1592418573273,45.0,80.89273934858618,1.1119705097004506,1011.1517432091174,391.677828650579,388.8865394607337,1.4108135800327728,319.26021129063906
S-S2,1000.0,90896,91347,1052.8146179058676,45.100000000000364,84.0384173938158,1.1410894355509151,1052.8066887199006,458.9785182329938,454.6278922882057,1.5111807976561653,370.26822390965634
S-S2,1000.0,91077,91796,1039.200014844595,71.89999999999964,52.03226778081448,1.249081422563008,927.760257428676,198.6520601126117,277.7403543039757,6.334335187156743,102.4949585078687
S-S2,2000.0,0,3546,2014.9066667040609,354.6,20.455905245726505,1.0,1529.5608168088818,1430.5508724964577,6.894995591654661,90.77567362788655,6.894995591654661
S-S2,2000.0,1482,3997,2061.9561052347744,251.50000000000003,29.51507745067669,0.8811728315790016,1748.275305070347,1259.7062121154283,193.56793904388581,263.3025419113574,285.02075050502975
S-S2,2000.0,2466,5206,2033.7456896460633,274.0,26.720746287320537,1.0891380240789548,1238.9943027110842,1427.3254407784077,485.6592172825386,8.620576983219667,485.6592172825386
S-S2,2000.0,2466,5206,2033.7456896460633,274.0,26.720746287320537,1.0891380240789548,1238.9943027110842,1427.3254407784077,485.6592172825386,8.620576983219667,485.6592172825386
S-S2,2000.0,2466,5206,2033.7456896460633,274.0,26.720746287320537,1.0891380240789548,1238.9943027110842,1427.3254407784077,485.6592172825386,8.620576983219667,485.6592172825386
S-S2,2000.0,2736,5566,2017.96913549998,283.0,25.67027875547678,1.0158579549501416,856.4438648660109,1784.1796701812289,490.9087005180649,13.118391645409455,490.9087005180649
S-S2,2000.0,2916,6117,2035.3428738420378,320.1,22.890454063827978,1.25,403.6469758962869,2212.2137683069577,494.0291738983547,14.654938287720276,494.0291738983547
S-S2,2000.0,3186,6477,2113.5494711673937,329.1,23.119957752059,1.25,394.82601646725817,2593.1924760445418,474.09436878077196,3.0912850684736486,474.09436878077196
S-S2,2000.0,3546,6926,2033.2187795582397,338.0,21.655584634348116,1.0055758630651082,418.33939751584813,3135.5752530932446,490.93090261401136,6.644868631899041,490.93090261401136
S-S2,2000.0,3906,7518,2044.273306029027,361.20000000000005,20.374817003611565,0.8525658553094037,598.5015200838686,2425.2570347796363,484.22719419956366,17.620269578518286,351.17309097950834
S-S2,2000.0,4216,7876,2083.403808673009,366.0,20.49249647875091,0.8,602.6880301384035,2660.0207642656783,485.98639480257754,12.626041611572722,309.81968055263616
S-S2,2000.0,4666,8236,2117.014622126417,357.0,21.348046609678157,0.8,434.38802207232106,2620.0276712982777,480.4949919061713,12.490790527381897,344.7155287042221
S-S2,2000.0,5026,8327,2041.0119050340804,330.1,22.258839315730658,0.8,504.54463364759033,3231.8638385546496,486.27571535681847,8.723699568340141,190.54259683440557
S-S2,2000.0,5387,8417,2048.650022460984,303.0,24.340396306467138,0.8,900.363039338345,3412.2729176466332,444.7914507567061,5.136716624528435,11.808108321705307
S-S2,2000.0,5847,8687,2034.8570879749473,284.0,25.793963087006375,0.8,1276.2757527320443,3678.8132038799627,481.28126282023356,6.726622539768938,15.617947322398692
S-S2,2000.0,6477,9226,2076.88408080638,274.9,27.198190945445504,0.8,1110.4611236629612,1603.051605229273,446.5420715238192,3.4550812496037344,58.807423413905916
S-S2,2000.0,6926,9406,2000.7978307978824,248.0,29.0438394793241,0.8,1092.2497741007342,2395.5210402156667,374.3915445269551,1.1459987398220208,94.46019053814861
S-S2,2000.0,7518,9766,2045.9189053560212,224.79999999999995,32.763825886484334,0.8142710597765843,966.9407357114885,2181.728696520503,341.80856611841966,6.866441060253485,100.5460497080088
S-S2,2000.0,7697,9946,2024.9525458514454,224.89999999999998,32.41364679886707,0.8,978.49848767214,2444.6885185179053,314.4289062002286,3.4759010796532963,142.87592096753505
S-S2,2000.0,8146,10396,2030.9359920971638,225.0000000000001,32.4949758735546,0.8,1007.6672687275925,1614.7452150324937,198.59333534495022,3.53439848691882,222.38651427807133
S-S2,2000.0,8327,11196,2004.4760482992142,286.9000000000001,25.152017336623107,0.8,1026.7427592900365,2132.34637654951,489.1781849598958,1.6937172932945999,8.978828715625445
S-S2,2000.0,8417,12797,2064.7915176898105,438.0,16.970889186491593,0.8738706699749093,1285.7186952247207,2602.173490681434,486.4853065170391,1.460864689963913,486.4853065170391
S-S2,2000.0,8687,13156,2053.7679099330517,446.9000000000001,16.54411384148352,0.8616924084341783,1386.4850385507505,2649.88893015967,497.12613897387905,55.63562460240254,486.8765762639769
S-S2,2000.0,8956,13516,2045.0300534441367,456.0000000000001,16.14497410613792,0.9048174767406537,1115.5314341231663,2377.694226570611,491.4312112676363,81.51957268401203,491.4312112676363
S-S2,2000.0,9316,13876,2007.582666960806,456.0000000000001,15.849336844427413,1.0434973251363575,1144.9585172108327,2956.2786128545085,491.24344527813537,77.17406134387481,491.24344527813537
S-S2,2000.0,9676,14416,2059.4709493535556,474.0000000000001,15.641551514077634,0.8559494423098402,705.7277332177636,2342.125040425357,486.44928573307885,69.83886510336517,486.44928573307885
S-S2,2000.0,9946,14817,2050.2358938642965,487.1,15.152636456398003,0.8715048268225299,598.6935778724851,3103.9502510931657,475.948203650961,67.97017167349549,475.948203650961
S-S2,2000.0,10306,15267,2044.3279995308985,496.0999999999999,14.834873610786607,0.8042980344292798,604.9639759184686,2727.0458555248615,484.5565398858447,77.154372711798,424.784578608942
S-S2,2000.0,11106,15537,2155.3444339387015,443.0999999999999,17.511261480883157,0.8,823.4482712646942,2104.7207978656807,478.6560262818244,76.8325806320664,144.00703328686672
S-S2,2000.0,12616,15986,2057.5474712397463,337.0,21.979735597813313,0.8,683.7112948328336,3037.5157903736213,490.8349833758099,68.0196044278799,57.69371003303522
S-S2,2000.0,12976,16426,2002.1828178685191,345.0,20.892342447323678,0.8,643.1228915452184,2454.569958105998,487.4941729135279,68.33219166652593,134.4853835952919
S-S2,2000.0,13426,16877,2066.857408627723,345.0999999999999,21.560958189104042,0.8,982.558921329413,3229.508909525493,490.8921188314153,2.486042010086084,147.54753003242269
S-S2,2000.0,13786,17146,2027.6302218065111,336.0,21.72460951935548,0.8,970.3997194625422,1702.02137286713,485.7667797299669,5.599417906421009,150.44053213222608
S-S2,2000.0,14326,17417,2022.4784422990633,309.0999999999999,23.555232585818924,0.8,1318.9996861161649,3869.2752985922493,485.50272362754964,8.450642184157264,41.870473204497934
S-S2,2000.0,14817,18316,2011.5828003918414,349.9000000000001,20.696479226666554,0.8,1429.9828101324792,1257.7161363556147,499.89296331945854,65.3046980242737,242.04427488828523
S-S2,2000.0,15177,19067,2001.2020148284282,389.0,18.520121473990596,0.8,1350.5014621138703,2430.7516131417196,497.7674019244323,77.95224016609293,43.1114766464536
S-S2,2000.0,15446,19606,2012.638998805396,416.0,17.41706825889285,0.8,876.410974762613,1756.1077448872663,486.8374654158881,102.33652123576755,121.09987494043251
S-S2,2000.0,15806,19966,2006.1091048285853,416.0,17.360559561016604,0.8,707.5675035836073,3263.0505543813892,484.47195769582567,97.90523216076862,147.28858451079304
S-S2,2000.0,16426,20416,2021.3360820231119,399.0,18.237618785170934,0.8,563.2209285560776,2134.792883052788,490.6394706538184,91.7711008772562,69.40869957864572
S-S2,2000.0,16786,20867,2110.7103311522587,408.10000000000014,18.619351120186543,0.8,676.6320954746752,3342.078824440639,468.5357012156697,110.76614253007344,24.83753066559211
S-S2,2000.0,17146,21147,2020.3638193446677,400.10000000000014,18.178729691679084,0.8,690.7198717467542,2250.7551621151856,473.4075623587706,118.32017165917317,10.760566084042113
S-S2,2000.0,17417,21776,2081.5216774199853,435.89999999999986,17.190819083991624,0.8,521.9009166040997,3081.523083204802,480.9648988568143,101.42357946339257,93.7274050637954
S-S2,2000.0,18046,21957,2105.1982915159806,391.10000000000014,19.37794387485944,0.8,466.2675399507909,2981.13617313119,475.4815076772875,316.6798116979584,429.2985764047217
S-S2,2000.0,19067,22137,2242.91638864545,307.0000000000002,26.301299671412423,0.8,803.6762122018888,2414.833233967061,57.230371325891824,306.9075691513344,464.18139864421573
S-S2,2000.0,19606,22316,2082.8048453537667,270.9999999999998,27.668256248241942,0.8,712.2606226327483,1508.623925858334,277.0657925877798,7.942178885669602,193.64614838334901
S-S2,2000.0,19966,22676,2006.488213088065,270.9999999999998,26.65445596722155,0.8,739.7747006587047,2406.174920434615,368.5166866344014,1.512878032754864,42.748898328834024
S-S2,2000.0,20416,22857,2074.851253702829,244.10000000000014,30.6000184896771,0.8,1120.4736434553342,1288.5470665839046,212.4265612211292,5.878517627381582,244.22413505154228
S-S2,2000.0,20867,23216,2105.315085038499,234.89999999999964,32.265365287946395,0.8681838235787245,1587.6509510183155,1683.9502662620541,313.102212222466,4.238718595874471,5.365239460912377
S-S2,2000.0,21147,23306,2083.867178746801,215.89999999999964,34.747206315370526,0.8876263855945787,1872.9455270713268,1843.727407762188,289.4309768735227,6.389049702813475,23.487172127657956
S-S2,2000.0,21776,23486,2040.1672720071874,171.0,42.95088993699342,0.8461495371955291,1958.624788477471,2607.2096076991925,156.64709076788387,7.468338954347103,182.30922832819368
S-S2,2000.0,21957,23666,2043.649900529559,170.89999999999964,43.04938351027752,0.8735744681476383,1956.6296267933883,3159.5393085725323,160.09520192608431,8.883316835570986,119.63664103915828
S-S2,2000.0,22137,23936,2005.6258720904189,179.89999999999964,40.13481456100902,0.956899200496687,1921.8369222861809,3732.0399972687464,245.4622826766654,7.993561478698183,148.1156557440042
S-S2,2000.0,22137,23936,2005.6258720904189,179.89999999999964,40.13481456100902,0.956899200496687,1921.8369222861809,3732.0399972687464,245.4622826766654,7.993561478698183,148.1156557440042
S-S2,2000.0,22676,24296,2018.4482903359203,162.0,44.85440645190934,0.8715806448932106,1784.4718115387539,465.74149959515785,154.13356948619312,2.6417179341050994,125.1155062208758
S-S2,2000.0,22857,24477,2076.0934594292194,162.0,46.13541020953821,0.9747583811126096,1485.9999244538942,885.4974201264494,78.78666358043955,4.237913310472973,24.54504328668618
S-S2,2000.0,23126,24746,2007.9626386526543,162.00000000000045,44.62139197005886,0.9199929582276853,1328.0515306013126,1226.5114538316375,71.97335759882947,2.218191123428104,94.55822748259881
S-S2,2000.0,23216,25496,2062.276841250121,228.00000000000045,32.56226591447553,0.9347640077846184,1243.6173422914285,1811.8560262045064,151.73975834111016,4.591953917520665,8.526968165242021
S-S2,2000.0,23396,25856,2045.45137749915,246.00000000000045,29.933434792670433,0.8866987879598356,997.8182657016607,2491.5490776177962,262.3788370521966,2.616023286521447,2.7542021676581694
S-S2,2000.0,23576,26037,2040.1030668284784,246.10000000000036,29.84303551638566,0.8609636854117791,1000.5699816995115,2835.689568528623,193.53960621652215,8.315565319296496,117.35671161157167
S-S2,2000.0,23756,26216,2046.5923359987355,246.00000000000045,29.950131746322906,0.9121622703304149,1220.2593295331126,3205.199197695247,177.07232983785406,5.164179342148165,18.989185046444803
S-S2,2000.0,23936,26396,2088.870272630924,246.00000000000045,30.568833258013466,0.9318468879138462,1521.952096089464,3595.1224245657663,183.40997889517826,2.2674073766076344,28.668601723455428
S-S2,2000.0,24296,26576,2050.8963368816694,228.00000000000045,32.38257374023682,0.9202135250210245,1629.0453792488615,2299.6090406357257,52.3305044274657,5.048847816746402,115.77073757947542
S-S2,2000.0,24477,28006,2015.68977336414,352.9000000000001,20.562434639022108,1.0106593098085908,1757.8763464857116,3229.1012638274347,326.00861312920233,3.486471091551103,350.9624139409298
S-S2,2000.0,24656,28097,2007.7720043835434,344.0999999999999,21.005461248999588,0.9690105224599922,1835.8436955936556,3538.126294671952,263.77481112220795,3.3863965101011027,193.38061136795244
S-S2,2000.0,25496,28366,2031.0835946810112,287.0,25.47700676254927,0.9781895007155273,2012.666174035507,436.72412597774917,121.23666806170539,4.9036054008857395,74.3240053264064
S-S2,2000.0,25856,28726,2072.843044814281,287.0,26.000818680597252,0.8,2050.367623473951,1227.674607816628,97.65414207030388,2.2675217312779155,331.7312830158709
S-S2,2000.0,26037,28906,2016.724948292027,286.9000000000001,25.305715628620757,0.8,1986.9622402723855,1160.1720030792653,46.86352262474148,2.161824014175918,360.7234316254605
S-S2,2000.0,26216,29676,2038.0035565223843,346.0,21.204661281735792,0.8469684569685688,1914.768070483439,1290.2959277657437,133.77918566082286,2.2034217444696877,164.16913852967798
S-S2,2000.0,26396,29946,2110.8127267714335,355.0,21.405424834865244,0.8797399720372018,1984.3842518344898,1588.820429569776,158.56952358192078,4.862715091863375,114.71909463670643
S-S2,2000.0,26576,30126,2079.0862073292847,355.0,21.08369111657866,0.9557035826921708,1927.1613450063287,1435.9212874592345,187.82247329805634,6.422651207274173,87.12588725588935
S-S2,2000.0,26667,30306,2024.1529575933637,363.9000000000001,20.02459644774968,1.0601704648205443,1864.9008153663087,1734.6953861530158,377.1993471792732,5.2506509222559385,488.7126265622919
S-S2,2000.0,28097,30576,2106.7876364603835,247.9000000000001,30.594737762232263,0.8,1928.83983701435,1892.6347802104672,46.653458202175436,9.525996882922595,371.36553006191474
S-S2,2000.0,28276,30757,2024.0560375119458,248.0999999999999,29.369616021938764,0.8,1852.0776640347644,2385.335872667604,140.19707651949315,7.964027938537055,292.88166008828176
S-S2,2000.0,28636,31136,2015.865409132839,250.0,29.02846189151288,0.8,1843.6190758343653,2260.608489082766,66.71813889014719,8.199118217914675,349.6222709276682
S-S2,2000.0,28816,31496,2070.1861279960176,268.0,27.80847037606591,0.8266797645523378,1851.9981677541762,1980.6385318612017,424.4242204761361,9.629310650807989,10.308794862155095
S-S2,2000.0,29587,31676,2009.4311859630834,208.9000000000001,34.62878061018237,0.9095692898777257,1852.8881362205827,1429.5533142905183,309.2176517192244,18.38049414728598,97.87891062259222
S-S2,2000.0,29856,32646,2035.93483478067,279.0,26.27012690039574,0.9885832932262741,1854.684868539454,1377.931794903148,456.41213309246405,6.625283905332656,427.8990887279977
S-S2,2000.0,30036,32916,2036.6434125979904,288.0,25.45804265747488,0.9074103919519902,1734.6136139070202,2853.3597648874234,484.66917337956414,3.5387472846096664,266.60004113451043
S-S2,2000.0,30306,33436,2061.2423160011276,313.0,23.707579353367603,0.8234322564210725,1717.9260149915115,1200.5378151715308,395.8750927163421,3.809479898994661,38.64304900071241
S-S2,2000.0,30487,34636,2036.3505416263506,414.9000000000001,17.668985176801304,0.8973380893444771,1660.0404885732894,1175.3753438279846,481.9313038083478,23.0505882508968,299.24291116503696
S-S2,2000.0,30757,34996,2007.4583271469892,423.9000000000001,17.048478362182493,0.9507961350211057,1501.6979955201432,1979.5719231808378,469.293706499011,27.14225218631998,348.75119860614154
S-S2,2000.0,31136,36226,2029.2598151233105,509.0,14.352328751363297,0.9271450939765065,1416.8734892738046,2170.5770826333855,419.64125358986,31.192284910916534,243.49480206436596
S-S2,2000.0,31496,36677,2015.5654324087336,518.0999999999999,14.005086965202553,0.8,1488.3383174745902,2432.5483069014576,240.33670558165866,28.49041080766457,182.98797078167252
S-S2,2000.0,31676,37036,2082.3406134693178,536.0,13.985869791958105,0.8,1626.831044995998,2472.1627250544593,339.911380157311,27.418954251030527,139.27143393118877
S-S2,2000.0,32466,37306,2001.262610492926,484.0,14.885424375567219,0.8,1422.5671037063055,2192.1199990223363,302.14504528829195,15.411101656772724,141.33245145261264
S-S2,2000.0,32826,37666,2105.3419385797533,484.0,15.659568138196514,0.8,1354.8595541991826,1875.8779912765522,374.3599086741476,134.08705565779044,94.54289940047583
S-S2,2000.0,33346,37846,2021.5489416751807,450.0,16.172391533401445,0.8295260813721397,1249.6229052768801,2320.2522739092055,367.0115273665231,136.51641330868574,16.977640245866425
S-S2,2000.0,34547,39138,2138.662940514998,459.0999999999999,16.77017335189282,0.9154716821811549,1349.0120825249116,2702.155037437959,342.0492801458712,106.18991301042783,141.35151140142636
S-S2,2000.0,34816,39586,2034.5363760023392,477.0,15.354991516998787,0.9736043580049979,1019.5912732325977,1468.2306561317869,493.2706984495409,103.80711109354337,493.2706984495409
S-S2,2000.0,36226,39857,2034.4944717197068,363.0999999999999,20.171247860619516,1.006581317838967,1029.8867232202488,1013.1748785517416,481.0240515637607,103.60252143988843,481.0240515637607
S-S2,2000.0,36496,40126,2057.0203785181584,363.0,20.40020210100653,0.8638750055088343,1140.8457079834682,1206.8765779889611,486.0520925888267,105.43021828450671,342.494325027332
S-S2,2000.0,36946,40396,2050.3546995124234,345.0,21.395005560129636,0.8,1209.9799403424415,2084.5664315530557,479.96661711223373,110.47950884550333,127.45376329496975
S-S2,2000.0,37306,40916,2022.1491764012644,361.0,20.16547655136995,0.8,1260.3688241853856,2634.296268104412,498.3017432208864,108.47126525071563,40.43815065159664
S-S2,2000.0,37576,41367,2043.1320099302502,379.09999999999945,19.40193942429151,0.8,1421.9346746713686,249.11435363005884,494.0850204536032,12.76482408828396,15.926331364637766
S-S2,2000.0,37846,41637,2089.6061829654136,379.09999999999945,19.843266311462674,0.8312475618720699,1523.0065402442167,2651.754568679573,464.37898706215213,13.71508776785195,32.40918778918259
S-S2,2000.0,39046,41908,2120.7880437636013,286.1999999999998,26.676579166837772,0.8,1585.766730393407,1190.7352645260241,365.11802005794516,15.265838779180084,135.07358795257593
S-S2,2000.0,39496,42356,2079.3594010322668,286.0,26.173754698308255,0.8,1722.855489651789,3659.8954233508402,491.39697711813653,11.398553209192896,11.533335350639788
S-S2,2000.0,39857,42716,2029.1012584189266,285.9000000000001,25.55006831167588,0.8,1891.0129869854352,878.9512444336567,485.8816829411181,11.788609245594145,31.309494867063396
S-S2,2000.0,40126,42986,2056.589544495091,286.0,25.887141119518628,0.8,1743.751684315689,1859.4899157438333,452.2977958742375,15.904438190170586,52.61466805775548
S-S2,2000.0,40396,43256,2047.3038336964964,286.0,25.770258046529325,0.8,1558.8771595258463,1705.7948118594934,468.4019412622491,13.318746252605312,37.525108800306235
S-S2,2000.0,40576,43436,2060.3693606953675,286.0,25.934719225536096,0.815698352088651,1478.2880525465628,2622.5122072349104,482.42025557579325,9.250732942948177,82.09371205675359
S-S2,2000.0,41367,43708,2285.1111732331483,234.10000000000036,35.14053918684033,0.8284407709152347,1742.479026389659,1083.444524748208,275.44067693865014,8.99269326170953,165.34397202664815
S-S2,2000.0,41637,43886,2091.5949958102756,224.90000000000055,33.480400110791344,0.9071426262748287,1689.672974019729,1518.9911645632012,402.2506613903214,7.934429066689524,169.94459884320716
S-S2,2000.0,41908,43978,2040.878958692032,207.0,35.49354710768752,0.9004070102755672,1701.4982579023658,1423.2954976563417,259.8395521178518,7.499814127749771,29.97643328031941
S-S2,2000.0,42266,44456,2122.672162131221,219.0,34.893241021335136,0.8,1822.1502697757378,1399.098461261097,171.63266414209502,9.123914305018692,288.8778545098433
S-S2,2000.0,42536,44547,2156.645161375436,201.09999999999945,38.60727290378713,0.8323495902925626,1881.5635837547775,411.44764692724004,27.03837250535835,6.880092606865653,383.73741788782047
S-S2,2000.0,42896,44727,2039.761368858326,183.09999999999945,40.10453810972144,0.8,1823.9926275331793,1918.0976558554014,66.20406481580967,5.475874172126605,460.4204107853093
S-S2,2000.0,43166,45206,2083.7172396086135,204.0,36.77148069897553,0.8,1948.5088379178212,2110.7220706663616,143.773156953327,3.4297256735198163,530.4936688295878
S-S2,2000.0,43436,45666,2026.1592808461573,223.0,32.709297807381915,0.8,1985.806570453696,2114.7387495707458,186.43430605398197,2.308583344991748,553.7503998370588
S-S2,2000.0,43616,45847,2082.5384689559432,223.09999999999945,33.60438587288846,0.8133262985263541,2056.8742292561815,415.17084169651406,342.31166257883086,1.9066352654841108,665.2777674027761
S-S2,2000.0,43708,46207,2006.8804473371638,249.89999999999964,28.910642698734694,0.9299092136470676,1988.808797800218,183.65504418139943,42.12148418005804,1.6305771322932452,179.79164059205655
S-S2,2000.0,43978,46386,2001.9940908420795,240.80000000000018,29.93014421524701,1.0266990182932914,1980.8894663532203,391.9214255493255,88.49053365618532,3.0219755055359423,37.37842579151911
S-S2,2000.0,44366,46476,2004.5313243837663,211.0,34.20053444446236,0.9844880013110975,1982.8916310533539,364.66238827511,261.60389598398945,1.9518584809239177,288.630512439968
S-S2,2000.0,44547,47286,2013.6389577248337,273.90000000000055,26.46622945530992,1.1918634119385245,1649.5440471756867,790.1453290691998,42.33109739370754,7.971591454477946,334.38101269205043
S-S2,2000.0,44727,47656,2002.7866966531365,292.90000000000055,24.61601948771348,1.1885236157933965,1556.8502084093848,942.7663432059541,22.883875900995026,11.12222505127696,348.301748470068
S-S2,2000.0,45116,48106,2008.3688541649317,299.0,24.18102968225336,1.0944100465286701,1337.906162987245,960.4207210361991,121.42002026658082,6.481049165362979,321.8824229439045
S-S2,2000.0,45576,48286,2102.5564875352757,271.0,27.93063968681547,1.142229122598758,1437.309933877173,605.5142683498057,67.84585154728045,10.181943054813328,375.09484552406116
S-S2,2000.0,45847,48556,2105.2505116048815,270.90000000000055,27.97675098478242,1.2210234690541515,1445.9882633731197,1287.639534010705,137.51509041498196,9.598560316734895,466.33983872685485
S-S2,2000.0,46207,48647,2037.3429589386542,244.0,30.05915841057031,0.975816129953927,1379.738659051926,1567.0376449215266,61.976358763701924,10.051238246276146,109.46737965257743
S-S2,2000.0,46386,49186,2132.443838915093,280.0,27.41713507176548,1.0579296345325053,1439.9628023343885,2400.0010372780257,86.37567337407832,10.877697317823028,214.2663304061731
S-S2,2000.0,46476,49186,2019.396997808315,271.0,26.82593797826544,1.064052421739369,1326.916782658634,2322.1670552223304,142.68064639684675,11.057377289476713,280.47152237022516
S-S2,2000.0,47016,49366,2175.2444823020014,235.0,33.32289419696683,1.004635511874019,1613.3075635479413,623.8977915709539,243.34663575430864,342.0714124548437,252.97229432784806
S-S2,2000.0,47566,49456,2140.7996907196066,189.0,40.777136966087745,0.9609213660296023,1887.1264504829064,1983.6695113681672,215.90362118728353,6.93498312350374,290.9706318628074
S-S2,2000.0,48016,49546,2088.887186022097,153.0,49.1502867299317,0.8056702593333487,2029.112053940552,3361.8032286734874,377.4875624089245,9.254073989436966,707.3422828982159
S-S2,2000.0,48286,49816,2084.5384178085296,153.0,49.04796277196541,0.8202553082586932,2033.3933409568012,1484.3764181668982,346.9804307660797,4.314820447285865,659.2468055177857
S-S2,2000.0,48467,49996,2083.604007516471,152.90000000000055,49.05804072635232,0.8395458573327353,2020.7857546801683,1380.2475917669826,342.50304915012066,2.2137870250927913,618.2400842788949
S-S2,2000.0,48647,50087,2001.8957250894928,144.0000000000009,50.04739312723701,0.9906334206169506,1943.0771847557262,1574.564958293599,320.1536045257529,2.7815200747462745,335.4929682387419
S-S2,2000.0,48826,50356,2098.5369604972548,153.0,49.37734024699423,1.016887180682712,2058.4214445255893,2948.6423503968963,168.3798355468841,6.546207754593039,138.00292741058706
S-S2,2000.0,49186,50536,2061.722626599523,135.0,54.97927004265395,1.0613377477830281,1984.657296491231,545.7582790740968,180.12485356772677,8.696472417247424,64.61132157761595
S-S2,2000.0,49366,50806,2004.4702851901602,144.0,50.11175712975401,1.2258046484320242,1904.3601403244456,620.2229664344076,9.30065237411108,8.488018793646685,447.96990174124505
S-S2,2000.0,49456,51076,2019.8873844234695,162.0,44.886386320521545,1.2479387942672322,1921.8313438900454,354.551530256882,72.06169191432495,8.356323094553469,487.9836740582917
S-S2,2000.0,49546,51666,2022.4434814606138,212.0,34.34337987385948,1.25,1737.814474419974,777.36220309792,222.72851274974195,4.043207987990963,493.30215767460743
S-S2,2000.0,49726,51936,2164.7370378314154,221.0,35.26268477915428,1.25,1866.636221274009,792.0410847247357,226.45804923159872,21.761439140319283,476.99970949734836
S-S2,2000.0,49906,52027,2121.5438155883094,212.10000000000036,36.009230250438,1.1854503889366017,1840.2521080822107,205.95472239637516,158.26991073306482,21.568620419755465,480.0200102148231
S-S2,2000.0,50087,52206,2207.3582168589564,211.89999999999964,37.50113063092146,1.205959232302903,1938.2030629865696,738.8317223170368,94.64899541917401,20.97502020207692,473.5313093359635
S-S2,2000.0,50356,52297,2194.5853499648074,194.10000000000036,40.70328315236111,1.1317805319105583,1922.853903776864,1732.909307790737,122.05831603498157,24.661316552631913,147.8262996088397
S-S2,2000.0,50536,52386,2132.998147567174,185.0,41.50699097968555,1.0206196895775708,1879.829168896184,2086.573089822443,196.09621136101734,27.965977256776938,156.74231714527986
S-S2,2000.0,50716,52477,2060.238550770853,176.10000000000036,42.11731279258976,0.9466309568329061,1822.9990321688,1689.9186813857254,228.6716586728107,22.03640215597668,325.1417770478677
S-S2,2000.0,50897,52656,2129.886918345379,175.89999999999964,43.590636191264245,0.9654925802987582,1882.3835086126508,1252.8419306434375,195.39367973276853,30.19597217582381,261.1071987960553
S-S2,2000.0,51376,52746,2197.5467112065817,137.0,57.74575299520945,0.9349018833352787,2030.1771205969912,1335.7747462448965,385.94207273684987,23.584067674231864,502.4189674097857
S-S2,2000.0,51846,52836,2167.7806270004075,99.0,78.82838643637847,0.8483281381293216,2111.902220351182,1579.4978062569426,638.8592026519192,6.16066564864347,870.6868435316269
S-S2,2000.0,51936,52926,2211.5114487141254,99.0,80.41859813505911,0.9001416088818907,2183.5596482156766,1736.0437775621128,674.0031042106655,7.160703748570399,827.2302507823279
S-S2,2000.0,52116,53016,2097.6015198983587,90.0,83.90406079593436,0.985723726429315,2071.207932877759,848.1204203008343,634.0184773066406,6.488306393398572,653.999147893297
S-S2,2000.0,52206,53106,2122.826007386473,90.0,84.91304029545893,1.1274731009557628,2076.711585915438,751.8667532911413,654.3687313787038,7.412928507666396,476.056590590171
S-S2,2000.0,52297,53196,2156.153337904514,89.89999999999964,86.34206914856821,1.1700900439142596,2094.729658216105,771.9198999747189,700.1582298799907,3.984967237564317,452.017735624256
S-S2,2000.0,52477,53286,2048.5045066497696,80.89999999999964,91.15718447390857,1.2274541916698578,1978.2454315930277,670.9040641249682,738.0492380771025,4.535609992642355,439.36127739114784
S-S2,2000.0,52566,53376,2175.2900145373787,81.0,96.67955620166127,1.1732722178607635,2103.7516618527447,852.5029896097411,880.8453020026654,4.186152681349377,655.8500691394639
S-S2,2000.0,52656,53467,2081.8614905788345,81.10000000000036,92.41308712803664,1.196003906981261,2020.3842804861315,859.3214818922643,810.3522320070614,4.430193445070299,560.2837088667624
S-S2,2000.0,52836,54006,2068.40011876051,117.0,63.64308057724646,1.25,1938.4994289297413,530.4550283629688,315.71851684814345,3.8442975517797806,16.02109791994205
S-S2,2000.0,52926,54276,2029.085894631753,135.0,54.10895719018008,1.25,1740.1525261155803,167.0135890735265,189.74976583983337,7.791907969166704,205.23747467158938
S-S2,2000.0,53016,54546,2018.899727343778,153.0,47.50352299632419,1.25,1395.8608226811973,1143.7216789377862,138.48624648695449,6.17628544260296,327.7180444550365
S-S2,2000.0,53106,55156,2048.7863674826804,205.0,35.97868742896414,1.25,1253.2593793905216,1462.1566654103608,254.1173106830915,23.178201734553873,488.3259047708984
S-S2,2000.0,53196,55426,2007.9670642421697,223.0,32.415611799425164,1.25,959.5706914324691,1609.5736404449062,450.58640247614994,25.447070948947616,489.42683657323664
S-S2,2000.0,53286,55876,2030.93262497276,259.0,28.22917934325072,1.25,670.378702002408,1774.2266408460252,484.5147178231665,25.664115176561374,484.5147178231665
S-S2,2000.0,53376,56326,2079.237627581453,295.0,25.37374731963807,1.25,401.1903991187464,2211.919764875781,488.22720005330245,24.629537245171765,488.22720005330245
S-S2,2000.0,53467,56506,2044.8938491143563,303.89999999999964,24.223816573911456,1.25,348.2805233529008,2325.583000302421,491.49518270964757,30.609707235672946,491.49518270964757
S-S2,2000.0,53646,56776,2029.8930227114906,313.0,23.347012401793503,1.25,217.93254468735947,2477.91578994292,493.71104561222654,31.61525847791278,493.71104561222654
S-S2,2000.0,54006,57226,2023.1870677519328,322.0,22.619482745052665,1.25,644.0466594896841,3223.9973187561322,493.2772949710476,493.2772949710476,493.2772949710476
S-S2,2000.0,54366,58176,2154.321147900664,381.0,20.355790373864544,0.9786975099399261,999.5399532438348,3429.497816609119,468.3327779176433,8.655560415237026,468.3327779176433
S-S2,2000.0,54796,58266,2095.366672586948,347.0,21.7386744130058,0.8,1211.1329774493915,2871.203243508247,482.137876384608,11.559588453908207,142.87843253396122
S-S2,2000.0,55156,58356,2008.5183880337208,320.0,22.59583186537936,0.8,1213.947069826158,2329.3338596200006,472.2948254949077,9.606772426289263,5.116448730897833
S-S2,2000.0,55517,58536,2035.4327542519386,301.89999999999964,24.27147371747926,0.8,1272.544681800336,562.325380855169,357.9070889703582,19.76809892807928,121.03288429804424
S-S2,2000.0,55876,58627,2066.998310621784,275.10000000000036,27.049050956882635,0.8,1318.352409073676,556.3129481750722,127.73173868886401,34.84312254032201,303.09266040093695
S-S2,2000.0,56326,58896,2118.9796999160753,257.0,29.682205913221292,0.8,1723.9831942937383,2990.9391180744074,68.45011030628663,31.669494047613384,370.9812129340073
S-S2,2000.0,56686,58986,2122.5075689185105,230.0,33.22185760046364,0.8,1818.12286798125,1948.8033668059213,155.616109632492,45.28823751185,554.2150628738109
S-S2,2000.0,57136,59076,2066.980954979241,194.0,38.35634761817148,0.8,1805.2547870300298,1466.2978981282658,139.8781998263252,138.04264734424774,497.6930626597274
S-S2,2000.0,58086,59167,2272.4305531620194,108.10000000000036,75.67761324128809,0.8,2180.75015078179,734.6782104288533,821.9189445791492,26.9017919915546,1117.193337278066
S-S2,2000.0,58266,59346,2184.422267888287,108.0,72.81407559627623,0.8259926408905761,2101.4602897280047,626.1648833331842,725.5360115005161,25.199115176914468,983.2608180362945
S-S2,2000.0,58356,59346,2026.4885684472465,99.0,73.6904933980817,0.8941474658801964,1954.4986531204966,1011.2156898836951,695.9104569399219,24.82289590895911,839.0327625763589
S-S2,2000.0,58536,59617,2105.545017650067,108.10000000000036,70.11990808085307,1.0230009531305098,2040.2433440037619,1226.8152100431432,773.401848038385,18.537041832319325,742.5047146861685
S-S2,2000.0,58627,59886,2064.949389948619,125.89999999999964,59.04541543935703,1.1400722911281853,1841.8746286254425,1608.4887431437053,369.20668695176846,9.122850342856859,193.95908012914904
S-S2,2000.0,58896,60466,2006.2116170062072,157.0,46.002304593772905,1.1579621679589682,1376.2045216985653,1014.9110977836219,221.88056019854474,150.23814673767575,167.57337494289095
S-S2,2000.0,58986,60826,2003.3624832952191,184.0,39.19622249925429,1.2211099440208326,1273.2540067017503,1250.3462689386702,209.46065618349363,205.89877508913582,490.53382561533044
S-S2,2000.0,59076,61366,2012.3099349346376,229.0,31.634566662727927,1.25,1109.957793334294,1194.8831246173947,317.17892612310965,197.69575720640293,493.38513097460907
S-S2,2000.0,59167,62277,2049.916884895967,311.0,23.72894143287936,1.25,799.5844150778366,1075.3585291215222,458.04761357603235,205.9645803433373,458.04761357603235
S-S2,2000.0,59167,62277,2049.916884895967,311.0,23.72894143287936,1.25,799.5844150778366,1075.3585291215222,458.04761357603235,205.9645803433373,458.04761357603235
S-S2,2000.0,59346,62636,2011.6133211954657,329.0,22.011574335269533,1.25,753.3622681688253,1180.1483660110614,485.30552366090274,206.95997192914243,485.30552366090274
S-S2,2000.0,59526,63086,2010.894302610439,356.0,20.33488620617298,1.25,391.12110579444806,1138.1068268071274,488.83694786992686,199.7327041566636,488.83694786992686
S-S2,2000.0,59796,63446,2034.780991500309,365.0,20.069072792879762,1.25,495.7809117265988,1340.3292137130989,487.2400324164045,196.05713235436306,487.2400324164045
S-S2,2000.0,60066,63716,2102.7087374612165,365.0,20.73904508180926,1.25,915.1955867123181,1609.496096798446,476.20877966339566,196.93136406767294,476.20877966339566
S-S2,2000.0,60557,63896,2038.9585864675537,333.89999999999964,21.98338098617311,0.8,1005.6655915012351,2557.718361682269,492.5915332010102,24.737820073105276,64.44464403427385
S-S2,2000.0,61006,64256,2042.6337701586672,325.0,22.62609714637293,0.8,656.291921250479,3044.1780222414686,487.87272960665115,8.548329943960143,69.21212690951303
S-S2,2000.0,61726,64706,2035.5857179299637,298.0,24.59096840452305,0.8,589.1352515323214,2189.5512689186994,484.157158312632,13.454763978945056,70.63670547846635
S-S2,2000.0,62277,65156,2065.17350712412,287.89999999999964,25.823635379113725,0.8,430.2422096169546,2317.051823029411,476.8503707204495,14.31964429801746,29.344883518239847
S-S2,2000.0,62636,65336,2033.5473770737663,270.0,27.113965027650217,0.8,424.07734788879714,2082.773138034793,435.8173909086338,14.603872044274276,60.5769052008877
S-S2,2000.0,62907,65606,2041.1170999421374,269.89999999999964,27.224977991077083,0.8,820.2168662913067,3054.113175408821,486.3304369262231,10.67718839588368,27.00914950454451
S-S2,2000.0,63357,65876,2011.3160251817462,251.89999999999964,28.744492618714954,0.8386523195681922,966.4655318664893,3258.1898223053554,488.7895193949623,21.88317683512943,99.10154302581549
S-S2,2000.0,63626,66237,2011.0541704032075,261.10000000000036,27.72805443681171,0.8201082212484259,962.0757152904187,3001.6405786236255,487.9334476737232,27.53768108435162,118.58123713215568
S-S2,2000.0,63896,66596,2008.6177942858194,270.0,26.781570590477592,0.8541754485008912,709.6016683705035,2344.120354420865,493.3726029306289,19.66142992075834,257.28041161290906
S-S2,2000.0,64166,67146,2090.349776714451,298.0,25.252547638161154,0.8031853395562425,743.2527553467911,1771.8908495222247,483.3530491591243,22.423804010411114,100.95345732772088
S-S2,2000.0,64706,67326,2058.872814291957,262.0,28.28985546355361,0.8155263963153139,1042.482908310277,2597.8126823050034,479.3643823304523,31.893577811344347,69.50231496538113
S-S2,2000.0,64887,67416,2005.6028442944516,252.89999999999964,28.54950668034811,0.8496530687491517,1111.0313394433053,1229.1614898422715,472.7892986554074,21.614821141976105,215.5084241469676
S-S2,2000.0,65246,67596,2037.0575325439859,235.0,31.20598773258872,0.8064486952302135,1146.8817178226784,2363.7769534842696,471.3690590301618,17.57692807764642,24.532255974460675
S-S2,2000.0,65606,67777,2114.4351485031,217.10000000000036,35.06202917831022,0.800484795762164,1382.201904954143,3198.792634132062,317.5990626589268,16.990019233423737,170.99622287063747
S-S2,2000.0,65876,67956,2041.9090470880983,208.0,35.34073350729401,0.8,1425.1011443704372,2835.9211678514944,399.3740713049713,11.804490478008516,91.22852672780051
S-S2,2000.0,66237,68136,2068.3092738357736,189.89999999999964,39.2096544802991,0.8,1584.4164076420493,1868.9259783268242,303.97434012662177,5.815241984595091,169.91403464458435
S-S2,2000.0,66506,68317,2108.02486684997,181.10000000000036,41.904414802097605,0.8,1962.4516130633845,4177.316350829245,251.78835539164504,10.66295890822658,221.95976592283978
S-S2,2000.0,67146,68586,2088.2191782519585,144.0,52.20547945629896,0.8,2064.4919079907854,984.1684419911895,218.77537530487166,3.486861314846519,242.17253851840627
S-S2,2000.0,67326,68766,2025.5504686766217,144.0,50.63876171691554,0.8338596757359014,2002.424056810093,912.2703148321191,224.98010187116918,2.3869258012156047,149.1605822682493
S-S2,2000.0,67416,68946,2067.962042055471,153.0,48.6579304013052,0.8529164126598454,2005.595672522108,1005.8248298360788,240.87177744443622,3.7362656188073124,98.05641001286922
S-S2,2000.0,67596,69127,2009.790312089579,153.10000000000036,47.25829603868365,0.8604384552762363,1923.956030704307,1396.830545343476,173.89139595527092,3.6800038379768805,130.85723162674375
S-S2,2000.0,67777,69577,2036.5032797333624,180.0,40.730065594667245,0.96938682406403,1820.222935532131,1085.6295598944516,359.4582030934821,3.2926695795979275,286.0123711701272
S-S2,2000.0,67956,69756,2050.5982588655243,180.0,41.011965177310486,0.8809333498396378,1798.32132531176,1014.9097877096352,255.091161367326,7.484688356351886,20.974575526528252
S-S2,2000.0,68136,70027,2025.0823887461738,189.10000000000036,38.55259967999054,0.9019318770328528,1758.1658651537891,1001.0664333309566,337.2012381397857,9.37074973400359,104.67109142771154
S-S2,2000.0,68317,70296,2039.8436550207625,197.89999999999964,37.10680726667387,0.9273536003373043,1726.0350981443748,1337.4391744691648,351.23719035000306,8.60739255135489,176.93636109799743
S-S2,2000.0,68496,70567,2029.083838920138,207.10000000000036,35.271375278186795,0.8978023146971646,1669.546942949265,1396.445191931046,335.2218238390337,1.8812175203865575,93.42968581133778
S-S2,2000.0,68677,71127,2044.181900194737,245.0,30.036958533473687,0.891449341066623,1474.9100330692424,1095.3969702387542,348.28103194963245,7.0246809470952885,89.28862450788067
S-S2,2000.0,68856,72606,2076.0846221136453,375.0,19.930412372290995,0.8998366910634689,1262.5936587502076,1087.2638699069792,436.98598646457026,3.9783384550545597,185.57088533706442
S-S2,2000.0,69127,72967,2027.3261629023182,384.0,19.006182777209233,0.9279682719646988,860.5774419739898,1069.729020829782,480.31509153682066,9.65154199247607,307.36709494961696
S-S2,2000.0,69487,73326,2036.466885844704,383.89999999999964,19.096850192865176,0.8740079143851138,703.8750280247259,1740.1108068529693,435.9247634730844,16.655098012001243,126.52137954080769
S-S2,2000.0,69666,73507,2072.000962936334,384.10000000000036,19.41995174842696,0.880447329542578,742.628684387627,773.4745663351466,414.1553046519516,17.447183999222077,119.01399974984504
S-S2,2000.0,69936,73867,2105.9264130185184,393.10000000000036,19.286021589587026,0.8331927989899727,776.1469761084663,780.7799704458681,395.50753817630067,18.73867498258516,19.61804534243637
S-S2,2000.0,70206,74046,2143.6263330597285,384.0,20.096496872434955,0.8091745907952803,781.9483548630343,1970.6339745259797,235.24227585278445,19.310581064198686,212.93935495136537
S-S2,2000.0,70476,74227,2036.3775172752357,375.10000000000036,19.54401242919446,0.8391615128950621,573.8683919783499,1636.3278141897113,267.0054286427496,23.689934859019694,85.9023430807256
S-S2,2000.0,70857,74677,2029.8502539946348,382.0,19.12947883345729,0.8328756268553809,555.1943611400618,796.6470948505458,370.7111023023436,57.20788082570191,19.245543159012044
S-S2,2000.0,72517,75126,2027.0483018928935,260.89999999999964,27.970003399058744,0.8,588.4646956599947,882.517672748387,359.8079000151863,58.91122018474023,104.0539843401755
S-S2,2000.0,72967,75396,2122.232183309461,242.89999999999964,31.453420584248956,0.8022330319416979,980.3681856534984,2074.7606131481484,336.3986567260623,59.891280270896225,137.80724758013167
S-S2,2000.0,73236,75486,2078.9286712784524,225.0,33.262858740455236,0.8147905622788383,1216.4187051962065,2620.72528906124,279.0152650880911,51.948891498212134,147.83443417745391
S-S2,2000.0,73507,75666,2093.913223920914,215.89999999999964,34.914717953289966,0.893977032997982,1445.2893361032911,3085.0749918178153,233.1278672013577,50.92585443655935,9.902082131133191
S-S2,2000.0,73776,75757,2069.376092777886,198.10000000000036,37.60602692579695,0.8585788899146821,1462.5625166242892,1713.269062826752,78.0440302382519,50.408849112424505,218.44160905678817
S-S2,2000.0,73956,76297,2042.088522605518,234.10000000000036,31.403326276718722,0.8977682155500166,1397.4588839980288,2882.3212418173543,264.7253289531763,58.2277079267033,34.91333976026477
S-S2,2000.0,74137,76766,2002.0306249429195,262.89999999999964,27.414645301614758,0.946703049348523,1171.8810406082957,1473.5318407743935,347.7760820423454,39.47065690637949,224.64355783153766
S-S2,2000.0,74587,77306,2031.274010446723,271.89999999999964,26.89439660760652,0.936968824353306,902.2601965942611,2908.2255744154613,273.8254033565868,15.807706760321189,127.55778538337181
S-S2,2000.0,75126,77926,2052.8953251673884,280.0,26.39436846643785,0.8078266551195118,1025.4560690936348,2454.2762687591157,330.7673007041306,8.725332542776814,125.52247386468348
S-S2,2000.0,75306,78196,2092.0255464522925,289.0,26.059833796637555,0.8,749.5929255250306,1941.1770511535904,335.05056808652074,4.687813089477114,145.77448844567175
S-S2,2000.0,75486,78466,2099.2983495381486,298.0,25.36065120247428,0.8382515794415728,367.5117799337739,2302.369508186409,379.32373487299424,14.993998008053843,21.519308953467757
S-S2,2000.0,75576,78556,2046.25964398231,298.0,24.719915162202405,0.845296229891366,251.72859000306678,2299.813561104657,387.9715971604806,9.320424871487086,12.874285478943463
S-S2,2000.0,75757,78916,2021.9188131182818,315.89999999999964,23.041809836105802,0.9812459165072503,115.87039145041507,2470.227887554926,429.1869324642257,11.68775930609011,383.4310620221454
S-S2,2000.0,76116,79296,2003.0913693286493,318.0,22.6765060678715,0.9242730230901626,115.62966399782249,2399.8118507058452,363.00860798007983,8.946372121584563,184.31566131142796
S-S2,2000.0,76766,79747,2029.0071067821045,298.10000000000036,24.503272674993518,0.8885465305530912,273.08221526153807,2264.5262321232235,279.1611321396791,9.445560926693211,23.13450822807439
S-S2,2000.0,77306,80016,2013.399008622262,271.0,26.74625989313706,0.8,615.0475963144673,2558.644539114828,244.529487347698,16.868084968028757,179.18876291956124
S-S2,2000.0,77926,80376,2028.5032107418156,245.0,29.806577790491986,0.8,688.3037966208501,2003.8547543816742,84.92170686896048,14.017218589281907,302.65606505298604
S-S2,2000.0,78107,80646,2031.380744900045,253.89999999999964,28.802562747696623,0.8,552.0265392349089,1984.2620945849053,150.67040027531067,14.958840055450429,98.97143734575695
S-S2,2000.0,78287,80917,2033.8433975803418,263.0,27.83968148779175,0.8246898915793988,539.5367055135797,2556.08500063776,182.59233485453447,8.401288048545785,116.20523817568176
S-S2,2000.0,78556,81276,2046.3181813988485,272.0,27.083622989102405,0.8304617812158377,1069.8622125506356,2690.670568521598,190.57993191139894,13.507187521048959,184.4670806297273
S-S2,2000.0,78736,81547,2008.4372207564084,281.10000000000036,25.721714673507865,0.94532598137564,1216.9574191085233,2898.3488992989387,302.76955602302763,14.281923574701297,175.6275507057726
S-S2,2000.0,79296,81906,2001.67242276248,261.0,27.609274796723863,1.0105057240687476,1194.8275786243794,1682.5305299981937,372.3090366034015,12.89980994006401,397.3733034144001
S-S2,2000.0,79747,82357,2049.4770437408006,261.0,28.268648879183456,1.0137253463721705,1085.6997275652964,1349.0218113023025,464.0293695760597,4.52397937545179,486.76344877482563
S-S2,2000.0,80016,82627,2111.0534553611433,261.10000000000036,29.106826653772902,0.8982779982671407,1117.4847344310995,2655.2463508742107,374.2841224858436,4.9419504042352,121.02187841168922
S-S2,2000.0,80286,82986,2014.1671031335281,270.0,26.85556137511371,0.8871697699842652,974.7311139481683,1138.7557858910725,458.3356901636826,4.130073519269362,178.90445812404351
S-S2,2000.0,80646,83346,2073.3012292900676,270.0,27.644016390534237,0.822487752215569,845.597297593523,2738.0971332341246,400.5565493187164,9.19128598240477,40.22506255646679
S-S2,2000.0,80917,83526,2002.0461821894278,260.89999999999964,27.62501439586796,0.8522566028853329,802.5404877315611,2531.0107223454424,442.7839491555269,13.158673366897043,79.63607217809083
S-S2,2000.0,81186,83797,2095.370822943936,261.10000000000036,28.890597328985677,0.8473506194158202,361.8741492041799,2419.466505639656,416.9003800839238,15.743981990315165,31.467783931342016
S-S2,2000.0,81456,83976,2090.0458649753273,252.0,29.857798071076104,0.8362706683437366,405.8543399109095,2577.6769366955587,360.6732195971643,14.244694916088886,42.77496483816719
S-S2,2000.0,81906,84246,2081.3232426783143,234.0,32.020357579666374,0.8058685325667426,609.2845216726826,2914.4404076121887,302.7305057588217,13.166993549794606,159.73114249033043
S-S2,2000.0,82266,84426,2023.0269442309655,216.0,33.71711573718276,0.8,1003.4221496606388,2904.6664050842123,222.06127545908913,10.761464756940708,227.34051659779865
S-S2,2000.0,82627,84787,2019.1089448001148,216.0,33.65181574666858,0.8520159452581835,1307.674393528755,3503.979406641617,385.3932153281808,16.027901694700308,27.39537569652403
S-S2,2000.0,82986,84877,2007.0970611580924,189.10000000000036,38.21020317381871,0.8147968541950645,1458.9856016493534,3261.4298141920767,264.02821411863306,13.74592584557848,159.1141859911486
S-S2,2000.0,83256,85146,2014.4038655755066,189.0,38.36959743953346,0.8449528951855877,1272.9441350788893,1737.7844343199738,257.4438385377973,18.92847897302463,95.07269093259708
S-S2,2000.0,83526,85507,2056.7296739748854,198.10000000000036,37.37620810857938,0.8625188062682054,845.4766823812969,2101.329719301792,259.92805717330657,23.29482927560151,61.91818487875357
S-S2,2000.0,83706,85776,2069.556216735342,207.0,35.99228203017986,0.8950136040143454,495.864963347458,2024.6053611943748,244.0696945239383,28.958483454145554,2.3306549068435114
S-S2,2000.0,83886,86137,2024.1364204222627,225.10000000000036,32.37179526219518,0.8537760886404476,294.04918239250117,2089.715201673541,358.8018652416969,15.793179707780377,8.67865327162787
S-S2,2000.0,84246,86677,2082.764708937757,243.10000000000036,30.84308083988447,0.8891687143138863,465.43572495349315,2202.545405899597,424.954314448347,21.748384504790877,144.7532956252306
S-S2,2000.0,84426,86947,2018.592696748332,252.10000000000036,28.82559979489879,0.8867736431979856,487.79991036772446,2142.3542075051464,492.3366988499444,21.247701516507966,215.536710109429
S-S2,2000.0,84696,87307,2037.9160640433765,261.10000000000036,28.098421411551687,0.8811619103369628,570.1495146327075,1603.338530450018,462.6365904383147,23.899193044769866,162.65400057957203
S-S2,2000.0,84877,87486,2072.837151392523,260.89999999999964,28.60181581070561,0.8982150597608042,593.8818283570536,1650.7591095601188,446.41587233016634,26.04338027839201,187.3933649223682
S-S2,2000.0,85146,87576,2002.6730354926913,243.0,29.669230155447277,0.8666958216642394,574.2573621446198,2467.983071623394,382.24119459115764,12.42237830610059,62.88717455593165
S-S2,2000.0,85416,87756,2110.371847536677,234.0,32.46725919287195,0.8440703132565822,853.5741184889883,2772.3059438771356,469.0223545159054,469.0223545159054,469.0223545159054
S-S2,2000.0,85686,87846,2007.420607994718,216.0,33.4570101332453,0.8492106474654321,1104.558122664701,3135.457611197619,476.082597556722,323.52414687652913,174.25571930720437
S-S2,2000.0,86137,88118,2264.288615024205,198.10000000000036,41.14810203981384,0.8,945.7918070981628,1567.8820812681793,73.99216313549326,21.251860679539966,489.99846120436297
S-S2,2000.0,86406,88118,2024.1324324102316,171.20000000000073,42.56353245722431,0.8259728114211423,853.8947786659586,1533.03019628007,96.70265293609836,16.957781386491583,434.8394226264735
S-S2,2000.0,86947,88386,2142.5467075876077,143.89999999999964,53.60089053033639,0.8,1131.6432336205025,2858.971549586219,309.85698479108027,19.97605686503452,679.6759563280019
S-S2,2000.0,87307,88476,2062.6215989919583,116.89999999999964,63.51957019992364,0.8,1347.4997383660036,1809.1942738410307,445.8226598893908,14.276238594134712,771.2376949291192
S-S2,2000.0,87486,88656,2179.6483438158175,117.0,67.06610288664054,0.8250878694101116,1639.9719038098656,1944.490789035191,566.8262103886384,10.50442640368713,850.4617998259661
S-S2,2000.0,87576,88656,2012.482785371656,108.0,67.08275951238853,0.8600858713535213,1585.1211052481801,1864.3772306845735,522.2923584766614,11.22378281223911,732.1686786522324
S-S2,2000.0,87756,88836,2084.731330935465,108.0,69.4910443645155,0.9819683627655329,1912.4709900718624,2391.8156655863286,570.7314528368335,11.736322365789249,598.198812445171
S-S2,2000.0,87846,88926,2037.1942058452696,108.0,67.90647352817565,1.0216620216274919,1998.1138410821175,2330.838770253506,501.18747671201805,11.767216181067818,467.78143637419475
S-S2,2000.0,88118,89277,2168.6165656231606,115.89999999999964,67.35996234895084,1.1863224299704749,2164.501647200361,541.701267721466,544.2955445640547,4.383111026667815,241.39599229658887
S-S2,2000.0,88118,89277,2168.6165656231606,115.89999999999964,67.35996234895084,1.1863224299704749,2164.501647200361,541.701267721466,544.2955445640547,4.383111026667815,241.39599229658887
S-S2,2000.0,88386,89456,2178.857168837232,107.0,73.30734399826201,1.1965532672596952,2174.753829768299,645.3003914409181,642.2929714746085,4.687872966953055,340.13257102804727
S-S2,2000.0,88476,89547,2152.4345131882146,107.10000000000036,72.35073993909941,1.25,2148.2217775159606,603.5171025219562,590.9134497760638,4.433773922906699,200.79643548490208
S-S2,2000.0,88566,89636,2100.717019158008,107.0,70.67832961653112,1.25,2096.3821589569725,558.1670271406301,547.2580316403377,0.8288258187607843,159.23284852336207
S-S2,2000.0,88656,89816,2109.1309708983754,116.0,65.45578875201855,1.25,2104.439572665079,425.1958719238999,420.31529782266813,0.9417598864254232,1.2880002584411017
S-S2,2000.0,88747,89907,2084.419681972693,116.0,64.68888668191117,1.25,2079.3171711497075,392.80242700033665,380.22675678815307,0.7852493984928258,45.474195530377706
S-S2,2000.0,88926,89996,2012.408167638292,107.0,67.70719068689581,1.25,2008.2696434924003,648.1375153892204,415.47747504130285,2.109431257183627,15.851530349110401
S-S2,2000.0,89096,90177,2136.3336173418647,108.10000000000036,71.14524535088518,1.25,2134.958070197286,612.5830972256332,478.7016063463292,1.9501283480850404,63.90095807115245
S-S2,2000.0,89186,90267,2147.355605990917,108.10000000000036,71.51230510237997,1.25,2146.1334412381207,630.9859066771783,500.4362901742704,1.8622333411633514,88.40212774694895
S-S2,2000.0,89366,90626,2003.5707188500237,126.0,57.24487768142925,1.25,2001.2990310931714,434.2248910188303,300.41319988573207,3.268690527608465,123.59163024998614
S-S2,2000.0,89456,90896,2135.7045192568185,144.0,53.39261298142046,1.25,1577.6328795247557,530.8883471788739,234.2227405688527,22.92396957064812,235.36100705703862
S-S2,2000.0,89547,90986,2152.668967619029,143.89999999999964,53.85412288692511,1.25,1194.6841565611885,663.96100922615,269.8017091049878,22.690408124068917,195.3005316590159
S-S2,2000.0,89727,91077,2124.443856000682,135.0,56.651836160018185,1.25,741.6539709880449,908.3722058730352,366.12952233248484,23.6289681065603,67.62772561189706
S-S2,2000.0,89907,91166,2022.6977709461207,125.89999999999964,57.83726747741109,1.2365371372800606,200.41235340935893,1207.212306466775,432.32177151284094,25.03852409939196,62.089558129703555
S-S2,2000.0,89996,91256,2038.5716013733909,126.0,58.2449028963826,1.2313653457500182,212.00407741856347,1520.5566035963461,478.2525251314047,22.79664086490726,122.56052179843226
S-S2,2000.0,90086,91347,2038.3486676255998,126.10000000000036,58.19234895679729,1.25,625.5259661437466,1847.3884493137857,512.2463541496032,23.18636162930908,136.5322988632666
S-S2,2000.0,90267,91796,2064.3253510612412,152.89999999999964,48.604128605758575,1.25,1279.6272036127873,2613.2346117477564,339.4564627337953,28.200811542465598,42.7235813665567
S-S2,2000.0,90356,91886,2037.7580198174546,153.0,47.94724752511658,1.25,1464.708399719033,2783.1740396949326,362.09467731459347,28.682672847249012,34.25559749318441
S-S3a,500.0,0,630,508.5721298021605,63.0,29.061264560123455,1.0,507.9510263443256,583.0278422879535,147.38072144429415,4.681693486616178,147.38072144429415
S-S3a,500.0,360,1169,556.7567124330104,80.9,24.77532960146894,0.8012736772602898,499.45194523056097,191.8314283832131,124.54238885277987,3.5223972360609634,10.761110453562022
S-S3a,500.0,630,1350,606.1151431383008,72.0,30.305757156915043,0.8,514.0393073849632,151.0699322162535,3.745581700049193,3.355723840540223,119.46261873348757
S-S3a,500.0,1079,1619,565.8293526322143,54.0,37.72195684214762,0.8,554.066667750906,101.06895386491215,48.964815880078326,3.6108722207934862,74.48889375352272
S-S3a,500.0,1350,1800,545.3718097480439,45.0,43.62974477984351,0.9189682532999831,544.556117858463,238.4007471866456,7.316635031770907,5.6128070160077375,40.01689036706735
S-S3a,500.0,1619,1980,548.7738498010106,36.099999999999994,54.72537006325868,0.9057025482445435,543.1929198956467,72.39878036756767,58.48893582898245,11.733920100255853,104.44876656898926
S-S3a,500.0,1710,2459,573.8860366360543,74.9,27.58330750186643,1.0333643511004333,568.9028129764572,263.67700177298474,210.43544234255114,5.837290282429951,236.67822007572906
S-S3a,500.0,1980,2639,521.7177404024751,65.90000000000003,28.500513891485728,0.9463412781956785,494.4343585507318,357.6960342061949,161.95423540891537,14.825108854280824,125.7565815647218
S-S3a,500.0,2280,2729,519.940250885086,44.900000000000034,41.68785975916054,0.9517261968273633,512.0337235461008,392.2021156625491,79.02936357606141,4.991387132439791,50.25482566209328
S-S3a,500.0,2549,2820,569.4230107965273,27.099999999999994,75.64290918330254,0.8454482965448923,568.8923430516926,190.9122691328777,186.714949041736,12.552741066924106,246.01394545743003
S-S3a,500.0,2729,3599,577.094152108928,87.0,23.87975801830047,0.9424504706677617,571.0216919291993,99.89593970045748,98.99246117070102,8.568751774551048,126.76436829212511
S-S3a,500.0,2820,3779,548.7810264469726,95.90000000000003,20.60074760384881,1.0576501497344954,535.5164016068278,94.52135146721496,63.532712613991436,9.923996588268862,99.21330382836184
S-S3a,500.0,3599,3959,502.5783423980265,36.0,50.25783423980265,1.092841245642282,498.7694691597967,260.86841027040947,59.35186498499052,6.087388146547986,18.664990839866903
S-S3a,500.0,3689,4200,580.9995893514415,51.099999999999966,40.93147791908397,1.1238550611997535,580.5291870214484,194.67713611893492,144.0753557113422,4.8997583568743295,90.10205830720886
S-S3a,500.0,3869,4559,579.6315423673896,69.0,30.24164568873337,1.128476561949962,541.4397114962755,64.69987265377618,40.03229511355536,10.595517173795148,32.580756457815994
S-S3a,500.0,4049,4739,556.9065785292569,69.0,29.05599540152645,1.0786610603501987,527.7456039653108,264.84957617441427,46.481610985843886,5.405738733550189,93.69661796439235
S-S3a,500.0,4559,5009,519.1886247930993,45.0,41.535089983447946,1.040601881741713,516.444543857343,62.35039986345021,27.558360024352144,8.468432474179036,10.263466962401397
S-S3a,500.0,4739,5279,560.9715282654379,53.99999999999994,37.39810188436257,1.079641242056364,544.754555879204,200.73574799111876,33.98768636255309,9.929186363130505,81.49476348229811
S-S3a,500.0,5009,5610,548.3456528682673,60.099999999999966,32.84599584568658,1.0683384466404187,526.0467243873492,229.26099235894142,73.96136026799435,6.041698485449719,41.15527234707559
S-S3a,500.0,5189,6149,557.1940277036392,96.00000000000011,20.894776038886448,0.953769571698983,533.3922220614737,318.42072026319073,48.65146135798313,8.330296075718998,72.0950374340191
S-S3a,500.0,5370,6419,617.059211406041,104.90000000000009,21.176483899539996,1.0128903958738236,598.5915741505761,53.970454956157724,15.437104241507475,3.9570621474838448,23.58591856537557
S-S3a,500.0,6149,6509,513.6465711622359,36.0,51.36465711622359,0.9827039648605963,512.5082096438094,262.43629046596124,131.12983366501277,4.479276914095289,137.7532502911556
S-S3a,500.0,6329,6600,508.6855842359346,27.09999999999991,67.57446875458932,1.0910588679041977,508.53431188478623,254.89476244819366,254.67581171334356,4.3606444852416395,231.5725889196888
S-S3a,500.0,6509,6959,625.7381239404021,45.0,50.05904991523218,1.1561432296565093,624.932742521424,178.19513739704962,166.4033899657352,4.683895342635242,94.90418559929108
S-S3a,500.0,6600,7049,511.5519197643471,44.90000000000009,41.01529868934623,1.25,511.2722217390259,58.73732194258738,29.060613727550336,6.073497506370244,92.3104784982879
S-S3a,500.0,6869,7229,522.6054732312859,36.0,52.26054732312859,1.1552384262496471,522.0566024387924,56.20159832825932,55.33143826265028,5.558874428284535,18.35980916502435
S-S3a,500.0,7049,7320,542.8916476491586,27.09999999999991,72.11844765819106,1.204059588150405,540.054558280155,162.27165756281593,107.87083966087351,3.040036087285892,19.489382957679737
S-S3a,500.0,7229,7589,593.3544800013933,36.0,59.33544800013934,1.2250707899945315,577.2843621428743,195.92127829825682,35.68923186526608,8.020806348474858,175.85358875203926
S-S3a,500.0,7320,7769,622.4140880192608,44.90000000000009,49.90402487459543,1.25,615.198772628462,322.6581761981448,109.50935463309126,7.705579070712899,291.6789499234728
S-S3a,500.0,7499,7859,600.3359625720677,36.0,60.03359625720677,1.1657376858530126,599.8441324052351,144.05287136108328,77.23797603086176,6.495281346280038,11.827325681116253
S-S3a,500.0,7679,8129,629.4808859247623,45.0,50.35847087398099,1.1196385441046586,424.4031063740946,478.19952980227833,52.86143704878472,6.693973570986257,16.927087871939563
S-S3a,500.0,7859,8309,602.5758162353986,45.0,48.20606529883189,1.0730750349634874,486.2952731942737,783.0656019406814,11.315948362154211,13.634386097551868,54.67654736560156
S-S3a,500.0,8039,8399,550.0030132680413,36.0,55.000301326804134,1.0416083036453303,465.22777232859977,135.11509113328665,32.03396873554933,11.809637264018637,10.624527787708226
S-S3a,500.0,8219,8579,670.767799409401,36.0,67.0767799409401,1.0017723952214697,603.8687841016297,262.44587872045463,132.1037756090827,7.191196255768722,131.13974433990617
S-S3a,500.0,8399,8669,569.2349896611468,27.0,75.89799862148624,1.0103769241169713,568.3588368488365,225.6985413570766,139.57609902544533,5.039299056128025,135.21787179343656
S-S3a,500.0,8489,8759,571.7875598285173,27.0,76.23834131046897,0.9999656975397486,564.1055505338985,137.25710259083195,141.74514213264675,5.588242111297466,141.75986485383814
S-S3a,500.0,8579,8849,589.5698906326688,27.0,78.60931875102251,1.0624858296558881,583.3491931375634,141.50710393930333,144.3095866574366,5.520883550890814,116.3195971700439
S-S3a,500.0,8759,9029,602.783205001233,27.0,80.3710940001644,1.1440262387608633,602.5686842119155,236.2781770881401,181.13527714762117,0.8288820685165075,120.48039224844895
S-S3a,500.0,8849,9119,548.9347479056505,27.0,73.1912997207534,1.1682843728441208,548.4527505000619,204.32876221853775,204.3726744805558,2.7192517196869392,146.37769829654988
S-S3a,500.0,8939,9389,551.9950050638763,45.0,44.159600405110105,1.1735822259935063,334.6397181851401,274.1466480153921,6.109737635009114,7.499392827659675,100.61679357227892
S-S3a,500.0,9119,9659,559.4530311627277,54.0,37.29686874418184,1.2446039660058434,491.1478860452481,907.850704186575,237.5830539848078,9.216888854947685,434.5637939616102
S-S3a,500.0,9389,9749,559.597788530913,36.0,55.95977885309131,1.1729417266937925,442.59156489333003,500.630314001975,46.71945852255886,10.810213596249657,153.24191924997956
S-S3a,500.0,9569,9839,528.9701323414174,27.0,70.52935097885565,1.1444038559076268,527.2795304741123,719.0618319737945,27.979471012167554,10.776857260097993,46.381269172561964
S-S3a,500.0,9749,10019,668.8214593921803,27.0,89.17619458562403,1.0801859072913615,664.7362608249679,141.4682366247275,113.24657561828461,2.7800338035478522,68.70760710569212
S-S3a,500.0,9839,10109,674.6165447786098,27.0,89.94887263714797,1.07904275396247,669.1709336160632,121.98518551035572,118.53893827768051,2.6870759481576694,74.51937066564426
S-S3a,500.0,9929,10200,913.005171741368,27.09999999999991,121.28481986232237,1.0692792002632554,912.4710240412086,396.03579202537867,362.6614406220149,2.5233851699611622,324.52265963787704
S-S3a,500.0,10019,10200,695.971072579925,18.09999999999991,138.42518570650515,1.0614101517666215,695.5611830130059,323.9701773645135,324.6143184890464,0.61748890343874,301.79216305190795
S-S3a,500.0,10109,10380,806.3297750102065,27.09999999999991,107.11391845154071,1.064983217256297,806.2126221443378,315.05220619293635,312.486140678647,7.168853139065081,280.41736489036083
S-S3a,500.0,10200,10649,655.1873708490493,44.90000000000009,52.531726838676455,1.1646226648572255,648.9547146590882,98.75519352404348,93.41297950100724,7.079359996731105,216.18499968106116
S-S3a,500.0,10200,10649,655.1873708490493,44.90000000000009,52.531726838676455,1.1646226648572255,648.9547146590882,98.75519352404348,93.41297950100724,7.079359996731105,216.18499968106116
S-S3a,500.0,10380,10829,633.4938201463683,44.90000000000009,50.7923775618468,1.1230312994617238,628.3695928100391,180.20446049991668,129.74563791528698,2.2753905871559663,223.74231589876172
S-S3a,500.0,10559,10919,686.5640318955957,36.0,68.65640318955957,1.1257955259900758,672.1690830743416,61.78037837664808,48.075200664148106,3.062585688123007,32.642183975813126
S-S3a,500.0,10739,11009,760.4225124612349,27.0,101.38966832816466,1.1469176865732293,753.1257273853744,381.9209976477245,283.7656519493929,5.999133686423381,213.09996356963362
S-S3a,500.0,10919,11100,603.0148373882676,18.09999999999991,119.93665274020852,1.1769914254154503,602.9546084353848,296.2264312787596,295.71353188239976,4.468461153466318,241.32090877350385
S-S3a,500.0,11009,11369,539.1982765116827,36.0,53.919827651168276,1.25,537.4526517020782,78.56099037446165,63.31946481265137,7.426132975611245,213.16565712716607
S-S3a,500.0,11009,11369,539.1982765116827,36.0,53.919827651168276,1.25,537.4526517020782,78.56099037446165,63.31946481265137,7.426132975611245,213.16565712716607
S-S3a,500.0,11100,11460,652.9175252600762,36.0,65.29175252600763,1.25,650.8048898382197,79.4549829208574,66.10794427865704,8.688510689436843,81.73484091224785
S-S3a,500.0,11369,11640,625.082954856869,27.09999999999991,83.03685009168768,1.1124948757307649,625.0252214781299,201.6206610650485,201.56004144793948,4.3018497515913054,153.8027685524242
S-S3a,500.0,11460,11820,616.919823180715,36.0,61.691982318071496,1.2103644483717284,609.8879416322495,70.7793789147261,57.14829045524642,2.227536548584488,60.95578215997445
S-S3a,500.0,11640,12090,758.4422675275764,45.0,60.67538140220611,1.1456105045648826,752.3701296856207,149.62501539555845,45.01744289098497,3.967178346583253,59.357827866474985
S-S3a,500.0,11640,12090,758.4422675275764,45.0,60.67538140220611,1.1456105045648826,752.3701296856207,149.62501539555845,45.01744289098497,3.967178346583253,59.357827866474985
S-S3a,500.0,11820,12269,612.5036591304997,44.90000000000009,49.10942478551882,1.2307672371083633,610.0337313113492,103.45519348045977,96.35574544966245,3.031937768934536,260.168335223607
S-S3a,500.0,12090,12450,610.2233824162668,36.0,61.02233824162667,1.2303397253324602,607.1608859104246,115.85425549241421,79.78158920243095,3.031889267105538,42.76337199545976
S-S3a,500.0,12090,12450,610.2233824162668,36.0,61.02233824162667,1.2303397253324602,607.1608859104246,115.85425549241421,79.78158920243095,3.031889267105538,42.76337199545976
S-S3a,500.0,12360,12900,695.6975504418278,54.0,46.379836696121856,1.1596830073328523,692.8444408427445,114.98833838832759,65.24300886789617,2.067471804587902,35.6581965731409
S-S3a,500.0,12450,12900,558.1643442071309,45.0,44.65314753657047,1.1885826254015177,555.3423899038099,53.19161659233612,51.862835851247205,2.2094025104786312,43.935290266006675
S-S3a,500.0,12720,13170,509.50056513237723,45.0,40.76004521059018,1.1474908676951916,500.56656817245954,156.20681861493398,77.7392170075993,2.0840045905560998,14.304065804220766
S-S3a,500.0,12900,14179,545.5311662849672,127.90000000000009,15.355060192540114,1.1008284626962082,540.4747015359102,156.39627036522265,9.67899937482085,6.516116560832105,65.15791271298409
S-S3a,500.0,13079,14270,655.4161967296568,119.09999999999991,19.811068918780574,1.039861518872823,642.199483347583,224.58125907591926,222.3431828291833,8.985671143423879,204.87849897661093
S-S3a,500.0,13260,14680,642.2983059597755,142.0,16.283619024332335,1.1659624123969303,635.5428686424558,270.14832228642,39.18092857925621,6.553852592217752,62.046152962273666
S-S3a,500.0,14270,15460,523.0743564558688,119.0,15.824098178496874,1.25,516.294271030771,102.07884953616991,93.01277556338641,7.120422449280669,247.74935091953128
S-S3a,500.0,14680,15819,608.3753085236349,113.90000000000009,19.22871914561092,1.0850915650844997,601.8911332284663,180.97530385832584,110.92789557648128,11.29240131428627,172.36306272603
S-S3a,500.0,15280,15910,668.9745958013882,63.0,38.227119760079326,1.1430669853845963,663.8443578898866,181.81882058615867,34.42559024439042,8.156763117584166,58.20931541767316
S-S3a,500.0,15640,16270,705.2371193160179,63.0,40.29926396091531,0.9815499711318105,702.1830718349627,142.58301491262185,124.15960545024714,0.988144681205541,108.87462870392578
S-S3a,500.0,15819,16270,589.273826540466,45.09999999999991,47.037378615203586,0.9543543409678931,586.8915242519503,32.40933307352655,22.672361865671455,1.8914423837822942,5.64482869338738
S-S3a,500.0,16090,16540,503.58229784591094,45.0,40.28658382767288,0.9913929397399212,500.71025574409873,205.2995085545089,200.64194681700565,7.824255380479032,194.5956097181929
S-S3a,500.0,16270,16810,590.5935969024977,54.0,39.37290646016651,0.9095995398912263,587.2094573806062,156.6747169904501,135.38594837536763,4.936283572113349,69.97298729755735
S-S3a,500.0,16450,16990,570.047090996828,54.0,38.00313939978854,0.8757753179571292,567.0047074354195,120.52550146908327,101.30798730823466,6.66856509385643,18.88599462857193
S-S3a,500.0,16810,17350,590.915664177177,54.0,39.3943776118118,0.8595739421390793,588.0728476221217,158.14194378680915,147.95830544391492,3.8941372632243088,44.02112388501023
S-S3a,500.0,16900,17439,500.1857513326977,53.90000000000009,33.40758264930814,0.8731508399919701,499.09101446408,259.4483747682236,221.65823456349383,4.299022999889467,129.8980507443296
S-S3a,500.0,17170,17800,565.2362068268376,63.0,32.29921181867643,0.8046121053921146,357.53939263990213,718.0140429143652,165.32227944895067,12.703766625612197,20.252744084064155
S-S3a,500.0,17350,18150,510.90297044229374,80.0,22.990633669903218,0.826789797208872,312.35974455489105,925.8052621086903,168.0157999718053,6.494296747728785,49.64908421664857
S-S3a,500.0,17709,18510,514.2360599431704,80.09999999999991,23.111733031153754,0.8,196.18490090456618,355.45346213536396,20.771635019446364,0.8180670208176365,86.15158486503434
S-S3a,500.0,18150,18959,577.9080428197121,80.90000000000009,25.71655073116145,0.8,440.44204354532167,1186.9422445521568,173.22234654188918,5.173884870537353,22.78398163660146
S-S3a,500.0,18510,19230,539.1586953797341,72.0,26.957934768986707,0.8518217800369683,478.12608211279246,391.2414147671404,147.10170201460554,12.358721497513294,43.69779736775657
S-S3a,500.0,18869,19680,519.2330403133637,81.09999999999991,23.048568990482263,0.8014986979472534,141.62421558514416,397.5948711323875,26.3509300793328,6.018194183735141,74.76776308109609
S-S3a,500.0,19230,20130,555.6175286764119,90.0,22.224701147056475,0.8430890540710392,447.71271112175066,1167.915260955312,199.50960792907398,12.632623813291584,82.97201801315634
S-S3a,500.0,19680,20310,568.8768825263105,63.0,32.50725043007488,0.810257252868135,522.7764233059729,669.1874139815003,158.52994746082493,4.026502457499813,20.207151955404626
S-S3a,500.0,20039,20669,545.3351150213421,63.0,31.162006572648117,0.835458470135746,527.7542156433444,383.3206245748487,99.17391689428148,3.0005968049747653,7.399854391647843
S-S3a,500.0,20310,21029,512.4884783150628,71.90000000000009,25.660062891991988,0.8427024391756817,377.47813346754805,420.8203103730109,127.44361230268238,2.542260438548209,26.569530294715133
S-S3a,500.0,20579,21570,587.0506691155315,99.09999999999991,21.325755891179774,0.8045462921691139,391.21037962615344,603.3631346197953,201.89738755896693,48.3541756445165,57.171676287749484
S-S3a,500.0,20850,22110,621.8284046666668,126.0,17.76652584761905,0.828187714379416,382.7562168217235,533.5913094856431,351.8824412255926,51.50410530551555,193.4354635922897
S-S3a,500.0,21570,22469,500.34831973620385,89.90000000000009,20.036195228591012,0.8093192850584916,335.3198021775309,414.69017526119364,217.9981609933634,8.201703788920174,79.5482605476983
S-S3a,500.0,22019,22739,521.3467397439526,72.0,26.067336987197635,0.8,209.83289077706775,554.2064020105703,23.173195159225845,10.219348474025404,67.89856420867072
S-S3a,500.0,22290,23369,542.0077800980725,107.90000000000009,18.08367014228971,0.8,126.90185625067397,748.8502530213626,135.41392914973812,3.8039012993728125,1.2293382676209104
S-S3a,500.0,22739,23819,558.81414188891,108.0,18.627138062963667,0.8,136.38705522241554,899.6432134926117,488.2230693247035,383.03721133208853,464.3981509622845
S-S3a,500.0,23190,24000,688.1693614282922,81.0,30.585304952368546,0.8888892163372648,561.8381787636127,1340.6662392548237,82.57143347812931,38.865765691334516,7.64547547905257
S-S3a,500.0,23729,24179,522.7910104751791,45.0,41.82328083801433,0.8,520.6916939158081,652.3803600449472,101.43720714377262,4.773959890618368,23.16128830158426
S-S3a,1000.0,0,1350,1114.6872729404613,135.0,29.72499394507897,1.0,1003.7245853321674,991.2630084329319,148.6075508118826,3.709644684088476,148.6075508118826
S-S3a,1000.0,360,1619,1024.3622933682987,125.9,29.290740715852863,0.8012736772602898,921.6186798575436,389.21191317468396,178.81723048970332,3.1862904276051256,60.5345306735916
S-S3a,1000.0,630,1710,1036.7809814908755,108.0,34.55936604969585,0.8,943.8692288076215,166.6664516774031,8.528073078703242,7.0759419284688825,203.77807906201528
S-S3a,1000.0,1079,1980,1114.6032024332249,90.1,44.53464515826426,0.8,1075.0930717107565,89.56770512597267,15.238467129632339,11.512506247095486,231.3838076090004
S-S3a,1000.0,1350,2459,1004.5518749886292,110.9,32.60943868312953,0.9189682532999831,990.7271666358826,645.8916279122743,214.39730360105162,6.5163624353516765,115.43439644654505
S-S3a,1000.0,1619,2639,1070.4915902034857,102.00000000000003,37.7820561248289,0.9057025482445435,1031.182780455308,155.4773658374159,101.10186914553594,13.560116214169646,16.875739025521607
S-S3a,1000.0,1710,2729,1006.5566963793133,101.90000000000003,35.56039359141832,1.0333643511004333,960.004281019879,252.70119584604024,191.4634495035687,5.295364204167216,231.49283489064962
S-S3a,1000.0,1980,3330,1006.401235795614,135.0,26.83736628788304,0.9463412781956785,972.0836398910499,686.0908510096485,20.02224022034493,7.450011153171607,36.63128801162945
S-S3a,1000.0,2280,3599,1097.034402994014,131.90000000000003,29.941803265947307,0.9517261968273633,1079.7678517085974,854.4995218248627,21.60030424349975,7.610343764567938,73.3147893284945
S-S3a,1000.0,2549,3779,1118.2040372435,123.00000000000003,32.727923041273165,0.8454482965448923,1104.2824840544097,151.23020763911197,124.7482322439982,11.453989304447072,272.3957626778317
S-S3a,1000.0,2729,3959,1079.6724945069545,123.0,31.600170570935255,0.9424504706677617,1060.540884527732,138.2877643910556,159.93945083145906,10.706551506468683,213.19707910355
S-S3a,1000.0,2820,4200,1007.7984510768479,138.0,26.29039437591777,1.0576501497344954,984.2887030683537,78.01373122245177,84.85158871175001,9.838789995167083,31.361076206370885
S-S3a,1000.0,3599,4649,1071.895284614331,105.0,36.75069547249135,1.092841245642282,1015.9439017452197,426.6746131946571,70.52808319291613,6.464136146275723,23.66428270576222
S-S3a,1000.0,3689,4739,1055.475602990984,105.0,36.187734959690886,1.1238550611997535,990.7951108925073,29.46680222832373,65.99137421107953,5.568022043374032,56.91010775850464
S-S3a,1000.0,3869,5009,1098.8201671604888,114.0,34.6995842261207,1.128476561949962,1037.5419148725914,297.9152056856082,68.83503369714519,8.667181453450638,64.67711860431541
S-S3a,1000.0,4049,5279,1117.8781067946948,122.99999999999994,32.71838361350328,1.0786610603501987,1072.3755639640442,433.91840815825907,79.26790436189265,8.867046711176998,173.71460053112258
S-S3a,1000.0,4559,5610,1067.5342776613666,105.09999999999997,36.56635013873379,1.040601881741713,1028.525811751445,442.3832526945359,102.2728384150813,9.965180036212933,63.65270024113883
S-S3a,1000.0,4739,6239,1123.7902589663772,150.00000000000006,26.970966215193044,1.079641242056364,1069.8841604479528,679.7973586661783,23.528236628511717,14.234240525355812,65.23189186097841
S-S3a,1000.0,5009,6419,1088.867296868838,141.00000000000006,27.80086715409798,1.0683384466404187,1045.2864696911242,588.0721851333298,69.89154072094817,9.589125047336497,1.9971412848740817
S-S3a,1000.0,5189,6509,1070.840598865875,132.0000000000001,29.20474360543293,0.953769571698983,1042.6897825414947,689.2114131749095,181.6189178508775,10.379843531343672,223.11544683174859
S-S3a,1000.0,5370,6779,1123.4955719833097,140.9000000000001,28.70535173271762,1.0128903958738236,1104.2802623014554,152.2356915402705,141.07489704252808,6.267876781635531,128.37654321303717
S-S3a,1000.0,6149,6869,1012.364666162829,72.0,50.618233308141455,0.9827039648605963,1010.680400736489,503.10924426992943,264.64178587086576,4.801109286924618,277.57412188627103
S-S3a,1000.0,6329,7049,1020.2375040002817,72.0,51.01187520001409,1.0910588679041977,1018.4056500859693,292.12403774813555,284.6908883237613,6.03993526358434,217.80088835092465
S-S3a,1000.0,6509,7229,1021.3235682318791,72.0,51.06617841159395,1.1561432296565093,1019.112516367589,243.21016493618154,188.5059858686025,5.5452256776544715,58.81159867966712
S-S3a,1000.0,6600,7320,1054.4435674135057,72.0,52.72217837067528,1.25,1047.6624781338153,254.7844929115281,137.59850711237655,3.7663076281616177,91.23249865054456
S-S3a,1000.0,6869,7589,1115.9599532326793,72.0,55.797997661633964,1.1552384262496471,1074.1859592611481,288.21789394502554,23.372475427739094,8.3093087883289,147.43714890616226
S-S3a,1000.0,7049,7679,1015.9790826181388,63.0,58.055947578179364,1.204059588150405,966.5799298466009,493.29855387546866,30.780957883597512,9.323046214792225,242.34084011982742
S-S3a,1000.0,7229,7859,1032.2558896685523,63.0,58.98605083820299,1.2250707899945315,998.277232594508,421.5524345922279,37.68300482972948,6.624109415111152,186.43039619977534
S-S3a,1000.0,7320,8129,1102.5683208937426,80.90000000000009,49.06360884075981,1.25,852.2007061105758,304.8158716969289,84.34048385390602,4.999526474010225,382.3157518099346
S-S3a,1000.0,7499,8219,1054.0152350841972,72.0,52.700761754209864,1.1657376858530126,785.796718268086,467.20609981733674,49.83254814145021,12.506091743807795,118.55783521336171
S-S3a,1000.0,7679,8399,1014.4667160577028,72.0,50.723335802885146,1.1196385441046586,778.992194042774,1050.3562361424772,59.298750152401496,19.288548579409028,57.4593858137814
S-S3a,1000.0,7859,8579,1124.4470719215306,72.0,56.22235359607653,1.0730750349634874,976.2486435674152,1663.0880694918142,106.09829328504297,19.151348267437932,30.44849556585566
S-S3a,1000.0,8039,8669,1119.238002929188,63.0,63.956457310239315,1.0416083036453303,1013.8846919223233,559.1810064141285,172.83408864580431,14.448294701564317,133.7667901836998
S-S3a,1000.0,8219,8759,1050.5939369153202,54.0,70.03959579435468,1.0017723952214697,975.5635529632896,517.3596749272439,223.3606732684717,10.555440084697548,221.87982728394374
S-S3a,1000.0,8399,8939,1168.1218141782556,54.0,77.8747876118837,1.0103769241169713,1160.023159792628,445.8957016969685,284.21619246541377,5.194155386846416,275.00997338504794
S-S3a,1000.0,8489,9029,1174.5707648297503,54.0,78.30471765531668,0.9999656975397486,1165.8289645421717,346.9478836123994,326.13368481891905,4.569394258010974,326.16293360088355
S-S3a,1000.0,8579,9119,1138.5046385383193,54.0,75.90030923588796,1.0624858296558881,1130.7055703145083,340.06402241587307,349.31692422633483,3.2691849710647714,299.8467383498617
S-S3a,1000.0,8759,9479,1083.7544341017492,72.0,54.18772170508746,1.1440262387608633,709.7137811388156,291.2656773300545,70.56447869558048,8.967917237149406,74.53278511645274
S-S3a,1000.0,8849,9569,1002.8124669450481,72.0,50.1406233472524,1.1682843728441208,537.3184039638458,644.6570179404854,8.555656774318633,11.250415890562964,168.6038370944919
S-S3a,1000.0,8939,9749,1111.5927935947893,81.0,49.404124159768415,1.1735822259935063,717.0892410368513,787.3068127397405,49.61640718155018,5.3576837534318775,251.78273374922
S-S3a,1000.0,9119,9929,1205.207267536418,81.0,53.564767446063016,1.2446039660058434,1014.9666718046117,1031.6821091805566,138.41574665846943,7.600746841635382,452.13825451362777
S-S3a,1000.0,9389,9929,1011.3851487616503,54.0,67.42567658411002,1.1729417266937925,876.1177563373966,1050.7189505994388,29.560829653362347,10.292302134773271,142.18759955342378
S-S3a,1000.0,9569,10109,1203.5866771200272,54.0,80.23911180800181,1.1444038559076268,1196.4149669522787,1574.9809992279042,148.47761555321392,11.010819565399183,6.0338970100351546
S-S3a,1000.0,9749,10200,1364.7925319721053,45.09999999999991,108.94131075608846,1.0801859072913615,1358.0826807471908,447.11562514067055,439.400362289469,2.8187537531059186,365.1762856960886
S-S3a,1000.0,9839,10200,1135.364587896971,36.09999999999991,113.22195336368713,1.07904275396247,1129.860014352998,397.89749299708984,396.5623294529012,3.1669760379831917,338.1166473097092
S-S3a,1000.0,9929,10380,1258.5869036332133,45.09999999999991,100.46369962482433,1.0692792002632554,1258.0526801384995,466.88534951224557,399.434581552838,1.8295370476428823,339.8918805249411
S-S3a,1000.0,10019,10380,1041.5528044717703,36.09999999999991,103.86676166477514,1.0614101517666215,1041.1315301629497,360.6465033831148,361.3694969522337,1.4414783348629299,319.62071250663246
S-S3a,1000.0,10109,10649,1115.9354139674106,54.0,74.39569426449404,1.064983217256297,1109.1579626142395,199.88886983979788,184.21131532711541,7.364585138429169,124.1724639425731
S-S3a,1000.0,10200,10919,1180.3514625720309,71.90000000000009,59.099655984135,1.1646226648572255,1161.8112021987656,74.01065700422852,53.4380204129074,2.8539793875040393,256.81919437340304
S-S3a,1000.0,10200,10919,1180.3514625720309,71.90000000000009,59.099655984135,1.1646226648572255,1161.8112021987656,74.01065700422852,53.4380204129074,2.8539793875040393,256.81919437340304
S-S3a,1000.0,10380,11009,1233.8718431487268,62.90000000000009,70.6190562056504,1.1230312994617238,1203.898987470881,127.85329404678329,156.0479383748811,4.194571796745997,23.57226132613229
S-S3a,1000.0,10559,11009,1085.666144364137,45.0,86.85329154913096,1.1257955259900758,1055.7678532026596,265.0252189360554,294.5807091820903,4.586531345854893,194.77272731134056
S-S3a,1000.0,10739,11279,1140.0899159321689,54.0,76.00599439547793,1.1469176865732293,1131.997724422709,515.9402717084362,208.10712576681854,6.032838159931295,70.52443607944628
S-S3a,1000.0,10919,11460,1255.9323626483438,54.09999999999991,83.57405740358679,1.1769914254154503,1251.7179987054028,359.18076609979386,362.5977124176501,5.326646895707238,204.88575567561165
S-S3a,1000.0,11009,11640,1164.2812313685517,63.09999999999991,66.42491969773046,1.25,1161.3085411991353,192.1917302747656,140.8318686700931,4.142386244627655,115.20921282480576
S-S3a,1000.0,11009,11640,1164.2812313685517,63.09999999999991,66.42491969773046,1.25,1161.3085411991353,192.1917302747656,140.8318686700931,4.142386244627655,115.20921282480576
S-S3a,1000.0,11100,11730,1118.2830032246166,63.0,63.90188589854952,1.25,1115.784918451347,134.9140456757187,106.73212053751223,7.361627342096786,146.60574452759116
S-S3a,1000.0,11369,11910,1075.8537156200582,54.09999999999991,71.59100510595594,1.1124948757307649,1066.3948703640724,260.19596657251776,237.09366620426718,3.1458013436917676,143.26575381983162
S-S3a,1000.0,11460,12090,1065.8932487163256,63.0,60.90818564093289,1.2103644483717284,1057.7888852200763,168.29036947954856,69.50809553933233,2.838525998842108,140.50611171597566
S-S3a,1000.0,11640,12360,1231.1324437091462,72.0,61.556622185457314,1.1456105045648826,1220.4868233811308,353.1115705850355,112.40707215180228,4.590115411042871,51.15803274600839
S-S3a,1000.0,11640,12360,1231.1324437091462,72.0,61.556622185457314,1.1456105045648826,1220.4868233811308,353.1115705850355,112.40707215180228,4.590115411042871,51.15803274600839
S-S3a,1000.0,11820,12450,1059.1968079518774,63.0,60.52553188296443,1.2307672371083633,1054.093807038257,86.50188708890276,91.40394657691215,3.0820988373146294,132.21159460968124
S-S3a,1000.0,12090,12900,1168.3877266233976,81.0,51.928343405484334,1.2303397253324602,1158.7614180236785,151.7131475148497,132.54782513500615,4.543962411161274,106.90980409825465
S-S3a,1000.0,12090,12900,1168.3877266233976,81.0,51.928343405484334,1.2303397253324602,1158.7614180236785,151.7131475148497,132.54782513500615,4.543962411161274,106.90980409825465
S-S3a,1000.0,12360,13260,1027.4350458812714,90.0,41.09740183525086,1.1596830073328523,998.8791664317769,291.74599668233094,109.46112136801909,5.120283583304108,37.72912274116004
S-S3a,1000.0,12450,14179,1103.695510492098,172.9000000000001,22.980357650500583,1.1885826254015177,1071.069006614664,143.67706260048843,44.2156780254297,7.409819217352824,157.0246316342534
S-S3a,1000.0,12720,14680,1186.1523794301793,196.0,21.78647227524819,1.1474908676951916,1167.1364989683318,223.97101864420026,109.14765059158469,6.526688532381577,50.83609073373357
S-S3a,1000.0,12900,14770,1043.285278583986,187.0,20.084636379156947,1.1008284626962082,1027.680404002865,134.62136932720747,89.67873754936447,6.549185989185559,7.8397132510847936
S-S3a,1000.0,13079,15280,1036.7656742107138,220.0999999999999,16.95754851048874,1.039861518872823,1021.2282933909029,277.4927018138654,139.0565165445819,7.334118039451242,103.14487676687506
S-S3a,1000.0,13260,15640,1134.7103217078584,238.0,17.163685538438195,1.1659624123969303,1120.183558079416,604.0908593869641,30.320645074884197,11.80868077543972,155.2955435755458
S-S3a,1000.0,14270,15910,1050.3240732824452,164.0,23.05589429156587,1.25,1042.4743441029923,135.55951576355167,49.90548213668499,8.324000835456882,325.5080647469352
S-S3a,1000.0,14680,16270,1197.6491350641008,159.0,27.116584190130585,1.0850915650844997,1188.2218686258211,340.55897480321033,131.53320426055106,7.5810073373669224,245.03330574787424
S-S3a,1000.0,15280,16270,1037.1310447636279,99.0,37.71385617322283,1.1430669853845963,1028.3640813445597,316.90765788157904,112.73498765939085,7.402174830088558,277.54940806397644
S-S3a,1000.0,15640,16719,1095.8796604269992,107.90000000000009,36.56317680757362,0.9815499711318105,1082.9248673254233,356.84448159530683,340.87602604714766,3.5261435680826394,314.39327986701323
S-S3a,1000.0,15819,16810,1179.8674234429636,99.09999999999991,42.86097602820054,0.9543543409678931,1162.3401812611164,210.96666560987086,155.7897055557503,6.987386161563872,94.98685957599754
S-S3a,1000.0,16090,17079,1079.7966035333557,98.90000000000009,39.30503309120401,0.9913929397399212,1067.2914321591606,373.76909578834625,302.5287060427364,0.5434994320756119,290.62649172974744
S-S3a,1000.0,16270,17350,1181.5092610796746,108.0,39.383642035989155,0.9095995398912263,1173.7670205356012,375.6389246028651,283.0072791895249,6.153248193592637,150.73138305012992
S-S3a,1000.0,16450,17529,1042.671653732199,107.90000000000009,34.7879328399992,0.8757753179571292,994.6068019466795,386.8660908446383,332.27246478689176,7.367463751613225,160.62187590026298
S-S3a,1000.0,16810,17890,1031.4089819512556,108.0,34.380299398375186,0.8595739421390793,514.1981087416882,912.1911719677538,271.5109263669594,10.078285363828282,87.18175080255699
S-S3a,1000.0,16900,18150,1010.4998007824979,125.0,29.10239426253594,0.8731508399919701,383.24274032953093,1124.1729846904013,295.2054245645362,10.625305655935453,128.36534134856615
S-S3a,1000.0,17170,18690,1091.7527674585035,152.0,25.857302387175086,0.8046121053921146,493.72630085618596,1269.4183775382605,287.47849423279035,10.173376340895844,17.425097385900656
S-S3a,1000.0,17350,18959,1088.8110132620059,160.9000000000001,24.361215958627838,0.826789797208872,438.4708729821357,1326.3439833080295,344.1702485224141,6.272346954301092,95.18503817959086
S-S3a,1000.0,17709,19230,1053.3947553229045,152.0999999999999,24.932420244329116,0.8,392.94386825292804,1182.6907297034265,167.58283081393583,10.942893994250117,78.51990334516242
S-S3a,1000.0,18150,19770,1040.3882097154637,162.0,23.119737993676974,0.8,435.91351665774863,1706.160116184864,253.4487310125861,3.7691504014359296,4.623461759853025
S-S3a,1000.0,18510,20039,1009.1561950760624,152.9000000000001,23.760381309835335,0.8518217800369683,122.28087485794416,1201.6362255113104,329.99332712925116,1.4792142118521172,131.7144115450835
S-S3a,1000.0,18869,20310,1088.1099228396743,144.0999999999999,27.183870383225745,0.8014986979472534,397.4753379835295,1589.1147065226041,184.16061271109106,4.505579785535489,67.8100230325844
S-S3a,1000.0,19230,20669,1015.3326147176704,143.9000000000001,25.4009549199695,0.8430890540710392,852.9682003098451,2053.632517251147,283.1413075631148,11.689282666609138,81.22937159916572
S-S3a,1000.0,19680,21029,1081.3653608413733,134.9000000000001,28.85778576003663,0.810257252868135,890.6422098193844,1325.4706271006899,283.90766388173523,5.503157406957455,23.9015909860864
S-S3a,1000.0,20039,21570,1050.0677979986576,153.0999999999999,24.691339469596144,0.835458470135746,720.3267658791569,643.2728817750586,305.9629960630426,45.736642644335745,90.3782500513818
S-S3a,1000.0,20310,22110,1051.813121239069,180.0,21.03626242478138,0.8427024391756817,597.5845268975053,1244.9988220941912,402.53675232501416,47.90086651019563,181.30600579799926
S-S3a,1000.0,20579,22380,1086.5907796804968,180.0999999999999,21.71974906635086,0.8045462921691139,710.3019312329444,1284.6531541033212,344.5340093746509,40.17690272578558,72.6902673000738
S-S3a,1000.0,20850,22830,1099.7309362922679,198.0,19.995107932586688,0.828187714379416,421.3229118306479,1043.8638622587057,385.2037075310316,34.7803217821123,136.0495388843354
S-S3a,1000.0,21570,23549,1053.439446378412,197.9000000000001,19.163122824468324,0.8093192850584916,295.2024855594774,1127.3023900854166,372.2722125482261,7.777683518529453,98.94792549537637
S-S3a,1000.0,22019,23729,1015.8121241999979,171.0,21.385518404210483,0.8,326.4350250577013,1283.8494450158098,236.0743624239978,7.497344032377249,15.833217891663056
S-S3a,1000.0,22290,24000,1184.1451767821309,171.0,24.929372142781702,0.8,631.0364513419538,1580.968403650607,211.66076273802838,5.98932808854051,66.34091025286959
S-S3a,1000.0,22739,24179,1017.2563949312243,144.0,25.431409873280607,0.8,559.6758577561682,1568.0471493743526,479.759692768461,383.0195022577143,426.88357500874065
S-S3a,1000.0,23190,24270,1008.115728598681,108.0,33.60385761995604,0.8888892163372648,864.1966093531798,1979.7872652082212,109.46450345184714,42.09671758006424,19.623335948997784
S-S3a,2000.0,0,2280,2031.9695567872634,228.0,32.083729844009426,1.0,1905.9183867299248,1962.0593463135947,262.37557965212426,8.802535984672646,262.37557965212426
S-S3a,2000.0,360,2639,2094.8538835717845,227.90000000000003,33.0911539309277,0.8012736772602898,1952.5520179926307,649.226201693655,276.698453805542,13.405843398807566,196.3080279997358
S-S3a,2000.0,630,2729,2043.337677870189,209.90000000000003,35.045334160708336,0.8,1903.851829645665,432.6008305825971,195.5132769585465,6.0993941541121,251.88262060650996
S-S3a,2000.0,1079,2820,2055.3736844412297,174.1,42.50054717971526,0.8,1978.0956179448156,82.12626016824704,37.98293250153177,8.708199062968484,440.6006534752667
S-S3a,2000.0,1350,3599,2014.3166868408161,224.90000000000003,32.243397388292294,0.9189682532999831,1927.197055580148,452.7179207297708,96.02186163803836,10.30886054509374,76.10474444519899
S-S3a,2000.0,1619,3779,2038.325358255988,216.00000000000003,33.97208930426646,0.9057025482445435,1948.6353447848114,642.8192249321579,22.043264077775195,12.19439055434268,208.44686633562895
S-S3a,2000.0,1710,3959,2086.229190886268,224.90000000000003,33.394509058206154,1.0333643511004333,1999.4655816578377,615.7475610108687,30.328395939157755,12.865835481827547,100.90162570710609
S-S3a,2000.0,1980,4379,2012.7776128242026,239.90000000000003,30.20424929623647,0.9463412781956785,1954.7147194188706,1420.0944613264942,44.00474097033805,6.657130362594941,149.90079906922458
S-S3a,2000.0,2280,4559,2051.3398363262177,227.90000000000003,32.40378855100651,0.9517261968273633,1988.3239854097235,1473.2644109341988,84.38864491548158,11.178039089943784,178.48502199579374
S-S3a,2000.0,2549,4739,2051.6974755129177,219.00000000000003,33.72653384404796,0.8454482965448923,1979.7209425458182,214.9845766235023,194.30612491923048,10.608847867371056,466.155745046567
S-S3a,2000.0,2729,5009,2050.588210234231,228.0,32.37770858264576,0.9424504706677617,1964.0797108356983,121.34532708363425,185.81193663092728,13.690537932920677,292.7813981737802
S-S3a,2000.0,2820,5279,2043.2459929818283,245.89999999999998,29.913320759392363,1.0576501497344954,1943.5238819273975,157.62933693387436,27.441387831147956,15.611372705531883,146.90037060647822
S-S3a,2000.0,3599,5610,2021.8397109935704,201.09999999999997,36.194047536433885,1.092841245642282,1918.8409083765005,822.0064769793521,165.81571277925588,11.825322414584415,6.881072924050039
S-S3a,2000.0,3689,6149,2054.8310135295114,246.00000000000006,30.070697758968453,1.1238550611997535,1934.9487276379416,258.6140668139362,65.04239893934461,11.10302975519067,182.2589472907471
S-S3a,2000.0,3869,6329,2058.3674491209363,246.00000000000006,30.122450474940525,1.128476561949962,1947.0518653202726,36.275837698719926,104.92586451775891,13.822713567951727,147.81208814930042
S-S3a,2000.0,4049,6509,2069.90856023002,246.00000000000006,30.291344783853948,1.0786610603501987,1961.2756680839075,92.33358000512713,86.13638071252885,13.270709174028504,71.13211805028556
S-S3a,2000.0,4559,6779,2114.492282239206,222.00000000000006,34.28906403631144,1.040601881741713,2023.8033784558293,1412.6183262833108,255.46156881057178,14.29984399211516,179.4466009433883
S-S3a,2000.0,4739,6869,2011.7200767013564,213.00000000000006,34.00090270481165,1.079641242056364,1938.0305863425324,1464.6751043782012,265.650586620736,14.553129215096899,125.53347332988794
S-S3a,2000.0,5009,7139,2110.3330496594454,213.00000000000006,35.66760083931456,1.0683384466404187,2062.4354415540806,1225.6410016843536,326.9469363333159,10.604364600431182,204.54090045754515
S-S3a,2000.0,5189,7229,2092.164167097754,204.0000000000001,36.920544125254466,0.953769571698983,2061.7934714361922,1350.117140934863,371.23988529922804,9.857828398233876,451.16940802507577
S-S3a,2000.0,5370,7320,2050.8683481470907,195.0,37.86218488886937,1.0128903958738236,2019.2147476085074,312.43234279801453,343.35195507709176,3.0605586598870684,321.3911761511115
S-S3a,2000.0,6149,7589,2128.3246193955083,144.0,53.20811548488771,0.9827039648605963,2055.7536818296603,599.8807019926645,285.56520067168805,8.24079674882746,315.83537171724873
S-S3a,2000.0,6329,7679,2036.2165866184205,135.0,54.29910897649121,1.0910588679041977,1927.3186776026075,654.2839560618671,256.68702819376153,9.571528365237022,95.21225482356083
S-S3a,2000.0,6509,7859,2053.5794579004314,135.0,54.76211887734484,1.1561432296565093,1915.6148232773476,898.7427668938681,227.21878367354827,7.482807356684316,57.4543409427942
S-S3a,2000.0,6600,8129,2157.0118883072482,152.9000000000001,50.786414636403464,1.25,1868.0508517269927,607.2277515896845,54.66173802559431,2.7774226455093496,471.61814616300364
S-S3a,2000.0,6869,8219,2008.5406354119677,135.0,53.56108361098581,1.1552384262496471,1718.7317043930134,223.9066922522381,66.38975376757152,9.597755270269213,235.64187095442566
S-S3a,2000.0,7049,8399,2030.4457986758416,135.0,54.14522129802244,1.204059588150405,1712.4096369612869,151.5351724357636,31.247795663336497,15.98539254960079,380.2213655586884
S-S3a,2000.0,7229,8579,2156.702961590083,135.0,57.51207897573554,1.2250707899945315,1678.8408867296096,938.8049285504528,144.35662736801024,17.212200335792264,312.2018142660754
S-S3a,2000.0,7320,8669,2056.78914068783,134.9000000000001,54.88836846905991,1.25,1526.1184965614718,1416.0184652173346,64.7642629411227,19.827623890332045,438.09994783166576
S-S3a,2000.0,7499,8759,2104.6091719995175,126.0,60.13169062855765,1.1657376858530126,1584.7665867264093,2060.036020211756,274.5565800030922,22.427471805368178,30.88862972076915
S-S3a,2000.0,7679,8939,2182.5885302359584,126.0,62.359672292455954,1.1196385441046586,1803.7961716756251,3045.622477328006,345.56019277834736,23.05522367362269,123.11536840296328
S-S3a,2000.0,7859,9029,2107.0564144286827,117.0,64.83250505934409,1.0730750349634874,1935.2246848284053,3294.2836083952398,382.10484795899487,22.54747460179656,254.56965937681537
S-S3a,2000.0,8039,9119,2076.2977137354055,108.0,69.20992379118019,1.0416083036453303,1961.4904620358818,1292.297920232644,486.27044717072533,15.20665439250487,419.55520798379484
S-S3a,2000.0,8219,9389,2003.094556722488,117.0,61.63367866838425,1.0017723952214697,1684.3802369270113,1078.045744887148,187.1745367149746,5.734114093489501,186.18490421884295
S-S3a,2000.0,8399,9659,2085.747731630092,126.0,59.59279233228834,1.0103769241169713,1495.2357998303182,468.79404198636075,152.6183607623324,9.239605643885415,139.46482246237866
S-S3a,2000.0,8489,9749,2083.885968166598,126.0,59.53959909047423,0.9999656975397486,1494.428755033912,405.6067808007992,183.49551918578274,8.469935597070378,183.5594145872033
S-S3a,2000.0,8579,9839,2121.3524899191343,126.0,60.610071140546694,1.0624858296558881,1545.0585853654802,693.4947690079713,176.90775822383821,9.445629344482738,54.978215168601366
S-S3a,2000.0,8759,10019,2180.919867730261,126.0,62.31199622086461,1.1440262387608633,1649.0031411298112,447.10124761812426,153.96883906984712,3.979768666450288,138.29182199591548
S-S3a,2000.0,8849,10109,2206.3991440650752,126.0,63.03997554471644,1.1682843728441208,1733.49314142149,889.6508353832049,151.67034657214748,5.853634261973405,195.05201075915454
S-S3a,2000.0,8939,10109,2015.6372824485334,117.0,62.019608690724105,1.1735822259935063,1608.6383283920136,990.6313772376883,113.95362889799344,4.974755960089589,216.9597555610354
S-S3a,2000.0,9119,10200,2118.212439277786,108.09999999999991,70.54176486031486,1.2446039660058434,1860.0034972510566,1088.8982043387457,227.24533902609235,8.198871289955736,237.2117361888941
S-S3a,2000.0,9389,10380,2269.9720523948636,99.09999999999991,82.46114418387,1.1729417266937925,2093.9335951048765,2611.8158152129745,431.62668508192115,10.972466408156883,111.9271607642
S-S3a,2000.0,9569,10380,2009.9164521302337,81.09999999999991,89.21947259764303,1.1444038559076268,2002.194890449864,2514.6780538160797,463.284377993077,12.842783922343395,238.43199815675007
S-S3a,2000.0,9749,10649,2019.9799028211546,90.0,80.79919611284619,1.0801859072913615,2006.8080235568884,382.00971615174103,345.46670410429454,7.163815811646928,213.5669800006239
S-S3a,2000.0,9839,10829,2114.4401399351846,99.0,76.88873236127944,1.07904275396247,2093.162609657604,313.2401753072576,301.1938666594795,3.5311180189190465,160.34026970027756
S-S3a,2000.0,9929,10919,2093.356634313399,99.0,76.12205942957814,1.0692792002632554,2070.879344498751,509.91507476324125,309.19375451770725,2.737245244048606,187.3117648143697
S-S3a,2000.0,10019,11009,2275.424647620497,99.0,82.74271445892717,1.0614101517666215,2244.329015867337,489.5974040673569,519.459945901385,4.452995936791728,411.5730807838813
S-S3a,2000.0,10109,11009,2040.2016181589333,90.0,81.60806472635734,1.064983217256297,2009.7796881268239,443.3617008816232,470.6702677444821,3.5467413329145745,368.60652179914206
S-S3a,2000.0,10200,11369,2118.651851552255,116.90000000000009,65.24505274241328,1.1646226648572255,2082.16505345746,224.59964815826152,132.7635722442499,7.408792076786229,194.83361345794972
S-S3a,2000.0,10200,11369,2118.651851552255,116.90000000000009,65.24505274241328,1.1646226648572255,2082.16505345746,224.59964815826152,132.7635722442499,7.408792076786229,194.83361345794972
S-S3a,2000.0,10380,11460,2090.7020933285294,108.0,69.69006977761764,1.1230312994617238,2054.215161545601,275.87330947979785,273.93693478830966,6.591697427875211,50.85800629436684
S-S3a,2000.0,10559,11640,2249.9473757326887,108.09999999999991,74.92886727694437,1.1257955259900758,2213.753120196612,440.47835669895557,436.8872550601543,5.132842957627301,209.281799417071
S-S3a,2000.0,10739,11730,2082.6182406055777,99.09999999999991,75.65515303915325,1.1469176865732293,2071.504106869452,900.7565890886796,442.3840786034826,7.548332852555046,200.972971287109
S-S3a,2000.0,10919,11910,2014.1541046002822,99.09999999999991,73.16806030838569,1.1769914254154503,2001.8713625177136,415.4440384440632,418.8452500787803,2.886372048870488,142.28185436911218
S-S3a,2000.0,11009,12269,2086.253732491017,126.0,59.607249499743354,1.25,2069.3288624000556,66.18182383194282,81.0208346393379,4.180989480373912,421.02228416300665
S-S3a,2000.0,11009,12269,2086.253732491017,126.0,59.607249499743354,1.25,2069.3288624000556,66.18182383194282,81.0208346393379,4.180989480373912,421.02228416300665
S-S3a,2000.0,11100,12360,2191.5009501579716,126.0,62.61431286165633,1.25,2168.641654998361,269.45543227686466,204.92180918847777,5.678497673502247,292.91401956903957
S-S3a,2000.0,11369,12629,2113.867621033516,126.0,60.396217743814745,1.1124948757307649,2091.9602684932242,595.175939914086,225.1262950005831,10.126204643738209,16.500821739418534
S-S3a,2000.0,11460,12720,2022.164397308763,126.0,57.77612563739323,1.2103644483717284,2004.7086733447366,516.5449932968011,177.15042844141092,5.520441966841825,212.06879565129324
S-S3a,2000.0,11640,13079,2024.6182116399523,143.9000000000001,50.65062933915097,1.1456105045648826,1998.0615729375127,499.0617046830836,102.22615948456648,7.547260974770105,178.67124889949812
S-S3a,2000.0,11640,13079,2024.6182116399523,143.9000000000001,50.65062933915097,1.1456105045648826,1998.0615729375127,499.0617046830836,102.22615948456648,7.547260974770105,178.67124889949812
S-S3a,2000.0,11820,14000,2053.87842829685,218.0,33.9172584489388,1.2307672371083633,1989.7016188816103,302.65485927824136,180.83219644967173,10.30416060109741,248.20762000316253
S-S3a,2000.0,12090,14680,2142.4235280226167,259.0,29.778859848963013,1.2303397253324602,2078.929454883726,171.58338960909336,215.73280845303694,8.81672553049523,229.11921185729113
S-S3a,2000.0,12090,14680,2142.4235280226167,259.0,29.778859848963013,1.2303397253324602,2078.929454883726,171.58338960909336,215.73280845303694,8.81672553049523,229.11921185729113
S-S3a,2000.0,12360,15640,2162.14536758913,328.0,23.7308637906124,1.1596830073328523,2119.062003310039,407.2128323076134,139.75006065493426,11.70760065664755,184.8113371639027
S-S3a,2000.0,12450,15640,2024.6121613544328,319.0,22.848287714344696,1.1885826254015177,1982.8588261737432,89.34452242624151,126.36611435697425,11.940112915636536,233.57793076383638
S-S3a,2000.0,12720,15910,2015.6450655320405,319.0,22.747091648637447,1.1474908676951916,1981.386961473897,97.84407744311238,124.85403215361002,13.150843586170659,155.9178512771607
S-S3a,2000.0,12900,16270,2171.68493646332,337.0,23.19900822334704,1.1008284626962082,2137.9340199849557,321.0770703027467,48.89872895464399,10.814768478341733,273.4744388860809
S-S3a,2000.0,13079,16270,2073.8967189743416,319.0999999999999,23.39714255188854,1.039861518872823,2042.4432118554341,1014.982910296106,28.25600843524007,10.336154212601269,53.70059969810944
S-S3a,2000.0,13260,16450,2039.1916312529029,319.0,23.01282091696066,1.1659624123969303,2017.3607762422341,1414.6576899693996,166.05665600084276,9.85312031488179,485.00148472231984
S-S3a,2000.0,14270,16810,2009.0741191471825,254.0,28.475066255629358,1.25,1976.6739838486737,449.8898574194165,328.299726887042,5.281164940987426,462.1333562627801
S-S3a,2000.0,14680,17079,2066.174327970566,239.9000000000001,31.005533892013485,1.0850915650844997,2014.6226320955573,554.041301161674,329.13810640975356,5.512482555036313,480.31596541595616
S-S3a,2000.0,15280,17170,2014.639838176132,189.0,38.374092155735845,1.1430669853845963,1962.1428387835742,555.3488615748304,353.72435678943486,6.245909613182076,478.0762228765933
S-S3a,2000.0,15640,17619,2044.079870230329,197.9000000000001,37.18386828109743,0.9815499711318105,1887.6945215957448,717.9555493448671,487.4518795753873,4.473197400933854,487.4518795753873
S-S3a,2000.0,15819,17709,2009.2656160256047,189.0,38.27172601953533,0.9543543409678931,1782.5118041398591,695.215965719525,470.6718564255077,5.0385287501889096,357.2452910303548
S-S3a,2000.0,16090,18420,2025.1895588628868,233.0,31.290482454533873,0.9913929397399212,1237.7369898510838,1395.7682992516834,486.9022163483325,6.299369088146588,486.9022163483325
S-S3a,2000.0,16270,18690,2069.2615608710075,242.0,30.782403384857965,0.9095995398912263,1277.9456502883875,1372.5374645723707,478.6102890354223,8.418577178372551,293.58504456614065
S-S3a,2000.0,16450,18959,2071.076084112654,250.9000000000001,29.71651615307115,0.8757753179571292,1249.8179489851182,1461.1577300543295,477.1004054128531,10.54173071862614,220.46954955159913
S-S3a,2000.0,16810,19590,2027.7449511916493,278.0,26.25856771327316,0.8595739421390793,966.8607519508524,1784.7233504284286,493.8185170554295,8.455041312873528,169.92310473062187
S-S3a,2000.0,16900,19680,2007.155225974595,278.0,25.99193817808828,0.8731508399919701,841.6536764184758,2007.9399295895173,483.80815226802474,3.1382693560874504,192.66663217552804
S-S3a,2000.0,17170,20130,2051.495280071951,296.0,24.950618271145352,0.8046121053921146,449.5444405941254,2567.4018228598884,489.187427480297,5.5521678614679555,58.47250703689553
S-S3a,2000.0,17350,20310,2076.4352781607013,296.0,25.253942572224748,0.826789797208872,388.0879614058506,2902.0487141476538,452.40795997163855,3.1751121471453296,89.18949895828126
S-S3a,2000.0,17709,20669,2068.727370040575,296.0,25.160197743736724,0.8,469.01430387669905,2494.7546268703986,448.94665241270684,0.6019026038476312,54.581493559637536
S-S3a,2000.0,18150,21029,2078.0207860334704,287.9000000000001,25.98428214560782,0.8,444.8744758494527,2246.466434987892,484.66174458454935,2.033301993567515,17.551981565196115
S-S3a,2000.0,18510,21570,2059.22399307472,306.0,24.226164624408472,0.8518217800369683,602.9607467912679,3116.6695482264095,485.6808503313162,485.6808503313162,485.6808503313162
S-S3a,2000.0,18869,22110,2139.9230440787433,324.0999999999999,23.76958641988114,0.8014986979472534,901.266590977387,3541.328239115798,472.61469657168215,50.56554269161135,54.055265705015174
S-S3a,2000.0,19230,22380,2019.6054082599512,315.0,23.081204665828015,0.8430890540710392,1302.6051335818538,3875.3402777481865,480.98408149565944,52.64675359286996,225.15672573481825
S-S3a,2000.0,19680,22830,2098.5925353909806,315.0,23.983914690182637,0.810257252868135,1144.3147710959847,2684.8838921360007,489.04997684975456,27.901016818188786,87.12047754128027
S-S3a,2000.0,20039,23369,2003.5449165976788,333.0,21.65994504429923,0.835458470135746,896.8258652877065,1664.5040382785674,491.73818960835735,35.30260570813572,180.85999468366217
S-S3a,2000.0,20310,23909,2100.4377414907103,359.9000000000001,21.010213585347472,0.8427024391756817,944.9409336229813,2136.2633489603336,476.42071201523555,48.87173768957435,308.0973375700296
S-S3a,2000.0,20579,24000,2182.665184398611,342.0999999999999,22.968706997471504,0.8045462921691139,951.366430861627,1900.3679611419884,472.7683576376029,47.43428463416778,46.311573171255034
S-S3a,2000.0,20850,24179,2015.9571966442927,332.9000000000001,21.800678605946086,0.828187714379416,777.4742629874117,2562.3062758913043,486.3946499567859,52.45384107996133,285.4185904799594
S-Vta1a,500.0,0,880,503.35897242527045,88.0,20.591957962851975,1.0,460.1179226230776,919.4064405406533,103.29388916730238,5.045046618185329,103.29388916730238
S-Vta1a,500.0,640,1170,503.8496329521539,53.0,34.22374865335385,0.8719394147009983,500.8451533137373,118.66972202067275,104.21050435409764,0.9649333284289988,26.442476754575768
S-Vta1a,500.0,880,1600,504.43390019978,72.0,25.221695009989002,0.8380311227581504,477.90620569971617,155.25511582887492,63.21712309117407,1.2418749498378592,28.525399345852755
S-Vta1a,500.0,1160,1930,511.41547312616956,77.0,23.91033380849624,0.8438622369219471,479.9220011632039,267.7962907764434,60.815340750202914,6.3019906773877965,28.031766821736
S-Vta1a,500.0,1600,2110,514.146502735899,51.0,36.29269431076935,0.8749964632055136,398.7194271462497,227.37203347067796,1.070444830225557,9.829961678983526,63.95420136769665
S-Vta1a,500.0,1930,2230,528.5687284431872,30.0,63.42824741318246,0.8760442279879226,509.3854422208067,787.7741549219353,124.37166072157402,4.974897384308772,173.86726422237598
S-Vta1a,500.0,2100,2340,517.9559052771735,24.0,77.69338579157603,0.946693594295186,517.9163022129887,154.6920060996709,154.43345646321256,1.2349956917288196,173.84986367152445
S-Vta1a,500.0,2230,2480,502.16164101395657,25.0,72.31127630600974,1.0646029588000618,502.09518198703256,161.58947045856073,161.92595297976186,1.835594761649703,139.9025129555358
S-Vta1a,500.0,2340,2619,505.41140839631544,27.900000000000034,65.21437527694385,1.1190147460669952,505.3082244073553,183.92320014309186,180.85217764507607,4.238850833558232,142.16130782590326
S-Vta1a,500.0,2460,2830,501.49396745163267,37.0,48.79400764394264,1.1869706494934742,498.28709634510096,139.45793407923458,138.1939505221262,2.993007781737476,70.94517986171921
S-Vta1a,500.0,2609,3060,500.90012028249566,45.099999999999966,39.98315816002186,1.25,359.5470746318812,277.71991351340336,45.50829522981461,15.878600855976076,64.71923660078467
S-Vta1a,500.0,2830,3210,504.3079580148428,38.0,47.776543390879844,1.25,476.8958992732634,539.432068201554,79.76941124040455,13.921908962220183,23.86516483919884
S-Vta1a,500.0,3060,3350,532.1213297053091,29.0,66.05644092893493,1.25,522.6935240129723,182.83834339185876,182.9879307998353,4.117116274820898,96.7572030761883
S-Vta1a,500.0,3210,3460,500.5641124230083,25.0,72.08123218891319,1.25,499.51533888442435,223.97919979062195,190.9954060738381,2.3781965638566676,113.60482755055568
S-Vta1a,500.0,3350,3590,504.9259154364481,24.0,75.73888731546722,1.25,489.8715361017438,214.6637220927135,200.1346611667058,8.811819638441373,125.42838429650745
S-Vta1a,500.0,3460,3700,515.5598227935579,24.0,77.3339734190337,1.25,509.82472614555604,299.1335156001513,199.81564118459562,5.2447889626672515,121.85781608355151
S-Vta1a,500.0,3581,3820,521.6818693025602,23.899999999999977,78.57969579452798,1.25,520.9190913831808,182.23523742212623,182.2012991153093,4.88892966284043,97.51276555282345
S-Vta1a,500.0,3690,3920,505.7566421572001,23.0,79.16190920721392,1.25,491.8547849815748,186.1506635924815,168.47187545646673,1.5024059576014623,84.04729683847472
S-Vta1a,500.0,3800,4050,509.11699954630603,25.0,73.31284793466807,1.25,499.45273814857296,169.90488605013707,161.1097166951172,4.71345530713215,77.5032961120331
S-Vta1a,500.0,3920,4190,510.9486666352841,27.0,68.12648888470454,1.25,503.58686940174556,179.63860419169959,151.76208928605865,6.921291923846717,63.064207215148215
S-Vta1a,500.0,4050,4321,510.2834215414241,27.100000000000023,67.78672758483857,1.25,501.912878404295,195.05394704303203,135.25565652319582,6.448088159341834,42.723597740056064
S-Vta1a,500.0,4180,4430,501.55106710770906,25.0,72.22335366351011,1.25,481.11060873480716,195.79996226960307,103.09604609710141,2.2794280177057025,2.9249947238270355
S-Vta1a,500.0,4321,4540,503.81146034360154,21.899999999999977,82.81832224826336,1.25,500.2383232836548,78.06507076414843,79.15578349518623,0.8814462277920738,26.846875532635494
S-Vta1a,500.0,4430,4640,504.76180735683374,21.0,86.53059554688578,1.25,497.80690847840003,184.64636320620266,63.25937594308102,5.149722917969238,47.2811282123027
S-Vta1a,500.0,4540,4750,507.72974695600533,21.0,87.03938519245806,1.25,507.56983990794123,102.76028221719274,42.58701555130541,4.754161432181903,74.07450996945585
S-Vta1a,500.0,4640,4860,517.6467207634114,22.0,84.70582703401277,1.25,516.9328042611103,48.358144105428806,24.476608064462535,8.127019997315752,101.1229686381321
S-Vta1a,500.0,4740,4990,512.4270598898029,25.0,73.78949662413162,1.25,508.778107255417,138.16409264601012,17.617130279215612,5.178016409440212,149.8138497113428
S-Vta1a,500.0,4860,5130,505.0011682373006,27.0,67.33348909830676,1.25,497.2058500703822,133.16373542845338,12.99802114738302,1.9049421549021124,142.09348145333925
S-Vta1a,500.0,4980,5260,526.2949149871838,28.0,67.66648906978078,1.2063220587995904,519.0333251311423,92.68831220026826,4.58428166819578,4.340776170676341,105.53654154085022
S-Vta1a,500.0,5120,5410,507.52491854938125,29.0,63.00309333716457,1.1545698490164673,504.7289695648717,212.94777194595684,67.41914108248388,7.297041621421047,156.15952246632247
S-Vta1a,500.0,5260,5580,503.851575332229,32.0,56.68330222487577,1.1107495927499769,499.81854837531364,205.92219221706443,181.78622773155766,6.415950989973952,257.87713564430624
S-Vta1a,500.0,5400,5720,504.1045235469028,32.0,56.71175889902656,1.0480926140144038,499.63764979728387,277.59765040388504,221.89555861723713,5.156388410625925,256.8226625523234
S-Vta1a,500.0,5560,5860,508.67590755762194,30.0,61.04110890691463,0.9745150268477251,500.1803868402728,149.98798784457568,181.38469062816,4.6431038337867685,163.89435662345466
S-Vta1a,500.0,5720,5980,511.1384285404183,26.0,70.77301318251946,0.9063575359658538,510.104051372153,264.64129746587173,40.08978523897013,3.4353581602940566,11.702339185703371
S-Vta1a,500.0,5860,6100,509.12629814164757,24.0,76.36894472124713,0.8776610009716617,507.85474413976976,81.72475114344083,60.33162160309429,0.2961547643857797,115.18646126079452
S-Vta1a,500.0,5970,6250,508.12283801447666,28.0,65.33007917328986,0.8691156616024327,504.1190711401098,48.38592884277136,19.710656653173338,6.025303433681776,82.80635251514616
S-Vta1a,500.0,6090,6409,519.0173149641869,31.90000000000009,58.572486955205875,0.8809802446257728,498.7535065926436,237.3605325995762,34.370522388689146,6.423281035596899,32.78181874952567
S-Vta1a,500.0,6250,6519,518.9254179004547,26.90000000000009,69.44726782310894,0.8825102425672253,505.3784384605779,280.03854847530823,23.951994323045223,3.522962902818311,82.49645463801563
S-Vta1a,500.0,6399,6609,509.7898293358594,21.0,87.3925421718616,0.8644426459774485,509.12049186392017,164.65931253096704,74.33109735887868,1.8146582833556633,133.32486195055634
S-Vta1a,500.0,6509,6710,537.3912551053545,20.09999999999991,96.24918001886991,0.8889916203467335,534.1992525221233,164.84616210173502,106.1414722046006,7.885969674213491,153.61932597970778
S-Vta1a,500.0,6609,6820,514.2469823837364,21.09999999999991,87.73882163893171,0.9282719391672248,502.4645846923879,181.0895522009011,102.5703145365843,5.601922714322987,131.91422354784396
S-Vta1a,500.0,6710,6979,508.0274694795571,26.90000000000009,67.98880632440147,0.9798536157149609,490.49522825723034,40.21835881088671,55.486636007486375,3.4776075334103465,64.57321724673928
S-Vta1a,500.0,6810,7090,514.1497283773824,28.0,66.10496507709203,1.0291904775645053,500.8923661938906,291.9226374519129,73.04838925136212,2.703091323465112,60.14722743583759
S-Vta1a,500.0,6959,7231,526.931228323001,27.199999999999932,69.74089786627972,1.0812673768836554,522.1517078774207,94.9868239518331,89.83736273222365,1.8144587310943707,54.354236503079726
S-Vta1a,500.0,7090,7359,515.629513355696,26.90000000000009,69.00618022604085,1.126598898934875,507.6296892705617,252.25431109476546,34.09615789214396,4.458353051784044,27.3645511503452
S-Vta1a,500.0,7219,7459,508.8429600950785,24.0,76.32644401426178,1.1178544742526304,508.2907699472627,94.44495649364994,29.339699962713734,2.819968633174947,27.47633310068609
S-Vta1a,500.0,7349,7579,508.85570776213353,23.0,79.64698034537743,1.112686403855402,508.84345205129205,61.42085083368425,32.26319293946879,3.3610199123582114,21.958957107392315
S-Vta1a,500.0,7459,7680,501.12333209352437,22.09999999999991,81.63095002428486,1.1304876287553736,496.41770434595276,66.01223683742214,48.43530514124032,4.151555556683666,11.657243138284713
S-Vta1a,500.0,7569,7819,506.63795375148584,25.0,72.95586534021396,1.1457013213362433,499.94144796626233,92.03030650585151,5.276490195799141,5.068715987401949,71.89826545528571
S-Vta1a,500.0,7680,8019,504.0167566483542,33.90000000000009,53.52390336088703,1.145475814072383,498.67034007441845,158.14064070692655,103.85675108782783,0.6360484341372863,192.37964382485595
S-Vta1a,500.0,7819,8229,505.71696237559445,41.0,44.404416208588785,1.1084288707171706,494.7679307900049,244.31290660024348,116.8481782546541,0.7867399969178008,184.28063121515152
S-Vta1a,500.0,8001,8550,501.1736286252144,54.89999999999998,32.863844500014075,1.0402725288938974,478.1331200232757,165.88179622465415,75.47707691698979,3.209488351791958,98.57479056338352
S-Vta1a,500.0,8219,8770,523.3125385190633,55.09999999999991,34.19101885061037,0.9996521136298219,511.69938498140476,159.40530584197978,66.1137751893408,6.44272683920987,65.91041383120701
S-Vta1a,500.0,8550,8880,539.2975480423229,33.0,58.83245978643522,0.9477256131418812,534.1704386077333,10.40684141452279,7.828526370829833,7.805224010177479,27.194739522338487
S-Vta1a,500.0,8770,8989,502.74680116494346,21.90000000000009,82.64330978053832,0.8970301766524394,502.1286067290688,143.25534051917177,95.09879917256828,6.380693472745573,137.02916560233194
S-Vta1a,500.0,8880,9119,508.2249578143401,23.90000000000009,76.55271331094633,0.9053248550183043,503.11639412358954,144.31593528705002,147.09547801960642,2.8217308504834118,180.96609608553135
S-Vta1a,500.0,8979,9229,512.9888780886395,25.0,73.87039844476409,0.9441776224158435,504.87002820582154,174.6812647482401,180.96877728970887,1.6881682000017988,199.49279023030402
S-Vta1a,500.0,9090,9359,510.93949098417943,26.90000000000009,68.37851923951821,1.0234746562658246,509.1783761060224,175.3979930097372,175.81168078896638,0.7740537950967015,167.94435149633466
S-Vta1a,500.0,9229,9499,514.1789155033239,27.0,68.55718873377651,1.108739022586714,507.8226552568746,181.53009233754574,180.82956976626008,1.9580401182669704,145.36977837018208
S-Vta1a,500.0,9349,9640,531.7738053089088,29.09999999999991,65.7864501413085,1.1899432625479465,518.1774354676061,177.19937073478482,156.2550202869598,3.7660301632237587,88.5135280374354
S-Vta1a,500.0,9489,9769,500.652063781572,28.0,64.36955105763069,1.2355299259416406,474.2915730010508,220.38444617209453,125.66594049951871,5.891095632956992,38.20500386949307
S-Vta1a,500.0,9629,9899,502.2802073820694,27.0,66.97069431760926,1.25,499.90014542300486,240.28400912620037,92.8787865092887,3.282774283966856,8.812660980330525
S-Vta1a,500.0,9769,10050,514.9384937738778,28.09999999999991,65.97076788562157,1.25,510.5458907471043,164.42152042701278,65.62689612845458,3.916307687628112,46.65871505991737
S-Vta1a,500.0,9899,10210,507.6776530535899,31.09999999999991,58.76654504800415,1.25,498.3944297023028,56.414373851986035,52.504163271825185,2.572683155707743,61.348539992460964
S-Vta1a,500.0,10039,10310,502.25014518878925,27.09999999999991,66.71957648264382,1.25,494.9636131393487,239.9745390075473,105.00704212867505,3.4347425013388997,6.6485803595125885
S-Vta1a,500.0,10210,10400,501.5479215288342,19.0,95.03013250020017,1.25,500.03986353980076,215.17065905995784,201.1471776272565,1.2371421986690927,126.35368530706873
S-Vta1a,500.0,10310,10511,523.6431809014211,20.100000000000136,93.78683837040316,1.25,521.4984011234648,214.03435910277656,212.1291539153862,1.1030786598300504,135.18320783238588
S-Vta1a,500.0,10400,10630,530.6914002212216,23.0,83.0647409041912,1.25,523.5546420638416,145.43401854485128,143.28093362283843,1.473785930579693,47.16569181622694
S-Vta1a,500.0,10500,10740,540.404435401324,24.0,81.0606653101986,1.25,532.1118300782881,221.02797398613188,82.6502651395385,0.7194443737931684,31.81909206178575
S-Vta1a,500.0,10610,10830,504.2167132970826,22.0,82.50818944861352,1.25,502.8122360650688,66.13315727988936,54.88063776492318,2.3476876057272014,57.37958227771313
S-Vta1a,500.0,10720,10950,514.4300533220448,23.0,80.51948660692877,1.25,510.0787000227169,70.72176807869303,58.69213595141599,2.782751080664124,54.53955286780118
S-Vta1a,500.0,10830,11080,508.11183745835297,25.0,73.16810459400283,1.25,492.1894763261561,67.81372435136049,42.191035164280464,2.951228686960022,73.91814795388373
S-Vta1a,500.0,10950,11250,534.8101972076583,30.0,64.17722366491901,1.25,516.3036886660842,90.94292122231215,6.20396518448791,3.7023616623356324,126.33801204288052
S-Vta1a,500.0,11080,11360,504.93349742751525,28.0,64.9200210978234,1.25,494.40995469447324,270.0041982238493,18.11882355991589,2.7221536422367762,102.90507171520133
S-Vta1a,500.0,11230,11480,521.0096797549486,25.0,75.0253938847126,1.2265683721699097,519.0352476896613,104.23124914157177,72.20083072255225,4.187759328572665,29.539964292785157
S-Vta1a,500.0,11360,11590,511.7256892092446,23.0,80.09619483275132,1.2369258429589511,506.31680163494224,269.65753608767113,93.6807660213432,2.3002766545448248,5.61483574092845
S-Vta1a,500.0,11470,11740,530.0939033496252,27.0,70.67918711328336,1.2197323157068456,527.8172932119326,82.1717434254929,58.485166226652815,3.769774414405301,45.17725565425375
S-Vta1a,500.0,11590,11950,523.4601892715837,36.0,52.34601892715837,1.1848462930405015,445.43265252277484,296.84328141456007,14.618061315746756,3.8554742312905357,79.4848538151439
S-Vta1a,500.0,11720,12130,510.9465579932221,41.0,44.86360021403901,1.118659254972795,450.2506248668911,184.26264113832127,9.136989139074895,5.243593089563968,49.78732364657779
S-Vta1a,500.0,11910,12340,507.0788036734448,43.0,42.45310914475352,1.09835153546684,483.96389006394884,610.389783283714,16.402549034074944,3.7038404090897323,31.548024318639644
S-Vta1a,500.0,12120,12490,516.4918209760071,37.0,50.25325825712502,1.0822434501056015,514.8227302904571,59.83339442934357,57.622433252668664,0.5332946381315677,19.881977512822946
S-Vta1a,500.0,12330,12590,517.0004149265078,26.0,71.58467283597801,1.090429151804647,516.637513938494,166.79864335467687,102.18922898345093,0.31816645449561626,64.66686459899122
S-Vta1a,500.0,12480,12690,500.5432472415814,21.0,85.80741381284254,1.1102436752273253,497.345151941818,118.45316179156126,95.00453367571627,6.156685101321459,51.04306590181464
S-Vta1a,500.0,12590,12810,519.4730405836817,22.0,85.00467936823883,1.1424990300661246,499.526600079089,136.64562478513983,106.3507236050385,4.866569448191544,48.05607000192371
S-Vta1a,500.0,12690,12920,507.9280035131269,23.0,79.50177446292422,1.123965454917173,500.5433341735231,151.59480972469578,114.99097337741964,3.006491828428456,67.04094665997218
S-Vta1a,500.0,12810,13070,508.3004869567485,26.0,70.38006742478056,1.1432925921341786,500.8685424965443,61.866642742867064,55.291315522461105,3.0562001133690275,9.189234356711669
S-Vta1a,500.0,12920,13170,501.1930210442988,25.0,72.17179503037903,1.1686198762017859,495.62759312299704,177.74206994190484,31.62270862391489,0.8110861379084234,47.68243472126101
S-Vta1a,500.0,13050,13290,507.6536249947603,24.0,76.14804374921405,1.1744152439802387,500.82554940252777,105.53232014343519,56.87087640674466,4.838867095316362,22.29838868313492
S-Vta1a,500.0,13170,13430,507.8899751718891,26.0,70.32322733149235,1.1642639271374697,504.99493255511135,144.2323991647602,90.5136127053786,6.899982832752566,23.420002371008717
S-Vta1a,500.0,13290,13570,507.57438375721904,28.0,65.25956362592817,1.1804456024330958,476.9047825090082,177.0125511768363,79.13132906316302,2.8092466891058696,2.5966082723755965
S-Vta1a,500.0,13420,13720,523.1065261356889,30.0,62.77278313628267,1.191251946090897,510.51621786848796,366.5081494641231,6.755558802964235,2.6343706790846997,92.75246194065802
S-Vta1a,500.0,13560,13880,518.0086867420214,32.0,58.275977258477404,1.2012362451651368,512.1182355923355,300.4003413687195,83.42035054486608,1.048129974979668,204.55322731156664
S-Vta1a,500.0,13720,14010,508.97919207989617,29.0,63.183623844400906,1.1675254019370673,507.4252816382306,71.42124128105579,19.36560991741448,0.9960141830140034,107.83728145271947
S-Vta1a,500.0,13870,14120,520.6771627214803,25.0,74.97751143189316,1.0890930941008372,520.0253660100044,101.19199633108882,92.005604219429,0.9073265629559634,53.89052201063195
S-Vta1a,500.0,14000,14260,516.35826173432,26.0,71.49575931705968,1.0864709862259745,508.9739613711438,127.85667861761424,45.27524029581103,3.299196702202307,5.5223293974200836
S-Vta1a,500.0,14120,14459,505.36764135969133,33.90000000000009,53.66736014439186,1.0765489023587267,485.7451009831805,114.82512034613171,72.80660407734923,2.820850352666104,116.85915723084192
S-Vta1a,500.0,14250,14660,515.8103716184451,41.0,45.290666776253715,1.0674125690032021,474.8787050346413,376.67874580533515,108.26528565339945,8.575078267255114,150.0711053566048
S-Vta1a,500.0,14410,14780,508.9572949389076,37.0,49.520169237299115,1.055786635255603,479.34008356334306,90.89450921525074,46.103711350230846,7.2950806331039,77.03680130774347
S-Vta1a,500.0,14650,14910,519.9064280023304,26.0,71.98704387724574,0.9667435789092823,515.7645291721616,138.8403258699015,96.637478880524,5.351985959253953,110.73662526473038
S-Vta1a,500.0,14780,15030,510.12145606338163,25.0,73.45748967312696,0.9704035209582746,507.5361440167713,108.50148383559579,109.56577112408308,4.084533517305624,121.39108603274153
S-Vta1a,500.0,14900,15160,516.1761112598797,26.0,71.47053848213719,1.0003574918887075,515.3817667980776,171.95247872089558,137.75106748291165,2.95724730436396,137.616273378203
S-Vta1a,500.0,15020,15350,512.0988226455665,33.0,55.86532610678908,1.062795141764379,494.3366067331215,245.51333376581195,69.54361345766362,5.900539691432276,42.03981427918238
S-Vta1a,500.0,15150,15470,513.2140533152815,32.0,57.73658099796917,1.1085443492221194,497.85533606038115,122.20645972476888,86.91392308642978,4.040640212434862,41.0722911883179
S-Vta1a,500.0,15350,15630,533.9547891882903,28.0,68.65133003849446,1.0598501029378151,522.6647194716539,233.8214930249991,142.39282253235783,1.7256616116627495,119.03275722173407
S-Vta1a,500.0,15460,15750,509.6143683595874,29.0,63.26247331360395,1.115912494712771,506.84610055994466,87.10575492020043,89.0609480231584,0.6444392705916708,40.28820859729266
S-Vta1a,500.0,15610,15900,504.45254715881674,29.0,62.621695509370355,1.1547932969319175,504.1350530913691,90.18499339974066,69.17339153586906,0.6818507902197096,1.7090304263695837
S-Vta1a,500.0,15750,16040,508.1673971949094,29.0,63.08284930695427,1.2209556053152655,505.1973200496295,78.48912288800807,42.106334051977306,1.620292110985816,60.57692387512428
S-Vta1a,500.0,15900,16180,518.0953217021124,28.0,66.61225564741446,1.2357330541944611,516.8178308057135,47.30040353873344,46.14282486701749,1.7122930083978143,65.23938452270545
S-Vta1a,500.0,16040,16350,503.1784464840748,31.0,58.43362604331192,1.2184736303642938,474.5656083851977,132.33999339498064,52.45574237226442,5.351050172696719,42.1218134855083
S-Vta1a,500.0,16170,16530,504.0053107884196,36.0,50.400531078841965,1.1958881803211976,428.453094173637,17.375400963013334,59.15113240227303,9.205782515829418,26.482178121829172
S-Vta1a,500.0,16330,16660,507.43325328526043,33.0,55.356354903846594,1.1696224660405454,467.84573492377064,30.03099168931823,60.98521418889824,4.08251884044421,14.04089773553199
S-Vta1a,500.0,16520,16820,515.3314353602327,30.0,61.83977224322793,1.2022104985730744,510.90677608227884,167.20105750648642,52.139147042648744,2.1087272731048015,41.23483549671354
S-Vta1a,500.0,16660,17000,512.5627520985727,34.0,54.27135022220181,1.1499793511792256,508.71557627189526,101.85615713662594,1.674139776557471,3.2285206133076016,76.91529969114153
S-Vta1a,500.0,16810,17280,507.6291331851098,47.0,38.882231478008414,1.1312678201915924,479.829520271227,104.92562804378902,78.20780578264264,8.310948618063454,154.02163966847198
S-Vta1a,500.0,17000,17610,503.0059857708802,61.0,29.685599160248668,1.0960593356280328,412.9060898705755,397.839922953756,136.76261084480694,10.19860027036754,197.2614664088899
S-Vta1a,500.0,17270,17820,507.8774581979378,55.0,33.24288817295593,1.0417521502284104,335.95264921299747,601.308154747066,253.86353606654077,5.137621775047308,285.50635682967965
S-Vta1a,500.0,17580,18030,503.30799043107254,45.0,40.264639234485806,0.9669375850401298,488.20385981928325,997.3675990589686,371.40771953079314,5.819751348485379,342.56552533158043
S-Vta1a,500.0,17820,18190,509.0529618193759,37.0,49.529477366209555,0.8193881633269915,466.3365468585779,368.19991378488936,142.5823915712853,2.3856202972987965,25.036773662558886
S-Vta1a,500.0,18030,18320,508.2079813258242,29.0,63.08788733699887,0.8,503.5157661709309,144.67577628395443,88.97171862611893,1.2547268576121253,172.12080273929442
S-Vta1a,500.0,18190,18470,500.8782713042092,28.0,64.39863488196976,0.8,493.42514187477184,106.26919276583024,104.86093748542073,3.0648629849861972,183.94011630811866
S-Vta1a,500.0,18320,18720,508.7687693472217,40.0,45.78918924124996,0.8,507.2856283676387,48.82320123342949,21.725056701905284,2.640729277517486,84.07594072952104
S-Vta1a,500.0,18460,18890,509.75946835601644,43.0,42.67753688561998,0.8416714617698376,482.8327715130318,161.36194994970796,119.17945336911637,3.2075237278080873,20.07878766726802
S-Vta1a,500.0,18710,19080,525.9085956884956,37.0,51.16948498590767,0.8295919470804124,473.468610212384,171.1039393111062,125.71270542150108,6.4270105432161175,15.967782904535454
S-Vta1a,500.0,18890,19240,504.76233888386196,35.0,51.91841199948295,0.8558323201519822,452.323765238593,627.476431678131,102.23165989172368,4.65401793297844,15.48697364115268
S-Vta1a,500.0,19060,19420,514.5444014645582,36.0,51.45444014645582,0.9125029558093516,498.6908268761253,186.79803034923094,94.34268604556344,2.6069391450598967,41.157004196100296
S-Vta1a,500.0,19230,19570,507.38571547599713,34.0,53.72319340334087,0.959184129678777,505.141531121408,196.58822667592852,60.73719200920503,1.1534714838148223,37.57464400155806
S-Vta1a,500.0,19410,19790,524.4348039177421,38.0,49.68329721325978,0.9117386788048275,512.9707935187834,141.78340728778232,88.60779838221723,1.777677114152868,34.59031283143811
S-Vta1a,500.0,19561,20001,512.8525906648683,44.0,41.960666508943774,0.8738258533045542,489.16457354849564,311.21169084236436,244.31527232335384,2.620477630474608,148.98313341411813
S-Vta1a,500.0,19770,20211,510.4552841888908,44.100000000000136,41.66981911746034,0.8510568830833597,503.75287851140934,346.66628708794,305.69343074705733,4.815941726907035,184.46850539724394
S-Vta1a,500.0,20001,20370,501.0861771669697,36.899999999999864,48.88645630897283,0.8,495.7077568544786,242.7520074160132,175.90086381158414,4.038714606500817,40.72156350054312
S-Vta1a,500.0,20211,20550,514.82743823887,33.899999999999864,54.67194034395101,0.8,493.37261793435385,246.6417417312289,99.83675197071115,2.500446795600546,23.32876025918847
S-Vta1a,500.0,20370,20710,506.9221905807535,34.0,53.67411429678567,0.8,492.61060143913505,305.0451694747831,84.23972309746622,5.507122732132688,33.84932479673123
S-Vta1a,500.0,20540,20980,504.8682411588743,44.0,41.307401549362446,0.8,493.71031846604717,325.5044935361861,176.0831786555647,6.63276033881141,40.721283978060995
S-Vta1a,500.0,20690,21270,505.7653484573457,58.0,31.39233197321456,0.8,400.445887784995,431.63030724257237,205.02960288719137,4.239076139096265,63.27929859183794
S-Vta1a,500.0,20970,21500,504.9763653928312,53.0,34.30028142290929,0.8,397.84397951577887,754.2810899715781,42.32197998808423,6.294971189029427,65.94563055694482
S-Vta1a,500.0,21270,21680,511.8420730859725,41.0,44.9422308075488,0.8,491.486629837964,211.0421164724665,33.33828859378726,5.4532378337877585,128.10449388340058
S-Vta1a,500.0,21500,21870,508.2171015722852,37.0,49.44815042324937,0.8343853324430498,486.8895966184739,96.76360452613453,30.364357275844878,6.161745303057925,101.46866945668131
S-Vta1a,500.0,21670,22050,513.7435441467605,38.0,48.67044102442995,0.8656068674209656,483.90649471732104,98.54170372072707,21.514073932077885,9.06373537606095,52.79011822074982
S-Vta1a,500.0,21860,22210,513.8427810568464,35.0,52.85240033727563,0.8784809477902662,491.2985427536393,400.935994290942,38.904223471759,1.0112448441555477,28.35546683292924
S-Vta1a,500.0,22040,22370,512.7355570207728,33.0,55.93478803862977,0.934559476347328,480.55170087729397,84.39883305499151,7.489484078104441,5.53983584655839,28.15497738487852
S-Vta1a,500.0,22200,22510,515.2906395318496,31.0,59.84020330047286,0.9766239111853039,510.2965076029356,375.19299275846504,53.05125604407251,3.4175928290117294,63.80427443607776
S-Vta1a,500.0,22370,22640,512.0470765725258,27.0,68.27294354300345,1.0121108357712203,510.85002437988794,103.67570354261922,100.49294672220167,10.131063897064296,95.54268858831497
S-Vta1a,500.0,22500,22770,517.4356161452233,27.0,68.99141548602978,1.032692368976298,512.0174004772432,115.1558587517171,80.58991535003807,3.2449293029171473,66.2926960795431
S-Vta1a,500.0,22630,22890,504.20578089325863,26.0,69.81310812368197,1.0585401733773832,500.3107833893376,73.88389323865454,69.68230195521934,5.487573569885247,44.4445772064406
S-Vta1a,500.0,22770,23130,503.0888521736342,36.0,50.308885217363425,1.0709194237097956,404.9711093030385,189.9728982693539,4.96800596382738,2.1027019528439013,30.84183525422316
S-Vta1a,500.0,22890,23290,510.238165676732,40.0,45.92143491090589,1.0803289855785518,468.1395558316224,629.227855623999,37.59321610782761,3.9305541924208383,81.30601374193479
S-Vta1a,500.0,23110,23420,507.3458434608474,31.0,58.9175818212597,1.0625819200514182,498.41109395936775,165.43680744673097,7.826966382936817,6.773548560572002,25.81069243342176
S-Vta1a,500.0,23280,23560,518.207808876934,28.0,66.62671828417723,1.08036613370687,506.5151666000559,126.51027775675702,6.6494017684859275,7.347168695346039,39.142793190951195
S-Vta1a,500.0,23420,23670,508.5174162459516,25.0,73.22650793941703,1.085818342785823,503.67416561364576,131.6252789892507,42.487260043553064,3.4516449625114993,3.7069798220321886
S-Vta1a,500.0,23550,23820,506.13101429995004,27.0,67.48413523999335,1.079537499254366,487.22562950492284,168.39343602611936,58.49881126986405,7.727240498321908,26.969963010945044
S-Vta1a,500.0,23670,23980,509.16181647738995,31.0,59.12846901027754,1.08791930456338,447.3952456379061,294.74352292840723,8.884231523195512,6.228361696918791,37.82740116252213
S-Vta1a,500.0,23810,24100,519.9531899617505,29.0,64.5459132366311,1.0646921189900718,498.5056683815746,104.11754963340763,6.252623696867601,5.92753262414293,36.42176013041059
S-Vta1a,500.0,23970,24230,515.2526889286019,26.0,71.34268000549872,1.0417512953836228,508.3010170625731,94.86746281021118,42.94490223486181,6.1259885081068655,23.61768506888387
S-Vta1a,500.0,24100,24430,505.792392041054,33.0,55.17735185902407,1.0205813379973465,436.7923579362623,117.28713760759328,8.605341441465749,12.554990005513245,18.791259953287838
S-Vta1a,500.0,24220,24630,500.35767518140347,41.0,43.93384465007445,1.0400404934158993,400.85090590093273,160.03836458516332,36.184777729885454,15.637325183194765,56.96809306777018
S-Vta1a,500.0,24420,24840,501.9638764133415,42.0,43.02547512114356,1.0443053149822914,205.22795657841215,487.2186968892928,7.244101711346328,3.381660850319768,29.65227679347685
S-Vta1a,500.0,24630,25020,506.42359887662315,39.0,46.74679374245753,1.0496788685367222,456.094875308611,690.6734297590128,5.843306481709546,7.012779760871641,29.478632542245656
S-Vta1a,500.0,24840,25190,502.51406067359494,35.0,51.68716052642691,1.0242202985532276,459.877090950345,533.8496525753181,25.54501928655517,4.2442468232094965,14.18773001457305
S-Vta1a,500.0,25020,25360,517.1790689880436,34.0,54.76013671638108,1.0105541281126682,501.10402173987205,70.18366740749482,5.033826919246513,2.0846653769476786,1.2453634279787642
S-Vta1a,500.0,25180,25500,503.86480903613847,32.0,56.684791016565576,1.0281569243226734,502.05364115205157,120.05062162796764,30.781756774411967,1.9588470308308972,45.783215553001064
S-Vta1a,500.0,25350,25670,506.8743347542477,32.0,57.023362659852864,1.0086065521955119,494.99234336470784,100.2855947357515,71.75831964659346,1.7287982345397515,76.72427145656481
S-Vta1a,1000.0,0,1600,1007.7928726250504,160.0,22.675339634063636,1.0,921.0409204946374,1840.45397126797,165.69676755496405,6.428669086595542,165.69676755496405
S-Vta1a,1000.0,640,1930,1007.8998028167052,129.0,28.127436357675496,0.8719394147009983,954.41744863747,222.21042312293625,162.35435747587854,5.247700403245986,13.196183312128252
S-Vta1a,1000.0,880,2110,1018.5804029356791,123.0,29.812109354214996,0.8380311227581504,817.9372405040012,673.4948675485268,61.30127643261002,11.078546381434544,111.81267417361106
S-Vta1a,1000.0,1160,2230,1039.9842015693566,107.0,34.99012266962322,0.8438622369219471,822.6275014931123,1037.5851661199042,65.78714372161456,8.91251882053721,216.50769667543693
S-Vta1a,1000.0,1600,2340,1010.7170182994685,74.0,49.17001710646063,0.8749964632055136,851.1296999689864,723.7986017010375,148.722537308587,9.91114217654654,255.2412604957779
S-Vta1a,1000.0,1930,2470,1012.509331867579,54.0,67.50062212450527,0.8760442279879226,993.156963951616,1490.3285951982325,280.1689336855203,5.224605747942847,370.3302112965236
S-Vta1a,1000.0,2100,2609,1007.1272054075464,50.900000000000034,71.23100077538633,0.946693594295186,1006.9684892877142,329.84493112234367,329.08857578337205,3.7409022708639212,365.2624556275942
S-Vta1a,1000.0,2230,2880,1005.0127869070559,65.0,55.66224665946771,1.0646029588000618,971.4828326784467,259.5326475191752,243.30849939458193,15.46937592465408,196.91203742510447
S-Vta1a,1000.0,2340,3070,1004.9807791773133,73.0,49.56069595942915,1.1190147460669952,810.7472511803235,341.1965931785257,219.19497937765667,14.1937936813289,130.17351550808397
S-Vta1a,1000.0,2460,3210,1005.8019254664755,75.0,48.278492422390826,1.1869706494934742,778.0117750807278,520.9200761778948,212.10496166470764,18.15638305408531,72.14747672842357
S-Vta1a,1000.0,2609,3350,1033.0214499878048,74.09999999999997,50.187276922484465,1.25,866.9799765806946,720.4910622079964,230.74235660753973,18.547504595674518,35.12485685339502
S-Vta1a,1000.0,2830,3460,1004.8720704378511,63.0,57.421261167877205,1.25,966.6687813486865,951.6670191744075,272.3213709192264,12.606458034086916,92.39645006488608
S-Vta1a,1000.0,3060,3581,1015.8535249119432,52.10000000000002,70.19333377510544,1.25,992.0091271131937,384.87065973874155,368.8012265451498,10.148008561564653,217.06200613255666
S-Vta1a,1000.0,3210,3700,1016.1239352165662,49.0,74.6540034036661,1.25,983.9762556411816,365.5037289734278,391.29813511975493,5.548820201115285,236.42861724558537
S-Vta1a,1000.0,3350,3820,1005.4140645091943,47.0,77.01043898368296,1.25,978.0166761140235,511.13916313350745,374.09735449501824,6.528889036837172,217.8486902233493
S-Vta1a,1000.0,3460,3920,1000.0575764818968,46.0,78.26537555075716,1.25,976.346955100257,532.9088279040047,353.42140159632703,3.2385331204672987,202.44564137204858
S-Vta1a,1000.0,3581,4060,1008.7890345122746,47.89999999999998,75.81712994246745,1.25,983.2022076880038,334.0841183114397,336.8822700666537,3.130254707973625,172.9842863389522
S-Vta1a,1000.0,3690,4190,1016.7053087924842,50.0,73.20278223305885,1.25,995.2806259028064,337.0531650781162,317.64685238624014,6.172363008356399,148.4272068184104
S-Vta1a,1000.0,3800,4321,1019.4004210877301,52.10000000000002,70.43841681220397,1.25,998.8428349333925,295.58878130030075,294.44094801275423,5.307313886363879,122.05236234302235
S-Vta1a,1000.0,3920,4440,1018.616555615401,52.0,70.51960769645085,1.25,982.1101130574218,257.7489814901354,255.11132587935452,2.849107549069378,65.09887393789062
S-Vta1a,1000.0,4050,4540,1014.0948818850256,49.0,74.50493009767536,1.25,977.6803242818112,291.4282736499286,215.95415985377272,2.818676491207692,17.763669582117334
S-Vta1a,1000.0,4180,4640,1006.3128744645428,46.0,78.75492061026857,1.25,978.7412643303059,272.99646023701956,167.20821319864902,4.801961097693222,42.92218171227849
S-Vta1a,1000.0,4321,4750,1011.5412072996069,42.89999999999998,84.8845768363307,1.25,990.9804899544907,278.54374646154986,123.26661218075957,5.2267114508576835,98.61026896367939
S-Vta1a,1000.0,4430,4860,1022.4085281202451,43.0,85.5969930519275,1.25,1012.6554642047715,471.5237577875535,87.98125396495962,5.40153624153506,145.57887076991804
S-Vta1a,1000.0,4540,5000,1013.1043777385639,46.0,79.28642956214848,1.25,1005.8003500761216,69.89302467687168,24.393389765809065,4.807059553097419,223.5253781268597
S-Vta1a,1000.0,4640,5120,1001.976544153239,48.0,75.14824081149293,1.25,992.9049302591902,258.98432220524336,10.173823886055766,1.2954842038946102,237.82212879487673
S-Vta1a,1000.0,4740,5260,1023.8348954780149,52.0,70.8808773792472,1.25,1006.8300895384542,317.21154065717417,10.232579274366447,3.682847871987805,267.8123607178689
S-Vta1a,1000.0,4860,5420,1007.4313600019786,56.0,64.76344457155577,1.25,990.488037465953,337.06175761315825,87.22861124393037,7.457217760342987,360.315187244691
S-Vta1a,1000.0,4980,5561,1000.139931402694,58.10000000000002,61.97080469965055,1.2063220587995904,989.0486092236346,161.18282699696115,163.93878457157496,4.915203377113952,404.0259544504988
S-Vta1a,1000.0,5120,5730,1013.3699184691113,61.0,59.80543781129182,1.1545698490164673,996.8239012530813,771.5395034644936,286.7262429303117,5.134941485024091,477.15164753817766
S-Vta1a,1000.0,5260,5870,1002.8909969167007,61.0,59.18700965410037,1.1107495927499769,990.9360948754306,479.8338933502767,344.3986370207525,3.4119201092544666,464.42430499828066
S-Vta1a,1000.0,5400,5980,1015.2429520873211,58.0,63.01507978473028,1.0480926140144038,999.5497406047077,524.7298003797447,259.4292167238602,2.693018204685861,320.65217120854544
S-Vta1a,1000.0,5560,6100,1017.8022056992695,54.0,67.8534803799513,0.9745150268477251,999.3921327428486,311.97589317573863,119.99655475578447,4.815590860588979,91.1224159815454
S-Vta1a,1000.0,5720,6260,1012.612797681486,54.0,67.5075198454324,0.9063575359658538,1006.8918724707743,666.1053615452081,26.931484727470224,7.00855667724428,71.07877747919659
S-Vta1a,1000.0,5860,6409,1008.9441283668002,54.90000000000009,66.16027071257696,0.8776610009716617,971.1817511714621,296.9782700880195,27.381896987092453,7.515801328945143,146.60705850712975
S-Vta1a,1000.0,5970,6509,1000.5134519239946,53.90000000000009,66.82464613963589,0.8691156616024327,916.3863783882434,290.12700682652905,39.4585039039492,3.3135452370849383,165.58702316878782
S-Vta1a,1000.0,6090,6609,1008.8320632886225,51.90000000000009,69.97679051712977,0.8809802446257728,939.5537535538796,766.3656932645824,41.67625848635322,3.5829452539463498,157.13706826371828
S-Vta1a,1000.0,6250,6710,1029.7818690148724,46.0,80.59162453159871,0.8825102425672253,1011.6278747900718,606.0261244339422,127.09584900870877,7.458094858368748,232.47376330232703
S-Vta1a,1000.0,6399,6810,1004.2458319413181,41.09999999999991,87.96313856420325,0.8644426459774485,980.0710797043024,189.69426700893223,176.50004337988256,4.422206723286475,287.2191195833092
S-Vta1a,1000.0,6509,6959,1010.0368840566134,45.0,80.80295072452907,0.8889916203467335,985.3881277412462,445.55137775275784,157.76119150463376,4.155000861255332,248.57825683320428
S-Vta1a,1000.0,6609,7090,1008.6057309828411,48.09999999999991,75.48816281784272,0.9282719391672248,969.0008846305856,230.29231000305566,174.13932658567813,5.3080414319798965,233.90864487371417
S-Vta1a,1000.0,6710,7249,1019.549204353516,53.90000000000009,68.09605075459464,0.9798536157149609,977.98407818067,235.6058626380749,128.98251158281496,2.28895860762147,146.84186980141882
S-Vta1a,1000.0,6810,7349,1007.9232399232169,53.90000000000009,67.31954849208859,1.0291904775645053,983.4785840972658,493.75211849022884,106.63108207187491,4.456572388986937,80.36300520044492
S-Vta1a,1000.0,6959,7469,1018.8560116048247,51.0,71.91924787798763,1.0812673768836554,990.6402236939435,194.6678764609541,102.78767267024674,3.2528127378636804,28.55087165004244
S-Vta1a,1000.0,7090,7579,1002.629219307968,48.90000000000009,73.81319405948217,1.126598898934875,990.0834313957652,662.7580853567281,66.0446973136792,3.4936060900280035,52.56451014439186
S-Vta1a,1000.0,7219,7680,1009.9662921886029,46.09999999999991,78.8693850732967,1.1178544742526304,1004.0203564300081,247.01955648271166,79.83831951020288,5.53016642271365,30.530435549217763
S-Vta1a,1000.0,7349,7829,1010.2271967544439,48.0,75.76703975658329,1.112686403855402,990.1244413352468,85.10631435352852,31.207266575855357,5.219853582567633,79.89405191843035
S-Vta1a,1000.0,7459,8019,1005.1400887418786,56.0,64.61614856197791,1.1304876287553736,975.3714338871249,88.17966674969519,53.99480027427002,0.5517086288353991,192.26901278192815
S-Vta1a,1000.0,7569,8219,1000.5959856523332,65.0,55.41762382074461,1.1457013213362433,974.0141073774013,301.18485709050833,113.32537910415218,0.2745765855382546,275.6548373763666
S-Vta1a,1000.0,7680,8560,1001.7910996161772,88.0,40.98236316611634,1.145475814072383,973.0542651647319,186.9854724261177,162.80979038338026,3.0569605683831536,331.8155196168303
S-Vta1a,1000.0,7819,8770,1017.2705704199107,95.09999999999991,38.5086651263058,1.1084288707171706,965.1907096471245,349.3635507739761,182.09156637365948,6.819081642229105,311.74050719619373
S-Vta1a,1000.0,8001,8880,1040.4711766675373,87.89999999999998,42.61315399320973,1.0402725288938974,996.7150687689398,495.1182754217416,78.12235258206384,7.462793994397798,122.96230436440781
S-Vta1a,1000.0,8219,8979,1003.1038984588795,76.0,47.515447821736394,0.9996521136298219,989.0779627449864,217.7146458429691,25.092560148587776,6.332200936867488,25.42212681859135
S-Vta1a,1000.0,8550,9090,1007.4693759027232,54.0,67.16462506018155,0.9477256131418812,991.3008394887717,147.4229281757196,143.73555503991017,6.95535106013529,188.32309179684012
S-Vta1a,1000.0,8770,9239,1013.4721090024141,46.90000000000009,77.79316828163505,0.8970301766524394,990.5966560604904,360.33566061234404,277.1228695424953,1.9812433851717373,352.4380442387623
S-Vta1a,1000.0,8880,9379,1015.2645347401067,49.90000000000009,73.24553757644043,0.9053248550183043,986.8109238580817,317.0815199862499,333.0280291348705,1.7328949781924419,397.57472966245547
S-Vta1a,1000.0,8979,9489,1008.8195029344643,51.0,71.21078844243277,0.9441776224158435,979.7842692209474,355.65648680121416,357.30251788118187,0.8156006610597603,393.23823200185166
S-Vta1a,1000.0,9090,9640,1024.2592667067147,55.0,67.04242472989405,1.0234746562658246,990.4256051047054,341.06437636334493,325.7433147709024,5.6194399200044005,309.6597947629826
S-Vta1a,1000.0,9229,9779,1013.79328600177,55.0,66.35737872011585,1.108739022586714,981.223904604304,282.9080815792801,303.2841970690536,7.6352830004335095,227.5297704611089
S-Vta1a,1000.0,9349,9899,1000.2343451276229,55.0,65.4698844083535,1.1899432625479465,955.6385029225956,222.87703181875685,234.16884328984577,6.941981508471527,90.20163250464456
S-Vta1a,1000.0,9489,10050,1015.5905575554498,56.09999999999991,65.1715865810985,1.2355299259416406,952.0857963415722,734.5386358664337,191.8501881713914,5.530647055907896,3.849683664456586
S-Vta1a,1000.0,9629,10210,1009.9578604356593,58.09999999999991,62.579144536460916,1.25,974.416328426676,717.1567649633722,147.59368624517066,3.7341665642298736,67.38956947702597
S-Vta1a,1000.0,9769,10320,1023.4315443351243,55.09999999999991,66.86667077325687,1.25,964.237790968441,587.4624367279896,177.96082416679005,3.224865643502007,33.04560754765614
S-Vta1a,1000.0,9899,10400,1009.2255745824241,50.09999999999991,72.51920296400665,1.25,964.0735579832098,342.8291552191002,255.18081011563035,1.5967078440214773,67.06991294777141
S-Vta1a,1000.0,10039,10500,1002.2227840232572,46.09999999999991,78.26468595409399,1.25,981.5203635223913,595.2660347410324,312.70408380525697,0.9238282559430321,141.64508840963765
S-Vta1a,1000.0,10210,10630,1032.2393217500558,42.0,88.47765615000478,1.25,1022.8996095069783,413.239868871003,341.0262960462863,2.678296635763711,175.25091975888134
S-Vta1a,1000.0,10310,10740,1040.377074235792,43.0,87.1013364476477,1.25,1024.2405221968731,277.8369209461771,290.20565190583415,2.0374301618331154,103.07458265042139
S-Vta1a,1000.0,10400,10840,1013.8657473386047,44.0,82.95265205497675,1.25,988.9705663965706,180.57934322421937,197.79247116232506,2.5403603812497115,5.6731304177858295
S-Vta1a,1000.0,10500,10950,1008.4455579927671,45.0,80.67564463942138,1.25,992.939962905978,441.3738616745711,138.98761411350208,1.9776239195109768,77.2937273104108
S-Vta1a,1000.0,10610,11080,1012.3285507554356,47.0,77.54005920679933,1.25,993.1304883684195,163.81295794283395,98.01515409111217,3.7350641248769696,129.4952785082822
S-Vta1a,1000.0,10720,11230,1012.7993022489536,51.0,71.49171545286731,1.25,990.6699446374768,93.55876442617586,62.67763991774252,6.028059553066951,173.59824639055105
S-Vta1a,1000.0,10830,11360,1013.0453348858682,53.0,68.81062652054955,1.25,968.8078730717904,49.16842070223691,62.775520865061644,3.898692115333152,173.81766268949045
S-Vta1a,1000.0,10950,11480,1019.3789286818574,53.0,69.24083289159786,1.25,968.4708433221878,110.27285882755311,76.53570647020675,3.9042507115690075,158.4511719607476
S-Vta1a,1000.0,11080,11590,1016.6591866367598,51.0,71.76417788024187,1.25,1000.5873679207123,517.7786181687435,114.24224010436599,2.943128742582393,110.62959223453987
S-Vta1a,1000.0,11230,11740,1026.2647647612648,51.0,72.44221868903047,1.2265683721699097,1015.9912708840232,150.9353340039284,125.91044886939225,3.5910049890514073,77.56067524699307
S-Vta1a,1000.0,11360,11939,1011.602284007342,57.90000000000009,62.89755133724397,1.2369258429589511,914.9816050378361,610.1685244062099,96.67534638379676,4.424206056788775,118.67698643082365
S-Vta1a,1000.0,11470,12130,1006.8102557512284,66.0,54.916923040976094,1.2197323157068456,916.7250963203146,112.22666316697797,64.76132295730432,7.018949476010227,140.6909341334466
S-Vta1a,1000.0,11590,12360,1002.3164805435663,77.0,46.86154973969921,1.1848462930405015,911.5506212750141,380.2501991061128,22.092268068099823,6.299491217979691,157.97204665160282
S-Vta1a,1000.0,11720,12490,1014.5664028835563,77.0,47.434273381568865,1.118659254972795,937.0485165456681,104.75869138304864,66.38703430476576,5.687743262937136,45.456944370377954
S-Vta1a,1000.0,11910,12590,1015.9276345906546,68.0,53.784404184211134,1.09835153546684,992.537469679564,1145.4787866242702,122.88519341255869,3.525150797537021,35.399797457529
S-Vta1a,1000.0,12120,12700,1014.0659365718602,58.0,62.942023649287876,1.0822434501056015,1007.7235790018705,213.54318716040325,150.36574420097307,3.5067326734443336,80.75601412136776
S-Vta1a,1000.0,12330,12810,1036.4734555101895,48.0,77.73550916326421,1.090429151804647,1006.3317411364724,309.50789356379653,210.71865922910703,5.11377903269556,136.37083006542645
S-Vta1a,1000.0,12480,12920,1008.4712507547083,44.0,82.51128415265795,1.1102436752273253,976.1087424561848,205.4715816921288,211.88213249454353,5.2418582821554764,124.94760590859121
S-Vta1a,1000.0,12590,13060,1005.8849935828985,47.0,77.0465101467752,1.1424990300661246,978.9249683634268,352.7824748176538,162.49601353904046,4.717454097398982,43.624520160411315
S-Vta1a,1000.0,12690,13170,1009.1210245574257,48.0,75.68407684180693,1.123965454917173,991.4255216988963,248.79735386209725,148.05911945664303,2.730026913571931,41.70238448361398
S-Vta1a,1000.0,12810,13310,1013.8996067557346,50.0,73.00077168641289,1.1432925921341786,999.1888937747618,120.01400008833944,121.44700572937892,6.425644933813273,7.644741105399727
S-Vta1a,1000.0,12920,13430,1009.0829962161879,51.0,71.2293879682015,1.1686198762017859,994.8968929043211,251.39338902250455,123.31445290321466,6.2470970128317225,25.88097465328595
S-Vta1a,1000.0,13050,13570,1015.2280087519794,52.0,70.28501599052164,1.1744152439802387,975.4774793283466,183.68664658514905,137.41318038125036,2.1698050163686022,15.648454965689691
S-Vta1a,1000.0,13170,13720,1014.7667114149808,55.0,66.42109383807147,1.1642639271374697,929.3097720461541,173.16571268734782,97.17640003439519,1.0260110986367523,53.673335466456706
S-Vta1a,1000.0,13290,13880,1007.6994118397706,59.0,61.48674377327414,1.1804456024330958,916.9403516620332,835.5756952330504,4.321662839806086,2.109574535806418,187.22586740277947
S-Vta1a,1000.0,13420,14000,1009.1052696542029,58.0,62.63412018543328,1.191251946090897,980.9124936450662,892.3769070219048,19.116770644990893,4.194036328437144,215.54623593160167
S-Vta1a,1000.0,13560,14120,1020.0784696720948,56.0,65.57647305034895,1.2012362451651368,1009.7646020053458,495.7161857170139,10.061220204079381,0.617103788542004,193.30561655496174
S-Vta1a,1000.0,13720,14260,1002.3570052528339,54.0,66.82380035018893,1.1675254019370673,989.8902993393143,66.55515589220455,20.08020873928337,3.4175215944011237,144.66924373127208
S-Vta1a,1000.0,13870,14410,1002.9501758588522,54.0,66.86334505725682,1.0890930941008372,986.7820168235694,175.49106419422964,65.88122168536722,5.3330457314452175,16.60102665895792
S-Vta1a,1000.0,14000,14660,1015.5430878182378,66.0,55.39325933554024,1.0864709862259745,965.8894724318229,188.0291953999646,60.18377724017687,9.33634165669789,152.46918500445105
S-Vta1a,1000.0,14120,14790,1011.2388204670133,67.0,54.33522020419773,1.0765489023587267,957.9529891048034,120.70963934161736,68.75179639664202,3.1464706583365984,151.39205288142725
S-Vta1a,1000.0,14250,14910,1017.9003742647292,66.0,55.52183859625796,1.0674125690032021,970.6840740992337,587.2352240929225,14.039807442837521,5.167715936348075,82.69674919966805
S-Vta1a,1000.0,14410,15030,1019.0787510022892,62.0,59.17231457432647,1.055786635255603,976.8759358384156,271.84633560793355,65.10366182693767,5.067640987382624,12.505737838552378
S-Vta1a,1000.0,14650,15160,1014.7053588389281,51.0,71.62626062392434,0.9667435789092823,1004.7322248939442,418.6944615763222,231.0931426591349,4.139645364098919,257.23340559866404
S-Vta1a,1000.0,14780,15350,1002.9979880826213,57.0,63.34724135258661,0.9704035209582746,968.1098086166817,373.28757793071844,175.75382397342463,4.211242863508738,198.27247934341594
S-Vta1a,1000.0,14900,15470,1011.3630964603581,57.0,63.875563986969986,1.0003574918887075,985.6730714681659,484.11994929505516,220.1279598684942,4.512619403719825,219.8521320004364
S-Vta1a,1000.0,15020,15610,1009.2804244938052,59.0,61.583212341994894,1.062795141764379,973.8512647410703,400.26579420771037,205.09920090519483,5.346943640757267,155.7776851785389
S-Vta1a,1000.0,15150,15750,1004.164973899311,60.0,60.249898433958656,1.1085443492221194,963.7871539336961,138.23838160375345,172.0664280043095,2.356000933922559,81.99738449716911
S-Vta1a,1000.0,15350,15900,1001.6341490070554,55.0,65.56150793500726,1.0598501029378151,989.2159596305323,406.6984639475035,204.95914992332942,0.546742308905159,157.34874809790062
S-Vta1a,1000.0,15460,16040,1017.7817655544968,58.0,63.17266131027911,1.115912494712771,1011.917941468915,176.49178554872415,133.38703329546692,0.883978465867245,30.90904328910782
S-Vta1a,1000.0,15610,16170,1004.3384412516352,56.0,64.56461408046226,1.1547932969319175,999.043587685747,259.40757346863404,111.19136599981485,3.3873251762899863,27.098667952717253
S-Vta1a,1000.0,15750,16350,1011.3458436789842,60.0,60.68075062073906,1.2209556053152655,979.6174671580449,307.174924710889,86.83854696527543,7.250150177968068,102.64983055120406
S-Vta1a,1000.0,15900,16530,1003.8912048812381,63.0,57.36521170749932,1.2357330541944611,927.2256528304541,74.66918453450747,101.86965198600247,9.380438173999872,108.71323874327977
S-Vta1a,1000.0,16040,16670,1006.5662039234194,63.0,57.51806879562397,1.2184736303642938,929.1749017552673,110.09926948929305,117.78047907009535,9.226069064831728,74.31506203348653
S-Vta1a,1000.0,16170,16820,1001.0172835866433,65.0,55.44095724479871,1.1958881803211976,921.0582042399324,134.39791573033497,107.96659501443666,10.575077092893583,64.8853743153143
S-Vta1a,1000.0,16330,17000,1019.9960053838331,67.0,54.80575551316118,1.1696224660405454,968.8010721641757,79.5308665950315,62.74857565468272,6.529915306011703,98.65960280340694
S-Vta1a,1000.0,16520,17280,1006.8594259934034,76.0,47.69334123126648,1.2022104985730744,974.4874520478298,282.8928874267649,26.572087653396242,9.915464905547994,233.530691551418
S-Vta1a,1000.0,16660,17590,1000.7684308208882,93.0,38.73942312855051,1.1499793511792256,865.3751127475847,604.8649983987917,121.88864463284074,12.226268415386858,288.4639527283176
S-Vta1a,1000.0,16810,17820,1006.3447715288276,101.0,35.86971462875029,1.1312678201915924,802.8630261165554,570.7350094969268,332.3161240387242,12.349971533040817,481.3127872368476
S-Vta1a,1000.0,17000,18050,1010.3367265417,105.0,34.640116338572575,1.0960593356280328,764.163773473176,711.221162673994,474.8298060390991,11.958374861821468,474.8298060390991
S-Vta1a,1000.0,17270,18190,1016.9304200173137,92.0,39.79292947893837,1.0417521502284104,784.0422874612017,1243.6034051629588,393.0372121185512,2.9856304784222516,451.78390005259877
S-Vta1a,1000.0,17580,18320,1011.5159717568968,74.0,49.20888511249768,0.9669375850401298,916.8097970394551,1183.4310699586126,279.7805994347414,2.3129747801390588,237.1580945918564
S-Vta1a,1000.0,17820,18470,1009.9312331235851,65.0,55.9346529114601,0.8193881633269915,951.43172808504,818.1993744518786,36.52181396310358,2.97275758267049,152.45661423547833
S-Vta1a,1000.0,18030,18710,1004.5061576284934,68.0,53.17973775680259,0.8,988.8312551280741,321.3673379903575,71.91394813641153,2.0761069861371424,257.72083035301995
S-Vta1a,1000.0,18190,18900,1010.8699402676575,71.0,51.255377253007985,0.8,944.2940711800004,72.3455663340809,17.424415251773112,2.218498439328844,183.53676101592998
S-Vta1a,1000.0,18320,19080,1022.2067719911647,76.0,48.420320778528854,0.8,950.9052818662467,220.5021044165836,142.97014815470052,6.826460100965784,89.10180287925294
S-Vta1a,1000.0,18460,19230,1003.1910144361173,77.0,46.90243703857172,0.8416714617698376,909.8955522655061,326.17355069077666,214.38830278430305,6.039434588835242,22.617383669181777
S-Vta1a,1000.0,18710,19420,1012.0309386425361,71.0,51.31424477624127,0.8295919470804124,919.1004620741559,484.2651380884299,208.8507036773429,6.001823347631371,2.989529623096208
S-Vta1a,1000.0,18890,19570,1000.817261556098,68.0,52.984443258852245,0.8558323201519822,942.7856683449205,1206.308219046655,157.45829587899493,4.560902851824019,8.872937119443838
S-Vta1a,1000.0,19060,19790,1021.4411025129812,73.0,50.372437932147015,0.9125029558093516,988.7951422211479,386.3675412546219,180.38392365383288,2.114606640483054,75.35826546449054
S-Vta1a,1000.0,19230,20001,1007.0177643173702,77.10000000000014,47.020284715207865,0.959184129678777,975.3415610574805,563.6542945471243,303.33620151615315,1.808879642451538,249.90836871542282
S-Vta1a,1000.0,19410,20211,1009.3524089604725,80.10000000000014,45.36415321170655,0.9117386788048275,950.3862318393703,450.9182618587545,380.90107914149786,3.909674364562236,258.42436011717933
S-Vta1a,1000.0,19561,20370,1013.938767831838,80.89999999999986,45.119648506732055,0.8738258533045542,943.9717259365127,888.3364288456972,419.3840811057575,5.066169196852992,238.94033565204074
S-Vta1a,1000.0,19770,20540,1009.2515432743494,77.0,47.18578643880075,0.8510568830833597,979.8581689861278,567.2993154521652,403.71840731003755,4.256085762737974,193.72915231417707
S-Vta1a,1000.0,20001,20710,1008.0083677477232,70.89999999999986,51.182371281971946,0.8,978.86767552755,261.5332058674327,257.3038197564601,5.139222071906073,6.514378786655141
S-Vta1a,1000.0,20211,20980,1003.6645002443329,76.89999999999986,46.98559428972178,0.8,972.190877368748,642.7655198002344,272.9184363452697,6.4047655375705475,18.92071068843101
S-Vta1a,1000.0,20370,21280,1005.6058437844949,91.0,39.78220920466134,0.8,874.3065297351847,800.478939194354,271.1970218934339,6.747379692601648,17.36826729730303
S-Vta1a,1000.0,20540,21510,1010.4846889914843,97.0,37.50252453989014,0.8,705.0719151488523,545.4475731931705,213.9096544497107,7.176841837932515,29.655550440259304
S-Vta1a,1000.0,20690,21670,1001.739739012999,98.0,36.79860265762038,0.8,582.5751911052976,1354.8842704988288,174.12725425619888,6.880172782862923,60.085396366355965
S-Vta1a,1000.0,20970,21860,1001.7951474305228,89.0,40.522050907302045,0.8,775.9739154461274,1683.6007436526077,10.285303722962322,9.82127724864393,179.32780227175505
S-Vta1a,1000.0,21270,22050,1009.7179347024139,78.0,46.60236621703449,0.8,928.7697973457775,713.7147267940702,14.481256909476983,10.288240488094186,203.22847827795323
S-Vta1a,1000.0,21500,22210,1010.661563094538,71.0,51.244811649863905,0.8343853324430498,970.027380748173,151.30380402598854,4.699968715958962,1.5904066161404093,163.21195030094285
S-Vta1a,1000.0,21670,22370,1011.421759091776,70.0,52.01597618186277,0.8656068674209656,950.0767524799763,116.47567792468644,21.39060861488358,5.555052074833276,117.74137945908775
S-Vta1a,1000.0,21860,22510,1013.466465169462,65.0,56.13045037861636,0.8784809477902662,956.8685223607562,481.4746259929143,15.352021080257186,3.5144884482446495,136.08647029592825
S-Vta1a,1000.0,22040,22630,1004.7248631896946,59.0,61.305245889540686,0.934559476347328,955.3669606205162,453.9231845285357,91.4594478118656,6.901830827256893,150.8896034271691
S-Vta1a,1000.0,22200,22770,1012.2379924974812,57.0,63.930820578788286,0.9766239111853039,998.9919515483072,892.1753290276288,128.41583994164986,4.248374132792887,148.9666039752903
S-Vta1a,1000.0,22370,22900,1014.3888420281,53.0,68.90188360945585,1.0121108357712203,1006.8488415970166,187.95730021914727,170.6083221654057,4.132987035443852,160.4032820900244
S-Vta1a,1000.0,22500,23110,1000.1012528149367,61.0,59.02236901858643,1.032692368976298,891.2840547476836,277.1585735428039,90.53259545285445,3.8352582855354322,61.976411378827
S-Vta1a,1000.0,22630,23290,1014.4439465699907,66.0,55.333306176544944,1.0585401733773832,860.5146347004464,447.4757585182276,33.97090084191723,5.173849241154142,23.445920914065653
S-Vta1a,1000.0,22770,23440,1029.4595331984674,67.0,55.314243574843026,1.0709194237097956,852.4943464099161,837.9062648668148,22.370819974497177,5.99250687001681,49.955458642875826
S-Vta1a,1000.0,22890,23560,1013.4556884171543,67.0,54.45433549704113,1.0803289855785518,955.7691392688433,1356.6770895724733,32.50457151665081,8.942310999510317,115.53020099199519
S-Vta1a,1000.0,23110,23670,1015.863259706799,56.0,65.30549526686565,1.0625819200514182,1000.293134324546,356.5763606633997,49.98301654281287,6.960084452595378,10.471765916447852
S-Vta1a,1000.0,23280,23820,1004.2733732140114,54.0,66.95155821426744,1.08036613370687,974.0952612622318,271.3055750052397,62.17700453252993,11.309229016622172,14.196770943192204
S-Vta1a,1000.0,23420,23980,1017.6792327233416,56.0,65.42223638935768,1.085818342785823,890.8308690822762,86.61922824676054,51.1330786113521,5.647725508147028,31.88000184067629
S-Vta1a,1000.0,23550,24100,1015.1094321192504,55.0,66.4435264659873,1.079537499254366,913.5898245162313,618.555606721476,64.57024030805546,5.948911143249694,12.65361235251857
S-Vta1a,1000.0,23670,24230,1005.7365921454038,56.0,64.65449520934739,1.08791930456338,932.1217543598427,459.96250019157435,51.63167691893193,7.5111487384310305,32.76647307509457
S-Vta1a,1000.0,23810,24420,1011.3858803516705,61.0,59.68834703714777,1.0646921189900718,919.622228266012,261.79273775556265,10.249674811599885,14.230222982971242,75.36485819054646
S-Vta1a,1000.0,23970,24640,1003.9280454752734,67.0,53.94240244344753,1.0417512953836228,885.3350062803572,205.4794935322129,4.782048005041512,18.286777713876866,39.70384365252589
S-Vta1a,1000.0,24100,24850,1008.9959807181003,75.0,48.431807074468814,1.0205813379973465,600.4536556049957,482.95284389544304,14.924737115124284,16.63440767694549,35.6245241868149
S-Vta1a,1000.0,24220,25020,1006.7812740580266,80.0,45.305157332611195,1.0400404934158993,451.8801096638156,810.3393233024037,38.45979681384006,20.242657535676017,79.39281508523919
S-Vta1a,1000.0,24420,25190,1004.4779370869364,77.0,46.962604850817804,1.0443053149822914,479.2230760334753,1409.151958950505,19.15586750579516,8.716218376521908,24.93869677812487
S-Vta1a,1000.0,24630,25350,1004.6945140380922,72.0,50.23472570190461,1.0496788685367222,912.0926414230133,1561.0999279160349,2.0053271145983547,6.539112051973357,48.2077989953963
S-Vta1a,1000.0,24840,25510,1009.8371035539167,67.0,54.259904071553734,1.0242202985532276,959.4635506467463,1118.6981492256311,3.302539263551642,5.199153725823459,27.43617840345763
S-Vta1a,1000.0,25020,25670,1005.1452499157167,65.0,55.66958307225508,1.0105541281126682,972.6181299601379,282.0677139452263,66.16853034282776,2.867086190450182,77.44531772535734
S-Vta1a,2000.0,0,2340,2018.509890924519,234.0,31.053998321915678,1.0,1422.4971444955831,3378.814397221599,14.572440569806131,14.77163784050358,14.572440569806131
S-Vta1a,2000.0,640,2460,2002.358558282186,182.0,39.60709236162566,0.8719394147009983,1480.2445901671367,1494.5137306371255,112.58725171398424,9.79049556485662,353.33936833110056
S-Vta1a,2000.0,880,2609,2004.3222186296214,172.90000000000003,41.73256209986487,0.8380311227581504,1564.4831213800785,2081.2748884258085,261.04079091448847,11.773220884521576,541.5552955378381
S-Vta1a,2000.0,1160,2830,2007.3681960432832,167.0,43.27260781889712,0.8438622369219471,1707.8282648635054,2447.075137008654,353.40058332797963,11.121222769549567,609.7528333238781
S-Vta1a,2000.0,1600,3060,2000.788438712337,146.0,49.334509447701464,0.8749964632055136,1577.735359034942,1838.5919994324504,288.4177362659281,26.65254938371116,429.83662719387416
S-Vta1a,2000.0,1930,3210,2000.2606809319564,128.0,56.257331651211274,0.8760442279879226,1663.4142233662076,2938.7637647295887,473.8524501636235,23.118296783573395,559.7250454822021
S-Vta1a,2000.0,2100,3350,2040.1486553953512,125.0,58.756281275386115,0.946693594295186,1674.1531124949074,726.9962163958537,554.444887206874,17.32525526179767,626.8545480785056
S-Vta1a,2000.0,2230,3480,2014.8206880402465,125.0,58.026835815559096,1.0646029588000618,1656.8754858215545,1072.3169139051263,575.4843168176991,15.691815223881282,485.16223857874115
S-Vta1a,2000.0,2340,3581,2005.9249453248117,124.10000000000002,58.18960357106624,1.1190147460669952,1640.6903489152864,1342.8976420128417,589.1378271328394,20.125015145434894,426.0205292695893
S-Vta1a,2000.0,2460,3690,2000.6669722141805,123.0,58.556106503829675,1.1869706494934742,1664.2659250152758,1550.9028718126438,588.5651851942982,21.521594226160097,345.11359107587447
S-Vta1a,2000.0,2609,3810,2015.5862045179288,120.09999999999997,60.41723843684051,1.25,1783.224882239783,1780.5683562907634,598.7775577900213,21.138984962380892,250.62557209977203
S-Vta1a,2000.0,2830,3920,2004.929646919748,109.0,66.21785989826691,1.25,1931.6517051104956,2105.6154373800737,618.3447929079509,16.07428531526693,291.16415940503884
S-Vta1a,2000.0,3060,4050,2000.6873529075733,99.0,72.7522673784572,1.25,1941.7415508344977,912.1660743917299,694.7519751829276,10.842242183063185,381.5455175329122
S-Vta1a,2000.0,3210,4190,2011.5703555401892,98.0,73.89442122392532,1.25,1957.9853211856232,698.7647806295791,695.9170481968536,9.688824823537761,378.28386559171423
S-Vta1a,2000.0,3350,4340,2020.8811290939561,99.0,73.4865865125075,1.25,1966.9040020152345,1066.696291084249,658.2714544273639,10.579573349234291,326.3702809434545
S-Vta1a,2000.0,3460,4440,2018.6741320972978,98.0,74.15537628112523,1.25,1948.268976374556,1063.8744667005078,589.8521917207042,5.394192094334921,269.1825092661083
S-Vta1a,2000.0,3581,4550,2023.2254397395714,96.89999999999998,75.16627020704291,1.25,1947.1492012225433,534.8663362552488,548.832737787088,5.058815393706072,185.21321607215222
S-Vta1a,2000.0,3690,4640,2005.5456500941827,95.0,75.99962463514798,1.25,1944.7297215048413,505.03750253105017,480.8124024042132,6.044977162942731,106.78445020794196
S-Vta1a,2000.0,3800,4740,2008.2269420827415,94.0,76.91081905848797,1.25,1958.4061094670371,414.27813080059036,426.2952006390625,6.518031334675518,32.33979701538902
S-Vta1a,2000.0,3920,4860,2017.435728700394,94.0,77.26349599278106,1.25,1972.3659349030838,667.0695420388316,340.44610207796586,6.9433972843031775,77.34221284293
S-Vta1a,2000.0,4050,4990,2011.5370024262384,94.0,77.03758732696232,1.25,1967.051051384636,837.6229972470057,245.3309749715522,5.280830458730431,195.50164174453266
S-Vta1a,2000.0,4180,5120,2008.2894186177818,94.0,76.91321177685123,1.25,1969.9760930593807,354.21393679587936,177.6933609363883,1.8578423317863713,278.42940093017023
S-Vta1a,2000.0,4321,5260,2012.6614164730263,93.89999999999998,77.16273801174543,1.25,1970.8135667068398,520.3961323640866,115.41956597022984,5.045275869403099,358.0917054312968
S-Vta1a,2000.0,4430,5410,2014.263270059454,98.0,73.99334461442893,1.25,1986.6885545145092,631.0711282333094,11.107613900828067,7.613715375803108,484.3011390701889
S-Vta1a,2000.0,4540,5580,2012.7015314616538,104.0,69.6704376275188,1.25,1990.867006120196,368.80851375193987,145.36919814474896,5.947240911267518,479.1092958382816
S-Vta1a,2000.0,4640,5730,2015.3464626223504,109.0,66.5619015178024,1.25,1989.1146974496273,1152.196205194368,275.7531945384474,4.033604229929892,468.3894835157234
S-Vta1a,2000.0,4740,5860,2006.208202037673,112.0,64.48526363692521,1.25,1977.9597602771466,1401.3545142925611,351.7450708100215,4.295962869841199,471.3368212520178
S-Vta1a,2000.0,4860,5990,2013.3580252688562,113.0,64.14237956608746,1.25,1980.097704715729,1368.6696440404705,327.86287899553497,2.927705113340645,456.99307043798467
S-Vta1a,2000.0,4980,6100,2017.7945196884893,112.0,64.85768098998716,1.2063220587995904,1988.0165078133195,806.0830511396263,278.3242524097385,3.800089932248426,465.9890476799468
S-Vta1a,2000.0,5120,6260,2008.7171244736628,114.0,63.43317235179988,1.1545698490164673,1980.882988851625,1941.361942957068,304.5565796918075,6.596021041758692,479.8552032948863
S-Vta1a,2000.0,5260,6419,2012.4834969640551,115.90000000000009,62.51027255453488,1.1107495927499769,1958.4824815843258,1488.2258111521126,312.58428480005944,5.095508055420339,468.57397554908204
S-Vta1a,2000.0,5400,6519,2020.6762760674555,111.90000000000009,65.00835204506555,1.0480926140144038,1905.042383859782,1801.8288503321996,217.95695801604356,1.519401176368562,325.67150862702334
S-Vta1a,2000.0,5560,6609,2007.4347842488578,104.90000000000009,68.89194683790164,0.9745150268477251,1849.0312246544004,1558.937942210291,78.23808932479173,2.1657655932955002,25.159673277346506
S-Vta1a,2000.0,5720,6710,2027.4282036349705,99.0,73.72466195036256,0.9063575359658538,1844.2770810248808,2105.9529370096025,104.77045783348701,3.555378727815804,283.34165863384686
S-Vta1a,2000.0,5860,6820,2013.0058590749722,96.0,75.48771971531146,0.8776610009716617,1848.8479739758347,1236.9151421066597,207.40011800070133,5.937515176556304,421.8413732205121
S-Vta1a,2000.0,5970,6959,2010.550335980608,98.90000000000009,73.18484539464289,0.8691156616024327,1865.1239240188122,926.2659067151275,197.88935148210015,4.009185541075487,424.05809619806547
S-Vta1a,2000.0,6090,7090,2017.4377942714636,100.0,72.62776059377269,0.8809802446257728,1900.9116971813446,1605.6503928963584,218.57789684167076,3.910545537171802,428.22555213811916
S-Vta1a,2000.0,6250,7231,2029.3587262891324,98.10000000000002,74.47187986382136,0.8825102425672253,1969.4747339003295,1101.53409977329,269.2799092596673,2.3628024083868686,473.8547569372599
S-Vta1a,2000.0,6399,7349,2012.169071864535,95.0,76.25061746012975,0.8644426459774485,1960.9296611569646,299.60843019198074,284.4822813482534,4.837212431830657,510.2286483072251
S-Vta1a,2000.0,6509,7459,2007.4009748609697,95.0,76.06993167894201,0.8889916203467335,1952.8015061558615,892.8334431925837,262.7627147120606,3.12763557155941,456.2024177796141
S-Vta1a,2000.0,6609,7579,2011.2349502908091,97.0,74.6437713509991,0.9282719391672248,1956.4966429036426,666.0184909587283,241.03338546678754,4.068534939165938,367.831233031565
S-Vta1a,2000.0,6710,7709,2011.6194945201223,99.90000000000009,72.49079259531966,0.9798536157149609,1955.302583405272,173.95197905750572,185.94858246214514,3.171613727442485,222.01289223724885
S-Vta1a,2000.0,6810,7819,2000.894325126479,100.90000000000009,71.38968850798135,1.0291904775645053,1953.3981514142433,558.0501746986569,140.7871590779144,4.932230645481942,86.58574762057263
S-Vta1a,2000.0,6959,8019,2002.5041795462348,106.0,68.00957590911742,1.0812673768836554,1944.2371191134862,774.8976162940033,51.055010913458176,0.7200358461091664,107.45321802313852
S-Vta1a,2000.0,7090,8239,2004.513659894972,114.90000000000009,62.8046055319573,1.126598898934875,1935.1365384756023,1417.4785082976657,47.235464544269135,1.5757851246018222,306.78589594534037
S-Vta1a,2000.0,7219,8550,2003.7605857031012,133.0999999999999,54.1963794780704,1.1178544742526304,1930.6298860320044,474.23786671448215,80.14738657835535,3.1056888285088533,325.3907706900219
S-Vta1a,2000.0,7349,8770,2010.2416556231728,142.0999999999999,50.92800816497838,1.112686403855402,1931.2929113588011,192.0502168092577,147.64093097608114,6.4702501004016035,390.46973811052766
S-Vta1a,2000.0,7459,8880,2034.2151736503456,142.0999999999999,51.53535978283778,1.1304876287553736,1962.777642052069,291.1454796071892,114.26711852687309,7.255230772192297,394.2038813104798
S-Vta1a,2000.0,7569,8979,2003.6998841112127,141.0,51.15829491347777,1.1457013213362433,1942.066602484176,433.4580350951985,88.68356087765191,6.395264360437127,393.1522919644647
S-Vta1a,2000.0,7680,9090,2001.2636694172215,141.0,51.09609368724821,1.145475814072383,1940.809030719505,321.27131160001596,18.03644438074729,5.1974959855953955,310.8722341683438
S-Vta1a,2000.0,7819,9229,2010.0508084483663,141.0,51.320446173149776,1.1084288707171706,1935.8731569988815,521.0442936734329,90.87675547647754,1.6133379275647501,117.1441320533437
S-Vta1a,2000.0,8001,9349,2001.1284659257435,134.80000000000007,53.44259998021271,1.0402725288938974,1911.6021199731463,746.9792425423956,239.89965724881728,0.9965330072879574,169.11042595753548
S-Vta1a,2000.0,8219,9489,2011.9234013933437,127.0,57.030899567055414,0.9996521136298219,1891.0880743560656,330.4866331605113,383.02794995484595,1.57480683108324,383.588148915998
S-Vta1a,2000.0,8550,9640,2031.7286426094379,109.0,67.102964343064,0.9477256131418812,1847.0827240095225,569.1365871785863,467.2517378990634,6.032294342599255,545.9208149390864
S-Vta1a,2000.0,8770,9779,2006.5735240302256,100.90000000000009,71.59231602089996,0.8970301766524394,1876.1963967797637,794.9254569909839,551.4384545555208,6.400635284448976,698.0843806561498
S-Vta1a,2000.0,8880,9920,2017.3196128744949,104.0,69.83029429180944,0.9053248550183043,1914.417041230547,514.6692134151851,569.6803819807044,5.236613926892821,681.8504992211682
S-Vta1a,2000.0,8979,10039,2003.0449857010408,106.0,68.02794291060138,0.9441776224158435,1912.331603653611,487.7852759855758,541.4487383395252,5.848250011385756,621.5354928106608
S-Vta1a,2000.0,9090,10210,2000.3974595790187,112.0,64.29848977218275,1.0234746562658246,1867.8034892456926,531.9745013167858,450.6542842364945,5.835283859376026,415.700875760523
S-Vta1a,2000.0,9229,10320,2019.914232962521,109.09999999999991,66.65161538648104,1.108739022586714,1784.222847630393,829.5266897660966,477.2694846095624,8.083661148880458,313.02605019734426
S-Vta1a,2000.0,9349,10400,2009.459919710047,105.09999999999991,68.83021608902166,1.1899432625479465,1707.3439774107426,1115.6504784193287,490.6080811215109,7.083644424875406,204.89853306825094
S-Vta1a,2000.0,9489,10511,2020.118808856787,102.20000000000005,71.15878387362456,1.2355299259416406,1694.26458885111,2085.99152054902,505.5561338803891,5.22975926632509,152.24753996770383
S-Vta1a,2000.0,9629,10610,2000.148487845654,98.09999999999991,73.39994450809746,1.25,1804.3878904484927,1908.9702851781713,488.1384582353699,5.6705625902518495,116.57410888646601
S-Vta1a,2000.0,9769,10740,2036.2006384095857,97.09999999999991,75.49250564649347,1.25,1905.7671081947028,1578.9377700762218,455.9838113509281,3.0321459296625806,64.82902970441152
S-Vta1a,2000.0,9899,10830,2002.0849937606672,93.09999999999991,77.41682038172299,1.25,1925.555909191767,848.277658973761,453.5038185482274,5.428100635134964,68.21993874980704
S-Vta1a,2000.0,10039,10950,2010.6683420160243,91.09999999999991,79.45560956375077,1.25,1969.9274156266627,1190.4100828999722,451.669286505546,3.4790777934719954,65.89256839482093
S-Vta1a,2000.0,10210,11080,2002.5191781654303,87.0,82.86286254477642,1.25,1936.9793340520787,463.6239605992819,432.7733990155204,6.039953398184315,55.25825762317607
S-Vta1a,2000.0,10310,11230,2006.7874457541438,92.0,78.52646526864041,1.25,1940.8040187577749,376.4616240358515,345.0589702408189,6.308031065423498,61.38996969272594
S-Vta1a,2000.0,10400,11360,2005.9047540641113,96.0,75.22142827740417,1.25,1933.3636140421715,276.65428945206514,260.5848484365296,7.0419340321896335,173.6589198513688
S-Vta1a,2000.0,10500,11470,2002.9856683313155,97.0,74.33761243291481,1.25,1936.345577326332,913.5141607571311,209.99380886416242,6.183822163618511,236.25492029369352
S-Vta1a,2000.0,10610,11590,2028.9877373921954,98.0,74.53424341440719,1.25,1971.105523983967,176.95672924071525,214.6743941124891,6.2681155160167945,237.41734208592663
S-Vta1a,2000.0,10720,11720,2004.8338614185996,100.0,72.17401901106959,1.25,1944.0034567314822,268.30344282481195,186.60062298229835,7.524378870438709,265.93532851545876
S-Vta1a,2000.0,10830,11920,2011.0163807137542,109.0,66.41888963825244,1.25,1875.4465408716521,111.46052194009125,158.9461331666084,7.099265524278146,289.53333407157027
S-Vta1a,2000.0,10950,12130,2001.3503660897768,118.0,61.05814676206099,1.25,1852.093514633661,147.12258598367424,135.9434462083811,9.911755265053015,327.188311859458
S-Vta1a,2000.0,11080,12350,2006.811713076222,127.0,56.88600131554645,1.25,1879.5129056470753,915.1556314907381,136.94142688626502,10.001217966249126,327.91733945868714
S-Vta1a,2000.0,11230,12490,2006.6009620532022,126.0,57.33145605866292,1.2265683721699097,1880.2509456441403,127.66173989298746,189.6353460149592,8.470689664417202,220.10981962944822
S-Vta1a,2000.0,11360,12590,2000.3229173806467,123.0,58.54603660626283,1.2369258429589511,1890.569627869182,1127.085367401854,224.06262502824836,8.092341205816084,194.8578135815952
S-Vta1a,2000.0,11470,12700,2008.0042162374157,123.0,58.770855109387774,1.2197323157068456,1910.4744163422245,212.61545873475578,213.99511327531332,10.313861762078687,175.89452808922618
S-Vta1a,2000.0,11590,12810,2008.0702687550838,122.0,59.25453252064182,1.1848462930405015,1880.4487053507335,712.3864663231664,237.96093027518677,9.194249572749506,87.48363668189664
S-Vta1a,2000.0,11720,12920,2000.7418874496288,120.0,60.022256623488865,1.118659254972795,1870.4231531823962,202.4195388914909,275.67427610351825,10.259276611234796,73.69751921324936
S-Vta1a,2000.0,11910,13050,2000.1831351006513,114.0,63.163677950546884,1.09835153546684,1930.4030723534026,2286.046007423772,283.488854768276,8.054614480591264,118.91646804120934
S-Vta1a,2000.0,12120,13170,2003.8603265863785,105.0,68.70378262581869,1.0822434501056015,1961.2897707817688,283.86630151759664,300.88526818926124,4.109833756004663,161.25365896703386
S-Vta1a,2000.0,12330,13290,2008.9095404312648,96.0,75.33410776617244,1.090429151804647,1960.3117543346789,378.88167061427305,322.90762452526303,6.93064662850413,173.03760582354585
S-Vta1a,2000.0,12480,13420,2001.324457078299,94.0,76.64646856895614,1.1102436752273253,1951.3290645852728,564.454283032389,334.66222363778104,9.509306420905109,152.20302692454828
S-Vta1a,2000.0,12590,13580,2017.157021983272,99.0,73.35116443575535,1.1424990300661246,1945.8212882058172,771.0314929999081,295.18776966391636,4.793943200661364,57.6613005002635
S-Vta1a,2000.0,12690,13720,2023.8877359724065,103.0,70.73782378155984,1.123965454917173,1904.4546667616264,275.5750400211721,244.33309437462898,2.4814384614443363,26.862092857800665
S-Vta1a,2000.0,12810,13910,2037.7839859973465,110.0,66.69111226900407,1.1432925921341786,1862.6761890753062,680.0382635766501,113.61646713966933,2.5900279851603605,161.81777151589043
S-Vta1a,2000.0,12920,14000,2001.9584759777936,108.0,66.73194919925979,1.1686198762017859,1801.9038153610772,1268.9217877993726,105.45116173175724,2.6372414553105763,214.56377733405913
S-Vta1a,2000.0,13050,14120,2017.4228197646044,107.0,67.87590795469697,1.1744152439802387,1802.3605776196318,596.796646478101,147.75284683832533,1.0966043073059288,178.53159788084008
S-Vta1a,2000.0,13170,14250,2000.4981711332875,108.0,66.68327237110958,1.1642639271374697,1759.0662079016179,1133.7405116244724,119.58189698183857,2.5971429910226314,188.15379371211137
S-Vta1a,2000.0,13290,14430,2000.9715008982566,114.0,63.18857371257653,1.1804456024330958,1808.0391667875342,2107.797934568856,42.56207377132006,2.7521185474733887,308.37662840425526
S-Vta1a,2000.0,13420,14650,2006.8319321163945,123.0,58.736544354626176,1.191251946090897,1912.9982865717539,2010.3425628229945,78.84398473449228,5.356222787010087,468.61149623101744
S-Vta1a,2000.0,13560,14780,2011.3087777483743,122.0,59.35009508109957,1.2012362451651368,1943.52007964663,1118.9644731597034,59.878043589481884,6.772563355645231,466.04117610709625
S-Vta1a,2000.0,13720,14910,2003.631833983036,119.0,60.61407228856243,1.1675254019370673,1945.9378685878473,158.85061464702673,11.578849994515464,5.295675965475267,323.39536825996043
S-Vta1a,2000.0,13870,15020,2002.8066362348145,115.0,62.696555569089846,1.0890930941008372,1943.2566886503305,246.17577962120498,128.56423661080728,5.584656002433015,38.73667542846567
S-Vta1a,2000.0,14000,15160,2012.4320213011197,116.0,62.45478686796578,1.0864709862259745,1947.1303981509298,521.961140714981,170.0281963970405,2.780232328505847,11.35393800977543
S-Vta1a,2000.0,14120,15360,2014.613030968554,124.0,58.488765415216086,1.0765489023587267,1905.299091401019,366.8590691704275,113.32057828712728,5.370519285250588,32.17513691550972
S-Vta1a,2000.0,14250,15470,2007.8862903018053,122.0,59.24910364824999,1.0674125690032021,1896.8033428172764,505.02467418395764,204.23743953309844,4.636711364862816,84.11160149411519
S-Vta1a,2000.0,14410,15610,2009.1368848697675,120.0,60.27410654609302,1.055786635255603,1899.137559419328,1175.7161557518984,266.4379621884958,4.784268360847859,170.68384300767877
S-Vta1a,2000.0,14650,15750,2000.843264623436,110.0,65.48214320585791,0.9667435789092823,1944.137507357442,1225.068191423607,398.7631888147934,1.4819195080437624,451.57278925576617
S-Vta1a,2000.0,14780,15900,2004.6321370896767,112.0,64.43460440645389,0.9704035209582746,1954.567415342008,877.5561636720923,382.9303603943323,1.9271448586175204,430.8357152327736
S-Vta1a,2000.0,14900,16040,2010.481414239297,114.0,63.48888676545149,1.0003574918887075,1956.68090104662,975.6450628278665,349.39634330200977,2.5038400429340633,348.8101494784151
S-Vta1a,2000.0,15020,16170,2013.6188657454404,115.0,63.03502536246596,1.062795141764379,1951.4329559929226,843.0284274656449,318.3212344566801,4.438604402913678,212.04045524506333
S-Vta1a,2000.0,15150,16340,2003.2807561037444,119.0,60.603451445155294,1.1085443492221194,1925.3032143872135,371.2792448455934,259.2220167165901,7.759602457749726,77.10304324386372
S-Vta1a,2000.0,15350,16530,2005.5253538882935,118.0,61.18551927116828,1.0598501029378151,1903.984505546818,477.04650509485907,275.66915398038645,11.102888076707828,188.77494332246968
S-Vta1a,2000.0,15460,16660,2006.031222841957,120.0,60.180936685258715,1.115912494712771,1917.7965671466184,536.6424907608455,249.6906846607455,10.224521355251207,47.66022847682935
S-Vta1a,2000.0,15610,16820,2005.3557248382785,121.0,59.66347611089093,1.1547932969319175,1917.688266607202,653.9116280854814,219.12164583026666,11.197744127596545,54.43488221380412
S-Vta1a,2000.0,15750,17000,2008.9796065809423,125.0,57.85861266953114,1.2209556053152655,1922.125541185301,496.92721029213055,160.50215811748797,13.52755028288061,244.9755934101205
S-Vta1a,2000.0,15900,17290,2001.2445834310238,139.0,51.83079496655889,1.2357330541944611,1887.3173520523512,86.1957411026043,63.365965264358884,18.993572899162707,377.01036178061145
S-Vta1a,2000.0,16040,17610,2003.8181951569131,157.0,45.947423583215844,1.2184736303642938,1767.864036234947,508.0464840956406,16.941196389235042,20.639189493297806,453.87156409041273
S-Vta1a,2000.0,16170,17840,2014.1827397727648,167.0,43.41950816276619,1.1958881803211976,1720.9644833013238,514.0796670176453,245.4710373930216,22.536286283139336,477.9490334056831
S-Vta1a,2000.0,16330,18030,2005.0568163268254,170.0,42.46002669868571,1.1696224660405454,1705.9652605337856,774.994420855033,422.677671970201,18.344172932134374,488.51060669456757
S-Vta1a,2000.0,16520,18190,2014.628026156497,167.0,43.42910715067898,1.2022104985730744,1753.9126534250881,716.4805160340543,420.640730868825,13.297137496027771,466.578778355865
S-Vta1a,2000.0,16660,18320,2005.8315443673891,166.0,43.4999612031482,1.1499793511792256,1738.7683184524508,1075.7926387599045,394.13375700935745,14.06006017372057,460.21410795193844
S-Vta1a,2000.0,16810,18460,2000.921125986526,165.0,43.65646093061511,1.1312678201915924,1735.8204926517872,830.9348239062372,368.23525955766314,11.698702286878133,472.4076263596479
S-Vta1a,2000.0,17000,18720,2002.0375616160381,172.0,41.90311175475429,1.0960593356280328,1735.57938953891,792.7725727043058,415.4510138047636,12.794154643619065,476.27483777957923
S-Vta1a,2000.0,17270,18890,2012.2132810116527,162.0,44.71585068914784,1.0417521502284104,1715.8109484129259,1819.3732837015705,406.819586146473,5.201301580538571,476.82637471502727
S-Vta1a,2000.0,17580,19060,2005.3006852375438,148.0,48.777584235507824,0.9669375850401298,1840.7854365996993,1582.9593736333018,411.51246024540956,7.927394465332262,331.8479157182375
S-Vta1a,2000.0,17820,19240,2009.0981616975769,142.0,50.93488297261462,0.8193881633269915,1851.2227051136692,2189.3715346633126,256.0248102977751,6.813728265448748,152.17996944746307
S-Vta1a,2000.0,18030,19420,2016.5370962710294,139.0,52.22686004730724,0.8,1887.137753528872,1075.8768749264298,135.05602760450438,6.748046282570935,290.831271238176
S-Vta1a,2000.0,18190,19580,2008.5180845026844,139.0,52.01917341158031,0.8,1890.8966848600908,549.1875762422088,171.86712317256064,6.334399042270175,262.7334773123834
S-Vta1a,2000.0,18320,19790,2015.2258159936282,147.0,49.35246896310926,0.8,1906.1867582544303,916.0143517903753,312.14157836263695,7.02133581420553,150.55624383510607
S-Vta1a,2000.0,18460,20001,2010.2087787534874,154.10000000000014,46.96139911429298,0.8416714617698376,1882.7942620808526,852.2106825312225,476.83948300050076,7.054098001991657,117.5738797320228
S-Vta1a,2000.0,18710,20211,2003.8452447336895,150.10000000000014,48.06024570980197,0.8295919470804124,1837.9193547287146,1055.3089022622216,484.4248366527439,9.177929578029847,147.2222786171074
S-Vta1a,2000.0,18890,20370,2001.5354875644407,148.0,48.68599834616207,0.8558323201519822,1791.7625571762765,2104.2197917048193,481.4356941315556,8.037264076099719,204.71625099001938
S-Vta1a,2000.0,19060,20540,2005.1549666411702,148.0,48.774039729109546,0.9125029558093516,1806.679716645748,1575.3521475981797,481.0797400315382,4.694991035607819,345.8574274362319
S-Vta1a,2000.0,19230,20700,2005.985583557962,147.0,49.12617755652152,0.959184129678777,1872.3476118159988,1613.574916963874,484.94362478832454,5.909744700191043,447.99676567220723
S-Vta1a,2000.0,19410,20970,2001.5819430094161,156.0,46.19035253098652,0.9117386788048275,1870.8232396330766,969.0880909287854,480.2216906596076,8.429885623026227,418.0397462943399
S-Vta1a,2000.0,19561,21270,2008.0272965816002,170.89999999999986,42.29899512986405,0.8738258533045542,1818.2406048154985,1371.3738497268791,485.55695443192707,8.638703174530763,351.0704809414981
S-Vta1a,2000.0,19770,21500,2007.6611836306656,173.0,41.777920584221945,0.8510568830833597,1623.4833332290652,888.0503265761001,473.9750122768721,9.80851393861032,226.50497574740007
S-Vta1a,2000.0,20001,21680,2007.0167790027044,167.89999999999986,43.033117358009186,0.8,1301.366707141641,1500.865061246527,413.10067993463673,9.55955012545802,69.3059399789116
S-Vta1a,2000.0,20211,21870,2005.42300101406,165.89999999999986,43.51731647770116,0.8,1045.4998513311423,2384.728360268726,279.98546082485643,9.350373749922031,161.57398421621832
S-Vta1a,2000.0,20370,22050,2003.806463452176,168.0,42.938709931118055,0.8,979.1463331024933,2667.3096042574207,261.90646531323733,13.849177456623092,185.22160026857674
S-Vta1a,2000.0,20540,22210,2009.0712034508542,167.0,43.3093193558268,0.8,1105.6123007807194,2395.559651987779,217.86779600052333,8.801419382641553,225.60945858058125
S-Vta1a,2000.0,20690,22370,2013.161498104775,168.0,43.139174959388036,0.8,1247.0852626770334,3274.6039055346664,193.86581172715182,9.857385709981726,242.87541700365372
S-Vta1a,2000.0,20970,22510,2015.2616125999848,154.0,47.11001172311653,0.8,1610.7812469391852,3548.921329255725,8.354863636114606,10.330882753514706,406.39722923888536
S-Vta1a,2000.0,21270,22631,2000.6320851815908,136.0999999999999,52.918997109873125,0.8,1818.0870469334043,1784.7411256867065,106.94747825089974,9.129892747667544,483.6823419524811
S-Vta1a,2000.0,21500,22770,2007.2326001727852,127.0,56.89793197340178,0.8343853324430498,1866.6868989948216,951.8135811810594,124.90785075332954,5.099742673872943,432.3940012136718
S-Vta1a,2000.0,21670,22890,2007.6168461539564,122.0,59.241152837329864,0.8656068674209656,1888.3122238172664,795.4593844422461,148.12485575753917,6.192805005035805,396.104082515627
S-Vta1a,2000.0,21860,23130,2013.5026703087278,127.0,57.07566624497181,0.8784809477902662,1762.9668588158559,222.5590498080258,94.29313721892791,2.51599297421843,265.77712928978616
S-Vta1a,2000.0,22040,23280,2004.1785236231735,124.0,58.18582810518891,0.934559476347328,1665.630850749645,1657.5187888764253,128.67815270521493,6.308646509623726,249.8615884373647
S-Vta1a,2000.0,22200,23420,2002.249472628042,122.0,59.08277132345042,0.9766239111853039,1639.3672214832025,2342.6978298078325,148.76947435957536,7.332859505900981,191.9574972168859
S-Vta1a,2000.0,22370,23560,2009.6507754793347,119.0,60.79615791366055,1.0121108357712203,1644.8328619926667,1300.9757717657624,137.7529693247717,9.146220506983566,115.16326476457247
S-Vta1a,2000.0,22500,23670,2015.9645125217357,117.0,62.0296773083611,1.032692368976298,1674.583451502449,1600.572879562765,144.86470305871399,5.654815625791328,83.87559881063609
S-Vta1a,2000.0,22630,23820,2003.7270336474903,119.0,60.616952278411475,1.0585401733773832,1706.3700107119516,1649.3800112026784,95.22967539931088,9.94106546279325,9.617259018027022
S-Vta1a,2000.0,22770,23980,2007.6907128539024,121.0,59.73294682871114,1.0709194237097956,1637.7229508382936,2124.00846710695,71.98217754413419,8.470885898759406,65.15609363805535
S-Vta1a,2000.0,22890,24100,2008.499670573532,121.0,59.75701499227038,1.0803289855785518,1793.281438962941,2900.6623141336495,34.617194632087774,9.453426549165652,124.02788557788946
S-Vta1a,2000.0,23110,24220,2002.5646355882127,111.0,64.94804223529339,1.0625819200514182,1843.1328820989627,222.0711748436009,98.54830649763858,12.633233828253912,20.616640943882274
S-Vta1a,2000.0,23280,24420,2004.6844814232318,114.0,63.30582572915469,1.08036613370687,1782.8865705465132,1067.562315246964,58.177073257227974,18.102160072801105,94.22616797913793
S-Vta1a,2000.0,23420,24640,2002.929364938027,122.0,59.10283371948277,1.085818342785823,1747.7378280875241,235.80154688064633,34.29330578321894,21.660609081091668,110.78842076838121
S-Vta1a,2000.0,23550,24840,2008.505998922512,129.0,56.05133020248871,1.079537499254366,1474.8820887551394,1363.8440444954224,49.3787278222463,18.736714343099997,104.94982003445574
S-Vta1a,2000.0,23670,25030,2006.138409242165,136.0,53.10366377405731,1.08791930456338,1172.8183919747162,1400.4661712926538,11.007455981491338,24.535975850167436,163.2988118782848
S-Vta1a,2000.0,23810,25180,2004.518743724977,137.0,52.67348523656874,1.0646921189900718,890.3848461462632,1089.933717012212,13.215977711217024,23.179302269816077,114.80896765357431
S-Vta1a,2000.0,23970,25350,2001.2696618841073,138.0,52.20703465784628,1.0417512953836228,706.3641833614844,1694.5233557854083,7.777759830770977,23.28480889738599,74.72838208650748
S-Vta1a,2000.0,24100,25510,2003.2336703571782,141.0,51.14639158358753,1.0205813379973465,840.7938676758077,2357.927180659737,18.152245641482594,22.220538517026352,59.297014469829485
S-Vta1a,2000.0,24220,25670,2011.9265239737433,145.0,49.95127921589983,1.0400404934158993,1180.7899077856046,2664.7008543890593,102.07171360485701,21.61633890360201,185.85114544262393
S-Vw2,500.0,0,953,671.2206292075812,95.30000000000001,25.355658605952694,1.0,340.17887958216755,814.1188705603545,48.4132598111286,34.11218167452337,48.4132598111286
S-Vw2,500.0,594,1043,572.2380550802384,44.900000000000006,45.88100218906143,0.9062192586267391,400.1004640617352,695.8924967241826,31.099776019934573,2.8395219135612044,81.84808458195997
S-Vw2,500.0,953,1223,514.0635172598513,27.0,68.54180230131351,0.981134829298856,513.9585443175777,157.73281408287397,33.43470687500966,2.6090650059117175,42.48506568861141
S-Vw2,500.0,1043,1402,516.68985951518,35.900000000000006,51.812910703472085,1.0055261365230534,516.6031217204883,121.00288248761024,133.82960599404947,5.98829507775431,137.42165654823492
S-Vw2,500.0,1133,1492,517.5026223562669,35.900000000000006,51.894413383915335,1.0149519823999895,517.401901126598,62.4465299830833,118.94509382482968,3.6062057441868047,128.4645638438956
S-Vw2,500.0,1402,1762,582.2559125472394,36.0,58.225591254723945,0.9225122446928452,582.064876997339,295.3614133765969,37.38942280026661,1.8698136383850967,78.97687093975955
S-Vw2,500.0,1492,1853,657.0310818274568,36.099999999999994,65.5211051129874,0.9422893761566288,656.5805614959588,106.19094730123548,98.88378932087191,3.904472657682578,131.17300880426058
S-Vw2,500.0,1672,2124,803.2191376110843,45.19999999999999,63.97320565044036,0.9848044295879631,802.7714935600515,263.213234164712,31.62929998048942,4.188138388703639,43.32935565429978
S-Vw2,500.0,1853,2302,815.4455870758784,44.900000000000006,65.38093793926863,1.0005022342221122,815.4398681080021,284.8546326803924,45.45869914648938,0.6259158407110331,45.07197224472828
S-Vw2,500.0,2032,2302,666.8166658221348,27.0,88.90888877628466,0.971114850205019,666.811439693691,420.6146661725734,207.10330574711924,3.6685448417916833,220.40020717353624
S-Vw2,500.0,2124,2482,535.0459671706826,35.80000000000001,53.80350507861611,1.0223506379275527,535.0404942573413,421.5977802185034,54.829001127478506,2.6302023649700947,68.01459270191907
S-Vw2,500.0,2302,2574,521.6266616325138,27.200000000000017,69.03882286312678,1.0140108263183296,521.6204432827193,315.67450906444435,78.71301466201307,3.4390376399118767,72.51828053453013
S-Vw2,500.0,2482,2753,614.3045374177641,27.099999999999994,81.60503080088381,1.0130186062428446,614.3008962846654,388.7847859517926,206.9965622257609,4.317186921624212,201.70608368673712
S-Vw2,500.0,2574,3292,532.0788311200545,71.80000000000001,26.678047242788242,1.1302945925215497,532.0590082400117,465.8364857265109,164.04632206420033,5.537130922892137,254.66794505054827
S-Vw2,500.0,2574,3292,532.0788311200545,71.80000000000001,26.678047242788242,1.1302945925215497,532.0590082400117,465.8364857265109,164.04632206420033,5.537130922892137,254.66794505054827
S-Vw2,500.0,2753,3742,538.3285439890124,98.90000000000003,19.595376727608127,1.118350287460154,538.2474623426098,146.60849975345397,142.9129138945804,3.9179798547161915,223.5334669482638
S-Vw2,500.0,3292,4632,621.4912727469,134.0,16.696780461857017,1.013487910028073,602.3721935080366,183.69499153621845,177.41245908977515,6.306003746762353,188.214797497921
S-Vw2,500.0,3654,4722,507.5106043109254,106.80000000000001,17.107099021716586,1.0618801538477303,488.8092332589241,290.3134442879817,254.16914721895915,5.685863495296095,301.43346781114593
S-Vw2,500.0,4542,4994,690.1176723240342,45.19999999999999,54.96512434439212,0.8,682.3652950434033,346.86350815445724,23.532016133781664,5.743353778799202,120.38432420238195
S-Vw2,500.0,4722,5174,525.7954241344423,45.19999999999993,41.87751165672556,0.8,466.9878132766225,121.81526390713066,44.41107445633419,5.266277568706367,68.35594093298744
S-Vw2,500.0,4812,5623,578.3697103110089,81.10000000000002,25.673624625396197,0.8201348789442757,227.7128429307522,549.9091828870884,260.5425473811986,17.57058642334578,112.79953912866118
S-Vw2,500.0,5174,6262,614.3048743042982,108.80000000000007,20.326264223303973,0.8,305.7610099004273,1117.424330473273,484.8685695784138,245.17699019076784,414.14323737503616
S-Vw2,500.0,5533,6353,645.3396827048018,82.0,28.33198606996691,0.8,538.3953650007401,681.7310827953771,115.89052335108458,6.397625325601633,37.63612931934255
S-Vw2,500.0,6172,6533,502.2903118766544,36.10000000000002,50.08989259711786,0.8,500.8726951065118,91.68630976608604,61.60598416225161,2.3488736840331095,149.77075185099315
S-Vw2,500.0,6353,7243,583.3612247464953,89.0,23.596633809970594,0.8,340.87778095638765,780.0843280187978,119.66935613941281,9.676129807046113,23.225859436160942
S-Vw2,500.0,6533,7423,735.4162809609697,89.0,29.747175409657206,0.8308909819925008,718.4701596360756,1337.1673858894485,130.21101047034801,9.800358764318478,18.287308377701386
S-Vw2,500.0,7152,7512,587.4123652788048,36.0,58.74123652788049,0.8500605492989577,587.4017399439739,88.38374620270798,4.49212387343121,3.05976751262185,85.35989952863554
S-Vw2,500.0,7423,8633,649.1927863470728,121.0,19.314826701235226,0.956019017123841,552.4176430653714,251.63149241225653,24.880134075148813,1.903739385313094,5.050450452285315
S-Vw2,500.0,7423,8633,649.1927863470728,121.0,19.314826701235226,0.956019017123841,552.4176430653714,251.63149241225653,24.880134075148813,1.903739385313094,5.050450452285315
S-Vw2,500.0,7692,8813,666.7253657050151,112.10000000000002,21.41134091470164,0.9209315361009476,569.9599547516643,132.03407271688027,112.99555361258237,96.9299641863971,59.12269466677679
S-Vw2,500.0,8633,8993,568.9448017570357,36.0,56.894480175703585,0.9648184400938304,568.9326573093875,120.46818918718598,36.08328588125527,1.9661653500700438,54.863624501833144
S-Vw2,500.0,8813,9353,785.4510049249684,54.0,52.36340032833123,1.0630240861774631,764.1970734404489,529.1178299112026,18.14467547182529,7.154625930210956,69.07293265833565
S-Vw2,500.0,8993,9353,506.7119727747886,36.0,50.67119727747886,1.026376575050767,485.511620985766,405.8776333552062,46.88173981875413,5.952047851501781,61.61323034117865
S-Vw2,500.0,8993,9353,506.7119727747886,36.0,50.67119727747886,1.026376575050767,485.511620985766,405.8776333552062,46.88173981875413,5.952047851501781,61.61323034117865
S-Vw2,500.0,9353,9803,774.4069134018591,45.0,61.95255307214873,0.9834787774467458,773.3219166812362,105.27208073783856,40.17787971583305,2.7624214141821364,52.305148395172424
S-Vw2,500.0,9353,9803,774.4069134018591,45.0,61.95255307214873,0.9834787774467458,773.3219166812362,105.27208073783856,40.17787971583305,2.7624214141821364,52.305148395172424
S-Vw2,500.0,9533,9893,606.3424919006666,36.0,60.63424919006666,1.0086453656092862,603.3089871087311,292.97482021151234,29.802866321200767,0.7522676428106984,24.824421329690317
S-Vw2,500.0,9803,10163,566.4056305466747,36.0,56.640563054667474,1.025768039640671,562.4884990850198,15.96062452791436,9.316625838691408,1.3155106127482945,24.093286167514307
S-Vw2,500.0,9803,10163,566.4056305466747,36.0,56.640563054667474,1.025768039640671,562.4884990850198,15.96062452791436,9.316625838691408,1.3155106127482945,24.093286167514307
S-Vw2,500.0,9983,11101,602.9739251304854,111.80000000000007,19.415976122269644,1.0443110882178182,576.2928979561224,187.77393267493602,101.4453749102261,2.3566315358617693,132.76338207188857
S-Vw2,500.0,10163,11373,597.5557177782666,120.99999999999989,17.77851722315506,1.0193488789774081,514.6178233550443,385.23998968714386,10.3725403233383,9.064628275636295,19.709845121804175
S-Vw2,500.0,10343,11463,557.1982126140156,112.0,17.909942548307644,1.0731466492396615,471.26344107067735,525.8223012581161,5.355471549484719,3.9189751229208016,35.588116826772065
S-Vw2,500.0,11194,11643,667.146572547399,44.899999999999864,53.49059378999207,0.9795898597289476,617.4210405841036,223.2914776208798,131.61699907168943,3.938546958443153,142.54649730462728
S-Vw2,500.0,11463,11734,539.500915082288,27.100000000000136,71.66801823971316,1.2278805300237299,539.2684863342193,120.58668745948862,99.44407040214288,3.4756068168714385,3.4546540318257213
S-Vw2,500.0,11553,11823,543.5062444250034,27.0,72.46749925666712,1.0773899270229153,543.4492608069459,84.72601897778597,78.18627502496676,3.9163743535315536,42.30474473084693
S-Vw2,500.0,11734,12003,571.094493035851,26.899999999999864,76.42900278546743,1.1325877704303147,571.0934380525465,59.03213168187172,57.92596110724601,4.3272984773276395,11.104128481022794
S-Vw2,500.0,11823,12094,575.9850079451298,27.100000000000136,76.5146136015667,1.1339507015635237,575.8715896475334,63.55771178852892,24.76889131718693,6.673611713157123,50.46134351135661
S-Vw2,500.0,12003,12273,546.8209575747915,27.0,72.90946100997219,1.1259176513502676,546.3785817532636,41.39829522177571,11.94463698939653,4.665763167911986,81.56703618995837
S-Vw2,500.0,12094,12363,530.7289722413025,26.90000000000009,71.02692565311087,1.1219696046147658,529.8803986645855,187.76208416878754,12.173811133167211,4.381626408825766,77.54962606398865
S-Vw2,500.0,12183,12453,507.2188768280521,27.000000000000227,67.62918357707305,1.1533695368378833,507.03254038477456,143.72800900571113,30.905727275722644,3.6750034492267245,113.34448603930763
S-Vw2,500.0,12273,12633,664.5936843181298,36.00000000000023,66.45936843181256,1.1530688126584125,664.0653782206512,193.16669762342698,97.42430916049193,0.8768145615858669,214.17209146745523
S-Vw2,500.0,12453,12723,517.3896088138081,27.0,68.9852811751744,1.1004497797312602,517.3800535323675,103.8104850709037,98.19487615272129,1.0358547169356933,160.0912144011938
S-Vw2,500.0,12543,12813,529.898373687829,27.0,70.65311649171053,1.074361257162793,529.8785244195367,159.01351568028352,101.19445667511492,2.591220149776072,148.15752580150377
S-Vw2,500.0,12723,12993,543.286930826951,27.0,72.43825744359346,0.9979430323421619,543.2817378419458,91.30239263600548,95.59577102434459,4.351727746521831,94.28098808921473
S-Vw2,500.0,12813,13083,563.2984815165182,27.0,75.10646420220243,0.9694637060623645,563.2976729760123,130.83596974234746,87.00412602330897,5.2708032144319095,67.17825829813636
S-Vw2,500.0,12993,13263,583.7215560391069,27.0,77.82954080521425,0.9269632733936167,583.6533826727673,87.80080304794474,92.61666529891968,4.056795264566149,43.29312386960756
S-Vw2,500.0,13083,13353,565.6710195502837,27.0,75.42280260670451,0.96124119758778,565.3162657240456,131.99157201985173,124.95859358485137,3.6797727419057202,98.25128204061356
S-Vw2,500.0,13173,13533,748.0925864267847,36.0,74.80925864267847,0.920117864711383,746.778070482643,572.5345246904067,157.36001930919957,5.001756038142528,85.21079240470486
S-Vw2,500.0,13263,13533,563.0225151805807,27.0,75.0696686907441,0.8841738044345744,562.5333740054915,420.6054686942058,112.79176163612189,4.152253563524337,34.79678007673588
S-Vw2,500.0,13533,13803,607.3999071846029,27.0,80.98665429128039,0.8534877909464706,606.9577444791854,71.27896319930794,55.98249756004992,6.260297200297558,41.99228405849846
S-Vw2,500.0,13533,13803,607.3999071846029,27.0,80.98665429128039,0.8534877909464706,606.9577444791854,71.27896319930794,55.98249756004992,6.260297200297558,41.99228405849846
S-Vw2,500.0,13623,13982,607.8989943088436,35.899999999999864,60.9592306270709,0.8547605930553654,607.5491956446982,475.2292393928608,273.11769176142144,4.827222952529963,145.36250493380624
S-Vw2,500.0,13803,14073,525.2145591392073,27.0,70.02860788522764,0.8662737447573077,524.7119937698753,247.21955173595032,110.9972799122799,5.542649098148988,25.808466679618938
S-Vw2,500.0,13982,14253,640.5745565438301,27.100000000000136,85.09477503903236,0.808292252354156,640.2286339897436,14.39722808433034,13.064590959544734,4.595539072655119,134.06935559912577
S-Vw2,500.0,14073,14523,816.8895057862501,45.0,65.35116046290001,0.9003915643518569,816.7246882049993,292.6300754707446,267.84141486614465,1.023639190582629,159.73492248126982
S-Vw2,500.0,14253,14523,504.2849153453717,27.0,67.23798871271623,0.840993209535644,504.27518053337695,207.44058665743296,154.5967356137921,1.4467399451535514,49.632583037792024
S-Vw2,500.0,14253,14523,504.2849153453717,27.0,67.23798871271623,0.840993209535644,504.27518053337695,207.44058665743296,154.5967356137921,1.4467399451535514,49.632583037792024
S-Vw2,500.0,14523,14882,561.7563415338263,35.899999999999864,56.332112242946586,0.8256220643648905,561.6162494333977,485.3758339394615,332.8962517856669,1.7753324267466968,176.77463137010514
S-Vw2,500.0,14523,14882,561.7563415338263,35.899999999999864,56.332112242946586,0.8256220643648905,561.6162494333977,485.3758339394615,332.8962517856669,1.7753324267466968,176.77463137010514
S-Vw2,500.0,14793,14973,618.8842564112601,18.0,123.77685128225204,0.8,618.8833089274001,168.1001225376406,165.32040866900653,7.5349446582781185,255.86163962032268
S-Vw2,500.0,14882,15063,621.6871354061623,18.100000000000136,123.6504799702855,0.8,621.6232024923465,188.21614872905934,183.81428242253764,6.686970413695128,271.3696355793145
S-Vw2,500.0,14973,15333,803.5415800206501,36.0,80.35415800206502,0.822165293086319,803.5118057475769,252.22038714368864,39.54258408145523,5.504002436500516,110.85333154527841
S-Vw2,500.0,14973,15333,803.5415800206501,36.0,80.35415800206502,0.822165293086319,803.5118057475769,252.22038714368864,39.54258408145523,5.504002436500516,110.85333154527841
S-Vw2,500.0,15243,15513,805.8122806136016,27.0,107.44163741514689,0.8,805.7402108783048,200.3857057899528,184.03005169756074,2.5300724654794147,308.52582958984317
S-Vw2,500.0,15333,15603,596.6716789759739,27.0,79.5562238634632,0.8970440842090932,596.6710917246502,119.76140459569426,36.636875446264206,1.962176504224527,28.716830142248273
S-Vw2,500.0,15333,15603,596.6716789759739,27.0,79.5562238634632,0.8970440842090932,596.6710917246502,119.76140459569426,36.636875446264206,1.962176504224527,28.716830142248273
S-Vw2,500.0,15513,15873,742.341228548612,36.0,74.2341228548612,0.8990152692548393,742.3399483563218,83.03244400086857,86.73007710235811,2.0082003949113623,3.5805072757400223
S-Vw2,500.0,15603,15873,554.504432342932,27.0,73.93392431239093,0.9437721589208662,554.5038150626262,274.4537487314279,53.242208542784184,2.255590316628816,19.09540706707521
S-Vw2,500.0,15693,16143,706.4516331670166,45.0,56.51613065336132,0.9282966462203548,703.0020950927582,135.97302680013183,78.11817871309107,4.521139234264864,21.544206188046978
S-Vw2,500.0,15873,16413,649.3398193805078,54.0,43.289321292033854,0.9950883048966196,646.0044410889038,415.79430439779725,234.01469475703385,4.4545452564810954,229.65567077428975
S-Vw2,500.0,15963,16413,577.2272067273625,45.0,46.178176538189,0.9902882040921908,576.3625040411669,496.93289445329884,179.04624849896328,2.4960258085135605,171.68338242316472
S-Vw2,500.0,16143,16503,554.8932903022251,36.0,55.48932903022251,0.951464502865289,554.825542991216,180.08115999826592,33.65950841075297,0.9952626485893126,5.1668687399633555
S-Vw2,500.0,16413,16863,695.7025802423195,45.0,55.65620641938556,0.9416061755459698,695.1639601336444,154.73086251415754,156.41198516566627,5.953815398684376,188.24912393775585
S-Vw2,500.0,16503,17043,644.9056206844798,54.0,42.99370804563199,0.9475266748632842,644.3677444795254,146.2249436073587,139.34596040740763,8.166750010607883,97.94264629364646
S-Vw2,500.0,16863,17133,605.9076551535036,27.0,80.78768735380048,0.9405630142219346,605.9030783755387,71.89476250935867,64.49328618220086,0.7586319305423255,96.64545573161233
S-Vw2,500.0,16863,17133,605.9076551535036,27.0,80.78768735380048,0.9405630142219346,605.9030783755387,71.89476250935867,64.49328618220086,0.7586319305423255,96.64545573161233
S-Vw2,500.0,17133,17493,661.7314991594612,36.0,66.17314991594613,1.0121200182925805,661.7200320918546,152.58786097328712,81.2352225557064,1.620865263311495,90.2498576373625
S-Vw2,500.0,17133,17493,661.7314991594612,36.0,66.17314991594613,1.0121200182925805,661.7200320918546,152.58786097328712,81.2352225557064,1.620865263311495,90.2498576373625
S-Vw2,500.0,17223,17583,907.1814885902168,36.0,90.71814885902168,1.077170254046617,907.0660773721319,220.60067079117727,181.75314330101148,1.4933166476663955,125.78909378527854
S-Vw2,500.0,17403,17583,682.3857226714681,18.0,136.47714453429364,0.9638870428496956,682.3377321907446,371.0924190375044,340.7036916469151,1.6278814803377688,353.0183799339759
S-Vw2,500.0,17493,17762,689.602409466821,26.899999999999864,92.28879829295792,1.0454951618837416,689.5987509047386,205.08139726928138,172.9118716056186,1.2889601779995994,149.4077477418349
S-Vw2,500.0,17583,17853,660.6762999967796,27.0,88.09017333290394,1.214747920832534,660.6659360428207,294.5465301446099,136.6173066981804,4.313064098472271,24.489459762993487
S-Vw2,500.0,17583,17853,660.6762999967796,27.0,88.09017333290394,1.214747920832534,660.6659360428207,294.5465301446099,136.6173066981804,4.313064098472271,24.489459762993487
S-Vw2,500.0,17762,17943,644.0580658320214,18.100000000000136,128.0999467953182,1.1054228479944426,644.0579334773801,296.6405289585331,291.88268982775236,3.8648194076295304,254.8350956030611
S-Vw2,500.0,17853,18213,826.7291505580579,36.0,82.67291505580579,1.2210734103941154,826.719572755343,236.5192574587693,80.99798923725969,2.257369199614528,83.95029947090657
S-Vw2,500.0,17943,18213,615.8993118365615,27.0,82.11990824487486,1.25,615.8952788300872,192.27641767853396,42.26114901649388,1.9373254055197957,101.05783446890621
S-Vw2,500.0,18122,18303,526.6790367758804,18.100000000000136,104.7538415686826,1.1640170599189141,525.726338694489,197.91627158275327,196.90983531913452,2.2917006479168402,143.2077759948748
S-Vw2,500.0,18213,18663,762.5167677184218,45.0,61.00134141747374,1.25,759.5115079196305,202.56624457116837,95.67681846177094,2.764031783966615,71.58165087081548
S-Vw2,500.0,18213,18663,762.5167677184218,45.0,61.00134141747374,1.25,759.5115079196305,202.56624457116837,95.67681846177094,2.764031783966615,71.58165087081548
S-Vw2,500.0,18393,18663,524.136906453281,27.0,69.88492086043746,1.1687252911892405,524.0305244544292,163.56835789345797,116.53389214397428,1.912017300527445,47.77524219412072
S-Vw2,500.0,18663,18933,623.1838469755094,27.0,83.09117959673459,1.25,623.103068206453,108.01880531986994,97.49624757204171,7.299886807115941,35.13079845224958
S-Vw2,500.0,18663,18933,623.1838469755094,27.0,83.09117959673459,1.25,623.103068206453,108.01880531986994,97.49624757204171,7.299886807115941,35.13079845224958
S-Vw2,500.0,18933,19203,606.9119353669375,27.0,80.92159138225834,1.25,606.7355523078008,149.93445124578116,147.71553924290427,0.8350724603909553,32.94095221034403
S-Vw2,500.0,18933,19203,606.9119353669375,27.0,80.92159138225834,1.25,606.7355523078008,149.93445124578116,147.71553924290427,0.8350724603909553,32.94095221034403
S-Vw2,500.0,19113,19293,590.4809561493748,18.0,118.09619122987498,1.076229361618597,590.365384916305,293.3925140082257,270.90383324433196,1.033967993659619,246.6006668719086
S-Vw2,500.0,19203,19563,796.7637459992548,36.0,79.67637459992548,1.2437302514065884,796.3975593528538,356.49611782912547,106.90685196114606,0.8569925330861923,61.10316588795094
S-Vw2,500.0,19203,19563,796.7637459992548,36.0,79.67637459992548,1.2437302514065884,796.3975593528538,356.49611782912547,106.90685196114606,0.8569925330861923,61.10316588795094
S-Vw2,500.0,19383,19653,558.9652238993294,27.0,74.52869651991058,1.2451105915807004,558.9574972860079,35.53198139371207,7.829749387997016,2.8113121941051196,146.15745654163678
S-Vw2,500.0,19563,19833,544.4508970715287,27.0,72.5934529428705,1.2254585780923528,544.4266297875913,150.84776722942613,63.07416833830539,3.7685504096556186,200.11295931802186
S-Vw2,500.0,19563,19833,544.4508970715287,27.0,72.5934529428705,1.2254585780923528,544.4266297875913,150.84776722942613,63.07416833830539,3.7685504096556186,200.11295931802186
S-Vw2,500.0,19833,20193,783.8252149491527,36.0,78.38252149491527,1.1560060042009328,783.0509889652832,349.8151674715464,148.165651142082,0.16028530061614235,293.58531091027567
S-Vw2,500.0,19833,20193,783.8252149491527,36.0,78.38252149491527,1.1560060042009328,783.0509889652832,349.8151674715464,148.165651142082,0.16028530061614235,293.58531091027567
S-Vw2,500.0,20012,20193,579.5961396954699,18.100000000000136,115.27879021567271,1.0879184438889318,579.5900790695136,233.39819184695193,87.51614092552654,0.7182536961766858,44.190292426254935
S-Vw2,500.0,20101,20283,568.9550088038268,18.200000000000045,112.54055119196546,1.0023096952191848,568.9415258830395,230.17332765317474,76.27682229444397,1.653265064061573,75.13799294508162
S-Vw2,500.0,20193,20463,524.9823008817912,27.0,69.99764011757215,1.0602680762436283,524.9651794729526,236.87674564116224,226.16277989181557,4.636782823676819,271.46963345425985
S-Vw2,500.0,20283,20553,508.075642376054,27.0,67.74341898347387,1.03989102908218,508.03333833208956,296.99064595822114,253.3163776933868,5.0957524601060555,283.71697405113673
S-Vw2,500.0,20463,20821,528.0453096040292,35.79999999999973,53.09952834007038,0.8793894228509874,528.0045247501795,478.4030900112356,387.6547337660934,1.5696480001304,277.12566170693987
S-Vw2,500.0,20553,20911,522.4214965284336,35.79999999999973,52.53400523749652,0.8407479292779505,522.4103699891889,423.5680886119992,354.8749589281153,2.2765897334779623,215.11508956970295
S-Vw2,500.0,20732,21092,662.4514024262608,36.0,66.24514024262608,0.8,662.4190045978422,230.61273756416668,216.01527617027995,3.1041625330536435,40.4837377834619
S-Vw2,500.0,20911,21182,707.1847653724617,27.100000000000364,93.9433636657132,0.8,707.1764451884213,80.38660209183075,31.455698237041208,1.6846418444412532,166.52483560128894
S-Vw2,500.0,21002,21182,550.904417551199,18.0,110.1808835102398,0.8,550.9030947212294,166.57161597127129,102.08716291440595,1.8787507221585045,191.67354071811218
S-Vw2,500.0,21182,21454,587.4476170292546,27.199999999999818,77.75041990093129,0.824872530618502,587.4472914078016,88.55962575709755,40.20602488162251,1.9072631869288863,69.89098033999319
S-Vw2,500.0,21182,21454,587.4476170292546,27.199999999999818,77.75041990093129,0.824872530618502,587.4472914078016,88.55962575709755,40.20602488162251,1.9072631869288863,69.89098033999319
S-Vw2,500.0,21362,21632,599.2293661897893,27.0,79.89724882530524,0.8,599.2289191469717,54.467675180824585,49.6393366782222,2.1709846618827684,80.17266414908343
S-Vw2,500.0,21454,21812,632.4512056900894,35.80000000000018,63.59844526492487,0.8,632.4501209057335,235.50927471350053,244.81438831552552,3.2970510922300735,69.47707912326403
S-Vw2,500.0,21632,21901,638.4239639457373,26.899999999999636,85.43963829757196,0.8,638.4222951901078,59.61854352163245,10.41135090734773,3.450972191388079,119.97917831401635
S-Vw2,500.0,21722,21992,630.5288240621412,27.0,84.07050987495217,0.8,630.5282848656584,127.77875697916633,11.159031072728308,4.84850365752931,118.21975437128981
S-Vw2,500.0,21812,22084,758.7029933990998,27.199999999999818,100.41657265576389,0.8477136210148748,758.6963416445014,169.78621871361534,125.60127632610724,2.1447800410386937,222.1181671351471
S-Vw2,500.0,21992,22352,596.7948751846343,36.0,59.67948751846344,0.8911091208829918,594.8313116286157,159.25917235122662,98.45945421161193,6.471301633115241,23.501456511107776
S-Vw2,500.0,22084,22534,811.077088479622,45.0,64.88616707836977,0.9525329906067856,807.0614180558234,350.504668694416,37.45508774994838,2.664055684217304,74.09656341853173
S-Vw2,500.0,22084,22534,811.077088479622,45.0,64.88616707836977,0.9525329906067856,807.0614180558234,350.504668694416,37.45508774994838,2.664055684217304,74.09656341853173
S-Vw2,500.0,22352,22534,557.9078681929896,18.199999999999818,110.35540249971332,0.8782664645262804,557.8179148874209,294.11735465130096,269.3515420300012,4.055203691627257,304.59845906883476
S-Vw2,500.0,22534,22982,506.63222080004925,44.80000000000018,40.711517742860934,1.0400980872324914,499.345327734575,65.46871944162706,48.413422639947704,0.554241459371573,70.65399091684037
S-Vw2,500.0,22534,22982,506.63222080004925,44.80000000000018,40.711517742860934,1.0400980872324914,499.345327734575,65.46871944162706,48.413422639947704,0.554241459371573,70.65399091684037
S-Vw2,500.0,22712,23164,652.4813393974327,45.19999999999982,51.967540305990426,1.0128332022475057,638.0373071415171,145.42879440691772,103.75508326340777,2.903469363913161,96.74539642335404
S-Vw2,500.0,22982,23343,575.8543616480238,36.09999999999991,57.425919721132715,1.0590068552458665,405.6695394295787,87.59970986869114,124.54376283424006,15.361198100815598,98.89745098774938
S-Vw2,500.0,23072,23433,627.6084607668163,36.09999999999991,62.58699331746661,1.0826072461881395,476.3227091202258,356.98709301998736,133.65681132888673,14.638535809706717,94.03589790794193
S-Vw2,500.0,23254,23612,586.7795952839224,35.80000000000018,59.0057693581595,1.08708451757434,585.8854486903874,289.8185735092712,25.212260350118182,1.9383579953774919,23.891380484835192
S-Vw2,500.0,23433,23792,960.1326983594918,35.90000000000009,96.28071627003236,1.239481719550055,959.3734822965502,378.31235427910383,357.91919391272694,2.268391683159734,213.5988255790409
S-Vw2,500.0,23612,23792,726.9941303557716,18.0,145.39882607115433,1.2138045687749752,726.9210587516764,439.1541909858748,413.6348317165854,2.6786797994281795,346.5304271590481
S-Vw2,500.0,23702,23972,730.0125448414256,27.0,97.33500597885674,1.169172910053544,729.9429102966956,757.6181418375235,235.45422444870118,2.3156654493575313,151.83775788904904
S-Vw2,500.0,23792,24152,719.9164591266381,36.0,71.99164591266381,1.25,719.7249669397984,705.3934598482612,85.74770114111767,0.7437954701530098,72.6966226168627
S-Vw2,500.0,23792,24152,719.9164591266381,36.0,71.99164591266381,1.25,719.7249669397984,705.3934598482612,85.74770114111767,0.7437954701530098,72.6966226168627
S-Vw2,500.0,23972,24242,694.6624221382663,27.0,92.62165628510218,1.233013220688824,694.2861632588784,301.59393617678035,238.62570470634057,0.7206403799537432,132.38737792125337
S-Vw2,500.0,24062,24334,951.9582785277453,27.199999999999818,125.99447804043771,1.25,951.0634943665297,514.5480517168046,491.27004100916923,2.4735883529064098,376.11734482880536
S-Vw2,500.0,24152,24334,728.9306057497015,18.199999999999818,144.18407586257976,1.25,728.6141796308871,448.78536997937374,412.3060538627574,1.460725256545488,333.17174234440176
S-Vw2,500.0,24242,24334,500.7030429811275,9.199999999999818,195.92727768827118,1.25,500.7030429811567,379.6157206184905,336.02873986980154,3.1734463198140137,295.06254611170806
S-Vw2,500.0,24334,24604,764.6263929466513,27.0,101.95018572622018,1.25,764.3066202365121,232.55810494768494,173.3944780288603,2.8074618878733135,25.61848967016139
S-Vw2,500.0,24334,24604,764.6263929466513,27.0,101.95018572622018,1.25,764.3066202365121,232.55810494768494,173.3944780288603,2.8074618878733135,25.61848967016139
S-Vw2,500.0,24424,24604,520.8640329397022,18.0,104.17280658794044,1.25,520.8260542137925,151.93449933158647,111.04105691610384,2.8380396711242972,9.011956551460687
S-Vw2,500.0,24513,24782,535.5509303206854,26.90000000000009,71.67224346299112,1.25,535.4613917874592,128.89078612916884,133.91734519287613,2.1495869971552843,301.07128121224406
S-Vw2,500.0,24604,24872,529.9443140339354,26.800000000000182,71.18654964634904,1.25,529.9088114234431,228.18781706739694,159.22615279430374,2.8957461278873176,331.6817404857635
S-Vw2,500.0,24782,24962,507.94383094437944,18.0,101.5887661888759,1.25,507.8867096560249,65.13474088914283,30.130227156452406,2.4382086223687494,89.69848747142515
S-Vw2,500.0,24872,25144,1040.2828295730433,27.199999999999818,137.6844921493743,1.25,1039.4547327847845,369.7139439223486,336.6904522529299,7.806374438792807,160.95912220046506
S-Vw2,500.0,24962,25144,793.7698670584214,18.199999999999818,157.0094242533157,1.2498043934619278,793.4697594435742,341.5105325926949,331.623024232623,8.236130077970035,216.0452390281802
S-Vw2,500.0,25052,25144,551.6610132962232,9.199999999999818,215.8673530289612,1.25,551.6610132962281,320.5323956496143,318.86642086551365,8.841991780855434,260.70046859601905
S-Vw2,500.0,25144,25412,513.8892597896556,26.800000000000182,69.02990056875925,1.25,513.8151570296343,194.32093738793273,138.50984316504133,3.225996815911513,301.7141004656099
S-Vw2,500.0,25144,25412,513.8892597896556,26.800000000000182,69.02990056875925,1.25,513.8151570296343,194.32093738793273,138.50984316504133,3.225996815911513,301.7141004656099
S-Vw2,500.0,25322,25502,518.1760718547157,18.0,103.63521437094315,1.2258930022054626,518.1523685443815,105.71435460032643,71.8878800234474,2.3328767818104095,28.917010726119305
S-Vw2,500.0,25412,25592,534.1349302483723,18.0,106.82698604967445,1.206092835636232,534.112601605129,90.09954202811008,78.19401077958759,2.3712395487182896,15.962833783339294
S-Vw2,500.0,25502,25682,555.5773690848873,18.0,111.11547381697747,1.12956129764587,555.5322561838103,100.3267888108584,96.27598095843317,3.937754520402745,36.8549943204944
S-Vw2,500.0,25592,25772,563.9240794140787,18.0,112.78481588281575,1.088052098263511,563.8371588500141,128.60143669992996,105.03150558430173,2.4625596709862605,64.70519746948383
S-Vw2,500.0,25682,25864,799.6534823530674,18.199999999999818,158.17321628961932,1.0850013680484427,799.6465129789855,358.2486654989552,342.6236117918636,1.7118415388666963,303.81941634026606
S-Vw2,500.0,25772,25864,520.6509598255798,9.199999999999818,203.73298427957872,1.0829879249710428,520.6509598254759,294.1447403164563,292.68864097409374,1.8454944729725102,273.6990220951192
S-Vw2,500.0,25864,26043,511.06836686711904,17.90000000000009,102.7846994816547,1.2240042296029559,511.0683668673317,104.01660052148765,67.64965515247957,2.418349041119256,31.771144563480075
S-Vw2,500.0,25864,26043,511.06836686711904,17.90000000000009,102.7846994816547,1.2240042296029559,511.0683668673317,104.01660052148765,67.64965515247957,2.418349041119256,31.771144563480075
S-Vw2,500.0,25864,26043,511.06836686711904,17.90000000000009,102.7846994816547,1.2240042296029559,511.0683668673317,104.01660052148765,67.64965515247957,2.418349041119256,31.771144563480075
S-Vw2,500.0,26043,26223,504.89731847339135,18.0,100.97946369467827,1.25,504.8973147610444,62.165241354277356,29.314239861418006,0.5083042440582235,89.70012615108598
S-Vw2,500.0,26043,26223,504.89731847339135,18.0,100.97946369467827,1.25,504.8973147610444,62.165241354277356,29.314239861418006,0.5083042440582235,89.70012615108598
S-Vw2,500.0,26223,26404,509.28729255948565,18.09999999999991,101.29471012232915,1.25,509.28729244136855,29.610957067091224,23.100983535442676,1.949633656268571,98.32323848536572
S-Vw2,500.0,26223,26404,509.28729255948565,18.09999999999991,101.29471012232915,1.25,509.28729244136855,29.610957067091224,23.100983535442676,1.949633656268571,98.32323848536572
S-Vw2,500.0,26404,26674,790.7327435652114,27.0,105.43103247536153,1.2041260112878542,786.8741356488947,204.57410492638007,64.92623924641619,2.8683173848795276,83.34893206722455
S-Vw2,500.0,26404,26674,790.7327435652114,27.0,105.43103247536153,1.2041260112878542,786.8741356488947,204.57410492638007,64.92623924641619,2.8683173848795276,83.34893206722455
S-Vw2,500.0,26582,26674,516.9088160152969,9.199999999999818,202.26866713642454,1.1361799936271348,516.9088160152934,290.84527653248807,267.7839500259522,3.884251137458655,233.90060555132268
S-Vw2,500.0,26674,26942,517.0612549502475,26.800000000000182,69.4559894709283,1.2104022902290992,517.0606388434016,298.83439484290835,158.46607565781156,1.6305627275931522,300.77602803909366
S-Vw2,500.0,26674,26942,517.0612549502475,26.800000000000182,69.4559894709283,1.2104022902290992,517.0606388434016,298.83439484290835,158.46607565781156,1.6305627275931522,300.77602803909366
S-Vw2,500.0,26852,27031,518.7210461401919,17.90000000000009,104.32378581590399,1.1155088167057436,517.5316045484159,221.44569123736096,94.61810393920479,3.33047208460526,45.550029711901836
S-Vw2,500.0,26942,27122,509.4257652225715,18.0,101.88515304451431,1.1131146832829066,508.0632131182414,304.8772329849918,74.6220286650705,3.8441130026437302,25.514794174836947
S-Vw2,500.0,27031,27211,504.4403715348308,18.0,100.88807430696616,1.0634821160228454,503.18680191534975,100.12092723288157,47.47282515013652,4.112555653368564,18.64244601106688
S-Vw2,500.0,27122,27302,517.1832380751148,18.0,103.43664761502296,1.0832165092435246,515.8583369413768,58.48031880331872,49.67750510840692,3.7218077198406885,11.125852101752585
S-Vw2,500.0,27211,27392,523.8061332151046,18.09999999999991,104.18243533560145,1.054243166235985,523.6398034493344,146.92431750964667,57.03158126435482,1.1610990211816676,31.712536500835004
S-Vw2,500.0,27302,27482,529.8729726919046,18.0,105.97459453838093,1.0794297116976093,529.768191521979,113.14999702323199,72.20273087337078,1.4806929104224447,35.787327286513374
S-Vw2,500.0,27392,27572,537.7734877107505,18.0,107.55469754215011,1.0594558091123685,537.727908427825,219.85550845093053,93.53508853180772,2.386750174136409,67.18565910891928
S-Vw2,500.0,27482,27662,523.379052636621,18.0,104.67581052732422,1.0961947698266605,523.3158272564546,262.3124370013532,100.10114572132557,1.974224038085727,59.29565874264249
S-Vw2,500.0,27572,27751,505.6606976251569,17.90000000000009,101.69712354472378,1.0843007577732895,505.5932561505997,160.13500647462405,89.59805568034282,1.7435975576840999,54.47398163466683
S-Vw2,500.0,27662,27842,502.3065763941122,18.0,100.46131527882244,1.1215943731143514,502.23582994615236,182.93541053723172,65.97686166918989,2.7712153767825205,13.197801726398351
S-Vw2,500.0,27751,28022,733.8067345158706,27.09999999999991,97.4798614117027,1.1575479491072338,733.5823503450359,170.7925969780524,75.42513001364544,3.060757180194587,28.54990652801425
S-Vw2,500.0,27842,28112,731.2451849432691,27.0,97.49935799243588,1.103883476235423,731.0347189321075,122.50815785275259,93.6829184786985,6.719915656401867,27.91758919065461
S-Vw2,500.0,27932,28202,736.9011004138301,27.0,98.25348005517735,1.1325719915812131,736.8391640435711,410.75652244136074,103.99719199417977,2.803284890693612,20.235803429409685
S-Vw2,500.0,28022,28292,764.5184969924376,27.0,101.93579959899168,1.164349106503649,764.4575662331212,126.53239841666473,119.81361590033724,3.406836762839739,14.123996261194494
S-Vw2,500.0,28112,28292,516.4214818482433,18.0,103.28429636964866,1.1651246061866698,516.3896588034614,147.5366247585104,78.83813337107738,3.431795782919704,7.222065078496922
S-Vw2,500.0,28202,28384,790.4062407659803,18.199999999999818,156.3440915800856,1.159745065681841,790.403935109897,348.1652666392684,338.76472022709703,1.784078308566726,266.49597444975785
S-Vw2,500.0,28292,28384,522.1850779457454,9.199999999999818,204.33329137007834,1.163105135106897,522.1850779458877,293.32962186528295,293.5934516682709,1.7352080315154153,256.1815289823188
S-Vw2,500.0,28384,28653,506.1425817775671,26.90000000000009,67.73655369513887,1.25,506.06470098477206,370.35662481944667,191.0386132694648,5.380023185454713,365.37794692643985
S-Vw2,500.0,28384,28653,506.1425817775671,26.90000000000009,67.73655369513887,1.25,506.06470098477206,370.35662481944667,191.0386132694648,5.380023185454713,365.37794692643985
S-Vw2,500.0,28561,28742,500.5927047589357,18.09999999999991,99.56539984155677,1.170021305053428,500.56647555659964,273.432023458681,28.49918619875031,3.7628393917450227,52.112467389802134
S-Vw2,500.0,28653,28833,698.6334116417784,18.0,139.72668232835568,1.1597927045387237,698.3900431178978,245.22354163581448,243.69201987187805,3.1450909901070383,170.95616263684687
S-Vw2,500.0,28742,28923,673.3337021616317,18.09999999999991,133.9227252918169,1.148845811385168,673.2644521669358,235.70806246676395,219.12869196299695,1.6294292361011464,151.47774840805224
S-Vw2,500.0,28833,29192,741.0344155483035,35.90000000000009,74.30985782657065,1.2078010220830933,740.552400312682,184.34472983240985,181.63918022683941,1.8383501523621386,373.2124693174079
S-Vw2,500.0,28833,29192,741.0344155483035,35.90000000000009,74.30985782657065,1.2078010220830933,740.552400312682,184.34472983240985,181.63918022683941,1.8383501523621386,373.2124693174079
S-Vw2,500.0,28923,29192,518.2567646965763,26.90000000000009,69.35778263597281,1.1888285135252747,518.1738231659392,170.00864513621582,177.34154860773205,1.7587137386564557,308.58916617353464
S-Vw2,500.0,29102,29282,524.0746940905083,18.0,104.81493881810167,1.1018717583041526,523.9907420900861,108.36108432271084,63.51961216051776,2.913507379789366,16.681347084018604
S-Vw2,500.0,29192,29372,527.9920699744398,18.0,105.59841399488796,1.1020950570331003,527.8990748436304,172.5376012601771,66.07545489767158,0.3849186616323899,18.876882554602652
S-Vw2,500.0,29282,29463,775.3925807800115,18.09999999999991,154.22172877392572,1.0999562431466934,775.385658388654,317.40618653777767,304.6312057043774,1.0981035157427328,257.6660737182484
S-Vw2,500.0,29372,29463,511.9474971543823,9.099999999999909,202.52868019294448,1.0976700381452171,511.9474971542885,289.348511558603,272.89113739406133,0.7359467750370831,249.50419648219156
S-Vw2,500.0,29463,29734,795.5556873848473,27.09999999999991,105.68267433894687,1.173696248312212,795.5549603925988,376.1132022532443,89.78419568245023,3.8829078898967997,33.25157883005866
S-Vw2,500.0,29463,29734,795.5556873848473,27.09999999999991,105.68267433894687,1.173696248312212,795.5549603925988,376.1132022532443,89.78419568245023,3.8829078898967997,33.25157883005866
S-Vw2,500.0,29642,29734,534.288980225363,9.199999999999818,209.0696009577549,1.0522902842051718,534.2889802253984,303.312164089607,295.8144219616687,3.9676429182111557,283.3475644962439
S-Vw2,500.0,29734,30004,792.7273987857261,27.0,105.69698650476349,1.1684890097111502,792.7265207125848,148.72984048099343,136.59291896091517,5.591269563715642,26.438163110221222
S-Vw2,500.0,29734,30004,792.7273987857261,27.0,105.69698650476349,1.1684890097111502,792.7265207125848,148.72984048099343,136.59291896091517,5.591269563715642,26.438163110221222
S-Vw2,500.0,29913,30004,531.6504646139001,9.099999999999909,210.32326072638017,1.1037564376936635,531.6504646139547,312.900155438592,309.4341978913564,5.616875804039785,286.3080806206628
S-Vw2,500.0,30004,30272,530.8330077928258,26.800000000000182,71.30592641993134,1.1530350852825528,530.7985332293499,144.77848172880095,141.0644887750022,1.4427478133822187,243.81674711253328
S-Vw2,500.0,30004,30272,530.8330077928258,26.800000000000182,71.30592641993134,1.1530350852825528,530.7985332293499,144.77848172880095,141.0644887750022,1.4427478133822187,243.81674711253328
S-Vw2,500.0,30004,30272,530.8330077928258,26.800000000000182,71.30592641993134,1.1530350852825528,530.7985332293499,144.77848172880095,141.0644887750022,1.4427478133822187,243.81674711253328
S-Vw2,500.0,30182,30362,533.4311310292032,18.0,106.68622620584065,1.1226443503289163,533.2426254234687,131.31542432507388,77.08785113621175,1.1480315132734193,21.225846098278044
S-Vw2,500.0,30272,30452,543.0285522476988,18.0,108.60571044953977,1.1558698302754729,542.830115684145,145.01952140578265,88.45778482178827,4.603476806778191,18.09176031807169
S-Vw2,500.0,30362,30542,536.7002800918926,18.0,107.34005601837853,1.1614902886827476,536.4356321441778,132.18291287031096,83.82345474949452,3.076696313879504,11.13884570566306
S-Vw2,500.0,30452,30632,514.5411819042129,18.0,102.90823638084257,1.1666501129843383,514.3364350504255,214.5438401590172,58.808748540915715,0.6953240106064458,17.182624144621855
S-Vw2,500.0,30542,30724,763.7621914353804,18.199999999999818,151.07384006414267,1.1687722894983499,763.6945024730258,376.04592484447903,288.69181120148454,1.2804819855896599,208.67311013640997
S-Vw2,500.0,30632,30724,513.7894961213751,9.199999999999818,201.04806369967253,1.1122827525896097,513.7894961214307,282.2180447995814,268.5142664355498,0.8676082225820273,240.96348823590426
S-Vw2,500.0,30724,31082,713.3790419243232,35.80000000000018,71.7364399700433,1.2238138432124623,713.0546986770751,322.832260075832,252.89465348917633,0.8009364499612447,465.0427625147151
S-Vw2,500.0,30724,31082,713.3790419243232,35.80000000000018,71.7364399700433,1.2238138432124623,713.0546986770751,322.832260075832,252.89465348917633,0.8009364499612447,465.0427625147151
S-Vw2,500.0,30902,31172,693.4804895620764,27.0,92.46406527494352,1.0931836770577235,692.8885693616035,39.96164539654688,11.813066718315358,0.6286293785787074,77.49413928311996
S-Vw2,500.0,30992,31264,914.0330098428458,27.199999999999818,120.97495718508334,1.1038418159414665,912.6940657654869,282.9646436437112,210.915957451739,0.9901266060982986,137.8378980241153
S-Vw2,500.0,31082,31264,683.9636618563381,18.199999999999818,135.28951553202427,1.117133357365693,683.5654229213171,243.12741591279942,212.42628078928084,1.9421998020693672,157.12177954930544
S-Vw2,500.0,31172,31442,669.015953756927,27.0,89.20212716759028,1.0455528692483669,668.8232382878867,145.19808077333218,13.634902105247034,2.017067398895639,16.50367520376409
S-Vw2,500.0,31264,31624,872.6174841259854,36.0,87.26174841259854,1.1272237883556093,871.5889176351176,284.4024302486508,17.95060316018329,3.3546200995068456,91.22217611894983
S-Vw2,500.0,31264,31624,872.6174841259854,36.0,87.26174841259854,1.1272237883556093,871.5889176351176,284.4024302486508,17.95060316018329,3.3546200995068456,91.22217611894983
S-Vw2,500.0,31532,31804,888.6359312475033,27.199999999999818,117.61357913569977,1.053708958405943,887.8927215363956,189.73736878597,187.3685352012368,1.6900215483068128,149.69778079029507
S-Vw2,500.0,31624,31982,659.3592821035272,35.80000000000018,66.30428535119235,1.1094046423018329,659.0206872649242,252.45491127740567,254.4741363341029,3.738718933997508,354.51096535579603
S-Vw2,500.0,31624,31982,659.3592821035272,35.80000000000018,66.30428535119235,1.1094046423018329,659.0206872649242,252.45491127740567,254.4741363341029,3.738718933997508,354.51096535579603
S-Vw2,500.0,31804,32162,654.119927879321,35.80000000000018,65.77742291523866,1.0766837771201747,653.4725037252676,505.7835303215257,218.29360540888845,1.5970670449590645,285.3153045327897
S-Vw2,500.0,31804,32162,654.119927879321,35.80000000000018,65.77742291523866,1.0766837771201747,653.4725037252676,505.7835303215257,218.29360540888845,1.5970670449590645,285.3153045327897
S-Vw2,500.0,31982,32253,657.018308125429,27.09999999999991,87.27918484323072,0.9643974069980873,656.316342399165,167.08520854949793,3.074820767291785,2.7750724461273406,25.081827039596536
S-Vw2,500.0,32072,32343,827.6962315001874,27.09999999999991,109.95226691515442,0.9944673422839833,827.1228370175996,182.18135556163813,162.7862035153333,1.3259393025735795,166.47225854616434
S-Vw2,500.0,32253,32434,586.0651110206018,18.09999999999991,116.56543644608713,0.9949710257449225,586.0634120800914,155.54636672166092,148.7238281987042,0.759054735815819,150.922234714564
S-Vw2,500.0,32343,32704,778.7753467016155,36.09999999999991,77.66180742730812,1.051999611079974,778.7716315076606,60.35713461920455,53.6267921857147,5.494648612234702,96.72955859983179
S-Vw2,500.0,32343,32704,778.7753467016155,36.09999999999991,77.66180742730812,1.051999611079974,778.7716315076606,60.35713461920455,53.6267921857147,5.494648612234702,96.72955859983179
S-Vw2,500.0,32434,32704,581.6526816962796,27.0,77.5536908928373,0.9977598765959443,581.6504431220741,29.91638924735703,38.03163340692985,5.433620389276482,36.658499754560324
S-Vw2,500.0,32704,32973,569.7466616109741,26.90000000000009,76.24862385871747,1.0283762004271977,569.5206970278757,96.31522392242995,80.65816359924209,1.8404642582987498,99.09468094203439
S-Vw2,500.0,32704,32973,569.7466616109741,26.90000000000009,76.24862385871747,1.0283762004271977,569.5206970278757,96.31522392242995,80.65816359924209,1.8404642582987498,99.09468094203439
S-Vw2,500.0,32794,33151,570.4087408881023,35.70000000000027,57.520209165186344,0.9706338946998622,570.3726569575591,285.4591263054878,292.0354655797385,0.6545442884294114,266.6910985803211
S-Vw2,500.0,32883,33242,584.4015521021502,35.90000000000009,58.602941157875634,0.9924963508361305,584.3765063401282,272.65809118873824,279.92823119470165,2.659578841795013,273.43887694343
S-Vw2,500.0,33151,33422,600.1870420700507,27.09999999999991,79.72964396502545,0.9329713593604761,600.1789644584676,118.74358004182608,46.236688499184346,5.614950091205034,6.087612558603555
S-Vw2,500.0,33242,33512,597.5522256182085,27.0,79.6736300824278,0.928088118511636,597.5516738134413,77.46090276161105,69.38951266411267,6.553867149037726,22.1824438456813
S-Vw2,500.0,33332,33603,788.3386012789852,27.09999999999991,104.72394703337109,0.9219585487735577,788.3361846850047,124.17738887641475,101.31731721987377,6.17624856043545,154.919968324683
S-Vw2,500.0,33512,33694,577.2283707853494,18.199999999999818,114.1770403751252,0.8670182249124377,577.2241838609513,143.35090335767205,117.8554046459144,7.565620999539145,178.98829619687598
S-Vw2,500.0,33603,33874,578.100998583679,27.09999999999991,76.79570460890228,0.9070942851982503,578.1005419713415,116.1469522528248,54.74089254580142,7.1345521680751975,8.315745542572822
S-Vw2,500.0,33603,33874,578.100998583679,27.09999999999991,76.79570460890228,0.9070942851982503,578.1005419713415,116.1469522528248,54.74089254580142,7.1345521680751975,8.315745542572822
S-Vw2,500.0,33694,34053,776.1394028225695,35.90000000000009,77.8301351019845,0.9428758635712459,776.1330010286349,74.56602007500166,45.927875055481955,4.843860303243427,4.913103035797924
S-Vw2,500.0,33874,34232,584.4708180874659,35.80000000000018,58.77360181885102,0.9213444940689725,584.4495089041541,307.3181366070457,251.04912864489083,7.040543198637158,185.22677071832624
S-Vw2,500.0,34053,34412,576.610253065468,35.90000000000009,57.821640975924225,0.9039160930446256,576.5541342706096,252.84433682682388,235.6912668738737,8.161429631834205,157.69334126700923
S-Vw2,500.0,34053,34412,576.610253065468,35.90000000000009,57.821640975924225,0.9039160930446256,576.5541342706096,252.84433682682388,235.6912668738737,8.161429631834205,157.69334126700923
S-Vw2,500.0,34322,34592,561.6039494835641,27.0,74.88052659780854,0.919390281529623,561.4965376235468,29.548137195598553,28.65968547070306,7.081282473089804,20.986572847335417
S-Vw2,500.0,34412,34683,570.4114130078524,27.09999999999991,75.77420984606184,0.9194892582171226,570.27368382201,91.42192470131275,46.88735417636197,7.258772951261045,7.680869104079658
S-Vw2,500.0,34502,34772,571.7884997892033,27.0,76.23846663856045,0.9201058086464495,571.6788848388759,192.29468057722013,74.02682471604714,8.012209469347521,23.318799839573817
S-Vw2,500.0,34683,34952,577.022742285837,26.90000000000009,77.22237443230507,0.9228207083196999,576.9514236357858,155.61833919555792,91.58190906223375,8.046220738160432,40.469925207318916
S-Vw2,500.0,34772,35042,578.343285541443,27.0,77.11243807219242,0.8771299169909121,578.2774999367173,95.28520656945963,95.55722733606024,5.97241240349677,13.9419609346241
S-Vw2,500.0,34861,35132,573.8114604108341,27.09999999999991,76.22587665974206,0.8561958912046506,573.7469175822566,150.2450370389465,98.26568546094296,8.037372075341457,8.14509613480717
S-Vw2,500.0,34952,35222,559.8545669481464,27.0,74.64727559308619,0.8539244465620892,559.7950217448827,195.52915867379627,106.6820318023268,7.236692696444395,11.422766816570405
S-Vw2,500.0,35132,35402,564.8520359157046,27.0,75.31360478876061,0.8808128695201508,564.7694812696963,99.03007358375402,106.35959511947804,5.836020134930451,26.727797756242055
S-Vw2,500.0,35222,35492,571.540721412297,27.0,76.2054295216396,0.8529376612200039,571.4815175318395,203.9105967509848,102.65265017901024,5.090957635243764,6.132732024490673
S-Vw2,500.0,35312,35582,574.2537097442255,27.0,76.56716129923007,0.871075570787295,574.2095069278766,149.56210047497188,102.32249550371091,2.6313724639343308,15.244076128819714
S-Vw2,500.0,35492,35764,785.9479280451196,27.199999999999818,104.02251988832535,0.8787364129879083,785.9098228768714,100.89856060278977,94.09240532679195,4.69482818730907,177.9063743701626
S-Vw2,500.0,35582,35764,593.0063917071966,18.199999999999818,117.29796759043568,0.8705521384316401,593.0022422219348,162.75523132928433,127.05229557444883,4.726341452172298,187.43605494481295
S-Vw2,500.0,35672,35942,588.915818228561,27.0,78.52210909714147,0.8640119687403738,588.904611047913,193.4982753958828,102.74896138918446,2.1947795571110245,8.834399875870123
S-Vw2,500.0,35764,36034,579.1816883787687,27.0,77.22422511716917,0.9216330265371817,579.1669901231602,101.11348550479781,99.11588532037918,3.567712498827839,46.09344350238894
S-Vw2,500.0,35942,36124,584.5457790825458,18.199999999999818,115.6244398185267,0.8539462414461229,584.5457028534337,151.0296534957454,147.70699560710017,3.8163801338204313,211.63110266405457
S-Vw2,500.0,36034,36394,777.7636227927578,36.0,77.77636227927579,0.9197604924850188,777.6199591762921,394.6375987263544,76.77142579205125,0.9487560125274022,8.280253187319008
S-Vw2,500.0,36034,36394,777.7636227927578,36.0,77.77636227927579,0.9197604924850188,777.6199591762921,394.6375987263544,76.77142579205125,0.9487560125274022,8.280253187319008
S-Vw2,500.0,36302,36484,586.6106440333097,18.199999999999818,116.03287464395254,0.8705080682899605,586.2734813537311,150.6049581159175,149.15180881390603,1.3731555854514834,205.76157310908792
S-Vw2,500.0,36394,36752,591.842699524932,35.80000000000018,59.51490833211576,0.9377278063201098,591.2645324965663,236.8079127280468,236.9058970227327,0.7009262674443775,185.330373492322
S-Vw2,500.0,36394,36752,591.842699524932,35.80000000000018,59.51490833211576,0.9377278063201098,591.2645324965663,236.8079127280468,236.9058970227327,0.7009262674443775,185.330373492322
S-Vw2,500.0,36662,36932,589.4464720033138,27.0,78.59286293377518,0.8954257153627864,589.3822863163558,41.8814010005791,23.024929998454358,1.0265965848586442,41.12209113348294
S-Vw2,500.0,36752,37022,594.7474615468818,27.0,79.29966153958424,0.9010178169550387,594.7460777450582,190.842200359724,26.6073650740027,1.1203388486715513,34.835471125122
S-Vw2,500.0,36842,37114,808.622649182551,27.199999999999818,107.0235859212207,0.9080624556213637,808.621294612821,203.4891750442173,171.4587604781657,1.8791935261360309,230.08841427295937
S-Vw2,500.0,36932,37114,605.411025000576,18.199999999999818,119.75163131879646,0.8744145849592277,605.4103934518869,172.91073662325195,169.78407821682706,1.8871429786750935,224.41910335398535
S-Vw2,500.0,37114,37383,598.2744234031561,26.90000000000009,80.06646558555222,1.004072171978596,598.2743590598316,123.42248470990103,50.39837119303781,2.226452022224988,53.034900311912
S-Vw2,500.0,37114,37383,598.2744234031561,26.90000000000009,80.06646558555222,1.004072171978596,598.2743590598316,123.42248470990103,50.39837119303781,2.226452022224988,53.034900311912
S-Vw2,500.0,37294,37653,818.9571719740634,35.90000000000009,82.12383897232928,0.9401681648401712,818.9525570568798,84.15827320323494,23.802426483657044,2.105437623734422,26.731554446809483
S-Vw2,500.0,37294,37653,818.9571719740634,35.90000000000009,82.12383897232928,0.9401681648401712,818.9525570568798,84.15827320323494,23.802426483657044,2.105437623734422,26.731554446809483
S-Vw2,500.0,37562,37832,628.1066891575465,27.0,83.74755855433953,0.9036537514894823,628.0912243455463,40.74179742822045,41.943711041613966,1.706059877632648,22.7508804861782
S-Vw2,500.0,37653,38012,608.2398972076917,35.90000000000009,60.99341587598007,0.9576584970310391,607.9293942623029,284.5132929722733,279.3836205756477,4.448013141099157,241.84902473469697
S-Vw2,500.0,37653,38012,608.2398972076917,35.90000000000009,60.99341587598007,0.9576584970310391,607.9293942623029,284.5132929722733,279.3836205756477,4.448013141099157,241.84902473469697
S-Vw2,500.0,37832,38102,601.3335364857921,27.0,80.1778048647723,0.9483919216027364,600.8408710370076,93.77742723050685,60.103959488179825,3.5228841140651705,26.13592823737129
S-Vw2,500.0,37922,38192,595.6232285751321,27.0,79.41643047668428,0.9470245480654768,595.4328939213838,121.75315243768176,76.34560849560647,3.98426972754223,40.87757275656941
S-Vw2,500.0,38102,38283,592.8476295430883,18.09999999999991,117.91444565497947,0.937410835854503,592.8432098150375,201.0199350805103,133.4667392616353,4.276300486489611,162.2120191510987
S-Vw2,500.0,38192,38462,594.8660676673462,27.0,79.3154756889795,0.9303727342763705,594.8659097946913,78.2011450299416,75.35778366108292,4.163462832638744,28.82519614678081
S-Vw2,500.0,38283,38642,586.6169761761994,35.90000000000009,58.82510067505049,0.9470383322847211,586.6120347520526,305.6326849098371,309.3494678268543,2.643748569722864,261.9009633666517
S-Vw2,500.0,38283,38642,586.6169761761994,35.90000000000009,58.82510067505049,0.9470383322847211,586.6120347520526,305.6326849098371,309.3494678268543,2.643748569722864,261.9009633666517
S-Vw2,500.0,38552,38822,591.0998847119045,27.0,78.81331796158727,0.8470229261100359,591.0944273741172,195.6924025295705,83.3011762047198,2.8882872658720076,20.14903322876565
S-Vw2,500.0,38642,38912,596.3775237479131,27.0,79.51700316638842,0.8834495045712408,596.376189243691,215.56712447258602,65.8498946050748,2.55817690137416,11.654287338661474
S-Vw2,500.0,38732,39002,597.2783251576911,27.0,79.63711002102548,0.8978669899034138,597.2769670777684,108.52267426865065,54.78754538963312,2.103483298542158,12.082194083910746
S-Vw2,500.0,38912,39184,807.110982622049,27.199999999999818,106.82351240586014,0.8704332185657199,805.8452266098038,256.8024100701721,153.08583165292922,1.6911703257432782,237.9094260935926
S-Vw2,500.0,39002,39184,613.0758002422954,18.199999999999818,121.26774070726843,0.8918824662528274,612.5027369278257,288.9187382958284,176.04864039866644,1.8414969088218065,223.28190044427367
S-Vw2,500.0,39092,39361,625.0922631460562,26.90000000000009,83.65547016081021,0.8932172905030261,624.5096246425288,277.3801266220903,7.080864140999239,1.936550433632242,60.61796279503222
S-Vw2,500.0,39184,39542,642.1645446348994,35.80000000000018,64.57520560574375,0.9637308753670005,641.3260528764459,285.7047593672352,205.90051128347864,3.269990686752728,175.15940403104634
S-Vw2,500.0,39361,39632,604.6222284206015,27.09999999999991,80.31882001159309,0.9134532618010213,604.0776716697093,81.06537965261734,50.27762563444063,1.0902022290370181,6.506205274901375
S-Vw2,500.0,39452,39722,564.2289607846469,27.0,75.23052810461958,0.8786834779822754,563.9419665634802,198.82719631522602,89.27378646374169,2.136751172385024,9.985238190343187
S-Vw2,500.0,39542,39812,552.6280413180357,27.0,73.68373884240476,0.9056101134980774,552.5533105657773,178.41096267348976,98.98483387123774,2.4104585032952723,37.45444509128434
S-Vw2,500.0,39632,39903,768.8457652238721,27.09999999999991,102.1344927972675,0.9223162027978803,768.8399469278924,265.3043097938663,127.42453465375841,1.7929491538205986,177.2080290610395
S-Vw2,500.0,39812,40082,601.8310222614091,27.0,80.24413630152121,0.9236895535680063,601.395605432895,274.29992960794686,2.1448081354298454,1.839680822665496,47.06009791152543
S-Vw2,500.0,39903,40174,630.5524595229363,27.09999999999991,83.76342635729071,1.0011763184700997,628.5572771594966,104.25746054378797,22.665192385500045,1.5465228820718921,21.951991695749445
S-Vw2,500.0,39903,40174,630.5524595229363,27.09999999999991,83.76342635729071,1.0011763184700997,628.5572771594966,104.25746054378797,22.665192385500045,1.5465228820718921,21.951991695749445
S-Vw2,500.0,40082,40352,641.4897404992662,27.0,85.53196539990216,0.9476181668905717,641.2045150533503,111.17810368430958,4.357182282561821,2.853527906798434,36.83949743776386
S-Vw2,500.0,40174,40532,638.4238670241466,35.80000000000018,64.19904808064013,1.030473489253954,638.4135448247066,317.3227622494646,206.070792499518,1.4843275494693131,231.78673658057127
S-Vw2,500.0,40352,40623,853.3266626253317,27.09999999999991,113.35704743362378,0.9198491169096226,853.2675523131327,232.47294289506175,227.11906245213444,1.3015944014561285,277.281877824051
S-Vw2,500.0,40443,40623,640.7587476067711,18.0,128.15174952135422,0.9449378799794178,640.7409803532992,239.64304946027994,228.42426779543797,1.417422136200045,251.17415460367442
S-Vw2,500.0,40532,40802,650.4273153463873,27.0,86.72364204618498,0.9668271706664181,650.384161798681,37.65873759192323,30.31708750921943,0.8098052740759402,50.8809878712355
S-Vw2,500.0,40623,40983,871.7461665471346,36.0,87.17461665471347,1.0476057211318712,871.7371345281375,210.40547464009225,19.625386867372438,4.3573903811095684,21.851432096866947
S-Vw2,500.0,40623,40983,871.7461665471346,36.0,87.17461665471347,1.0476057211318712,871.7371345281375,210.40547464009225,19.625386867372438,4.3573903811095684,21.851432096866947
S-Vw2,500.0,40802,40983,652.9983054534532,18.09999999999991,129.87811600179245,0.9899672173250699,652.9923305932185,247.6965849552152,214.12021612788087,4.399234396311922,218.51432533354708
S-Vw2,500.0,40983,41253,624.9977999567782,27.0,83.33303999423708,1.0926611992134379,624.997041950713,78.05620519719452,15.717762470533184,6.3781401715793145,73.94775268622023
S-Vw2,500.0,40983,41253,624.9977999567782,27.0,83.33303999423708,1.0926611992134379,624.997041950713,78.05620519719452,15.717762470533184,6.3781401715793145,73.94775268622023
S-Vw2,500.0,41073,41343,617.2798502483492,27.0,82.30398003311323,1.046617151856222,617.1066281913194,44.18118308428286,20.947874061502514,4.439033976951988,50.416523747786734
S-Vw2,500.0,41163,41433,603.5314809764095,27.0,80.47086413018795,1.068786583538204,603.0731056847935,37.251105300620054,35.11699594693413,3.3344988505320203,78.92992015021967
S-Vw2,500.0,41253,41524,600.1743837301328,27.100000000000364,79.72796241433392,1.0875213031907542,600.0334066555607,87.07650566754427,42.19269346206554,2.780001818244374,98.2750414647569
S-Vw2,500.0,41433,41793,821.742588714973,36.0,82.1742588714973,1.0504230025355912,821.7391195170698,8.416523447024504,6.774625248421106,4.624734925971836,36.48535007275144
S-Vw2,500.0,41524,41793,616.8048301979579,26.899999999999636,82.54637132760887,1.0724867829519724,616.8020659481961,39.564644221430974,15.364430608942907,4.535972481023795,29.341001027470718
S-Vw2,500.0,41703,41883,616.7231377068383,18.0,123.34462754136767,1.004165062975314,616.7117385221287,224.28776308373395,220.1653994132483,3.578088297622299,218.51803591882455
S-Vw2,500.0,41793,42063,631.8188210457738,27.0,84.24250947276985,1.0222979564440628,631.6571847267879,163.83174413335234,26.640754674454428,1.5361740766441019,13.18932950393476
S-Vw2,500.0,41793,42063,631.8188210457738,27.0,84.24250947276985,1.0222979564440628,631.6571847267879,163.83174413335234,26.640754674454428,1.5361740766441019,13.18932950393476
S-Vw2,500.0,41973,42243,570.3868480947567,27.0,76.05157974596757,1.083058243017873,570.1350180370999,140.53387451493222,78.53867488126303,3.34173526384654,132.32639420045365
S-Vw2,500.0,42063,42334,570.0038395293814,27.100000000000364,75.72006724375444,1.0767466678082864,569.9915647736448,274.3187262012814,90.28432985714893,2.3472940217865164,140.90997688596474
S-Vw2,500.0,42243,42514,548.2868090226257,27.100000000000364,72.83514806204525,0.9789719907118986,548.2685155056557,116.94393861631437,78.72567715051241,1.1595921971161973,65.5565117758519
S-Vw2,500.0,42243,42514,548.2868090226257,27.100000000000364,72.83514806204525,0.9789719907118986,548.2685155056557,116.94393861631437,78.72567715051241,1.1595921971161973,65.5565117758519
S-Vw2,500.0,42424,42784,767.0010345021874,36.0,76.70010345021873,0.9639319723311469,766.9573779905779,71.54554500277494,59.88257443945889,3.6094477854682405,30.1541553795024
S-Vw2,500.0,42514,42784,593.3023545535543,27.0,79.10698060714058,0.9569045407871166,593.2700379079663,120.33754910930001,32.8689483464518,3.6040926582642228,6.7178472711312756
S-Vw2,500.0,42603,42964,790.2724696023506,36.100000000000364,78.80833491879318,0.9605537160056841,790.2506443117478,106.65335214284632,71.2152844807566,1.6131876894699362,37.22009336787114
S-Vw2,500.0,42784,43053,582.2729664518847,26.899999999999636,77.92500666270682,1.007325013299625,582.1210916174841,76.89872968244923,55.76573647538249,3.911083655161011,60.432447010508234
S-Vw2,500.0,42964,43233,595.281093633399,26.899999999999636,79.66587126692436,0.9594154565591564,594.8364559141518,120.8960117537696,5.313094243465063,3.068934593877434,20.05259852723816
S-Vw2,500.0,42964,43233,595.281093633399,26.899999999999636,79.66587126692436,0.9594154565591564,594.8364559141518,120.8960117537696,5.313094243465063,3.068934593877434,20.05259852723816
S-Vw2,500.0,43144,43503,769.8088203423831,35.899999999999636,77.1953134605183,0.9194052589482539,769.7964469452764,469.9203931775231,48.160151806313344,0.7856685170441906,17.82025620350328
S-Vw2,500.0,43233,43503,568.5822957638011,27.0,75.81097276850682,0.9222188327795632,568.5809100672577,220.03530779202663,55.84830414819324,0.7083850784237784,7.332100770463143
S-Vw2,500.0,43412,43594,570.4930909216491,18.200000000000728,112.84478721526675,0.8852709544815969,570.4856282306645,148.77032219975578,146.36455110106735,1.203273699311072,195.10339947049718
S-Vw2,500.0,43503,43773,585.7266984181624,27.0,78.09689312242165,0.9337194804932327,585.7032957416236,59.5723361553404,16.813974462584845,0.9835537812467222,23.191537073851176
S-Vw2,500.0,43594,43863,582.5599084698188,26.899999999999636,77.96340782495822,0.9351427433837326,582.5549497285317,46.35815718389566,4.189597036764109,1.1916355873053397,33.9877697699889
S-Vw2,500.0,43682,43954,563.1306207132147,27.200000000000728,74.53199391792349,0.9444289877885056,563.1040579784262,27.636900625717853,24.644332287425506,1.0685987222487234,8.105568986612328
S-Vw2,500.0,43773,44043,556.1096606038918,27.0,74.14795474718558,0.9485107519644156,555.8547959303364,85.40936759823936,33.30075516510962,1.9313468240984843,3.4861013713212397
S-Vw2,500.0,43954,44224,592.5779826393555,27.0,79.0103976852474,0.9714810421858683,591.9956519487478,142.6249193996276,22.858678944714303,3.9954843915324574,6.33203887987087
S-Vw2,500.0,44043,44403,831.7529576671368,36.0,83.17529576671367,0.9980976606876193,830.4762502614229,169.75536159417692,15.403057406597721,5.518631878327736,13.903876772364864
S-Vw2,500.0,44133,44403,640.0183394038177,27.0,85.3357785871757,0.979025751433288,639.6368371549753,50.8567273184876,6.086161619840481,5.401859958555617,11.911404636972438
S-Vw2,500.0,44224,44493,640.4216823237075,26.899999999999636,85.70699094295087,0.9617159608405242,640.4181490529758,150.02745372467342,10.995221212549032,4.763891135598612,15.72209068397087
S-Vw2,500.0,44403,44674,615.3677901569608,27.100000000000364,81.74627470719665,0.9598187619933949,615.3677274922771,38.668846880122295,34.31323843897983,2.812583658066132,8.57677644620163
S-Vw2,500.0,44493,44763,598.8270750940574,27.0,79.84361001254099,1.00467508375286,598.8229809874646,57.12931702738571,51.01390573905383,3.9449918690112757,54.04342254382361
S-Vw2,500.0,44674,44943,565.3794317225111,26.899999999999636,75.66416186621068,0.9868276176830897,565.3714951138297,87.17695482338634,103.3496931096247,2.868694806855703,94.5393076998977
S-Vw2,500.0,44674,44943,565.3794317225111,26.899999999999636,75.66416186621068,0.9868276176830897,565.3714951138297,87.17695482338634,103.3496931096247,2.868694806855703,94.5393076998977
S-Vw2,500.0,44853,45214,741.949297988438,36.100000000000364,73.98940367751662,0.9511312169238011,741.8459546835034,460.9446192428922,57.04179056432401,0.5528660346287783,18.023076641682877
S-Vw2,500.0,44943,45214,563.4649714868574,27.100000000000364,74.8514353266664,0.9369599834510002,563.4041592409668,32.136190949508325,17.577921216971863,0.4261055965292056,19.024243670581612
S-Vw2,500.0,45033,45303,569.9730669319542,27.0,75.99640892426058,0.9339684629134487,569.7308403307723,238.3174386354258,24.349944698418586,1.6447459364849273,60.438677643819034
S-Vw2,500.0,45214,45793,551.3044709261303,57.899999999999636,34.277998192298476,0.9413395097573083,359.6972328056506,274.74702318997566,4.369146138875596,18.726587036505816,34.96519634575417
S-Vw2,500.0,45303,46083,549.3529530844098,78.0,25.354751680818914,0.9547370254583389,200.60667410717002,637.6355353862916,85.07547759968621,15.328652455197698,56.88975241819398
S-Vw2,500.0,45613,46263,592.3426368198125,65.0,32.80666911617423,0.9139648725547328,404.1672372840842,881.8050802630199,7.018961652897654,11.649155214044413,55.69488888729338
S-Vw2,500.0,45993,46593,544.6529874235566,60.0,32.6791792454134,0.9147223138234745,536.6928861953288,984.2228006212263,12.322174970447435,4.5668790422059615,57.07319309968403
S-Vw2,500.0,46263,46773,524.6245999838575,51.0,37.032324704742884,1.0202744731339546,521.0077367469293,395.19502721320765,23.315388307655688,1.2532989424176977,34.447189063104645
S-Vw2,500.0,46593,46953,573.8126966369164,36.0,57.38126966369165,0.9244738091436421,572.9350630521768,120.63508887275343,85.63759133392479,0.9833070388076016,35.8028853391162
S-Vw2,500.0,46682,47043,553.0581520474225,36.100000000000364,55.15261350057343,0.9891346136324964,552.5064923206837,239.87460677430354,103.08084711614009,1.4260630686549924,95.95055515276206
S-Vw2,500.0,46863,47223,566.4240688042337,36.0,56.642406880423366,1.0063585628225242,566.3244053443684,29.80588080790786,46.64102189906792,1.6736191525033726,50.53814546994684
S-Vw2,500.0,47043,47403,602.3323719266627,36.0,60.23323719266628,0.9328401948010439,601.9906838582889,322.97624830017946,3.543002107965577,1.0065909696093998,37.30136994335468
S-Vw2,500.0,47223,47584,596.0873035651894,36.100000000000364,59.443609219796684,0.9470534167287451,595.8475022018002,220.3441460026162,14.477731835010841,0.5502099944279747,17.878743269792775
S-Vw2,500.0,47314,47674,597.1391202254017,36.0,59.71391202254017,0.9740465489765929,596.8679182963597,188.004052724963,15.41679490058224,1.9595033271040212,2.048326006552968
S-Vw2,500.0,47494,47853,560.2024409845035,35.899999999999636,56.17628934663602,0.9450685802452511,558.923944402907,93.20570367897136,77.16861407567097,0.49108930777791376,42.1645659401371
S-Vw2,500.0,47674,48124,677.0795668247883,45.0,54.166365345983074,0.9550457321764106,676.6519579916776,346.4154739078643,142.01566483148187,2.431883875420552,105.24583490712348
S-Vw2,500.0,47853,48213,537.7899578613578,36.0,53.77899578613578,0.911194457592827,537.3440159787026,121.66464676069499,122.03470810106269,1.2052752564343918,63.33959985875387
S-Vw2,500.0,47944,48304,518.0126678729139,36.0,51.80126678729139,0.9026666935607301,516.4504664699738,155.77359938377225,156.98392268545848,3.1533675147526066,91.333942061119
S-Vw2,500.0,48124,48751,579.7183238036232,62.69999999999982,33.28526261073444,0.9136738170363535,540.3173625312536,416.8010778832556,380.0116954371969,4.9063718518806345,297.0983640268569
S-Vw2,500.0,48304,48933,799.3931146120594,62.899999999999636,45.75222913518968,0.8730290086422875,784.1003115036602,260.49265260434936,191.62489839877304,2.7505479106569046,65.54903546338217
S-Vw2,500.0,48573,48933,539.706610113557,36.0,53.9706610113557,0.8262554700779619,536.3880112736318,702.3352133037802,107.72045953150311,1.8278811851965278,5.15105855883754
S-Vw2,500.0,48841,49112,615.4213181461528,27.099999999999454,81.75338543639096,0.8,615.2019064353224,138.30973557451696,119.83703503037435,1.8153938507835605,219.0203920807458
S-Vw2,500.0,48933,49472,571.3443706354883,53.900000000000546,38.16029191628455,0.8364591739585555,570.0084019547775,315.15393563452164,218.9788024961468,3.800545104963539,89.18821122281346
S-Vw2,500.0,49112,49652,684.5315684445668,54.00000000000091,45.635437896303685,0.8186868303055835,683.5948058800813,545.5153483864146,201.84284041209085,3.0380096063487616,40.58765573474783
S-Vw2,500.0,49382,49652,532.3342864994192,27.0,70.97790486658924,0.8,532.2716802326639,134.86964089614696,38.119243817383904,0.7788251333688685,75.84286353335081
S-Vw2,500.0,49562,49832,527.8573915308662,27.0,70.38098553744882,0.8350612480014442,527.803987384056,169.70468025342902,114.6109962395105,1.1069719263541533,182.92048641264714
S-Vw2,500.0,49652,50322,508.5107261461235,67.0,27.322964389940964,0.8630236635175363,472.5269999828161,103.04504699812183,22.28641463884879,7.4678579532013405,52.669004450064236
S-Vw2,500.0,49832,50504,616.9318551249307,67.19999999999982,33.04992081026423,0.9285282183176244,579.0916881243141,61.25213794062889,22.865763175475298,3.633805404713385,23.188449902900658
S-Vw2,500.0,50322,50682,592.1134702957788,36.0,59.21134702957789,0.8431588974785845,591.6589641127821,156.53863847702607,43.48224837475322,1.2029517891768828,56.24292136053608
S-Vw2,500.0,50414,50862,539.2220288233802,44.80000000000018,43.330341601878594,0.9456961735487341,536.1345695626067,214.80097412065714,122.73883413710611,4.138446299996966,86.80247807913231
S-Vw2,500.0,50682,51134,642.3049864385976,45.19999999999982,51.1570343181186,0.963006295903263,640.0655054426867,88.18298886368018,70.40857012032292,8.902210978988762,91.89230513219852
S-Vw2,500.0,50772,51134,500.88446150558593,36.19999999999982,49.811714403870674,0.9813797962598068,499.3031375826826,40.73157154404445,37.802518545152054,8.679647780878954,46.585952578448676
S-Vw2,500.0,51134,51492,501.08593307428237,35.80000000000018,50.388529582888474,0.9308805391079125,498.8575518727057,477.54831036227245,135.95903171492864,3.175427200731782,91.87456058988738
S-Vw2,500.0,51134,51492,501.08593307428237,35.80000000000018,50.388529582888474,0.9308805391079125,498.8575518727057,477.54831036227245,135.95903171492864,3.175427200731782,91.87456058988738
S-Vw2,500.0,51313,51852,646.2338063079224,53.900000000000546,43.1621837237198,0.94946773169642,636.2049916482333,304.73017336702867,168.33189216858486,5.660107535489098,126.96480724362486
S-Vw2,500.0,51492,51942,647.6753872231639,45.0,51.814030977853115,0.9293107152707585,640.3741086873507,478.40456376427164,27.862681965629644,6.341198072250155,21.13754239196924
S-Vw2,500.0,51671,52032,615.4260258030699,36.100000000000364,61.37212445681522,0.8703080767162235,612.2380431069776,124.52112968566654,16.929461655123518,5.752577772688733,94.12402363388894
S-Vw2,500.0,51852,52122,769.2130877190502,27.0,102.56174502920669,0.9333351790714661,764.5607419138712,302.39397036025974,293.9906859242382,1.073657161334521,325.599952357382
S-Vw2,500.0,52032,52302,595.9431264275336,27.0,79.45908352367114,0.9483953143540328,591.5873871928575,500.3175413656213,73.96548890551226,2.8547680644605724,100.77616896468007
S-Vw2,500.0,52122,52482,575.9306240235455,36.0,57.59306240235455,1.0580039043422507,572.118396216741,812.592571973077,95.45268151629264,1.8688388007917722,134.33492232130175
S-Vw2,500.0,52122,52482,575.9306240235455,36.0,57.59306240235455,1.0580039043422507,572.118396216741,812.592571973077,95.45268151629264,1.8688388007917722,134.33492232130175
S-Vw2,1000.0,0,1133,1007.3428209363889,113.30000000000001,32.00736235984996,1.0,643.0529288755029,1174.609647735473,20.889841022448365,33.953200506088145,20.889841022448365
S-Vw2,1000.0,594,1402,1088.9279145954185,80.80000000000001,48.51659025425131,0.9062192586267391,904.3292242791533,1575.607158648822,101.57134808259897,5.919728686436148,11.851575140493404
S-Vw2,1000.0,953,1582,1020.3552902369481,62.900000000000006,58.39871295473788,0.981134829298856,1020.1275672703136,520.1176724299926,54.18441796400788,3.405770848065223,33.97904508897041
S-Vw2,1000.0,1043,1672,1009.7836966661022,62.900000000000006,57.7936614944033,1.0055261365230534,1009.6369806610782,350.47348749013463,42.53912639941798,3.265733512173083,48.34038956299888
S-Vw2,1000.0,1133,1853,1174.5337041837238,72.0,58.72668520918619,1.0149519823999895,1173.8929857054995,530.2277344441504,18.758954575916313,4.215796571398541,36.46386841427597
S-Vw2,1000.0,1402,2124,1296.3129747620064,72.19999999999999,64.63610400475379,0.9225122446928452,1295.8554106789184,816.842044728422,121.36132128439155,3.748920178042414,212.46537451598797
S-Vw2,1000.0,1492,2124,1125.0094469859048,63.19999999999999,64.08281660046295,0.9422893761566288,1124.553100736991,199.26511740172998,97.462121137106,3.9787679337394466,156.83826865568673
S-Vw2,1000.0,1672,2302,1150.6863595285147,63.0,65.75350625877226,0.9848044295879631,1150.2157716497895,205.90513469257243,80.17702816013049,4.098918286825263,96.46303666221749
S-Vw2,1000.0,1853,2482,1003.0243323291306,62.900000000000006,57.406798034735615,1.0005022342221122,1003.0041054996387,602.8694686026414,56.62632378601547,2.5637283893102816,57.15808264629576
S-Vw2,1000.0,2032,2574,1188.4433274546486,54.20000000000002,78.93719518148956,0.971114850205019,1188.425198325709,1100.5429496174597,287.65887786552923,3.398563437914463,313.70497182493847
S-Vw2,1000.0,2124,2664,1013.7916979681404,54.00000000000003,67.58611319787599,1.0223506379275527,1013.7829513619695,787.5432793245105,127.10035703717358,5.063624726466706,107.2866155729731
S-Vw2,1000.0,2302,3292,1053.7054927525683,99.00000000000003,38.31656337282065,1.0140108263183296,1053.671348665984,187.1309086532172,83.27660276420585,5.527267169547063,99.17084721828213
S-Vw2,1000.0,2482,3473,1019.889950477936,99.1,37.04948356932967,1.0130186062428446,1019.813210256807,893.8459117865854,60.59573689977808,3.8242970741139284,48.12131344113344
S-Vw2,1000.0,2574,4542,1017.4580801397765,196.8,18.612038051337375,1.1302945925215497,1008.4559487035859,927.330521993889,318.378391276161,1.4667189738369661,487.2170575406722
S-Vw2,1000.0,2574,4542,1017.4580801397765,196.8,18.612038051337375,1.1302945925215497,1008.4559487035859,927.330521993889,318.378391276161,1.4667189738369661,487.2170575406722
S-Vw2,1000.0,2753,4812,1220.748978013943,205.90000000000003,21.343838372269037,1.118350287460154,1160.8192544929195,410.32855639055975,323.5077292234703,8.884979643956763,451.6797358412291
S-Vw2,1000.0,3292,4994,1175.4969213437562,170.2,24.863624658269813,1.013487910028073,1100.4954759821157,565.3039855632632,178.26481173469065,5.91971398092259,196.57104464528678
S-Vw2,1000.0,3654,5174,1033.3060284453677,151.99999999999994,24.47303751581135,1.0618801538477303,948.9670955013884,687.3562386332694,298.4934721526753,5.374321193135063,381.00870239030843
S-Vw2,1000.0,4542,5623,1061.917229223678,108.10000000000002,35.364496070353745,0.8,709.1178628066491,791.3944495591575,240.06692448090567,15.68028741166175,17.421451034593577
S-Vw2,1000.0,4722,6172,1015.8254675104936,145.0,25.22049436577777,0.8,283.5901531849709,990.044851997541,381.2660071740877,8.605177408702524,103.56813475142575
S-Vw2,1000.0,4812,6353,1138.7113027498826,154.10000000000002,26.601951264760395,0.8201348789442757,314.4664241730071,1664.6263170928783,457.71657844969513,457.71657844969513,457.71657844969513
S-Vw2,1000.0,5174,6883,1002.4559971941117,170.9000000000001,21.11668572205266,0.8,693.1161869731553,1810.7328653013228,497.8650040357269,244.3256901100282,298.0503501663617
S-Vw2,1000.0,5533,7152,1085.2112285352196,161.89999999999998,24.130700572741144,0.8,503.7927066896953,1266.1363526500913,222.2925928198221,16.239228640867506,42.52981096774322
S-Vw2,1000.0,6172,7423,1237.7065928376242,125.10000000000002,35.61745590899638,0.8,500.3502566223687,1169.5126202399458,67.78486021533709,10.557570844168307,195.39956982901916
S-Vw2,1000.0,6353,7512,1027.2839111092226,115.89999999999998,31.90873235542021,0.8,771.2142359019277,1404.2138718500287,111.46587780576515,9.568202430975935,118.27236986447511
S-Vw2,1000.0,6533,7692,1008.0894712098834,115.89999999999998,31.31252887278327,0.8308909819925008,990.9798235277797,1785.8448555417144,128.49566749168017,8.84627207483954,65.2082928883174
S-Vw2,1000.0,7152,8633,1085.7766582911336,148.10000000000002,26.392950505388793,0.8500605492989577,988.9893257173749,106.49161124558537,48.07526068686496,1.7465215609192337,121.94377149654593
S-Vw2,1000.0,7423,8993,1218.1375881041085,157.0,27.931817306845804,0.956019017123841,1121.3168904105628,787.9972102162159,11.896666232367965,1.8045679082332726,64.82232969427056
S-Vw2,1000.0,7423,8993,1218.1375881041085,157.0,27.931817306845804,0.956019017123841,1121.3168904105628,787.9972102162159,11.896666232367965,1.8045679082332726,64.82232969427056
S-Vw2,1000.0,7692,9082,1038.7998682538428,139.0,26.904169249739816,0.9209315361009476,929.8416816915451,388.2206219520166,107.12872471995563,95.082327138122,24.422153005952563
S-Vw2,1000.0,8633,9353,1075.6567745318243,72.0,53.78283872659122,0.9648184400938304,1054.4021129872756,651.4935626033425,9.967732628620258,7.349857379096003,28.99632980835162
S-Vw2,1000.0,8813,9533,1104.390069947217,72.0,55.21950349736085,1.0630240861774631,1082.0989082096523,988.7222970738354,4.868350303691395,7.1596866680900915,65.44597358943221
S-Vw2,1000.0,8993,9803,1281.1188861766477,81.0,56.93861716340656,1.026376575050767,1258.7874385049702,1421.074158440413,6.249954935526466,6.422929537554938,39.75066753916115
S-Vw2,1000.0,8993,9803,1281.1188861766477,81.0,56.93861716340656,1.026376575050767,1258.7874385049702,1421.074158440413,6.249954935526466,6.422929537554938,39.75066753916115
S-Vw2,1000.0,9353,9983,1071.638676680208,63.0,61.2364958102976,0.9834787774467458,1066.912200066888,77.30489242705173,56.476662835822864,1.2297683119285767,73.2523242594636
S-Vw2,1000.0,9353,9983,1071.638676680208,63.0,61.2364958102976,0.9834787774467458,1066.912200066888,77.30489242705173,56.476662835822864,1.2297683119285767,73.2523242594636
S-Vw2,1000.0,9533,10163,1021.8734789262853,63.0,58.39277022435916,1.0086453656092862,1017.7891167541135,537.320941214707,9.967362648560309,1.4535666626798969,1.8145566542434097
S-Vw2,1000.0,9803,11194,1031.4051726079433,139.10000000000002,26.693448032987746,1.025768039640671,996.0829675769965,152.07820306453422,14.247550482849642,4.102547944495176,40.99935928573278
S-Vw2,1000.0,9803,11194,1031.4051726079433,139.10000000000002,26.693448032987746,1.025768039640671,996.0829675769965,152.07820306453422,14.247550482849642,4.102547944495176,40.99935928573278
S-Vw2,1000.0,9983,11463,1043.3786505710486,147.9999999999999,25.37948068956607,1.0443110882178182,957.0074346320129,732.2476975478305,22.86879914278644,3.461554591310656,22.569793840329517
S-Vw2,1000.0,10163,11643,1132.1461146086676,147.9999999999999,27.53868927426491,1.0193488789774081,1045.780123818103,1050.3982655912778,125.23932751991723,4.521931045102667,105.71515366413648
S-Vw2,1000.0,10343,11734,1096.6991276963035,139.10000000000014,28.383298775749022,1.0731466492396615,1010.393222560056,1215.1252558317406,106.58521078007745,4.71023566407432,34.02544298031392
S-Vw2,1000.0,11194,11823,1030.3573523244559,62.899999999999864,58.97116801856994,0.9795898597289476,979.503746417952,303.1717825262068,178.38138211630567,3.844956461502231,195.76423299243234
S-Vw2,1000.0,11463,12003,1110.595408118139,54.0,74.03969387454259,1.2278805300237299,1110.317225598685,183.1773743719858,159.49736833462825,3.6719494936437984,57.22958810619067
S-Vw2,1000.0,11553,12094,1119.4912523701332,54.100000000000136,74.49479683054473,1.0773899270229153,1119.3022903372066,212.17854997040433,104.58359952465877,5.284776312409807,26.33583403721149
S-Vw2,1000.0,11734,12273,1117.9154506106424,53.899999999999864,74.66596701666647,1.1325877704303147,1117.2018130942756,98.93856971762816,48.217734180165586,3.8568549702929613,93.88565346889858
S-Vw2,1000.0,11823,12363,1106.7139801864323,54.00000000000023,73.78093201242851,1.1339507015635237,1105.7468563426112,68.79665492918618,16.71791143830782,4.79500148427492,130.20654169139246
S-Vw2,1000.0,12003,12543,1043.7259840495954,54.00000000000023,69.58173226997273,1.1259176513502676,1042.2320508794298,54.51353600103606,66.68636940045252,1.4817133864175627,206.62869091420563
S-Vw2,1000.0,12094,12633,1024.8729309829287,53.90000000000009,68.45162433281145,1.1219696046147658,1023.4676795716589,347.9032917790448,99.82596922934233,0.8433706045347443,236.9110471871181
S-Vw2,1000.0,12183,12723,1024.6084856418602,54.00000000000023,68.30723237612372,1.1533695368378833,1024.032470029228,230.05448061534133,127.89072401006355,0.9256391779991109,304.7016934470247
S-Vw2,1000.0,12273,12813,1026.803400162633,54.00000000000023,68.45356001084191,1.1530688126584125,1026.2224783222698,237.28502791416577,156.27068044872954,3.697839144132875,337.4523375013918
S-Vw2,1000.0,12453,12993,1060.676539640759,54.0,70.71176930938394,1.1004497797312602,1060.6431367731195,185.24514716548381,192.4722883067935,4.36323454713327,318.3878273866848
S-Vw2,1000.0,12543,13083,1093.1968552043472,54.0,72.87979034695648,1.074361257162793,1093.1755764791615,330.08305486058833,186.37847835851716,5.277639744251865,281.5503958015636
S-Vw2,1000.0,12723,13263,1127.0084868660579,54.0,75.13389912440385,0.9979430323421619,1126.9348548369896,205.3205987044887,186.34236080272217,4.141516051138107,183.6396254888515
S-Vw2,1000.0,12813,13353,1128.969501066802,54.0,75.26463340445346,0.9694637060623645,1128.5426410615266,342.3616906823529,208.47747694826862,3.5028071424767835,167.63469011274475
S-Vw2,1000.0,12993,13533,1146.7440712196876,54.0,76.44960474797918,0.9269632733936167,1143.7930851973465,452.21837801902836,202.27114523761685,4.800080850150482,103.80374757584576
S-Vw2,1000.0,13083,13623,1143.041341562248,54.0,76.20275610414986,0.96124119758778,1137.6182881911714,419.33480191493663,203.29772358502578,3.2040497900012093,151.1921498755906
S-Vw2,1000.0,13173,13713,1145.3866088951054,54.0,76.35910725967369,0.920117864711383,1138.8163409323238,1138.9776863121085,195.02422845558,6.6785904400880325,88.25369676930106
S-Vw2,1000.0,13263,13803,1170.4224223651836,54.0,78.02816149101224,0.8841738044345744,1164.1180468727919,1228.570120496422,167.1383733198554,6.429485982353983,13.78180848328978
S-Vw2,1000.0,13533,14073,1132.6144663238101,54.0,75.50763108825402,0.8534877909464706,1131.4880055199956,435.3206575091077,165.03826845678964,6.848356017851696,26.33075982701058
S-Vw2,1000.0,13533,14073,1132.6144663238101,54.0,75.50763108825402,0.8534877909464706,1131.4880055199956,435.3206575091077,165.03826845678964,6.848356017851696,26.33075982701058
S-Vw2,1000.0,13623,14253,1248.4735508526737,63.0,71.34134576300993,0.8547605930553654,1247.7525901102535,1037.5092984532487,258.2794469915112,3.4526262405048174,39.071375212285425
S-Vw2,1000.0,13803,14343,1003.0497473718133,54.0,66.86998315812089,0.8662737447573077,1002.4392367639603,623.1158484077409,275.1872523430207,5.4882023689353865,103.64435002374869
S-Vw2,1000.0,13982,14523,1144.8594718892018,54.100000000000136,76.18288537525169,0.808292252354156,1144.4979870181708,155.09842421385892,140.15449027169063,4.814095238468981,107.0862447526992
S-Vw2,1000.0,14073,14703,1000.3138222530542,63.0,57.16078984303167,0.9003915643518569,999.9698134406027,587.4788649731571,469.1786360908498,1.88054559573314,373.975435651513
S-Vw2,1000.0,14253,14882,1066.041256879198,62.899999999999864,61.013490059858846,0.840993209535644,1065.7521751519005,434.7789447658594,462.6065157543504,2.103179529516796,238.6287031413612
S-Vw2,1000.0,14253,14882,1066.041256879198,62.899999999999864,61.013490059858846,0.840993209535644,1065.7521751519005,434.7789447658594,462.6065157543504,2.103179529516796,238.6287031413612
S-Vw2,1000.0,14523,15063,1183.4434769399886,54.0,78.89623179599924,0.8256220643648905,1183.2362013756238,677.6178841227335,146.96573438892676,6.701692409150041,85.49337451090265
S-Vw2,1000.0,14523,15063,1183.4434769399886,54.0,78.89623179599924,0.8256220643648905,1183.2362013756238,677.6178841227335,146.96573438892676,6.701692409150041,85.49337451090265
S-Vw2,1000.0,14793,15243,1025.4484385886026,45.0,82.03587508708821,0.8,1025.3121783152721,110.62350943565154,60.53916338746546,4.2540225159691945,156.65061037743314
S-Vw2,1000.0,14882,15333,1225.3897389157646,45.100000000000136,97.81381507975031,0.8,1225.2834879302975,402.3279749219458,158.5100777072929,5.451505339071726,371.85253361024843
S-Vw2,1000.0,14973,15513,1212.376462790944,54.0,80.82509751939627,0.822165293086319,1212.302370501711,546.1658284278974,42.0579102806746,2.3295197206540315,181.09322834315847
S-Vw2,1000.0,14973,15513,1212.376462790944,54.0,80.82509751939627,0.822165293086319,1212.302370501711,546.1658284278974,42.0579102806746,2.3295197206540315,181.09322834315847
S-Vw2,1000.0,15243,15693,1184.774514968427,45.0,94.78196119747416,0.8,1184.6916486433581,236.25584411839182,114.07946797083054,1.8788318573407417,328.3544082604128
S-Vw2,1000.0,15333,15873,1151.176111318906,54.0,76.74507408792707,0.8970440842090932,1151.171104492797,140.62500360364808,88.23730299355196,1.8285644274155461,39.46750190904188
S-Vw2,1000.0,15333,15873,1151.176111318906,54.0,76.74507408792707,0.8970440842090932,1151.171104492797,140.62500360364808,88.23730299355196,1.8285644274155461,39.46750190904188
S-Vw2,1000.0,15513,16143,1085.413867521842,63.0,62.02364957267668,0.8990152692548393,1081.8959706990736,135.0562829572394,149.53343115604946,2.817176598942396,24.547243310991504
S-Vw2,1000.0,15603,16233,1048.2000049941962,63.0,59.8971431425255,0.9437721589208662,1044.68425132401,488.39220563234284,129.9458976822261,4.443144415514892,63.460484326427135
S-Vw2,1000.0,15693,16413,1012.7188135742945,72.0,50.635940678714725,0.9282966462203548,1009.2320750902188,210.07902024873565,248.3047921907533,4.738922872437412,157.5691405216945
S-Vw2,1000.0,15873,16863,1345.0423996228274,99.0,48.910632713557355,0.9950883048966196,1341.168356319233,933.554582056541,77.59603308340753,8.80844684397047,70.56551350512915
S-Vw2,1000.0,15963,16863,1272.929786969682,90.0,50.91719147878728,0.9902882040921908,1271.3832179666324,1130.56033332763,22.388238795849905,6.826298131840743,9.75755869930576
S-Vw2,1000.0,16143,16863,1001.9697606495974,72.0,50.09848803247988,0.951464502865289,1001.3605215705295,391.59695896787275,15.797080954664864,4.32412820295405,33.82453363344927
S-Vw2,1000.0,16413,17133,1301.610235395823,72.0,65.08051176979116,0.9416061755459698,1301.0529387261356,249.3259990690265,223.3276853165964,5.988731183919134,286.635185775285
S-Vw2,1000.0,16503,17133,1052.984125500876,63.0,60.17052145719291,0.9475266748632842,1052.4268391260334,90.45872980964383,84.7830359535341,6.0614909722277215,135.90358828099238
S-Vw2,1000.0,16863,17403,1047.4077682220632,54.0,69.82718454813755,0.9405630142219346,1047.4015848967242,60.59284903691255,67.12742793287512,0.47364420459285295,0.9188450202343882
S-Vw2,1000.0,16863,17403,1047.4077682220632,54.0,69.82718454813755,0.9405630142219346,1047.4015848967242,60.59284903691255,67.12742793287512,0.47364420459285295,0.9188450202343882
S-Vw2,1000.0,17133,17583,1123.8858357400277,45.0,89.91086685920222,1.0121200182925805,1123.7210113603023,327.4806975547779,211.01079279119998,1.7360608053650823,199.93596118990064
S-Vw2,1000.0,17133,17583,1123.8858357400277,45.0,89.91086685920222,1.0121200182925805,1123.7210113603023,327.4806975547779,211.01079279119998,1.7360608053650823,199.93596118990064
S-Vw2,1000.0,17223,17762,1134.6295614764713,53.899999999999864,75.78230837319678,1.077170254046617,1134.507952538832,292.87124669534194,64.4108759054686,1.3030354745236759,18.22239341544706
S-Vw2,1000.0,17403,17853,1343.0620226682477,45.0,107.44496181345981,0.9638870428496956,1342.9901076295755,751.9684883029882,479.7572904973204,2.8903179458472956,510.9074355216355
S-Vw2,1000.0,17493,17853,1122.830636577346,36.0,112.2830636577346,1.0454951618837416,1122.8201851743756,496.6824586873072,429.3170070700875,2.8297351110712174,397.7673241602065
S-Vw2,1000.0,17583,18122,1085.986465945065,53.899999999999864,72.53341887573737,1.214747920832534,1085.968826186554,668.2159010934677,4.943214261415959,4.589308380338193,230.82844753905107
S-Vw2,1000.0,17583,18122,1085.986465945065,53.899999999999864,72.53341887573737,1.214747920832534,1085.968826186554,668.2159010934677,4.943214261415959,4.589308380338193,230.82844753905107
S-Vw2,1000.0,17762,18213,1259.957377668583,45.100000000000136,100.57309444804623,1.1054228479944426,1259.9395338326738,489.5687715411115,336.56669013124616,2.6200883386772054,239.30661108496807
S-Vw2,1000.0,17853,18393,1065.1090118231987,54.0,71.00726745487992,1.2210734103941154,1062.2172328687382,346.68695523688336,59.578255666443525,2.8827021652854903,162.789796932955
S-Vw2,1000.0,17943,18483,1013.3461659674358,54.0,67.55641106449572,1.25,1010.2581925356843,354.07020839303266,59.21163532257218,1.3018567357080275,179.5726360510689
S-Vw2,1000.0,18122,18663,1163.9357523281942,54.100000000000136,77.45228666139536,1.1640170599189141,1160.8829882239372,316.1506825202971,312.3830267621079,2.602674826709696,172.42740989880366
S-Vw2,1000.0,18213,18933,1385.7006146939311,72.0,69.28503073469656,1.25,1382.5066998118234,320.752867490293,194.65746766594503,8.287706896602142,104.14520609071708
S-Vw2,1000.0,18213,18933,1385.7006146939311,72.0,69.28503073469656,1.25,1382.5066998118234,320.752867490293,194.65746766594503,8.287706896602142,104.14520609071708
S-Vw2,1000.0,18393,18933,1147.3207534287903,54.0,76.48805022858603,1.1687252911892405,1147.0802128887854,266.53724430121594,215.5132260547682,7.965763457411288,58.60916529658541
S-Vw2,1000.0,18663,19203,1230.095782342447,54.0,82.00638548949647,1.25,1229.6087214543857,269.3858888692567,247.45467727674068,2.186653780137029,2.402709368027657
S-Vw2,1000.0,18663,19203,1230.095782342447,54.0,82.00638548949647,1.25,1229.6087214543857,269.3858888692567,247.45467727674068,2.186653780137029,2.402709368027657
S-Vw2,1000.0,18933,19383,1012.8361564758343,45.0,81.02689251806675,1.25,1012.5496584047256,294.34758947370807,227.15179025298005,1.1379716527291661,30.6905199111639
S-Vw2,1000.0,18933,19383,1012.8361564758343,45.0,81.02689251806675,1.25,1012.5496584047256,294.34758947370807,227.15179025298005,1.1379716527291661,30.6905199111639
S-Vw2,1000.0,19113,19563,1187.7673031400955,45.0,95.02138425120765,1.076229361618597,1187.3951480854291,554.914422197354,345.08756461346803,0.7197565106229878,280.8911542343447
S-Vw2,1000.0,19203,19833,1341.2146430707835,63.0,76.64083674690193,1.2437302514065884,1340.3965806034648,663.2961413687934,46.17001328425525,3.7001877541813886,269.723280586902
S-Vw2,1000.0,19203,19833,1341.2146430707835,63.0,76.64083674690193,1.2437302514065884,1340.3965806034648,663.2961413687934,46.17001328425525,3.7001877541813886,269.723280586902
S-Vw2,1000.0,19383,20012,1139.5194972155696,62.899999999999864,65.21892193920603,1.2451105915807004,1137.36135088291,260.0003274658187,267.9128993157789,1.3172391267947927,463.5661723590186
S-Vw2,1000.0,19563,20193,1328.2761120206815,63.0,75.90149211546752,1.2254585780923528,1326.0913140695907,148.9570751231978,208.82844678092346,0.7599199059000296,432.96596496515036
S-Vw2,1000.0,19563,20193,1328.2761120206815,63.0,75.90149211546752,1.2254585780923528,1326.0913140695907,148.9570751231978,208.82844678092346,0.7599199059000296,432.96596496515036
S-Vw2,1000.0,19833,20373,1141.0075769039759,54.0,76.06717179359839,1.1560060042009328,1139.9950374241732,788.8980766446764,282.74118465042625,2.0152119881478634,466.8817144242307
S-Vw2,1000.0,19833,20373,1141.0075769039759,54.0,76.06717179359839,1.1560060042009328,1139.9950374241732,788.8980766446764,282.74118465042625,2.0152119881478634,466.8817144242307
S-Vw2,1000.0,20012,20463,1104.578440577261,45.100000000000136,88.17034115472568,1.0879184438889318,1104.5324740550293,651.2297273383525,136.61800844387005,4.54578166370795,245.7805101170536
S-Vw2,1000.0,20101,20553,1077.0306511798808,45.200000000000045,85.7812023063621,1.0023096952191848,1076.9714327830443,536.0627274852427,175.33670599813763,5.0734891252288685,178.2294936948916
S-Vw2,1000.0,20193,20821,1053.0276104858203,62.79999999999973,60.3646400915441,1.0602680762436283,1052.9689563382547,646.7431171097471,468.20647782676565,1.601065976136522,468.20647782676565
S-Vw2,1000.0,20283,20911,1030.4971389044877,62.79999999999973,59.073084395798915,1.03989102908218,1030.4353816225596,512.1011295123966,478.7101967750014,2.4139771199420883,478.7101967750014
S-Vw2,1000.0,20463,21092,1015.9890017739854,62.90000000000009,58.14881409199272,0.8793894228509874,1015.9032480851996,948.8353821053814,469.32883189764743,3.148895817864349,377.2054385518315
S-Vw2,1000.0,20553,21182,1229.6062619008953,62.90000000000009,70.37492118987626,0.8407479292779505,1229.573850280646,755.252739522687,320.7923489228066,1.7014735506771823,73.84871162291894
S-Vw2,1000.0,20732,21182,1045.9153246976712,45.0,83.6732259758137,0.8,1045.882925375631,119.87991856736578,51.29910003799082,1.6907540483829335,168.1167262435057
S-Vw2,1000.0,20911,21454,1294.6323824017163,54.30000000000018,85.83198115370466,0.8,1294.6047729159961,218.73560671199934,7.544016778982262,2.512307732694831,253.18876833989978
S-Vw2,1000.0,21002,21454,1138.3520345804536,45.19999999999982,90.6652062940188,0.8,1138.3401101436552,357.54980548548394,63.54979366899577,2.513738847070538,278.31439510162176
S-Vw2,1000.0,21182,21722,1004.4473371583008,54.0,66.96315581055339,0.824872530618502,1004.4467459975017,355.38435807666133,281.00225129540723,3.0388409194963844,55.8292680179471
S-Vw2,1000.0,21182,21722,1004.4473371583008,54.0,66.96315581055339,0.824872530618502,1004.4467459975017,355.38435807666133,281.00225129540723,3.0388409194963844,55.8292680179471
S-Vw2,1000.0,21362,21812,1026.9199918040576,45.0,82.1535993443246,0.8,1026.9188790747814,111.51635593045032,62.16576835773598,3.2662100210364367,155.72490317049352
S-Vw2,1000.0,21454,21992,1047.5285441911874,53.80000000000018,70.09484682320189,0.8,1047.5241360696061,237.45125289534215,251.15149418329054,4.848536446747304,9.835827957479573
S-Vw2,1000.0,21632,22084,1186.3936190133682,45.19999999999982,94.49152717805626,0.8,1186.386532022279,136.650059220065,112.9710314152832,2.0951499232844775,327.75535472608317
S-Vw2,1000.0,21722,22262,1114.316035911248,54.0,74.28773572741653,0.8,1113.157134760278,74.07742995884558,81.77333927905687,2.804947317342901,157.19411702211724
S-Vw2,1000.0,21812,22352,1011.8722136857323,54.0,67.45814757904883,0.8477136210148748,1009.8712637733151,328.9592372921499,104.4709894700253,3.8438480417137053,65.75788537459647
S-Vw2,1000.0,21992,22534,1154.7027433776238,54.19999999999982,76.6961231763738,0.8911091208829918,1149.8520771725382,466.5678387408886,172.3264741839462,1.901363659262483,279.3437538635843
S-Vw2,1000.0,22084,22802,1155.8037945949618,71.80000000000018,57.95116518860519,0.9525329906067856,1137.350523962046,670.401719446997,63.864408930979856,0.8909224477596258,115.62426238481895
S-Vw2,1000.0,22084,22802,1155.8037945949618,71.80000000000018,57.95116518860519,0.9525329906067856,1137.350523962046,670.401719446997,63.864408930979856,0.8909224477596258,115.62426238481895
S-Vw2,1000.0,22352,22982,1064.5400889930388,63.0,60.83086222817365,0.8782664645262804,1038.7999871051672,395.5601724870168,221.72834244848073,1.0292597517050872,323.4829271005389
S-Vw2,1000.0,22534,23343,1082.486582448073,80.90000000000009,48.16998389138515,1.0400980872324914,902.2824292506239,271.67045360520757,82.999592081484,10.44640868683806,43.346012630954476
S-Vw2,1000.0,22534,23343,1082.486582448073,80.90000000000009,48.16998389138515,1.0400980872324914,902.2824292506239,271.67045360520757,82.999592081484,10.44640868683806,43.346012630954476
S-Vw2,1000.0,22712,23433,1099.278532665674,72.09999999999991,54.88769372533192,1.0128332022475057,864.4279295082921,246.3951071264495,160.11676120595746,14.055172279199716,148.24006443688128
S-Vw2,1000.0,22982,23612,1006.2200806345063,63.0,57.49829032197179,1.0590068552458665,784.8956718995809,364.7501451065225,116.86330645578856,15.05304875100597,65.27564668042206
S-Vw2,1000.0,23072,23702,1111.2102140418283,63.0,63.497726516675904,1.0826072461881395,956.4295346463296,677.3635759328903,178.4849525048971,14.005049115048825,102.59361660049504
S-Vw2,1000.0,23254,23792,1313.773725639694,53.80000000000018,87.91050952235841,1.08708451757434,1308.994250532201,715.475187161972,439.90944431119124,2.758181844741003,363.7063103916922
S-Vw2,1000.0,23433,23972,1213.6142981164376,53.90000000000009,81.05772677586582,1.239481719550055,1212.485830810625,736.6166031479892,280.88389549076857,2.347039092973601,57.438568212098986
S-Vw2,1000.0,23612,24062,1223.882916704366,45.0,97.91063333634928,1.2138045687749752,1223.4844056337397,1233.5181093402807,422.8384944614787,2.0465092006440577,251.45965650516115
S-Vw2,1000.0,23702,24152,1196.4474042111178,45.0,95.71579233688944,1.169172910053544,1195.8863821823973,1463.2474749479668,400.283406858509,0.6323323105725455,265.7020063359894
S-Vw2,1000.0,23792,24334,1448.8470648763396,54.19999999999982,96.23338438293064,1.25,1445.9184101068347,1338.392821046561,499.9760992769074,1.8610114221289242,262.8896431178444
S-Vw2,1000.0,23792,24334,1448.8470648763396,54.19999999999982,96.23338438293064,1.25,1445.9184101068347,1338.392821046561,499.9760992769074,1.8610114221289242,262.8896431178444
S-Vw2,1000.0,23972,24334,1195.3654651193938,36.19999999999982,118.87612360303423,1.233013220688824,1193.4180395089923,611.5923191747647,577.0201348866842,0.42803072239380774,433.02753671956043
S-Vw2,1000.0,24062,24424,1195.7206385346944,36.19999999999982,118.91144471615806,1.25,1193.8618185566577,643.8481142317754,552.7488221233272,3.8021146462380333,392.08069943399755
S-Vw2,1000.0,24152,24513,1226.5195139798452,36.09999999999991,122.31219529992947,1.25,1224.4792991164084,797.4231143535934,535.1454772929643,1.4433079371402993,362.4704798857705
S-Vw2,1000.0,24242,24604,1265.3294359277788,36.19999999999982,125.83386655635432,1.25,1263.4907060021308,943.9439773092319,510.50249700653944,3.194419366171244,322.14215089212206
S-Vw2,1000.0,24334,24782,1033.1398385508292,44.80000000000018,83.02016559783415,1.25,1032.3752264050672,190.60104199842976,9.643627817625502,2.5427369774851365,269.9909448334401
S-Vw2,1000.0,24334,24782,1033.1398385508292,44.80000000000018,83.02016559783415,1.25,1032.3752264050672,190.60104199842976,9.643627817625502,2.5427369774851365,269.9909448334401
S-Vw2,1000.0,24424,24872,1050.8083469736375,44.80000000000018,84.4399564532384,1.25,1050.2657561093945,291.65964297026534,46.44414774979371,2.6955022584163064,320.6251583603859
S-Vw2,1000.0,24513,24962,1043.4947612650649,44.90000000000009,83.6655042439694,1.25,1043.254317276684,93.56947015443154,102.14247093233199,2.4181346056576336,388.33452519786937
S-Vw2,1000.0,24604,25052,1018.5661303107554,44.80000000000018,81.84906404282823,1.25,1018.3081485799333,336.9914826340242,140.66011371867427,2.3620525984987872,430.6816869320572
S-Vw2,1000.0,24782,25144,1301.7136980028008,36.19999999999982,129.45219096160517,1.25,1300.0918682478393,406.6322771486763,363.9631124892726,10.742128016358668,129.30398134479464
S-Vw2,1000.0,24872,25144,1040.2828295730433,27.199999999999818,137.6844921493743,1.25,1039.4547327847845,369.7139439223486,336.6904522529299,7.806374438792807,160.95912220046506
S-Vw2,1000.0,24962,25322,1052.9621730434374,36.0,105.29621730434374,1.2498043934619278,1052.1754052062245,194.35834351333213,159.802720115117,2.713673419612866,63.60290952955406
S-Vw2,1000.0,25052,25412,1065.5502730858789,36.0,106.55502730858788,1.25,1064.8391099891683,332.69848420646906,182.89106702368323,3.1164144893061576,38.001463188197675
S-Vw2,1000.0,25144,25592,1048.0241900380279,44.80000000000018,84.2162295566269,1.25,1047.911132480844,310.6350403033048,57.90648606492485,2.4083795204723137,334.4480702461039
S-Vw2,1000.0,25144,25592,1048.0241900380279,44.80000000000018,84.2162295566269,1.25,1047.911132480844,310.6350403033048,57.90648606492485,2.4083795204723137,334.4480702461039
S-Vw2,1000.0,25322,25682,1073.753440939603,36.0,107.37534409396031,1.2258930022054626,1073.4618352694908,269.6101474380394,170.33737250630105,4.068378171505517,33.84846234276449
S-Vw2,1000.0,25412,25772,1098.059009662451,36.0,109.8059009662451,1.206092835636232,1097.5804849583235,194.67224243322892,186.3968659719437,2.4450982651986846,2.8185180714247844
S-Vw2,1000.0,25502,25864,1355.2308514379547,36.19999999999982,134.77433881703485,1.12956129764587,1354.7141955488946,474.85365215745287,441.8055600437635,1.6381223643500444,323.44413350383024
S-Vw2,1000.0,25592,25864,1084.5750392396585,27.199999999999818,143.54669636995575,1.088052098263511,1084.3930533999544,413.8608277751087,399.3841636759748,1.810383716160553,339.12088919909587
S-Vw2,1000.0,25682,26043,1310.7218492201864,36.09999999999991,130.70910407735965,1.0850013680484427,1310.7140342315788,442.8502165060103,412.9568210124774,2.4619687368476417,336.6904185200406
S-Vw2,1000.0,25772,26043,1031.7193266926988,27.09999999999991,137.05496590751764,1.0829879249710428,1031.715586914981,381.26767639046477,363.02226544450855,2.54450455838558,307.45780457908614
S-Vw2,1000.0,25864,26223,1015.9656853405104,35.90000000000009,101.87956733219578,1.2240042296029559,1015.9544890821702,167.1872476645493,98.92273154751217,0.2925226032375748,106.44549486494708
S-Vw2,1000.0,25864,26223,1015.9656853405104,35.90000000000009,101.87956733219578,1.2240042296029559,1015.9544890821702,167.1872476645493,98.92273154751217,0.2925226032375748,106.44549486494708
S-Vw2,1000.0,25864,26223,1015.9656853405104,35.90000000000009,101.87956733219578,1.2240042296029559,1015.9544890821702,167.1872476645493,98.92273154751217,0.2925226032375748,106.44549486494708
S-Vw2,1000.0,26043,26404,1014.184611032877,36.09999999999991,101.1375235379049,1.25,1014.1674664694177,116.9612399671596,56.04742686901879,1.8272808364606583,183.6466257920192
S-Vw2,1000.0,26043,26404,1014.184611032877,36.09999999999991,101.1375235379049,1.25,1014.1674664694177,116.9612399671596,56.04742686901879,1.8272808364606583,183.6466257920192
S-Vw2,1000.0,26223,26674,1300.020036124697,45.09999999999991,103.77100066627315,1.25,1292.4905503708885,300.3597325906466,89.70529771860271,4.244210165344358,212.57885712176756
S-Vw2,1000.0,26223,26674,1300.020036124697,45.09999999999991,103.77100066627315,1.25,1292.4905503708885,300.3597325906466,89.70529771860271,4.244210165344358,212.57885712176756
S-Vw2,1000.0,26404,26852,1048.9013025929526,44.80000000000018,84.28671181550477,1.2041260112878542,1035.5853739703423,348.92084882587505,136.6242258092551,1.548426555506175,378.6452717658588
S-Vw2,1000.0,26404,26852,1048.9013025929526,44.80000000000018,84.28671181550477,1.2041260112878542,1035.5853739703423,348.92084882587505,136.6242258092551,1.548426555506175,378.6452717658588
S-Vw2,1000.0,26582,26942,1033.9700709655444,36.0,103.39700709655445,1.1361799936271348,1026.3968406280978,307.0235337044807,111.46268033685094,1.626183886829661,14.252364220595547
S-Vw2,1000.0,26674,27122,1026.487020172819,44.80000000000018,82.48556412102977,1.2104022902290992,1019.7111197665361,698.8170300222243,81.86834395316961,3.31061684746492,315.3366819485567
S-Vw2,1000.0,26674,27122,1026.487020172819,44.80000000000018,82.48556412102977,1.2104022902290992,1019.7111197665361,698.8170300222243,81.86834395316961,3.31061684746492,315.3366819485567
S-Vw2,1000.0,26852,27211,1023.1614176750227,35.90000000000009,102.60114494791289,1.1155088167057436,1010.3597036075895,808.7727627478479,143.95034875967949,4.5503422942243565,42.338066563655914
S-Vw2,1000.0,26942,27302,1026.6090032976863,36.0,102.66090032976862,1.1131146832829066,1013.3010138769389,762.970756817953,126.50124530633383,4.405509064016424,24.754857138681125
S-Vw2,1000.0,27031,27392,1028.2465047499354,36.09999999999991,102.53981764819326,1.0634821160228454,1019.5587368626055,324.32841936323854,107.43139402431923,2.3415756827797716,48.88268547883582
S-Vw2,1000.0,27122,27482,1047.0562107670194,36.0,104.70562107670193,1.0832165092435246,1043.0253298920688,177.741027592488,123.5325986949428,1.5503813209974988,46.5861280828774
S-Vw2,1000.0,27211,27572,1061.5796209258551,36.09999999999991,105.863895715598,1.054243166235985,1060.5594454472816,206.37437969188016,154.02518732875225,1.930104857446822,104.7961261461642
S-Vw2,1000.0,27302,27662,1053.2520253285256,36.0,105.32520253285256,1.0794297116976093,1052.598068700047,508.1127019556294,173.7778024607875,2.055866676754849,103.85304655296845
S-Vw2,1000.0,27392,27751,1043.4341853359074,35.90000000000009,104.63406872449184,1.0594558091123685,1042.846603115226,569.5891271051478,184.72212059238956,1.8435014818808009,133.72329636809843
S-Vw2,1000.0,27482,27842,1025.6856290307333,36.0,102.56856290307333,1.0961947698266605,1025.0032491737873,456.21314456527887,168.50354513619334,3.182235770220757,85.96911225868462
S-Vw2,1000.0,27572,28022,1239.4674321410275,45.0,99.1573945712822,1.0843007577732895,1238.2628474222395,655.2773156123977,167.72361972527145,3.20823854294813,77.34087835591387
S-Vw2,1000.0,27662,28112,1233.5517613373813,45.0,98.6841409069905,1.1215943731143514,1232.4689093951515,653.6637266930468,161.51962267958223,6.680251993608267,31.752015053545012
S-Vw2,1000.0,27751,28202,1230.1040686880733,45.09999999999991,98.19012521678656,1.1575479491072338,1229.5824151788663,437.71041946185636,152.01708499860607,1.8711217506655766,17.950052785570385
S-Vw2,1000.0,27842,28292,1247.6666667915124,45.0,99.81333334332099,1.103883476235423,1247.4138503911345,218.38532959347924,173.79047019209207,3.45171631278107,62.21061018902766
S-Vw2,1000.0,27932,28292,1005.122263234065,36.0,100.51222632340651,1.1325719915812131,1005.0508684732906,526.5744567057959,149.08618961610148,3.368140510434329,35.705972831458574
S-Vw2,1000.0,28022,28384,1286.703574938183,36.19999999999982,127.95947154081442,1.164349106503649,1286.6426098219792,425.06587830432,414.92384233053974,1.6716592501994458,271.56402604786564
S-Vw2,1000.0,28112,28384,1038.6065597939887,27.199999999999818,137.4626329139112,1.1651246061866698,1038.5706976592699,417.6351257031971,373.92378963738815,1.7423718098269987,264.06038234154465
S-Vw2,1000.0,28202,28561,1044.0334781164856,35.90000000000009,104.69416493647184,1.159745065681841,1044.0142323441535,162.75287392106557,139.3830784824814,3.0583556099107563,6.0574762018877
S-Vw2,1000.0,28292,28653,1028.3276597233125,36.09999999999991,102.54791066492893,1.163105135106897,1028.1138971154476,472.971092974048,104.86604957272579,5.494634996185079,46.379355139075415
S-Vw2,1000.0,28384,28833,1204.7759934193455,44.90000000000009,96.59673889331035,1.25,1203.6594093436433,1189.7308116730142,55.67113757955624,3.3563702995013065,231.95558686705732
S-Vw2,1000.0,28384,28833,1204.7759934193455,44.90000000000009,96.59673889331035,1.25,1203.6594093436433,1189.7308116730142,55.67113757955624,3.3563702995013065,231.95558686705732
S-Vw2,1000.0,28561,28923,1173.9264069205674,36.19999999999982,116.74406256668686,1.170021305053428,1173.0111763076145,776.9241909211522,249.74367683559893,1.612535823838267,92.6481820372582
S-Vw2,1000.0,28653,29102,1180.1401194483842,44.90000000000009,94.62147951033798,1.1597927045387237,1178.837579731493,110.51942359571696,35.36962693440067,1.8229829797586636,147.67682757652955
S-Vw2,1000.0,28742,29192,1191.590466858208,45.0,95.32723734865664,1.148845811385168,1190.1999237222606,82.04261840070646,44.666022841262595,2.05619889848878,126.14445298924883
S-Vw2,1000.0,28833,29282,1005.5814018971141,44.90000000000009,80.6256803302807,1.2078010220830933,1004.5486468456554,196.73128314559565,146.65833784062582,2.56285530511341,385.9091470497688
S-Vw2,1000.0,28833,29282,1005.5814018971141,44.90000000000009,80.6256803302807,1.2078010220830933,1004.5486468456554,196.73128314559565,146.65833784062582,2.56285530511341,385.9091470497688
S-Vw2,1000.0,28923,29372,1046.248834671016,44.90000000000009,83.88632081994767,1.1888285135252747,1045.3877434294902,84.23902626756058,109.39992281468685,0.6680379708816757,327.49333282362124
S-Vw2,1000.0,29102,29463,1299.4672748705198,36.09999999999991,129.58676425301616,1.1018717583041526,1298.9952593211317,396.49561469366546,371.39488775994056,0.9977838765246124,276.7711125081675
S-Vw2,1000.0,29192,29463,1039.939567128822,27.09999999999991,138.14695356692886,1.1020950570331003,1039.833870592487,453.64328089326773,341.0608241965271,0.7312876038981302,269.6696525995065
S-Vw2,1000.0,29282,29642,1036.6592879394957,36.0,103.66592879394958,1.0999562431466934,1036.642405007303,471.0991876660788,97.61918354788479,1.3035754457981106,3.9541216073646086
S-Vw2,1000.0,29372,29734,1307.5031845392296,36.19999999999982,130.02794100390193,1.0976700381452171,1307.4983553969391,992.5317433095084,364.40003120238754,4.016427502722218,272.25537035617765
S-Vw2,1000.0,29463,29913,1056.6326215566733,45.0,84.53060972453386,1.173696248312212,1056.6257350359567,399.91046150689976,82.88132654225697,5.451787420588559,280.7825304240155
S-Vw2,1000.0,29463,29913,1056.6326215566733,45.0,84.53060972453386,1.173696248312212,1056.6257350359567,399.91046150689976,82.88132654225697,5.451787420588559,280.7825304240155
S-Vw2,1000.0,29642,30004,1327.0163790110892,36.19999999999982,131.96847968066146,1.0522902842051718,1327.0022999841885,679.8716021477807,434.44176749503157,5.578472619588667,387.7757895380496
S-Vw2,1000.0,29734,30182,1061.0260342953625,44.80000000000018,85.26102061301985,1.1684890097111502,1061.0248503266112,143.0941756420304,38.11385271694214,1.0092078460566523,223.3768361414097
S-Vw2,1000.0,29734,30182,1061.0260342953625,44.80000000000018,85.26102061301985,1.1684890097111502,1061.0248503266112,143.0941756420304,38.11385271694214,1.0092078460566523,223.3768361414097
S-Vw2,1000.0,29913,30272,1062.483472406726,35.90000000000009,106.54430363967141,1.1037564376936635,1062.4227307836202,250.77217868136054,171.32376876918306,2.097560755185178,78.80514809188186
S-Vw2,1000.0,30004,30452,1073.8615600405246,44.80000000000018,86.29244678897038,1.1530350852825528,1072.4981154655825,169.23259414914483,50.108484627246604,4.611993834926934,221.84839924524803
S-Vw2,1000.0,30004,30452,1073.8615600405246,44.80000000000018,86.29244678897038,1.1530350852825528,1072.4981154655825,169.23259414914483,50.108484627246604,4.611993834926934,221.84839924524803
S-Vw2,1000.0,30004,30452,1073.8615600405246,44.80000000000018,86.29244678897038,1.1530350852825528,1072.4981154655825,169.23259414914483,50.108484627246604,4.611993834926934,221.84839924524803
S-Vw2,1000.0,30182,30542,1070.1314111210959,36.0,107.0131411121096,1.1226443503289163,1068.0250786534823,300.2449380237085,164.02233976059605,3.164713106822591,53.06277555744918
S-Vw2,1000.0,30272,30632,1057.5697341519117,36.0,105.75697341519117,1.1558698302754729,1055.352871651463,181.35909760474692,149.37600620107537,1.0111443848848676,7.953654514302764
S-Vw2,1000.0,30362,30724,1300.462471527273,36.19999999999982,129.32775959939795,1.1614902886827476,1298.3138200242286,569.320414554658,376.0956654202435,1.0956009244077096,226.92900571478864
S-Vw2,1000.0,30452,30724,1028.330678025588,27.199999999999818,136.10258973868167,1.1666501129843383,1027.7025660646257,507.2344097504479,329.94295433233134,0.875935734831416,213.53147532767534
S-Vw2,1000.0,30542,30902,1010.5286575067003,36.0,101.05286575067004,1.1687722894983499,1010.4396865372552,481.1016422523279,42.85572990732077,1.5572640831745355,120.32638337166478
S-Vw2,1000.0,30632,31082,1227.1685380456984,45.0,98.17348304365586,1.1122827525896097,1226.7328704734707,46.046978077184576,18.9990867372501,0.7360483122325661,116.68994552282915
S-Vw2,1000.0,30724,31264,1397.3427037806614,54.0,93.1561802520441,1.2238138432124623,1392.9614696407514,545.4102146678655,38.6296649706921,1.29463987362958,359.9075463778539
S-Vw2,1000.0,30724,31264,1397.3427037806614,54.0,93.1561802520441,1.2238138432124623,1392.9614696407514,545.4102146678655,38.6296649706921,1.29463987362958,359.9075463778539
S-Vw2,1000.0,30902,31264,1150.5762377093415,36.19999999999982,114.42194629153731,1.0931836770577235,1147.814527324425,244.07815189126785,207.45326220238343,1.3834572401524903,119.59383015745864
S-Vw2,1000.0,30992,31442,1125.9532154525077,45.0,90.07625723620062,1.1038418159414665,1123.7209229844686,159.99207293558499,7.433226650164938,2.027007168606333,109.07866291753241
S-Vw2,1000.0,31082,31532,1113.4801803224618,45.0,89.07841442579695,1.117133357365693,1112.583050127562,43.35709887233758,18.219771697839814,3.293361958468743,110.5193237849584
S-Vw2,1000.0,31172,31624,1329.7132322732505,45.19999999999982,105.9063636323832,1.0455528692483669,1328.6516734222616,522.6435375278965,237.44839531298584,3.877432398492932,187.65968696515483
S-Vw2,1000.0,31264,31804,1318.152449713627,54.0,87.87682998090847,1.1272237883556093,1314.7160625174772,537.4082003985766,9.005488183241363,4.703760833520742,176.50883068296966
S-Vw2,1000.0,31264,31804,1318.152449713627,54.0,87.87682998090847,1.1272237883556093,1314.7160625174772,537.4082003985766,9.005488183241363,4.703760833520742,176.50883068296966
S-Vw2,1000.0,31532,31982,1102.460247763389,45.0,88.19681982107112,1.053708958405943,1100.689078375106,157.89269762952614,38.47177701880127,4.234092416171317,99.74389009783212
S-Vw2,1000.0,31624,32162,1099.6548934669627,53.80000000000018,73.58285532492663,1.1094046423018329,1096.9980986570808,453.442127408143,244.62603813628726,1.0033432368704942,391.8047252884945
S-Vw2,1000.0,31624,32162,1099.6548934669627,53.80000000000018,73.58285532492663,1.1094046423018329,1096.9980986570808,453.442127408143,244.62603813628726,1.0033432368704942,391.8047252884945
S-Vw2,1000.0,31804,32343,1259.7850706565805,53.90000000000009,84.14148894923343,1.0766837771201747,1256.2945112957116,1011.5780468099329,58.86572187565093,1.813892407922876,160.12393468153493
S-Vw2,1000.0,31804,32343,1259.7850706565805,53.90000000000009,84.14148894923343,1.0766837771201747,1256.2945112957116,1011.5780468099329,58.86572187565093,1.813892407922876,160.12393468153493
S-Vw2,1000.0,31982,32343,1045.960754140695,36.09999999999991,104.30633559297816,0.9643974069980873,1044.2784765959827,381.2763206011907,167.12812509026205,0.9165385927144459,198.44947170309888
S-Vw2,1000.0,32072,32434,1024.8188965055233,36.19999999999982,101.91569136519068,0.9944673422839833,1024.1322317962283,173.54896403579284,148.71964953383102,1.514674041488233,153.57408697137055
S-Vw2,1000.0,32253,32704,1167.7177927168814,45.09999999999991,93.21028944081556,0.9949710257449225,1167.7048354609974,179.70703670532683,112.97379036542662,5.432072315432906,118.27175782572442
S-Vw2,1000.0,32343,32883,1159.6105197952784,54.0,77.30736798635189,1.051999611079974,1159.032577203204,80.42966611388483,95.55146680807968,2.7073974977007538,160.74457949141515
S-Vw2,1000.0,32343,32883,1159.6105197952784,54.0,77.30736798635189,1.051999611079974,1159.032577203204,80.42966611388483,95.55146680807968,2.7073974977007538,160.74457949141515
S-Vw2,1000.0,32434,32973,1151.3993433072537,53.90000000000009,76.90236801310031,0.9977598765959443,1150.3261544502373,137.584863074111,115.83479281084992,1.7612331206354046,112.99660614499194
S-Vw2,1000.0,32704,33332,1162.4453054598125,62.80000000000018,66.63699203272792,1.0283762004271977,1162.1162065669164,329.44909720312927,333.8122215050086,3.7368780546841265,376.2507869854212
S-Vw2,1000.0,32704,33332,1162.4453054598125,62.80000000000018,66.63699203272792,1.0283762004271977,1162.1162065669164,329.44909720312927,333.8122215050086,3.7368780546841265,376.2507869854212
S-Vw2,1000.0,32794,33422,1170.595782958153,62.80000000000018,67.10421685747355,0.9706338946998622,1170.549299142442,323.2068427274339,336.59749571099684,5.6533835560461325,292.3292504222474
S-Vw2,1000.0,32883,33512,1181.9537777203586,62.90000000000009,67.64759300148307,0.9924963508361305,1181.9273382303113,330.5496782618515,345.7932038337836,6.513344587907959,334.32794137089803
S-Vw2,1000.0,33151,33603,1188.241252238382,45.19999999999982,94.63868380659719,0.9329713593604761,1188.2271273268545,339.99557041305246,81.4033433123542,6.233881893383498,155.5623803384784
S-Vw2,1000.0,33242,33694,1174.7805964035579,45.19999999999982,93.56659617373508,0.928088118511636,1174.7754994036372,200.5206696673243,50.97777105027457,7.587511994428315,131.42331917359942
S-Vw2,1000.0,33332,33784,1172.706549193521,45.19999999999982,93.40140657293568,0.9219585487735577,1172.6995562177808,197.89182714202352,54.11463478077605,12.546974733932434,140.94294941437474
S-Vw2,1000.0,33512,34053,1353.367773607919,54.09999999999991,90.05774463934412,0.8670182249124377,1353.3571727775688,342.19628338239664,74.6311898041022,4.224298159035667,244.82233581108318
S-Vw2,1000.0,33603,34232,1162.571816671145,62.90000000000009,66.53829157418308,0.9070942851982503,1162.5493430711608,468.0657944107806,302.65430733610856,7.644845317878082,166.22206961776016
S-Vw2,1000.0,33603,34232,1162.571816671145,62.90000000000009,66.53829157418308,0.9070942851982503,1162.5493430711608,468.0657944107806,302.65430733610856,7.644845317878082,166.22206961776016
S-Vw2,1000.0,33694,34322,1170.5974032158192,62.80000000000018,67.10430973848626,0.9428758635712459,1170.4783407452426,343.42990557814505,266.1127131030565,7.826897097703564,183.9064765277335
S-Vw2,1000.0,33874,34502,1149.67313314262,62.80000000000018,65.90482928843025,0.9213444940689725,1149.3111182444634,562.292372669908,269.5673073070195,11.712315249761046,158.0769160588907
S-Vw2,1000.0,34053,34683,1147.0216660733204,63.0,65.54409520418974,0.9039160930446256,1146.3405008743512,441.79415957512924,280.74050685658403,6.997982844669562,143.466983374857
S-Vw2,1000.0,34053,34683,1147.0216660733204,63.0,65.54409520418974,0.9039160930446256,1146.3405008743512,441.79415957512924,280.74050685658403,6.997982844669562,143.466983374857
S-Vw2,1000.0,34322,34861,1130.5539135584622,53.90000000000009,75.51009441206786,0.919390281529623,1129.63207895644,255.22587924204444,119.20394446644042,8.803240109547268,19.812976084003964
S-Vw2,1000.0,34412,34952,1147.4341552936894,54.0,76.49561035291264,0.9194892582171226,1146.5093222891226,394.59101645980525,134.39939923944064,8.644088358981765,31.75786486296122
S-Vw2,1000.0,34502,35042,1150.1317853306464,54.0,76.67545235537644,0.9201058086464495,1149.3899613093495,455.98986814853174,165.9514403303729,7.083595133647843,60.896285925404946
S-Vw2,1000.0,34683,35222,1136.8773092339834,53.90000000000009,75.93243623826221,0.9228207083196999,1136.3210447658216,146.26047843731706,194.93377871940936,7.381091476086919,92.17924727359961
S-Vw2,1000.0,34772,35312,1139.9377094809388,54.0,75.99584729872925,0.8771299169909121,1139.3037827317603,379.71811193252194,194.94256016003274,7.453692765752031,31.427099756181395
S-Vw2,1000.0,34861,35402,1138.6634963265387,54.09999999999991,75.77058385906741,0.8561958912046506,1138.025364140633,565.9162291547518,201.19364025969423,5.862992002494635,10.079553230683008
S-Vw2,1000.0,34952,35492,1131.3952883604434,54.0,75.42635255736289,0.8539244465620892,1130.7456735234987,610.1453579725697,206.05906680446134,5.353836835892204,11.570767046750756
S-Vw2,1000.0,35132,35672,1144.782413142697,54.0,76.31882754284646,0.8808128695201508,1144.2146517881356,203.17187647967222,202.03262711756253,4.401120952153023,41.5423463061019
S-Vw2,1000.0,35222,35764,1357.4886494574166,54.19999999999982,90.16529774993941,0.8529376612200039,1357.077599478647,420.70394142141663,7.358640772756406,4.685170880112762,194.8240930693786
S-Vw2,1000.0,35312,35764,1167.260101451422,45.19999999999982,92.96761869967115,0.871075570787295,1167.0405045481418,179.29499584973598,27.0165017922625,4.6952101792654135,173.77418702252234
S-Vw2,1000.0,35492,36034,1365.1296164238884,54.19999999999982,90.67281585103349,0.8787364129879083,1365.0767932824335,189.35012982402918,3.9094294079240783,3.507788852161068,163.98698953316728
S-Vw2,1000.0,35582,36034,1172.1880800859653,45.19999999999982,93.36011257321887,0.8705521384316401,1172.1645622358142,373.1618050737418,31.423000063972456,3.548459517119307,179.04036284428136
S-Vw2,1000.0,35672,36124,1173.4615973111067,45.19999999999982,93.46154314867259,0.8640119687403738,1173.4452293218662,372.4981175815059,46.6466592997287,3.7715280070354487,199.8773878115706
S-Vw2,1000.0,35764,36394,1356.9453111715266,63.0,77.53973206694438,0.9216330265371817,1356.7468823006282,144.32040395020877,172.67899401387257,0.8359695834597345,52.87230093462283
S-Vw2,1000.0,35942,36394,1165.811330202443,45.19999999999982,92.852229839133,0.8539462414461229,1165.6130740699198,296.5497676779874,90.67959641271531,1.070915780493377,247.8063202385257
S-Vw2,1000.0,36034,36662,1178.4888023882668,62.80000000000018,67.55668293945459,0.9197604924850188,1176.4683465335713,858.4632262292636,298.8201841275408,1.838880137121572,180.3725278583262
S-Vw2,1000.0,36034,36662,1178.4888023882668,62.80000000000018,67.55668293945459,0.9197604924850188,1176.4683465335713,858.4632262292636,298.8201841275408,1.838880137121572,180.3725278583262
S-Vw2,1000.0,36302,36842,1171.7587941476377,54.0,78.11725294317584,0.8705080682899605,1167.9172720330719,90.18040720324979,83.58223934231899,0.8936418338319508,78.93088562876436
S-Vw2,1000.0,36394,37022,1186.5901610718138,62.80000000000018,68.02109203596366,0.9377278063201098,1184.8900266427906,223.07558583473892,260.42970682306895,0.9321542961005406,170.3528567458669
S-Vw2,1000.0,36394,37022,1186.5901610718138,62.80000000000018,68.02109203596366,0.9377278063201098,1184.8900266427906,223.07558583473892,260.42970682306895,0.9321542961005406,170.3528567458669
S-Vw2,1000.0,36662,37114,1194.8574970038899,45.19999999999982,95.1656413542925,0.8954257153627864,1194.7832601012944,234.6216119814823,149.61639579240935,1.9739480439180654,259.00372383643656
S-Vw2,1000.0,36752,37114,1003.7399770744669,36.19999999999982,99.81944523392539,0.9010178169550387,1003.7385897684779,358.065863074423,160.20855466787702,1.9615003968277698,243.62121253131883
S-Vw2,1000.0,36842,37294,1211.8444164193497,45.19999999999982,96.51858183870966,0.9080624556213637,1211.8430446359841,215.033786335369,135.656541932854,1.9146753678430672,234.64663709947533
S-Vw2,1000.0,36932,37294,1008.6327922373748,36.19999999999982,100.306023537419,0.8744145849592277,1008.6320054915863,140.2447531126296,133.98194871820212,1.9381327392603636,243.74934993462455
S-Vw2,1000.0,37114,37653,1222.1789392108622,53.90000000000009,81.62976217363816,1.004072171978596,1222.1739291699291,225.67238211194453,59.60908231386767,2.1622753794568723,64.82314057804773
S-Vw2,1000.0,37114,37653,1222.1789392108622,53.90000000000009,81.62976217363816,1.004072171978596,1222.1739291699291,225.67238211194453,59.60908231386767,2.1622753794568723,64.82314057804773
S-Vw2,1000.0,37294,37832,1027.3653313184186,53.80000000000018,68.7456355529051,0.9401681648401712,1027.3478099689844,278.2264253714767,263.2527859788552,2.0984130178301372,186.0799699030329
S-Vw2,1000.0,37294,37832,1027.3653313184186,53.80000000000018,68.7456355529051,0.9401681648401712,1027.3478099689844,278.2264253714767,263.2527859788552,2.0984130178301372,186.0799699030329
S-Vw2,1000.0,37562,38012,1027.938427020883,45.0,82.23507416167064,0.9036537514894823,1027.286640283954,105.79120320235671,78.7816128243217,4.346634918261846,28.318270181121544
S-Vw2,1000.0,37653,38192,1007.545977842281,53.90000000000009,67.29435102471625,0.9576584970310391,1006.1609977266096,339.70193667727017,330.63120211593355,4.17332963412024,274.0282724380462
S-Vw2,1000.0,37653,38192,1007.545977842281,53.90000000000009,67.29435102471625,0.9576584970310391,1006.1609977266096,339.70193667727017,330.63120211593355,4.17332963412024,274.0282724380462
S-Vw2,1000.0,37832,38283,1194.1811660288804,45.09999999999991,95.32266513756049,0.9483919216027364,1193.2942574141534,99.44532417719556,75.98333457774959,4.322440383908943,133.61309671960825
S-Vw2,1000.0,37922,38462,1190.4892962424783,54.0,79.36595308283188,0.9470245480654768,1190.218161621769,338.7234625659175,149.7937677498857,4.15070643871331,78.88284770538789
S-Vw2,1000.0,38102,38642,1179.4646057192876,54.0,78.63097371461917,0.937410835854503,1179.451180214814,342.02859248704806,173.52205460316725,2.643748241746527,88.85935079217928
S-Vw2,1000.0,38192,38732,1174.7947046771296,54.0,78.31964697847532,0.9303727342763705,1174.7890094707484,197.15132324744826,175.87194956917483,2.1806762458358793,81.78828458842375
S-Vw2,1000.0,38283,38912,1182.9944999241125,62.90000000000009,67.70715738834339,0.9470383322847211,1182.9875904597527,366.7945893396173,372.407373801522,2.5784376595547718,290.0345607336672
S-Vw2,1000.0,38283,38912,1182.9944999241125,62.90000000000009,67.70715738834339,0.9470383322847211,1182.9875904597527,366.7945893396173,372.407373801522,2.5784376595547718,290.0345607336672
S-Vw2,1000.0,38552,39092,1192.4579558905243,54.0,79.49719705936829,0.8470229261100359,1192.3399531704638,568.5528262905541,131.01103595867949,1.4342128937532657,71.51558678626367
S-Vw2,1000.0,38642,39184,1403.4885063699621,54.19999999999982,93.22063879948121,0.8834495045712408,1401.3266589386196,692.1425281604496,89.0605357213027,1.7752997846350855,242.24319687452285
S-Vw2,1000.0,38732,39184,1210.3541253999865,45.19999999999982,96.39988609380462,0.8978669899034138,1208.397819359796,403.62938810711483,123.9137709912984,2.3164690958018075,234.9671164966615
S-Vw2,1000.0,38912,39361,1024.4272195167287,44.90000000000009,82.13670356926984,0.8704332185657199,1021.3720701695574,490.99292361363825,40.2300880663992,2.2636019330595545,97.90582616587417
S-Vw2,1000.0,39002,39452,1048.3871405428072,45.0,83.87097124342458,0.8918824662528274,1044.5427405785742,744.0958743615269,18.84457720948159,2.363340680573046,96.7197874830852
S-Vw2,1000.0,39092,39542,1049.940570886276,45.0,83.99524567090208,0.8932172905030261,1046.1626008953317,568.160727923749,16.876993276654545,3.5560230804471478,97.39792126604621
S-Vw2,1000.0,39184,39812,1194.792585952935,62.80000000000018,68.49129473615531,0.9637308753670005,1191.3400026140189,511.96287101811623,303.0072475364085,2.3135859778075485,248.69162152152938
S-Vw2,1000.0,39361,39903,1373.4679936444736,54.19999999999982,91.22665640443029,0.9134532618010213,1371.723378797744,260.41464151122244,80.04628523079325,1.7077036755331079,191.9801656442941
S-Vw2,1000.0,39452,39903,1155.4728902386414,45.09999999999991,92.23286928734186,0.8786834779822754,1154.981163492933,243.8311448710327,82.80088825777284,2.096106978775844,213.07303754833097
S-Vw2,1000.0,39542,40082,1154.4590635794448,54.0,76.96393757196299,0.9056101134980774,1153.8722958081448,206.80151031021344,95.93987349676928,1.59032817950977,22.20290500925788
S-Vw2,1000.0,39632,40174,1399.3982247468084,54.19999999999982,92.9489595772791,0.9223162027978803,1390.6270607159267,225.52502327964345,152.38389877638807,2.2515595606378525,249.10982074854215
S-Vw2,1000.0,39812,40174,1026.5441041091544,36.19999999999982,102.08725897218163,0.9236895535680063,1019.9545182710356,518.5697791467961,212.329455874299,1.8007793412387767,274.43998178098184
S-Vw2,1000.0,39903,40443,1059.8970331930177,54.0,70.65980221286785,1.0011763184700997,1056.1130115220537,298.8844678079186,182.81934701179398,3.1900890108222875,184.28066215681523
S-Vw2,1000.0,39903,40443,1059.8970331930177,54.0,70.65980221286785,1.0011763184700997,1056.1130115220537,298.8844678079186,182.81934701179398,3.1900890108222875,184.28066215681523
S-Vw2,1000.0,40082,40532,1063.136948871892,45.0,85.05095590975135,0.9476181668905717,1062.5530128971502,281.5940559689041,5.686984228993874,1.4517404211307787,60.91036380830908
S-Vw2,1000.0,40174,40623,1070.1033212768525,44.90000000000009,85.79892999101695,1.030473489253954,1070.0186325155605,351.7804882848284,21.608541467719746,1.438729302353257,10.44669569900567
S-Vw2,1000.0,40352,40802,1072.074523719013,45.0,85.76596189752105,0.9198491169096226,1071.9073414361405,39.2578480413431,31.982333461157847,0.8834916740863045,115.31415356992007
S-Vw2,1000.0,40443,40893,1075.9906156005309,45.0,86.07924924804247,0.9449378799794178,1075.859708212472,222.1682434546064,31.298368688402288,1.2329695731512424,88.85984079363348
S-Vw2,1000.0,40532,40983,1303.4256207998405,45.09999999999991,104.04284334544204,0.9668271706664181,1303.3599591776604,294.74129623940803,247.6662925723895,4.267034165250367,282.6831802296147
S-Vw2,1000.0,40623,41073,1079.0464385521336,45.0,86.3237150841707,1.0476057211318712,1079.037182629442,319.6761677993051,13.848813231619731,5.474096581461529,38.391747539338716
S-Vw2,1000.0,40623,41073,1079.0464385521336,45.0,86.3237150841707,1.0476057211318712,1079.037182629442,319.6761677993051,13.848813231619731,5.474096581461529,38.391747539338716
S-Vw2,1000.0,40802,41163,1069.7012496469397,36.09999999999991,106.67380882905798,0.9899672173250699,1069.6938861927292,344.9525993203069,204.82503022724978,6.184784942159066,213.490112097001
S-Vw2,1000.0,40983,41433,1020.234425169896,45.0,81.61875401359168,1.0926611992134379,1019.4632923242758,122.43669705069678,43.95781291802946,3.3260318262323576,142.48178218291767
S-Vw2,1000.0,40983,41433,1020.234425169896,45.0,81.61875401359168,1.0926611992134379,1019.4632923242758,122.43669705069678,43.95781291802946,3.3260318262323576,142.48178218291767
S-Vw2,1000.0,41073,41524,1017.871911681912,45.100000000000364,81.24919915864422,1.046617151856222,1016.9170374674014,133.56312991477517,46.81984969692212,2.6154377320261126,96.42423370037791
S-Vw2,1000.0,41163,41703,1023.2948315709218,54.0,68.21965543806147,1.068786583538204,1022.5491731727511,268.3320350021989,232.5641010449586,2.830690665331339,318.92546125927856
S-Vw2,1000.0,41253,41793,1216.9792139280908,54.0,81.13194759520604,1.0875213031907542,1216.8135853869228,242.1746147172328,26.413910064563915,4.592290331628156,134.80709914752742
S-Vw2,1000.0,41433,41883,1036.4864883013506,45.0,82.91891906410805,1.0504230025355912,1036.47481214246,33.14332090287819,23.99155983882024,1.567233177065328,27.17246224955749
S-Vw2,1000.0,41524,41973,1060.082891271668,44.899999999999636,84.99551021331928,1.0724867829519724,1060.046456464159,194.02618929066705,61.547366685282796,0.9160498610869074,10.899931700633946
S-Vw2,1000.0,41703,42063,1033.7980591662345,36.0,103.37980591662344,1.004165062975314,1033.5118780815292,354.1129372704789,229.78969426746076,1.8356467086722055,226.4465710811577
S-Vw2,1000.0,41793,42243,1013.6649091684667,45.0,81.09319273347734,1.0222979564440628,1012.3749640517743,509.409852391312,30.775323530860796,3.204128462711595,53.9876491343332
S-Vw2,1000.0,41793,42243,1013.6649091684667,45.0,81.09319273347734,1.0222979564440628,1012.3749640517743,509.409852391312,30.775323530860796,3.204128462711595,53.9876491343332
S-Vw2,1000.0,41973,42514,1118.6736571173824,54.100000000000364,74.44039123147041,1.083058243017873,1118.1481829287818,567.8721581751186,154.21803782569316,1.343227432205055,259.8606857110711
S-Vw2,1000.0,42063,42603,1123.720544866621,54.0,74.91470299110807,1.0767466678082864,1123.6075762649382,665.3957863002631,141.7512830815351,4.7037672553913445,238.792230031322
S-Vw2,1000.0,42243,42784,1141.58916357618,54.100000000000364,75.96526781652904,0.9789719907118986,1141.5382614070018,264.66327884258067,109.55627611712669,3.6588767872147128,83.28221206096151
S-Vw2,1000.0,42243,42784,1141.58916357618,54.100000000000364,75.96526781652904,0.9789719907118986,1141.5382614070018,264.66327884258067,109.55627611712669,3.6588767872147128,83.28221206096151
S-Vw2,1000.0,42424,42964,1157.558797272286,54.0,77.17058648481907,0.9639319723311469,1157.434065996535,104.06616598020325,104.55033773542941,1.2719792823946943,59.021244516557466
S-Vw2,1000.0,42514,43053,1175.575321005439,53.899999999999636,78.51709008570704,0.9569045407871166,1175.1783451599513,212.16436454146202,86.8760442808796,3.8666299408069706,32.611662450706596
S-Vw2,1000.0,42603,43144,1184.3270386571676,54.100000000000364,78.80919296055036,0.9605537160056841,1183.3030268262912,155.85588291505672,79.34402235353011,3.5426107781109253,29.61600679614919
S-Vw2,1000.0,42784,43412,1176.5858952119743,62.79999999999927,67.44759908858529,1.007325013299625,1174.3123723389285,284.7523272148415,265.49145327772624,2.27658419638779,276.05707344488144
S-Vw2,1000.0,42964,43503,1163.8633893972,53.899999999999636,77.73484604508253,0.9594154565591564,1162.9260896084234,618.74385726404,57.673639672219565,1.075456818869058,8.148637029757202
S-Vw2,1000.0,42964,43503,1163.8633893972,53.899999999999636,77.73484604508253,0.9594154565591564,1162.9260896084234,618.74385726404,57.673639672219565,1.075456818869058,8.148637029757202
S-Vw2,1000.0,43144,43682,1159.3673147001973,53.79999999999927,77.57848202454957,0.9194052589482539,1159.336119348241,849.5538762818892,62.04070942866488,0.9934040630177252,36.45694251284446
S-Vw2,1000.0,43233,43773,1154.3089941819635,54.0,76.95393294546423,0.9222188327795632,1154.2841746417325,570.8680820563712,70.87090027819237,0.9539665881688567,24.40838563062087
S-Vw2,1000.0,43412,43863,1153.052999391468,45.100000000000364,92.03970726849779,0.8852709544815969,1153.0294118242052,150.62704293961696,144.99406573749096,1.2850335779067847,260.7248861038725
S-Vw2,1000.0,43503,44043,1141.8363590220542,54.0,76.12242393480362,0.9337194804932327,1141.407609359246,124.74487022494058,47.604874936632655,2.1549130728822288,31.38423436232424
S-Vw2,1000.0,43594,44133,1140.9131433190487,53.899999999999636,76.2019910194546,0.9351427433837326,1139.8201638931707,21.260757850996697,44.10047940554802,2.089399491137903,32.85291997316375
S-Vw2,1000.0,43682,44224,1155.7086033525702,54.20000000000073,76.76293306400731,0.9444289877885056,1153.2059985123392,193.5296251292316,45.466039265101315,3.9494400637598117,21.81901616397117
S-Vw2,1000.0,43773,44403,1387.8626182710286,63.0,79.30643532977307,0.9485107519644156,1381.4670281434696,493.3098351191789,46.206573682672925,5.370798418483475,28.454328364584107
S-Vw2,1000.0,43954,44403,1020.9002016181621,44.899999999999636,81.85391371548805,0.9714810421858683,1018.3018114221438,267.02373317755786,24.513142196554856,5.436058320214732,7.964502995842529
S-Vw2,1000.0,44043,44493,1043.8524210120377,45.0,83.50819368096302,0.9980976606876193,1042.3072211307876,206.33456582477285,21.3712877478893,4.890271450610994,19.39898969787985
S-Vw2,1000.0,44133,44674,1255.3861295607785,54.100000000000364,83.53770917594774,0.979025751433288,1254.85119972811,121.06597596512145,34.046015127337654,2.7938182285603035,7.401793512277387
S-Vw2,1000.0,44224,44674,1043.6900091357675,45.0,83.4952007308614,0.9617159608405242,1043.6834142763873,241.97516084697557,34.69739030782794,2.788635918470882,7.2457935963965445
S-Vw2,1000.0,44403,44853,1002.2628953778913,45.0,80.1810316302313,0.9598187619933949,1002.2579100481796,154.7755857322772,96.64779330166992,4.385803674862546,52.60644889098992
S-Vw2,1000.0,44493,45033,1151.7473981339717,54.0,76.78315987559812,1.00467508375286,1151.7389830413424,90.13579809084216,139.29671274599426,1.9544173443353385,145.3326339616792
S-Vw2,1000.0,44674,45214,1128.8444032093685,54.0,75.25629354729124,0.9868276176830897,1128.7258781143078,335.8601724299925,117.93461868251248,0.6347843038460921,101.50322241225915
S-Vw2,1000.0,44674,45214,1128.8444032093685,54.0,75.25629354729124,0.9868276176830897,1128.7258781143078,335.8601724299925,117.93461868251248,0.6347843038460921,101.50322241225915
S-Vw2,1000.0,44853,45393,1035.5735956069257,54.0,69.03823970712837,0.9511312169238011,1031.3387081890166,591.1895324783451,25.966588418831527,3.820925750528644,26.429237213369007
S-Vw2,1000.0,44943,45793,1114.7694424129877,85.0,47.213764619844184,0.9369599834510002,917.8415484854847,323.85820581787004,15.421390531527523,16.359410233124454,56.84801660176862
S-Vw2,1000.0,45033,45993,1009.4951821509021,96.0,37.85606933065883,0.9339684629134487,766.542235005485,788.9976746503249,51.14710607386333,24.401395690857697,29.633216686338343
S-Vw2,1000.0,45214,46503,1041.76266225554,128.89999999999964,29.09500065259856,0.9413395097573083,181.83280104710073,1098.6938880028767,62.795266079693256,4.66336871678587,2.4515881880944264
S-Vw2,1000.0,45303,46682,1146.8691789785662,137.89999999999964,29.940022076307827,0.9547370254583389,529.4471504658492,1412.3506932603093,63.177547961600006,4.95350190264807,9.081967790574346
S-Vw2,1000.0,45613,46773,1116.96723680367,116.0,34.66450045252769,0.9139648725547328,833.5115707389959,1205.180382769522,16.117307934666478,9.365228540612836,80.56305256609124
S-Vw2,1000.0,45993,46953,1118.465684060473,96.0,41.94246315226774,0.9147223138234745,1108.727227099345,2103.7924186354294,72.32068270931086,1.9392445662611113,29.089827948622986
S-Vw2,1000.0,46263,47133,1073.39316408585,87.0,44.41626885872483,1.0202744731339546,1068.462977094579,1113.8230080488845,105.42645733438695,1.4348362176084652,129.34972702635716
S-Vw2,1000.0,46593,47223,1014.0509774418024,63.0,57.94577013953157,0.9244738091436421,1012.988170376852,189.16616180310257,94.73904470245877,1.803896797169354,11.084915242229158
S-Vw2,1000.0,46682,47314,1000.9810593818984,63.20000000000073,57.01790844580368,0.9891346136324964,1000.1622105562207,215.02970833401957,109.48701825669211,0.7878089959118312,97.42038902587375
S-Vw2,1000.0,46863,47494,1017.0722310843703,63.100000000000364,58.026307954100034,1.0063585628225242,1016.1479832244239,180.80279277219324,55.81336407168571,0.4613066210532625,62.63622731248347
S-Vw2,1000.0,47043,47674,1045.0620275598776,63.100000000000364,59.62319016189442,0.9328401948010439,1043.985881527043,338.05565746700734,21.502019453446223,1.9655849541146841,50.27222139030965
S-Vw2,1000.0,47223,47853,1010.8506032646401,63.0,57.76289161512229,0.9470534167287451,1009.0033638841381,548.6177051071016,85.7625255566531,0.8852390875729438,27.68379739976438
S-Vw2,1000.0,47314,48124,1274.21868705019,81.0,56.63194164667511,0.9740465489765929,1271.278835605891,345.5443271408907,154.62500637953877,2.217573818090338,117.55006159327
S-Vw2,1000.0,47494,48213,1097.9923988458613,71.89999999999964,54.97597546377081,0.9450685802452511,1096.0680142209967,184.31743497613644,198.2411216293937,0.3264730600341478,127.02650322764016
S-Vw2,1000.0,47674,48482,1041.041251636154,80.79999999999927,46.383026062997374,0.9550457321764106,1026.290033315076,741.1345876175756,380.27286945259476,2.5739767836501537,316.3767950975007
S-Vw2,1000.0,47853,48841,1126.3242672662454,98.80000000000018,41.04015548743397,0.911194457592827,1056.6103144790384,415.4137356656664,474.4664086026018,3.2172800315854584,361.62186108283805
S-Vw2,1000.0,47944,48933,1317.4057824849733,98.89999999999964,47.954103305823274,0.9026666935607301,1236.2068423895703,204.22577001056524,346.82980564656174,2.540327687277615,184.67545777855366
S-Vw2,1000.0,48124,48933,1038.8756797116366,80.89999999999964,46.22932567320036,0.9136738170363535,992.8764876334376,66.67980054792487,302.9256911704876,2.481765929437848,186.95042759533177
S-Vw2,1000.0,48304,49112,1089.2707782511134,80.79999999999927,48.53186635772332,0.8730290086422875,1073.800373689037,608.6567780988229,200.64773351485633,2.609715027180405,36.649632440662906
S-Vw2,1000.0,48573,49472,1111.0509807490453,89.90000000000055,44.49147420129631,0.8262554700779619,1105.7856809303416,1833.2624859905934,325.52465315529395,3.315636292428658,75.45921507429837
S-Vw2,1000.0,48841,49562,1097.2337625736836,72.10000000000036,54.78559702170931,0.8,1095.8380555475753,584.0657713746945,85.47475059358779,3.709206913075722,151.77240612340742
S-Vw2,1000.0,48933,49742,1163.402826361038,80.90000000000055,51.7707067354723,0.8364591739585555,1162.01096884173,801.9985765640935,161.083902213584,3.5566915094319516,56.088710656409766
S-Vw2,1000.0,49112,49832,1009.669835958397,72.00000000000091,50.483491797919214,0.8186868303055835,1008.697746669727,699.7649346560409,90.53127035083942,3.11881794684318,109.50063745700876
S-Vw2,1000.0,49382,50322,1040.8450126455427,94.0,39.862149420467595,0.8,1004.634412424844,63.660146054316314,58.60331963123877,6.144222805669857,127.8995110725884
S-Vw2,1000.0,49562,50504,1144.789246655797,94.19999999999982,43.74990751550825,0.8350612480014442,1093.0024618238854,405.150219652863,91.61362171303438,3.9515172179866633,265.91249641085113
S-Vw2,1000.0,49652,50682,1100.6241964419023,103.0,38.46841851641601,0.8630236635175363,1050.8567925576376,68.57134213022157,61.06283214854352,4.068131749267029,98.60742389666298
S-Vw2,1000.0,49832,50954,1110.5423791131907,112.19999999999982,35.63237580042329,0.9285282183176244,1069.414370763773,297.7691915716062,103.78556788034018,11.918645486415155,16.597634955633183
S-Vw2,1000.0,50322,51134,1234.4184567343764,81.19999999999982,54.72791187492321,0.8431588974785845,1228.5236658330218,255.91327014381372,28.52514571491297,9.054755792112825,219.04576055729956
S-Vw2,1000.0,50414,51313,1296.5925661958609,89.89999999999964,51.9213930845953,0.9456961735487341,1287.5971235768225,153.92750895398268,101.52190395763711,9.249081262607236,25.351339358086175
S-Vw2,1000.0,50682,51492,1143.39091951288,81.0,50.817374200572445,0.963006295903263,1130.6768200356387,680.7559249319752,63.989992010485736,10.11126546046291,19.187350494200178
S-Vw2,1000.0,50772,51492,1001.9703945798683,72.0,50.098519728993416,0.9813797962598068,992.2047953839811,613.8948443698507,96.46130216076132,10.282019778741173,75.85707426332345
S-Vw2,1000.0,51134,51942,1148.7613202974462,80.80000000000018,51.182435062757385,0.9308805391079125,1116.653884575055,1432.4184578954507,162.51836226401244,6.614947931889239,71.65862257763251
S-Vw2,1000.0,51134,51942,1148.7613202974462,80.80000000000018,51.182435062757385,0.9308805391079125,1116.653884575055,1432.4184578954507,162.51836226401244,6.614947931889239,71.65862257763251
S-Vw2,1000.0,51313,52032,1009.0979512711929,71.90000000000055,50.52507127366157,0.94946773169642,996.6087824407414,617.9666343083178,109.9755604548043,6.785305867946892,53.39564908596945
S-Vw2,1000.0,51492,52122,1244.178655758893,63.0,71.09592318622246,0.9293107152707585,1232.8491661217618,994.3223120959136,241.032903643061,3.150744717729552,312.15156602477504
S-Vw2,1000.0,51671,52122,1021.7749685588497,45.100000000000364,81.56075137055053,0.8703080767162235,1013.701862026577,322.1154155035615,252.65493130797324,1.1553258743372004,352.48334182058437
S-Vw2,1000.0,51852,52392,1148.535786296241,54.0,76.5690524197494,0.9333351790714661,1115.1717912834806,710.9803494346515,151.9144236043998,2.546532780623562,217.83890646342385
S-Vw2,1000.0,52032,52572,1103.8980863284814,54.0,73.59320575523209,0.9483953143540328,1079.2100684463358,1282.3746171654936,159.4094914807781,2.2406734693032457,206.9486061438918
S-Vw2,2000.0,0,1853,2181.8765251201125,185.3,42.389398221437695,1.0,1798.1763834069832,2860.7212819897245,38.240994562916114,32.4022986598519,38.240994562916114
S-Vw2,2000.0,594,2032,2065.8914454527203,143.8,51.719118244991606,0.9062192586267391,1877.4868896592893,2165.787971885172,137.24504917165865,3.4881839920095126,69.6487998626213
S-Vw2,2000.0,953,2302,2326.1014829884098,134.9,62.07535462385674,0.981134829298856,2325.3135741389365,1919.7971675465765,56.11628552615118,3.8297540126429412,98.92911873639535
S-Vw2,2000.0,1043,2302,2160.470056194617,125.9,61.77674505401605,1.0055261365230534,2159.817426254736,1321.4334309614749,38.7856908475867,3.9457493964137105,27.115200269947735
S-Vw2,2000.0,1133,2482,2177.5580365128544,134.9,58.111259684553566,1.0149519823999895,2176.8966295286846,1015.1068078886817,73.35214447156707,3.5286997495976284,107.02954817887775
S-Vw2,2000.0,1402,2574,2165.4068583119506,117.20000000000002,66.51420383893362,0.9225122446928452,2164.8939310399355,767.2428273985479,250.42828964597769,3.4848402248628805,398.89678000517387
S-Vw2,2000.0,1492,2664,2138.8011449540454,117.20000000000002,65.69696349688193,0.9422893761566288,2138.2953659003,781.4878063155246,225.75997945728088,5.3163978661739115,336.2541997405291
S-Vw2,2000.0,1672,2843,2024.2817862145455,117.1,62.232403333666646,0.9848044295879631,2023.774557988052,646.7947591393521,195.79043291274814,5.377809780214861,223.6011208080762
S-Vw2,2000.0,1853,3473,2022.9142828070667,162.0,44.953650729045926,1.0005022342221122,2022.8084786081567,1431.472406381703,7.11079190174184,3.564990945992917,6.254997260760536
S-Vw2,2000.0,2032,3742,2007.0284924821635,171.00000000000003,42.25323142067712,0.971114850205019,2006.9064398837738,1731.9984585344012,172.52176272408647,4.103736073053458,225.5015932563487
S-Vw2,2000.0,2124,4632,2022.6639874168986,250.80000000000004,29.033454364835862,1.0223506379275527,1996.5628525498469,1089.950988774735,209.72922664836597,7.232572280725367,259.68950741604874
S-Vw2,2000.0,2302,4812,2022.6322606849594,251.00000000000003,29.009865093489456,1.0140108263183296,1943.3969315669071,320.9319850655373,216.63779615286333,5.99781092997345,248.05441466312723
S-Vw2,2000.0,2482,4994,2041.6236688430722,251.20000000000002,29.258937929279696,1.0130186062428446,1913.3487921787803,1559.672210796899,158.16459656226527,5.907602057632339,186.84302148836207
S-Vw2,2000.0,2574,5623,2079.3753093634546,304.90000000000003,24.55149594525561,1.1302945925215497,1631.9493470170785,972.3537016352124,484.98509057367335,14.555571214294863,484.98509057367335
S-Vw2,2000.0,2574,5623,2079.3753093634546,304.90000000000003,24.55149594525561,1.1302945925215497,1631.9493470170785,972.3537016352124,484.98509057367335,14.555571214294863,484.98509057367335
S-Vw2,2000.0,2753,6262,2122.483936628927,350.90000000000003,21.775269797275968,1.118350287460154,1093.7741289292155,1680.4450876268743,473.47303094521664,6.790304161534544,473.47303094521664
S-Vw2,2000.0,3292,6353,2107.638070682274,306.1,24.78764147159812,1.013487910028073,633.103598645783,1786.8757464228925,462.214799630793,7.930843689460432,462.214799630793
S-Vw2,2000.0,3654,6533,2025.6263836980734,287.90000000000003,25.329124631167293,1.0618801538477303,291.97506028654215,2054.5005917411995,478.4574946277229,8.679495190422841,478.4574946277229
S-Vw2,2000.0,4542,7152,2062.1303674929695,261.0,28.44317748266165,0.8,319.4327586581365,1958.6646576669223,482.3033224115824,3.6410120587988617,22.99200724710805
S-Vw2,2000.0,4722,7423,2253.5320603481177,270.1,30.03596970475092,0.8,584.1199006477765,2164.088181594544,446.5731374741535,4.805827767521485,93.88162802482003
S-Vw2,2000.0,4812,7423,2015.1667205243612,261.1,27.78475754074186,0.8201348789442757,495.3423105599918,2360.760329239225,448.0525863463697,448.0525863463697,448.0525863463697
S-Vw2,2000.0,5174,7692,2000.409826462589,251.80000000000007,28.599981633301503,0.8,646.2561765638471,2081.382392119351,485.16795470295597,235.5810822883244,157.07798914777578
S-Vw2,2000.0,5533,8633,2170.987886826353,310.0,25.211472234112488,0.8,824.8169653779038,3100.123601759153,268.96706415769177,15.534324065280586,222.06511774556793
S-Vw2,2000.0,6172,8813,2177.105148791553,264.1,29.676556363686444,0.8,1239.2388177919527,2657.524654290638,82.45709603086465,11.07232492846254,371.6391995962251
S-Vw2,2000.0,6353,8993,2094.593005878587,264.0,28.562631898344367,0.8,1735.4103280610784,3158.290234009188,119.27463112584604,8.62102511784395,324.9726950253734
S-Vw2,2000.0,6533,9082,2046.8893394637262,254.89999999999998,28.908597968102846,0.8308909819925008,1918.4893645571176,3612.3778551809373,138.51796863161908,10.97052205808523,224.739472853825
S-Vw2,2000.0,7152,9353,2161.433432822958,220.10000000000002,35.35284124562766,0.8500605492989577,2043.3864233868685,1078.8114972804378,57.08951860805884,6.367203822199146,276.2907917689634
S-Vw2,2000.0,7423,9533,2043.7886259011457,211.0,34.87032726655983,0.956019017123841,1924.7136663723795,2050.4868857582646,11.678347115014166,5.539161205188029,79.18187910874254
S-Vw2,2000.0,7423,9533,2043.7886259011457,211.0,34.87032726655983,0.956019017123841,1924.7136663723795,2050.4868857582646,11.678347115014166,5.539161205188029,79.18187910874254
S-Vw2,2000.0,7692,9803,2226.5832840318426,211.10000000000002,37.97110290153781,0.9209315361009476,2107.461985655723,2127.082891699941,88.83459423985124,90.59710470927146,87.18255456106213
S-Vw2,2000.0,8633,9893,2000.9383314547395,126.0,57.16966661299256,0.9648184400938304,1975.299064589937,1962.8802069567707,44.51309207883085,6.600074137024022,113.55364547090032
S-Vw2,2000.0,8813,10163,2126.2635488735023,135.0,56.7003613032934,1.0630240861774631,2099.887967799262,2345.5390450941386,16.27884675026546,7.110606082374233,117.25894669857674
S-Vw2,2000.0,8993,10343,2064.5310874120296,134.9999999999999,55.0541623309875,1.026376575050767,2038.1437703461504,2269.9162044727605,30.86888828430633,6.459188134286864,23.19357380536516
S-Vw2,2000.0,8993,10343,2064.5310874120296,134.9999999999999,55.0541623309875,1.026376575050767,2038.1437703461504,2269.9162044727605,30.86888828430633,6.459188134286864,23.19357380536516
S-Vw2,2000.0,9353,11463,2115.0173272512566,210.9999999999999,36.085603687699184,0.9834787774467458,2023.878292763407,779.7282119549656,81.07628269025507,4.632922154280128,114.33675818921596
S-Vw2,2000.0,9353,11463,2115.0173272512566,210.9999999999999,36.085603687699184,0.9834787774467458,2023.878292763407,779.7282119549656,81.07628269025507,4.632922154280128,114.33675818921596
S-Vw2,2000.0,9533,11643,2154.019593534953,210.9999999999999,36.751045197752774,1.0086453656092862,2063.5692151062794,1890.5837992448678,136.79656986944696,4.613742354711662,119.34007656778208
S-Vw2,2000.0,9803,11823,2061.762524932399,201.9999999999999,36.744282622557634,1.025768039640671,1971.4166426882844,1583.5906940264408,164.49542669480365,4.296019950567472,115.57903971708464
S-Vw2,2000.0,9803,11823,2061.762524932399,201.9999999999999,36.744282622557634,1.025768039640671,1971.4166426882844,1583.5906940264408,164.49542669480365,4.296019950567472,115.57903971708464
S-Vw2,2000.0,9983,12003,2153.9740586891876,201.9999999999999,38.387656491490496,1.0443110882178182,2067.3016135690773,2411.6893633688646,184.3832083114362,3.458292943047496,96.98965246796624
S-Vw2,2000.0,10163,12094,2071.3419023308543,193.10000000000002,38.61642075811017,1.0193488789774081,1984.8211637686518,2466.2948148448563,198.07351405239262,6.947510926048962,161.9230695888539
S-Vw2,2000.0,10343,12183,2036.3728079478315,184.0,39.842076677240186,1.0731466492396615,1949.2216618724333,2650.762366651592,156.62701406579353,3.957511004452596,18.902985147919274
S-Vw2,2000.0,11194,12363,2137.071332510888,116.90000000000009,65.81229082154996,0.9795898597289476,2084.403490023529,681.9129124577215,196.5475880824693,4.197553179369419,236.14709303850162
S-Vw2,2000.0,11463,12543,2154.3213921677343,108.00000000000023,71.81071307225767,1.2278805300237299,2152.457911070993,118.04861532272571,94.08597969184187,1.11415028041773,375.3408883356317
S-Vw2,2000.0,11553,12633,2144.364183353062,108.00000000000023,71.47880611176858,1.0773899270229153,2142.7697173785145,411.57500684155093,7.93997278511022,0.4945829524040824,157.402085491807
S-Vw2,2000.0,11734,12813,2144.7188507732753,107.90000000000009,71.5568847338627,1.1325877704303147,2143.1840507805346,104.88759329954748,107.07085430479692,2.3459787261315297,405.62739342559007
S-Vw2,2000.0,11823,12993,2325.9179007196253,117.00000000000023,71.5667046375268,1.1339507015635237,2324.3846710392495,160.33124185082755,196.59140394761275,4.248729206265364,427.95131833615346
S-Vw2,2000.0,12003,13083,2136.9228392539426,108.00000000000023,71.23076130846461,1.1259176513502676,2135.4073780017734,241.72727741046208,251.41308748297152,5.351781666650797,463.98167735347323
S-Vw2,2000.0,12094,13173,2148.5843775673984,107.90000000000009,71.68585504395392,1.1219696046147658,2147.149397362269,915.4812334585805,270.37694546216363,5.70646944023442,470.03958513057404
S-Vw2,2000.0,12183,13263,2151.616972507918,108.00000000000023,71.72056575026379,1.1533695368378833,2150.900226995712,612.9104873902613,312.91031758753365,4.042261170242207,464.11126152180157
S-Vw2,2000.0,12273,13353,2155.772901229435,108.00000000000023,71.85909670764768,1.1530688126584125,2154.56279623648,542.3564930710671,363.04576290949603,3.520018003376212,477.75971907064087
S-Vw2,2000.0,12453,13533,2207.4206108604467,108.0,73.58068702868155,1.1004497797312602,2203.47703606767,402.83985457905953,392.9228387349468,4.699979530353293,452.54548440859963
S-Vw2,2000.0,12543,13533,2039.4926908545804,99.0,74.1633705765302,1.074361257162793,2035.5819841312323,213.21163967339342,366.9608563582698,3.7193724883500328,424.3858642427517
S-Vw2,2000.0,12723,13713,2087.3250245149593,99.0,75.90272816418033,0.9979430323421619,2072.773742270724,1193.0754411026326,333.63938828676606,6.065906557400275,328.66098607826143
S-Vw2,2000.0,12813,13803,2116.994224351354,99.0,76.98160815823107,0.9694637060623645,2097.0358720239988,1621.8009763716282,321.87139178365493,6.343715390861512,247.44045357521284
S-Vw2,2000.0,12993,14073,2279.3585375434977,108.0,75.97861791811658,0.9269632733936167,2253.8951933294543,2211.5277977800956,365.48087673693493,2.009645190172993,172.18738638191758
S-Vw2,2000.0,13083,14073,2078.9103019740433,99.0,75.59673825360157,0.96124119758778,2057.9046039051022,1819.5575224374197,347.51249260306963,5.05693742942776,253.48039839779742
S-Vw2,2000.0,13173,14253,2193.311643191473,108.0,73.11038810638244,0.920117864711383,2175.6112978849947,3141.4733276263687,432.0990817300583,2.4348922951729763,222.26625710082288
S-Vw2,2000.0,13263,14253,2008.2415719452692,99.0,73.02696625255525,0.8841738044345744,1996.556327105192,2807.2463786219255,387.67454842937474,2.232533513875899,109.97061192929813
S-Vw2,2000.0,13533,14703,2132.9282885768644,117.0,65.62856272544198,0.8534877909464706,2131.12666817934,1630.0225495575896,462.8679701260437,4.615159889858887,273.4479830248984
S-Vw2,2000.0,13533,14703,2132.9282885768644,117.0,65.62856272544198,0.8534877909464706,2131.12666817934,1630.0225495575896,462.8679701260437,4.615159889858887,273.4479830248984
S-Vw2,2000.0,13623,14793,2117.478710215726,117.0,65.1531910835608,0.8547605930553654,2116.46305435557,2291.9361600432508,479.326894416376,3.672121457324025,301.2836975755513
S-Vw2,2000.0,13803,14973,2325.708565354398,117.0,71.5602635493661,0.8662737447573077,2324.8154007153585,1798.7607924663855,429.79216191509795,8.91475700812607,129.2739340139284
S-Vw2,2000.0,13982,14973,2128.4639723181426,99.10000000000014,77.32058829813626,0.808292252354156,2127.802562247261,436.9706908161563,273.4170071318455,8.946153664421685,188.1628018551452
S-Vw2,2000.0,14073,15063,2000.3329827262387,99.0,72.73938119004505,0.9003915643518569,1999.909611774392,982.1785547126528,412.769149104008,6.702365416248624,172.43947117490603
S-Vw2,2000.0,14253,15333,2291.4309957949627,108.0,76.38103319316542,0.840993209535644,2290.9611267679556,770.7411849244371,324.79990926183723,5.760846084547773,91.59518377108348
S-Vw2,2000.0,14253,15333,2291.4309957949627,108.0,76.38103319316542,0.840993209535644,2290.9611267679556,770.7411849244371,324.79990926183723,5.760846084547773,91.59518377108348
S-Vw2,2000.0,14523,15513,2195.980963219885,99.0,79.85385320799583,0.8256220643648905,2195.618098323433,1721.017950130186,174.93440214349553,2.3707104739693063,238.5945211494748
S-Vw2,2000.0,14523,15513,2195.980963219885,99.0,79.85385320799583,0.8256220643648905,2195.618098323433,1721.017950130186,174.93440214349553,2.3707104739693063,238.5945211494748
S-Vw2,2000.0,14793,15603,2019.0975154078842,81.0,89.73766735146152,0.8,2018.7960317569582,706.9991828479931,93.40759569072478,2.109710366136564,478.3466219695815
S-Vw2,2000.0,14882,15693,2013.1868560408839,81.10000000000014,89.36464465779494,0.8,2012.938320253352,1100.216574459899,85.65687785146189,1.558395343857782,471.13306298764445
S-Vw2,2000.0,14973,15963,2026.8303039927014,99.0,73.70292014518914,0.822165293086319,2025.2348516223883,1100.831082728381,181.69890245088982,3.5000727507360865,209.30721377261332
S-Vw2,2000.0,14973,15963,2026.8303039927014,99.0,73.70292014518914,0.822165293086319,2025.2348516223883,1100.831082728381,181.69890245088982,3.5000727507360865,209.30721377261332
S-Vw2,2000.0,15243,16233,2041.8490818134778,99.0,74.2490575204901,0.8,2038.1208466362762,222.8659966505063,23.751666474617707,4.317533343495975,425.40796284893645
S-Vw2,2000.0,15333,16503,2049.142040594361,117.0,63.050524325980334,0.8970440842090932,2045.5059567568987,474.4820556311178,182.27704192170853,3.9843234630495554,47.87096018691566
S-Vw2,2000.0,15333,16503,2049.142040594361,117.0,63.050524325980334,0.8970440842090932,2045.5059567568987,474.4820556311178,182.27704192170853,3.9843234630495554,47.87096018691566
S-Vw2,2000.0,15513,16863,2087.3836281714393,135.0,55.663563417905046,0.8990152692548393,2083.214929207301,713.352033356425,162.89327373614722,7.807677364414676,65.14045873233232
S-Vw2,2000.0,15603,17043,2097.3759823028668,144.0,52.434399557571666,0.9437721589208662,2093.230884872622,192.18928323859913,286.7495592068454,10.732015502169812,152.2375959080626
S-Vw2,2000.0,15693,17133,2314.3290489701176,144.0,57.858226224252945,0.9282966462203548,2310.194663372331,871.5752456281259,24.557669047387044,9.55892884270377,143.83838910151698
S-Vw2,2000.0,15873,17223,2167.654401926142,135.0,57.80411738469712,0.9950883048966196,2163.7496629585057,1621.5057097585773,17.286021622073907,8.873314046751059,27.881643993591982
S-Vw2,2000.0,15963,17223,2095.5417892729965,126.0,59.87262255065705,0.9902882040921908,2093.9866731541847,1926.2111238349344,72.49854150823703,6.901065230873528,92.21106518663049
S-Vw2,2000.0,16143,17403,2049.3775288716606,126.0,58.55364368204745,0.951464502865289,2048.6896713363785,862.466748820335,80.48992190884067,4.3183522522289195,23.09407307194949
S-Vw2,2000.0,16413,17583,2425.496071135851,117.0,74.63064834264156,0.9416061755459698,2424.5698469880253,458.44234602668126,435.3725267943092,6.131885067779865,551.9303443953714
S-Vw2,2000.0,16503,17583,2176.8699612409036,108.0,72.56233204136346,0.9475266748632842,2175.9647514753965,345.8883343128821,296.8282822259643,6.202231468719435,395.79563843072174
S-Vw2,2000.0,16863,17853,2390.469790890311,99.0,86.92617421419313,0.9405630142219346,2390.0163916816396,630.0133126739166,415.5880152377481,2.855262887385863,532.9340693331376
S-Vw2,2000.0,16863,17853,2390.469790890311,99.0,86.92617421419313,0.9405630142219346,2390.0163916816396,630.0133126739166,415.5880152377481,2.855262887385863,532.9340693331376
S-Vw2,2000.0,17133,18122,2209.8723016850927,98.89999999999986,80.44024556184372,1.0121200182925805,2209.538947573726,1266.45578238387,215.4831911905742,4.655353873859935,191.30530536847516
S-Vw2,2000.0,17133,18122,2209.8723016850927,98.89999999999986,80.44024556184372,1.0121200182925805,2209.538947573726,1266.45578238387,215.4831911905742,4.655353873859935,191.30530536847516
S-Vw2,2000.0,17223,18213,2394.586939145054,99.0,87.0758886961838,1.077170254046617,2394.284137592121,1367.1083143015337,403.71156098786696,2.129158412118317,250.09324684563362
S-Vw2,2000.0,17403,18213,2169.7911732263055,81.0,96.43516325450247,0.9638870428496956,2169.6421055071173,1581.9417074245082,562.6592564487452,2.580041747300101,620.673594989693
S-Vw2,2000.0,17493,18303,2074.819839301512,81.0,92.2142150800672,1.0454951618837416,2073.777864391098,1146.7584324121392,493.14161582504687,1.7808185584590326,421.2889726815299
S-Vw2,2000.0,17583,18663,2249.922218273259,108.0,74.9974072757753,1.214747920832534,2246.660558410083,1671.6170091483673,316.7513313640096,2.369501420690456,98.71989613444467
S-Vw2,2000.0,17583,18663,2249.922218273259,108.0,74.9974072757753,1.214747920832534,2246.660558410083,1671.6170091483673,316.7513313640096,2.369501420690456,98.71989613444467
S-Vw2,2000.0,17762,18663,2022.4741453870047,90.10000000000014,80.80917784010218,1.1054228479944426,2019.2855288513585,815.3678900068816,433.8474971317071,2.209207513814231,266.26006077823877
S-Vw2,2000.0,17853,18933,2212.429765251989,108.0,73.74765884173297,1.2210734103941154,2208.9071705430065,833.7371983225831,276.7928729055891,8.063275240274816,151.8896465222973
S-Vw2,2000.0,17943,18933,2001.5999265304927,99.0,72.78545187383611,1.25,1998.17026190175,731.9947912359053,238.17229532918125,8.131354807026339,203.30177203568311
S-Vw2,2000.0,18122,19113,2003.0279775298004,99.10000000000014,72.76388213024492,1.1640170599189141,1999.445338706177,336.96272276791314,322.90525709277523,3.613585028019359,48.08963461903894
S-Vw2,2000.0,18213,19293,2192.089949069403,108.0,73.06966496898009,1.25,2188.4351582656377,478.94892363099643,380.04165993308766,3.089778234881106,73.42963203078986
S-Vw2,2000.0,18213,19293,2192.089949069403,108.0,73.06966496898009,1.25,2188.4351582656377,478.94892363099643,380.04165993308766,3.089778234881106,73.42963203078986
S-Vw2,2000.0,18393,19383,2160.1569099046246,99.0,78.55116036016817,1.1687252911892405,2159.3891891428166,506.7131791358166,444.8225277862237,1.4475065163253669,155.57427772904833
S-Vw2,2000.0,18663,19563,2026.8595283417017,90.0,81.07438113366807,1.25,2026.0000782664454,691.9204794050006,357.12194513122614,1.7022484251542656,60.71082471798363
S-Vw2,2000.0,18663,19563,2026.8595283417017,90.0,81.07438113366807,1.25,2026.0000782664454,691.9204794050006,357.12194513122614,1.7022484251542656,60.71082471798363
S-Vw2,2000.0,18933,20012,2152.355653691404,107.89999999999986,71.81168075337408,1.25,2149.5357307356257,982.9479221084387,38.92405046673871,1.2583979513187584,472.5373754428216
S-Vw2,2000.0,18933,20012,2152.355653691404,107.89999999999986,71.81168075337408,1.25,2149.5357307356257,982.9479221084387,38.92405046673871,1.2583979513187584,472.5373754428216
S-Vw2,2000.0,19113,20101,2133.8417270071877,98.79999999999995,77.7513179881162,1.076229361618597,2131.339719295795,1055.4174476922478,4.589218381140834,1.7593520115220667,158.12066617630597
S-Vw2,2000.0,19203,20193,2125.039858019936,99.0,77.27417665527041,1.2437302514065884,2122.486010290544,890.183848978214,99.8408495755679,0.20314961200872483,432.7645845046798
S-Vw2,2000.0,19203,20193,2125.039858019936,99.0,77.27417665527041,1.2437302514065884,2122.486010290544,890.183848978214,99.8408495755679,0.20314961200872483,432.7645845046798
S-Vw2,2000.0,19383,20373,2076.2979988658626,99.0,75.50174541330409,1.2451105915807004,2073.9773747703975,567.6679249254604,313.1188862684702,2.182097865004357,466.8615246362139
S-Vw2,2000.0,19563,20553,2023.105075046973,99.0,73.56745727443538,1.2254585780923528,2020.8728214317248,549.3256424272828,468.0007252646264,4.06672344526849,468.0007252646264
S-Vw2,2000.0,19563,20553,2023.105075046973,99.0,73.56745727443538,1.2254585780923528,2020.8728214317248,549.3256424272828,468.0007252646264,4.06672344526849,468.0007252646264
S-Vw2,2000.0,19833,20911,2001.075674503878,107.79999999999973,66.82627484428552,1.1560060042009328,1999.9128187127549,1707.8701517809495,470.6385460660831,2.2588895982919155,470.6385460660831
S-Vw2,2000.0,19833,20911,2001.075674503878,107.79999999999973,66.82627484428552,1.1560060042009328,1999.9128187127549,1707.8701517809495,470.6385460660831,2.2588895982919155,470.6385460660831
S-Vw2,2000.0,20012,21092,2120.5674423512464,108.00000000000023,70.68558141170807,1.0879184438889318,2120.413308555562,1064.5695942861155,464.6501618746512,3.226185320149804,464.6501618746512
S-Vw2,2000.0,20101,21182,2306.636913080776,108.10000000000014,76.81677046337451,1.0023096952191848,2306.471287810961,475.55709750478945,452.77653494450874,1.7677805424425055,452.77653494450874
S-Vw2,2000.0,20193,21362,2117.4140558424733,116.90000000000009,65.20693414057227,1.0602680762436283,2117.3051990851395,1435.5061104334263,461.8126573830288,1.8361268762770286,461.8126573830288
S-Vw2,2000.0,20283,21454,2325.129521306204,117.09999999999991,71.48135163708233,1.03989102908218,2325.0202907608427,677.4351909496819,438.0751743344982,2.7335994362636504,438.0751743344982
S-Vw2,2000.0,20463,21632,2191.6611211504714,116.90000000000009,67.49341348282029,0.8793894228509874,2191.5691604158624,2138.7354146569264,461.61581439210835,2.2902890225890724,326.57686693322523
S-Vw2,2000.0,20553,21632,2021.814459005971,107.90000000000009,67.45627481391557,0.8407479292779505,2021.771444735812,1537.6736494154254,465.8327160035614,2.1979157496803223,173.34128626928307
S-Vw2,2000.0,20732,21722,2050.362661855972,99.0,74.55864224930806,0.8,2050.318588867033,289.5700381572394,330.658480870837,2.9794985842987325,145.52886203836934
S-Vw2,2000.0,20911,21901,2137.8169264232747,99.0,77.73879732448272,0.8,2137.7717356104577,726.8372171846588,244.8786597787675,3.3831025209010215,231.67178304819367
S-Vw2,2000.0,21002,21992,2185.880578771641,99.0,79.48656650078695,0.8,2185.8530321377007,1085.9919130471287,185.1867536415491,4.914597659114708,288.95155130838043
S-Vw2,2000.0,21182,22262,2118.763373069549,108.0,70.62544576898496,0.824872530618502,2117.544588289519,711.0644231085848,360.51056876847053,3.1524171039422297,73.91919963111994
S-Vw2,2000.0,21182,22262,2118.763373069549,108.0,70.62544576898496,0.824872530618502,2117.544588289519,711.0644231085848,360.51056876847053,3.1524171039422297,73.91919963111994
S-Vw2,2000.0,21362,22352,2038.79220548979,99.0,74.1378983814469,0.8,2036.7828957627487,191.76665302988144,164.63000154982458,3.183503004716266,274.39872642001325
S-Vw2,2000.0,21454,22534,2202.2312875688112,108.0,73.40770958562705,0.8,2196.603617174652,333.9925328804968,77.38962525264118,3.5874563198869254,378.5518165622488
S-Vw2,2000.0,21632,22712,2177.9059082581516,108.0,72.59686360860506,0.8,2166.5844394165265,643.8317196558047,121.10801431011544,1.6700395887406683,530.5084563593201
S-Vw2,2000.0,21722,22802,2129.958273555105,108.0,70.9986091185035,0.8,2103.570175380649,657.0270755286117,190.1182350806268,0.5807345197691137,570.6624938694054
S-Vw2,2000.0,21812,22982,2076.412302678771,117.0,63.889609313192956,0.8477136210148748,2024.3157761682685,1321.1315636936974,119.20664208493346,0.804729603488404,413.2599551075385
S-Vw2,2000.0,21992,23254,2080.775449528257,126.19999999999982,59.356510446131026,0.8911091208829918,1895.9966919627877,1177.9049352214224,144.83442398267988,15.346747106217617,331.71509903590277
S-Vw2,2000.0,22084,23433,2090.7908219104575,134.9000000000001,55.79575210435613,0.9525329906067856,1841.8394108993405,1028.921576364722,166.2253894502554,15.052330349698607,256.87924473023315
S-Vw2,2000.0,22084,23433,2090.7908219104575,134.9000000000001,55.79575210435613,0.9525329906067856,1841.8394108993405,1028.921576364722,166.2253894502554,15.052330349698607,256.87924473023315
S-Vw2,2000.0,22352,23612,2070.760169627545,126.0,59.16457627507272,0.8782664645262804,1800.8833529995184,256.3053260063141,345.9338222994199,8.822869930987624,554.3886358152284
S-Vw2,2000.0,22534,23792,2239.846431790327,125.80000000000018,64.0973541688805,1.0400980872324914,1932.1765183284308,1224.7747700728287,489.96992835050645,10.361080977745402,420.22114119896986
S-Vw2,2000.0,22534,23792,2239.846431790327,125.80000000000018,64.0973541688805,1.0400980872324914,1932.1765183284308,1224.7747700728287,489.96992835050645,10.361080977745402,420.22114119896986
S-Vw2,2000.0,22712,23792,2059.4112310251658,108.0,68.64704103417219,1.0128332022475057,1758.7088522022443,864.0801673205392,519.4470073600402,13.558392200868456,499.8612739860273
S-Vw2,2000.0,22982,24062,2230.1029973388722,108.0,74.33676657796241,1.0590068552458665,1999.6129102386376,1659.9110204784884,540.7676670563046,14.978914636828812,441.9961463421735
S-Vw2,2000.0,23072,24062,2084.6299454749023,99.0,75.80472528999645,1.0826072461881395,1929.6813250510131,1859.7601582061038,502.1965752552684,13.931398056553167,372.64397094679805
S-Vw2,2000.0,23254,24152,2033.690184766332,89.80000000000018,81.52878246279266,1.08708451757434,2024.828687475531,1296.4672950347015,527.6785912949939,1.6244938236820372,396.46209168523876
S-Vw2,2000.0,23433,24334,2408.9797632358313,90.09999999999991,96.2522435921088,1.239481719550055,2399.591169464065,2329.8992862887717,859.4285134871207,1.6382105383322576,488.94511895036186
S-Vw2,2000.0,23612,24334,2175.841195232111,72.19999999999982,108.49069671517479,1.2138045687749752,2169.402321927909,2501.314695611091,915.0044341528462,2.0012793862465434,646.0414736957698
S-Vw2,2000.0,23702,24424,2169.1403699677685,72.19999999999982,108.15658354409953,1.169172910053544,2161.1497637014263,2676.4304509964004,875.6502547535174,3.8601950931518325,657.314368791023
S-Vw2,2000.0,23792,24604,2213.473457822991,81.19999999999982,98.13429123353184,1.25,2202.3476528351475,1770.447756298592,674.3774596436048,2.814170415627708,289.9772484173892
S-Vw2,2000.0,23792,24604,2213.473457822991,81.19999999999982,98.13429123353184,1.25,2202.3476528351475,1770.447756298592,674.3774596436048,2.814170415627708,289.9772484173892
S-Vw2,2000.0,23972,24782,2228.505303670223,81.0,99.04468016312103,1.233013220688824,2217.028696440285,840.4514167939134,568.9597864829807,2.74136621712253,182.3993568535844
S-Vw2,2000.0,24062,24872,2246.528985508332,81.0,99.8457326892592,1.25,2236.2676138913216,1308.4677698317828,508.41444255314593,2.763404067198949,74.05837972398197
S-Vw2,2000.0,24152,24872,2023.5013127302882,72.0,101.1750656365144,1.25,2016.4757960892318,1428.550127709177,429.447460966299,2.711880788860342,31.186891648196983
S-Vw2,2000.0,24242,24962,2041.786712476336,72.0,102.08933562381681,1.25,2036.8584808106207,1667.3411606946995,359.6061565980609,2.5541630819868955,60.61786031601522
S-Vw2,2000.0,24334,25144,2334.85353655363,81.0,103.77126829127245,1.25,2332.4645043686373,485.0219572234462,356.421165041102,8.838222520182468,138.8849050420173
S-Vw2,2000.0,24334,25144,2334.85353655363,81.0,103.77126829127245,1.25,2332.4645043686373,485.0219572234462,356.421165041102,8.838222520182468,138.8849050420173
S-Vw2,2000.0,24424,25144,2091.091176546681,72.0,104.55455882733403,1.25,2089.171816349062,648.5348928245746,294.07338653076306,3.616954246733715,155.30472742649184
S-Vw2,2000.0,24513,25322,2096.4569343085022,80.90000000000009,93.29103786786898,1.25,2093.116267701755,233.33419882484384,60.01974247728423,2.774372074379032,445.74337623618317
S-Vw2,2000.0,24604,25412,2084.1164033966343,80.80000000000018,92.85667143846369,1.25,2078.8784088258026,868.8491038693315,45.324856348014805,3.379408902603666,454.4482326555009
S-Vw2,2000.0,24782,25502,2079.0820758425325,72.0,103.95410379212663,1.25,2073.7661804124887,791.4918465921801,267.1326630045924,2.809128439489229,186.2840098246443
S-Vw2,2000.0,24872,25592,2088.307019611071,72.0,104.41535098055357,1.25,2084.7865546062,905.0176726888601,281.3057872326549,2.3939348016337765,170.38725616077315
S-Vw2,2000.0,24962,25682,2126.7156139830404,72.0,106.33578069915202,1.2498043934619278,2124.793458436686,499.82334266107364,333.2484821954882,3.896989248105401,115.03664758822133
S-Vw2,2000.0,25052,25772,2163.60928274833,72.0,108.1804641374165,1.25,2162.418422422952,696.1564790202398,371.70857959837815,2.3727124635936234,76.31135607577313
S-Vw2,2000.0,25144,25864,2132.5992292776864,72.0,106.62996146388431,1.25,2130.993413395585,596.0377866012327,344.74395878074625,1.6469604297003073,102.2922766060079
S-Vw2,2000.0,25144,25864,2132.5992292776864,72.0,106.62996146388431,1.25,2130.993413395585,596.0377866012327,344.74395878074625,1.6469604297003073,102.2922766060079
S-Vw2,2000.0,25322,26043,2384.4752901597894,72.09999999999991,119.05840561130725,1.2258930022054626,2382.646054108938,886.901389060333,586.2426890612642,2.59861194265258,180.2449374968773
S-Vw2,2000.0,25412,26043,2129.77833635515,63.09999999999991,121.50874819141917,1.206092835636232,2128.6556114424884,576.517752574509,551.0910589263053,2.471209851853945,225.81759121833426
S-Vw2,2000.0,25502,26223,2371.196536778465,72.09999999999991,118.3953887989249,1.12956129764587,2370.6048447236262,635.5040503815748,543.4475470488668,0.32426549265659593,306.6265362836519
S-Vw2,2000.0,25592,26223,2100.540724580169,63.09999999999991,119.8406752533854,1.088052098263511,2100.343896914495,547.2821071859479,501.0258349081697,0.8320227159933354,360.25548894530806
S-Vw2,2000.0,25682,26404,2324.9064602530634,72.19999999999982,115.92331380763225,1.0850013680484427,2324.8744396922784,526.4966485830384,470.97690704701205,1.868284766303469,313.43610339202894
S-Vw2,2000.0,25772,26404,2045.9039377255758,63.19999999999982,116.53883189576099,1.0829879249710428,2045.8730114273976,532.0263189742975,421.0415383010843,1.958438972406794,286.1280656505102
S-Vw2,2000.0,25864,26674,2315.9857214652075,81.0,102.932698731787,1.2240042296029559,2306.3073914760985,582.9907353409593,192.3105514885312,2.1516623528336405,283.1873541324994
S-Vw2,2000.0,25864,26674,2315.9857214652075,81.0,102.932698731787,1.2240042296029559,2306.3073914760985,582.9907353409593,192.3105514885312,2.1516623528336405,283.1873541324994
S-Vw2,2000.0,25864,26674,2315.9857214652075,81.0,102.932698731787,1.2240042296029559,2306.3073914760985,582.9907353409593,192.3105514885312,2.1516623528336405,283.1873541324994
S-Vw2,2000.0,26043,26852,2063.0859136258296,80.90000000000009,91.8060480723483,1.25,2036.7887826877086,224.50371887591533,78.84094472569235,1.5486929949109305,459.0749570363372
S-Vw2,2000.0,26043,26852,2063.0859136258296,80.90000000000009,91.8060480723483,1.25,2036.7887826877086,224.50371887591533,78.84094472569235,1.5486929949109305,459.0749570363372
S-Vw2,2000.0,26223,27031,2076.90964129263,80.80000000000018,92.5355780773942,1.25,2041.5423055514068,837.4633025889087,16.11536884427588,2.8976396464951613,458.26071848574026
S-Vw2,2000.0,26223,27031,2076.90964129263,80.80000000000018,92.5355780773942,1.25,2041.5423055514068,837.4633025889087,16.11536884427588,2.8976396464951613,458.26071848574026
S-Vw2,2000.0,26404,27211,2072.0627202679752,80.70000000000027,92.43402469596884,1.2041260112878542,2045.708365335393,1263.858241670974,9.331544395843501,3.6492041924628364,412.78323458322325
S-Vw2,2000.0,26404,27211,2072.0627202679752,80.70000000000027,92.43402469596884,1.2041260112878542,2045.708365335393,1263.858241670974,9.331544395843501,3.6492041924628364,412.78323458322325
S-Vw2,2000.0,26582,27302,2060.5790742632307,72.0,103.02895371316154,1.1361799936271348,2026.248592933911,1507.211130990423,239.86699535728974,4.051789216367125,8.931353108613386
S-Vw2,2000.0,26674,27482,2073.5432309398384,80.80000000000018,92.38558949731933,1.2104022902290992,2007.5901877785388,2026.692769101807,44.09283002158022,2.756283440931989,383.465924895258
S-Vw2,2000.0,26674,27482,2073.5432309398384,80.80000000000018,92.38558949731933,1.2104022902290992,2007.5901877785388,2026.692769101807,44.09283002158022,2.756283440931989,383.465924895258
S-Vw2,2000.0,26852,27572,2084.741038600878,72.0,104.23705193004389,1.1155088167057436,2024.94891157173,1992.0109391315536,301.03966852288033,3.299813184815786,94.73699214127824
S-Vw2,2000.0,26942,27662,2079.861028626212,72.0,103.99305143131059,1.1131146832829066,2040.4406092683005,1521.255444492431,302.01576853982965,2.735176292689127,100.72158759557402
S-Vw2,2000.0,27031,27751,2071.680690085843,72.0,103.58403450429213,1.0634821160228454,2049.484889291235,390.25398842727185,295.6141387916018,2.5420254919320597,182.76921609664288
S-Vw2,2000.0,27122,27842,2072.7418397977526,72.0,103.63709198988764,1.0832165092435246,2061.213602928859,470.1040925061065,293.49081678827923,3.1460309020974195,145.35385885610634
S-Vw2,2000.0,27211,27932,2060.443286825255,72.09999999999991,102.87927645729442,1.054243166235985,2054.5067262822786,454.0632116290101,293.32431352888034,2.817986571435433,197.477434691152
S-Vw2,2000.0,27302,28022,2038.7067715217127,72.0,101.93533857608563,1.0794297116976093,2033.4867909910683,1056.6742244187362,296.18687809860995,3.3248381982411703,157.74934379710578
S-Vw2,2000.0,27392,28112,2025.3379349959723,72.0,101.26689674979862,1.0594558091123685,2020.404528259228,827.380512901741,304.32918534082097,6.69876518621627,202.07109317284105
S-Vw2,2000.0,27482,28202,2005.1311330020108,72.0,100.25655665010055,1.0961947698266605,2001.4264672002582,575.7120389134085,299.1912723603932,3.075670572584402,134.98161118652874
S-Vw2,2000.0,27572,28292,2003.985929133465,72.0,100.19929645667327,1.0843007577732895,2001.401858395377,1336.0202248275948,289.44008731972485,3.492265414001068,144.84990540296374
S-Vw2,2000.0,27662,28384,2272.15832113137,72.19999999999982,113.29321268799104,1.1215943731143514,2270.5652062182567,1434.539325268796,536.8739927615441,1.6537864928523172,325.90395587939287
S-Vw2,2000.0,27751,28384,2020.5103094540536,63.29999999999973,114.91053892629739,1.1575479491072338,2019.8001291671671,850.2751570797973,492.26736480572873,1.6263649615741922,251.4869437378394
S-Vw2,2000.0,27842,28561,2023.4789820877631,71.90000000000009,101.31466391538162,1.103883476235423,2023.150391936524,348.3182175316663,269.5117499772658,3.0563730900248127,87.26825247582312
S-Vw2,2000.0,27932,28653,2033.4499229573776,72.09999999999991,101.53148020314242,1.1325719915812131,2033.0815727190018,833.8714660607168,255.3542611436091,5.38118794395984,20.317267889315247
S-Vw2,2000.0,28022,28742,2040.923517047624,72.0,102.0461758523812,1.164349106503649,2040.187980894991,839.943850773085,247.22080350825084,3.9376998958328753,47.83466239835644
S-Vw2,2000.0,28112,28833,2243.382553213334,72.09999999999991,112.01355328110975,1.1651246061866698,2240.534838839715,1658.7500632382025,431.52028155032104,3.4092783316204986,132.26942653663804
S-Vw2,2000.0,28202,28923,2217.959885037053,72.09999999999991,110.74418288673233,1.159745065681841,2214.3388529729673,1532.3439214037342,392.5610217056578,2.096499049528403,100.77609500935186
S-Vw2,2000.0,28292,29102,2208.4677791716967,81.0,98.15412351874208,1.163105135106897,2202.8435114250024,2269.752126597224,142.92247990140828,2.1810661209901268,194.21950823534561
S-Vw2,2000.0,28384,29282,2210.3573953164596,89.80000000000018,88.61120961179553,1.25,2201.9813100819392,2763.37006403122,87.83731395035608,2.7604675839243464,460.97550449189066
S-Vw2,2000.0,28384,29282,2210.3573953164596,89.80000000000018,88.61120961179553,1.25,2201.9813100819392,2763.37006403122,87.83731395035608,2.7604675839243464,460.97550449189066
S-Vw2,2000.0,28561,29372,2220.1752415915835,81.09999999999991,98.55278507681517,1.170021305053428,2211.26221808919,1461.907922014093,143.17773570374732,0.4537604728957811,209.87868274523788
S-Vw2,2000.0,28653,29463,2479.607394318904,81.0,110.20477308084017,1.1597927045387237,2470.426301192951,550.6738044934903,408.25144207088925,0.640820119976327,77.24160237319187
S-Vw2,2000.0,28742,29463,2231.53003398703,72.09999999999991,111.42174926981023,1.148845811385168,2225.4005387788534,435.8287839342454,387.5478215769793,0.6232221721027483,113.07696903935087
S-Vw2,2000.0,28833,29642,2042.2406898366098,80.90000000000009,90.87844849705546,1.2078010220830933,2039.3698618938554,583.1798594172699,45.738341225027824,1.2961725967999636,444.6624270489814
S-Vw2,2000.0,28833,29642,2042.2406898366098,80.90000000000009,90.87844849705546,1.2078010220830933,2039.3698618938554,583.1798594172699,45.738341225027824,1.2961725967999636,444.6624270489814
S-Vw2,2000.0,28923,29734,2353.7520192102456,81.09999999999991,104.4822104704919,1.1888285135252747,2352.3584102723767,761.664183356388,257.10332359113056,4.025542681932064,138.76902571434746
S-Vw2,2000.0,29102,29734,2095.022962255367,63.19999999999982,119.33675101454658,1.1018717583041526,2094.516176092856,886.9962536624282,462.8988309350589,4.009318317560997,296.5618082156905
S-Vw2,2000.0,29192,29913,2096.5721886854953,72.09999999999991,104.68321607861016,1.1020950570331003,2096.4587156049497,483.7761163047707,260.1987947468719,5.413344307668496,72.81834603809075
S-Vw2,2000.0,29282,30004,2363.675666950585,72.19999999999982,117.85640444628984,1.0999562431466934,2363.6445369707003,1307.4405183091058,534.7652756558043,5.656464793399634,352.0611749424809
S-Vw2,2000.0,29372,30004,2100.2305833249557,63.19999999999982,119.63338765775099,1.0976700381452171,2100.2089611324577,1477.5872071385697,503.0271828723775,5.589202233781323,347.0049190110699
S-Vw2,2000.0,29463,30272,2119.116093963399,80.90000000000009,94.29935646808688,1.173696248312212,2119.0472963214006,379.46675746198906,90.29982965575896,1.7584103695092455,262.26829544714013
S-Vw2,2000.0,29463,30272,2119.116093963399,80.90000000000009,94.29935646808688,1.173696248312212,2119.0472963214006,379.46675746198906,90.29982965575896,1.7584103695092455,262.26829544714013
S-Vw2,2000.0,29642,30362,2128.7461455499288,72.0,106.43730727749644,1.0522902842051718,2128.0787855082344,1295.797010504699,340.41361268470837,0.6789179656689951,246.9463103704896
S-Vw2,2000.0,29734,30542,2131.1574454164584,80.80000000000018,94.95255944924793,1.1684890097111502,2126.0107778481774,466.1092198131375,129.5016588621224,3.127543868717555,207.8809027825603
S-Vw2,2000.0,29734,30542,2131.1574454164584,80.80000000000018,94.95255944924793,1.1684890097111502,2126.0107778481774,466.1092198131375,129.5016588621224,3.127543868717555,207.8809027825603
S-Vw2,2000.0,29913,30632,2120.0532065586376,71.90000000000009,106.15009100988993,1.1037564376936635,2111.348334118163,485.7073840198017,323.46440173547,1.1423499217907596,137.08363921542607
S-Vw2,2000.0,30004,30724,2102.1922380661126,72.0,105.10961190330563,1.1530350852825528,2090.6071594701248,314.65402696032714,282.29502533395043,1.1229546417866811,3.9897706826768697
S-Vw2,2000.0,30004,30724,2102.1922380661126,72.0,105.10961190330563,1.1530350852825528,2090.6071594701248,314.65402696032714,282.29502533395043,1.1229546417866811,3.9897706826768697
S-Vw2,2000.0,30004,30724,2102.1922380661126,72.0,105.10961190330563,1.1530350852825528,2090.6071594701248,314.65402696032714,282.29502533395043,1.1229546417866811,3.9897706826768697
S-Vw2,2000.0,30182,30902,2080.660068627796,72.0,104.0330034313898,1.1226443503289163,2071.270974574929,782.2752382222064,210.46293590039318,1.6648783154047935,18.815786260140996
S-Vw2,2000.0,30272,30992,2054.6689242111024,72.0,102.73344621055512,1.1558698302754729,2049.085186825826,228.3561100076653,172.45515825962275,1.2701358566000822,120.86559975720516
S-Vw2,2000.0,30362,31082,2013.8415134515963,72.0,100.69207567257982,1.1614902886827476,2011.2095967294576,554.6499741139793,126.56895839636861,0.8304851698527963,178.1057493096503
S-Vw2,2000.0,30452,31264,2425.6733818062494,81.19999999999982,107.5421696367305,1.1666501129843383,2419.2369458380253,530.6937927566175,294.68087281869504,0.7827161855160285,60.46599953016222
S-Vw2,2000.0,30542,31264,2161.1048952160418,72.19999999999982,107.7559227531547,1.1687722894983499,2154.7070756510107,1452.3672297710038,253.44229812883466,2.0527136715422163,68.40023678085338
S-Vw2,2000.0,30632,31442,2123.0524055116985,81.0,94.35788468940882,1.1122827525896097,2113.9135097139306,183.31523387836367,29.59923696859968,1.9386710715080764,205.55188332922995
S-Vw2,2000.0,30724,31624,2269.9601879066468,90.0,90.79840751626587,1.2238138432124623,2262.6973141515637,656.8930044743257,19.367490154887687,5.815659158158296,426.28703698449
S-Vw2,2000.0,30724,31624,2269.9601879066468,90.0,90.79840751626587,1.2238138432124623,2262.6973141515637,656.8930044743257,19.367490154887687,5.815659158158296,426.28703698449
S-Vw2,2000.0,30902,31624,2023.1937218353269,72.19999999999982,100.8794653546703,1.0931836770577235,2018.4870172897988,299.66326795256265,227.68494525348248,5.2794783252297375,60.51873094925416
S-Vw2,2000.0,30992,31804,2232.185459556473,81.19999999999982,98.96388736949902,1.1038418159414665,2227.3941652961707,287.5560173260433,205.83095387826236,6.68037071911435,8.208635168890531
S-Vw2,2000.0,31082,31804,2002.1161115699651,72.19999999999982,99.82850417800405,1.117133357365693,1998.0213599097635,417.4842260748729,207.3767779207193,4.838893965027073,5.604637082976005
S-Vw2,2000.0,31172,32072,2207.337037017285,90.0,88.29348148069141,1.0455528692483669,2196.593732550073,1421.0915206994443,9.354865041486976,3.924611503483165,109.91192025053194
S-Vw2,2000.0,31264,32253,2188.9950743549416,98.90000000000009,79.68030604325362,1.1272237883556093,2169.377425711559,1674.6821335045456,229.80795649819197,3.3252066391846458,452.99067809444045
S-Vw2,2000.0,31264,32253,2188.9950743549416,98.90000000000009,79.68030604325362,1.1272237883556093,2169.377425711559,1674.6821335045456,229.80795649819197,3.3252066391846458,452.99067809444045
S-Vw2,2000.0,31532,32343,2148.421001904084,81.09999999999991,95.36764003519988,1.053708958405943,2130.6997951748835,1149.513036618785,130.9580787820407,2.6684769007452473,22.458932518378376
S-Vw2,2000.0,31624,32612,2098.970624300484,98.80000000000018,76.48071100690008,1.1094046423018329,2086.661716113555,1389.6989736715284,311.1855110386528,1.9471776175362379,457.8319753332629
S-Vw2,2000.0,31624,32612,2098.970624300484,98.80000000000018,76.48071100690008,1.1094046423018329,2086.661716113555,1389.6989736715284,311.1855110386528,1.9471776175362379,457.8319753332629
S-Vw2,2000.0,31804,32704,2038.560417358196,90.0,81.54241669432784,1.0766837771201747,2033.1649621082533,1814.3371581724543,108.94804513705621,5.711810938913318,273.671745525018
S-Vw2,2000.0,31804,32704,2038.560417358196,90.0,81.54241669432784,1.0766837771201747,2033.1649621082533,1814.3371581724543,108.94804513705621,5.711810938913318,273.671745525018
S-Vw2,2000.0,31982,32794,2016.8700144546237,81.19999999999982,89.4178824142446,0.9643974069980873,2014.2499412979416,744.9250987468612,96.81603104520146,4.158106439422664,165.19175848490323
S-Vw2,2000.0,32072,32973,2176.218239812777,90.09999999999991,86.95211613014435,0.9944673422839833,2174.455995155501,243.90935845516273,34.70488936950586,1.9946813001547774,46.54724790854074
S-Vw2,2000.0,32253,33242,2132.9545179126944,98.90000000000009,77.64040712321227,0.9949710257449225,2130.836481702089,175.09170821074636,207.52539896194813,2.6715104334109454,195.7592782361894
S-Vw2,2000.0,32343,33422,2141.505043272082,107.90000000000009,71.44965853363752,1.051999611079974,2139.1801894795185,431.1733535826092,408.70425418796435,5.710827435848522,465.7882190350369
S-Vw2,2000.0,32343,33422,2141.505043272082,107.90000000000009,71.44965853363752,1.051999611079974,2139.1801894795185,431.1733535826092,408.70425418796435,5.710827435848522,465.7882190350369
S-Vw2,2000.0,32434,33512,2144.441632510301,107.80000000000018,71.61400628049232,0.9977598765959443,2142.319312340213,589.5672052853337,423.861252391018,6.49112942360852,418.1089993001041
S-Vw2,2000.0,32704,33694,2140.017321599371,99.0,77.81881169452258,1.0283762004271977,2139.6448124556446,248.2820480891978,269.22970554845244,7.55353507864883,337.55441599362615
S-Vw2,2000.0,32704,33694,2140.017321599371,99.0,77.81881169452258,1.0283762004271977,2139.6448124556446,248.2820480891978,269.22970554845244,7.55353507864883,337.55441599362615
S-Vw2,2000.0,32794,33784,2143.01794104102,99.0,77.92792512876437,0.9706338946998622,2142.9646183713535,334.4349118747571,258.1400985514485,10.86007099830172,187.7197030658884
S-Vw2,2000.0,32883,33874,2148.049732228814,99.09999999999991,78.03207907188433,0.9924963508361305,2148.0162322848455,469.00116961707784,240.56151615854958,7.076411712098035,222.63581901426127
S-Vw2,2000.0,33151,34053,2153.614069921525,90.19999999999982,85.95355489708986,0.9329713593604761,2153.591401453915,974.9160211159351,5.211726323869583,5.5692759987350415,144.24630216840131
S-Vw2,2000.0,33242,34232,2148.1189982141295,99.0,78.11341811687744,0.928088118511636,2148.0904065644763,807.306863109571,211.78123278217643,6.816067673995468,42.26728278180451
S-Vw2,2000.0,33332,34322,2148.1694193553776,99.0,78.11525161292282,0.9219585487735577,2148.02726640788,778.3797260891699,200.8146442670634,8.074883395500702,18.515035001831848
S-Vw2,2000.0,33512,34502,2115.769087651075,99.0,76.93705773276638,0.8670182249124377,2115.254309023767,919.6913504810191,163.44579455913814,13.193462584066413,141.5005019751248
S-Vw2,2000.0,33603,34683,2112.394483756463,108.0,70.41314945854877,0.9070942851982503,2110.7440768121623,1119.7649264461681,360.1470517151281,8.407397885041695,130.0874189415998
S-Vw2,2000.0,33603,34683,2112.394483756463,108.0,70.41314945854877,0.9070942851982503,2110.7440768121623,1119.7649264461681,360.1470517151281,8.407397885041695,130.0874189415998
S-Vw2,2000.0,33694,34772,2110.329216654929,107.80000000000018,70.47481614060976,0.9428758635712459,2107.81937975589,940.6166123847227,353.28548472645963,5.285226342031956,212.2703255592019
S-Vw2,2000.0,33874,34952,2111.316227458621,107.80000000000018,70.507777540362,0.9213444940689725,2107.0984663073264,1459.70622709433,396.21180732739833,8.869571132133908,198.77483920274028
S-Vw2,2000.0,34053,35132,2098.823374362546,107.90000000000009,70.02561768030732,0.9039160930446256,2094.1888520471416,1067.9930919951216,436.41211419891243,6.56855923984878,192.5583910399018
S-Vw2,2000.0,34053,35132,2098.823374362546,107.90000000000009,70.02561768030732,0.9039160930446256,2094.1888520471416,1067.9930919951216,436.41211419891243,6.56855923984878,192.5583910399018
S-Vw2,2000.0,34322,35312,2079.6695229200486,99.0,75.62434628800177,0.919390281529623,2075.0458634037636,342.9920507091072,281.40287290390273,8.211286503191944,90.94321717083407
S-Vw2,2000.0,34412,35402,2087.0651572127827,99.0,75.89327844410118,0.9194892582171226,2082.597401581995,350.74931080346,305.65428351967773,7.69454620352915,112.69978458944624
S-Vw2,2000.0,34502,35492,2093.0383826764446,99.0,76.1104866427798,0.9201058086464495,2088.874991328694,273.09979731225445,332.9625344265944,6.619939101966755,138.8581940808128
S-Vw2,2000.0,34683,35672,2096.5841214319225,98.90000000000009,76.31650998134393,0.9228207083196999,2092.8438325284947,577.5499305461967,358.4558142553692,4.706179823106264,168.8489948769066
S-Vw2,2000.0,34772,35764,2307.197810932361,99.19999999999982,83.7289528160939,0.8771299169909121,2303.3873861586003,1225.8896656611644,165.7791930127743,5.137570508168257,138.47276100816882
S-Vw2,2000.0,34861,35764,2116.3757108130085,90.29999999999973,84.37378249088431,0.8561958912046506,2113.5747096991704,1278.9097116903363,136.03593381140084,4.87395403604757,188.192147792235
S-Vw2,2000.0,34952,35942,2108.4771973746465,99.0,76.67189808635078,0.8539244465620892,2106.429470051235,1464.365261746011,370.75617576589065,2.6840478843173488,8.609565308179397
S-Vw2,2000.0,35132,36034,2121.745938780943,90.19999999999982,84.68165609325288,0.8808128695201508,2120.788617958298,425.85688546717756,136.8377262087304,3.689321551265298,132.58408755013093
S-Vw2,2000.0,35222,36124,2133.168409509046,90.19999999999982,85.13754184293326,0.8529376612200039,2132.6526077159874,961.4393596488118,118.12397962435362,3.7166987248243,213.01111863390005
S-Vw2,2000.0,35312,36302,2139.406645892159,99.0,77.79660530516941,0.871075570787295,2139.1286827747585,266.8160939269106,305.71687397943236,4.620578202567067,10.640442544191508
S-Vw2,2000.0,35492,36394,2142.893239216646,90.19999999999982,85.52567251862463,0.8787364129879083,2142.6354201897893,235.3015634395473,75.3867021243332,0.5049089046493195,193.55001748018114
S-Vw2,2000.0,35582,36484,2151.763580181243,90.19999999999982,85.87969943073715,0.8705521384316401,2150.569285495377,493.5146277568507,53.703734351042726,1.3135237372686281,231.85660039833877
S-Vw2,2000.0,35672,36662,2155.452328026513,99.0,78.38008465550956,0.8640119687403738,2152.5811628489173,188.84972612793254,232.5308666102627,1.5390409359288664,92.27959753689852
S-Vw2,2000.0,35764,36842,2143.9053385883744,107.80000000000018,71.59609665044653,0.9216330265371817,2135.3206411370184,626.7635251390853,416.6959964439193,1.3641077660239422,216.1132623537655
S-Vw2,2000.0,35942,36932,2155.982981801266,99.0,78.39938115640967,0.8539462414461229,2145.1505988991994,1105.8075695677635,152.80638674902588,0.8081647081933343,184.47483696756927
S-Vw2,2000.0,36034,37114,2373.3462993921567,108.0,79.11154331307189,0.9197604924850188,2361.0698834520044,1914.3001467604945,147.6458927027591,2.1261002558683537,54.584210768758766
S-Vw2,2000.0,36034,37114,2373.3462993921567,108.0,79.11154331307189,0.9197604924850188,2361.0698834520044,1914.3001467604945,147.6458927027591,2.1261002558683537,54.584210768758766
S-Vw2,2000.0,36302,37294,2383.6032105669874,99.19999999999982,86.50172941573761,0.8705080682899605,2375.9764841891447,484.1332225219392,53.799472442256835,1.878810875344319,355.41774040215165
S-Vw2,2000.0,36394,37383,2193.857100002555,98.90000000000009,79.85728574326785,0.9377278063201098,2191.6349927972337,257.6011074575102,120.92999640104867,2.2142606458946466,23.303097902176564
S-Vw2,2000.0,36394,37383,2193.857100002555,98.90000000000009,79.85728574326785,0.9377278063201098,2191.6349927972337,257.6011074575102,120.92999640104867,2.2142606458946466,23.303097902176564
S-Vw2,2000.0,36662,37653,2417.036436214752,99.09999999999991,87.80354359609602,0.8954257153627864,2416.945590773057,514.6623206497754,93.1300878633577,1.8589973391871053,336.22723709199886
S-Vw2,2000.0,36752,37653,2225.918916285329,90.09999999999991,88.93793672172245,0.9010178169550387,2225.9119955151377,843.2768007419902,103.72266070428873,2.0742805602783965,313.6943668048471
S-Vw2,2000.0,36842,37653,2030.801588393413,81.09999999999991,90.14655632819107,0.9080624556213637,2030.7946736197232,319.36602602604404,114.97216841538743,2.1419153198995655,291.15369337707176
S-Vw2,2000.0,36932,37832,2035.9981235557934,90.0,81.43992494223174,0.8744145849592277,2035.9736591615242,131.53677867355444,126.24709839883164,1.7282031721222215,145.24729717871622
S-Vw2,2000.0,37114,38102,2031.9206350410095,98.80000000000018,74.0375939893484,1.004072171978596,2029.527289305524,576.5395115110564,356.4054757740275,3.6361550006392007,366.1262197511911
S-Vw2,2000.0,37114,38102,2031.9206350410095,98.80000000000018,74.0375939893484,1.004072171978596,2029.527289305524,576.5395115110564,356.4054757740275,3.6361550006392007,366.1262197511911
S-Vw2,2000.0,37294,38283,2221.546497347299,98.90000000000009,80.8651910055639,0.9401681648401712,2216.7680662631515,348.0377526291053,184.70905953854083,4.433463618423354,40.985531188144954
S-Vw2,2000.0,37294,38283,2221.546497347299,98.90000000000009,80.8651910055639,0.9401681648401712,2216.7680662631515,348.0377526291053,184.70905953854083,4.433463618423354,40.985531188144954
S-Vw2,2000.0,37562,38462,2022.1105753228185,90.0,80.88442301291275,0.9036537514894823,2017.867987647731,183.91130755006517,203.4493666276753,4.088715408930299,11.75230238456924
S-Vw2,2000.0,37653,38732,2182.3406825194106,107.90000000000009,72.81210803586536,0.9576584970310391,2179.8530006750752,481.94228957629815,472.90386268407264,2.3820581797237907,390.99392799767054
S-Vw2,2000.0,37653,38732,2182.3406825194106,107.90000000000009,72.81210803586536,0.9576584970310391,2179.8530006750752,481.94228957629815,472.90386268407264,2.3820581797237907,390.99392799767054
S-Vw2,2000.0,37832,38822,2175.1525511450454,99.0,79.09645640527438,0.9483919216027364,2174.019746933837,263.46079986289936,281.04660524603395,2.950304072236635,154.33278145406956
S-Vw2,2000.0,37922,38912,2173.661076030199,99.0,79.0422209465527,0.9470245480654768,2173.3403693491446,794.4865010608318,279.66402508187946,2.6974429925879613,149.74733782392542
S-Vw2,2000.0,38102,39092,2175.177085837873,99.0,79.09734857592267,0.937410835854503,2175.051833621263,968.1150076420444,271.26264551101735,1.7751217815130995,118.14413049084739
S-Vw2,2000.0,38192,39184,2385.148830077116,99.19999999999982,86.55782044634712,0.9303727342763705,2382.457815361334,418.55721583820997,50.338659594969684,1.9479962986070505,119.34762767729681
S-Vw2,2000.0,38283,39361,2207.421719440841,107.80000000000018,73.71723738392407,0.9470383322847211,2201.3979686069733,1019.5275246715338,410.8113858745318,1.755356725248613,272.1254418971731
S-Vw2,2000.0,38283,39361,2207.421719440841,107.80000000000018,73.71723738392407,0.9470383322847211,2201.3979686069733,1019.5275246715338,410.8113858745318,1.755356725248613,272.1254418971731
S-Vw2,2000.0,38552,39452,2035.5453224424127,90.0,81.42181289769651,0.8470229261100359,2025.082734873976,1626.749019291737,136.24421500629032,2.5077752112029548,196.108105788618
S-Vw2,2000.0,38642,39542,2045.6530510048615,90.0,81.82612204019446,0.8834495045712408,2030.177616737913,1653.9103589620113,113.89611057418492,3.1874709204878338,137.9090371950451
S-Vw2,2000.0,38732,39632,2032.2925907152676,90.0,81.2917036286107,0.8978669899034138,2012.831220257801,1397.0066681854187,116.89511590464008,2.0612734385829645,102.7859555398575
S-Vw2,2000.0,38912,39812,2001.903568574984,90.0,80.07614274299937,0.8704332185657199,1979.9321766136545,1517.2042001181142,146.96632117194522,2.6844364161077263,131.67264742423544
S-Vw2,2000.0,39002,39903,2203.8600307814486,90.09999999999991,88.05656060835986,0.8918824662528274,2183.707265100374,1879.6047437453815,65.5712562016496,1.7810059004707863,296.79851127081355
S-Vw2,2000.0,39092,40082,2204.3996344657207,99.0,80.1599867078444,0.8932172905030261,2191.300981620945,1306.6839831261464,110.58661046834158,1.479010218041906,136.60858535742506
S-Vw2,2000.0,39184,40174,2221.3366900620895,99.0,80.77587963862143,0.9637308753670005,2210.7432206256085,535.1285710235711,88.74110534559941,1.73775403829643,5.232274078460257
S-Vw2,2000.0,39361,40174,2004.0204531674099,81.29999999999973,88.73891305538376,0.9134532618010213,1994.6995191950205,173.93272309166838,104.80472259944675,1.8125066475524392,269.0103085672049
S-Vw2,2000.0,39452,40352,2002.8020084130985,90.0,80.11208033652395,0.8786834779822754,1988.4567837634286,763.8966928222865,97.732607764825,2.4935180367493293,157.25100392463668
S-Vw2,2000.0,39542,40443,2008.5167190972716,90.09999999999991,80.25150043007974,0.9056101134980774,1990.2700919821075,81.87082036530778,89.93780153382868,3.2330569020199644,108.29149994785075
S-Vw2,2000.0,39632,40532,2037.822091770955,90.0,81.5128836708382,0.9223162027978803,2017.3487969634398,43.61448240681722,50.692279711653065,1.5140548393645132,111.52488189972435
S-Vw2,2000.0,39812,40623,2096.647425386007,81.09999999999991,93.0694294869252,0.9236895535680063,2078.7690794878677,1286.4448359146415,237.03670436492362,1.2698840702779723,378.93868078328944
S-Vw2,2000.0,39903,40893,2135.8876487935486,99.0,77.66864177431086,1.0011763184700997,2129.026752781512,499.07449527900445,149.93319387256716,0.9366456649446973,152.62170157226188
S-Vw2,2000.0,39903,40893,2135.8876487935486,99.0,77.66864177431086,1.0011763184700997,2129.026752781512,499.07449527900445,149.93319387256716,0.9366456649446973,152.62170157226188
S-Vw2,2000.0,40082,40983,2366.5625696717325,90.09999999999991,94.5574389657963,0.9476181668905717,2364.7116151280507,555.7228355516497,255.37655373478492,4.265922171970865,365.93057270396866
S-Vw2,2000.0,40174,41073,2149.149759828986,89.90000000000009,86.06161440916955,1.030473489253954,2148.736867430307,454.4115766727661,37.732476592475834,5.48387942772784,27.54129186691146
S-Vw2,2000.0,40352,41163,2141.775773365953,81.09999999999991,95.07266071661454,0.9198491169096226,2141.4568634726575,487.0144356507052,240.02660544367998,6.13394083486309,392.3972930703462
S-Vw2,2000.0,40443,41253,2137.502714110684,81.0,95.00012062714151,0.9449378799794178,2137.3198413441805,817.1992299333947,238.1554738605529,6.400639467790995,342.7637688429052
S-Vw2,2000.0,40532,41343,2128.005743053189,81.09999999999991,94.46141399496287,0.9668271706664181,2127.621062599041,566.2514556644905,222.76998310574163,4.437500621702036,285.96182007099225
S-Vw2,2000.0,40623,41524,2096.9183502340456,90.10000000000036,83.7836410748339,1.0476057211318712,2095.2710620584844,932.5631974867243,32.334583758000115,2.832682752794839,133.564149321864
S-Vw2,2000.0,40623,41524,2096.9183502340456,90.10000000000036,83.7836410748339,1.0476057211318712,2095.2710620584844,932.5631974867243,32.334583758000115,2.832682752794839,133.564149321864
S-Vw2,2000.0,40802,41703,2092.9960812178615,90.09999999999991,83.62692444377701,0.9899672173250699,2090.881771549005,839.7975860677584,25.679980201295187,3.0908495896360737,5.1133382735719275
S-Vw2,2000.0,40983,41883,2056.7209134712466,90.0,82.26883653884987,1.0926611992134379,2054.750653651143,17.405800658679752,18.22307218173172,1.2746482483668389,210.46413265201468
S-Vw2,2000.0,40983,41883,2056.7209134712466,90.0,82.26883653884987,1.0926611992134379,2054.750653651143,17.405800658679752,18.22307218173172,1.2746482483668389,210.46413265201468
S-Vw2,2000.0,41073,41973,2077.95480295358,90.0,83.1181921181432,1.046617151856222,2076.2707922019945,534.4825149006169,16.166293425177997,0.3645393620402672,79.96162668813123
S-Vw2,2000.0,41163,42063,2057.0928907371563,90.0,82.28371562948625,1.068786583538204,2055.605456744021,578.0060798920024,1.497309977310055,1.523986184923049,141.1957921548143
S-Vw2,2000.0,41253,42243,2230.6441230965575,99.0,81.11433174896572,1.0875213031907542,2227.746304645689,1082.2589286555083,54.830058468630206,3.424219142842559,254.67025069786635
S-Vw2,2000.0,41433,42334,2023.5652492901281,90.10000000000036,80.85277355654198,1.0504230025355912,2020.3748670969103,876.4971476903557,54.179349784396905,2.4013439281977242,158.94589231491827
S-Vw2,2000.0,41524,42424,2005.0578684404172,90.0,80.20231473761669,1.0724867829519724,2001.3270454999872,1231.0863835026003,62.46509617938212,1.9928298048371986,212.3638759595532
S-Vw2,2000.0,41703,42603,2157.5186040328554,90.0,86.30074416131421,1.004165062975314,2152.810591739353,1712.581256534983,90.8148135714925,4.836652961313256,82.22415661422228
S-Vw2,2000.0,41793,42784,2155.2540727446467,99.10000000000036,78.29379073542583,1.0222979564440628,2152.1170277549177,1951.7971897610394,137.17426336229383,3.5872480113323197,188.27499114914207
S-Vw2,2000.0,41793,42784,2155.2540727446467,99.10000000000036,78.29379073542583,1.0222979564440628,2152.1170277549177,1951.7971897610394,137.17426336229383,3.5872480113323197,188.27499114914207
S-Vw2,2000.0,41973,42964,2102.5337744410353,99.10000000000036,76.37862349129868,1.083058243017873,2101.8832805476272,1434.6120285316763,229.76161836887368,1.5048682027050688,418.51769494945364
S-Vw2,2000.0,42063,43053,2105.7082181507576,99.0,76.57120793275482,1.0767466678082864,2105.2058317646247,1499.9865885553293,220.46152759434648,3.9412378811530964,398.91003371719415
S-Vw2,2000.0,42243,43233,2127.4280199796776,99.0,77.36101890835191,0.9789719907118986,2124.0386923850697,653.495976383021,155.67515291636465,2.7904958752104037,107.70046511960747
S-Vw2,2000.0,42243,43233,2127.4280199796776,99.0,77.36101890835191,0.9789719907118986,2124.0386923850697,653.495976383021,155.67515291636465,2.7904958752104037,107.70046511960747
S-Vw2,2000.0,42424,43503,2321.422186669486,107.89999999999964,77.45245479156793,0.9639319723311469,2314.4522168357703,522.0646536607537,159.1808085635988,0.40832067594985877,69.71218030584444
S-Vw2,2000.0,42514,43503,2147.723506720853,98.89999999999964,78.17800428913145,0.9569045407871166,2141.5139915393734,216.26437716839186,132.07967764871913,0.2631610617159533,33.83480448912892
S-Vw2,2000.0,42603,43594,2146.7936929658754,99.10000000000036,77.98645100582364,0.9605537160056841,2140.8225115690657,959.5893320445143,142.38103405516716,1.0246290476530373,52.07613765706695
S-Vw2,2000.0,42784,43773,2140.147850585461,98.89999999999964,77.9022473418371,1.007325013299625,2136.046897313716,931.4720987055165,115.9453661842091,0.9134414384670694,132.47355464752374
S-Vw2,2000.0,42964,43954,2116.552504468229,99.0,76.9655456170265,0.9594154565591564,2115.3778775658548,1617.701591143007,94.03102679306797,1.4228384051099054,4.476430831799028
S-Vw2,2000.0,42964,43954,2116.552504468229,99.0,76.9655456170265,0.9594154565591564,2115.3778775658548,1617.701591143007,94.03102679306797,1.4228384051099054,4.476430831799028
S-Vw2,2000.0,43144,44133,2103.3797976277565,98.89999999999964,76.56387534337665,0.9194052589482539,2101.893778186195,1765.011432247945,106.09718424027369,2.219787053127104,72.08423617768855
S-Vw2,2000.0,43233,44224,2113.8493934741855,99.10000000000036,76.78968533306801,0.9222188327795632,2109.9913996573123,1282.3904800737023,113.00236252026717,4.5605857147881546,60.453848795017095
S-Vw2,2000.0,43412,44403,2351.4245736445155,99.10000000000036,85.42006523834739,0.8852709544815969,2339.8055995536993,415.135052632645,104.60450608184767,5.556105752449169,362.40307861898316
S-Vw2,2000.0,43503,44493,2185.688780034092,99.0,79.47959200123971,0.9337194804932327,2172.9237801904314,589.7181100253132,66.78296384646154,4.889593196413591,82.8858614402913
S-Vw2,2000.0,43594,44674,2396.299272879827,108.0,79.87664242932757,0.9351427433837326,2381.9582406987606,371.65064184698235,75.68708612025861,2.7396783200414645,84.74632984514396
S-Vw2,2000.0,43682,44674,2199.3986124883377,99.20000000000073,79.81688513062457,0.9444289877885056,2187.2788101148476,625.7452479767695,77.82286360932316,2.791266007352015,48.87907025225271
S-Vw2,2000.0,43773,44674,2003.2304084279895,90.10000000000036,80.04028268968626,0.9485107519644156,1993.5006619595813,803.5636720862191,77.01567921618884,2.7468899228473567,30.280596871390916
S-Vw2,2000.0,43954,44853,2023.1630969960534,89.89999999999964,81.0165422601315,0.9714810421858683,2018.8382701240585,668.9717028339444,117.42242086779402,4.432804015046036,56.436134269695856
S-Vw2,2000.0,44043,44943,2012.5001795466087,90.0,80.50000718186435,0.9980976606876193,2010.414905027377,494.2552574907432,146.87854730345376,3.098368962919311,142.76913838642267
S-Vw2,2000.0,44133,45033,2003.8652008826903,90.0,80.15460803530762,0.979025751433288,2003.25667030625,239.6889658759805,146.46563167038732,2.049185258947817,101.35779020510084
S-Vw2,2000.0,44224,45214,2172.534412345136,99.0,79.00125135800495,0.9617159608405242,2172.3593146152293,723.5609872558155,150.55960568531256,0.7732480680242004,61.59262107973008
S-Vw2,2000.0,44403,45393,2037.836490984817,99.0,74.10314512672062,0.9598187619933949,2032.7914456546519,232.54454655456365,118.87238469347139,3.3566772136628047,32.27261379840701
S-Vw2,2000.0,44493,45793,2083.4172009475587,130.0,57.69463018008624,1.00467508375286,1885.4553538356554,308.55636357737836,139.93008013099418,17.862142421062632,150.40695064395814
S-Vw2,2000.0,44674,46263,2091.7923226069397,158.89999999999964,47.39114135547514,0.9868276176830897,1182.2480061711076,808.787845099949,146.85175151198268,4.551759073490079,117.33679160529721
S-Vw2,2000.0,44674,46263,2091.7923226069397,158.89999999999964,47.39114135547514,0.9868276176830897,1182.2480061711076,808.787845099949,146.85175151198268,4.551759073490079,117.33679160529721
S-Vw2,2000.0,44853,46682,2078.426212011502,182.89999999999964,40.90942790181204,0.9511312169238011,432.0661708780916,1201.7066326092463,89.36811260146435,5.487332927708069,17.450107634181627
S-Vw2,2000.0,44943,46773,2051.037490868286,183.0,40.34827850888431,0.9369599834510002,124.73636259206003,1416.6626536703031,70.52970511285129,1.7858055212227164,63.326688440490514
S-Vw2,2000.0,45033,46863,2001.7750782120274,183.0,39.37918186646611,0.9339684629134487,240.0502655826018,1400.2176779566578,93.3067944011382,4.305198485738662,45.33648494989891
S-Vw2,2000.0,45214,47133,2036.3410834834212,191.89999999999964,38.20129182147124,0.9413395097573083,1023.5272347383685,1765.9575106269049,134.6207661323217,4.939954127619034,7.030137478231294
S-Vw2,2000.0,45303,47314,2147.8502383604646,201.10000000000036,38.449830224254896,0.9547370254583389,1513.0785227569847,2092.5557667421235,170.249270476298,3.4780317337626556,65.17556252801174
S-Vw2,2000.0,45613,47403,2121.26215541939,179.0,42.66225563971958,0.9139648725547328,1819.7941553833516,1436.5252780749122,100.30878226504099,9.493582656071656,90.02198198290456
S-Vw2,2000.0,45993,47494,2009.3521271454956,150.10000000000036,48.1923228362676,0.9147223138234745,1998.3273454849455,3826.7988655342283,90.60561712795585,1.890801632873652,88.31563233046188
S-Vw2,2000.0,46263,47853,2235.7364989958733,159.0,50.62044903386883,1.0202744731339546,2226.904835918879,2434.5080183976975,189.40427594479337,1.119715375378193,238.59279307008518
S-Vw2,2000.0,46593,47853,2024.9015807064425,126.0,57.85433087732693,0.9244738091436421,2020.7440661968371,464.4705807632968,179.1806187002135,0.7704123172010535,12.708918270323492
S-Vw2,2000.0,46682,48124,2275.1997464320884,144.20000000000073,56.801103239635765,0.9891346136324964,2271.274227172977,576.5506531502189,262.65698238583434,2.7771373449630277,235.08381770920718
S-Vw2,2000.0,46863,48213,2115.0646299302316,135.0,56.401723464806174,1.0063585628225242,2111.8847446952987,331.4794610265176,252.14640111101016,0.5784247274660974,267.2008593691068
S-Vw2,2000.0,47043,48482,2086.1032791960315,143.89999999999964,52.18882421894185,0.9328401948010439,2070.2709446285844,863.3145193497693,398.9755182335543,2.5036209322645373,231.98773785696025
S-Vw2,2000.0,47223,48751,2003.561169129971,152.80000000000018,47.20432073866418,0.9470534167287451,1931.8259020228152,997.5079642444196,484.51814262652607,5.689801498697269,404.0147701206764
S-Vw2,2000.0,47314,48933,2313.0943667618267,161.89999999999964,51.433846327008,0.9740465489765929,2196.3448944765955,485.4250202951901,432.6021345908511,2.9330588544826774,383.0602755003789
S-Vw2,2000.0,47494,48933,2012.0703627578478,143.89999999999964,50.33671512111376,0.9450685802452511,1899.1372830257471,329.04537899091906,452.98513749371466,2.8988746464493946,317.4535364324273
S-Vw2,2000.0,47674,49112,2005.832910175479,143.79999999999927,50.215566596882894,0.9550457321764106,1885.2204491822124,717.7345177624677,451.37291684491464,2.162589147669813,340.8530649667296
S-Vw2,2000.0,47853,49472,2023.2122924088326,161.90000000000055,44.98804356190101,0.911194457592827,1914.8147038181144,952.8541571788315,472.9271538829615,6.135935095715743,361.48104230408705
S-Vw2,2000.0,47944,49562,2089.095890551558,161.80000000000018,46.48173798507788,0.9026666935607301,1988.7374099390265,1341.5225759062803,474.3895124877824,4.71273287495882,302.7707672701
S-Vw2,2000.0,48124,49652,2013.2849117952574,152.80000000000018,47.43341415224423,0.9136738170363535,1960.2992794369752,1497.3723934432824,468.2659323216106,4.468831085915018,294.23394808041934
S-Vw2,2000.0,48304,49832,2098.9406142095104,152.80000000000018,49.45148043949103,0.8730290086422875,2082.0658293945544,2329.7161256031673,290.1969167879582,4.684560255783541,13.757771583538668
S-Vw2,2000.0,48573,50322,2022.6265683433012,174.90000000000055,41.63210775320675,0.8262554700779619,1981.0007845812008,3485.2660159216935,337.89412128859004,7.958531725861553,71.6135717531964
S-Vw2,2000.0,48841,50414,2076.1071980815614,157.30000000000018,47.5142143235449,0.8,2021.4113371991077,1356.9770937268138,8.823118154026284,6.421778215160004,387.37194148367587
S-Vw2,2000.0,48933,50682,2075.033428525523,174.90000000000055,42.71080813431595,0.8364591739585555,2012.6293229888843,1601.1663521225576,271.5883649560082,6.123477424178992,113.16643700220322
S-Vw2,2000.0,49112,50954,2120.2122150715877,184.20000000000073,41.437372281529235,0.8186868303055835,2055.352118408592,1577.3278784444046,193.69763268769663,14.526404600550562,218.43616795831295
S-Vw2,2000.0,49382,51134,2275.263469379919,175.19999999999982,46.7519890968477,0.8,2214.0597747474662,345.1778855065579,26.678525479176866,10.848792018175423,428.1020503989286
S-Vw2,2000.0,49562,51313,2275.4660017037386,175.09999999999945,46.78285326175605,0.8350612480014442,2216.2099144168387,708.0708598868753,6.670699025488081,12.99982206276471,371.10379946282706
S-Vw2,2000.0,49652,51313,2072.7468776867026,166.09999999999945,44.92407441103043,0.8630236635175363,2016.4420174815696,75.82606844864745,11.23510153462351,13.702195010472753,276.3359000445332
S-Vw2,2000.0,49832,51582,2072.089999593707,175.0,42.6258514202134,0.9285282183176244,1999.0571036734898,104.93630159071935,194.32063020927544,14.429388150943886,31.790179023286292
S-Vw2,2000.0,50322,51762,2060.267404756203,144.0,51.50668511890508,0.8431588974785845,1995.86996788455,1411.050041404822,159.01971509724413,14.340139026378171,185.67964213585788
S-Vw2,2000.0,50414,51942,2115.5361916871043,152.80000000000018,49.84247572037675,0.9456961735487341,2014.1739723521691,900.0484478880849,240.9340856534721,13.508129894979943,112.34251762483751
S-Vw2,2000.0,50682,52122,2387.569575271773,144.0,59.68923938179432,0.963006295903263,2295.378933167216,2555.871481189992,178.3995415884289,12.660058022564838,260.574746916448
S-Vw2,2000.0,50772,52122,2246.1490503387613,135.0,59.89730800903364,0.9813797962598068,2168.457788818044,2453.915151154533,145.9850402063057,12.39524662559995,185.31956785825273
S-Vw2,2000.0,51134,52392,2124.587287410366,125.80000000000018,60.79900027565427,0.9308805391079125,2066.017925026334,2508.1818222538386,36.025769669116634,2.982691531212004,113.47411736892454
S-Vw2,2000.0,51134,52392,2124.587287410366,125.80000000000018,60.79900027565427,0.9308805391079125,2066.017925026334,2508.1818222538386,36.025769669116634,2.982691531212004,113.47411736892454
S-Vw2,2000.0,51313,52572,2112.9960375996743,125.90000000000055,60.41926715932323,0.94946773169642,2041.4965084956514,657.6205030232413,54.3568544048125,2.443803215449073,156.22597552821537
S-Vw2,2000.0,51492,52662,2084.478998339124,117.0,64.1378153335115,0.9293107152707585,1990.3545417095454,752.4868133229381,208.22503865859662,0.8967703597368945,340.25979982972785
S-Y1,500.0,0,1034,539.5361266198446,103.4,18.78462336394043,1.0,400.87984392589084,557.5588001406902,147.73580626326427,14.236371107407951,147.73580626326427
S-Y1,500.0,854,1214,588.799974179457,36.0,58.8799974179457,1.25,557.7087435833762,239.53395831146557,209.02797521448113,2.0641034898337436,113.79247737835767
S-Y1,500.0,1034,1313,507.13125639507814,27.900000000000006,65.43629114775202,1.25,492.3819532848654,233.42504155836372,188.1993678424539,4.326164225384422,110.30447280742524
S-Y1,500.0,1214,1584,634.942876945084,37.0,61.778225864927094,1.25,593.923858706914,483.7715075251096,184.26219758301278,2.339429150056532,72.08431602518047
S-Y1,500.0,1313,1674,624.8301624013436,36.099999999999994,62.309933092654774,1.25,604.1710830911084,381.5093678819384,189.78978120386878,1.231979932182241,81.41273714356967
S-Y1,500.0,1494,1854,622.558100817713,36.0,62.2558100817713,1.25,569.2155218329651,231.8579008854195,193.54948293570118,4.013909781296844,89.31669725573464
S-Y1,500.0,1584,1944,630.4372745899127,36.0,63.04372745899127,1.25,568.356025836259,330.62208499728837,196.04370966776602,6.172012376263777,89.5379922165198
S-Y1,500.0,1764,2124,614.5971422107373,36.0,61.45971422107373,1.25,589.2107469992495,323.34219397921316,167.76378636070788,3.894360124552726,57.5612489611011
S-Y1,500.0,1944,2304,540.4950542930155,36.0,54.049505429301554,1.25,538.4243442296312,250.59910307863723,127.22288378570045,14.458408003691787,27.115078902096965
S-Y1,500.0,2034,2484,571.5038904338307,45.0,45.720311234706465,1.25,524.9581616674394,48.754407929422584,99.49693450088961,9.390903385516223,19.106949684878064
S-Y1,500.0,2214,2754,553.8347041087891,54.00000000000003,36.92231360725259,1.25,509.82580837966344,355.4547284925441,67.27238466840349,9.847093873197915,56.90846418291328
S-Y1,500.0,2394,3050,1514.63402171596,65.6,83.12015972831489,1.25,786.3371710696389,1254.312920219268,1026.0641995041192,12.399925143111178,906.9085582717356
S-Y1,500.0,2664,3050,1240.8660673690983,38.599999999999966,115.72844151628908,1.25,983.1319688979668,1158.765629710261,1013.3296913884967,9.544436325366442,958.9150778273143
S-Y1,500.0,3050,3410,603.7816158764172,36.0,60.37816158764172,1.25,590.6665771250686,960.0252637778564,187.53792040594524,42.860431213808994,94.67443626365946
S-Y1,500.0,3050,3410,603.7816158764172,36.0,60.37816158764172,1.25,590.6665771250686,960.0252637778564,187.53792040594524,42.860431213808994,94.67443626365946
S-Y1,500.0,3050,3410,603.7816158764172,36.0,60.37816158764172,1.25,590.6665771250686,960.0252637778564,187.53792040594524,42.860431213808994,94.67443626365946
S-Y1,500.0,3050,3410,603.7816158764172,36.0,60.37816158764172,1.25,590.6665771250686,960.0252637778564,187.53792040594524,42.860431213808994,94.67443626365946
S-Y1,500.0,3050,3410,603.7816158764172,36.0,60.37816158764172,1.25,590.6665771250686,960.0252637778564,187.53792040594524,42.860431213808994,94.67443626365946
S-Y1,500.0,3230,4611,523.772984997725,138.10000000000002,13.65374906583497,1.25,491.6046957633068,231.20779497003312,216.838924387274,14.569272383149743,148.79779535907676
S-Y1,500.0,3320,5450,555.7590024471428,213.0,9.39310990051509,1.25,355.2820197643222,215.2110965593368,126.6827238961535,34.90118522622238,141.89750395718656
S-Y1,500.0,4030,5630,551.7000338614735,160.0,12.413250761883152,1.25,378.0641746068147,567.2842829046452,139.63598993264284,35.671848796133986,28.223498835139324
S-Y1,500.0,5450,5900,568.7889221370096,45.0,45.50311377096077,1.25,560.9472873335544,142.0535934770732,98.71296862267776,1.9950019490091877,18.505785615179526
S-Y1,500.0,5630,6260,526.6101857791446,63.0,30.092010615951118,1.2122486467039078,526.5931272899259,111.78695487792456,83.80891597296477,1.2155786793900718,10.298981538706533
S-Y1,500.0,5810,6530,611.8635078052957,72.0,30.59317539026479,1.1553159443589334,610.5791858876921,67.25129482397357,61.86379525046231,3.5972419024447166,23.90476974436233
S-Y1,500.0,6080,6710,584.0395329932362,63.0,33.3736875996135,1.1964433630445706,583.1530342442937,88.68823918578504,79.1658253387991,8.06697627775688,22.01379626343755
S-Y1,500.0,6440,7330,586.0506733408783,89.0,23.705420494687214,1.1161478050124904,562.8500674176632,140.02789722327267,69.17769691320333,4.471073777065697,8.787207628320937
S-Y1,500.0,6620,7510,608.952723319393,89.0,24.63179554999792,1.1685669719038267,597.5980130597675,232.66373432511918,43.9393315172614,2.914621970018768,51.78988937405706
S-Y1,500.0,7241,7690,575.2190640579493,44.89999999999998,46.12001404473538,1.0726092388213948,571.1006917416462,64.23471311463408,44.23697797889959,1.6161269031861019,5.736519507764938
S-Y1,500.0,7420,7870,573.415396272706,45.0,45.87323170181648,1.0831143702014563,569.4817969989411,86.4161448592329,67.19699718778169,2.432977202986017,24.98612349968968
S-Y1,500.0,7690,8230,558.5818004739567,54.0,37.23878669826378,1.1126443629002851,554.5884090548961,105.10579503838957,78.62366887917442,6.522458001236907,27.237500614096138
S-Y1,500.0,7870,8500,607.6485491134363,63.0,34.7227742350535,1.076746516560806,602.3678487221239,65.10032913250191,76.25992660819819,9.917594190135356,35.60356852226484
S-Y1,500.0,8050,8590,521.0444132595894,54.0,34.73629421730596,1.0890497740883742,514.6293115394427,49.61715366688467,54.960724065183726,7.665161113508674,13.39383553036328
S-Y1,500.0,8410,8951,509.3332818884437,54.10000000000002,33.892787704221746,1.113954830722245,425.86725814978706,206.56801212537573,101.46251718603246,8.996319694665956,57.45030841889632
S-Y1,500.0,8590,9220,544.3771925263627,63.0,31.107268144363584,1.139555979872611,427.8518742778301,310.0005890644968,140.82091036006037,18.380961228733334,82.20102052274129
S-Y1,500.0,8860,9490,552.1632787027211,63.0,31.552187354441205,1.1885448027828314,458.3358034035686,71.39425250542281,108.09394984318301,25.890297069639132,46.61980976210389
S-Y1,500.0,9220,9760,527.1571068794783,54.0,35.14380712529856,1.1940857113510661,180.01901917447574,486.51492930943397,126.41323563872187,15.436097444574365,45.838029348447925
S-Y1,500.0,9400,9940,524.2258766719078,54.0,34.94839177812719,1.2395451711952257,429.28420018509166,794.5434675036873,129.68547499009648,16.27151611670713,33.96883145955781
S-Y1,500.0,9670,10300,504.92890442727,63.0,28.85308025298686,1.25,386.21211979288125,49.177133701267564,103.37588990913444,8.632427268880352,44.48799079899053
S-Y1,500.0,9940,10850,551.2326083327516,91.0,21.807004285691274,1.25,403.3441460256977,672.529772956079,82.26022691933068,8.99066169869985,36.432117161660514
S-Y1,500.0,10300,11260,551.9062274637927,96.0,20.696483529892227,1.25,551.0072157962767,40.71975685046786,42.00155656672245,6.877671715731946,87.28841639046027
S-Y1,500.0,10850,11530,566.2967368542704,68.0,29.9804154805202,1.2393335700426282,564.3958616941834,87.28195018927447,85.37768948841979,0.9919929759823681,29.781028088360237
S-Y1,500.0,11260,11710,501.9029681371485,45.0,40.15223745097188,1.082826958112498,492.09020123131603,145.76917475289764,152.5717641289018,7.902024056860933,125.91119272663309
S-Y1,500.0,11440,12280,615.6941999029768,84.0,26.386894281556152,1.1255908024405281,567.1327517558493,285.8846900570287,87.8691993059837,6.7608309622037055,20.834761290978566
S-Y1,500.0,11620,12370,522.9336444138007,75.0,25.100814931862434,1.1538999968142465,517.41263705953,337.91100285729334,29.589659763464702,2.3769309708671824,46.65676302183208
S-Y1,500.0,12190,12640,586.0779465918349,45.0,46.886235727346794,1.1028780972225372,554.9339585424015,104.5849526009386,119.07599395999603,3.488328612496608,71.10244816468995
S-Y1,500.0,12370,12820,580.3591690460071,45.0,46.42873352368057,1.1715667591181531,509.0072224768268,310.07680797389065,90.48571015266954,3.546235978306082,6.250423061820787
S-Y1,500.0,12550,13000,585.3418414600092,45.0,46.82734731680073,1.2049573128561784,571.4072162223946,384.7013066891242,46.0450227472992,3.785314040216059,65.15472821859105
S-Y1,500.0,12820,13270,579.9681258358796,45.0,46.39745006687037,1.1199775815761,577.438451926522,159.68958143215562,35.638459173823854,7.036735131763406,31.254786126391796
S-Y1,500.0,13000,13450,594.9095417710414,45.0,47.592763341683316,1.077335844820314,586.0226435191022,83.02132084479155,78.7500350270117,3.1381680707163513,38.75877576127932
S-Y1,500.0,13180,13630,589.4182930317584,45.0,47.15346344254067,1.1100720923135903,572.74900070951,163.605174071143,106.3626467833891,8.293018490180248,53.153252511583716
S-Y1,500.0,13360,13810,566.2705326318064,45.0,45.30164261054451,1.144820157896491,516.1844198018108,185.64862100714566,101.51428142507348,11.250772282126178,36.70044515974864
S-Y1,500.0,13540,13990,562.2517478542959,45.0,44.980139828343674,1.150892273045876,508.1723700708293,426.67844219614824,81.10990691100233,7.340783428185089,7.402004379176559
S-Y1,500.0,13720,14170,572.4606038138827,45.0,45.796848305110615,1.1395080353267946,564.2056494383651,317.16809599797693,54.99826815239917,6.6892716278275595,18.196322458645138
S-Y1,500.0,13990,14440,589.7939041966802,45.0,47.18351233573441,1.1347739578861102,581.3192153322798,227.51866990241453,60.81799091260365,13.233197254052687,17.844596303580207
S-Y1,500.0,14170,14711,550.6562307882941,54.100000000000136,36.6425587955241,1.138475474150311,470.3691459636885,18.59905161186058,60.979465883184254,3.911673670732624,4.693148272184194
S-Y1,500.0,14351,14890,537.7856856289018,53.899999999999864,35.918895515102996,1.1310843490496212,252.94426157664904,417.7142198972178,82.14608152016953,5.8682980311109905,22.442125883828012
S-Y1,500.0,14530,15070,567.6237918288498,54.0,37.84158612192332,1.1805567165842594,518.0413818687853,840.7214397045091,76.02298065544242,7.768479888234185,15.43169665796958
S-Y1,500.0,14890,15340,566.29649871945,45.0,45.303719897556,1.1142585481407234,387.38929968560507,269.6827152975542,121.86525142555023,13.576127013052485,69.66212379235716
S-Y1,500.0,14980,15430,572.2805275572209,45.0,45.78244220457768,1.1345897136958831,449.3065435135471,467.96097735538007,109.88453159009681,15.013558004606987,46.11262852766671
S-Y1,500.0,15250,15720,531.26848208097,47.0,40.692905010457274,1.1475717176586178,528.185477707598,151.8303832625643,128.62451566526573,4.684272015736145,69.37174585294612
S-Y1,500.0,15430,16450,502.46982403520997,102.0,17.734229083595647,1.1934737165434697,484.9843830514564,111.56583225154053,102.0316911922044,3.264944606311301,40.96144868262563
S-Y1,500.0,15610,16720,615.1057270782057,111.0,19.949374932266135,1.25,500.149986700629,327.80217188886394,69.9099601923833,4.351241787033199,67.47452802027294
S-Y1,500.0,16270,16810,512.6225426365727,54.0,34.17483617577151,1.2492713016456267,497.5874752404132,514.9153534450272,69.33906037282824,7.756544797471994,41.86684087118146
S-Y1,500.0,16630,17170,547.1527115173685,54.0,36.47684743449123,1.2238833547317396,225.97038405202812,254.4281077930067,131.16668783024727,78.52986974353055,30.127829514206784
S-Y1,500.0,16810,17350,548.8806066595007,54.0,36.59204044396672,1.156038384602613,261.4830943056634,773.1538730909889,105.15926110255026,83.33622009817991,23.062758570610736
S-Y1,500.0,17170,17710,506.01180108411063,54.0,33.734120072274045,1.1377544832480913,456.78855928194645,333.019565955882,95.48731468614396,16.399733357084234,58.08147734568667
S-Y1,500.0,17350,18560,566.8785065381489,121.0,16.865806806093687,1.1126707381331244,42.275134735680865,563.7932989992319,479.3820907270535,479.3820907270535,479.3820907270535
S-Y1,500.0,17530,18740,607.4212565929447,121.0,18.072037386236374,1.1557549172468176,488.7198235158332,1045.228304709206,48.52045020037386,36.66592460660851,44.39951381511423
S-Y1,500.0,18470,18920,533.2798685112248,45.0,42.66238948089798,1.0580955125425238,500.85382061519454,83.98659687370393,64.37562020675163,13.306883395893506,36.59990437893776
S-Y1,500.0,18650,19190,576.5995674641817,54.0,38.43997116427878,1.0384550029016495,465.9517954015871,351.09514824984177,38.77590012755464,7.7941254909618625,20.31355611163835
S-Y1,500.0,18920,19460,552.8732982845722,54.0,36.85821988563815,0.9654986559491305,430.90047549397326,127.55597973551302,4.772423382388838,5.142562297238026,20.522410861781236
S-Y1,500.0,19190,19820,522.7190320516311,63.0,29.86965897437892,1.0303971292888483,464.20549147697136,335.2024625483586,35.464996978611524,10.479477243707311,20.51222354011227
S-Y1,500.0,19370,20090,570.8859915954163,72.0,28.54429957977082,1.0136303470248689,410.8940822368478,486.20684025595494,74.43435025019647,18.905891095760683,67.41606336055129
S-Y1,500.0,19640,20360,600.4547108447514,72.0,30.02273554223757,1.0580204690008388,434.2631983049259,155.55560612683703,60.33055179751622,11.788471583374307,28.573497048002984
S-Y1,500.0,20090,20630,615.2781564978759,54.0,41.018543766525056,1.0582547840480216,561.8448401332945,811.5365850426099,61.8437121080662,6.416876263998634,29.603683987921393
S-Y1,500.0,20360,20810,609.7951019705724,45.0,48.783608157645794,1.044973485554411,606.2195395789489,98.82547357694651,102.21639153411127,4.580582643309415,79.40422118593199
S-Y1,500.0,20540,20900,502.99388789361547,36.0,50.299388789361544,1.088252494201495,496.33962309845884,131.48248014615766,113.83408797838827,5.231159154100179,79.62206984685251
S-Y1,500.0,20720,21260,605.8863586251828,54.0,40.39242390834552,1.1430379994774051,348.32149425153625,234.0369779464234,61.584321935176746,12.667673408283223,18.249138523698715
S-Y1,500.0,20900,21440,539.3183630094027,54.0,35.954557533960184,1.1580462486113137,403.55445592619105,680.3949380263498,39.918006999118575,12.270128168951459,40.848177021016184
S-Y1,500.0,21170,21800,530.3800077037267,63.0,30.307429011641528,1.117182077479775,412.4984603396241,213.51402705151244,19.627374510022964,6.709312833423972,41.67080606840549
S-Y1,500.0,21350,22160,566.2000964547515,81.0,25.164448731322288,1.1490467146215413,511.3111242174621,522.8679634436864,63.63866197555062,20.7680303822894,154.8327516728098
S-Y1,500.0,21620,22430,552.2746602312836,81.0,24.545540454723717,1.135505983917788,422.32593122865563,515.8919272875568,135.86336927255144,38.99144384963442,234.39635925945666
S-Y1,500.0,22070,22790,572.1949012598052,72.0,28.609745062990257,0.9736829680023634,412.93879482171894,182.06978958087402,481.55695645569773,28.94917186425979,481.55695645569773
S-Y1,500.0,22430,22970,540.1350463977578,54.0,36.00900309318386,0.8788863665403139,487.44873491571644,566.3145862611354,480.3533504272444,7.082367726754423,480.3533504272444
S-Y1,500.0,22700,23860,568.3040068233531,116.0,17.637020901414406,0.8,471.2771185047763,284.50663737440306,25.06897423739037,3.724732775860045,130.4735022099836
S-Y1,500.0,22880,24040,524.7901286273773,116.0,16.286590198780676,0.8,460.0227622497129,331.74820849576145,99.37870399514152,3.662638552207812,183.2449997320471
S-Y1,500.0,23860,25050,592.1743097256367,119.0,17.914516932876406,0.9939987424638518,447.12640685807463,75.46263892611309,136.21298026751256,8.424929341723658,137.03441472357898
S-Y1,500.0,24040,25140,512.4094828766647,110.0,16.76976489414539,1.25,281.1618543289219,266.1071193796578,107.60494025345314,8.271501431495347,5.2616882441884565
S-Y1,500.0,24750,25411,592.5600771154132,66.10000000000036,32.27256093215546,1.25,563.0315812181626,955.3869633931921,17.698481975966118,6.323358381614711,171.5153028101729
S-Y1,500.0,25140,25590,502.4377341171494,45.0,40.19501872937195,1.25,501.59002681955275,142.8526173489264,63.54894840720538,5.891041317613983,46.950345630650254
S-Y1,500.0,25320,25860,509.89838080991467,54.0,33.99322538732765,1.1782024218529152,321.68722728830306,259.9705855615728,113.80875524714989,6.365393929027803,45.43727747968251
S-Y1,500.0,25590,26130,541.0155065380641,54.0,36.06770043587094,1.1895129065323562,464.0936123156912,771.6986541545092,132.20299163866687,22.874368070616157,63.81484488922689
S-Y1,500.0,25860,26310,508.9152997080746,45.0,40.71322397664597,1.1396394564503314,318.9781248749977,142.7847533830238,92.49658654366178,32.52593516537766,31.226860249871166
S-Y1,500.0,26130,26670,566.2439650306114,54.0,37.74959766870743,1.17157855754779,386.43115839963514,492.08027902334766,44.59007310793717,35.9239647364134,52.46967121984152
S-Y1,500.0,26310,26940,504.79178902774584,63.0,28.845245087299766,1.1664989405878061,264.3155273778725,568.8742402342712,28.677228322988892,39.874848569480385,119.81418889253206
S-Y1,500.0,26580,27120,535.7485673192568,54.0,35.71657115461713,1.172196074284937,384.78928585046066,638.8793485245408,32.78153226502081,21.179443251458103,133.92828117999
S-Y1,500.0,26940,27300,652.0710939162891,36.0,65.2071093916289,1.0352270761063949,649.9811243689735,411.60812582661566,124.77264626405854,6.451820146927154,106.14643290615427
S-Y1,500.0,27120,27660,510.8762965126007,54.0,34.05841976750671,0.9900708403678629,508.4730955201295,159.8308286259405,143.91278564090086,2.0312653406662484,147.477061470306
S-Y1,500.0,27210,27840,522.8247115601189,63.0,29.875697803435365,0.9958352812232811,497.22289159975276,128.34427080311832,94.14566636546097,2.58561445657801,95.93861040844665
S-Y1,500.0,27390,28020,625.5373449958788,63.0,35.74499114262164,1.078241088227368,593.551629297929,233.03696160125116,21.700581231635763,6.233532959187341,27.02511384855353
S-Y1,500.0,27840,28110,503.2265056777687,27.0,67.0968674237025,1.0683559509868812,502.15252208052,66.99896442985079,65.97669578572328,5.8961363649298955,36.26457465759972
S-Y1,500.0,28020,28650,539.5390590588722,63.0,30.830803374792698,1.1072817407699107,330.6450533244661,234.72993991217365,80.4116504460372,49.666176258593616,26.880386571427103
S-Y1,500.0,28110,28830,521.0972639374013,72.0,26.054863196870066,1.1468236658873325,282.90974783396126,445.5987131621488,79.26338923062687,47.36242928221927,8.023716313860797
S-Y1,500.0,28380,29190,574.9486972467421,81.0,25.553275433188535,1.1593809439748688,328.65767483707316,563.971674674362,108.00163876884982,23.31666588581732,33.41720851590894
S-Y1,500.0,28740,29460,538.6892221644011,72.0,26.934461108220056,1.0517665379280605,303.2500873683462,662.4018378695217,38.95251782360004,2.2398982192089,13.227043605037371
S-Y1,500.0,29100,29821,502.1510883808296,72.10000000000036,25.072731181289566,1.1330245401891417,454.8580930837772,589.915031028598,19.58471784168668,3.8247121675751456,89.06614388872232
S-Y1,500.0,29460,30180,595.378544864685,72.0,29.768927243234245,1.0433392951862117,579.0509572653413,49.03134016567397,68.50890005191572,4.449567767878018,45.5539073730827
S-Y1,500.0,29821,30440,523.6943056757955,61.899999999999636,30.457180943988288,1.0732310593216283,516.1630884283616,253.86274056798828,134.62932746681602,5.155801175953875,105.88050002120448
S-Y1,500.0,30090,30800,564.9433710274279,71.0,28.645015995756907,1.0372073189666993,491.8095419354465,122.36681877841495,12.900062114842422,10.109830851472955,34.55948451932154
S-Y1,500.0,30440,30980,540.8750415998147,54.0,36.058336106654316,1.1200284248395287,540.0781410064018,651.6815388455253,155.17510556692932,9.423799242630063,239.66503969983117
S-Y1,500.0,30710,31250,571.4617112110645,54.0,38.09744741407097,1.0811096295301719,571.3726002750898,88.15345566937812,85.80364164411205,6.015580926960473,139.16900790760738
S-Y1,500.0,30980,31820,505.96420099822717,84.0,21.684180042781165,0.9658503083624552,475.2364577093806,129.01101555152826,80.36473453031543,12.8036501840949,95.28998024677028
S-Y1,500.0,31160,32180,609.7425818828488,102.0,21.520326419394664,0.9735382547166336,553.6437296731874,227.8760247031784,110.70084986597222,9.320014330535505,123.94408062688954
S-Y1,500.0,31730,32360,589.0609214102587,63.0,33.66062408058622,0.9082433988040199,525.3626292374697,40.68072095837956,56.99993676047049,3.972499797215982,105.49656242289433
S-Y1,500.0,32180,32540,576.1798942354799,36.0,57.61798942354798,1.1425863140905073,559.5643940195325,82.72457708458623,93.90159220702822,2.2015514860426166,25.187128351909184
S-Y1,500.0,32360,32720,582.5582954300589,36.0,58.25582954300589,1.154997701663131,495.1003033643803,329.4334368485838,160.890979558161,10.002440217685493,101.37036913154239
S-Y1,500.0,32450,32810,590.5458324465471,36.0,59.05458324465471,1.1577073941695453,489.53599231883754,350.5916416468537,189.5640946352939,6.7107976486947285,128.04932841912503
S-Y1,500.0,32630,32990,641.8511120646399,36.0,64.185111206464,1.241259824011581,636.6666372455362,512.7337720325445,199.90797484322115,3.452619322054847,94.90225733180375
S-Y1,500.0,32810,33080,502.38257701383554,27.0,66.98434360184474,1.25,483.4747221388046,130.5702381763577,139.3233038023855,4.536343954589414,48.978764275086974
S-Y1,500.0,32900,33260,657.3240419214344,36.0,65.73240419214343,1.25,588.3704089986865,437.93890629599065,138.23025638066622,2.8318181451375906,9.236763462880209
S-Y1,500.0,33080,33440,652.0910400399298,36.0,65.20910400399299,1.25,630.2317879326386,484.72966771739453,100.51560453620122,2.69981999888979,36.72881627473675
S-Y1,500.0,33170,33530,664.5569752105876,36.0,66.45569752105877,1.25,624.5598598870067,430.17766987325155,95.83479767654292,4.926522969218967,45.26830497865115
S-Y1,500.0,33350,33620,504.59509009472094,27.0,67.2793453459628,1.25,473.2712367573012,344.4370470005973,56.755662909186434,4.936842527552043,54.244884235237194
S-Y1,500.0,33440,33710,509.37574662866973,27.0,67.91676621715597,1.25,491.7071023846039,382.27316346240286,46.34708934463371,3.6175406037814057,68.88833171562808
S-Y1,500.0,33620,33980,567.1171804290352,36.0,56.71171804290353,1.25,563.1549192022552,283.84162746372385,118.75111533358786,5.742905958473281,8.89396865841261
S-Y1,500.0,33710,34610,537.9778203614806,90.0,21.519112814459223,1.25,529.4244210882009,179.18124308900897,93.01076596156682,10.451547576453583,3.1853584576294067
S-Y1,500.0,33890,34880,593.719134193987,99.0,21.589786697963163,1.25,505.3595470890639,394.2868733670229,81.63308946310059,12.619979908670839,49.82866678942914
S-Y1,500.0,34430,34970,584.5360669036454,54.0,38.9690711269097,1.2143853745742663,559.2807510815358,588.6756889929279,37.281568149148484,10.01807217907624,82.2265153419142
S-Y1,500.0,34790,35150,594.0361053003908,36.0,59.40361053003908,1.1701754564533982,572.5608177171399,128.68336497648758,80.50830749642084,1.157939191017181,6.784925071185152
S-Y1,500.0,34970,35330,551.6237663708271,36.0,55.16237663708271,1.1842431798466422,541.8325371812194,278.7828967172901,161.2590891102275,7.533954852898949,89.72529585601957
S-Y1,500.0,35150,35780,525.0427754593984,63.0,30.002444311965622,1.135862911898147,314.22255006428935,231.68000782463156,124.63977531265101,15.98956784364773,68.68205555322314
S-Y1,500.0,35240,35960,603.3730947308504,72.0,30.16865473654252,1.1687348863716414,435.8761221513541,632.3282233906734,61.98548783747057,18.64624106929446,32.00910620536942
S-Y1,500.0,35600,36140,602.0804218747944,54.0,40.13869479165296,1.2123133658463008,600.2502376296148,160.41467123399866,11.637336074183597,12.27192365557965,129.53573512346256
S-Y1,500.0,35870,36410,549.7770429743396,54.0,36.651802864955975,1.1663916791625666,531.2595880952641,56.82417457871484,41.230149918703326,7.549932508399006,44.5776644011521
S-Y1,500.0,36050,36680,580.7500560411718,63.0,33.18571748806696,1.1537577531279697,466.62518743687303,186.6105598557102,54.86411552195065,23.096614367196825,33.63133769164405
S-Y1,500.0,36320,36860,569.5749810126435,54.0,37.9716654008429,1.1548716225457272,480.4078200212302,755.9043445284932,43.08912370950517,15.460480180120811,41.92311755787552
S-Y1,500.0,36680,37130,580.3650860367052,45.0,46.42920688293641,1.0043566738610326,571.968759436205,143.74926737273447,88.82716576887513,6.225466284197011,86.6825250631685
S-Y1,500.0,36860,37401,547.8659682093057,54.100000000000364,36.456885130378694,1.0199449876949784,502.19873881887173,101.31267301772623,125.05011204000937,10.020578988600441,116.82230596627451
S-Y1,500.0,37040,37760,538.4455234125271,72.0,26.922276170626354,1.0691638994181585,467.7575165630496,172.69110192557176,142.98787879890972,22.540265890578986,123.91649852515293
S-Y1,500.0,37310,38360,542.6654666793402,105.0,18.605673143291664,1.1255386397553127,391.32315208268835,168.77845781174244,145.595250965197,3.277197422617434,99.18245021691634
S-Y1,500.0,37670,38950,525.1800479504454,128.0,14.770688848606278,1.1988887361769058,406.4655751690038,655.1241397223939,76.70903844838082,6.831941764566438,14.772984600869815
S-Y1,500.0,38270,39220,528.7811476299685,95.0,20.03802243650407,1.25,494.8156938146241,158.93760376756853,58.18086411101496,11.944431184539383,62.914630564917054
S-Y1,500.0,38950,39760,575.6255644910416,81.0,25.583358421824073,1.1640990377783709,467.87181864442584,271.2407223493708,141.46982566199534,14.221309089296332,82.36291209645096
S-Y1,500.0,39220,39940,520.9308705389849,72.0,26.046543526949243,1.105796392281806,449.47133508888186,239.41423593158902,198.52277323453364,12.70100333694542,166.4331194801309
S-Y1,500.0,39580,40210,534.5654082300025,63.0,30.546594756000143,1.1779656534030354,383.92879842318416,227.19285260654317,202.96267391193547,9.192803105256077,159.81059257979047
S-Y1,500.0,39940,40840,541.0359953908628,90.0,21.641439815634513,1.242352942861638,316.36280950409025,462.64124580200445,86.10505785851215,13.54463305589496,36.190721185785605
S-Y1,500.0,40210,41110,587.9004961904866,90.0,23.516019847619464,1.25,509.0783575713764,357.6906754731414,38.8786493733825,13.744258451621006,95.23513331219223
S-Y1,500.0,40660,41290,590.8730966407311,63.0,33.76417695089892,1.25,518.4967181225187,98.90527316007365,3.5584509416911447,59.29910931137158,135.80690707385858
S-Y1,500.0,41020,41560,541.9765738090937,54.0,36.131771587272915,1.25,522.5739005163651,96.59270719671481,100.92120259425242,5.397922207555787,9.724190807865602
S-Y1,500.0,41200,41920,521.6755448210897,72.0,26.083777241054484,1.25,463.1596602065668,186.27025191960234,40.21243753929882,11.084815410978345,80.65792918730395
S-Y1,500.0,41471,42280,610.1085943948056,80.89999999999964,27.149455374799874,1.1366525959171958,482.3759277562419,447.84629214418015,7.319128348821897,6.586358974558229,74.81606473501336
S-Y1,500.0,41920,42460,552.9261265001114,54.0,36.8617417666741,1.1100416022670359,506.5738771832337,67.68510766407177,20.779511129585355,3.876720905087851,83.68343231973711
S-Y1,500.0,42190,42640,529.5071687468007,45.0,42.36057349974406,1.11787919230713,526.5936228319489,211.60126959398363,52.87603525887112,1.9066621997357849,3.840567117905891
S-Y1,500.0,42460,43200,562.0961128382187,74.0,27.345216300237666,1.017883179430061,364.7257088103771,37.397062919537724,104.25414607533348,43.63927001491745,109.89037111708627
S-Y1,500.0,42640,43380,581.5263932032394,74.0,28.290473182860296,1.0847524086817926,250.63168679347214,386.131727080674,180.30960073511844,47.7018158197735,143.9594510199371
S-Y1,500.0,43110,43650,537.3716327983711,54.0,35.82477551989141,1.1621329076969205,504.24055807322225,558.9131288967912,64.35227499490226,5.096635287761933,7.607309072297108
S-Y1,500.0,43380,44190,564.3318732590778,81.0,25.08141658929235,1.194440144729762,383.23637030213933,601.9298190113409,169.6806659727458,6.095462663054692,312.0923106377652
S-Y1,500.0,43560,44370,573.7370633509345,81.0,25.49942503781931,1.25,410.02979345500904,955.679374367052,207.5525894089754,7.122187070914207,403.7785191071357
S-Y1,500.0,43920,44550,512.5123546184259,63.0,29.286420263910053,0.9697712351880899,419.1436058843863,545.4896575775321,18.693145426311084,5.338730304939838,33.75470672204927
S-Y1,500.0,44280,45030,577.8424288747046,75.0,27.736436585985825,0.899145938103431,445.97629629789617,452.1288829481973,53.80648197369839,11.73196727657,106.83960407904662
S-Y1,500.0,44550,45210,504.73092361596355,66.0,27.53077765177983,0.8966462684413087,456.36724681275655,457.5257094648279,55.09457346754203,10.323732422682273,100.23568153409403
S-Y1,500.0,45030,45810,503.8387307714147,78.0,23.254095266372985,0.9829997369849874,498.6102805489082,341.98117666644396,127.66089016483791,6.60768601281155,133.87378598714653
S-Y1,500.0,45210,45990,557.5741355789651,78.0,25.734190872875313,1.0793827219114973,512.6844482019295,159.5286873901206,129.77869404948194,4.816924176240335,95.45372792036818
S-Y1,500.0,45720,46260,582.8971793482342,54.0,38.859811956548945,1.203191920102444,558.2681889840646,361.7560781355393,128.58931260256998,6.2842980664760955,49.6712764689766
S-Y1,500.0,45990,46530,646.4551539298991,54.0,43.097010261993276,1.25,536.7595368126902,162.13026040114417,217.500978895107,24.39252916137492,104.27145229252305
S-Y1,500.0,46170,46620,589.070298372113,45.0,47.12562386976904,1.25,489.35910414752703,84.46725902060254,188.061484337031,15.975904434196785,94.67312011705435
S-Y1,500.0,46440,46800,612.5510317006556,36.0,61.25510317006555,1.25,548.97895725599,280.08080028695656,225.0570172137643,5.369281535044341,131.42349755385325
S-Y1,500.0,46620,46980,667.8412111750804,36.0,66.78412111750805,1.25,651.2355175081628,336.1562996896008,245.89268939461437,3.9348347295499546,145.79616623802966
S-Y1,500.0,46710,46980,508.748238809334,27.0,67.8330985079112,1.25,494.88784316894095,200.22400526321195,188.96413278119877,3.844706104876292,110.6946883309837
S-Y1,500.0,46890,47250,666.9434128991707,36.0,66.69434128991708,1.25,614.7041061250728,508.9699498963422,157.9732175704605,6.014931387410742,32.06428362796525
S-Y1,500.0,46980,47340,660.944319398157,36.0,66.0944319398157,1.25,629.970517892952,430.7660596665798,125.92356935413325,6.4052016492451695,9.573850222908588
S-Y1,500.0,47160,47520,602.4882891752059,36.0,60.24882891752059,1.25,567.4872086782227,202.06339658478578,123.7327323728984,2.6017531288305764,4.931886734003722
S-Y1,500.0,47250,47700,592.6176462023141,45.0,47.40941169618513,1.25,533.700790789844,143.9992703223212,97.80122518258206,1.9163073735736935,25.71957278438699
S-Y1,500.0,47430,47880,500.746799800123,45.0,40.05974398400984,1.25,431.03811226542956,329.2754955189183,25.225699293846578,2.3613023009035037,94.23873455955048
S-Y1,500.0,47610,48060,531.5998739153438,45.0,42.52798991322751,1.25,531.3131725831119,313.01844230242483,21.341103571941268,2.569746501132547,106.73549042990628
S-Y1,500.0,47880,48330,526.1541735562932,45.0,42.09233388450346,1.25,523.020102441922,116.26593519877683,121.70560048636233,7.27464650151986,20.250783177346932
S-Y1,500.0,48060,48600,538.591832461796,54.0,35.90612216411973,1.2027655404259066,408.308649394561,198.46232762856593,144.58968671880095,2.3268694313775984,95.19489819231939
S-Y1,500.0,48240,48780,542.6433338928327,54.0,36.176222259522184,1.162689965178419,372.20806564389426,344.86025044641485,191.35836496854566,1.2107627037111404,134.37960455807448
S-Y1,500.0,48600,49640,522.7907061961741,104.0,18.096601368329104,1.2090617961825203,247.8946096074277,237.2236532912433,80.05462546486724,13.272316515329097,13.891410070916752
S-Y1,500.0,48780,50000,525.9505289073859,122.0,15.51985167267696,1.2423838459594025,181.51694599914075,686.1634048235413,10.139282744322568,11.508259772699397,117.7604725835189
S-Y1,500.0,49340,50450,514.050686558563,111.0,16.6719141586561,1.25,146.58304347816235,666.6179860133064,98.68012620190733,18.926493439467567,256.4826710162339
S-Y1,500.0,49910,50940,509.14398402562074,103.0,17.79532371351684,1.0441714584756725,120.35260730787816,515.0007804108288,71.93067016787661,15.98861330262441,98.16948444180132
S-Y1,500.0,50360,51390,541.247548079773,103.0,18.917390029972648,0.8938956681439291,31.46415596325479,648.822769609792,62.787170035351444,18.767961294190865,3.604680272215994
S-Y1,500.0,50850,51840,501.7060462196023,99.0,18.243856226167356,0.8657167250158277,293.39229746974866,876.4400775683127,65.6247901832268,23.47429670948839,15.11443365497786
S-Y1,500.0,51390,52290,531.6612002739203,90.0,21.26644801095681,0.87462993774155,392.29659350105254,160.44737846269848,7.132452047622808,24.91078539158063,72.8381208820874
S-Y1,500.0,51840,52740,558.6188100596337,90.0,22.344752402385346,0.8665478612713127,364.0738385099504,242.51463358251274,35.00106953416695,14.4636078135613,46.152570021694785
S-Y1,500.0,52200,53100,514.7942204106657,90.0,20.59176881642663,0.9023524297243378,312.2667742468553,813.5996510038163,98.18561282248835,12.56220713320843,37.81742847201019
S-Y1,500.0,52650,53660,504.1246351206719,101.0,17.968798875588305,0.9347435082896802,385.6465354031871,711.6541802457012,114.29342579479152,16.887069267975132,72.82235022955972
S-Y1,500.0,53100,54590,546.9437249410184,149.0,13.214747716695747,0.8532866083674444,133.86365221266027,516.524695327865,111.7628243693596,9.523338454730974,13.745856750546556
S-Y1,500.0,53660,55040,529.1031403202433,138.0,13.802690617049825,0.8,389.8804093235563,1003.9771765681799,128.40068752716704,5.435197301769713,4.6646312769526075
S-Y1,500.0,54500,55490,511.1760946290524,99.0,18.58822162287463,0.8629979684277292,467.9163479736481,59.52931536847957,10.453748129370238,7.3549626930651755,62.547138943801556
S-Y1,500.0,55040,55940,515.5917786186183,90.0,20.62367114474473,0.8,400.8920489488615,500.5012154537337,63.34913253787514,18.32198676256487,56.16703637747302
S-Y1,500.0,55400,56420,539.1411830628058,102.0,19.028512343393146,0.8762609138679909,175.3714709474783,581.5475662598963,171.0431111405183,5.512290839544478,82.49562741065982
S-Y1,500.0,55940,57120,596.0230158241175,118.0,18.183753025142565,0.8769570402452289,374.2068398390246,1042.1044090810553,265.72542719572124,149.83996765840715,178.13301526884283
S-Y1,500.0,56420,57300,551.7864689689595,88.0,22.573082821457437,0.8261586935063518,477.37744698906914,95.70213202252825,357.39786472077344,332.28632441358485,373.23907366148444
S-Y1,500.0,57030,57750,545.1644426922285,72.0,27.258222134611422,0.8,517.4781999579409,167.3151484212005,187.49350597196744,14.092435602289793,251.0861430026458
S-Y1,500.0,57210,58110,532.715927061814,90.0,21.30863708247256,0.8846272928295945,505.13194574018075,217.14885060230725,183.51705138901076,19.631803447077207,223.81437923495346
S-Y1,500.0,57660,58471,512.5533304892888,81.10000000000036,22.752059059943665,1.1970565081047277,428.355227781244,27.15452517115205,65.28210321033963,19.64692330908287,22.13736771149907
S-Y1,500.0,58020,58830,501.4370768973313,81.0,22.286092306548056,1.25,361.78463387235456,791.7517002171297,57.62155887139374,23.387221351004587,203.2519022512718
S-Y1,500.0,58471,59460,534.570473839849,98.89999999999964,19.45858145423118,1.25,277.9561940629141,429.39758291597354,46.94363293852758,14.616494733512374,195.96833055462662
S-Y1,500.0,58830,59910,551.6730793974566,108.0,18.38910264658189,1.0184344213563887,118.38800390810698,562.8922739137437,34.962020405744845,20.444448249832934,46.09293473863791
S-Y1,500.0,59370,60180,503.8392884108762,81.0,22.392857262705608,0.8776660183668304,231.32671307532019,630.1539746743194,44.933966129063194,78.19223773823828,105.43010860031195
S-Y1,500.0,59910,60630,514.2167119964724,72.0,25.710835599823625,0.9135537672493562,261.96124463343347,193.68982784795077,68.55509170240819,12.546690634693691,106.07503272064436
S-Y1,500.0,60180,60900,527.3988490506745,72.0,26.369942452533724,0.9165131459278899,293.10791950748023,508.08845368362614,85.21038552779578,15.35948987828131,121.82913049714924
S-Y1,500.0,60630,61350,520.9673531627996,72.0,26.04836765813998,1.022860825279695,251.63115686838694,728.9664321919563,47.560467421499034,10.249618806104106,36.933590664489095
S-Y1,500.0,60900,61710,511.8824090213966,81.0,22.75032928983985,1.050799685496263,451.5459564977572,698.0483095632121,58.283439205438924,4.40421066867566,87.39810706538815
S-Y1,500.0,61260,62450,538.468386554101,119.0,16.289799929367764,1.1383470346448905,422.24648117976017,447.3067554402798,180.26169877640896,6.023163518984013,279.7870563658609
S-Y1,500.0,61620,62810,526.3388286576374,119.0,15.922855320735248,1.0334190096670548,77.63162091329792,722.9336962577369,190.4066467214533,5.692616729287156,214.3496867350343
S-Y1,500.0,62250,63260,527.6657237252366,101.0,18.80788718228566,0.8403583961829545,491.35098119355223,939.1503991163258,94.64793832436011,4.354829134106171,6.2822202951327375
S-Y1,500.0,62720,63620,602.0207116911406,90.0,24.080828467645627,0.8,490.7959569405346,455.10848217262964,34.01221253046879,2.619647285233477,93.63056000654308
S-Y1,500.0,63170,63800,578.1492912173053,63.0,33.03710235527459,0.8542110900084398,569.4198477188241,575.0005865828225,79.25761650917974,2.4088560246955906,151.39982730592078
S-Y1,500.0,63620,64280,571.7690086896982,66.0,31.18740047398354,0.928548230506416,570.2867043598214,86.13534190722852,83.50044025262154,1.787913203745628,118.36813680285488
S-Y1,500.0,63800,64460,503.6428332635187,66.0,27.4714272689192,0.9884618210687237,498.6745842052587,97.12435658361079,64.79848866023275,0.43943452190908977,69.8625608378351
S-Y1,500.0,64190,66460,521.1921302480841,227.0,8.265602065608382,1.103793686803933,511.6966894050147,165.57640120928477,29.961370109290232,4.451948624891657,21.85013372330359
S-Y1,500.0,64370,66730,539.2779944962604,236.0,8.226274492315836,1.1434247778172262,492.51177448534014,35.060183562426126,49.666295882072596,10.297870992886516,23.991290451154274
S-Y1,1000.0,0,1313,1046.6673830149227,131.3,28.697658635595747,1.0,893.2613564154811,1086.4287877487143,331.1269262115731,9.669302459274949,331.1269262115731
S-Y1,1000.0,854,1494,1073.7316547341773,64.0,60.397405578797475,1.25,965.7712697936014,276.20821513989097,333.6037746811209,3.929424283753721,166.05656643073152
S-Y1,1000.0,1034,1674,1131.9614187964216,64.0,63.67282980729872,1.25,938.1731228412569,219.77348283164105,378.53761217008224,5.83831214931712,192.3111628981818
S-Y1,1000.0,1214,1854,1107.4897813724333,64.0,62.296300202199376,1.25,914.0669539902922,990.092446867449,328.53964044906013,4.881433641231934,146.51508784441918
S-Y1,1000.0,1313,1944,1097.0792084837265,63.099999999999994,62.590889865949535,1.25,899.0930593634887,834.6779811463045,326.3121334157803,5.518570310629589,139.57920490526502
S-Y1,1000.0,1494,2124,1078.9522503281314,63.0,61.65441430446466,1.25,863.6080330682063,589.2610430860882,315.4386934524279,6.26136651161118,129.8688869216028
S-Y1,1000.0,1584,2214,1062.449734898266,63.0,60.711413422758056,1.25,890.1803366121517,760.4165750820619,305.7940801623451,4.76063478452381,118.88475057082768
S-Y1,1000.0,1764,2484,1037.1090699307338,72.0,51.85545349653669,1.25,971.3349418358229,550.5211511080735,210.13206913894624,6.975244537869646,27.09965945763371
S-Y1,1000.0,1944,2844,1036.5145662708305,90.00000000000003,41.46058265083321,1.25,928.5708962822068,121.76629616574812,189.59044212344,15.241881363222799,18.290357982343835
S-Y1,1000.0,2034,3050,1992.230803846834,101.6,70.59085525441539,1.25,322.51866827113105,1184.1550709596008,1083.8232313798296,1.8669033265051393,909.5070718078971
S-Y1,1000.0,2214,3050,1709.7301601725017,83.6,73.62474373948572,1.25,594.6865503008034,1243.9026727226378,1048.972135462263,6.429282715995979,885.5587791967511
S-Y1,1000.0,2394,3050,1514.63402171596,65.6,83.12015972831489,1.25,786.3371710696389,1254.312920219268,1026.0641995041192,12.399925143111178,906.9085582717356
S-Y1,1000.0,2664,3050,1240.8660673690983,38.599999999999966,115.72844151628908,1.25,983.1319688979668,1158.765629710261,1013.3296913884967,9.544436325366442,958.9150778273143
S-Y1,1000.0,3050,5450,1042.8024232683065,240.0,15.642036349024599,1.25,831.6540090298371,1459.5656254409344,164.4017593609258,10.923515715198173,151.73979106679894
S-Y1,1000.0,3050,5450,1042.8024232683065,240.0,15.642036349024599,1.25,831.6540090298371,1459.5656254409344,164.4017593609258,10.923515715198173,151.73979106679894
S-Y1,1000.0,3050,5450,1042.8024232683065,240.0,15.642036349024599,1.25,831.6540090298371,1459.5656254409344,164.4017593609258,10.923515715198173,151.73979106679894
S-Y1,1000.0,3050,5450,1042.8024232683065,240.0,15.642036349024599,1.25,831.6540090298371,1459.5656254409344,164.4017593609258,10.923515715198173,151.73979106679894
S-Y1,1000.0,3050,5450,1042.8024232683065,240.0,15.642036349024599,1.25,831.6540090298371,1459.5656254409344,164.4017593609258,10.923515715198173,151.73979106679894
S-Y1,1000.0,3230,5720,1071.778370500324,249.0,15.495590898799865,1.25,807.3358215913252,601.5801214966621,342.1733966167239,33.20802827959695,156.06761224680432
S-Y1,1000.0,3320,5810,1024.8512532408931,249.0,14.817126552880383,1.25,784.1414244933802,836.4508888015235,311.55451457965046,34.37291163157048,125.54583070617431
S-Y1,1000.0,4030,6080,1007.2567706658429,205.0,17.688411582424557,1.25,828.9393656494718,1110.6292477670643,246.4192131972336,35.347238240260424,47.412550712348455
S-Y1,1000.0,5450,6530,1080.955758599046,108.0,36.031858619968204,1.25,1066.8008612362448,306.43724038484015,139.70419365730453,4.133234812495727,95.38832199925592
S-Y1,1000.0,5630,6710,1039.5962697976056,108.0,34.65320899325352,1.2122486467039078,1037.5758770648872,256.4048665256591,184.62570616135844,8.081484483669406,8.663567219684925
S-Y1,1000.0,5810,7330,1083.9495475987587,152.0,25.67248928523376,1.1553159443589334,1055.4585386359045,99.84814968949509,114.29887639465281,3.6763167115304136,36.87211852053402
S-Y1,1000.0,6080,7510,1104.4124494855014,143.0,27.803390336697937,1.1964433630445706,1058.9926366983302,145.47137036115592,75.85275462539356,3.8307855576679715,126.946199356642
S-Y1,1000.0,6440,7690,1049.438174172129,125.0,30.223819416157315,1.1161478050124904,996.1884662325347,397.4302757359428,111.71678172131244,5.232023109880416,3.060465778794311
S-Y1,1000.0,6620,7870,1063.4698261773765,125.0,30.627930993908446,1.1685669719038267,1035.748264985265,499.00918978779356,98.52134855783717,3.8911058756392105,64.62906672094215
S-Y1,1000.0,7241,8050,1006.4301204195026,80.89999999999998,44.78551833757986,1.0726092388213948,998.7584934644688,172.94485026041542,125.8933394621676,4.624001797906639,62.38242176620962
S-Y1,1000.0,7420,8410,1069.7461973814297,99.0,38.899861722961084,1.0831143702014563,1060.3188954203206,151.19627009301064,131.98851570326505,8.224028055930777,54.27529205450813
S-Y1,1000.0,7690,8681,1053.0469496628848,99.10000000000002,38.25397597160832,1.1126443629002851,1045.0829417073178,185.3595131929086,161.6841351266054,8.40503388251823,61.51248416980288
S-Y1,1000.0,7870,8951,1005.6640829971675,108.10000000000002,33.49112579824054,1.076746516560806,898.8504248359004,150.11764207694364,148.94740011264338,14.957580388494097,102.49990981086074
S-Y1,1000.0,8050,9220,1065.4216057859521,117.0,32.78220325495238,1.0890497740883742,804.634358879168,332.6252474161165,197.24785437243779,25.840233017791103,118.2097765442636
S-Y1,1000.0,8410,9490,1011.8417598653623,108.0,33.728058662178746,1.113954830722245,778.9181079512069,657.9352852223981,186.64820485200391,32.73335642495453,115.34067614273766
S-Y1,1000.0,8590,9760,1071.534299405841,117.0,32.97028613556434,1.139555979872611,403.33908381459577,486.79124931871667,261.7592270605467,33.80164794601916,151.36457513949728
S-Y1,1000.0,8860,9940,1011.099023303188,108.0,33.703300776772934,1.1885448027828314,36.540726214477125,742.2083211252399,248.52574785423042,30.989149495728178,104.04725373443776
S-Y1,1000.0,9220,10390,1004.3327268481553,117.0,30.902545441481703,1.1940857113510661,432.7565004729508,1075.354699853622,189.7272203450054,23.498463519473837,125.60516819365156
S-Y1,1000.0,9400,10850,1075.4584850046595,145.0,26.701038248391544,1.2395451711952257,669.2899791153819,1312.9482935637257,212.52205013247607,23.153415200655378,2.546250855660085
S-Y1,1000.0,9670,11260,1056.8351318910627,159.0,23.928342608854248,1.25,630.1330751868305,641.3683752101379,178.65020210953526,10.808540083647921,43.269465109980786
S-Y1,1000.0,9940,11530,1117.529345187022,159.0,25.30255121178163,1.25,950.07010592886,1534.616738967635,167.94243401443546,9.716371075409729,71.8071891809552
S-Y1,1000.0,10300,11710,1053.8091956009412,141.0,26.905766696194245,1.25,1043.085217239943,189.54901395156287,193.2220476248563,9.818850802924295,17.03660026870358
S-Y1,1000.0,10850,12280,1062.4594150127723,143.0,26.74723002829357,1.2393335700426282,967.426712688299,241.66113883733533,136.63072344199702,7.736070231619009,86.78470134900441
S-Y1,1000.0,11260,12460,1079.642095506626,120.0,32.38926286519878,1.082826958112498,967.2682671915788,427.84868885377995,179.5958010962434,7.193485057488588,104.62214727856642
S-Y1,1000.0,11440,12640,1084.8606076536526,120.0,32.54581822960958,1.1255908024405281,1009.2005597041109,556.387345453484,186.84184717475114,8.030123051750065,75.74348290783009
S-Y1,1000.0,11620,12820,1103.2928134598078,120.0,33.098784403794234,1.1538999968142465,962.1902561121371,415.14776063713776,120.76338448981178,4.371232116888927,31.137504787256155
S-Y1,1000.0,12190,13000,1054.3272391587743,81.0,46.858988407056636,1.1028780972225372,879.826823743334,403.4905156005876,144.49770597399353,4.059214860228571,50.785155043562995
S-Y1,1000.0,12370,13180,1044.5236534788182,81.0,46.423273487947476,1.1715667591181531,945.1527880702365,703.2285553060478,115.32479555765077,4.537667004430297,44.842041690636904
S-Y1,1000.0,12550,13360,1058.03573349607,81.0,47.02381037760311,1.2049573128561784,1036.7925465692276,625.3434613238276,99.42515393476255,4.901980185714831,98.00878438219557
S-Y1,1000.0,12820,13630,1053.5827774645695,81.0,46.82590122064754,1.1199775815761,1004.7899025115516,437.1564500247123,131.50169863564608,7.851699315501728,21.659645947918747
S-Y1,1000.0,13000,13810,1038.9644246678672,81.0,46.176196651905215,1.077335844820314,913.5577368837119,275.69984931477325,151.87865640523168,11.586529632554795,85.68195177361036
S-Y1,1000.0,13180,13990,1040.9449112949133,81.0,46.26421827977392,1.1100720923135903,815.8672429055005,545.2234083141294,167.09478185757033,10.310563749953543,69.81379559524568
S-Y1,1000.0,13360,14170,1030.4835431600823,81.0,45.79926858489255,1.144820157896491,851.5046277453699,658.6994793818199,144.0328873674051,9.151555470242087,14.786909309825408
S-Y1,1000.0,13540,14351,1032.2100183331077,81.10000000000014,45.81943361281358,1.150892273045876,969.4365069671878,892.1138614418064,99.96999663714851,9.546091904398358,42.1555189994499
S-Y1,1000.0,13720,14530,1025.936556170138,81.0,45.59718027422836,1.1395080353267946,1004.6137580243137,465.6604765339303,146.15423667143358,9.436527485191451,23.646080250902497
S-Y1,1000.0,13990,14890,1007.7439561077135,90.0,40.30975824430854,1.1347739578861102,633.5608378479913,275.15238638163135,101.41667451724777,6.398638978507702,22.048256485162906
S-Y1,1000.0,14170,15070,1021.099744185105,90.0,40.8439897674042,1.138475474150311,460.60261842484573,733.0822086470826,166.539433381252,8.218890560891584,48.24192611488939
S-Y1,1000.0,14351,15340,1104.0821843483518,98.89999999999986,40.18903805514734,1.1310843490496212,635.8560376695355,970.8343737081625,204.90719021337753,17.20734511480839,85.83832425925164
S-Y1,1000.0,14530,15430,1021.8599083888948,90.0,40.874396335555794,1.1805567165842594,732.7858223245718,1062.4432215382524,147.48586187710626,15.991104286115677,14.952077902368325
S-Y1,1000.0,14890,15900,1084.3274450091467,101.0,38.649295069632956,1.1142585481407234,869.3135595187963,812.8817676644599,246.6982689262978,15.716192609100057,149.74330660724152
S-Y1,1000.0,14980,16270,1010.1354327805802,129.0,28.18982603108596,1.1345897136958831,883.2953099496397,926.6000723333128,230.3602368969889,19.753140093472194,124.21686716068072
S-Y1,1000.0,15250,16720,1108.09469808205,147.0,27.137013014254283,1.1475717176586178,900.2926974407361,472.507169500471,215.52982345501525,2.5440445965930767,83.46405554146304
S-Y1,1000.0,15430,16900,1042.876434015774,147.0,25.539831037120997,1.1934737165434697,810.4793610673054,567.65581916138,216.94847708078365,16.696108503887785,58.11450127349378
S-Y1,1000.0,15610,17170,1033.5585828119529,156.0,23.851351911045064,1.25,574.5512696239366,566.413678849714,159.24975139314745,82.18571161805141,55.86484012370919
S-Y1,1000.0,16270,17350,1061.5031492960734,108.0,35.38343830986911,1.2492713016456267,238.78286671589797,823.6693825882824,174.88615064797048,80.67270882752669,66.30041082670849
S-Y1,1000.0,16630,17620,1037.2933110288523,99.0,37.719756764685535,1.2238833547317396,247.81122501649452,1085.6326077017034,497.93116274757307,497.93116274757307,497.93116274757307
S-Y1,1000.0,16810,18560,1115.7591131976496,175.0,22.952758900065938,1.156038384602613,219.68886527964278,1246.9754797287742,175.1751790905271,124.68896716662697,10.348680670421917
S-Y1,1000.0,17170,18740,1057.9146430465225,157.0,24.25791538195848,1.1377544832480913,43.94775446995073,953.3816939614414,151.8743549688392,41.26369758486027,21.83576986937585
S-Y1,1000.0,17350,19010,1087.266882213542,166.0,23.579281782944285,1.1126707381331244,449.1708163518552,1304.4137951181579,424.90444817627895,480.7447331538119,480.7447331538119
S-Y1,1000.0,17530,19190,1067.714957948654,166.0,23.155264148284065,1.1557549172468176,749.5942295778312,1615.9359082219507,61.36267744839778,41.446460997885076,98.48216328464527
S-Y1,1000.0,18470,19460,1086.153166795797,99.0,39.496478792574436,1.0580955125425238,898.6690865084327,350.6866792745993,64.22245053759498,10.139473735888176,6.880389944129359
S-Y1,1000.0,18650,19730,1055.5137509766646,108.0,35.183791699222155,1.0384550029016495,779.5918460997593,292.8178778566628,71.36069834903442,18.37765707687043,32.934675876589964
S-Y1,1000.0,18920,20090,1037.3675634220272,117.0,31.91900195144699,0.9654986559491305,464.05741180371575,769.228465134705,75.4862879231493,16.423118737949125,109.20115482244917
S-Y1,1000.0,19190,20360,1010.6533930995101,117.0,31.097027479984927,1.0303971292888483,715.4560767153296,860.8574807771535,65.20234406346698,22.27005033929041,35.859207153468205
S-Y1,1000.0,19370,20540,1065.3951727052518,117.0,32.78138992939236,1.0136303470248689,797.20179520054,704.4698619737218,114.58099274546747,22.62371427261653,101.37435702364976
S-Y1,1000.0,19640,20720,1079.3654946628994,108.0,35.97884982209665,1.0580204690008388,807.3114104214409,235.20192573593357,136.0012553395434,11.26766902972035,80.65753174494142
S-Y1,1000.0,20090,20990,1094.256837511406,90.0,43.77027350045624,1.0582547840480216,1017.2617247620428,1514.7640790367034,172.96848219902338,12.153753212635227,119.24176165729651
S-Y1,1000.0,20360,21260,1084.7971424433308,90.0,43.39188569773323,1.044973485554411,812.2565071934456,175.28887030373144,137.6908052472986,13.103610834399012,94.51757313185986
S-Y1,1000.0,20540,21440,1042.3122509030181,90.0,41.692490036120724,1.088252494201495,631.711022487505,406.4980306520781,155.1004403161994,11.932510231060109,75.81841601486335
S-Y1,1000.0,20720,21800,1023.1138934273222,108.0,34.1037964475774,1.1430379994774051,641.608691958472,550.1172907506284,70.20935204716447,13.162063842228468,63.69777090998858
S-Y1,1000.0,20900,22160,1031.3228940067129,126.0,29.466368400191797,1.1580462486113137,781.5477660232137,1106.420633542799,28.54690741007258,22.780047727637285,191.09102873743942
S-Y1,1000.0,21170,22520,1049.6154997464946,135.0,27.989746659906523,1.117182077479775,802.9240973390163,709.5027710467502,362.2069145571047,32.52828920772288,487.8757011873144
S-Y1,1000.0,21350,22790,1072.1238390859035,144.0,26.803095977147585,1.1490467146215413,837.5518817525655,637.8815696991,476.46002888506456,31.68422922772055,476.46002888506456
S-Y1,1000.0,21620,22970,1092.4097066290415,135.0,29.130925510107772,1.135505983917788,879.7806314319953,507.06420366293264,480.36971516253533,37.641599285045835,480.36971516253533
S-Y1,1000.0,22070,23860,1022.7959027786346,179.0,20.570196927391535,0.9736829680023634,627.8494835098155,743.476726928248,484.6252298193835,28.56296707281363,484.6252298193835
S-Y1,1000.0,22430,24480,1012.009578932084,205.0,17.771875532465863,0.8788863665403139,764.084430987234,760.7147449714286,495.59378544959407,7.272021950594435,393.5725310691571
S-Y1,1000.0,22700,24750,1018.2437350783875,205.0,17.881353396498515,0.8,882.9780196257893,658.2047968161747,264.5154739541557,7.514899697789598,412.4145507347273
S-Y1,1000.0,22880,25140,1037.199611504042,226.0,16.521763723073235,0.8,658.008186766486,768.4255787355191,202.60331044947262,11.660985656464513,231.13216676949142
S-Y1,1000.0,23860,25411,1042.4998053704476,155.10000000000036,24.19728755211865,0.9939987424638518,489.84642961969723,610.4951470863374,225.24502378164482,9.608978713411682,230.2007870079306
S-Y1,1000.0,24040,25590,1014.8472169938141,155.0,23.570645039856327,1.25,604.7299232686051,1068.8780401958863,172.4508237768252,8.989412489095047,39.758197123491776
S-Y1,1000.0,24750,25950,1102.5835698241717,120.0,33.077507094725156,1.25,712.508939811411,1200.6235571628524,127.46270331763444,17.320099856889467,113.80099726229935
S-Y1,1000.0,25140,26130,1043.4532406552134,99.0,37.943754205644126,1.25,394.2856131014385,600.84399230965,193.9734416542811,23.42379533596669,17.592230558484957
S-Y1,1000.0,25320,26310,1018.8136805179893,99.0,37.047770200654156,1.1782024218529152,502.2922892685957,880.0965634598807,200.53554015533905,35.110187989631115,60.34482154954094
S-Y1,1000.0,25590,26580,1011.2692228171691,99.0,36.773426284260694,1.1895129065323562,740.177725531332,1250.7045607399527,149.75309343961155,55.33305539547509,5.759071868645374
S-Y1,1000.0,25860,26940,1013.7070887358204,108.0,33.79023629119402,1.1396394564503314,582.3610835409083,439.1527244211122,42.567230066558245,44.03101154016018,71.28979048274245
S-Y1,1000.0,26130,27120,1006.0022835983618,99.0,36.58190122175861,1.17157855754779,298.6238508278046,755.5641788594553,7.093976600596041,55.98302402557924,188.60663866520318
S-Y1,1000.0,26310,27300,1156.862882944035,99.0,42.06774119796491,1.1664989405878061,683.8258344743175,1727.9947323277079,103.49271999923096,39.51543965256792,78.92963386569299
S-Y1,1000.0,26580,27570,1009.787001519071,99.0,36.71952732796622,1.172196074284937,856.6615691136922,1185.6583261982837,123.39628799201107,23.030961572295748,30.393119024926335
S-Y1,1000.0,26940,27840,1009.4179915159257,90.0,40.37671966063703,1.0352270761063949,969.2031810132428,718.9100017027203,144.92282969934163,4.5639669502347235,114.83355267623365
S-Y1,1000.0,27120,28020,1061.690484082108,90.0,42.46761936328432,0.9900708403678629,983.581835388024,437.29891881926903,172.9882404433145,5.594015705957516,181.8293394306931
S-Y1,1000.0,27210,28110,1026.0512172378876,90.0,41.042048689515504,0.9958352812232811,956.1970958791309,426.16815639293765,161.4078643324845,6.279621525860502,165.01818671859053
S-Y1,1000.0,27390,28470,1021.387921074951,108.0,34.046264035831705,1.078241088227368,939.8301257579861,452.41146304088846,46.75875115676532,28.571110499951743,21.904006992550606
S-Y1,1000.0,27840,28830,1024.32376961517,99.0,37.24813707691528,1.0683559509868812,700.1487950870421,375.1595408549562,146.36061340180603,49.64773357671801,84.98634114706353
S-Y1,1000.0,28020,29280,1005.3268346057448,126.0,28.72362384587842,1.1072817407699107,608.3958636190594,519.6891922540349,150.05913064504227,47.192233723249984,61.019316944795406
S-Y1,1000.0,28110,29550,1082.0752945340064,144.0,27.05188236335016,1.1468236658873325,452.54467076893263,597.161955261561,101.54131573889737,46.07751964464817,49.19066536143816
S-Y1,1000.0,28380,29821,1001.7928713442234,144.10000000000036,25.02744161581676,1.1593809439748688,240.4685985943847,696.9074739388155,78.86282688693173,25.307220195445094,71.42289708217127
S-Y1,1000.0,28740,30090,1023.0881244344891,135.0,27.282349984919712,1.0517665379280605,645.5113282495975,1554.1710083725159,64.9052005073427,6.01441106962429,16.04778642678889
S-Y1,1000.0,29100,30440,1025.845394056625,134.0,27.560025511969034,1.1330245401891417,970.0720822748582,1184.4900292709474,115.27600937296653,6.689042557957024,7.194481145134644
S-Y1,1000.0,29460,30800,1049.342273297516,134.0,28.191284954261622,1.0433392951862117,931.5714861480078,215.01496064822746,12.708848305737558,13.020624314985609,33.212565679474125
S-Y1,1000.0,29821,30980,1064.5693472756102,115.89999999999964,33.06686497145996,1.0732310593216283,951.3612661163776,898.7225148151152,20.223598761349507,13.612809784417733,100.1134171568077
S-Y1,1000.0,30090,31250,1043.8193769056052,116.0,32.3943944556912,1.0372073189666993,945.101369162874,388.6140855979056,36.052156053119674,12.044983551254116,76.13373151342392
S-Y1,1000.0,30440,31730,1007.7865653955232,129.0,28.124276243595997,1.1200284248395287,973.2484995416845,1160.0768569903985,92.80540441522145,20.607967821523083,227.1396399309805
S-Y1,1000.0,30710,32180,1109.2605466539826,147.0,27.165564407852635,1.0811096295301719,1019.5480825255873,227.24174123577828,9.347723913021687,11.265426350832698,83.93393158297445
S-Y1,1000.0,30980,32360,1055.9724452059672,138.0,27.547107266242623,0.9658503083624552,916.9971952772313,495.6812264383294,119.30135215291514,8.661233051404334,151.48491044060984
S-Y1,1000.0,31160,32450,1037.137071360652,129.0,28.943360130994943,0.9735382547166336,935.0668907238121,583.4129587531967,156.02888436930243,8.225475772065948,179.10551413614294
S-Y1,1000.0,31730,32630,1023.3987712747839,90.0,40.935950850991354,0.9082433988040199,942.3987284830612,109.58487190642109,180.5770068370729,4.497083336373984,255.54049524526283
S-Y1,1000.0,32180,32810,1017.9403219243504,63.0,58.16801839567717,1.1425863140905073,760.4112534655794,400.0744607750329,233.74742005566523,8.216217941517302,123.83843422416808
S-Y1,1000.0,32360,32990,1076.188961929165,63.0,61.49651211023801,1.154997701663131,892.1236523673465,884.9757140502874,318.4974007535591,10.410843246931453,204.17119767637533
S-Y1,1000.0,32450,33080,1092.9284094603827,63.0,62.453051969164726,1.1577073941695453,936.234074913387,846.0981076825452,323.13159563304356,9.81312873393883,210.2539335865886
S-Y1,1000.0,32630,33260,1137.6814538987492,63.0,65.01036879421424,1.241259824011581,1004.080503466917,1074.3668373133742,287.37144276138565,5.969698394223846,89.58611402957415
S-Y1,1000.0,32810,33440,1154.4736170537653,63.0,65.96992097450088,1.25,932.948956019556,458.36962813298226,239.48672168534515,4.634502142356175,14.128518050186589
S-Y1,1000.0,32900,33530,1156.8113859591904,63.0,66.1035077690966,1.25,923.8218690559829,1081.101825828854,206.99606292039527,5.165999585607798,25.55825727734376
S-Y1,1000.0,33080,33710,1161.4667866685995,63.0,66.36953066677711,1.25,930.2554075754218,1201.6033908575148,146.3924874955701,8.309796625583107,105.74635911090135
S-Y1,1000.0,33170,33800,1165.9363661864263,63.0,66.62493521065294,1.25,932.4076221597883,1115.316926325287,144.09878938046015,7.110770261063506,109.49088197534594
S-Y1,1000.0,33350,33980,1071.7122705237562,63.0,61.24070117278607,1.25,934.9011157296435,1071.9441243701037,177.1868049639817,8.17463944929695,45.27145045273494
S-Y1,1000.0,33440,34610,1047.3535669901503,117.0,32.226263599696935,1.25,970.1818371523265,1024.2341183928556,138.4000338761474,6.79521372351207,69.93690239652283
S-Y1,1000.0,33620,34880,1075.06507447868,126.0,30.71614498510514,1.25,878.130473384673,848.7188900827614,162.74139897687115,11.448741434434641,67.1496360985488
S-Y1,1000.0,33710,34970,1047.599423286465,126.0,29.931412093899002,1.25,859.4633954454694,761.0659903910943,166.53415454336889,12.569081195153778,56.45625198047059
S-Y1,1000.0,33890,35150,1052.481276997598,126.0,30.070893628502798,1.25,887.9460864614215,939.4560964417848,147.47356900327412,10.080602417934333,81.17417097185697
S-Y1,1000.0,34430,35240,1038.7707003825744,81.0,46.167586683669974,1.2143853745742663,954.9584858436856,1167.219438015741,142.66552260215133,8.649438234496497,51.31169172549026
S-Y1,1000.0,34790,35690,1038.3042499576877,90.0,41.53216999830751,1.1701754564533982,865.8706730833273,172.3357671025477,170.8529363984055,15.647848815678229,98.10483406968028
S-Y1,1000.0,34970,35960,1057.6077282097795,99.0,38.45846284399198,1.1842431798466422,679.3571740440428,235.74515919580574,164.7049264351772,19.287590007182214,12.082330704773605
S-Y1,1000.0,35150,36230,1032.967905878104,108.0,34.43226352927013,1.135862911898147,705.9166541806417,931.158298692944,164.01452730480503,23.54473877233117,48.08398892651464
S-Y1,1000.0,35240,36410,1044.7538917504717,117.0,32.14627359232221,1.1687348863716414,846.3406580088291,1238.104537222488,102.35370580573479,25.63003472167612,53.434819469353
S-Y1,1000.0,35600,36680,1077.1096229932155,108.0,35.90365409977385,1.2123133658463008,937.6335721258082,141.50038380974632,31.141409701376894,25.78779073498071,200.4587918469047
S-Y1,1000.0,35870,36860,1041.7223782696092,99.0,37.880813755258515,1.1663916791625666,724.9115678324746,621.9856417131166,89.4034098825726,22.11259331278575,73.31239390884974
S-Y1,1000.0,36050,37040,1050.0667510224448,99.0,38.184245491725264,1.1537577531279697,686.0578908904325,838.0643796729515,103.12551529700207,23.297164519133457,46.46389093141266
S-Y1,1000.0,36320,37310,1031.221576752694,99.0,37.498966427370696,1.1548716225457272,879.2484813008399,1482.5768097715163,123.50061465531716,18.809473749458483,3.9306866035338963
S-Y1,1000.0,36680,37760,1007.7622183938001,108.0,33.592073946460005,1.0043566738610326,917.1897096851785,116.75327970262872,184.37331527418937,22.81058517518323,180.89150518451464
S-Y1,1000.0,36860,38360,1004.3120624193907,150.0,24.103489498065375,1.0199449876949784,728.6326808961153,379.2618917806317,175.80910121275699,12.263239444490765,161.845910586497
S-Y1,1000.0,37040,38950,1013.5733037596001,191.0,19.10399944258932,1.0691638994181585,622.4669816537985,786.6744015064096,208.96958285338667,17.34431181568624,177.2043840857842
S-Y1,1000.0,37310,39310,1067.3563563067073,200.0,19.212414413520733,1.1255386397553127,815.4060915810877,827.1260090793078,176.88722113311917,8.754356613013504,67.63552355683201
S-Y1,1000.0,37670,39670,1014.9744661689474,200.0,18.26954039104105,1.1988887361769058,739.9560334749193,1033.7809461929533,173.7173202348873,12.065200164391458,39.013764471008685
S-Y1,1000.0,38270,39940,1049.7120181689534,167.0,22.628522547354684,1.25,845.6960559099094,98.89955511223089,254.76384211353044,23.54400144189509,62.51073160062023
S-Y1,1000.0,38950,40300,1028.4471974826738,135.0,27.42525859953797,1.1640990377783709,682.0240606408588,615.117860668185,268.9558463087899,15.869765202374522,212.40719469675034
S-Y1,1000.0,39220,40750,1001.2362786157464,153.0,23.55850067331168,1.105796392281806,475.69144350139356,516.8972873078533,237.62776068903577,8.556784953811855,201.91371414726595
S-Y1,1000.0,39580,41020,1019.1585971598106,144.0,25.478964928995268,1.1779656534030354,252.14203728315192,468.83742743968065,223.15707669361944,15.40753202619568,116.09036328990183
S-Y1,1000.0,39940,41290,1039.4275125194981,135.0,27.71806700051995,1.242352942861638,687.1454359558015,1225.892501115412,210.68865289623866,10.447018278269251,13.115338856949148
S-Y1,1000.0,40210,41560,1026.5697627389018,135.0,27.375193673037383,1.25,930.1889117187895,618.7080028757489,126.193392590857,11.907193772279019,94.67052709316411
S-Y1,1000.0,40660,41920,1011.9267015581427,126.0,28.91219147308979,1.25,879.312622553986,251.25105071122186,23.838316089338377,66.93803106394388,208.7414670206915
S-Y1,1000.0,41020,42280,1088.7266335059248,126.0,31.106475243026424,1.25,925.9368408892307,362.50142698607186,98.76979614980829,2.413799696722831,148.920350985664
S-Y1,1000.0,41200,42460,1074.6016713212011,126.0,30.70290489489146,1.25,857.443520591617,245.27147676315866,21.491485798732157,6.244584791349374,241.31480670154883
S-Y1,1000.0,41471,42640,1028.2348357255469,116.89999999999964,31.665059098477162,1.1366525959171958,850.1760970656974,1001.9640400188362,64.8824592932439,5.842594769727213,66.0619335653828
S-Y1,1000.0,41920,43110,1020.835180629525,119.0,30.88240882576714,1.1100416022670359,924.169124037423,45.946003841824734,104.36751488569189,38.199857465404236,68.36080314748897
S-Y1,1000.0,42190,43380,1111.0335619500402,119.0,33.61109935311046,1.11787919230713,680.2526207092052,610.4648526887783,230.69881269879608,48.748290582521854,126.1475513018173
S-Y1,1000.0,42460,43650,1005.2806869277847,119.0,30.411852713781723,1.017883179430061,482.7582764620109,666.0145578841434,245.04804769799244,45.92171300380138,231.5336061271781
S-Y1,1000.0,42640,44010,1021.3705501584191,137.0,26.83893416474678,1.0847524086817926,476.11482509944204,1219.8716881160597,31.34315237796532,46.16504482799358,56.64029917694012
S-Y1,1000.0,43110,44370,1064.3554058716472,126.0,30.410154453475634,1.1621329076969205,533.5007614156686,1401.5861750870458,100.90449278733699,9.377036731622109,290.8610214475919
S-Y1,1000.0,43380,44940,1112.5597779035088,156.0,25.6744564131579,1.194440144729762,273.6104712287112,1460.1881919059836,162.3821329815408,10.112238660642552,412.24802958930553
S-Y1,1000.0,43560,45030,1062.005468442403,147.0,26.008297186344564,1.25,410.7052445233018,1607.8352187208714,151.91095531367566,14.197178095601892,458.9155487149309
S-Y1,1000.0,43920,45210,1017.2432782343894,129.0,28.388184508866683,0.9697712351880899,657.2692788011724,1382.0601843882666,73.61614638020382,15.252242728535748,101.09481188822792
S-Y1,1000.0,44280,45720,1005.0930905151326,144.0,25.127327262878318,0.899145938103431,866.3626189184898,746.0180992178142,179.39589470097252,13.553169903456991,262.95699087709676
S-Y1,1000.0,44550,45990,1062.3050591949286,144.0,26.557626479873214,0.8966462684413087,868.5482350632238,566.5689544807241,184.76881332887405,13.087815246174621,268.1183325525317
S-Y1,1000.0,45030,46260,1010.1478409886622,123.0,29.565302663082797,0.9829997369849874,907.3412546271352,898.5774410211986,252.72043571990173,10.83891058205559,265.35243253751537
S-Y1,1000.0,45210,46440,1056.3293749173026,123.0,30.916957314652763,1.0793827219114973,888.963287811939,481.9060947567359,212.56692592351962,27.34914528211492,182.74319408332713
S-Y1,1000.0,45720,46620,1084.3893258929893,90.0,43.37557303571957,1.203191920102444,928.1497705313524,812.0836139421243,295.37826793044286,19.57866933165734,148.15006597009298
S-Y1,1000.0,45990,46800,1111.3062710389931,81.0,49.39138982395525,1.25,980.5599289316335,264.38644275091934,376.97053233479284,18.669303896658064,195.90432746751435
S-Y1,1000.0,46170,46890,1085.758100285646,72.0,54.2879050142823,1.25,957.3258764354548,294.73040801514145,382.86944605978016,14.19853121977462,205.4182996243861
S-Y1,1000.0,46440,47070,1111.9917851306673,63.0,63.54238772175241,1.25,984.7049803675205,673.5435786204401,380.19359831010735,6.904022041926063,210.54941053165817
S-Y1,1000.0,46620,47250,1163.6312148127035,63.0,66.49321227501163,1.25,997.5193093492219,750.5707277406059,343.2838439159566,8.08578636517057,142.13424111135626
S-Y1,1000.0,46710,47250,1004.5382424469572,54.0,66.96921616313047,1.25,843.8909444688254,220.06107701277338,285.5704734550564,7.397275623232835,107.58012294061156
S-Y1,1000.0,46890,47520,1099.7900600861904,63.0,62.845146290639455,1.25,925.8916869658901,1033.8038848597694,252.6291252356252,6.651099098938532,44.05859294495899
S-Y1,1000.0,46980,47700,1088.4076498399372,72.0,54.42038249199686,1.25,970.3594092314858,816.8224723639524,170.40193093852773,3.575174700275866,27.666971983068315
S-Y1,1000.0,47160,47970,1095.457716354853,81.0,48.68700961577124,1.25,978.1913917846797,9.996005167038463,125.3075198571694,1.1505384034116581,116.99023268289204
S-Y1,1000.0,47250,48060,1027.0526857069053,81.0,45.64678603141802,1.25,897.3565226080933,67.18355097209236,106.34447382412854,3.8886405225157783,123.38567226517075
S-Y1,1000.0,47430,48330,1026.9009733564162,90.0,41.07603893425665,1.25,942.7343100449481,791.0790300316339,146.87882080893135,6.628238835565765,73.76170064293295
S-Y1,1000.0,47610,48600,1070.1917063771398,99.0,38.91606205007781,1.25,917.8111486022078,386.6324717451179,148.38697646651943,2.659097714307208,28.433637508866
S-Y1,1000.0,47880,48870,1003.0502887097828,99.0,36.47455595308301,1.25,677.5555288787338,433.53696799162225,262.41959943592457,8.155054100819788,81.2876693337187
S-Y1,1000.0,48060,49550,1014.004156647512,149.0,24.499429288127807,1.2027655404259066,653.2650978120967,596.120369981646,180.35220628532264,2.729308849693791,75.04454814356531
S-Y1,1000.0,48240,49910,1016.8155639684701,167.0,21.919377426865225,1.162689965178419,336.9600391380945,620.0100587668001,172.3785288884853,11.19555525844608,69.77351969943862
S-Y1,1000.0,48600,50540,1018.1598827381094,194.0,18.89368854565564,1.2090617961825203,123.91333276260049,881.630569698397,9.750612971467879,19.067175153616628,205.34011198960135
S-Y1,1000.0,48780,51030,1034.5561114877346,225.0,16.552897783803754,1.2423838459594025,197.66427377889994,1261.629214429958,72.18227038282848,30.303018355059873,346.33021958726493
S-Y1,1000.0,49340,51390,1010.4733666745742,205.0,17.744898146480327,1.25,133.53975281269481,1139.5385734112888,136.45809428463787,37.298910646530885,432.8223727632244
S-Y1,1000.0,49910,51930,1065.7718592138335,202.0,18.99395392658317,1.0441714584756725,288.446660827447,1032.0210819559156,110.26116753060931,42.68284064436441,164.09363323176157
S-Y1,1000.0,50360,52200,1000.6229843737747,184.0,19.577406216008637,0.8938956681439291,364.6604787043959,1448.5206816475022,85.285435269941,38.49837399380122,32.99864721505433
S-Y1,1000.0,50850,52740,1060.324856279236,189.0,20.196663929128302,0.8657167250158277,652.1124015876713,1804.2154339797435,99.7040102036365,42.07469210520212,61.3438604171107
S-Y1,1000.0,51390,53190,1004.8564755089392,180.0,20.097129510178785,0.87462993774155,414.32251784704545,853.4009852332592,134.5766108976024,33.74689776380014,14.894046347633092
S-Y1,1000.0,51840,53660,1000.9928642941304,182.0,19.799858854169614,0.8665478612713127,354.99490558513395,982.5411473288519,101.69816877785074,29.483308789946882,47.7907752601201
S-Y1,1000.0,52200,54500,1013.4672742984039,230.0,15.862966032496757,0.9023524297243378,306.89348236416726,1478.7553342924184,202.17952636935718,19.520451692223144,81.60181691334435
S-Y1,1000.0,52650,55040,1033.2277754409151,239.0,15.563263563126755,0.9347435082896802,181.96144310603287,1422.1387722346963,242.8448667752161,13.451787528053309,158.7538552698179
S-Y1,1000.0,53100,55490,1009.8491485167906,239.0,15.211116881424461,0.8532866083674444,462.3912714196883,1069.1790308118348,112.64769850990062,16.786761199502717,54.58233506538224
S-Y1,1000.0,53660,55940,1044.6949189388615,228.0,16.495182930613602,0.8,717.7178511205127,1780.945011456082,191.7992323105656,14.036861868788531,58.329959508942004
S-Y1,1000.0,54500,56420,1034.073964611227,192.0,19.388886836460507,0.8629979684277292,584.1983586239667,608.6976288683823,173.93435164536808,11.664515424014636,6.899270180926867
S-Y1,1000.0,55040,57120,1111.6147944427357,208.0,19.239486826893504,0.8,262.227005993586,1036.429922812188,179.41638602971577,17.171265285007756,82.24283371828521
S-Y1,1000.0,55400,57210,1007.6318201309768,181.0,20.04129587000838,0.8762609138679909,280.4551719794101,1182.626547437719,173.84298682859853,10.184496405684621,26.465845412474813
S-Y1,1000.0,55940,57750,1025.0883601345413,181.0,20.388497770631762,0.8769570402452289,776.9911448960643,1666.9833411947038,75.67622761368023,136.59892887016193,43.00204218429426
S-Y1,1000.0,56420,58110,1001.206564129985,169.0,21.327477105727493,0.8261586935063518,901.5230545748705,270.96441333928027,480.20217423102014,328.289993086601,612.3021465782778
S-Y1,1000.0,57030,58560,1033.741149739435,153.0,24.32332117033965,0.8,820.5375834794644,283.58154177981214,178.90586728694888,35.84066324941146,273.2805281207072
S-Y1,1000.0,57210,58920,1051.181754547506,171.0,22.130142201000126,0.8846272928295945,665.0670862385605,757.1877727614814,130.24456893384348,43.067636727270916,213.60127877290492
S-Y1,1000.0,57660,59460,1047.1238043291378,180.0,20.942476086582758,1.1970565081047277,560.4031433521035,598.5258551687654,31.981561606191136,36.85947988239813,175.31841756128208
S-Y1,1000.0,58020,59910,1053.1101562947879,189.0,20.059241072281672,1.25,444.4566573391452,1489.102098575961,93.51219043435358,42.5923828362376,390.5788535267082
S-Y1,1000.0,58471,60270,1035.842151135279,179.89999999999964,20.728358777582056,1.25,509.6741133031147,1222.2091519056848,78.74535092021276,24.612735133253235,363.20806576014024
S-Y1,1000.0,58830,60630,1065.889791393929,180.0,21.31779582787858,1.0184344213563887,377.39077794112524,965.9896531367106,31.372339316800993,28.779224945980562,12.41680750620917
S-Y1,1000.0,59370,60900,1031.2381374615507,153.0,24.264426763801193,0.8776660183668304,395.49463041856166,1329.646945714957,128.47893542756555,92.70222662838485,121.89098323918121
S-Y1,1000.0,59910,61350,1035.184065159272,144.0,25.879601628981803,0.9135537672493562,383.9282375172208,690.99116046575,115.23478598129448,21.023394930982484,196.10286762593304
S-Y1,1000.0,60180,61620,1014.5805546952688,144.0,25.36451386738172,0.9165131459278899,252.30105101724448,706.5084600291821,71.502958574113,18.430099820621354,151.4062064552852
S-Y1,1000.0,60630,62450,1008.7568072602953,182.0,19.95343135240145,1.022860825279695,504.36979880154445,1565.4471114408548,138.66576924812193,10.944573392132332,165.08369115700677
S-Y1,1000.0,60900,62810,1013.5205343022317,191.0,19.103004835015884,1.050799685496263,392.82512878354584,1293.139964443559,204.82661969512867,6.521007183522675,266.8574884898106
S-Y1,1000.0,61260,63260,1010.6542802240729,200.0,18.191777044033312,1.1383470346448905,36.12485013658839,1271.3445526397313,243.96016384112332,5.503275829841848,418.06157423031334
S-Y1,1000.0,61620,63620,1085.8007876249685,200.0,19.544414177249436,1.0334190096670548,414.63126819726,1629.7986652628076,202.26414790823273,2.3564534690144394,245.3575753261057
S-Y1,1000.0,62250,63800,1058.7073323597215,155.0,24.589331590290307,0.8403583961829545,800.1277443087002,1814.1085101773524,20.298586978497816,2.9584009386256804,151.91700116698814
S-Y1,1000.0,62720,64190,1054.3338539541292,147.0,25.820420913162348,0.8,890.7744748167814,973.7432303731163,32.33195472008273,3.3020805978424637,236.8055071875217
S-Y1,1000.0,63170,64370,1023.7241487284482,120.0,30.711724461853446,0.8542110900084398,1005.2380162897499,1082.0321797000813,127.63291831660045,2.413454506780836,256.7050221914659
S-Y1,1000.0,63620,66550,1080.5969575026393,293.0,13.276959204810584,0.928548230506416,1064.8313212558182,223.6355826925177,122.91492477493038,3.90952217213889,191.44022532280732
S-Y1,2000.0,0,1944,2143.746591498649,194.4,39.69901095367869,1.0,1268.874414291803,2330.63871999338,598.2672293966313,5.04493113564691,598.2672293966313
S-Y1,2000.0,854,2034,2003.6919423484744,118.0,61.12958468181787,1.25,1198.59268234011,500.53609717001683,586.5162269016417,10.234007877688056,283.23830782463625
S-Y1,2000.0,1034,2214,2036.2229251871577,118.0,62.122055344692946,1.25,982.7764465238614,1005.3426208313103,611.4204386169176,10.116254665609096,279.2659789875857
S-Y1,2000.0,1214,2574,2084.1623806171965,136.00000000000003,55.16900419280813,1.25,1380.2501475991,2283.2501917108875,455.1640810887928,4.525124261896274,138.30211711503773
S-Y1,2000.0,1313,2754,2082.926372900869,144.10000000000002,52.03702250134023,1.25,1560.624226506794,2054.9551213202985,474.9914516364674,4.1740644653027905,114.01148464447783
S-Y1,2000.0,1494,3050,2922.1910914611312,155.6,67.6085342497434,1.25,553.6227846972673,965.1167820518177,852.109425183241,11.400734659429114,1022.0504180873338
S-Y1,2000.0,1584,3050,2772.1798950707675,146.6,68.07535895126033,1.25,422.95774763963396,1010.8761577399841,878.8047968531397,4.8922237231626085,1011.8529068819943
S-Y1,2000.0,1764,3050,2457.835983343737,128.6,68.80411772968472,1.25,138.82010377578544,1059.9796484201368,963.4847917787961,10.034575072075985,949.0749621046652
S-Y1,2000.0,1944,3050,2141.742620480855,110.6,69.71314135380722,1.25,176.76800536910173,1149.5727879844255,1045.7947505841294,6.093065713147128,916.7773772610243
S-Y1,2000.0,2034,3140,2154.1315042009614,110.6,70.11639615843998,1.25,163.52294763233724,1114.0473165984945,875.9562459393749,82.98287081901391,637.7309964510331
S-Y1,2000.0,2214,3230,2037.4636021648926,101.6,72.19359220269305,1.25,279.4242229677441,1133.867836038561,525.6940005882993,90.49147632720236,312.39185232571015
S-Y1,2000.0,2394,3320,2001.6774425371236,92.6,77.81899344636767,1.25,310.144289288646,1082.0327710871022,281.08945578594904,93.05901724558784,128.42849458049284
S-Y1,2000.0,2664,4340,2001.7593583724802,167.59999999999997,42.99721772160459,1.25,328.8791863656961,978.6090647771191,262.4973813814736,94.48938587039777,371.3407897204917
S-Y1,2000.0,3050,6440,2009.7935483199371,339.0,21.342940336140924,1.25,1727.368686405414,2891.2007703179806,496.1455494434309,9.539746595188333,120.96386973278346
S-Y1,2000.0,3050,6440,2009.7935483199371,339.0,21.342940336140924,1.25,1727.368686405414,2891.2007703179806,496.1455494434309,9.539746595188333,120.96386973278346
S-Y1,2000.0,3050,6440,2009.7935483199371,339.0,21.342940336140924,1.25,1727.368686405414,2891.2007703179806,496.1455494434309,9.539746595188333,120.96386973278346
S-Y1,2000.0,3050,6440,2009.7935483199371,339.0,21.342940336140924,1.25,1727.368686405414,2891.2007703179806,496.1455494434309,9.539746595188333,120.96386973278346
S-Y1,2000.0,3050,6440,2009.7935483199371,339.0,21.342940336140924,1.25,1727.368686405414,2891.2007703179806,496.1455494434309,9.539746595188333,120.96386973278346
S-Y1,2000.0,3230,7060,2030.247063592864,383.0,19.08326221653867,1.25,1755.9354921648544,1714.3601815915647,500.73450513779625,36.075129445658085,112.91632074824358
S-Y1,2000.0,3320,7330,2108.800800839652,401.0,18.931877513772434,1.25,1833.9712927477626,2275.6103142411757,412.2189640383793,37.82317366151217,2.6007170730518188
S-Y1,2000.0,4030,7510,2111.6692201513442,348.0,21.844854001565633,1.25,1886.7364119300669,2677.1929472539455,322.1792641324133,38.64562013926308,134.82454222759145
S-Y1,2000.0,5450,7690,2016.4292992237597,224.0,32.406899451810425,1.25,1929.1689519187905,287.9414827384044,232.59820119252635,3.016774441500518,211.10067685420054
S-Y1,2000.0,5630,7870,2014.4862891478542,224.0,32.37567250416195,1.2122486467039078,1898.674660637636,152.718056586907,235.31728720332038,5.057351953230721,141.89190637779163
S-Y1,2000.0,5810,8140,2042.0445616229636,233.0,31.550903098037207,1.1553159443589334,1920.357785740761,520.6618478578785,236.3091586738806,6.038835353418549,41.45212369128719
S-Y1,2000.0,6080,8410,2055.2603534522086,233.0,31.755095589819533,1.1964433630445706,1935.8672661113337,607.8066910363086,191.68862749631313,10.875608405536573,171.00144678330307
S-Y1,2000.0,6440,8590,2001.6936437932718,215.0,33.51673077979432,1.1161478050124904,1912.3556579484768,985.7470013037445,247.25914074250943,12.837768181961746,44.624455727922154
S-Y1,2000.0,6620,8860,2019.4791084487415,224.0,32.455914242926205,1.1685669719038267,1925.3078274009642,1082.9592829340247,229.33196189335504,15.46606162753933,31.830628666434944
S-Y1,2000.0,7241,9220,2071.8517262054547,197.89999999999998,37.689066267507016,1.0726092388213948,1742.6370004962218,574.4981211589849,293.17057089356615,27.46543779605143,194.97145731243
S-Y1,2000.0,7420,9400,2016.2978251753511,198.0,36.65996045773366,1.0831143702014563,1654.2173209805649,672.2446917208953,350.5408670740568,30.828662368280263,211.62546196537792
S-Y1,2000.0,7690,9760,2023.7897690269838,207.0,35.19634380916494,1.1126443629002851,1289.4946308418453,366.255494835086,263.47753896362866,41.87776405557058,217.96113002708177
S-Y1,2000.0,7870,10031,2028.9981765254797,216.10000000000002,33.800987670021875,1.076746516560806,891.9539796565531,728.5257183672644,435.0945690546689,47.857146442005174,316.76074750101884
S-Y1,2000.0,8050,10390,2069.7543326341074,234.0,31.84237434821704,1.0890497740883742,847.3129010356794,793.1003239308384,265.9883795584294,49.13332744166098,188.51880968001961
S-Y1,2000.0,8410,10850,2022.0101127985808,244.0,29.832936090470866,1.113954830722245,802.9699112093192,816.0448404254355,426.76804526265386,47.02240960503392,252.55164532975235
S-Y1,2000.0,8590,11260,2019.3457302086863,267.0,27.227133441015997,1.139555979872611,802.9581038692569,936.3197813789662,411.6275008537043,43.66202212415293,182.93410115059686
S-Y1,2000.0,8860,11440,2009.096846745735,258.0,28.033909489475374,1.1885448027828314,857.1249735325755,1583.8161766898143,475.95590985570533,475.95590985570533,475.95590985570533
S-Y1,2000.0,9220,12010,2018.4789153365018,279.0,26.04488923014841,1.1940857113510661,1253.780313787124,2106.8405813948275,361.45936661284014,31.286399579754786,57.15306125651622
S-Y1,2000.0,9400,12190,2021.0063611762725,279.0,26.07750143453255,1.2395451711952257,1429.396004735738,2341.3271149431653,321.2812910214649,30.48670918605529,80.69731043923396
S-Y1,2000.0,9670,12370,2020.92624660183,270.0,26.945683288024398,1.25,1481.3389523838957,1355.4975180782508,334.2723576273729,16.68698720556956,91.33733555696041
S-Y1,2000.0,9940,12640,2082.8584310961996,270.0,27.77144574794933,1.25,1795.8465739787187,2544.0012122324224,304.36070752713556,16.08206769657565,124.7486738354531
S-Y1,2000.0,10300,12820,2096.356511220567,252.0,29.947950160293814,1.25,1888.4833918931452,552.6321810304518,279.40057689316376,12.512562420591072,167.02738862585258
S-Y1,2000.0,10850,13090,2115.096645278214,224.0,33.992624656257014,1.2393335700426282,1860.0572091665213,442.29806387978016,273.3511601301302,11.330058561923279,169.83239083161098
S-Y1,2000.0,11260,13180,2008.6147681895854,192.0,37.66152690355473,1.082826958112498,1744.8842880215834,457.16595132755714,269.3783934688926,10.183050312057729,124.5183415454983
S-Y1,2000.0,11440,13360,2025.8037922566527,192.0,37.98382110481224,1.1255908024405281,1765.0677688519302,549.9874444012187,264.03695271180885,12.375874214342083,45.81070851993514
S-Y1,2000.0,11620,13540,2046.1504613332363,192.0,38.36532114999818,1.1538999968142465,1788.416047921883,403.43183545999904,230.59591064797564,8.680564177520697,48.72795192045359
S-Y1,2000.0,12190,13810,2093.2916638266415,162.0,46.51759252948092,1.1028780972225372,1793.1349373399983,763.2549893651684,286.25746041478914,15.277897682343283,115.55041086623294
S-Y1,2000.0,12370,13990,2085.4685647737315,162.0,46.343745883860706,1.1715667591181531,1634.8325033274928,882.1884340330839,282.6996567544582,15.150299332032743,27.15305808329761
S-Y1,2000.0,12550,14170,2088.519276656152,162.0,46.41153948124783,1.2049573128561784,1500.8363930988294,465.1312922603434,243.55290458906566,13.870890647250306,135.50269071390895
S-Y1,2000.0,12820,14440,2094.9032999244046,162.0,46.55340666498677,1.1199775815761,1509.756647751016,1628.20590723875,252.2827757624511,17.91191555822172,33.20317414887815
S-Y1,2000.0,13000,14711,2053.833665984437,171.10000000000014,43.21333253970759,1.077335844820314,1477.9685293160933,1333.3412599509563,187.61270628217045,14.046142767820777,81.8331038006319
S-Y1,2000.0,13180,14890,2048.688867402627,171.0,43.130291945318454,1.1100720923135903,1240.0481623020353,1601.2757937003016,269.0580258270596,14.87550028242223,72.314867830617
S-Y1,2000.0,13360,15070,2051.5832873451873,171.0,43.19122710200394,1.144820157896491,1043.1822032766534,1676.2060537224863,312.62525823220955,14.455250222815922,59.397459823591646
S-Y1,2000.0,13540,15340,2136.2922026814595,180.0,42.72584405362919,1.150892273045876,1306.4597246724811,2167.9504239757184,292.2127148573494,25.337942043126663,27.55876261380094
S-Y1,2000.0,13720,15430,2047.7964645590328,171.0,43.111504517032266,1.1395080353267946,1349.1187871808959,1623.7119967918968,293.17646086677445,24.34058123677631,47.53424551579295
S-Y1,2000.0,13990,15810,2005.377683381521,182.0,39.666811319634476,1.1347739578861102,1351.7491577471637,667.2803105296974,315.6635489183838,18.228458963901417,85.82351660175173
S-Y1,2000.0,14170,16540,2070.5971744385224,237.0,31.452108978813,1.138475474150311,1386.2167071748606,1380.127148912423,296.3311732009636,19.867213466008575,124.48397983578386
S-Y1,2000.0,14351,16720,2072.058155589515,236.89999999999986,31.48758699924972,1.1310843490496212,1424.6580986789513,1855.0553169013472,376.0995788605216,19.80664784209672,172.34593606109195
S-Y1,2000.0,14530,16900,2064.736342404669,237.0,31.363083682096235,1.1805567165842594,1541.519214094515,2114.618224778824,363.973195157125,21.238681616055548,57.94996288305824
S-Y1,2000.0,14890,17260,2072.5923607576715,237.0,31.48241560644564,1.1142585481407234,1162.8996287384537,1355.422931311939,206.93364201828737,96.905456466793,217.29290937875166
S-Y1,2000.0,14980,17350,2071.6385820766536,237.0,31.46792782901246,1.1345897136958831,1019.6099428859317,1622.8230488448874,380.53982535442856,99.30731801139959,173.68860399799786
S-Y1,2000.0,15250,17620,2016.6881533272808,237.0,30.633237772059964,1.1475717176586178,692.8009903413407,923.2977162800662,425.30700409503237,78.52632593991827,184.95006389876337
S-Y1,2000.0,15430,18560,2066.2365610575816,313.0,23.765021149544072,1.1934737165434697,604.9109377075837,1202.6924424058918,265.5941176487376,123.6922032456493,14.243785248721112
S-Y1,2000.0,15610,18740,2091.4732258584754,313.0,24.055283108915376,1.25,617.1581267224775,1399.588046060555,330.13249580325635,123.20676735204638,139.31039952886886
S-Y1,2000.0,16270,18920,2044.447454994166,265.0,27.773625803694333,1.2492713016456267,653.2229080781536,1761.2762842333332,266.45233892183825,117.88689927374585,171.8811077364921
S-Y1,2000.0,16630,19190,2065.3610559196004,256.0,29.04413984886938,1.2238833547317396,576.2018017980482,1449.0939660373401,482.34151579943955,482.34151579943955,482.34151579943955
S-Y1,2000.0,16810,19460,2084.6982106421656,265.0,28.320428521931305,1.156038384602613,612.570069827753,1447.4430927497342,480.2765553555367,480.2765553555367,480.2765553555367
S-Y1,2000.0,17170,19820,2040.927376453863,265.0,27.725805868807196,1.1377544832480913,721.0537794787352,2579.2466893342394,202.2480519437985,59.79536457528369,54.86493653397315
S-Y1,2000.0,17350,20090,2020.3118691201198,274.0,26.54424353588479,1.1126707381331244,876.7285086014941,2675.9250501860965,370.2702772878179,483.82781551968355,483.82781551968355
S-Y1,2000.0,17530,20360,2078.368351048164,283.0,26.438607999199263,1.1557549172468176,1276.987302203988,3218.6660876302967,131.53820866476164,66.46124211025449,181.88044755835534
S-Y1,2000.0,18470,20540,2065.1566130430874,207.0,35.91576718335804,1.0580955125425238,1380.2563658433612,578.7993742255657,179.02349352447553,30.822593617528906,67.81841223759683
S-Y1,2000.0,18650,20720,2066.16374438184,207.0,35.93328251098852,1.0384550029016495,1381.345747884369,618.5440778421463,183.54519609862777,29.78301717223245,110.06688590001964
S-Y1,2000.0,18920,20900,2034.870632425478,198.0,36.99764786228142,0.9654986559491305,1388.1681716200724,1459.1688833247497,230.45084338613106,19.217837197424085,292.2653356170528
S-Y1,2000.0,19190,21260,2095.450535542841,207.0,36.442618009440714,1.0303971292888483,1505.9660952901725,1530.508275677273,202.99958085749748,33.89922156723374,144.44574733554003
S-Y1,2000.0,19370,21350,2033.5118581508286,198.0,36.97294287546961,1.0136303470248689,1396.674661387254,1249.1791585481772,267.1822517090397,34.274569810793444,242.6418493442265
S-Y1,2000.0,19640,21620,2001.7217434721679,198.0,36.394940790403055,1.0580204690008388,1345.3587051389716,468.58794796845666,174.25730434118518,16.931021812375178,125.9551741476568
S-Y1,2000.0,20090,22160,2028.8259630101638,207.0,35.283929791481114,1.0582547840480216,1533.9846482301227,2181.564596932787,135.11119576201875,24.74000684209584,29.054626361069868
S-Y1,2000.0,20360,22520,2021.260169288238,216.0,33.6876694881373,1.044973485554411,1359.3364566526186,1324.8824972352502,233.1883036192022,42.29463489726504,336.47939540824024
S-Y1,2000.0,20540,22790,2040.2405245314803,225.0,32.643848392503685,1.088252494201495,1410.4561433723636,932.7711907463653,479.4619912829315,42.50772282011195,479.4619912829315
S-Y1,2000.0,20720,22970,2014.76595543831,225.0,32.23625528701296,1.1430379994774051,1424.934003469325,893.4836203630766,484.2073115999561,43.39885190235244,484.2073115999561
S-Y1,2000.0,20900,23950,2103.039196792284,305.0,24.82275773263024,1.1580462486113137,1337.7610036184994,1134.800258978648,485.5039138267251,41.94408518070501,485.5039138267251
S-Y1,2000.0,21170,24570,2056.9843722840124,340.0,21.779834530066015,1.117182077479775,1264.3355842262208,1086.7989953326708,488.24814924796334,37.004936611108135,488.24814924796334
S-Y1,2000.0,21350,24960,2019.3538003464673,361.0,20.137600225061725,1.1490467146215413,1287.6210345803352,1202.4731009568563,499.985928669865,33.312477241168004,499.985928669865
S-Y1,2000.0,21620,25140,2031.701504680288,352.0,20.77876538877567,1.135505983917788,962.0918605270949,1209.242277006837,474.9684406110893,49.35161784367857,474.9684406110893
S-Y1,2000.0,22070,25411,2065.295708149082,334.10000000000036,22.254009426329507,0.9736829680023634,429.92540788578094,1235.5431817942242,482.02609797509757,42.756948179839675,480.56233765050825
S-Y1,2000.0,22430,25680,2026.878988945271,325.0,22.451582646778387,0.8788863665403139,502.2434105214396,980.7252770630822,426.37618755755665,9.44160486910673,128.16942799491815
S-Y1,2000.0,22700,25860,2016.5845016871099,316.0,22.97374748757467,0.8,766.989860886191,1893.1361140494084,241.43795190476354,15.168239196126123,476.8556393438801
S-Y1,2000.0,22880,26130,2080.6528521592554,325.0,23.047231593148677,0.8,930.9825720957865,1775.1499861745554,380.34253299606655,32.19991339283035,357.58740378884096
S-Y1,2000.0,23860,26400,2053.2357601723998,254.0,29.100979278034014,0.9939987424638518,1043.7286609307343,1005.9213504697502,298.07560112356515,46.819882343672084,295.9838884453704
S-Y1,2000.0,24040,26580,2026.1164398109831,254.0,28.716610957950945,1.25,1029.1183302961429,1368.0920869330726,236.09731952522662,63.65348641016128,88.89958777424594
S-Y1,2000.0,24750,26940,2012.0478553445428,219.0,33.07475926593769,1.25,907.2781729846799,1649.2207300527364,43.36901232115658,38.46661955900024,312.5099303974026
S-Y1,2000.0,25140,27120,2049.4555242535753,198.0,37.26282771370137,1.25,510.7320820422297,1831.659899933912,207.69435271631156,77.05573616063664,272.16915630474927
S-Y1,2000.0,25320,27210,2010.198749501542,189.0,38.28949999050556,1.1782024218529152,579.6337459543729,2271.5778203176665,242.69579955226828,76.68521866237812,86.26061526266345
S-Y1,2000.0,25590,27570,2021.0562243362401,198.0,36.746476806113456,1.1895129065323562,973.1105614369624,2719.931045961985,310.0473043042326,86.06677375969507,28.11158288168787
S-Y1,2000.0,25860,27840,2023.125080251746,198.0,36.784092368213564,1.1396394564503314,1129.6912988985775,1902.8001353872633,208.19418467176038,76.71285058587463,41.25280049041479
S-Y1,2000.0,26130,28020,2067.69276768047,189.0,39.38462414629466,1.17157855754779,1204.325768131568,1319.2443917367016,169.66436968387188,58.24793626742492,165.96888676675573
S-Y1,2000.0,26310,28110,2017.4362862214402,180.0,40.34872572442881,1.1664989405878061,1481.010371940428,3232.3364901593764,191.7216611483082,42.413977425294426,119.64039889927093
S-Y1,2000.0,26580,28560,2058.827723958624,198.0,37.43323134470226,1.172196074284937,1652.6521055676844,2133.0769965084132,39.83074886160602,70.2827700158823,135.17142845843358
S-Y1,2000.0,26940,28830,2033.7417611310957,189.0,38.737938307258965,1.0352270761063949,1634.609916964052,1403.6194428932918,274.9106791825609,52.60666487182153,228.23182006250903
S-Y1,2000.0,27120,29190,2002.7729896396631,207.0,34.83083460242892,0.9900708403678629,1580.2489783346427,499.5858514659364,254.6175572092844,47.716113117245634,260.1771416770559
S-Y1,2000.0,27210,29460,2020.296524441168,225.0,32.324744391058694,0.9958352812232811,1402.3547668261892,562.5315278356035,247.90622389100523,47.833812598303055,253.34286599763914
S-Y1,2000.0,27390,29910,2038.3625818112378,252.0,29.119465454446257,1.078241088227368,1156.377586669126,884.6446188373385,134.8578903340468,52.22595632741256,12.259550775535272
S-Y1,2000.0,27840,30180,2092.850357745734,234.0,32.197697811472835,1.0683559509868812,1120.116002007413,766.9993362303254,239.22159011538542,53.15294390655667,110.40800671093024
S-Y1,2000.0,28020,30620,2011.8836389561475,260.0,27.856850385546657,1.1072817407699107,1030.221882462406,883.3273240586434,209.18812224356205,62.634281243794604,62.88467609793396
S-Y1,2000.0,28110,30800,2043.5875805007963,269.0,27.349127471386122,1.1468236658873325,1093.8787644368545,1024.0448591224138,116.41785443142089,60.48460486394047,175.45562421344317
S-Y1,2000.0,28380,30980,2066.3622186198336,260.0,28.611169180890002,1.1593809439748688,1174.1621459807402,978.2276850821052,60.11955235093418,37.9404891425784,265.89991768537504
S-Y1,2000.0,28740,31250,2066.9075013400943,251.0,29.644888465435614,1.0517665379280605,1577.0357241220283,3448.2593441572894,31.991177677434546,13.867059979596052,75.84818343802802
S-Y1,2000.0,29100,31730,2033.6319594521483,263.0,27.83678727767199,1.1330245401891417,1718.6724866114673,1733.4810922323459,24.082602855909833,26.64927511994206,247.61402802756436
S-Y1,2000.0,29460,32180,2066.0171146186112,272.0,27.344344164069856,1.0433392951862117,1640.641090896214,1160.1984528528224,82.83404618763804,21.218273325600368,5.67400468570442
S-Y1,2000.0,29821,32360,2120.5417924815774,253.89999999999964,30.06676035027054,1.0732310593216283,1620.2023100302436,2304.1339162305026,100.95474358273542,21.77997892530926,48.58864609275735
S-Y1,2000.0,30090,32450,2009.0127018263265,236.0,30.645956468537186,1.0372073189666993,1591.7134444570086,1387.3132387375902,103.04064077901958,17.120069380359773,31.590514875529838
S-Y1,2000.0,30440,32630,2031.1853366703072,219.0,33.38934800005984,1.1200284248395287,1812.3197203611733,2505.85749994463,89.93967037863823,15.38110113958046,144.56277963926814
S-Y1,2000.0,30710,32810,2127.200868578333,210.0,36.4663006042,1.0811096295301719,1773.7556651139635,489.91424670159864,240.80196994213915,2.4322524256989317,88.76000609844353
S-Y1,2000.0,30980,32990,2132.1614071351323,201.0,38.187965500927746,0.9658503083624552,1698.8796496126733,399.30604438505617,438.7804712854489,1.3340868805107724,494.6516778418587
S-Y1,2000.0,31160,33080,2130.0654808210347,192.0,39.938727765394404,0.9735382547166336,1588.0807622997118,263.55326134267625,470.3112704610483,3.9129534866326092,512.7009319625286
S-Y1,2000.0,31730,33260,2161.080225173533,153.0,50.84894647467137,0.9082433988040199,1292.7855929580905,1195.7028819768807,446.6027789713533,13.352946244539357,564.4238213149121
S-Y1,2000.0,32180,33350,2009.1764064001072,117.0,61.82081250461869,1.1425863140905073,1106.0774050560076,1617.03133484323,447.53808154954487,11.923444179386369,234.20763132671775
S-Y1,2000.0,32360,33530,2071.5066478010303,117.0,63.73866608618555,1.154997701663131,1133.39239181065,2199.4472958653105,456.0430451593455,15.849607079695536,233.0434294052167
S-Y1,2000.0,32450,33620,2086.377007017025,117.0,64.19621560052384,1.1577073941695453,1120.3620656114347,2142.2522580076284,444.86280205636893,14.02738521309777,215.16138318615614
S-Y1,2000.0,32630,33800,2138.548188912344,117.0,65.80148273576442,1.241259824011581,1096.8206723947887,2377.1399540099683,405.57695821975943,11.729107450561314,2.780511701077092
S-Y1,2000.0,32810,33980,2062.948354999513,117.0,63.47533399998502,1.25,1001.9532736067998,1767.110071392707,397.31974829539405,10.735968213100005,17.199677892024997
S-Y1,2000.0,32900,34610,2030.0624418660263,171.0,42.73815667086372,1.25,1094.7840781525217,2400.6819153962483,325.748914597414,3.18651653344157,79.13454231821244
S-Y1,2000.0,33080,34880,2068.513672035322,180.0,41.37027344070644,1.25,1060.8122656156456,2474.6591352741457,299.8892764804011,7.541812581164338,140.96046574850712
S-Y1,2000.0,33170,34970,2047.429634042408,180.0,40.94859268084816,1.25,1092.6304248711779,2385.5130970170085,286.97499512767473,4.574686611593182,153.38968448064688
S-Y1,2000.0,33350,35150,2038.4223073770117,180.0,40.76844614754024,1.25,1146.6332881348983,2506.506716704594,284.50687365379827,3.941123607139687,150.76742411414716
S-Y1,2000.0,33440,35240,2011.2098033940638,180.0,40.22419606788128,1.25,1211.2439075985217,2443.3652510333595,317.30477385137283,6.624701700710952,106.20249839983742
S-Y1,2000.0,33620,35780,2058.869992741689,216.0,34.314499879028155,1.25,1422.3350757640528,2069.06960502995,238.94009473383534,24.354105855939792,74.7612065498096
S-Y1,2000.0,33710,35960,2105.2071514962445,225.0,33.68331442393991,1.25,1496.7545412781428,1747.2661882655414,331.11788880165733,30.540566724937932,115.79681187848661
S-Y1,2000.0,33890,36140,2005.2430374341493,225.0,32.08388859894639,1.25,1450.5413480510374,1351.5421367417514,299.4590421153675,30.00360363247466,133.34876681563395
S-Y1,2000.0,34430,36320,2005.8949464156722,189.0,38.207522788869944,1.2143853745742663,1417.099727754678,1408.945306121199,247.61572052554098,32.74756082517015,127.32069671910776
S-Y1,2000.0,34790,36680,2021.8270668553632,189.0,38.510991749625965,1.1701754564533982,1429.2267206083395,607.3313639137411,226.75709601544352,37.52205918822492,43.18414942572361
S-Y1,2000.0,34970,36950,2106.312687142763,198.0,38.2965943116866,1.1842431798466422,1359.027266055935,557.1056823327166,263.11353620923944,37.49158053141393,82.46354671589295
S-Y1,2000.0,35150,37130,2008.1560475916776,198.0,36.511928138030505,1.135862911898147,1217.491437300815,1111.4190624133741,271.24936302340006,40.09411476043386,31.506164999236354
S-Y1,2000.0,35240,37401,2084.565195255047,216.10000000000036,34.72667608939452,1.1687348863716414,1308.708072495786,1275.105582928019,250.65839142529975,49.68233158195565,17.835572053104386
S-Y1,2000.0,35600,37670,2034.8195737836431,207.0,35.3881665005851,1.2123133658463008,1289.3502641602831,1170.3290970968756,218.7220814448339,41.57373890763481,156.73330343855514
S-Y1,2000.0,35870,38360,2046.034440689,249.0,29.581220829238553,1.1663916791625666,1329.193029624646,1593.240324106143,232.50500393357962,32.88823616587816,52.19731070697374
S-Y1,2000.0,36050,38950,2063.640054782045,290.0,25.61760068005297,1.1537577531279697,1300.7132220151368,1283.2515757107437,305.3347855414549,38.5675674386095,65.49973421011174
S-Y1,2000.0,36320,39220,2027.9063798745265,290.0,25.174010232925156,1.1548716225457272,1384.54671254756,1927.6349603978163,296.26444856219547,30.969378978908118,29.068779146994636
S-Y1,2000.0,36680,39760,2058.5155632319147,308.0,24.060571518295106,1.0043566738610326,1390.1733648776437,1048.6041344660389,349.0549884626725,30.403324713335596,342.97751736357014
S-Y1,2000.0,36860,40030,2062.576554439067,317.0,23.423582321705492,1.0199449876949784,1435.5693024538125,1590.6441796538047,415.7378960746167,27.233914520208973,396.91817182162873
S-Y1,2000.0,37040,40300,2042.020501242274,326.0,22.549919645620204,1.0691638994181585,1294.4424030801622,1526.9211131898974,374.05018270009697,31.64186489125565,307.895589689058
S-Y1,2000.0,37310,40840,2058.65166905168,353.0,20.99474789967719,1.1255386397553127,983.4202798600968,1034.1963962631935,310.4249463219309,5.913516510843709,241.8156176804378
S-Y1,2000.0,37670,41110,2093.635850802937,344.0,21.9101426246819,1.1988887361769058,486.7457656828027,1521.3591647912115,402.1644600823683,2.8927625681503635,129.823479462484
S-Y1,2000.0,38270,41290,2089.1395306884515,302.0,24.903650034696774,1.25,159.14954276499,1338.3002108537019,465.8315220744199,12.062237511607352,68.24760410167664
S-Y1,2000.0,38950,41560,2007.1250694009068,261.0,27.684483715874578,1.1640990377783709,344.71908964089346,1711.478993801607,448.09040925358636,2.7588319907031993,212.50480579985566
S-Y1,2000.0,39220,42010,2081.7666524076485,279.0,26.861505192356756,1.105796392281806,704.4024864723416,2085.452317283128,403.64602758021203,9.376401324410391,259.0324223852215
S-Y1,2000.0,39580,42280,2107.8852306657354,270.0,28.105136408876472,1.1779656534030354,954.9850992340874,1750.5015524198593,312.030576321847,7.8076432418545,40.85833637730144
S-Y1,2000.0,39940,42460,2013.4072439370211,252.0,28.76296062767173,1.242352942861638,1333.7916565479757,2819.7683240495776,217.05022569749335,14.863988862315383,213.35183873975083
S-Y1,2000.0,40210,42750,2048.9452389440266,254.0,29.04016874093896,1.25,1623.0680896312044,1833.164483308765,217.30434844676435,19.432755204091833,236.14410010128708
S-Y1,2000.0,40660,43110,2032.7618821876677,245.0,29.86915418724736,1.25,1615.0975821043987,455.17143881781453,129.21164476609687,21.78299207280483,241.80326910847054
S-Y1,2000.0,41020,43380,2088.3792680399056,236.0,31.856632902303645,1.25,1219.408835957018,1362.8820153129864,325.9638216344547,47.46622488340549,111.27344369843274
S-Y1,2000.0,41200,43560,2033.1290679713275,236.0,31.01383324024059,1.25,987.3525667045861,1165.695091049201,332.26597097890044,43.45398025572737,100.30323118838739
S-Y1,2000.0,41471,44010,2049.605385883966,253.89999999999964,29.060966479646666,1.1366525959171958,634.5422418778538,2162.9607979822845,96.52661525862341,40.6838138655434,175.92147852582528
S-Y1,2000.0,41920,44370,2085.190586501172,245.0,30.639535148588653,1.1100416022670359,453.9017997454315,1591.8820949237765,84.53794479183362,51.0311785134012,141.22957020424846
S-Y1,2000.0,42190,44550,2000.1992167062344,236.0,30.511513475179846,1.11787919230713,286.954814718931,1653.7714971343894,112.41186532785403,51.15441765409074,116.08375735456903
S-Y1,2000.0,42460,45030,2020.5328650925294,257.0,28.303184102463447,1.017883179430061,281.2879960002428,1619.511736654499,157.34153052619334,60.2905000434401,123.61318417674006
S-Y1,2000.0,42640,45300,2070.097502969038,266.0,28.016357183039613,1.0847524086817926,324.0626602601281,1838.5654622008783,150.54576768406244,60.65492247825208,15.158359463623313
S-Y1,2000.0,43110,45810,2056.4625417345305,270.0,27.41950055646041,1.1621329076969205,383.5387008300042,2159.3068276264144,83.15364181024904,19.75985532850478,240.4806355263714
S-Y1,2000.0,43380,46080,2067.6498420437347,270.0,27.56866456058313,1.194440144729762,1003.3769492540349,2954.971919357011,108.0531014953195,15.618214016276344,275.73041574139285
S-Y1,2000.0,43560,46260,2072.1533094310653,270.0,27.628710792414203,1.25,1310.0124897733735,3261.8473730887076,111.76874306381434,22.834591968429045,376.962774276634
S-Y1,2000.0,43920,46440,2073.572653151692,252.0,29.6224664735956,0.9697712351880899,1487.0797831950588,2561.8502246314415,276.1018664699255,39.832420873420475,328.64073162002273
S-Y1,2000.0,44280,46620,2089.482416408122,234.0,32.145883329355726,0.899145938103431,1447.8262599801187,606.0988049428174,444.17627111018186,34.912582884559875,539.15738767627
S-Y1,2000.0,44550,46710,2003.2852152866253,216.0,33.38808692144375,0.8966462684413087,1358.8859208942886,268.55754626205896,433.62692011145407,31.236124816243326,562.9629322927747
S-Y1,2000.0,45030,46890,2008.3277894469502,186.0,38.870860440908714,0.9829997369849874,1646.9213901193696,2021.3082919804356,617.5875354094406,24.637208375339007,635.8289819820035
S-Y1,2000.0,45210,46980,2007.3025304799958,177.0,40.82649214535585,1.0793827219114973,1712.3362437014937,1116.421230717578,625.8361703004261,19.247832023664387,518.2135564815939
S-Y1,2000.0,45720,47160,2078.3788987175067,144.0,51.95947246793767,1.203191920102444,1758.7259831063463,1131.4976770931041,559.1954822202605,10.411395619544038,313.2911194537032
S-Y1,2000.0,45990,47340,2110.6727142991876,135.0,56.284605714645004,1.25,1596.9401276314193,525.8682181443457,611.4494646979705,12.609212163163791,262.5008513856336
S-Y1,2000.0,46170,47430,2067.9697466879734,126.0,59.08484990537067,1.25,1410.9798324233088,1119.027087131059,585.4958880265165,6.935615642859944,237.13704607793858
S-Y1,2000.0,46440,47700,2039.3808054026304,126.0,58.26802301150373,1.25,1355.6550345928213,1807.7194693273234,491.9429944252896,10.987041475470658,161.55110994399698
S-Y1,2000.0,46620,47970,2089.4472891793703,135.0,55.71859437811654,1.25,1656.2411016740377,1784.4242038320106,441.4713057642491,7.599148683741524,32.24098977883399
S-Y1,2000.0,46710,48060,2031.5909281538625,135.0,54.175758084103,1.25,1628.7806648992707,873.3613383626537,393.6510478936103,7.596403682914458,14.08926544072157
S-Y1,2000.0,46890,48330,2009.1126197587437,144.0,50.22781549396859,1.25,1792.309046838612,1730.4385402071252,367.2504785910593,5.257007995267825,35.87921292837018
S-Y1,2000.0,46980,48600,2061.4345218063245,162.0,45.809656040140545,1.25,1772.275610229212,1262.5988716244187,265.21177125599297,2.841587647643011,45.231688546967476
S-Y1,2000.0,47160,48980,2033.7224571408005,182.0,40.22747717421364,1.25,1597.8085532690852,149.87711845239593,359.50407895574403,8.490982034549292,9.16825721094921
S-Y1,2000.0,47250,49340,2011.4219309438631,209.0,34.6465021597986,1.25,1551.830399704605,133.77422194984013,287.45019707323587,1.3829915682317047,6.502773090321794
S-Y1,2000.0,47430,50090,2001.8790629388532,266.0,27.093100099924328,1.25,1122.2414938859536,1121.8855052789188,208.21588986811625,16.461168794728643,170.60476425156332
S-Y1,2000.0,47610,50450,2030.0198057108646,284.0,25.732645424503918,1.25,1000.7129108681665,867.9655142484271,133.61504471384166,19.053562884386523,248.67624518903241
S-Y1,2000.0,47880,51120,2058.6871089947526,324.0,22.874301211052806,1.25,682.2033302130928,1183.7362170067954,92.37469607631947,37.365211293609875,284.2613772990356
S-Y1,2000.0,48060,51480,2050.76572762079,342.0,21.58700765916621,1.2027655404259066,568.7763625668757,1352.2462881502706,91.33362393084849,38.536662554840106,229.53626061694283
S-Y1,2000.0,48240,51840,2009.9231035264602,360.0,20.0992310352646,1.162689965178419,522.9698962756535,1358.7226143401267,66.20462378919493,47.078593841736705,238.1794214617077
S-Y1,2000.0,48600,52380,2051.665500252704,378.0,19.539671430978135,1.2090617961825203,547.4049483477337,2201.1417829568663,8.125157696267502,62.52766265675499,433.3146927082272
S-Y1,2000.0,48780,52740,2025.8985796932611,396.0,18.417259815393283,1.2423838459594025,666.6970524490492,2553.291887446784,143.0551872951118,67.31702109224976,487.8787384210682
S-Y1,2000.0,49340,53190,2015.3298421835134,385.0,18.84464268015753,1.25,365.13332110296943,1862.8907013531664,269.0863160904649,73.01849679563381,493.8244787160942
S-Y1,2000.0,49910,53750,2034.0146508656617,384.0,19.06888735186558,1.0441714584756725,526.8729606657504,2252.566492546718,219.75422445201173,62.83739254819452,322.4871778186655
S-Y1,2000.0,50360,54500,2014.0902586721786,414.0,17.513828336279815,0.8938956681439291,328.7596913107711,2400.9098653853507,284.38609587713546,62.3169447641442,33.968708454610706
S-Y1,2000.0,50850,55040,2031.802050833976,419.0,17.457010460626048,0.8657167250158277,467.17881934586984,2734.8988763482566,294.99056576391723,53.635754030455686,24.982797279460904
S-Y1,2000.0,51390,55580,2002.511248784147,419.0,17.20534724492346,0.87462993774155,448.6440739117003,1792.222778160161,233.4231967659421,47.874356064209145,48.44420386714982
S-Y1,2000.0,51840,55940,2045.687783232992,410.0,17.962136633265295,0.8665478612713127,367.57378075386197,2309.071288413557,292.2771215560107,44.88132678606267,25.845077143262223
S-Y1,2000.0,52200,56420,2047.541238909631,422.0,17.46717644567458,0.9023524297243378,292.73851843256966,2048.617778985068,374.47498062316083,31.628283974295332,134.88587995894608
S-Y1,2000.0,52650,57030,2028.7434715018462,438.0,16.67460387535764,0.9347435082896802,347.22534211426785,2521.6899267370736,437.2273912918612,31.822968013895565,274.23848599133703
S-Y1,2000.0,53100,57210,2001.2376555671362,411.0,17.529088953872726,0.8532866083674444,529.6969043359555,2478.680777212258,279.13734528524105,26.79191617594188,59.39616151488112
S-Y1,2000.0,53660,57660,2006.013252954428,400.0,18.05411927658985,0.8,808.1812528059847,2868.268357924535,147.84700635580037,24.810024964162025,263.81299135332756
S-Y1,2000.0,54500,58110,2035.280528741212,361.0,20.296426325397128,0.8629979684277292,878.6823884882093,2045.5414757469212,22.498425633894826,35.80178213694217,285.93095524004065
S-Y1,2000.0,55040,58560,2029.2568458003661,352.0,20.75376319568556,0.8,752.5396181982109,2244.9195445027885,22.194801113977828,51.192383903171454,310.8819843973519
S-Y1,2000.0,55400,58830,2000.5328432342794,343.0,20.996846168056578,0.8762609138679909,772.0787352653613,2632.836052652556,8.798025137332727,47.85085437989125,214.0889650738745
S-Y1,2000.0,55940,59460,2008.4421383447043,352.0,20.540885505798112,0.8769570402452289,1070.106582289799,2688.1058004003157,70.75967020549169,99.3029874487563,26.61832409824868
S-Y1,2000.0,56420,59910,2013.0647395689302,349.0,20.765137714751145,0.8261586935063518,893.3063016558662,1472.2633001107085,113.76989777301965,101.26243220078337,309.2410905993985
S-Y1,2000.0,57030,60270,2029.7898981978215,324.0,22.553221091086904,0.8,573.673484018304,1654.709054802894,172.7634793194442,58.49999864602065,299.16249965446406
S-Y1,2000.0,57210,60630,2058.7908144972316,342.0,21.671482257865595,0.8846272928295945,711.911915755587,2059.901157258088,139.6841499405891,67.04852911912155,170.6629993212938
S-Y1,2000.0,57660,60900,2014.643531795533,324.0,22.38492813106148,1.1970565081047277,807.3498123796476,1852.7521359080697,84.43223489978507,59.37019070359583,308.1198070196702
S-Y1,2000.0,58020,61260,2037.6152889974546,324.0,22.640169877749496,1.25,734.8691099480445,2726.9915268113377,16.356518935313137,60.470989266440505,493.2224623579872
S-Y1,2000.0,58471,61710,2013.9726103276407,323.89999999999964,22.384382208025674,1.25,602.4299406108181,2381.555216613307,51.27602473226703,41.40283711294746,494.72526283015856
S-Y1,2000.0,58830,62250,2019.1667685989596,342.0,21.254387037883784,1.0184344213563887,459.35713391235026,2505.5141838565373,76.37070256947597,38.37187249084595,115.6704343361967
S-Y1,2000.0,59370,62720,2002.1999190399729,335.0,21.51617823445941,0.8776660183668304,413.07099206628567,2141.579895482849,53.29070893620396,95.87174671706144,204.46704210180891
S-Y1,2000.0,59910,63351,2050.039249132642,344.10000000000036,21.447664332686728,0.9135537672493562,474.0452511265012,1751.9751802650017,122.61792058566401,21.286514844937273,66.8949551428775
S-Y1,2000.0,60180,63620,2100.3813423202373,344.0,21.980734977769927,0.9165131459278899,553.7897048527218,1816.2271033137001,130.15613404828238,19.581672758153385,57.73479363047439
S-Y1,2000.0,60630,63800,2011.984309564752,317.0,22.849033168558698,1.022860825279695,763.1891259488223,2737.247009636609,128.07380992291465,11.669406689576283,177.25391097317822
S-Y1,2000.0,60900,64190,2025.2956355325514,329.0,22.161289628927616,1.050799685496263,917.0607070541413,1271.5976861206361,150.36117022610054,5.9592177312271915,261.1659029666533
S-Y1,2000.0,61260,64460,2045.3387221220764,320.0,23.01006062387336,1.1383470346448905,1040.8670707147087,2134.3579546544815,103.89852970144922,4.0346691049281285,401.79667878093795
S-Y1,2000.0,61620,66460,2059.306060136041,484.0,15.31715251340857,1.0334190096670548,1271.6627451768072,2921.7505009924917,105.15746639913696,6.728171204335937,177.61128810628526
S-Y1,2000.0,62250,66730,2043.5601843671247,448.0,16.421465767235823,0.8403583961829545,1558.1626704098235,3519.4771839090486,74.19997986355737,11.41088785487728,347.52298632689775
