held_out,draw,scenario,shape_median_m,shape_p95_m,drift_pct
948G_RVV-2026-08-30_16-31-01,0,1 contributor,6.461552727763373,9.481328792982096,13.138420943077362
948G_RVV-2026-08-30_16-31-01,0,3 contributors,2.0943531203140187,4.641496269853225,1.1252977779602773
948G_RVV-2026-08-30_16-31-01,0,faulty contributor alone,3.4932612009700295,42.290503207959205,7.183775308704579
948G_RVV-2026-08-30_16-31-01,0,"3 incl. faulty, averaged",3.436515539755148,16.768227534425822,13.76449704071542
948G_RVV-2026-08-30_16-31-01,0,"3 incl. faulty, median",3.0852389444460453,8.613039096377543,13.873974892409619
948G_RVV-2026-08-30_16-31-01,0,"all others, median",2.1309189911713378,4.2477011492907675,1.4005577129332456
948G_RVV-2026-08-30_16-31-01,1,1 contributor,2.2149055470384935,10.807026689764383,0.5608114076224742
948G_RVV-2026-08-30_16-31-01,1,3 contributors,4.935300119087055,9.053528551002227,13.822531959684268
948G_RVV-2026-08-30_16-31-01,1,faulty contributor alone,8.193970066120468,45.53418078486566,12.995174522825513
948G_RVV-2026-08-30_16-31-01,1,"3 incl. faulty, averaged",6.115850397153983,18.546351223123104,14.037809426122928
948G_RVV-2026-08-30_16-31-01,1,"3 incl. faulty, median",5.370377675570369,9.04558880573204,13.43453058450832
948G_RVV-2026-08-30_16-31-01,2,1 contributor,3.5160072938043916,44.559411210317634,7.351300624854205
948G_RVV-2026-08-30_16-31-01,2,3 contributors,2.005473006290824,7.8074827373443725,1.2859265038453516
948G_RVV-2026-08-30_16-31-01,2,faulty contributor alone,2.1967404751780983,43.8353372888278,11.588801707190175
948G_RVV-2026-08-30_16-31-01,2,"3 incl. faulty, averaged",4.659977496476333,15.9902160560244,3.5510309218330667
948G_RVV-2026-08-30_16-31-01,2,"3 incl. faulty, median",1.9614781379150754,7.815100893385417,1.0992339218315914
948G_RVV-2026-08-30_16-31-01,3,1 contributor,2.8375031515819558,8.120431467292882,0.9521982976634638
948G_RVV-2026-08-30_16-31-01,3,3 contributors,3.2137728032782293,6.878794981893753,0.8036938467968109
948G_RVV-2026-08-30_16-31-01,3,faulty contributor alone,5.140530980244071,43.57513612664811,11.813882284153488
948G_RVV-2026-08-30_16-31-01,3,"3 incl. faulty, averaged",4.492442289688807,16.432217470454543,3.6975620272176917
948G_RVV-2026-08-30_16-31-01,3,"3 incl. faulty, median",3.6622557736804198,6.863827892071811,0.7839872968536225
948G_RVV-2026-08-30_16-31-01,4,1 contributor,2.2149055470384935,10.807026689764383,0.5608114076224742
948G_RVV-2026-08-30_16-31-01,4,3 contributors,2.0850003819576313,7.8016142552825976,0.44154543604819585
948G_RVV-2026-08-30_16-31-01,4,faulty contributor alone,6.223773107470025,42.75956347284322,12.555796277812721
948G_RVV-2026-08-30_16-31-01,4,"3 incl. faulty, averaged",4.311445584662267,15.675386792819411,3.3207816637518786
948G_RVV-2026-08-30_16-31-01,4,"3 incl. faulty, median",2.3870710763151672,7.799970079518675,0.4831010327952503
948G_RVV-2026-08-30_16-31-01,5,1 contributor,6.461552727763373,9.481328792982096,13.138420943077362
948G_RVV-2026-08-30_16-31-01,5,3 contributors,5.071803231694953,9.043644439713063,13.881906780161374
948G_RVV-2026-08-30_16-31-01,5,faulty contributor alone,9.225988595126559,46.10189104517352,7.670410652852702
948G_RVV-2026-08-30_16-31-01,5,"3 incl. faulty, averaged",6.553759510090525,18.250036152050075,13.798388144631941
948G_RVV-2026-08-30_16-31-01,5,"3 incl. faulty, median",5.255001919146073,9.181389369841677,13.881906780161374
948G_RVV-2026-08-30_16-31-01,6,1 contributor,2.2149055470384935,10.807026689764383,0.5608114076224742
948G_RVV-2026-08-30_16-31-01,6,3 contributors,2.1124672968604568,4.489917274904073,0.976433922264996
948G_RVV-2026-08-30_16-31-01,6,faulty contributor alone,2.772870233324336,43.994566826322085,10.295868171787264
948G_RVV-2026-08-30_16-31-01,6,"3 incl. faulty, averaged",3.0668869767936187,16.594190864251324,3.8570214171969095
948G_RVV-2026-08-30_16-31-01,6,"3 incl. faulty, median",2.2138741383306284,5.110082072872569,1.236253609699258
948G_RVV-2026-08-30_16-31-01,7,1 contributor,5.499449304636526,34.35749012933053,1.5171923885483392
948G_RVV-2026-08-30_16-31-01,7,3 contributors,3.534518405131578,7.267663526463445,1.1577283533490847
948G_RVV-2026-08-30_16-31-01,7,faulty contributor alone,5.306088360164475,43.00444328578629,16.303818987888203
948G_RVV-2026-08-30_16-31-01,7,"3 incl. faulty, averaged",5.676595903552798,16.984328006427305,5.568123893901614
948G_RVV-2026-08-30_16-31-01,7,"3 incl. faulty, median",4.092193347878015,7.433577178291384,4.264211736409057
948G_RVV-2026-08-30_16-31-01,8,1 contributor,2.2149055470384935,10.807026689764383,0.5608114076224742
948G_RVV-2026-08-30_16-31-01,8,3 contributors,2.770728335553184,7.983793388579707,0.9399697940476327
948G_RVV-2026-08-30_16-31-01,8,faulty contributor alone,9.033191486471281,46.39283002946601,11.462424012993722
948G_RVV-2026-08-30_16-31-01,8,"3 incl. faulty, averaged",5.632233754177973,16.892196909033743,3.7590938086056127
948G_RVV-2026-08-30_16-31-01,8,"3 incl. faulty, median",2.681023607605667,7.996331727858857,0.9809594271396058
948G_RVV-2026-08-30_16-31-01,9,1 contributor,1.6829885275295884,4.955826135498008,1.8307215726318107
948G_RVV-2026-08-30_16-31-01,9,3 contributors,1.6371620489869514,4.451248223534337,1.3087808491221804
948G_RVV-2026-08-30_16-31-01,9,faulty contributor alone,6.393843756780937,42.2241519433092,11.425530965708663
948G_RVV-2026-08-30_16-31-01,9,"3 incl. faulty, averaged",2.7153121934799045,16.81166039988421,3.6934354803837284
948G_RVV-2026-08-30_16-31-01,9,"3 incl. faulty, median",1.7319861806940828,5.845083788941078,1.3087808491221804
948G_RVV-2026-08-30_16-31-01,10,1 contributor,1.691450938397178,5.694526013070409,1.113075865267737
948G_RVV-2026-08-30_16-31-01,10,3 contributors,2.2546036689663174,4.585784157383911,1.1183711355613106
948G_RVV-2026-08-30_16-31-01,10,faulty contributor alone,5.130651010868055,44.33696309441379,11.599414102356342
948G_RVV-2026-08-30_16-31-01,10,"3 incl. faulty, averaged",2.9533088855721172,16.051691533330068,5.601797114530192
948G_RVV-2026-08-30_16-31-01,10,"3 incl. faulty, median",2.207055866282132,5.049227722984781,1.1183711355613106
948G_RVV-2026-08-30_16-31-01,11,1 contributor,6.461552727763373,9.481328792982096,13.138420943077362
948G_RVV-2026-08-30_16-31-01,11,3 contributors,1.7375886840703179,5.732388856189069,1.2560393321061036
948G_RVV-2026-08-30_16-31-01,11,faulty contributor alone,2.7740629111481647,41.099495781525725,8.495556653595912
948G_RVV-2026-08-30_16-31-01,11,"3 incl. faulty, averaged",3.350438541575593,17.042651425925882,7.978013677805049
948G_RVV-2026-08-30_16-31-01,11,"3 incl. faulty, median",3.2794153294561523,7.780950899141779,1.8382007266860392
948G_RVV-2026-08-30_16-31-01,12,1 contributor,2.2149055470384935,10.807026689764383,0.5608114076224742
948G_RVV-2026-08-30_16-31-01,12,3 contributors,1.8656843706542663,5.074923253382461,0.7480444331854152
948G_RVV-2026-08-30_16-31-01,12,faulty contributor alone,2.7008488833510995,45.25755676507882,11.349697533983397
948G_RVV-2026-08-30_16-31-01,12,"3 incl. faulty, averaged",1.910580391463177,17.494531220985802,3.6817328400147735
948G_RVV-2026-08-30_16-31-01,12,"3 incl. faulty, median",2.026266177905107,4.993057255704813,2.313311348499819
948G_RVV-2026-08-30_16-31-01,13,1 contributor,3.5160072938043916,44.559411210317634,7.351300624854205
948G_RVV-2026-08-30_16-31-01,13,3 contributors,3.7015553274373554,8.57307228821164,1.4446239565334569
948G_RVV-2026-08-30_16-31-01,13,faulty contributor alone,3.433574839812266,41.56567422095519,9.084501174977891
948G_RVV-2026-08-30_16-31-01,13,"3 incl. faulty, averaged",5.41148419345973,18.971235072357334,13.933855866575346
948G_RVV-2026-08-30_16-31-01,13,"3 incl. faulty, median",5.4048858055929685,9.055137117378386,14.091405085209766
948G_RVV-2026-08-30_16-31-01,14,1 contributor,6.461552727763373,9.481328792982096,13.138420943077362
948G_RVV-2026-08-30_16-31-01,14,3 contributors,2.705394812238656,5.085928150823528,3.913793700122795
948G_RVV-2026-08-30_16-31-01,14,faulty contributor alone,3.957765082700483,42.350744813839775,9.480910598269773
948G_RVV-2026-08-30_16-31-01,14,"3 incl. faulty, averaged",4.151161736485236,17.362482322567306,8.962098305003463
948G_RVV-2026-08-30_16-31-01,14,"3 incl. faulty, median",2.9409501328864085,6.180139811622854,3.913793700122795
948G_RVV-2026-08-30_16-31-01,15,1 contributor,2.702341629476635,5.4332335762309905,3.8551344501538463
948G_RVV-2026-08-30_16-31-01,15,3 contributors,2.1068273940506184,4.938152641010199,3.714808000172367
948G_RVV-2026-08-30_16-31-01,15,faulty contributor alone,8.997800692651762,46.38300665396803,11.729412287108408
948G_RVV-2026-08-30_16-31-01,15,"3 incl. faulty, averaged",3.619700210950926,17.805930687089717,4.468178752456129
948G_RVV-2026-08-30_16-31-01,15,"3 incl. faulty, median",2.105577982444501,5.0839766610248205,3.7144918815982653
948G_RVV-2026-08-30_16-31-01,16,1 contributor,5.499449304636526,34.35749012933053,1.5171923885483392
948G_RVV-2026-08-30_16-31-01,16,3 contributors,2.391596656755179,7.985770405419434,0.9310095043947441
948G_RVV-2026-08-30_16-31-01,16,faulty contributor alone,4.142908705711918,42.218191137653236,9.474911847793347
948G_RVV-2026-08-30_16-31-01,16,"3 incl. faulty, averaged",5.731801540970924,16.723021490906294,3.8348601196290457
948G_RVV-2026-08-30_16-31-01,16,"3 incl. faulty, median",5.0141066361682025,8.05971139857868,1.5527755790679314
948G_RVV-2026-08-30_16-31-01,17,1 contributor,5.499449304636526,34.35749012933053,1.5171923885483392
948G_RVV-2026-08-30_16-31-01,17,3 contributors,3.7937938004819536,7.9872852790042845,1.1539041599135496
948G_RVV-2026-08-30_16-31-01,17,faulty contributor alone,6.105080307958302,42.760947144708226,13.544018814177305
948G_RVV-2026-08-30_16-31-01,17,"3 incl. faulty, averaged",5.567667914972601,17.460314774620734,3.7295746591777035
948G_RVV-2026-08-30_16-31-01,17,"3 incl. faulty, median",4.649713719154224,7.988441754866745,1.615810297600539
948G_RVV-2026-08-30_16-31-01,18,1 contributor,1.691450938397178,5.694526013070409,1.113075865267737
948G_RVV-2026-08-30_16-31-01,18,3 contributors,1.2651242822118696,4.860933095753484,1.8759658384608564
948G_RVV-2026-08-30_16-31-01,18,faulty contributor alone,2.47896248541996,43.69949412865262,10.98712955764524
948G_RVV-2026-08-30_16-31-01,18,"3 incl. faulty, averaged",1.465723097336352,17.012142196129183,3.9601518014177017
948G_RVV-2026-08-30_16-31-01,18,"3 incl. faulty, median",1.5792779465237703,5.2688877029671595,1.8759658384608564
948G_RVV-2026-08-30_16-31-01,19,1 contributor,2.2566188684804476,6.716683712958028,8.20159436899789
948G_RVV-2026-08-30_16-31-01,19,3 contributors,2.8063810817481025,5.1554117132254556,9.228641453145723
948G_RVV-2026-08-30_16-31-01,19,faulty contributor alone,7.399597948948355,47.26197322507077,13.138420943077362
948G_RVV-2026-08-30_16-31-01,19,"3 incl. faulty, averaged",3.4525195731069656,17.480432959678534,10.347636502627592
948G_RVV-2026-08-30_16-31-01,19,"3 incl. faulty, median",2.80452302374651,5.1554117132254556,9.228641453145723
94CC_6RQ-2026-08-30_16-34-04,0,1 contributor,3.764844212142995,7.8079939435604615,1.5379222235178789
94CC_6RQ-2026-08-30_16-34-04,0,3 contributors,1.7781931778615028,6.733193050498859,1.6013607550456974
94CC_6RQ-2026-08-30_16-34-04,0,faulty contributor alone,6.315140107263352,39.15590124000876,13.828587958126809
94CC_6RQ-2026-08-30_16-34-04,0,"3 incl. faulty, averaged",3.1372474821884984,12.48687354771836,3.2791995058714503
94CC_6RQ-2026-08-30_16-34-04,0,"3 incl. faulty, median",1.9476833892852843,6.733193050498859,1.7122235133495007
94CC_6RQ-2026-08-30_16-34-04,0,"all others, median",1.5342873385916593,6.279089729395503,0.7009979543580203
94CC_6RQ-2026-08-30_16-34-04,1,1 contributor,3.733229592437325,8.555592720346722,0.9867586106571152
94CC_6RQ-2026-08-30_16-34-04,1,3 contributors,2.235440547043028,6.639632269400502,0.7383800289699336
94CC_6RQ-2026-08-30_16-34-04,1,faulty contributor alone,3.9117510166769365,39.46589003031499,9.328374123402659
94CC_6RQ-2026-08-30_16-34-04,1,"3 incl. faulty, averaged",4.708869565873778,15.467437403897833,3.081406310160441
94CC_6RQ-2026-08-30_16-34-04,1,"3 incl. faulty, median",2.906389156637703,6.790236057475886,0.7383800289699336
94CC_6RQ-2026-08-30_16-34-04,2,1 contributor,2.6621629234000914,5.296181083796637,1.0540201421735769
94CC_6RQ-2026-08-30_16-34-04,2,3 contributors,1.9605084908968469,5.413920770455704,1.1928147137966458
94CC_6RQ-2026-08-30_16-34-04,2,faulty contributor alone,5.569632341502095,38.13905821319722,18.035376836155592
94CC_6RQ-2026-08-30_16-34-04,2,"3 incl. faulty, averaged",3.8744198547555806,11.943746201385713,3.417046573145505
94CC_6RQ-2026-08-30_16-34-04,2,"3 incl. faulty, median",1.8656969709952311,5.416938735596787,0.81654633700532
94CC_6RQ-2026-08-30_16-34-04,3,1 contributor,5.670470093141337,12.24688679534302,8.742396950623863
94CC_6RQ-2026-08-30_16-34-04,3,3 contributors,1.7000529074296922,6.8227671167894615,0.7404210717126302
94CC_6RQ-2026-08-30_16-34-04,3,faulty contributor alone,2.9053881822235104,39.96035325556071,17.059660406621575
94CC_6RQ-2026-08-30_16-34-04,3,"3 incl. faulty, averaged",5.227530302027826,15.760833313309664,8.058930594662476
94CC_6RQ-2026-08-30_16-34-04,3,"3 incl. faulty, median",2.9086038355194552,10.183594480549894,7.2960494505831575
94CC_6RQ-2026-08-30_16-34-04,4,1 contributor,1.1823254095504945,4.468363518002533,3.86337506787795
94CC_6RQ-2026-08-30_16-34-04,4,3 contributors,1.3914006035336413,4.000557695777471,1.4041955494660474
94CC_6RQ-2026-08-30_16-34-04,4,faulty contributor alone,2.819231434160457,40.398906802146975,11.814587084463174
94CC_6RQ-2026-08-30_16-34-04,4,"3 incl. faulty, averaged",2.034916011393592,12.580096947683069,3.416411565323646
94CC_6RQ-2026-08-30_16-34-04,4,"3 incl. faulty, median",1.4701623391202285,3.998256758173319,1.4314547863649916
94CC_6RQ-2026-08-30_16-34-04,5,1 contributor,1.779467646377867,4.8062496947698055,2.729372301398019
94CC_6RQ-2026-08-30_16-34-04,5,3 contributors,1.7954664075615177,5.332026646229017,1.5669217595270533
94CC_6RQ-2026-08-30_16-34-04,5,faulty contributor alone,4.865731241970043,41.190960087772034,9.724694362102067
94CC_6RQ-2026-08-30_16-34-04,5,"3 incl. faulty, averaged",3.805935394151418,14.560634154092181,3.231143575318779
94CC_6RQ-2026-08-30_16-34-04,5,"3 incl. faulty, median",2.232684037176937,5.4304586187559725,1.633932057452079
94CC_6RQ-2026-08-30_16-34-04,6,1 contributor,2.6621629234000914,5.296181083796637,1.0540201421735769
94CC_6RQ-2026-08-30_16-34-04,6,3 contributors,3.095461506426027,7.638070863878554,1.0406613635553694
94CC_6RQ-2026-08-30_16-34-04,6,faulty contributor alone,6.858907213662777,48.71412942447908,8.724773451669229
94CC_6RQ-2026-08-30_16-34-04,6,"3 incl. faulty, averaged",4.0548144666014485,19.7965994500408,2.43103124335021
94CC_6RQ-2026-08-30_16-34-04,6,"3 incl. faulty, median",3.1153625414029853,7.638070863878554,1.0406613635553694
94CC_6RQ-2026-08-30_16-34-04,7,1 contributor,1.4848651576752947,4.302395466222596,0.9400416531843746
94CC_6RQ-2026-08-30_16-34-04,7,3 contributors,1.6188157342316638,6.195946126143994,0.7142545553156413
94CC_6RQ-2026-08-30_16-34-04,7,faulty contributor alone,5.007753527902262,41.551258951732756,9.87174323716161
94CC_6RQ-2026-08-30_16-34-04,7,"3 incl. faulty, averaged",4.036251414073449,14.347329433692666,3.17558457609664
94CC_6RQ-2026-08-30_16-34-04,7,"3 incl. faulty, median",1.755530508814796,5.960800304985407,0.7197185845122521
94CC_6RQ-2026-08-30_16-34-04,8,1 contributor,1.779467646377867,4.8062496947698055,2.729372301398019
94CC_6RQ-2026-08-30_16-34-04,8,3 contributors,2.2878050396954897,5.737074015745931,1.6251323850542923
94CC_6RQ-2026-08-30_16-34-04,8,faulty contributor alone,4.986509277664774,41.43969217598352,10.049510223579883
94CC_6RQ-2026-08-30_16-34-04,8,"3 incl. faulty, averaged",3.5510017068430146,14.94645711451208,3.3420999519914507
94CC_6RQ-2026-08-30_16-34-04,8,"3 incl. faulty, median",2.46247830771435,5.701743490884929,1.6251323850542923
94CC_6RQ-2026-08-30_16-34-04,9,1 contributor,1.1823254095504945,4.468363518002533,3.86337506787795
94CC_6RQ-2026-08-30_16-34-04,9,3 contributors,1.5530817820800085,4.178056071564262,4.062183509957226
94CC_6RQ-2026-08-30_16-34-04,9,faulty contributor alone,10.652714938977583,48.724336136423254,12.880709793669421
94CC_6RQ-2026-08-30_16-34-04,9,"3 incl. faulty, averaged",4.109023964102302,18.012368776614757,2.949948607394717
94CC_6RQ-2026-08-30_16-34-04,9,"3 incl. faulty, median",1.3174769441703764,3.8658438787847618,1.6245341478534039
94CC_6RQ-2026-08-30_16-34-04,10,1 contributor,5.670470093141337,12.24688679534302,8.742396950623863
94CC_6RQ-2026-08-30_16-34-04,10,3 contributors,4.8691342792654515,8.295397443757087,9.934651367821372
94CC_6RQ-2026-08-30_16-34-04,10,faulty contributor alone,4.865731241970043,41.16571091630498,9.662697482052454
94CC_6RQ-2026-08-30_16-34-04,10,"3 incl. faulty, averaged",7.213333265428571,18.2505665880012,10.328334814514264
94CC_6RQ-2026-08-30_16-34-04,10,"3 incl. faulty, median",5.2398343962327605,8.299970244264467,9.934651367821372
94CC_6RQ-2026-08-30_16-34-04,11,1 contributor,2.996765857071145,9.350767330519332,0.8040778364440779
94CC_6RQ-2026-08-30_16-34-04,11,3 contributors,1.7000529074296922,6.8227671167894615,0.7404210717126302
94CC_6RQ-2026-08-30_16-34-04,11,faulty contributor alone,2.2680330090403826,43.721595105084916,9.74753161996585
94CC_6RQ-2026-08-30_16-34-04,11,"3 incl. faulty, averaged",4.831822874618472,17.216409195686733,4.58997186678595
94CC_6RQ-2026-08-30_16-34-04,11,"3 incl. faulty, median",3.1248074666699934,7.000313662213072,1.1074462991854725
94CC_6RQ-2026-08-30_16-34-04,12,1 contributor,3.733229592437325,8.555592720346722,0.9867586106571152
94CC_6RQ-2026-08-30_16-34-04,12,3 contributors,2.1202883612047905,7.393933038914315,0.6631740563775526
94CC_6RQ-2026-08-30_16-34-04,12,faulty contributor alone,6.30163763792448,41.33620415239836,9.110360432704484
94CC_6RQ-2026-08-30_16-34-04,12,"3 incl. faulty, averaged",4.520110572820211,15.872498957484071,3.171001792800423
94CC_6RQ-2026-08-30_16-34-04,12,"3 incl. faulty, median",2.854156581461178,6.994582476648575,0.517754829198876
94CC_6RQ-2026-08-30_16-34-04,13,1 contributor,5.202947832008885,35.29204787656577,1.3244170675103022
94CC_6RQ-2026-08-30_16-34-04,13,3 contributors,4.505918382957623,7.787459674454968,0.8877008434022476
94CC_6RQ-2026-08-30_16-34-04,13,faulty contributor alone,6.501630848364509,40.56193144167277,12.904562522416711
94CC_6RQ-2026-08-30_16-34-04,13,"3 incl. faulty, averaged",6.595931114344236,15.522079095707143,3.3980800159403457
94CC_6RQ-2026-08-30_16-34-04,13,"3 incl. faulty, median",4.7373010254389945,7.7846345532857875,1.238671332199046
94CC_6RQ-2026-08-30_16-34-04,14,1 contributor,5.231413159162709,48.7316884130689,9.206507344394796
94CC_6RQ-2026-08-30_16-34-04,14,3 contributors,2.8141686950655185,7.867913490355204,0.7873830124662692
94CC_6RQ-2026-08-30_16-34-04,14,faulty contributor alone,6.501630848364509,44.27543118867475,6.910904027661919
94CC_6RQ-2026-08-30_16-34-04,14,"3 incl. faulty, averaged",5.858397811615705,18.44268286631623,2.7750825659973657
94CC_6RQ-2026-08-30_16-34-04,14,"3 incl. faulty, median",2.9887020742611,8.151430402380615,0.7963765660076212
94CC_6RQ-2026-08-30_16-34-04,15,1 contributor,5.670470093141337,12.24688679534302,8.742396950623863
94CC_6RQ-2026-08-30_16-34-04,15,3 contributors,2.1306820283683168,6.567150752626451,0.4755116827217451
94CC_6RQ-2026-08-30_16-34-04,15,faulty contributor alone,3.5797089129359416,37.82019652624966,9.322594518339972
94CC_6RQ-2026-08-30_16-34-04,15,"3 incl. faulty, averaged",5.48724882534293,14.679495144299112,3.927787486157611
94CC_6RQ-2026-08-30_16-34-04,15,"3 incl. faulty, median",3.4968441112912307,6.991246636830916,0.8568494471487154
94CC_6RQ-2026-08-30_16-34-04,16,1 contributor,5.670470093141337,12.24688679534302,8.742396950623863
94CC_6RQ-2026-08-30_16-34-04,16,3 contributors,1.4684032609191484,6.865701142932772,5.19693589055192
94CC_6RQ-2026-08-30_16-34-04,16,faulty contributor alone,5.007753527902262,39.329423309108186,6.530572736297366
94CC_6RQ-2026-08-30_16-34-04,16,"3 incl. faulty, averaged",4.420244443814562,15.30614726586778,9.458242073648105
94CC_6RQ-2026-08-30_16-34-04,16,"3 incl. faulty, median",4.514966477902864,7.258234164140312,9.72124707777172
94CC_6RQ-2026-08-30_16-34-04,17,1 contributor,5.202947832008885,35.29204787656577,1.3244170675103022
94CC_6RQ-2026-08-30_16-34-04,17,3 contributors,3.981036780723427,7.008123398970363,0.7277004040342447
94CC_6RQ-2026-08-30_16-34-04,17,faulty contributor alone,6.501630848364509,44.31432499679934,6.928290576443848
94CC_6RQ-2026-08-30_16-34-04,17,"3 incl. faulty, averaged",6.343748036196266,17.66685648564164,3.8299283535162947
94CC_6RQ-2026-08-30_16-34-04,17,"3 incl. faulty, median",4.689615283173343,7.175334393033003,1.4688535835929974
94CC_6RQ-2026-08-30_16-34-04,18,1 contributor,5.231413159162709,48.7316884130689,9.206507344394796
94CC_6RQ-2026-08-30_16-34-04,18,3 contributors,2.6333296025914827,8.247013248191093,0.9002460333376192
94CC_6RQ-2026-08-30_16-34-04,18,faulty contributor alone,4.737626630084894,39.31454976239357,12.66081304549105
94CC_6RQ-2026-08-30_16-34-04,18,"3 incl. faulty, averaged",6.838239720124697,19.315664322211376,3.8322879632175395
94CC_6RQ-2026-08-30_16-34-04,18,"3 incl. faulty, median",2.403584073616562,8.152636906754523,0.618992568476795
94CC_6RQ-2026-08-30_16-34-04,19,1 contributor,5.231413159162709,48.7316884130689,9.206507344394796
94CC_6RQ-2026-08-30_16-34-04,19,3 contributors,2.386541957880182,5.093434086489312,1.1550321815027829
94CC_6RQ-2026-08-30_16-34-04,19,faulty contributor alone,3.7310031873868414,37.89720151026314,9.255774872239355
94CC_6RQ-2026-08-30_16-34-04,19,"3 incl. faulty, averaged",4.26634457241259,17.703550504872627,2.7536354693811456
94CC_6RQ-2026-08-30_16-34-04,19,"3 incl. faulty, median",2.2613097901495807,4.977100433189195,1.2385686951197241
94CC_6RQ-2026-08-30_16-39-43,0,1 contributor,6.225461432543466,9.157389082554186,10.734536025932181
94CC_6RQ-2026-08-30_16-39-43,0,3 contributors,2.8293760609373377,5.847813667815543,2.038904470794339
94CC_6RQ-2026-08-30_16-39-43,0,faulty contributor alone,5.366472101866985,42.10656851247967,16.98623599075072
94CC_6RQ-2026-08-30_16-39-43,0,"3 incl. faulty, averaged",3.704037832971601,16.941814061547532,10.350054808789753
94CC_6RQ-2026-08-30_16-39-43,0,"3 incl. faulty, median",3.6161144849641285,8.245901597329606,9.109625764481908
94CC_6RQ-2026-08-30_16-39-43,0,"all others, median",1.9882229618325813,3.651527604180924,0.6592732331604956
94CC_6RQ-2026-08-30_16-39-43,1,1 contributor,4.839029163859221,47.535446142196676,9.246511689423626
94CC_6RQ-2026-08-30_16-39-43,1,3 contributors,2.1250132119731657,5.599696724041533,0.979833665275256
94CC_6RQ-2026-08-30_16-39-43,1,faulty contributor alone,3.3176650534710266,40.63287410717256,16.622346418323755
94CC_6RQ-2026-08-30_16-39-43,1,"3 incl. faulty, averaged",5.40057253678143,16.891162859072857,4.58051769524244
94CC_6RQ-2026-08-30_16-39-43,1,"3 incl. faulty, median",1.9317533040697668,5.357555901399444,1.373494344226386
94CC_6RQ-2026-08-30_16-39-43,2,1 contributor,3.2241560691313857,6.910934550026455,1.101319916681384
94CC_6RQ-2026-08-30_16-39-43,2,3 contributors,2.5350292119301168,6.9202742307098895,0.9114729564426565
94CC_6RQ-2026-08-30_16-39-43,2,faulty contributor alone,1.4981846909566046,36.62933117485645,7.258881220642071
94CC_6RQ-2026-08-30_16-39-43,2,"3 incl. faulty, averaged",2.5866610914174175,13.59856740752083,2.440099457460217
94CC_6RQ-2026-08-30_16-39-43,2,"3 incl. faulty, median",2.701391157371973,6.913369618755254,0.9398294284053779
94CC_6RQ-2026-08-30_16-39-43,3,1 contributor,3.1806554163803713,34.76252633186761,0.9159852724081355
94CC_6RQ-2026-08-30_16-39-43,3,3 contributors,1.6530460910362381,4.075127890807714,1.1153727833513616
94CC_6RQ-2026-08-30_16-39-43,3,faulty contributor alone,1.874428021565093,36.15649272306026,9.189457428137555
94CC_6RQ-2026-08-30_16-39-43,3,"3 incl. faulty, averaged",2.406582107068805,13.302985757812289,6.720162587754487
94CC_6RQ-2026-08-30_16-39-43,3,"3 incl. faulty, median",1.5421882194696692,4.086392352024235,6.661272081454673
94CC_6RQ-2026-08-30_16-39-43,4,1 contributor,4.839029163859221,47.535446142196676,9.246511689423626
94CC_6RQ-2026-08-30_16-39-43,4,3 contributors,2.1250132119731657,5.599696724041533,0.979833665275256
94CC_6RQ-2026-08-30_16-39-43,4,faulty contributor alone,2.873651199448438,40.718018953069965,15.518914227535213
94CC_6RQ-2026-08-30_16-39-43,4,"3 incl. faulty, averaged",5.536422207310086,17.901947523536496,4.6767419204484595
94CC_6RQ-2026-08-30_16-39-43,4,"3 incl. faulty, median",2.296552270283207,5.598618738370357,1.056003746935617
94CC_6RQ-2026-08-30_16-39-43,5,1 contributor,2.154943491745625,9.990179356661798,0.7182507621680762
94CC_6RQ-2026-08-30_16-39-43,5,3 contributors,2.3599057595566886,5.586387122151498,0.5315638434470791
94CC_6RQ-2026-08-30_16-39-43,5,faulty contributor alone,5.366472101866985,39.56064914341871,12.403838466419026
94CC_6RQ-2026-08-30_16-39-43,5,"3 incl. faulty, averaged",5.007411586151758,13.230206409300127,2.8255034903844094
94CC_6RQ-2026-08-30_16-39-43,5,"3 incl. faulty, median",2.301282088294551,5.583872704506866,1.3128402020072092
94CC_6RQ-2026-08-30_16-39-43,6,1 contributor,1.2181836975142324,4.660240076797286,1.9028940031729467
94CC_6RQ-2026-08-30_16-39-43,6,3 contributors,1.3238259614505747,3.8526266983246757,0.5441944475815734
94CC_6RQ-2026-08-30_16-39-43,6,faulty contributor alone,7.509827535449592,41.0052674109335,10.734536025932181
94CC_6RQ-2026-08-30_16-39-43,6,"3 incl. faulty, averaged",3.2333985740812623,12.46435306212094,4.802939873814065
94CC_6RQ-2026-08-30_16-39-43,6,"3 incl. faulty, median",1.3237184891907068,3.8875303417065163,0.5440295765448104
94CC_6RQ-2026-08-30_16-39-43,7,1 contributor,2.154943491745625,9.990179356661798,0.7182507621680762
94CC_6RQ-2026-08-30_16-39-43,7,3 contributors,1.6031182748576835,4.8047350148744155,1.9730631523407627
94CC_6RQ-2026-08-30_16-39-43,7,faulty contributor alone,2.9364159863017396,39.83158479302034,9.231033176551355
94CC_6RQ-2026-08-30_16-39-43,7,"3 incl. faulty, averaged",4.079191912968525,14.241113497058617,11.934871384003243
94CC_6RQ-2026-08-30_16-39-43,7,"3 incl. faulty, median",2.0801752424128765,5.376983044566195,11.702931992432589
94CC_6RQ-2026-08-30_16-39-43,8,1 contributor,1.2181836975142324,4.660240076797286,1.9028940031729467
94CC_6RQ-2026-08-30_16-39-43,8,3 contributors,1.6242901484002223,4.033193566696284,2.172825035943018
94CC_6RQ-2026-08-30_16-39-43,8,faulty contributor alone,3.009029398592203,39.85018144677577,9.269132537544685
94CC_6RQ-2026-08-30_16-39-43,8,"3 incl. faulty, averaged",2.310528831965685,13.03114777662112,2.9585548668685577
94CC_6RQ-2026-08-30_16-39-43,8,"3 incl. faulty, median",1.5480595295576383,3.7116127383802366,1.0010573583611129
94CC_6RQ-2026-08-30_16-39-43,9,1 contributor,2.9148576053588635,5.831772968496589,1.418435140421289
94CC_6RQ-2026-08-30_16-39-43,9,3 contributors,2.960742691681211,5.627322388208366,1.2326301629669578
94CC_6RQ-2026-08-30_16-39-43,9,faulty contributor alone,4.820594967804303,47.52349778513007,7.678991151517096
94CC_6RQ-2026-08-30_16-39-43,9,"3 incl. faulty, averaged",2.731353139597583,16.615605465945208,2.720781164176533
94CC_6RQ-2026-08-30_16-39-43,9,"3 incl. faulty, median",2.51126281119818,5.560544257826955,1.4784621666089741
94CC_6RQ-2026-08-30_16-39-43,10,1 contributor,1.48190996632658,4.30963689522045,1.5794669673537767
94CC_6RQ-2026-08-30_16-39-43,10,3 contributors,2.70926851288488,8.213022029875127,11.418934588035874
94CC_6RQ-2026-08-30_16-39-43,10,faulty contributor alone,5.029534301146963,42.58958410954716,7.336771178465013
94CC_6RQ-2026-08-30_16-39-43,10,"3 incl. faulty, averaged",5.510018234600343,16.111251160371175,11.496112368630643
94CC_6RQ-2026-08-30_16-39-43,10,"3 incl. faulty, median",2.7959781302773408,8.209985005338131,11.418934588035874
94CC_6RQ-2026-08-30_16-39-43,11,1 contributor,1.882550511983624,5.015406222109959,0.7560523446005966
94CC_6RQ-2026-08-30_16-39-43,11,3 contributors,1.4098429047002747,4.6148515769840275,0.3958007742146441
94CC_6RQ-2026-08-30_16-39-43,11,faulty contributor alone,3.7491056546779684,39.29070840977722,16.249078334886384
94CC_6RQ-2026-08-30_16-39-43,11,"3 incl. faulty, averaged",3.484034998400483,13.975680091084966,4.986022654683916
94CC_6RQ-2026-08-30_16-39-43,11,"3 incl. faulty, median",2.1576451309747506,4.974289312915119,0.9402019484212504
94CC_6RQ-2026-08-30_16-39-43,12,1 contributor,6.225461432543466,9.157389082554186,10.734536025932181
94CC_6RQ-2026-08-30_16-39-43,12,3 contributors,1.5053159083146268,3.849094678036767,0.6574189386297602
94CC_6RQ-2026-08-30_16-39-43,12,faulty contributor alone,2.322731943928565,36.402657257882964,6.133384893126628
94CC_6RQ-2026-08-30_16-39-43,12,"3 incl. faulty, averaged",3.6011380466139555,13.35217079901088,11.350448325393343
94CC_6RQ-2026-08-30_16-39-43,12,"3 incl. faulty, median",2.3265258184663913,6.890236575457693,11.490355382763477
94CC_6RQ-2026-08-30_16-39-43,13,1 contributor,2.541777806635849,6.448584683337662,5.797532566426699
94CC_6RQ-2026-08-30_16-39-43,13,3 contributors,1.9597139405182085,5.483196625563949,7.234532507015148
94CC_6RQ-2026-08-30_16-39-43,13,faulty contributor alone,3.325489347088687,40.72096474042212,12.387672967573549
94CC_6RQ-2026-08-30_16-39-43,13,"3 incl. faulty, averaged",2.6845235081646592,13.994590722224023,9.617050580010389
94CC_6RQ-2026-08-30_16-39-43,13,"3 incl. faulty, median",2.5561272696593424,6.4195242963310974,6.1800563825853745
94CC_6RQ-2026-08-30_16-39-43,14,1 contributor,1.48190996632658,4.30963689522045,1.5794669673537767
94CC_6RQ-2026-08-30_16-39-43,14,3 contributors,2.0962415916382233,5.2553625561374355,6.332486202099851
94CC_6RQ-2026-08-30_16-39-43,14,faulty contributor alone,3.525494866979671,38.078552734086934,8.696802429975019
94CC_6RQ-2026-08-30_16-39-43,14,"3 incl. faulty, averaged",1.756927361240495,11.26310367811642,4.074119618439348
94CC_6RQ-2026-08-30_16-39-43,14,"3 incl. faulty, median",1.481559967206317,4.0834851411700654,1.432835175271115
94CC_6RQ-2026-08-30_16-39-43,15,1 contributor,2.541777806635849,6.448584683337662,5.797532566426699
94CC_6RQ-2026-08-30_16-39-43,15,3 contributors,1.5764215265772799,4.028943029644151,5.836485675820663
94CC_6RQ-2026-08-30_16-39-43,15,faulty contributor alone,1.7186962043815681,40.43789097625082,11.81400594328055
94CC_6RQ-2026-08-30_16-39-43,15,"3 incl. faulty, averaged",2.0186170513698696,12.589273322094769,6.109718384256597
94CC_6RQ-2026-08-30_16-39-43,15,"3 incl. faulty, median",1.3122986224938644,4.357312156191457,5.68420063879003
94CC_6RQ-2026-08-30_16-39-43,16,1 contributor,1.9600290833702896,4.900488783280007,1.1719430027241946
94CC_6RQ-2026-08-30_16-39-43,16,3 contributors,2.666745127863367,6.914815805569261,0.8970699252031731
94CC_6RQ-2026-08-30_16-39-43,16,faulty contributor alone,5.126511389181728,38.27937232924251,15.634469350315007
94CC_6RQ-2026-08-30_16-39-43,16,"3 incl. faulty, averaged",3.333806946458837,13.585551991878475,4.635380514128128
94CC_6RQ-2026-08-30_16-39-43,16,"3 incl. faulty, median",2.760686982803142,7.935287944844339,1.626072376134324
94CC_6RQ-2026-08-30_16-39-43,17,1 contributor,4.839029163859221,47.535446142196676,9.246511689423626
94CC_6RQ-2026-08-30_16-39-43,17,3 contributors,2.4929321029457925,33.23345532667388,1.032118936950596
94CC_6RQ-2026-08-30_16-39-43,17,faulty contributor alone,2.233479314708031,39.38491064059781,9.08259902682206
94CC_6RQ-2026-08-30_16-39-43,17,"3 incl. faulty, averaged",2.880081715355946,27.383187449259932,2.9124276462395224
94CC_6RQ-2026-08-30_16-39-43,17,"3 incl. faulty, median",2.4498655778825364,33.23713329066453,0.9150727433314733
94CC_6RQ-2026-08-30_16-39-43,18,1 contributor,1.882550511983624,5.015406222109959,0.7560523446005966
94CC_6RQ-2026-08-30_16-39-43,18,3 contributors,3.2227547556539036,6.9426305833373405,1.1212111677508385
94CC_6RQ-2026-08-30_16-39-43,18,faulty contributor alone,5.221716277555548,38.197872434173064,18.08073202267405
94CC_6RQ-2026-08-30_16-39-43,18,"3 incl. faulty, averaged",5.374164878365373,20.405124597825385,4.590417763568135
94CC_6RQ-2026-08-30_16-39-43,18,"3 incl. faulty, median",3.271910741309341,6.93384263191881,1.4171367440295324
94CC_6RQ-2026-08-30_16-39-43,19,1 contributor,2.9148576053588635,5.831772968496589,1.418435140421289
94CC_6RQ-2026-08-30_16-39-43,19,3 contributors,2.730970439095227,5.712937096496495,0.7032885111827115
94CC_6RQ-2026-08-30_16-39-43,19,faulty contributor alone,3.0088764197509095,38.9935612753608,9.767306988729478
94CC_6RQ-2026-08-30_16-39-43,19,"3 incl. faulty, averaged",3.922473471233773,12.113646242318827,3.065957230716858
94CC_6RQ-2026-08-30_16-39-43,19,"3 incl. faulty, median",2.784460180144958,5.703698078232671,0.6816704727424381
94CC_6RQ-2026-08-30_16-46-01,0,1 contributor,6.109273560989154,43.798911136222024,8.986448347510859
94CC_6RQ-2026-08-30_16-46-01,0,3 contributors,2.5080238219724706,10.499812634764615,0.23318706870321593
94CC_6RQ-2026-08-30_16-46-01,0,faulty contributor alone,7.563830693242126,44.93097200548522,7.519256133606171
94CC_6RQ-2026-08-30_16-46-01,0,"3 incl. faulty, averaged",7.0733357867237325,15.375825259213956,3.326953938405761
94CC_6RQ-2026-08-30_16-46-01,0,"3 incl. faulty, median",2.5470398861723074,10.499812634764615,0.32810154866143504
94CC_6RQ-2026-08-30_16-46-01,0,"all others, median",1.8044780818926647,8.520134430231078,0.436752162383335
94CC_6RQ-2026-08-30_16-46-01,1,1 contributor,2.2192110521776653,5.73595369495009,0.6909169744199962
94CC_6RQ-2026-08-30_16-46-01,1,3 contributors,2.0901042247888775,5.735508031735464,0.20771101313615303
94CC_6RQ-2026-08-30_16-46-01,1,faulty contributor alone,7.55422399674775,42.55582282548225,17.060731742729768
94CC_6RQ-2026-08-30_16-46-01,1,"3 incl. faulty, averaged",4.070909920080811,15.71805883056867,5.243246325528739
94CC_6RQ-2026-08-30_16-46-01,1,"3 incl. faulty, median",2.4352009198293523,5.492715475644516,1.163183421892443
94CC_6RQ-2026-08-30_16-46-01,2,1 contributor,2.4705629270591043,5.947491120703457,0.8285274823343329
94CC_6RQ-2026-08-30_16-46-01,2,3 contributors,2.6807904414545805,8.510058856535514,0.720296213346248
94CC_6RQ-2026-08-30_16-46-01,2,faulty contributor alone,7.504984110939531,43.471191479790136,12.154395669041083
94CC_6RQ-2026-08-30_16-46-01,2,"3 incl. faulty, averaged",5.2030928972708645,16.609863108416913,3.043386444959975
94CC_6RQ-2026-08-30_16-46-01,2,"3 incl. faulty, median",2.871331680583813,8.510058856535514,0.8024942562463063
94CC_6RQ-2026-08-30_16-46-01,3,1 contributor,4.275031904608127,8.413433439364233,1.092573585265007
94CC_6RQ-2026-08-30_16-46-01,3,3 contributors,2.420488028860503,8.28571242284808,0.47544365650940806
94CC_6RQ-2026-08-30_16-46-01,3,faulty contributor alone,1.9226768573890074,43.264729707164285,17.035667441624735
94CC_6RQ-2026-08-30_16-46-01,3,"3 incl. faulty, averaged",6.971731932867281,15.755248675713066,5.007269820459202
94CC_6RQ-2026-08-30_16-46-01,3,"3 incl. faulty, median",2.8632176898013615,8.28571242284808,0.6553800435488825
94CC_6RQ-2026-08-30_16-46-01,4,1 contributor,2.735281439713811,9.272281890795888,1.0278163496903627
94CC_6RQ-2026-08-30_16-46-01,4,3 contributors,2.156494599621328,9.28097195624523,0.47860439182922676
94CC_6RQ-2026-08-30_16-46-01,4,faulty contributor alone,7.576633061883631,42.558557908902564,16.920907112660558
94CC_6RQ-2026-08-30_16-46-01,4,"3 incl. faulty, averaged",6.643984975073622,16.208177340160912,5.039107183496665
94CC_6RQ-2026-08-30_16-46-01,4,"3 incl. faulty, median",2.782384292354382,9.495604604818796,0.6442578175060779
94CC_6RQ-2026-08-30_16-46-01,5,1 contributor,2.2192110521776653,5.73595369495009,0.6909169744199962
94CC_6RQ-2026-08-30_16-46-01,5,3 contributors,2.4699733720423707,8.511142130501344,0.45958419789207994
94CC_6RQ-2026-08-30_16-46-01,5,faulty contributor alone,7.461973834675069,41.9235506874837,9.330948850951339
94CC_6RQ-2026-08-30_16-46-01,5,"3 incl. faulty, averaged",6.697568735432643,16.104348796879076,5.393737270030427
94CC_6RQ-2026-08-30_16-46-01,5,"3 incl. faulty, median",4.759945757368728,8.885189097090281,5.146908073049288
94CC_6RQ-2026-08-30_16-46-01,6,1 contributor,1.1583066825122148,4.194931627203947,0.8506171054696565
94CC_6RQ-2026-08-30_16-46-01,6,3 contributors,1.9713800080475787,7.8386396706594885,0.4857978427965283
94CC_6RQ-2026-08-30_16-46-01,6,faulty contributor alone,4.500495727050037,42.86956674921943,10.30351148762002
94CC_6RQ-2026-08-30_16-46-01,6,"3 incl. faulty, averaged",4.208003098397526,15.724882648414317,3.577544049606112
94CC_6RQ-2026-08-30_16-46-01,6,"3 incl. faulty, median",2.395482271122832,7.841857496944075,0.8789072689115115
94CC_6RQ-2026-08-30_16-46-01,7,1 contributor,3.8430523350719143,11.111930371835573,0.5580973844323802
94CC_6RQ-2026-08-30_16-46-01,7,3 contributors,2.307794043169432,5.735663448926907,0.6634788993681993
94CC_6RQ-2026-08-30_16-46-01,7,faulty contributor alone,4.194407124847999,40.1148139390712,15.569553611196424
94CC_6RQ-2026-08-30_16-46-01,7,"3 incl. faulty, averaged",4.548099397946029,15.207121374822256,4.3724472403653225
94CC_6RQ-2026-08-30_16-46-01,7,"3 incl. faulty, median",2.597293937778854,5.73122808581267,1.1552783315837696
94CC_6RQ-2026-08-30_16-46-01,8,1 contributor,2.735281439713811,9.272281890795888,1.0278163496903627
94CC_6RQ-2026-08-30_16-46-01,8,3 contributors,3.106415284700299,9.522039868514472,0.514374678029727
94CC_6RQ-2026-08-30_16-46-01,8,faulty contributor alone,7.232716028740726,43.79978722333652,10.458224284409287
94CC_6RQ-2026-08-30_16-46-01,8,"3 incl. faulty, averaged",5.782142942502484,16.281623284989518,2.523043111986563
94CC_6RQ-2026-08-30_16-46-01,8,"3 incl. faulty, median",3.7749196343273983,9.513689568323098,0.3832637620769914
94CC_6RQ-2026-08-30_16-46-01,9,1 contributor,2.2947174372020287,4.492850240671687,0.9502643598710308
94CC_6RQ-2026-08-30_16-46-01,9,3 contributors,1.9464074206231765,5.273077609431922,0.5286789017200602
94CC_6RQ-2026-08-30_16-46-01,9,faulty contributor alone,11.088640454695497,43.80070717038536,13.89230194248288
94CC_6RQ-2026-08-30_16-46-01,9,"3 incl. faulty, averaged",4.504742070493361,15.889330011183675,2.8897603660432636
94CC_6RQ-2026-08-30_16-46-01,9,"3 incl. faulty, median",2.4128513707592076,5.411732465932878,0.6765151862911072
94CC_6RQ-2026-08-30_16-46-01,10,1 contributor,6.293373390656105,12.832659352236274,4.294889738294421
94CC_6RQ-2026-08-30_16-46-01,10,3 contributors,5.3329057894009555,10.540570658205032,1.4073666060511267
94CC_6RQ-2026-08-30_16-46-01,10,faulty contributor alone,7.424814023739677,43.085706761832256,16.958095656807203
94CC_6RQ-2026-08-30_16-46-01,10,"3 incl. faulty, averaged",7.545842101636643,17.26205703717836,5.366531595877441
94CC_6RQ-2026-08-30_16-46-01,10,"3 incl. faulty, median",5.903622613602584,11.177268899548514,3.7196110930679325
94CC_6RQ-2026-08-30_16-46-01,11,1 contributor,2.735281439713811,9.272281890795888,1.0278163496903627
94CC_6RQ-2026-08-30_16-46-01,11,3 contributors,2.34613823656251,7.749426765883926,0.6130122556717816
94CC_6RQ-2026-08-30_16-46-01,11,faulty contributor alone,6.842783895915725,42.27868238191231,10.089933849343765
94CC_6RQ-2026-08-30_16-46-01,11,"3 incl. faulty, averaged",4.623887167160456,16.746142581884087,2.9599316220803273
94CC_6RQ-2026-08-30_16-46-01,11,"3 incl. faulty, median",2.825097524282141,7.735626952940271,0.9887482544808414
94CC_6RQ-2026-08-30_16-46-01,12,1 contributor,3.8430523350719143,11.111930371835573,0.5580973844323802
94CC_6RQ-2026-08-30_16-46-01,12,3 contributors,2.2327262747168026,8.515104111521996,0.48569079152826
94CC_6RQ-2026-08-30_16-46-01,12,faulty contributor alone,8.559004921495406,43.79876059664549,10.259342762401282
94CC_6RQ-2026-08-30_16-46-01,12,"3 incl. faulty, averaged",5.078448484775244,13.513821157624811,2.754469199634642
94CC_6RQ-2026-08-30_16-46-01,12,"3 incl. faulty, median",2.6211538002155454,8.515104111521996,0.4084470021173867
94CC_6RQ-2026-08-30_16-46-01,13,1 contributor,4.275031904608127,8.413433439364233,1.092573585265007
94CC_6RQ-2026-08-30_16-46-01,13,3 contributors,3.438696641328799,10.141173419750151,0.49798480700893444
94CC_6RQ-2026-08-30_16-46-01,13,faulty contributor alone,7.58179986708503,44.89569853198796,10.500183242751499
94CC_6RQ-2026-08-30_16-46-01,13,"3 incl. faulty, averaged",7.818353503641326,15.80317231707195,2.709978811951066
94CC_6RQ-2026-08-30_16-46-01,13,"3 incl. faulty, median",4.49024438378431,10.141173419750151,1.0350109885790169
94CC_6RQ-2026-08-30_16-46-01,14,1 contributor,6.293373390656105,12.832659352236274,4.294889738294421
94CC_6RQ-2026-08-30_16-46-01,14,3 contributors,2.8965770124368744,9.730952765694264,0.7978422491132301
94CC_6RQ-2026-08-30_16-46-01,14,faulty contributor alone,7.304786466215031,41.27170002349882,6.534550082446894
94CC_6RQ-2026-08-30_16-46-01,14,"3 incl. faulty, averaged",7.1543522283621614,15.87641545003318,6.15300481816113
94CC_6RQ-2026-08-30_16-46-01,14,"3 incl. faulty, median",4.963872124763004,9.5962470381185,5.264029620939956
94CC_6RQ-2026-08-30_16-46-01,15,1 contributor,4.275031904608127,8.413433439364233,1.092573585265007
94CC_6RQ-2026-08-30_16-46-01,15,3 contributors,2.811956791910731,8.334589380687945,0.48313587881633807
94CC_6RQ-2026-08-30_16-46-01,15,faulty contributor alone,11.708539974936006,43.79916708885117,15.016620335446051
94CC_6RQ-2026-08-30_16-46-01,15,"3 incl. faulty, averaged",6.251633841466539,16.157839988573595,3.968405481019385
94CC_6RQ-2026-08-30_16-46-01,15,"3 incl. faulty, median",3.400896072073828,8.334589380687945,0.4590389324433535
94CC_6RQ-2026-08-30_16-46-01,16,1 contributor,3.8430523350719143,11.111930371835573,0.5580973844323802
94CC_6RQ-2026-08-30_16-46-01,16,3 contributors,2.4383687958546405,5.848577347662622,0.4438172828076593
94CC_6RQ-2026-08-30_16-46-01,16,faulty contributor alone,3.6439038977249245,42.9548196458455,12.587972035611442
94CC_6RQ-2026-08-30_16-46-01,16,"3 incl. faulty, averaged",4.879383514318918,14.831449750670735,2.8199269557204896
94CC_6RQ-2026-08-30_16-46-01,16,"3 incl. faulty, median",2.460529012443742,5.741130084207283,0.20217431090754823
94CC_6RQ-2026-08-30_16-46-01,17,1 contributor,2.2947174372020287,4.492850240671687,0.9502643598710308
94CC_6RQ-2026-08-30_16-46-01,17,3 contributors,2.64734149775281,9.323566515331658,0.8700077230936286
94CC_6RQ-2026-08-30_16-46-01,17,faulty contributor alone,11.117658091802767,45.133183659905235,9.699878657153647
94CC_6RQ-2026-08-30_16-46-01,17,"3 incl. faulty, averaged",5.935936730526764,17.067280319928653,3.3637279489620675
94CC_6RQ-2026-08-30_16-46-01,17,"3 incl. faulty, median",2.649058153054831,9.365700655541495,0.8700077230936286
94CC_6RQ-2026-08-30_16-46-01,18,1 contributor,6.293373390656105,12.832659352236274,4.294889738294421
94CC_6RQ-2026-08-30_16-46-01,18,3 contributors,6.056366130818205,31.451825883563348,1.5195568033524565
94CC_6RQ-2026-08-30_16-46-01,18,faulty contributor alone,11.708539974936006,43.799394097379626,14.533429979960856
94CC_6RQ-2026-08-30_16-46-01,18,"3 incl. faulty, averaged",9.4576859418459,26.473833570651266,4.515113913640839
94CC_6RQ-2026-08-30_16-46-01,18,"3 incl. faulty, median",6.762644797099696,32.04890279798487,1.3159798377625407
94CC_6RQ-2026-08-30_16-46-01,19,1 contributor,6.109273560989154,43.798911136222024,8.986448347510859
94CC_6RQ-2026-08-30_16-46-01,19,3 contributors,1.9624280906301244,9.039604072652835,0.66551093960824
94CC_6RQ-2026-08-30_16-46-01,19,faulty contributor alone,5.421706185231798,43.81969148519199,10.490719686219107
94CC_6RQ-2026-08-30_16-46-01,19,"3 incl. faulty, averaged",6.877799283679787,15.686286677972127,2.648297820035129
94CC_6RQ-2026-08-30_16-46-01,19,"3 incl. faulty, median",2.0151937765123575,8.321304052696032,0.7434343031843291
new_senior-2026-08-30_16-36-55,0,1 contributor,2.5609839466680695,6.911712102625061,2.431917074091233
new_senior-2026-08-30_16-36-55,0,3 contributors,1.5557112687615895,6.930774798772924,2.0971509393134666
new_senior-2026-08-30_16-36-55,0,faulty contributor alone,4.397052581811344,39.48505904909429,7.234722647120837
new_senior-2026-08-30_16-36-55,0,"3 incl. faulty, averaged",2.7179849905272855,14.890241065630132,3.564170410140959
new_senior-2026-08-30_16-36-55,0,"3 incl. faulty, median",1.9342722967612196,7.129074856200949,2.0971509393134666
new_senior-2026-08-30_16-36-55,0,"all others, median",1.163349967432803,5.533804611267998,2.3366037938486013
new_senior-2026-08-30_16-36-55,1,1 contributor,4.093783320085285,33.23766772238545,2.486210346088693
new_senior-2026-08-30_16-36-55,1,3 contributors,3.6214998925106476,6.480239727770709,2.83156179718438
new_senior-2026-08-30_16-36-55,1,faulty contributor alone,5.594717166295514,39.68826742075382,11.15825886407015
new_senior-2026-08-30_16-36-55,1,"3 incl. faulty, averaged",5.52957122929684,16.19895249185666,3.546201667207444
new_senior-2026-08-30_16-36-55,1,"3 incl. faulty, median",4.083007602024326,6.773420272790041,2.83156179718438
new_senior-2026-08-30_16-36-55,2,1 contributor,3.367049504261513,6.453973352337352,3.7441619479639203
new_senior-2026-08-30_16-36-55,2,3 contributors,1.5376397027530437,5.798838824120855,3.1180495207395493
new_senior-2026-08-30_16-36-55,2,faulty contributor alone,2.5445540873269525,40.60124425190393,10.186044009265833
new_senior-2026-08-30_16-36-55,2,"3 incl. faulty, averaged",2.6927458531544644,15.596149972784701,3.4444387473766755
new_senior-2026-08-30_16-36-55,2,"3 incl. faulty, median",1.6797499449547022,6.002039931290661,3.02998807955671
new_senior-2026-08-30_16-36-55,3,1 contributor,1.6251173047512995,9.628050063219964,2.1971767686479167
new_senior-2026-08-30_16-36-55,3,3 contributors,2.003228270851441,5.466619749441579,2.4015232984136814
new_senior-2026-08-30_16-36-55,3,faulty contributor alone,3.8718957275557364,44.79276464323033,9.03231342607014
new_senior-2026-08-30_16-36-55,3,"3 incl. faulty, averaged",2.837092807912284,16.690123100503655,3.2764648542212367
new_senior-2026-08-30_16-36-55,3,"3 incl. faulty, median",2.65276275705187,6.072805601103638,2.460860003776888
new_senior-2026-08-30_16-36-55,4,1 contributor,2.5609839466680695,6.911712102625061,2.431917074091233
new_senior-2026-08-30_16-36-55,4,3 contributors,1.7278832564803954,6.141586731006236,2.168637763904764
new_senior-2026-08-30_16-36-55,4,faulty contributor alone,4.339814580540109,41.21635130638831,9.201875761293017
new_senior-2026-08-30_16-36-55,4,"3 incl. faulty, averaged",2.021714342782448,14.240651065347185,3.10087014852796
new_senior-2026-08-30_16-36-55,4,"3 incl. faulty, median",1.5683146769425556,6.139496929523567,2.168637763904764
new_senior-2026-08-30_16-36-55,5,1 contributor,1.6251173047512995,9.628050063219964,2.1971767686479167
new_senior-2026-08-30_16-36-55,5,3 contributors,1.1361716593120446,4.856159354800914,2.9470680144433636
new_senior-2026-08-30_16-36-55,5,faulty contributor alone,2.2837089081220836,39.048650562184676,9.176700827696752
new_senior-2026-08-30_16-36-55,5,"3 incl. faulty, averaged",2.4270141939497405,14.43805135985917,5.394123479527627
new_senior-2026-08-30_16-36-55,5,"3 incl. faulty, median",2.0717409347333287,6.313727719267737,2.9470680144433636
new_senior-2026-08-30_16-36-55,6,1 contributor,1.449525845671268,7.101797524074566,3.0529022367612506
new_senior-2026-08-30_16-36-55,6,3 contributors,1.240904483079997,4.782999602812321,2.1219163487020776
new_senior-2026-08-30_16-36-55,6,faulty contributor alone,2.0340065142646084,40.90085951766368,10.13869281457498
new_senior-2026-08-30_16-36-55,6,"3 incl. faulty, averaged",2.518729510693955,14.954732183406499,3.100094054239295
new_senior-2026-08-30_16-36-55,6,"3 incl. faulty, median",1.9231156090883326,5.7057442191406915,2.1536588263228715
new_senior-2026-08-30_16-36-55,7,1 contributor,3.367049504261513,6.453973352337352,3.7441619479639203
new_senior-2026-08-30_16-36-55,7,3 contributors,1.8430491015763746,5.644844436580007,2.611298324902684
new_senior-2026-08-30_16-36-55,7,faulty contributor alone,2.5323280645305517,40.25319028411963,11.333377916338245
new_senior-2026-08-30_16-36-55,7,"3 incl. faulty, averaged",2.9293932899921344,14.389579884087993,3.4659124437227455
new_senior-2026-08-30_16-36-55,7,"3 incl. faulty, median",2.632317214249853,6.482360936700225,2.718531685731126
new_senior-2026-08-30_16-36-55,8,1 contributor,1.7507734799107526,6.489106106170487,2.509652292791415
new_senior-2026-08-30_16-36-55,8,3 contributors,1.3441776035017932,5.363278292332941,2.452592281358729
new_senior-2026-08-30_16-36-55,8,faulty contributor alone,2.1679578213397055,37.223134251575274,10.012659079611078
new_senior-2026-08-30_16-36-55,8,"3 incl. faulty, averaged",4.357664095525539,13.742932992464015,4.103282305965037
new_senior-2026-08-30_16-36-55,8,"3 incl. faulty, median",2.3348995299603033,6.374110754980352,2.935300233008238
new_senior-2026-08-30_16-36-55,9,1 contributor,1.449525845671268,7.101797524074566,3.0529022367612506
new_senior-2026-08-30_16-36-55,9,3 contributors,0.9246735665291833,5.135342806071457,2.2336953650416334
new_senior-2026-08-30_16-36-55,9,faulty contributor alone,2.187016439247995,41.42155421107539,18.373962468837878
new_senior-2026-08-30_16-36-55,9,"3 incl. faulty, averaged",1.4286465592244817,13.687203901221716,6.008027129881767
new_senior-2026-08-30_16-36-55,9,"3 incl. faulty, median",1.0405437747730921,5.13645386447326,2.6101685824527303
new_senior-2026-08-30_16-36-55,10,1 contributor,5.830191218336748,8.792519290545718,7.069537873196477
new_senior-2026-08-30_16-36-55,10,3 contributors,3.0145941570011403,6.779203873845594,2.4399549057652403
new_senior-2026-08-30_16-36-55,10,faulty contributor alone,4.074301964033532,39.86481999401153,10.475724338568707
new_senior-2026-08-30_16-36-55,10,"3 incl. faulty, averaged",4.366956895159371,14.832628584793776,7.780229753078811
new_senior-2026-08-30_16-36-55,10,"3 incl. faulty, median",3.7538297689211118,7.007739100910421,7.716273498406907
new_senior-2026-08-30_16-36-55,11,1 contributor,3.892311846707501,41.21650256182201,10.107268893738699
new_senior-2026-08-30_16-36-55,11,3 contributors,1.6423535497447852,30.877161904636104,2.5147237974242143
new_senior-2026-08-30_16-36-55,11,faulty contributor alone,6.7238262161430615,42.53189768436082,16.954852082303727
new_senior-2026-08-30_16-36-55,11,"3 incl. faulty, averaged",4.382917786282472,25.499353358850065,6.302593782327822
new_senior-2026-08-30_16-36-55,11,"3 incl. faulty, median",1.6693369515979515,34.60641076380314,2.656219253252139
new_senior-2026-08-30_16-36-55,12,1 contributor,3.892311846707501,41.21650256182201,10.107268893738699
new_senior-2026-08-30_16-36-55,12,3 contributors,1.4211583635322769,4.936434136985975,2.18019314479903
new_senior-2026-08-30_16-36-55,12,faulty contributor alone,2.1275131804179424,37.43732665651957,12.818968560978533
new_senior-2026-08-30_16-36-55,12,"3 incl. faulty, averaged",4.60279312197119,15.649827307490499,4.969853452651699
new_senior-2026-08-30_16-36-55,12,"3 incl. faulty, median",1.2750733210136738,4.954315585599187,2.4181527422428024
new_senior-2026-08-30_16-36-55,13,1 contributor,3.367049504261513,6.453973352337352,3.7441619479639203
new_senior-2026-08-30_16-36-55,13,3 contributors,3.914456629385787,6.742047816835079,3.0344196703727078
new_senior-2026-08-30_16-36-55,13,faulty contributor alone,9.908130155979109,42.640110852535585,13.623616956185415
new_senior-2026-08-30_16-36-55,13,"3 incl. faulty, averaged",5.069523238911,16.781142882889615,8.34621334930301
new_senior-2026-08-30_16-36-55,13,"3 incl. faulty, median",4.2252488866010856,8.94047331478125,6.880866557209241
new_senior-2026-08-30_16-36-55,14,1 contributor,1.7048963198530542,5.897179828174859,1.580091808070534
new_senior-2026-08-30_16-36-55,14,3 contributors,1.1115539022104124,5.384997194157849,2.9933343414923783
new_senior-2026-08-30_16-36-55,14,faulty contributor alone,4.342262843516644,44.14257162142264,8.241010643348778
new_senior-2026-08-30_16-36-55,14,"3 incl. faulty, averaged",1.9349896756438332,14.583834397378977,2.8996123534298786
new_senior-2026-08-30_16-36-55,14,"3 incl. faulty, median",1.1115539022104124,5.384997194157849,2.9933343414923783
new_senior-2026-08-30_16-36-55,15,1 contributor,3.892311846707501,41.21650256182201,10.107268893738699
new_senior-2026-08-30_16-36-55,15,3 contributors,2.2017573500609036,6.646731862894272,2.243216338761508
new_senior-2026-08-30_16-36-55,15,faulty contributor alone,1.5233766687966304,43.47113042089025,17.58890547198756
new_senior-2026-08-30_16-36-55,15,"3 incl. faulty, averaged",4.526846915014154,18.18766484511283,8.055697624612005
new_senior-2026-08-30_16-36-55,15,"3 incl. faulty, median",2.8146039564514025,8.796896247287311,6.30026326119457
new_senior-2026-08-30_16-36-55,16,1 contributor,3.367049504261513,6.453973352337352,3.7441619479639203
new_senior-2026-08-30_16-36-55,16,3 contributors,1.2386441900471423,5.5002682540933625,3.0501104029849024
new_senior-2026-08-30_16-36-55,16,faulty contributor alone,4.833444101609231,39.06696171094638,9.842465283002797
new_senior-2026-08-30_16-36-55,16,"3 incl. faulty, averaged",2.1640625002938463,14.672469999726296,3.493694308007967
new_senior-2026-08-30_16-36-55,16,"3 incl. faulty, median",1.5734778846754351,6.194074035097469,3.0501104029849024
new_senior-2026-08-30_16-36-55,17,1 contributor,1.7048963198530542,5.897179828174859,1.580091808070534
new_senior-2026-08-30_16-36-55,17,3 contributors,1.2350895269474353,5.389814717037401,2.7022464682285197
new_senior-2026-08-30_16-36-55,17,faulty contributor alone,7.232040250239937,42.86937732381327,12.146326745081472
new_senior-2026-08-30_16-36-55,17,"3 incl. faulty, averaged",2.5499967127535585,13.678573425910464,4.8459272808384375
new_senior-2026-08-30_16-36-55,17,"3 incl. faulty, median",1.2591631340978657,5.618428591564333,2.7022464682285197
new_senior-2026-08-30_16-36-55,18,1 contributor,1.6251173047512995,9.628050063219964,2.1971767686479167
new_senior-2026-08-30_16-36-55,18,3 contributors,1.483957083160873,7.344815999898809,2.122950375056377
new_senior-2026-08-30_16-36-55,18,faulty contributor alone,2.5323280645305517,40.64442570378301,12.235137622100025
new_senior-2026-08-30_16-36-55,18,"3 incl. faulty, averaged",2.461034691965545,11.989104804934275,2.853213147964663
new_senior-2026-08-30_16-36-55,18,"3 incl. faulty, median",1.5897322020833424,7.068779117404092,2.7134925084151638
new_senior-2026-08-30_16-36-55,19,1 contributor,1.7507734799107526,6.489106106170487,2.509652292791415
new_senior-2026-08-30_16-36-55,19,3 contributors,1.2236009417187421,6.490820445321845,2.473042384817588
new_senior-2026-08-30_16-36-55,19,faulty contributor alone,2.1359667198665244,38.1136408658178,15.02486111621103
new_senior-2026-08-30_16-36-55,19,"3 incl. faulty, averaged",1.7774685785177475,13.422963938718883,4.976989054174796
new_senior-2026-08-30_16-36-55,19,"3 incl. faulty, median",1.2902200765257528,6.490497306883976,2.6055678124455026
new_senior-2026-08-30_16-43-04,0,1 contributor,2.1298977958519183,6.36110079210634,2.1726406768033555
new_senior-2026-08-30_16-43-04,0,3 contributors,1.9905551633725593,5.942562467764362,2.322338026174318
new_senior-2026-08-30_16-43-04,0,faulty contributor alone,7.439226279355019,41.18701190380341,12.790657386531207
new_senior-2026-08-30_16-43-04,0,"3 incl. faulty, averaged",4.784779589741303,12.464573433375719,6.168239072299751
new_senior-2026-08-30_16-43-04,0,"3 incl. faulty, median",1.9913954265657603,5.942562467764362,2.3274293449199193
new_senior-2026-08-30_16-43-04,0,"all others, median",1.3043748312570866,2.881923726914386,2.5092236579778757
new_senior-2026-08-30_16-43-04,1,1 contributor,2.540293204316019,6.1844269605139,1.9112846176043616
new_senior-2026-08-30_16-43-04,1,3 contributors,1.3104745413454495,3.2666615310717035,2.6162656342240407
new_senior-2026-08-30_16-43-04,1,faulty contributor alone,4.655427019004993,40.252602162187884,15.018272385902067
new_senior-2026-08-30_16-43-04,1,"3 incl. faulty, averaged",2.265344850091408,12.450466683603784,4.775461508167787
new_senior-2026-08-30_16-43-04,1,"3 incl. faulty, median",1.2066444666054472,3.240988259671991,1.730883209626157
new_senior-2026-08-30_16-43-04,2,1 contributor,2.76700715289169,9.787224342973065,6.4908490991955645
new_senior-2026-08-30_16-43-04,2,3 contributors,1.6498057133898338,5.101378998924879,2.6312967764096786
new_senior-2026-08-30_16-43-04,2,faulty contributor alone,3.899474474423882,39.00035273245133,6.941948403299122
new_senior-2026-08-30_16-43-04,2,"3 incl. faulty, averaged",3.6093231166258586,14.0285735887048,5.279219676536022
new_senior-2026-08-30_16-43-04,2,"3 incl. faulty, median",2.0214040869908243,5.101378998924879,2.6312967764096786
new_senior-2026-08-30_16-43-04,3,1 contributor,1.7838577322929452,4.3194019585883545,0.8975546099621001
new_senior-2026-08-30_16-43-04,3,3 contributors,1.016273367380494,3.908654558387932,0.9467596095351124
new_senior-2026-08-30_16-43-04,3,faulty contributor alone,2.195643579873031,45.76993912189601,7.839291689697178
new_senior-2026-08-30_16-43-04,3,"3 incl. faulty, averaged",1.9307802860560896,17.109806709086953,4.201066711874336
new_senior-2026-08-30_16-43-04,3,"3 incl. faulty, median",1.016273367380494,3.9505738804611013,0.9566008541302725
new_senior-2026-08-30_16-43-04,4,1 contributor,2.1026066753665176,32.313983749359174,1.209646074183077
new_senior-2026-08-30_16-43-04,4,3 contributors,0.9026143574888075,3.4768685775604435,1.0738550188434326
new_senior-2026-08-30_16-43-04,4,faulty contributor alone,3.2237162255706298,39.13729882096507,12.426331556220052
new_senior-2026-08-30_16-43-04,4,"3 incl. faulty, averaged",2.9022573795629274,12.030507313180083,3.633496602984929
new_senior-2026-08-30_16-43-04,4,"3 incl. faulty, median",1.1806604888533114,3.4670532638780234,1.6932805359423024
new_senior-2026-08-30_16-43-04,5,1 contributor,3.1353499951160546,32.93013222390668,8.100913456956011
new_senior-2026-08-30_16-43-04,5,3 contributors,1.901691671321701,5.825980533009128,1.2477885297913272
new_senior-2026-08-30_16-43-04,5,faulty contributor alone,4.755125898823633,39.32540234606707,11.317661498061598
new_senior-2026-08-30_16-43-04,5,"3 incl. faulty, averaged",3.572564720045548,12.94115719907111,7.259517452910914
new_senior-2026-08-30_16-43-04,5,"3 incl. faulty, median",1.9265156860709345,6.154602819738497,7.287600050772752
new_senior-2026-08-30_16-43-04,6,1 contributor,1.7838577322929452,4.3194019585883545,0.8975546099621001
new_senior-2026-08-30_16-43-04,6,3 contributors,2.243172108485713,4.253124016858823,0.905620890957077
new_senior-2026-08-30_16-43-04,6,faulty contributor alone,7.359435300970445,43.83138095281583,10.25612366532999
new_senior-2026-08-30_16-43-04,6,"3 incl. faulty, averaged",3.9036685918615324,14.506393219897571,3.022523007402136
new_senior-2026-08-30_16-43-04,6,"3 incl. faulty, median",2.243172108485713,4.253656529161314,0.9099402768368502
new_senior-2026-08-30_16-43-04,7,1 contributor,2.5948676002785382,7.845800083548925,1.376619818344623
new_senior-2026-08-30_16-43-04,7,3 contributors,2.3216003575007402,6.011731279802539,1.6579381701095488
new_senior-2026-08-30_16-43-04,7,faulty contributor alone,3.1775908289887584,40.49272423719956,9.457650480577552
new_senior-2026-08-30_16-43-04,7,"3 incl. faulty, averaged",3.7649914720520123,12.80247419917452,2.904655771145596
new_senior-2026-08-30_16-43-04,7,"3 incl. faulty, median",2.2853296821645133,6.063251808503167,1.6579381701095488
new_senior-2026-08-30_16-43-04,8,1 contributor,3.1353499951160546,32.93013222390668,8.100913456956011
new_senior-2026-08-30_16-43-04,8,3 contributors,1.5077255672435812,3.7573844230748503,1.3410623945236786
new_senior-2026-08-30_16-43-04,8,faulty contributor alone,3.143916860901056,38.532060202742294,9.18230077005328
new_senior-2026-08-30_16-43-04,8,"3 incl. faulty, averaged",2.897055660699182,11.084786947559136,2.4972732937561517
new_senior-2026-08-30_16-43-04,8,"3 incl. faulty, median",1.0806175283420094,3.4687517391160654,1.143301026502597
new_senior-2026-08-30_16-43-04,9,1 contributor,2.540293204316019,6.1844269605139,1.9112846176043616
new_senior-2026-08-30_16-43-04,9,3 contributors,1.547278893601426,3.6526268992629416,0.6467046590827787
new_senior-2026-08-30_16-43-04,9,faulty contributor alone,3.2284733871554723,39.90067052767405,9.871143023020675
new_senior-2026-08-30_16-43-04,9,"3 incl. faulty, averaged",2.294249872702214,12.075941423812502,2.8221304178689546
new_senior-2026-08-30_16-43-04,9,"3 incl. faulty, median",1.541996588183045,3.643832559914952,1.2647640961089441
new_senior-2026-08-30_16-43-04,10,1 contributor,2.5948676002785382,7.845800083548925,1.376619818344623
new_senior-2026-08-30_16-43-04,10,3 contributors,2.225490573154928,5.947735251308467,2.3749524942202718
new_senior-2026-08-30_16-43-04,10,faulty contributor alone,5.3762111694792445,38.21717524557833,8.56174021119219
new_senior-2026-08-30_16-43-04,10,"3 incl. faulty, averaged",4.08060184441557,11.811152784375645,5.077610497244617
new_senior-2026-08-30_16-43-04,10,"3 incl. faulty, median",2.270768448347462,5.978921589048689,2.3749524942202718
new_senior-2026-08-30_16-43-04,11,1 contributor,1.6690012633009295,11.167636564158583,1.3004260688530351
new_senior-2026-08-30_16-43-04,11,3 contributors,1.4976188835625994,3.032002197940908,2.4933233215994424
new_senior-2026-08-30_16-43-04,11,faulty contributor alone,3.782344134385035,38.049700367558735,9.514673398768917
new_senior-2026-08-30_16-43-04,11,"3 incl. faulty, averaged",2.190753718018926,12.72829501805214,3.900234038531899
new_senior-2026-08-30_16-43-04,11,"3 incl. faulty, median",1.487525646880163,3.032002197940908,2.4933233215994424
new_senior-2026-08-30_16-43-04,12,1 contributor,1.357555654370525,4.675285904215769,3.830821142345097
new_senior-2026-08-30_16-43-04,12,3 contributors,1.150869613882281,3.9712512262660704,2.4173189339305883
new_senior-2026-08-30_16-43-04,12,faulty contributor alone,3.872239484648984,40.18540767779058,10.835497995852386
new_senior-2026-08-30_16-43-04,12,"3 incl. faulty, averaged",2.094846325114138,13.022829104432992,3.1824548242136634
new_senior-2026-08-30_16-43-04,12,"3 incl. faulty, median",1.2584643448944899,3.9768921329350957,2.4173189339305883
new_senior-2026-08-30_16-43-04,13,1 contributor,2.1298977958519183,6.36110079210634,2.1726406768033555
new_senior-2026-08-30_16-43-04,13,3 contributors,1.7764481377946997,4.133887976096493,0.44317689165321644
new_senior-2026-08-30_16-43-04,13,faulty contributor alone,8.861871943779217,37.5487290344957,11.213294934850333
new_senior-2026-08-30_16-43-04,13,"3 incl. faulty, averaged",3.417756166951699,12.04358074352333,2.35125537512971
new_senior-2026-08-30_16-43-04,13,"3 incl. faulty, median",1.726803784161854,4.129780774097017,0.4060146467825996
new_senior-2026-08-30_16-43-04,14,1 contributor,1.6690012633009295,11.167636564158583,1.3004260688530351
new_senior-2026-08-30_16-43-04,14,3 contributors,1.0945920539350493,2.8010182770926555,2.8754979050489404
new_senior-2026-08-30_16-43-04,14,faulty contributor alone,1.555071537045976,38.83153530104345,11.607616974728666
new_senior-2026-08-30_16-43-04,14,"3 incl. faulty, averaged",3.383846254656136,12.756402943725668,3.814632887812061
new_senior-2026-08-30_16-43-04,14,"3 incl. faulty, median",1.261323746647295,3.4011153400334906,0.9861358605582745
new_senior-2026-08-30_16-43-04,15,1 contributor,2.1298977958519183,6.36110079210634,2.1726406768033555
new_senior-2026-08-30_16-43-04,15,3 contributors,2.1537382626340356,6.105260941976376,2.203278369182392
new_senior-2026-08-30_16-43-04,15,faulty contributor alone,5.3762111694792445,38.46011516421324,8.544631001799628
new_senior-2026-08-30_16-43-04,15,"3 incl. faulty, averaged",4.26810215725314,12.59763103591079,4.836977033761726
new_senior-2026-08-30_16-43-04,15,"3 incl. faulty, median",2.0216488462384086,6.105260941976376,2.203278369182392
new_senior-2026-08-30_16-43-04,16,1 contributor,2.76700715289169,9.787224342973065,6.4908490991955645
new_senior-2026-08-30_16-43-04,16,3 contributors,1.7982995889975186,3.068146971367849,1.278742304135442
new_senior-2026-08-30_16-43-04,16,faulty contributor alone,2.488896751338824,38.78954110857355,10.0498962622517
new_senior-2026-08-30_16-43-04,16,"3 incl. faulty, averaged",2.8291380836245015,11.671441841057854,3.0254308153932765
new_senior-2026-08-30_16-43-04,16,"3 incl. faulty, median",1.6834649150541807,3.027999606034805,1.278742304135442
new_senior-2026-08-30_16-43-04,17,1 contributor,2.5948676002785382,7.845800083548925,1.376619818344623
new_senior-2026-08-30_16-43-04,17,3 contributors,2.051755782880931,6.094246362456886,1.4945751636009001
new_senior-2026-08-30_16-43-04,17,faulty contributor alone,4.609216364242071,40.71018586983282,17.662475862696965
new_senior-2026-08-30_16-43-04,17,"3 incl. faulty, averaged",3.397462874975428,12.433998846594594,5.4519538386405815
new_senior-2026-08-30_16-43-04,17,"3 incl. faulty, median",1.932092943979378,6.095289445564649,1.6854123750679812
new_senior-2026-08-30_16-43-04,18,1 contributor,3.1353499951160546,32.93013222390668,8.100913456956011
new_senior-2026-08-30_16-43-04,18,3 contributors,1.2010202222177693,2.863828775709735,2.311453297462687
new_senior-2026-08-30_16-43-04,18,faulty contributor alone,2.5757231454964353,39.24791786714493,6.9380742663684165
new_senior-2026-08-30_16-43-04,18,"3 incl. faulty, averaged",2.577827680511709,11.833128543607627,2.908997954905461
new_senior-2026-08-30_16-43-04,18,"3 incl. faulty, median",1.3301675254887482,3.043510669529861,1.140443964281291
new_senior-2026-08-30_16-43-04,19,1 contributor,2.540293204316019,6.1844269605139,1.9112846176043616
new_senior-2026-08-30_16-43-04,19,3 contributors,1.547278893601426,3.6526268992629416,0.6467046590827787
new_senior-2026-08-30_16-43-04,19,faulty contributor alone,3.2386522564091416,39.58045016949814,16.2615475813913
new_senior-2026-08-30_16-43-04,19,"3 incl. faulty, averaged",2.277395936554814,12.686523497341412,5.136102154783724
new_senior-2026-08-30_16-43-04,19,"3 incl. faulty, median",1.7912946955747446,3.593727997126077,2.105410699201416
948G_RVV-2026-08-31_08-26-28,0,1 contributor,2.8994895753459407,41.615890078053596,7.765110835192711
948G_RVV-2026-08-31_08-26-28,0,3 contributors,2.284504693722354,8.132085800676274,1.8362405878217047
948G_RVV-2026-08-31_08-26-28,0,faulty contributor alone,5.757961071606523,40.70823126614741,9.692035062179722
948G_RVV-2026-08-31_08-26-28,0,"3 incl. faulty, averaged",4.460967508083484,14.886315740357604,3.9883279075517573
948G_RVV-2026-08-31_08-26-28,0,"3 incl. faulty, median",2.6784169570922156,8.056856731989877,2.0133301491552427
948G_RVV-2026-08-31_08-26-28,0,"all others, median",2.4236051061281216,6.5522282916149805,1.758974353200909
948G_RVV-2026-08-31_08-26-28,1,1 contributor,4.469271102366663,8.98315034261618,8.2540457411314
948G_RVV-2026-08-31_08-26-28,1,3 contributors,2.3175437797296135,26.900084991573504,0.8762659320554886
948G_RVV-2026-08-31_08-26-28,1,faulty contributor alone,6.182445081051293,44.87977916786118,18.285650282897944
948G_RVV-2026-08-31_08-26-28,1,"3 incl. faulty, averaged",4.67657688154596,25.527073550835272,6.154935251347659
948G_RVV-2026-08-31_08-26-28,1,"3 incl. faulty, median",2.351408861404866,34.73702846049319,2.0845380235786504
948G_RVV-2026-08-31_08-26-28,2,1 contributor,4.469271102366663,8.98315034261618,8.2540457411314
948G_RVV-2026-08-31_08-26-28,2,3 contributors,3.7239230879233522,7.637965991944078,8.78978530170225
948G_RVV-2026-08-31_08-26-28,2,faulty contributor alone,5.861641505956351,41.81183695538617,9.242148267024454
948G_RVV-2026-08-31_08-26-28,2,"3 incl. faulty, averaged",6.0860559654289865,14.429698260369115,9.009921820462985
948G_RVV-2026-08-31_08-26-28,2,"3 incl. faulty, median",3.69245117225754,7.6184360605839725,8.78978530170225
948G_RVV-2026-08-31_08-26-28,3,1 contributor,3.5993129464975313,9.235319189515566,13.181618557300057
948G_RVV-2026-08-31_08-26-28,3,3 contributors,1.5829290511562915,6.8597821333718745,1.8246666768932451
948G_RVV-2026-08-31_08-26-28,3,faulty contributor alone,2.940810697944711,41.61656812632472,3.4979503384637938
948G_RVV-2026-08-31_08-26-28,3,"3 incl. faulty, averaged",2.7277930971848057,15.724893571731902,13.761037527532329
948G_RVV-2026-08-31_08-26-28,3,"3 incl. faulty, median",2.0311112908745788,8.670042064740517,13.855329918537464
948G_RVV-2026-08-31_08-26-28,4,1 contributor,2.6328735700288006,7.072430760249237,5.485386952790316
948G_RVV-2026-08-31_08-26-28,4,3 contributors,2.369699208909696,6.926398533051973,4.923806443305275
948G_RVV-2026-08-31_08-26-28,4,faulty contributor alone,5.701941761299885,41.90627841553161,10.835044232038962
948G_RVV-2026-08-31_08-26-28,4,"3 incl. faulty, averaged",3.3982771315479905,16.8378996683162,4.75250579739621
948G_RVV-2026-08-31_08-26-28,4,"3 incl. faulty, median",2.864790586322986,6.8770004100101785,4.923806443305275
948G_RVV-2026-08-31_08-26-28,5,1 contributor,1.8369444342990735,14.691617617951614,1.0190095610088044
948G_RVV-2026-08-31_08-26-28,5,3 contributors,1.9007558197129457,8.100979779458436,1.0701081457765915
948G_RVV-2026-08-31_08-26-28,5,faulty contributor alone,10.426130860156952,43.69655239874055,16.986121409039438
948G_RVV-2026-08-31_08-26-28,5,"3 incl. faulty, averaged",4.380182226387788,15.77038072013929,5.259484402322204
948G_RVV-2026-08-31_08-26-28,5,"3 incl. faulty, median",2.4841990566532655,8.217360258284936,1.0550779611386987
948G_RVV-2026-08-31_08-26-28,6,1 contributor,4.469271102366663,8.98315034261618,8.2540457411314
948G_RVV-2026-08-31_08-26-28,6,3 contributors,3.705659497954119,7.392057711224513,4.242209754078209
948G_RVV-2026-08-31_08-26-28,6,faulty contributor alone,5.747309641354908,43.46738600802186,15.080576272576943
948G_RVV-2026-08-31_08-26-28,6,"3 incl. faulty, averaged",4.87725064570539,16.559472121977088,9.448040768321862
948G_RVV-2026-08-31_08-26-28,6,"3 incl. faulty, median",4.341488089819917,7.633984117386994,7.381769040287809
948G_RVV-2026-08-31_08-26-28,7,1 contributor,2.8539529437544697,8.209721664401481,0.9962967908842144
948G_RVV-2026-08-31_08-26-28,7,3 contributors,2.032090258749692,26.842320539605996,1.0076417350871945
948G_RVV-2026-08-31_08-26-28,7,faulty contributor alone,5.257252340267133,46.57792606278799,11.17255758885305
948G_RVV-2026-08-31_08-26-28,7,"3 incl. faulty, averaged",4.959365493661964,26.071073885861367,3.0725654493168113
948G_RVV-2026-08-31_08-26-28,7,"3 incl. faulty, median",2.1357631229692604,33.30290901593039,1.0908590366731883
948G_RVV-2026-08-31_08-26-28,8,1 contributor,3.801357443463841,7.81622128108918,4.095183760965796
948G_RVV-2026-08-31_08-26-28,8,3 contributors,2.1362923942785,5.218799726983864,4.462530498922655
948G_RVV-2026-08-31_08-26-28,8,faulty contributor alone,4.419215193710109,43.74164615104999,17.37621018019427
948G_RVV-2026-08-31_08-26-28,8,"3 incl. faulty, averaged",2.711291309663725,16.407311915064,9.384963770734158
948G_RVV-2026-08-31_08-26-28,8,"3 incl. faulty, median",2.127851871912573,5.22761790791737,4.462530498922655
948G_RVV-2026-08-31_08-26-28,9,1 contributor,3.801357443463841,7.81622128108918,4.095183760965796
948G_RVV-2026-08-31_08-26-28,9,3 contributors,2.1322004731347963,4.484976454297328,1.3269158667984304
948G_RVV-2026-08-31_08-26-28,9,faulty contributor alone,3.0376978440591893,43.7612383680122,17.311193141620254
948G_RVV-2026-08-31_08-26-28,9,"3 incl. faulty, averaged",3.3169474004705624,17.61440724590267,5.819169194165909
948G_RVV-2026-08-31_08-26-28,9,"3 incl. faulty, median",2.3365579031142003,5.93113436850033,2.015031283160344
948G_RVV-2026-08-31_08-26-28,10,1 contributor,1.8369444342990735,14.691617617951614,1.0190095610088044
948G_RVV-2026-08-31_08-26-28,10,3 contributors,2.2323638794081133,7.550403313443906,1.3867574938051428
948G_RVV-2026-08-31_08-26-28,10,faulty contributor alone,5.867962500764925,42.96738948554075,16.104659218099684
948G_RVV-2026-08-31_08-26-28,10,"3 incl. faulty, averaged",5.630848200932297,14.874493820905645,5.901638714699499
948G_RVV-2026-08-31_08-26-28,10,"3 incl. faulty, median",2.286863179778348,7.580658362431925,4.248666974619731
948G_RVV-2026-08-31_08-26-28,11,1 contributor,3.801357443463841,7.81622128108918,4.095183760965796
948G_RVV-2026-08-31_08-26-28,11,3 contributors,2.9290026238066993,6.961480032758564,2.073678044558478
948G_RVV-2026-08-31_08-26-28,11,faulty contributor alone,6.124609468956985,39.45447553122387,9.453355706375646
948G_RVV-2026-08-31_08-26-28,11,"3 incl. faulty, averaged",5.392607950784733,14.556450950950834,3.507221593400995
948G_RVV-2026-08-31_08-26-28,11,"3 incl. faulty, median",3.4481285111461046,6.944193772270297,2.073678044558478
948G_RVV-2026-08-31_08-26-28,12,1 contributor,3.801357443463841,7.81622128108918,4.095183760965796
948G_RVV-2026-08-31_08-26-28,12,3 contributors,2.324154506760638,6.69684366371918,4.556461935320376
948G_RVV-2026-08-31_08-26-28,12,faulty contributor alone,3.7937853732309565,41.93127709905133,6.8827980675345275
948G_RVV-2026-08-31_08-26-28,12,"3 incl. faulty, averaged",4.149988000719302,16.532264546275666,13.792879347907153
948G_RVV-2026-08-31_08-26-28,12,"3 incl. faulty, median",3.1883039934426582,7.6263906164777415,13.818287290143246
948G_RVV-2026-08-31_08-26-28,13,1 contributor,2.6328735700288006,7.072430760249237,5.485386952790316
948G_RVV-2026-08-31_08-26-28,13,3 contributors,2.284504693722354,8.132085800676274,1.8362405878217047
948G_RVV-2026-08-31_08-26-28,13,faulty contributor alone,4.4385718540601165,42.75424277740887,9.858978775620388
948G_RVV-2026-08-31_08-26-28,13,"3 incl. faulty, averaged",3.3662210101990566,14.926549209048249,4.825039532504359
948G_RVV-2026-08-31_08-26-28,13,"3 incl. faulty, median",2.116854027532357,7.385337059206268,4.601253524184212
948G_RVV-2026-08-31_08-26-28,14,1 contributor,4.469271102366663,8.98315034261618,8.2540457411314
948G_RVV-2026-08-31_08-26-28,14,3 contributors,2.119997812922511,7.501335283747397,0.9555797303144438
948G_RVV-2026-08-31_08-26-28,14,faulty contributor alone,5.852228884381014,42.75066741563836,9.860210196437375
948G_RVV-2026-08-31_08-26-28,14,"3 incl. faulty, averaged",5.215123117332877,15.401660734927903,5.315229734767035
948G_RVV-2026-08-31_08-26-28,14,"3 incl. faulty, median",2.129462393194819,7.350873827213607,1.0514961394737987
948G_RVV-2026-08-31_08-26-28,15,1 contributor,2.8994895753459407,41.615890078053596,7.765110835192711
948G_RVV-2026-08-31_08-26-28,15,3 contributors,2.880549857147284,6.338008351515062,2.012733670473433
948G_RVV-2026-08-31_08-26-28,15,faulty contributor alone,5.861641505956351,41.43725641544877,9.13988588916197
948G_RVV-2026-08-31_08-26-28,15,"3 incl. faulty, averaged",4.501331328033922,14.409155730273495,3.44813733476949
948G_RVV-2026-08-31_08-26-28,15,"3 incl. faulty, median",3.4042755366500366,6.339568036583457,2.012733670473433
948G_RVV-2026-08-31_08-26-28,16,1 contributor,4.469271102366663,8.98315034261618,8.2540457411314
948G_RVV-2026-08-31_08-26-28,16,3 contributors,2.115195878495374,5.649613501303166,13.910371261165574
948G_RVV-2026-08-31_08-26-28,16,faulty contributor alone,5.272994675126446,45.2390067921814,7.242583582949799
948G_RVV-2026-08-31_08-26-28,16,"3 incl. faulty, averaged",3.727909799339908,17.856741912777387,13.826945868455125
948G_RVV-2026-08-31_08-26-28,16,"3 incl. faulty, median",2.16548804079866,5.69649265654299,13.910371261165574
948G_RVV-2026-08-31_08-26-28,17,1 contributor,2.679024531537685,8.177661161007618,1.3652572143617814
948G_RVV-2026-08-31_08-26-28,17,3 contributors,2.507006081766404,8.132458832851594,1.3869188674989268
948G_RVV-2026-08-31_08-26-28,17,faulty contributor alone,5.253228438713175,44.094415680601145,6.7563993202713295
948G_RVV-2026-08-31_08-26-28,17,"3 incl. faulty, averaged",2.6784309907028394,15.300066605856388,3.2449002466261003
948G_RVV-2026-08-31_08-26-28,17,"3 incl. faulty, median",2.507006081766404,8.117496804719414,1.3869188674989268
948G_RVV-2026-08-31_08-26-28,18,1 contributor,2.8539529437544697,8.209721664401481,0.9962967908842144
948G_RVV-2026-08-31_08-26-28,18,3 contributors,3.437240129944307,8.376048157127105,8.244717725063012
948G_RVV-2026-08-31_08-26-28,18,faulty contributor alone,5.527988919534668,41.83916864281897,10.347221012584273
948G_RVV-2026-08-31_08-26-28,18,"3 incl. faulty, averaged",5.477932202953268,14.72964677140314,8.67717002540711
948G_RVV-2026-08-31_08-26-28,18,"3 incl. faulty, median",3.383335858478615,7.615354144936237,8.244717725063012
948G_RVV-2026-08-31_08-26-28,19,1 contributor,3.553769252110819,7.987928455050541,1.7623287434804042
948G_RVV-2026-08-31_08-26-28,19,3 contributors,2.703767323596028,7.511763885356022,1.4453563507958274
948G_RVV-2026-08-31_08-26-28,19,faulty contributor alone,6.238877847884961,41.43420522733678,17.752367752453896
948G_RVV-2026-08-31_08-26-28,19,"3 incl. faulty, averaged",3.975624814468516,16.459946427864836,7.596627046357116
948G_RVV-2026-08-31_08-26-28,19,"3 incl. faulty, median",3.522730642041263,8.435339577610934,3.4379884904894396
94CC_6RQ-2026-08-31_08-29-54,0,1 contributor,3.4614849179426663,45.79813213389814,0.9910401832660171
94CC_6RQ-2026-08-31_08-29-54,0,3 contributors,1.5920654090436392,11.707201656237702,1.765153884206346
94CC_6RQ-2026-08-31_08-29-54,0,faulty contributor alone,3.788655145583226,41.44010835445827,9.393561081432058
94CC_6RQ-2026-08-31_08-29-54,0,"3 incl. faulty, averaged",3.1674561077639387,22.275378062014557,3.226811734557109
94CC_6RQ-2026-08-31_08-29-54,0,"3 incl. faulty, median",2.5295746859799517,11.67505700219711,1.124284620123497
94CC_6RQ-2026-08-31_08-29-54,0,"all others, median",1.4143806277275663,13.343132333693827,1.6727238038544796
94CC_6RQ-2026-08-31_08-29-54,1,1 contributor,1.740702593982891,14.336859497217008,1.043684276826192
94CC_6RQ-2026-08-31_08-29-54,1,3 contributors,1.5480256356911806,14.515465751109971,1.6339899014339672
94CC_6RQ-2026-08-31_08-29-54,1,faulty contributor alone,7.420310481627139,45.8875408423727,10.649321954130576
94CC_6RQ-2026-08-31_08-29-54,1,"3 incl. faulty, averaged",4.686414613055325,23.702214641844417,5.6551600899018295
94CC_6RQ-2026-08-31_08-29-54,1,"3 incl. faulty, median",1.6026213077905442,14.51474120597067,1.6339899014339672
94CC_6RQ-2026-08-31_08-29-54,2,1 contributor,4.805831857965789,18.58556874689223,13.083561252313732
94CC_6RQ-2026-08-31_08-29-54,2,3 contributors,3.0294752679178445,18.586973534317703,13.769710277879698
94CC_6RQ-2026-08-31_08-29-54,2,faulty contributor alone,3.781206123332593,41.48086708524988,7.977663546737468
94CC_6RQ-2026-08-31_08-29-54,2,"3 incl. faulty, averaged",6.872526132487418,26.796466782465814,13.819768688664253
94CC_6RQ-2026-08-31_08-29-54,2,"3 incl. faulty, median",3.5255693482994834,18.587093124232172,13.769710277879698
94CC_6RQ-2026-08-31_08-29-54,3,1 contributor,3.0655405095879136,9.929163261937669,2.243556792813931
94CC_6RQ-2026-08-31_08-29-54,3,3 contributors,2.3329367848098226,13.325966554917535,4.465100395506426
94CC_6RQ-2026-08-31_08-29-54,3,faulty contributor alone,9.460607135515215,57.83553830655212,9.101795605822016
94CC_6RQ-2026-08-31_08-29-54,3,"3 incl. faulty, averaged",4.529046438455552,27.140208975059355,4.546074272282774
94CC_6RQ-2026-08-31_08-29-54,3,"3 incl. faulty, median",2.2775217814925464,13.321416589551829,4.465100395506426
94CC_6RQ-2026-08-31_08-29-54,4,1 contributor,1.9701398866733983,13.300571466841271,1.253248576857482
94CC_6RQ-2026-08-31_08-29-54,4,3 contributors,1.549440863085068,13.414368637874643,0.752348604269688
94CC_6RQ-2026-08-31_08-29-54,4,faulty contributor alone,7.824361310643847,38.59206504353101,8.369907810897244
94CC_6RQ-2026-08-31_08-29-54,4,"3 incl. faulty, averaged",3.4686509146266307,27.94601489815837,4.981265035419904
94CC_6RQ-2026-08-31_08-29-54,4,"3 incl. faulty, median",1.7937511249029159,13.412287949023783,0.752348604269688
94CC_6RQ-2026-08-31_08-29-54,5,1 contributor,3.4614849179426663,45.79813213389814,0.9910401832660171
94CC_6RQ-2026-08-31_08-29-54,5,3 contributors,1.4666557481094267,44.18890960627091,0.8927282735877838
94CC_6RQ-2026-08-31_08-29-54,5,faulty contributor alone,2.570654751615314,57.79685259654563,3.2904831416510616
94CC_6RQ-2026-08-31_08-29-54,5,"3 incl. faulty, averaged",2.6036073191796385,39.548517600945814,5.105361802737305
94CC_6RQ-2026-08-31_08-29-54,5,"3 incl. faulty, median",1.6208026323208529,43.90833097276474,0.8927282735877838
94CC_6RQ-2026-08-31_08-29-54,6,1 contributor,3.0655405095879136,9.929163261937669,2.243556792813931
94CC_6RQ-2026-08-31_08-29-54,6,3 contributors,2.552797824698809,11.624186955845078,1.2836267701984274
94CC_6RQ-2026-08-31_08-29-54,6,faulty contributor alone,5.932788614909848,41.57742022573132,11.311920630968988
94CC_6RQ-2026-08-31_08-29-54,6,"3 incl. faulty, averaged",4.132845857962361,13.542256572601794,4.402465334012004
94CC_6RQ-2026-08-31_08-29-54,6,"3 incl. faulty, median",2.603092126635799,11.574753814979871,1.2836267701984274
94CC_6RQ-2026-08-31_08-29-54,7,1 contributor,4.6973888851309855,12.633018758233925,8.147328932715569
94CC_6RQ-2026-08-31_08-29-54,7,3 contributors,1.6508212304746492,14.400106199224904,1.4197036216527883
94CC_6RQ-2026-08-31_08-29-54,7,faulty contributor alone,3.6822276123605615,57.81514899654544,9.045125064641661
94CC_6RQ-2026-08-31_08-29-54,7,"3 incl. faulty, averaged",3.022183790045699,28.957435359768805,5.3257047176056265
94CC_6RQ-2026-08-31_08-29-54,7,"3 incl. faulty, median",1.647846102537246,14.37960082965312,1.4197036216527883
94CC_6RQ-2026-08-31_08-29-54,8,1 contributor,4.805831857965789,18.58556874689223,13.083561252313732
94CC_6RQ-2026-08-31_08-29-54,8,3 contributors,2.102220571352667,12.310100414154254,5.312246321860756
94CC_6RQ-2026-08-31_08-29-54,8,faulty contributor alone,5.120409540872247,37.302527870728056,6.533314159401721
94CC_6RQ-2026-08-31_08-29-54,8,"3 incl. faulty, averaged",5.169346643922989,14.580882487053517,9.826617038659316
94CC_6RQ-2026-08-31_08-29-54,8,"3 incl. faulty, median",3.1084207345336976,12.635219414077397,5.312246321860756
94CC_6RQ-2026-08-31_08-29-54,9,1 contributor,1.891718915845524,16.102779449344286,0.956501049614955
94CC_6RQ-2026-08-31_08-29-54,9,3 contributors,2.0626614433664283,11.41082342096991,0.8940571408061825
94CC_6RQ-2026-08-31_08-29-54,9,faulty contributor alone,4.766523632986981,40.22097464606926,15.518058179133487
94CC_6RQ-2026-08-31_08-29-54,9,"3 incl. faulty, averaged",3.174151742371002,12.851758752030147,3.7245727430955005
94CC_6RQ-2026-08-31_08-29-54,9,"3 incl. faulty, median",1.864146723278406,11.41150742533586,0.6364994059213505
94CC_6RQ-2026-08-31_08-29-54,10,1 contributor,2.2354248883199572,10.170948463557085,1.7209408064244287
94CC_6RQ-2026-08-31_08-29-54,10,3 contributors,2.4380572273836743,9.58812065067071,1.8226456132218622
94CC_6RQ-2026-08-31_08-29-54,10,faulty contributor alone,4.766523632986981,40.27736166186152,14.56072391411603
94CC_6RQ-2026-08-31_08-29-54,10,"3 incl. faulty, averaged",4.659790505521641,14.36807694004948,4.4318708653897385
94CC_6RQ-2026-08-31_08-29-54,10,"3 incl. faulty, median",2.7254008865563772,9.651887106514582,3.546610673047845
94CC_6RQ-2026-08-31_08-29-54,11,1 contributor,2.27631770871703,11.649081398246642,0.7098688344970512
94CC_6RQ-2026-08-31_08-29-54,11,3 contributors,1.6394768479837971,14.383395149706159,0.9974983500178113
94CC_6RQ-2026-08-31_08-29-54,11,faulty contributor alone,7.165895254948369,45.88601024457506,9.847547707683942
94CC_6RQ-2026-08-31_08-29-54,11,"3 incl. faulty, averaged",2.8875902811461205,23.611928868316483,3.227883804335732
94CC_6RQ-2026-08-31_08-29-54,11,"3 incl. faulty, median",1.6394768479837971,14.383291701662325,0.9974983500178113
94CC_6RQ-2026-08-31_08-29-54,12,1 contributor,2.27631770871703,11.649081398246642,0.7098688344970512
94CC_6RQ-2026-08-31_08-29-54,12,3 contributors,1.7298452630549246,13.113630596875355,7.011967970196141
94CC_6RQ-2026-08-31_08-29-54,12,faulty contributor alone,8.523866937029632,43.75061249290364,14.610940065796273
94CC_6RQ-2026-08-31_08-29-54,12,"3 incl. faulty, averaged",3.2396094670421616,14.588955053355201,10.126305943127246
94CC_6RQ-2026-08-31_08-29-54,12,"3 incl. faulty, median",1.739330440293374,13.259605078381464,7.011967970196141
94CC_6RQ-2026-08-31_08-29-54,13,1 contributor,2.783024890789183,57.84667392280176,7.800238753635282
94CC_6RQ-2026-08-31_08-29-54,13,3 contributors,2.9393158539632487,10.093594049037224,0.6553422502368901
94CC_6RQ-2026-08-31_08-29-54,13,faulty contributor alone,4.766523632986981,40.437257898790826,13.442030081009499
94CC_6RQ-2026-08-31_08-29-54,13,"3 incl. faulty, averaged",5.404349672573185,25.574131213643714,4.70885967151212
94CC_6RQ-2026-08-31_08-29-54,13,"3 incl. faulty, median",3.188057352953989,10.38939857597668,2.9730167099173026
94CC_6RQ-2026-08-31_08-29-54,14,1 contributor,3.213663958152351,9.46862802617158,3.7870510439792824
94CC_6RQ-2026-08-31_08-29-54,14,3 contributors,3.8181518689900527,11.96070127984335,3.939236514950688
94CC_6RQ-2026-08-31_08-29-54,14,faulty contributor alone,7.16892072207719,45.88731593664109,10.820569175582856
94CC_6RQ-2026-08-31_08-29-54,14,"3 incl. faulty, averaged",5.2817491292841385,22.08988258369526,6.769614436198727
94CC_6RQ-2026-08-31_08-29-54,14,"3 incl. faulty, median",3.901190971333394,11.958653480500315,3.939236514950688
94CC_6RQ-2026-08-31_08-29-54,15,1 contributor,3.213663958152351,9.46862802617158,3.7870510439792824
94CC_6RQ-2026-08-31_08-29-54,15,3 contributors,2.9393158539632487,10.093594049037224,0.6553422502368901
94CC_6RQ-2026-08-31_08-29-54,15,faulty contributor alone,4.70580220589914,40.501991529470246,12.613808999620456
94CC_6RQ-2026-08-31_08-29-54,15,"3 incl. faulty, averaged",5.545902189546625,25.59653317799925,4.53196712429007
94CC_6RQ-2026-08-31_08-29-54,15,"3 incl. faulty, median",3.183726645606618,10.399490402475251,3.2272986650257103
94CC_6RQ-2026-08-31_08-29-54,16,1 contributor,2.3107041713789567,12.966068538729239,5.4631843542362235
94CC_6RQ-2026-08-31_08-29-54,16,3 contributors,3.0522767082851106,18.58978590222054,14.259565161388293
94CC_6RQ-2026-08-31_08-29-54,16,faulty contributor alone,6.580283999817853,45.110670216135524,13.083561252313732
94CC_6RQ-2026-08-31_08-29-54,16,"3 incl. faulty, averaged",5.921010307867059,25.196030122057493,8.94907604020896
94CC_6RQ-2026-08-31_08-29-54,16,"3 incl. faulty, median",3.273677680093259,19.175148314299445,4.538579116652928
94CC_6RQ-2026-08-31_08-29-54,17,1 contributor,3.0655405095879136,9.929163261937669,2.243556792813931
94CC_6RQ-2026-08-31_08-29-54,17,3 contributors,2.189219438264285,13.203269044795203,4.905319732480179
94CC_6RQ-2026-08-31_08-29-54,17,faulty contributor alone,4.085466430661027,41.37722762400688,9.412550633842375
94CC_6RQ-2026-08-31_08-29-54,17,"3 incl. faulty, averaged",3.6149325308753895,22.192626248766135,3.68788234837758
94CC_6RQ-2026-08-31_08-29-54,17,"3 incl. faulty, median",2.5044651811519154,12.928133871661895,1.3273834330117489
94CC_6RQ-2026-08-31_08-29-54,18,1 contributor,1.740702593982891,14.336859497217008,1.043684276826192
94CC_6RQ-2026-08-31_08-29-54,18,3 contributors,1.202406136215782,13.970655070281309,0.5587909957641088
94CC_6RQ-2026-08-31_08-29-54,18,faulty contributor alone,2.6922756539143617,41.67229659385772,7.352972342776553
94CC_6RQ-2026-08-31_08-29-54,18,"3 incl. faulty, averaged",1.8749689930033078,15.12200522815635,3.159175668870307
94CC_6RQ-2026-08-31_08-29-54,18,"3 incl. faulty, median",1.3783204571873535,13.797442016727286,0.6693271400336283
94CC_6RQ-2026-08-31_08-29-54,19,1 contributor,3.213663958152351,9.46862802617158,3.7870510439792824
94CC_6RQ-2026-08-31_08-29-54,19,3 contributors,1.8653958591013184,15.948681701966093,3.93255260622448
94CC_6RQ-2026-08-31_08-29-54,19,faulty contributor alone,8.534312775409287,43.75187081576539,12.964444220048577
94CC_6RQ-2026-08-31_08-29-54,19,"3 incl. faulty, averaged",5.049310584082697,15.247273672478755,8.377485573591319
94CC_6RQ-2026-08-31_08-29-54,19,"3 incl. faulty, median",1.8396310982517003,15.853766638262734,3.93255260622448
Department_of_Electronics_Communication-2026-08-31_08-23-23,0,1 contributor,6.2936733002596945,30.110051210997213,11.076974309359688
Department_of_Electronics_Communication-2026-08-31_08-23-23,0,3 contributors,4.45905166120067,31.87455511513021,8.586059566001945
Department_of_Electronics_Communication-2026-08-31_08-23-23,0,faulty contributor alone,6.189685401491646,66.46030419939049,13.961564019074139
Department_of_Electronics_Communication-2026-08-31_08-23-23,0,"3 incl. faulty, averaged",6.482383687311243,43.14387228599486,13.180507643587479
Department_of_Electronics_Communication-2026-08-31_08-23-23,0,"3 incl. faulty, median",4.701705585308213,31.915876192415123,8.797551620333786
Department_of_Electronics_Communication-2026-08-31_08-23-23,0,"all others, median",3.5461290086465187,30.67516699739625,8.390391611643178
Department_of_Electronics_Communication-2026-08-31_08-23-23,1,1 contributor,3.616377555223742,29.85590356953486,7.513355267939039
Department_of_Electronics_Communication-2026-08-31_08-23-23,1,3 contributors,3.197476210880601,29.725497042084132,8.474890926212066
Department_of_Electronics_Communication-2026-08-31_08-23-23,1,faulty contributor alone,7.561673050822337,67.86469854971268,16.793557963689935
Department_of_Electronics_Communication-2026-08-31_08-23-23,1,"3 incl. faulty, averaged",3.6051537415630652,41.8230974330938,14.496527186346336
Department_of_Electronics_Communication-2026-08-31_08-23-23,1,"3 incl. faulty, median",3.2058241694981557,29.727262877756,8.477618897588306
Department_of_Electronics_Communication-2026-08-31_08-23-23,2,1 contributor,6.648958005509813,34.125360769723414,14.987328980237416
Department_of_Electronics_Communication-2026-08-31_08-23-23,2,3 contributors,3.199897941581179,29.419194129418905,7.934290322952723
Department_of_Electronics_Communication-2026-08-31_08-23-23,2,faulty contributor alone,9.212426398673763,45.214372086624856,11.694920441384745
Department_of_Electronics_Communication-2026-08-31_08-23-23,2,"3 incl. faulty, averaged",9.612806636148088,30.616186947786506,12.185222503719888
Department_of_Electronics_Communication-2026-08-31_08-23-23,2,"3 incl. faulty, median",4.3048734763432215,29.80332005437638,8.264667944062936
Department_of_Electronics_Communication-2026-08-31_08-23-23,3,1 contributor,4.008667288639034,29.874679198662538,9.919551539547953
Department_of_Electronics_Communication-2026-08-31_08-23-23,3,3 contributors,3.8198314505516757,31.867336468974447,9.68194798196513
Department_of_Electronics_Communication-2026-08-31_08-23-23,3,faulty contributor alone,6.10359312738561,66.49269579010202,13.995091876749424
Department_of_Electronics_Communication-2026-08-31_08-23-23,3,"3 incl. faulty, averaged",4.143376227238761,42.92579807327497,12.50633990917949
Department_of_Electronics_Communication-2026-08-31_08-23-23,3,"3 incl. faulty, median",3.983674514518329,31.917017280173127,9.1125613019421
Department_of_Electronics_Communication-2026-08-31_08-23-23,4,1 contributor,2.7492220270790493,32.54418936352674,7.836028757820536
Department_of_Electronics_Communication-2026-08-31_08-23-23,4,3 contributors,3.117277185870533,29.611515208914817,7.710374228696886
Department_of_Electronics_Communication-2026-08-31_08-23-23,4,faulty contributor alone,7.012207816098656,48.52338209173928,11.593758921643326
Department_of_Electronics_Communication-2026-08-31_08-23-23,4,"3 incl. faulty, averaged",4.572479093371095,36.202715313254444,9.300990783444496
Department_of_Electronics_Communication-2026-08-31_08-23-23,4,"3 incl. faulty, median",3.4414128407413,31.304818360116425,8.045355031524783
Department_of_Electronics_Communication-2026-08-31_08-23-23,5,1 contributor,4.008667288639034,29.874679198662538,9.919551539547953
Department_of_Electronics_Communication-2026-08-31_08-23-23,5,3 contributors,2.8277851061108725,31.291893399847048,9.4414226774204
Department_of_Electronics_Communication-2026-08-31_08-23-23,5,faulty contributor alone,4.098446038962127,60.540446773376374,11.28220820985559
Department_of_Electronics_Communication-2026-08-31_08-23-23,5,"3 incl. faulty, averaged",3.2273885236320012,39.751717175673896,12.54506700936391
Department_of_Electronics_Communication-2026-08-31_08-23-23,5,"3 incl. faulty, median",2.8269954593460054,31.184858046164525,9.648634748677823
Department_of_Electronics_Communication-2026-08-31_08-23-23,6,1 contributor,4.903287198441914,32.245683926392374,8.966344840782066
Department_of_Electronics_Communication-2026-08-31_08-23-23,6,3 contributors,3.4530254274433654,31.915897209404704,9.32102644556985
Department_of_Electronics_Communication-2026-08-31_08-23-23,6,faulty contributor alone,12.686260257262173,42.595797436665165,12.751832659963645
Department_of_Electronics_Communication-2026-08-31_08-23-23,6,"3 incl. faulty, averaged",12.22190419548772,32.99649535447518,15.16935610914818
Department_of_Electronics_Communication-2026-08-31_08-23-23,6,"3 incl. faulty, median",4.803693324160379,32.45437108348592,14.914781898018564
Department_of_Electronics_Communication-2026-08-31_08-23-23,7,1 contributor,6.2936733002596945,30.110051210997213,11.076974309359688
Department_of_Electronics_Communication-2026-08-31_08-23-23,7,3 contributors,5.356495858910511,29.87256072499355,11.590644294164514
Department_of_Electronics_Communication-2026-08-31_08-23-23,7,faulty contributor alone,11.055705154030207,42.97560738830994,10.846581419767286
Department_of_Electronics_Communication-2026-08-31_08-23-23,7,"3 incl. faulty, averaged",8.595363524635424,29.79884041133291,9.811198598909595
Department_of_Electronics_Communication-2026-08-31_08-23-23,7,"3 incl. faulty, median",5.122302020819663,29.80795568562608,9.03802553957423
Department_of_Electronics_Communication-2026-08-31_08-23-23,8,1 contributor,2.7492220270790493,32.54418936352674,7.836028757820536
Department_of_Electronics_Communication-2026-08-31_08-23-23,8,3 contributors,2.8900329090941246,31.427872577558233,7.624385857648682
Department_of_Electronics_Communication-2026-08-31_08-23-23,8,faulty contributor alone,12.084861495941603,41.80575043105735,13.084202533494125
Department_of_Electronics_Communication-2026-08-31_08-23-23,8,"3 incl. faulty, averaged",7.9508891848146135,31.076213449932425,7.720299074664011
Department_of_Electronics_Communication-2026-08-31_08-23-23,8,"3 incl. faulty, median",3.0901121897940467,31.44112445983656,7.511990336666583
Department_of_Electronics_Communication-2026-08-31_08-23-23,9,1 contributor,2.9582637966466225,31.916350957506772,8.008982378430487
Department_of_Electronics_Communication-2026-08-31_08-23-23,9,3 contributors,3.646272192744418,31.915679476591585,8.525791074206992
Department_of_Electronics_Communication-2026-08-31_08-23-23,9,faulty contributor alone,4.158257121517565,67.67542273990858,14.0496108030276
Department_of_Electronics_Communication-2026-08-31_08-23-23,9,"3 incl. faulty, averaged",3.463751514632971,40.99902460726303,11.96326648531769
Department_of_Electronics_Communication-2026-08-31_08-23-23,9,"3 incl. faulty, median",3.664058065665646,31.91572273956502,8.597625758281982
Department_of_Electronics_Communication-2026-08-31_08-23-23,10,1 contributor,6.648958005509813,34.125360769723414,14.987328980237416
Department_of_Electronics_Communication-2026-08-31_08-23-23,10,3 contributors,3.2177293492042116,31.916349120815614,10.139763320410635
Department_of_Electronics_Communication-2026-08-31_08-23-23,10,faulty contributor alone,3.6782929663192903,60.6741660871774,11.450997498641941
Department_of_Electronics_Communication-2026-08-31_08-23-23,10,"3 incl. faulty, averaged",4.830620863798785,40.62115755654263,17.608433497865608
Department_of_Electronics_Communication-2026-08-31_08-23-23,10,"3 incl. faulty, median",3.9005308322256758,34.120375315171515,15.50530481057133
Department_of_Electronics_Communication-2026-08-31_08-23-23,11,1 contributor,2.7492220270790493,32.54418936352674,7.836028757820536
Department_of_Electronics_Communication-2026-08-31_08-23-23,11,3 contributors,4.001081398909364,31.511008091280452,8.583838459372716
Department_of_Electronics_Communication-2026-08-31_08-23-23,11,faulty contributor alone,10.377691579512028,47.22809611355161,10.28220041816025
Department_of_Electronics_Communication-2026-08-31_08-23-23,11,"3 incl. faulty, averaged",6.809619861427979,33.29744685698462,9.307848862771545
Department_of_Electronics_Communication-2026-08-31_08-23-23,11,"3 incl. faulty, median",3.9273140136380436,31.50319126251462,7.978263461716066
Department_of_Electronics_Communication-2026-08-31_08-23-23,12,1 contributor,3.616377555223742,29.85590356953486,7.513355267939039
Department_of_Electronics_Communication-2026-08-31_08-23-23,12,3 contributors,3.2635267190994193,31.424817148789792,7.8663020391057
Department_of_Electronics_Communication-2026-08-31_08-23-23,12,faulty contributor alone,12.90101296672205,42.075345926558995,17.771758171227155
Department_of_Electronics_Communication-2026-08-31_08-23-23,12,"3 incl. faulty, averaged",7.744202786849912,31.052962668232702,6.782744716797319
Department_of_Electronics_Communication-2026-08-31_08-23-23,12,"3 incl. faulty, median",3.965152219753005,31.443496112087658,7.35157570754757
Department_of_Electronics_Communication-2026-08-31_08-23-23,13,1 contributor,3.687950162530195,32.93872397115767,7.985508534416241
Department_of_Electronics_Communication-2026-08-31_08-23-23,13,3 contributors,2.722398810651777,31.312113609850847,7.7961869189819115
Department_of_Electronics_Communication-2026-08-31_08-23-23,13,faulty contributor alone,12.433207243381986,43.1485713479772,9.595638413558307
Department_of_Electronics_Communication-2026-08-31_08-23-23,13,"3 incl. faulty, averaged",9.517636848042386,31.861812833454486,9.849176036459896
Department_of_Electronics_Communication-2026-08-31_08-23-23,13,"3 incl. faulty, median",3.117520353734779,31.312175345611536,7.374549638162759
Department_of_Electronics_Communication-2026-08-31_08-23-23,14,1 contributor,5.2445156687438015,28.43807986922733,7.102208105386001
Department_of_Electronics_Communication-2026-08-31_08-23-23,14,3 contributors,4.9522581475194265,30.104927127654214,8.156327926133956
Department_of_Electronics_Communication-2026-08-31_08-23-23,14,faulty contributor alone,8.220675774008864,47.995213614541576,10.304121653470938
Department_of_Electronics_Communication-2026-08-31_08-23-23,14,"3 incl. faulty, averaged",8.064824754171035,34.65087183097902,11.452117989620556
Department_of_Electronics_Communication-2026-08-31_08-23-23,14,"3 incl. faulty, median",5.182881176407308,30.118141921944662,8.1466871950471
Department_of_Electronics_Communication-2026-08-31_08-23-23,15,1 contributor,6.648958005509813,34.125360769723414,14.987328980237416
Department_of_Electronics_Communication-2026-08-31_08-23-23,15,3 contributors,3.682152943987554,29.835397491768816,9.635237927139274
Department_of_Electronics_Communication-2026-08-31_08-23-23,15,faulty contributor alone,8.587883007693732,62.37797331781479,13.181655258414446
Department_of_Electronics_Communication-2026-08-31_08-23-23,15,"3 incl. faulty, averaged",4.7549421282046636,42.731170205125906,17.643037579265524
Department_of_Electronics_Communication-2026-08-31_08-23-23,15,"3 incl. faulty, median",5.1336633070866595,34.649834521814256,15.486067355674935
Department_of_Electronics_Communication-2026-08-31_08-23-23,16,1 contributor,3.616377555223742,29.85590356953486,7.513355267939039
Department_of_Electronics_Communication-2026-08-31_08-23-23,16,3 contributors,3.383510262373586,29.81729950367305,9.21878230125623
Department_of_Electronics_Communication-2026-08-31_08-23-23,16,faulty contributor alone,5.45137282623843,55.43062741372459,11.647794772308329
Department_of_Electronics_Communication-2026-08-31_08-23-23,16,"3 incl. faulty, averaged",4.470953754821579,37.382923479150776,11.80085099490746
Department_of_Electronics_Communication-2026-08-31_08-23-23,16,"3 incl. faulty, median",3.8547314408045064,30.0339246388788,9.38977339445156
Department_of_Electronics_Communication-2026-08-31_08-23-23,17,1 contributor,6.2936733002596945,30.110051210997213,11.076974309359688
Department_of_Electronics_Communication-2026-08-31_08-23-23,17,3 contributors,5.281191174142885,30.0446147941297,9.03689045603629
Department_of_Electronics_Communication-2026-08-31_08-23-23,17,faulty contributor alone,6.705436592596545,60.74225606957695,11.844843442874476
Department_of_Electronics_Communication-2026-08-31_08-23-23,17,"3 incl. faulty, averaged",8.369281665366229,40.33991252841341,13.267042787301856
Department_of_Electronics_Communication-2026-08-31_08-23-23,17,"3 incl. faulty, median",5.341560160842965,30.22510776851929,9.179977003780818
Department_of_Electronics_Communication-2026-08-31_08-23-23,18,1 contributor,6.648958005509813,34.125360769723414,14.987328980237416
Department_of_Electronics_Communication-2026-08-31_08-23-23,18,3 contributors,2.6817388601919214,31.915214861311014,8.19659842280315
Department_of_Electronics_Communication-2026-08-31_08-23-23,18,faulty contributor alone,5.787134381933446,54.47850888790524,11.571896727694538
Department_of_Electronics_Communication-2026-08-31_08-23-23,18,"3 incl. faulty, averaged",7.325550817128127,38.5380329899683,16.568132508589883
Department_of_Electronics_Communication-2026-08-31_08-23-23,18,"3 incl. faulty, median",4.803693324160379,34.26068853325635,15.313712997219511
Department_of_Electronics_Communication-2026-08-31_08-23-23,19,1 contributor,2.7492220270790493,32.54418936352674,7.836028757820536
Department_of_Electronics_Communication-2026-08-31_08-23-23,19,3 contributors,3.2635267190994193,31.424817148789792,7.8663020391057
Department_of_Electronics_Communication-2026-08-31_08-23-23,19,faulty contributor alone,6.375909769302348,45.11368081589562,13.002002919744015
Department_of_Electronics_Communication-2026-08-31_08-23-23,19,"3 incl. faulty, averaged",8.420109465211397,31.051842546790173,8.038291758481606
Department_of_Electronics_Communication-2026-08-31_08-23-23,19,"3 incl. faulty, median",3.261822737993524,31.470564273256286,7.595013857794959
app_DhruvaRun_2026-09-11_13-42-07,0,1 contributor,4.60046578761062,7.32919454694658,2.4999995295976447
app_DhruvaRun_2026-09-11_13-42-07,0,3 contributors,3.0794998458137512,6.988481511568291,5.427382167808079
app_DhruvaRun_2026-09-11_13-42-07,0,faulty contributor alone,6.5101834884058505,47.30367568673797,8.127650381911458
app_DhruvaRun_2026-09-11_13-42-07,0,"3 incl. faulty, averaged",4.6759422862574125,17.037111526497473,4.440142546772351
app_DhruvaRun_2026-09-11_13-42-07,0,"3 incl. faulty, median",3.112435781623164,6.5560768291989975,2.303757154657525
app_DhruvaRun_2026-09-11_13-42-07,0,"all others, median",2.278257169375001,5.335455811625912,3.440960685732363
app_DhruvaRun_2026-09-11_13-42-07,1,1 contributor,3.012986128958741,9.263720254577683,1.9801787238318986
app_DhruvaRun_2026-09-11_13-42-07,1,3 contributors,2.4074163721958834,6.34139844140618,5.945914382348925
app_DhruvaRun_2026-09-11_13-42-07,1,faulty contributor alone,2.840638990707777,40.09814227889255,14.17512914994901
app_DhruvaRun_2026-09-11_13-42-07,1,"3 incl. faulty, averaged",4.993254006254707,19.596998673848123,15.211299529961767
app_DhruvaRun_2026-09-11_13-42-07,1,"3 incl. faulty, median",3.057312093547961,11.810094879128062,14.300681046136857
app_DhruvaRun_2026-09-11_13-42-07,2,1 contributor,7.25046877315346,11.813755631086595,14.431528529657035
app_DhruvaRun_2026-09-11_13-42-07,2,3 contributors,2.1979115627979757,5.438757689177557,2.5802645631992993
app_DhruvaRun_2026-09-11_13-42-07,2,faulty contributor alone,5.044711791004053,39.624307901054046,9.21569561738871
app_DhruvaRun_2026-09-11_13-42-07,2,"3 incl. faulty, averaged",4.790066314969297,14.047467252473155,9.151751667516928
app_DhruvaRun_2026-09-11_13-42-07,2,"3 incl. faulty, median",2.7597878219603187,5.965943313974023,2.580298221853324
app_DhruvaRun_2026-09-11_13-42-07,3,1 contributor,7.25046877315346,11.813755631086595,14.431528529657035
app_DhruvaRun_2026-09-11_13-42-07,3,3 contributors,1.9521968975311683,5.342242530248919,10.3067779524798
app_DhruvaRun_2026-09-11_13-42-07,3,faulty contributor alone,2.454808758744205,37.45913125656927,8.514102195348462
app_DhruvaRun_2026-09-11_13-42-07,3,"3 incl. faulty, averaged",3.659022817810981,13.819520936581522,12.745383236972838
app_DhruvaRun_2026-09-11_13-42-07,3,"3 incl. faulty, median",2.46562709672753,6.705487402473862,10.3067779524798
app_DhruvaRun_2026-09-11_13-42-07,4,1 contributor,1.2763743556408922,4.730779687820136,3.4051541562822103
app_DhruvaRun_2026-09-11_13-42-07,4,3 contributors,3.6140379586604783,33.25795962532611,2.4800525328385885
app_DhruvaRun_2026-09-11_13-42-07,4,faulty contributor alone,9.554080674245697,47.29005273241584,17.374633330962403
app_DhruvaRun_2026-09-11_13-42-07,4,"3 incl. faulty, averaged",4.333622151125528,26.736694798228264,6.21115811432771
app_DhruvaRun_2026-09-11_13-42-07,4,"3 incl. faulty, median",3.65865353083672,33.22306774276889,2.680473767872683
app_DhruvaRun_2026-09-11_13-42-07,5,1 contributor,3.012986128958741,9.263720254577683,1.9801787238318986
app_DhruvaRun_2026-09-11_13-42-07,5,3 contributors,2.5837909518978464,6.1496552356330545,2.7900129923990646
app_DhruvaRun_2026-09-11_13-42-07,5,faulty contributor alone,8.577635433406837,43.9105405252326,18.466835259133305
app_DhruvaRun_2026-09-11_13-42-07,5,"3 incl. faulty, averaged",5.314139985539475,16.944361918934625,10.910670127678957
app_DhruvaRun_2026-09-11_13-42-07,5,"3 incl. faulty, median",2.5856408284227776,6.1496552356330545,2.7900129923990646
app_DhruvaRun_2026-09-11_13-42-07,6,1 contributor,3.012986128958741,9.263720254577683,1.9801787238318986
app_DhruvaRun_2026-09-11_13-42-07,6,3 contributors,3.722017880026514,6.224064566469572,1.9320660171410846
app_DhruvaRun_2026-09-11_13-42-07,6,faulty contributor alone,6.144645296677449,39.53166488795081,10.935189754883366
app_DhruvaRun_2026-09-11_13-42-07,6,"3 incl. faulty, averaged",4.809731641990276,12.985117900166127,2.849580143666242
app_DhruvaRun_2026-09-11_13-42-07,6,"3 incl. faulty, median",4.013389368060039,7.070298962856912,2.5384569311285494
app_DhruvaRun_2026-09-11_13-42-07,7,1 contributor,7.25046877315346,11.813755631086595,14.431528529657035
app_DhruvaRun_2026-09-11_13-42-07,7,3 contributors,4.309778635214656,8.033881768830199,5.719217591796023
app_DhruvaRun_2026-09-11_13-42-07,7,faulty contributor alone,5.264811437771941,40.52494560473423,8.26273155384949
app_DhruvaRun_2026-09-11_13-42-07,7,"3 incl. faulty, averaged",4.7466858256069475,18.85675765172505,15.074008900773837
app_DhruvaRun_2026-09-11_13-42-07,7,"3 incl. faulty, median",5.066534993174454,9.326522677998987,15.0553359020623
app_DhruvaRun_2026-09-11_13-42-07,8,1 contributor,1.2763743556408922,4.730779687820136,3.4051541562822103
app_DhruvaRun_2026-09-11_13-42-07,8,3 contributors,1.531222589157716,5.31007356100619,3.807992309444667
app_DhruvaRun_2026-09-11_13-42-07,8,faulty contributor alone,6.054955232849795,45.59898900361066,17.660803829337254
app_DhruvaRun_2026-09-11_13-42-07,8,"3 incl. faulty, averaged",2.735244622212124,18.03148582183193,7.051374020916696
app_DhruvaRun_2026-09-11_13-42-07,8,"3 incl. faulty, median",1.635290218781547,5.54252153527753,3.7679335943715393
app_DhruvaRun_2026-09-11_13-42-07,9,1 contributor,3.012986128958741,9.263720254577683,1.9801787238318986
app_DhruvaRun_2026-09-11_13-42-07,9,3 contributors,2.1293235365802934,5.540300454699144,5.589983589120916
app_DhruvaRun_2026-09-11_13-42-07,9,faulty contributor alone,2.2890706045738494,43.027690221070095,15.40001277030348
app_DhruvaRun_2026-09-11_13-42-07,9,"3 incl. faulty, averaged",3.7936553501851575,15.012160829649389,6.721259242276632
app_DhruvaRun_2026-09-11_13-42-07,9,"3 incl. faulty, median",2.078321293904261,5.554392616183103,2.4178466115257047
app_DhruvaRun_2026-09-11_13-42-07,10,1 contributor,3.012986128958741,9.263720254577683,1.9801787238318986
app_DhruvaRun_2026-09-11_13-42-07,10,3 contributors,2.2036552215028506,5.336345635416515,2.565253979923589
app_DhruvaRun_2026-09-11_13-42-07,10,faulty contributor alone,5.005919566857046,43.86406845006818,8.102450058267884
app_DhruvaRun_2026-09-11_13-42-07,10,"3 incl. faulty, averaged",3.9620006605286147,16.47752511017454,3.9115400175505655
app_DhruvaRun_2026-09-11_13-42-07,10,"3 incl. faulty, median",2.3490537926980526,5.2875985257779465,2.565253979923589
app_DhruvaRun_2026-09-11_13-42-07,11,1 contributor,3.6894353010211463,7.954534841698744,1.1231594013227908
app_DhruvaRun_2026-09-11_13-42-07,11,3 contributors,4.77493552684514,7.748933821317509,2.0593278409612537
app_DhruvaRun_2026-09-11_13-42-07,11,faulty contributor alone,4.769720545139418,40.345505942495585,11.772979265408502
app_DhruvaRun_2026-09-11_13-42-07,11,"3 incl. faulty, averaged",5.704027040262432,17.328121361514626,15.138298772060544
app_DhruvaRun_2026-09-11_13-42-07,11,"3 incl. faulty, median",5.062168301168909,11.811475044611948,13.950356387990741
app_DhruvaRun_2026-09-11_13-42-07,12,1 contributor,3.6894353010211463,7.954534841698744,1.1231594013227908
app_DhruvaRun_2026-09-11_13-42-07,12,3 contributors,1.8492918707746937,4.650449710423174,5.622270868119977
app_DhruvaRun_2026-09-11_13-42-07,12,faulty contributor alone,2.8486940291210283,39.862594108751665,8.589186990540504
app_DhruvaRun_2026-09-11_13-42-07,12,"3 incl. faulty, averaged",3.242262450921515,12.886970377055128,6.108564976533591
app_DhruvaRun_2026-09-11_13-42-07,12,"3 incl. faulty, median",2.0004049186991653,4.63413178407377,5.599736545328651
app_DhruvaRun_2026-09-11_13-42-07,13,1 contributor,7.25046877315346,11.813755631086595,14.431528529657035
app_DhruvaRun_2026-09-11_13-42-07,13,3 contributors,4.519088078134209,8.94519385256561,15.140208023265492
app_DhruvaRun_2026-09-11_13-42-07,13,faulty contributor alone,2.985242451968805,40.7241571200273,13.64875668580671
app_DhruvaRun_2026-09-11_13-42-07,13,"3 incl. faulty, averaged",6.341025466494041,18.21855166815115,15.404389179664355
app_DhruvaRun_2026-09-11_13-42-07,13,"3 incl. faulty, median",4.781433406616399,11.816190146985308,14.567491965823153
app_DhruvaRun_2026-09-11_13-42-07,14,1 contributor,5.165245040136128,47.30195485071826,6.766710827879615
app_DhruvaRun_2026-09-11_13-42-07,14,3 contributors,3.5547264251329547,7.791478497919788,3.3564541950774522
app_DhruvaRun_2026-09-11_13-42-07,14,faulty contributor alone,2.5504955851941347,39.26048983180321,8.56102400522287
app_DhruvaRun_2026-09-11_13-42-07,14,"3 incl. faulty, averaged",5.787428769982471,20.119782678131585,14.928610188557753
app_DhruvaRun_2026-09-11_13-42-07,14,"3 incl. faulty, median",5.113366833470057,9.06991600148256,15.017272773322514
app_DhruvaRun_2026-09-11_13-42-07,15,1 contributor,1.5489540059751201,8.040565191044392,6.738544130679747
app_DhruvaRun_2026-09-11_13-42-07,15,3 contributors,4.847549143365724,7.66133918011077,6.098277990892785
app_DhruvaRun_2026-09-11_13-42-07,15,faulty contributor alone,6.179356455242248,44.11411902543796,9.749058108824675
app_DhruvaRun_2026-09-11_13-42-07,15,"3 incl. faulty, averaged",6.01566780883029,17.66576268428593,15.578159360923074
app_DhruvaRun_2026-09-11_13-42-07,15,"3 incl. faulty, median",5.564383150165698,9.105319490952155,14.896666997613611
app_DhruvaRun_2026-09-11_13-42-07,16,1 contributor,4.60046578761062,7.32919454694658,2.4999995295976447
app_DhruvaRun_2026-09-11_13-42-07,16,3 contributors,2.38399533805391,5.974587037898119,2.3965908872473114
app_DhruvaRun_2026-09-11_13-42-07,16,faulty contributor alone,4.927522838754262,39.676274366150245,10.47725993559727
app_DhruvaRun_2026-09-11_13-42-07,16,"3 incl. faulty, averaged",4.335065436728724,13.76543504438554,3.131890161223444
app_DhruvaRun_2026-09-11_13-42-07,16,"3 incl. faulty, median",2.786306465034562,6.55307061088077,2.8312035790208845
app_DhruvaRun_2026-09-11_13-42-07,17,1 contributor,1.5489540059751201,8.040565191044392,6.738544130679747
app_DhruvaRun_2026-09-11_13-42-07,17,3 contributors,4.6143791548441175,8.94492427984809,15.566856113012388
app_DhruvaRun_2026-09-11_13-42-07,17,faulty contributor alone,7.181665722645899,46.32439041223222,7.81474202871544
app_DhruvaRun_2026-09-11_13-42-07,17,"3 incl. faulty, averaged",7.098872516851025,19.336297279846775,15.837443846709075
app_DhruvaRun_2026-09-11_13-42-07,17,"3 incl. faulty, median",5.0463454290222955,9.117441879601799,15.566856113012388
app_DhruvaRun_2026-09-11_13-42-07,18,1 contributor,3.012986128958741,9.263720254577683,1.9801787238318986
app_DhruvaRun_2026-09-11_13-42-07,18,3 contributors,4.015384457931335,7.337236274266614,1.9910181146462862
app_DhruvaRun_2026-09-11_13-42-07,18,faulty contributor alone,5.005919566857046,43.528011016404605,8.09887093022241
app_DhruvaRun_2026-09-11_13-42-07,18,"3 incl. faulty, averaged",4.845310951439835,18.16964102099216,4.040803821781555
app_DhruvaRun_2026-09-11_13-42-07,18,"3 incl. faulty, median",4.713516873722168,13.493234715449338,1.9821509513050004
app_DhruvaRun_2026-09-11_13-42-07,19,1 contributor,1.691914162027068,5.004767497348597,1.9032512878628745
app_DhruvaRun_2026-09-11_13-42-07,19,3 contributors,1.983341656732482,5.136047377332065,3.6040289123957314
app_DhruvaRun_2026-09-11_13-42-07,19,faulty contributor alone,1.8012343035948932,43.73461667787451,7.574108750009709
app_DhruvaRun_2026-09-11_13-42-07,19,"3 incl. faulty, averaged",3.9208685584780723,17.74040138334813,14.905504950800816
app_DhruvaRun_2026-09-11_13-42-07,19,"3 incl. faulty, median",2.727240058354056,9.322276975560012,15.027158091717544
app_DhruvaRun_2026-09-11_13-46-20,0,1 contributor,3.9333799406397323,7.409734604334822,1.1523000341484018
app_DhruvaRun_2026-09-11_13-46-20,0,3 contributors,3.9691713908825315,6.826159680128723,4.814644934613049
app_DhruvaRun_2026-09-11_13-46-20,0,faulty contributor alone,4.609152965592785,39.637428968642446,8.520776734554424
app_DhruvaRun_2026-09-11_13-46-20,0,"3 incl. faulty, averaged",4.737924696176459,12.150204159640158,3.232727872110891
app_DhruvaRun_2026-09-11_13-46-20,0,"3 incl. faulty, median",3.7349040517236642,6.617142904301467,2.134251813913858
app_DhruvaRun_2026-09-11_13-46-20,0,"all others, median",2.9485807555299184,5.695590122199057,2.286976025967922
app_DhruvaRun_2026-09-11_13-46-20,1,1 contributor,3.698202001101441,8.661380279076948,4.206065003200913
app_DhruvaRun_2026-09-11_13-46-20,1,3 contributors,4.076910678227577,6.868767357739684,0.7243138039178405
app_DhruvaRun_2026-09-11_13-46-20,1,faulty contributor alone,6.076896619406019,40.600201488770104,10.93152959638393
app_DhruvaRun_2026-09-11_13-46-20,1,"3 incl. faulty, averaged",5.408799961395221,13.993130818909211,4.2224343690344375
app_DhruvaRun_2026-09-11_13-46-20,1,"3 incl. faulty, median",3.8896277154862604,6.959197208702201,4.10188885844292
app_DhruvaRun_2026-09-11_13-46-20,2,1 contributor,1.8003360092826854,5.101875827417488,1.5978979969635423
app_DhruvaRun_2026-09-11_13-46-20,2,3 contributors,1.6599552369691661,4.483576329339232,1.1778563731467724
app_DhruvaRun_2026-09-11_13-46-20,2,faulty contributor alone,5.382570616411611,40.21214267558501,11.203310399826117
app_DhruvaRun_2026-09-11_13-46-20,2,"3 incl. faulty, averaged",2.345391916599443,13.201908526667832,2.0885032918533586
app_DhruvaRun_2026-09-11_13-46-20,2,"3 incl. faulty, median",1.5746171194339047,4.622285195281812,1.1699319178684882
app_DhruvaRun_2026-09-11_13-46-20,3,1 contributor,3.4821862224244113,6.714430597388669,6.0572430158638095
app_DhruvaRun_2026-09-11_13-46-20,3,3 contributors,3.5407784339565853,6.110985698454455,4.481270391311052
app_DhruvaRun_2026-09-11_13-46-20,3,faulty contributor alone,4.979010549167627,37.02470529435964,8.525597987611249
app_DhruvaRun_2026-09-11_13-46-20,3,"3 incl. faulty, averaged",4.624315812025911,12.377179184419159,5.722338844228853
app_DhruvaRun_2026-09-11_13-46-20,3,"3 incl. faulty, median",3.519519660906984,5.999438888357934,4.481270391311052
app_DhruvaRun_2026-09-11_13-46-20,4,1 contributor,1.8003360092826854,5.101875827417488,1.5978979969635423
app_DhruvaRun_2026-09-11_13-46-20,4,3 contributors,3.183974164973074,5.629602149224013,4.931819978435471
app_DhruvaRun_2026-09-11_13-46-20,4,faulty contributor alone,4.797287770622361,40.21420609777347,11.584226007036085
app_DhruvaRun_2026-09-11_13-46-20,4,"3 incl. faulty, averaged",3.3596403556192573,13.888356962382316,4.315730566161129
app_DhruvaRun_2026-09-11_13-46-20,4,"3 incl. faulty, median",2.590618324176126,5.229002309681711,2.740790140745501
app_DhruvaRun_2026-09-11_13-46-20,5,1 contributor,1.9101403077128825,12.909284470607583,0.6986703633612518
app_DhruvaRun_2026-09-11_13-46-20,5,3 contributors,1.2961642924547463,6.029599086471843,14.210438636307163
app_DhruvaRun_2026-09-11_13-46-20,5,faulty contributor alone,3.7713643150021126,44.555364913805626,8.22063902566173
app_DhruvaRun_2026-09-11_13-46-20,5,"3 incl. faulty, averaged",1.7610852788872149,13.3848686213792,14.274554361852763
app_DhruvaRun_2026-09-11_13-46-20,5,"3 incl. faulty, median",1.6676231186504242,6.0316762852168315,14.210438636307163
app_DhruvaRun_2026-09-11_13-46-20,6,1 contributor,3.4821862224244113,6.714430597388669,6.0572430158638095
app_DhruvaRun_2026-09-11_13-46-20,6,3 contributors,2.722635259728471,5.923429464427344,5.247718006636774
app_DhruvaRun_2026-09-11_13-46-20,6,faulty contributor alone,5.008544213847483,42.88670598865391,9.531106970932154
app_DhruvaRun_2026-09-11_13-46-20,6,"3 incl. faulty, averaged",4.72511775544287,14.074456162714146,5.127443853991275
app_DhruvaRun_2026-09-11_13-46-20,6,"3 incl. faulty, median",2.711020796015799,5.926803584172213,5.247718006636774
app_DhruvaRun_2026-09-11_13-46-20,7,1 contributor,2.6042274075954728,6.442261198398915,1.6876591651700459
app_DhruvaRun_2026-09-11_13-46-20,7,3 contributors,2.5127201618473824,5.62622624735414,1.5412261308618032
app_DhruvaRun_2026-09-11_13-46-20,7,faulty contributor alone,2.561510529150858,36.50602103067835,8.557963234096142
app_DhruvaRun_2026-09-11_13-46-20,7,"3 incl. faulty, averaged",3.5979611414219543,11.766742667749975,3.4692622932558828
app_DhruvaRun_2026-09-11_13-46-20,7,"3 incl. faulty, median",2.478065554324253,5.527478789402887,1.5412261308618032
app_DhruvaRun_2026-09-11_13-46-20,8,1 contributor,4.671682999259126,7.312099017015513,2.744250387780219
app_DhruvaRun_2026-09-11_13-46-20,8,3 contributors,3.346100798435081,6.3683100048963475,5.5093232658960805
app_DhruvaRun_2026-09-11_13-46-20,8,faulty contributor alone,4.612593612837296,39.190871980909506,8.524138597623688
app_DhruvaRun_2026-09-11_13-46-20,8,"3 incl. faulty, averaged",4.2976331465385895,13.926731003188578,3.4028893899031054
app_DhruvaRun_2026-09-11_13-46-20,8,"3 incl. faulty, median",3.023547497753953,6.1475654124319945,2.173268948083813
app_DhruvaRun_2026-09-11_13-46-20,9,1 contributor,4.671682999259126,7.312099017015513,2.744250387780219
app_DhruvaRun_2026-09-11_13-46-20,9,3 contributors,3.243744535396514,6.588163834055495,4.646705784081068
app_DhruvaRun_2026-09-11_13-46-20,9,faulty contributor alone,4.612593612837296,39.32060015088231,8.518752889205537
app_DhruvaRun_2026-09-11_13-46-20,9,"3 incl. faulty, averaged",4.637846774757247,12.726891638278055,3.106774337144471
app_DhruvaRun_2026-09-11_13-46-20,9,"3 incl. faulty, median",2.722441359699696,6.322661614098656,1.9294822363148902
app_DhruvaRun_2026-09-11_13-46-20,10,1 contributor,4.4234418041365915,11.664547949503033,8.659043588186282
app_DhruvaRun_2026-09-11_13-46-20,10,3 contributors,3.980835054446937,6.663507023033348,9.136206891285758
app_DhruvaRun_2026-09-11_13-46-20,10,faulty contributor alone,5.134871126616078,40.11784602058677,7.0647552128548945
app_DhruvaRun_2026-09-11_13-46-20,10,"3 incl. faulty, averaged",4.892406386810459,11.918924648389272,5.64667544375347
app_DhruvaRun_2026-09-11_13-46-20,10,"3 incl. faulty, median",3.7081252674282745,6.076569242015092,2.4058590211103454
app_DhruvaRun_2026-09-11_13-46-20,11,1 contributor,3.4821862224244113,6.714430597388669,6.0572430158638095
app_DhruvaRun_2026-09-11_13-46-20,11,3 contributors,3.0940168754573714,6.032562710236176,5.534765638135969
app_DhruvaRun_2026-09-11_13-46-20,11,faulty contributor alone,5.1514434793380355,42.23454212707946,16.718559903649552
app_DhruvaRun_2026-09-11_13-46-20,11,"3 incl. faulty, averaged",4.823159036421736,14.122315143843643,6.679008500125043
app_DhruvaRun_2026-09-11_13-46-20,11,"3 incl. faulty, median",3.198130864493292,5.943255991029381,5.1292392944372125
app_DhruvaRun_2026-09-11_13-46-20,12,1 contributor,4.4234418041365915,11.664547949503033,8.659043588186282
app_DhruvaRun_2026-09-11_13-46-20,12,3 contributors,2.4829801890138965,4.9947321741573,1.4249178257867698
app_DhruvaRun_2026-09-11_13-46-20,12,faulty contributor alone,5.0650332463279275,42.87624681173877,9.537930071849447
app_DhruvaRun_2026-09-11_13-46-20,12,"3 incl. faulty, averaged",4.766208222211693,13.789011771031802,5.475336707248079
app_DhruvaRun_2026-09-11_13-46-20,12,"3 incl. faulty, median",2.5301611576935237,5.16935168110428,1.4249178257867698
app_DhruvaRun_2026-09-11_13-46-20,13,1 contributor,2.6042274075954728,6.442261198398915,1.6876591651700459
app_DhruvaRun_2026-09-11_13-46-20,13,3 contributors,2.5925963045641476,6.1979736955807665,2.480054896893927
app_DhruvaRun_2026-09-11_13-46-20,13,faulty contributor alone,5.522668832752066,44.555250625649876,8.138545946157324
app_DhruvaRun_2026-09-11_13-46-20,13,"3 incl. faulty, averaged",4.50048988560147,15.873623980983593,3.996388782142024
app_DhruvaRun_2026-09-11_13-46-20,13,"3 incl. faulty, median",2.6561232953920846,6.170806829252053,2.480054896893927
app_DhruvaRun_2026-09-11_13-46-20,14,1 contributor,1.9101403077128825,12.909284470607583,0.6986703633612518
app_DhruvaRun_2026-09-11_13-46-20,14,3 contributors,2.347563276549655,6.072951174566594,9.64111346819412
app_DhruvaRun_2026-09-11_13-46-20,14,faulty contributor alone,5.0650332463279275,42.89044123434039,9.528718797449073
app_DhruvaRun_2026-09-11_13-46-20,14,"3 incl. faulty, averaged",4.443283541329715,14.347492398362581,9.625595116596891
app_DhruvaRun_2026-09-11_13-46-20,14,"3 incl. faulty, median",2.347563276549655,6.0729558593604605,9.64111346819412
app_DhruvaRun_2026-09-11_13-46-20,15,1 contributor,2.659506907978329,31.20715476726493,0.8531637747490938
app_DhruvaRun_2026-09-11_13-46-20,15,3 contributors,2.3520637254890926,5.097689161577734,1.6843048828742087
app_DhruvaRun_2026-09-11_13-46-20,15,faulty contributor alone,2.997808306747993,39.95948366285679,14.994457001769224
app_DhruvaRun_2026-09-11_13-46-20,15,"3 incl. faulty, averaged",3.581361363334667,14.34203886105472,5.147604282102419
app_DhruvaRun_2026-09-11_13-46-20,15,"3 incl. faulty, median",2.425748712431033,5.145080890521121,4.453105089626109
app_DhruvaRun_2026-09-11_13-46-20,16,1 contributor,1.8003360092826854,5.101875827417488,1.5978979969635423
app_DhruvaRun_2026-09-11_13-46-20,16,3 contributors,1.6599552369691661,4.483576329339232,1.1778563731467724
app_DhruvaRun_2026-09-11_13-46-20,16,faulty contributor alone,2.2061334761041005,44.55518675140286,3.537592078020741
app_DhruvaRun_2026-09-11_13-46-20,16,"3 incl. faulty, averaged",1.44494108638459,11.260304507807415,1.318107145568211
app_DhruvaRun_2026-09-11_13-46-20,16,"3 incl. faulty, median",1.463556522030429,4.293468065942966,1.1778563731467724
app_DhruvaRun_2026-09-11_13-46-20,17,1 contributor,2.6042274075954728,6.442261198398915,1.6876591651700459
app_DhruvaRun_2026-09-11_13-46-20,17,3 contributors,1.947275013464245,5.85644607421357,1.9902054794478015
app_DhruvaRun_2026-09-11_13-46-20,17,faulty contributor alone,2.2061334761041005,44.55519685719388,3.538658844569981
app_DhruvaRun_2026-09-11_13-46-20,17,"3 incl. faulty, averaged",1.4047171098094315,18.175336023185896,8.697289137096945
app_DhruvaRun_2026-09-11_13-46-20,17,"3 incl. faulty, median",1.5399457628094677,5.424581928798862,1.9902054794478015
app_DhruvaRun_2026-09-11_13-46-20,18,1 contributor,1.8003360092826854,5.101875827417488,1.5978979969635423
app_DhruvaRun_2026-09-11_13-46-20,18,3 contributors,2.3520637254890926,5.097689161577734,1.6843048828742087
app_DhruvaRun_2026-09-11_13-46-20,18,faulty contributor alone,5.146342730963884,42.23462676018439,16.72857477989129
app_DhruvaRun_2026-09-11_13-46-20,18,"3 incl. faulty, averaged",3.3635513426213386,14.319281947828687,3.383926229076013
app_DhruvaRun_2026-09-11_13-46-20,18,"3 incl. faulty, median",2.384822211813636,4.987367657100171,1.4584199587395918
app_DhruvaRun_2026-09-11_13-46-20,19,1 contributor,2.6042274075954728,6.442261198398915,1.6876591651700459
app_DhruvaRun_2026-09-11_13-46-20,19,3 contributors,2.364822610493142,29.54209121541158,1.68312091906867
app_DhruvaRun_2026-09-11_13-46-20,19,faulty contributor alone,4.989790807712712,42.411198332600996,11.585612978466134
app_DhruvaRun_2026-09-11_13-46-20,19,"3 incl. faulty, averaged",4.697591642683744,26.46825540112459,2.5494651838381865
app_DhruvaRun_2026-09-11_13-46-20,19,"3 incl. faulty, median",2.5556495802160284,28.357848920591668,1.6446876453720392
app_DhruvaRun_2026-09-11_19-37-43,0,1 contributor,3.527147736947242,8.096083149029702,1.4349979291300603
app_DhruvaRun_2026-09-11_19-37-43,0,3 contributors,5.074139987471695,8.094267704931976,1.547347018334175
app_DhruvaRun_2026-09-11_19-37-43,0,faulty contributor alone,7.192086549574375,38.356980052991524,16.00882819696277
app_DhruvaRun_2026-09-11_19-37-43,0,"3 incl. faulty, averaged",4.985446908134961,10.716771005168757,3.6263392651943067
app_DhruvaRun_2026-09-11_19-37-43,0,"3 incl. faulty, median",5.062254500820417,8.07244436035026,1.3937029395288842
app_DhruvaRun_2026-09-11_19-37-43,0,"all others, median",5.275740906382816,7.4197333235189245,1.4452228747989422
app_DhruvaRun_2026-09-11_19-37-43,1,1 contributor,5.618944095749063,12.031745627306808,1.5843721113712057
app_DhruvaRun_2026-09-11_19-37-43,1,3 contributors,6.130072291396223,7.926088548472572,1.5570119846588222
app_DhruvaRun_2026-09-11_19-37-43,1,faulty contributor alone,7.162806949330976,37.55988289922723,8.865197751177806
app_DhruvaRun_2026-09-11_19-37-43,1,"3 incl. faulty, averaged",6.820720696649424,9.709760058088257,2.1061894820033746
app_DhruvaRun_2026-09-11_19-37-43,1,"3 incl. faulty, median",6.05225955645795,8.118540793217413,1.6766264193143283
app_DhruvaRun_2026-09-11_19-37-43,2,1 contributor,5.201034585051493,8.316933606937688,1.6697957808141173
app_DhruvaRun_2026-09-11_19-37-43,2,3 contributors,2.5341842908510825,5.933381866042877,0.5839885938205996
app_DhruvaRun_2026-09-11_19-37-43,2,faulty contributor alone,6.252985089400423,41.24421417249459,9.89400994783616
app_DhruvaRun_2026-09-11_19-37-43,2,"3 incl. faulty, averaged",4.575073253201599,12.140941848227195,2.683709557273404
app_DhruvaRun_2026-09-11_19-37-43,2,"3 incl. faulty, median",2.4105337223229286,5.933381866042877,0.5842416880659009
app_DhruvaRun_2026-09-11_19-37-43,3,1 contributor,7.086678056274435,10.209272371720006,2.2766012766506956
app_DhruvaRun_2026-09-11_19-37-43,3,3 contributors,3.107607708900171,6.185287642200892,0.898300810375981
app_DhruvaRun_2026-09-11_19-37-43,3,faulty contributor alone,6.237599972189647,39.79662040517903,14.820807881226019
app_DhruvaRun_2026-09-11_19-37-43,3,"3 incl. faulty, averaged",5.523460357594814,12.251011155355021,4.267647278236699
app_DhruvaRun_2026-09-11_19-37-43,3,"3 incl. faulty, median",3.1120716749788544,6.185287642200892,1.238649186881734
app_DhruvaRun_2026-09-11_19-37-43,4,1 contributor,3.527147736947242,8.096083149029702,1.4349979291300603
app_DhruvaRun_2026-09-11_19-37-43,4,3 contributors,4.357611600644653,8.282946534537864,1.90983197489273
app_DhruvaRun_2026-09-11_19-37-43,4,faulty contributor alone,6.649808544080068,36.59262167644847,8.665509670181894
app_DhruvaRun_2026-09-11_19-37-43,4,"3 incl. faulty, averaged",3.7108238288416633,14.679445416615215,1.7501096866165569
app_DhruvaRun_2026-09-11_19-37-43,4,"3 incl. faulty, median",3.4560178959220327,6.744930945186498,1.2012038686442883
app_DhruvaRun_2026-09-11_19-37-43,5,1 contributor,6.1696584497425615,42.7754696882878,10.632978934113877
app_DhruvaRun_2026-09-11_19-37-43,5,3 contributors,5.977034511798008,8.91503646950504,1.7832590397539188
app_DhruvaRun_2026-09-11_19-37-43,5,faulty contributor alone,7.184634552270312,37.56511218149447,8.833148473552837
app_DhruvaRun_2026-09-11_19-37-43,5,"3 incl. faulty, averaged",7.174343136552541,14.95273403882819,1.885116883717746
app_DhruvaRun_2026-09-11_19-37-43,5,"3 incl. faulty, median",5.84435745341567,8.506535284909356,2.002632779699121
app_DhruvaRun_2026-09-11_19-37-43,6,1 contributor,6.288923047050768,12.796613565834962,1.8874904690865946
app_DhruvaRun_2026-09-11_19-37-43,6,3 contributors,6.1203229331186275,8.110027931035749,1.892514711244772
app_DhruvaRun_2026-09-11_19-37-43,6,faulty contributor alone,7.215820837702151,38.30379507993823,8.572007017888534
app_DhruvaRun_2026-09-11_19-37-43,6,"3 incl. faulty, averaged",7.188971958235381,9.441685832409355,2.1069254590013986
app_DhruvaRun_2026-09-11_19-37-43,6,"3 incl. faulty, median",6.169706826325983,8.237294391412922,1.9466895758004523
app_DhruvaRun_2026-09-11_19-37-43,7,1 contributor,6.0121508676416635,8.966792153475408,1.1946184320403928
app_DhruvaRun_2026-09-11_19-37-43,7,3 contributors,4.050345142576897,7.556310417905058,1.1731546578186733
app_DhruvaRun_2026-09-11_19-37-43,7,faulty contributor alone,7.222287675398864,38.77081072374791,14.715640968135295
app_DhruvaRun_2026-09-11_19-37-43,7,"3 incl. faulty, averaged",5.56676051589056,11.4613561334537,4.539937756068084
app_DhruvaRun_2026-09-11_19-37-43,7,"3 incl. faulty, median",3.4946088593383626,7.410844606596106,1.2409923843715034
app_DhruvaRun_2026-09-11_19-37-43,8,1 contributor,5.618944095749063,12.031745627306808,1.5843721113712057
app_DhruvaRun_2026-09-11_19-37-43,8,3 contributors,5.2658953567018045,7.715951627446638,1.5117163121481827
app_DhruvaRun_2026-09-11_19-37-43,8,faulty contributor alone,7.5701787730483545,34.46220613336631,8.111669923078916
app_DhruvaRun_2026-09-11_19-37-43,8,"3 incl. faulty, averaged",6.025836573768312,10.779401838597531,2.44643764969657
app_DhruvaRun_2026-09-11_19-37-43,8,"3 incl. faulty, median",4.827651033905009,7.714046388141666,1.0559743123065892
app_DhruvaRun_2026-09-11_19-37-43,9,1 contributor,5.746341124029351,8.129108630522513,2.4332319770517206
app_DhruvaRun_2026-09-11_19-37-43,9,3 contributors,4.281075054643944,7.708546419090406,1.1237802608306282
app_DhruvaRun_2026-09-11_19-37-43,9,faulty contributor alone,3.658293294413283,37.489064107389154,12.146849851116269
app_DhruvaRun_2026-09-11_19-37-43,9,"3 incl. faulty, averaged",5.559638593139213,10.884715966254934,2.6062449998051886
app_DhruvaRun_2026-09-11_19-37-43,9,"3 incl. faulty, median",4.272434839403409,7.708546419090406,1.2408414620238084
app_DhruvaRun_2026-09-11_19-37-43,10,1 contributor,5.618944095749063,12.031745627306808,1.5843721113712057
app_DhruvaRun_2026-09-11_19-37-43,10,3 contributors,6.555576422061262,9.613665857559695,1.9936467685480719
app_DhruvaRun_2026-09-11_19-37-43,10,faulty contributor alone,7.246576709996438,38.5306934699722,8.857674944408938
app_DhruvaRun_2026-09-11_19-37-43,10,"3 incl. faulty, averaged",7.201397494992371,11.447173698265239,2.2748564309573998
app_DhruvaRun_2026-09-11_19-37-43,10,"3 incl. faulty, median",6.567896076025143,9.613665857559695,2.165689751121895
app_DhruvaRun_2026-09-11_19-37-43,11,1 contributor,3.527147736947242,8.096083149029702,1.4349979291300603
app_DhruvaRun_2026-09-11_19-37-43,11,3 contributors,5.747943771793224,8.254782111099221,1.5205707616914417
app_DhruvaRun_2026-09-11_19-37-43,11,faulty contributor alone,6.722183185075469,37.09015336758589,15.295378208175721
app_DhruvaRun_2026-09-11_19-37-43,11,"3 incl. faulty, averaged",5.105919752741604,10.381142242305765,3.343052679438239
app_DhruvaRun_2026-09-11_19-37-43,11,"3 incl. faulty, median",5.544318925643364,8.10282992387481,1.5706525507446865
app_DhruvaRun_2026-09-11_19-37-43,12,1 contributor,4.532597388985625,14.996301323816507,1.4022367897539163
app_DhruvaRun_2026-09-11_19-37-43,12,3 contributors,4.775785648274411,7.307859348110592,1.6594855717417998
app_DhruvaRun_2026-09-11_19-37-43,12,faulty contributor alone,8.687718481216729,38.156781440526096,12.058453092625392
app_DhruvaRun_2026-09-11_19-37-43,12,"3 incl. faulty, averaged",6.909262264665099,12.689486083264693,3.4186806927677433
app_DhruvaRun_2026-09-11_19-37-43,12,"3 incl. faulty, median",4.243119645654014,7.235240616221946,2.2050188391385204
app_DhruvaRun_2026-09-11_19-37-43,13,1 contributor,4.532597388985625,14.996301323816507,1.4022367897539163
app_DhruvaRun_2026-09-11_19-37-43,13,3 contributors,5.262380230364765,8.92732239599118,1.7974177592656182
app_DhruvaRun_2026-09-11_19-37-43,13,faulty contributor alone,7.575751512099628,34.45945189072398,8.082933992425229
app_DhruvaRun_2026-09-11_19-37-43,13,"3 incl. faulty, averaged",6.659279479852719,10.265227980747682,2.233091148655658
app_DhruvaRun_2026-09-11_19-37-43,13,"3 incl. faulty, median",4.7568498696500985,8.59426682465795,1.7484663890515
app_DhruvaRun_2026-09-11_19-37-43,14,1 contributor,5.201034585051493,8.316933606937688,1.6697957808141173
app_DhruvaRun_2026-09-11_19-37-43,14,3 contributors,6.247262854857163,8.306548329392069,1.8345021636028533
app_DhruvaRun_2026-09-11_19-37-43,14,faulty contributor alone,8.687718481216729,36.37355046850804,8.535836857871892
app_DhruvaRun_2026-09-11_19-37-43,14,"3 incl. faulty, averaged",6.966933843124545,9.728990627267045,2.154047772525478
app_DhruvaRun_2026-09-11_19-37-43,14,"3 incl. faulty, median",6.261409799409217,8.354066610385575,1.7789117854598524
app_DhruvaRun_2026-09-11_19-37-43,15,1 contributor,2.859870857970111,29.419668132587702,0.4157900651501615
app_DhruvaRun_2026-09-11_19-37-43,15,3 contributors,4.097819431610053,7.171623158757568,1.166130119209206
app_DhruvaRun_2026-09-11_19-37-43,15,faulty contributor alone,7.340292973395613,38.291202560737155,8.882907088110075
app_DhruvaRun_2026-09-11_19-37-43,15,"3 incl. faulty, averaged",5.102389037081766,12.050595782472525,2.8769478992174564
app_DhruvaRun_2026-09-11_19-37-43,15,"3 incl. faulty, median",4.133575525139994,7.165757206922725,1.1203574302638464
app_DhruvaRun_2026-09-11_19-37-43,16,1 contributor,3.527147736947242,8.096083149029702,1.4349979291300603
app_DhruvaRun_2026-09-11_19-37-43,16,3 contributors,4.997298418007496,8.102038535499076,1.684879712106352
app_DhruvaRun_2026-09-11_19-37-43,16,faulty contributor alone,7.083200899522531,37.260252663152144,15.110395999519747
app_DhruvaRun_2026-09-11_19-37-43,16,"3 incl. faulty, averaged",5.263416173950588,9.367688575470913,3.2779541791083733
app_DhruvaRun_2026-09-11_19-37-43,16,"3 incl. faulty, median",5.053217708144047,8.109391370308371,1.8060966545269581
app_DhruvaRun_2026-09-11_19-37-43,17,1 contributor,5.618944095749063,12.031745627306808,1.5843721113712057
app_DhruvaRun_2026-09-11_19-37-43,17,3 contributors,2.793225109785749,6.199431413003144,0.8184948383747466
app_DhruvaRun_2026-09-11_19-37-43,17,faulty contributor alone,3.6404518073296392,38.931347197112885,10.107927727533374
app_DhruvaRun_2026-09-11_19-37-43,17,"3 incl. faulty, averaged",5.085219847808753,11.808158920416535,2.560737689456906
app_DhruvaRun_2026-09-11_19-37-43,17,"3 incl. faulty, median",1.9638347681071526,6.481868890834939,0.3862466725497055
app_DhruvaRun_2026-09-11_19-37-43,18,1 contributor,6.288923047050768,12.796613565834962,1.8874904690865946
app_DhruvaRun_2026-09-11_19-37-43,18,3 contributors,4.687863717345437,7.766423702713089,1.4133686822937266
app_DhruvaRun_2026-09-11_19-37-43,18,faulty contributor alone,5.610800121329997,35.114389521184634,5.580458721865178
app_DhruvaRun_2026-09-11_19-37-43,18,"3 incl. faulty, averaged",6.545777612391732,9.228442640081328,2.2672750939615964
app_DhruvaRun_2026-09-11_19-37-43,18,"3 incl. faulty, median",3.921558423556598,7.420023595896547,1.1472443248709674
app_DhruvaRun_2026-09-11_19-37-43,19,1 contributor,5.201034585051493,8.316933606937688,1.6697957808141173
app_DhruvaRun_2026-09-11_19-37-43,19,3 contributors,5.162728069722375,8.380183638991326,1.6198863009234086
app_DhruvaRun_2026-09-11_19-37-43,19,faulty contributor alone,6.237599972189647,39.79676684495858,14.868509148583117
app_DhruvaRun_2026-09-11_19-37-43,19,"3 incl. faulty, averaged",5.677694303449325,11.473901569012197,4.08075339223769
app_DhruvaRun_2026-09-11_19-37-43,19,"3 incl. faulty, median",5.2094665254067465,8.345788121275685,1.6951367527244694
app_DhruvaRun_2026-09-11_19-41-28,0,1 contributor,3.050689576777986,29.871767875788525,1.6128609983459774
app_DhruvaRun_2026-09-11_19-41-28,0,3 contributors,2.2236934533202017,24.483779851810816,1.7729096942991391
app_DhruvaRun_2026-09-11_19-41-28,0,faulty contributor alone,4.357499237070202,37.25581832382036,10.696583768027779
app_DhruvaRun_2026-09-11_19-41-28,0,"3 incl. faulty, averaged",2.773517479671049,28.895000956146795,13.55229362581366
app_DhruvaRun_2026-09-11_19-41-28,0,"3 incl. faulty, median",1.859591560697905,27.589133871060348,13.451428001440002
app_DhruvaRun_2026-09-11_19-41-28,0,"all others, median",3.2962557858712698,31.332016169532178,1.5322179190174137
app_DhruvaRun_2026-09-11_19-41-28,1,1 contributor,3.050689576777986,29.871767875788525,1.6128609983459774
app_DhruvaRun_2026-09-11_19-41-28,1,3 contributors,2.6510996093764,28.763702692085726,2.074484465207613
app_DhruvaRun_2026-09-11_19-41-28,1,faulty contributor alone,3.8072042692266783,38.162071106466186,7.551540956230608
app_DhruvaRun_2026-09-11_19-41-28,1,"3 incl. faulty, averaged",2.8890613013025574,27.774886165799217,3.366084707698335
app_DhruvaRun_2026-09-11_19-41-28,1,"3 incl. faulty, median",2.4570976695630744,28.75501741694483,2.074484465207613
app_DhruvaRun_2026-09-11_19-41-28,2,1 contributor,3.8932081767232574,26.820588186000958,8.787477659830968
app_DhruvaRun_2026-09-11_19-41-28,2,3 contributors,3.6320444035632686,28.781015022730355,3.75388016764916
app_DhruvaRun_2026-09-11_19-41-28,2,faulty contributor alone,5.6692823194724955,35.91608665489959,8.217981367763963
app_DhruvaRun_2026-09-11_19-41-28,2,"3 incl. faulty, averaged",3.1152276107594683,21.67833844567868,2.560706062174186
app_DhruvaRun_2026-09-11_19-41-28,2,"3 incl. faulty, median",2.847363941768615,28.674595140217576,1.154660669263239
app_DhruvaRun_2026-09-11_19-41-28,3,1 contributor,5.187552892740106,28.97901322237619,3.4464948515574316
app_DhruvaRun_2026-09-11_19-41-28,3,3 contributors,3.968162656754137,28.715172904287144,1.3252171362987952
app_DhruvaRun_2026-09-11_19-41-28,3,faulty contributor alone,4.844623866169253,34.47083914415684,9.286649754207117
app_DhruvaRun_2026-09-11_19-41-28,3,"3 incl. faulty, averaged",3.9963044778061523,28.03046822132175,2.089029157887938
app_DhruvaRun_2026-09-11_19-41-28,3,"3 incl. faulty, median",3.9150019989370124,28.66622548031043,1.0477165784243347
app_DhruvaRun_2026-09-11_19-41-28,4,1 contributor,3.1446460643611935,36.113340082711964,1.257512474752866
app_DhruvaRun_2026-09-11_19-41-28,4,3 contributors,3.175666887540723,29.87596817990711,1.721480820246029
app_DhruvaRun_2026-09-11_19-41-28,4,faulty contributor alone,4.117940406212548,37.57473346606758,12.75467237893532
app_DhruvaRun_2026-09-11_19-41-28,4,"3 incl. faulty, averaged",3.7322897682794207,30.206896476933487,2.088415207908503
app_DhruvaRun_2026-09-11_19-41-28,4,"3 incl. faulty, median",2.506763488392173,29.566994071533692,1.4319290133266604
app_DhruvaRun_2026-09-11_19-41-28,5,1 contributor,3.0960297981904814,27.61316209377857,12.814962751015981
app_DhruvaRun_2026-09-11_19-41-28,5,3 contributors,2.525174662514048,25.844653837532217,8.397329494144081
app_DhruvaRun_2026-09-11_19-41-28,5,faulty contributor alone,3.6136579782026144,38.17192287569086,7.165084111580151
app_DhruvaRun_2026-09-11_19-41-28,5,"3 incl. faulty, averaged",3.201424488129559,29.22109340715914,13.28830404643168
app_DhruvaRun_2026-09-11_19-41-28,5,"3 incl. faulty, median",2.1486204339805486,28.904007309845777,13.14705708385847
app_DhruvaRun_2026-09-11_19-41-28,6,1 contributor,3.0960297981904814,27.61316209377857,12.814962751015981
app_DhruvaRun_2026-09-11_19-41-28,6,3 contributors,2.9491941729244244,29.114462489132595,4.416151669449333
app_DhruvaRun_2026-09-11_19-41-28,6,faulty contributor alone,6.1970323611692315,35.66166559209831,8.00281707075302
app_DhruvaRun_2026-09-11_19-41-28,6,"3 incl. faulty, averaged",2.8582009077797066,28.229547029143696,9.620271708929145
app_DhruvaRun_2026-09-11_19-41-28,6,"3 incl. faulty, median",1.4463586111043105,29.054376269978047,4.416151669449333
app_DhruvaRun_2026-09-11_19-41-28,7,1 contributor,3.1446460643611935,36.113340082711964,1.257512474752866
app_DhruvaRun_2026-09-11_19-41-28,7,3 contributors,2.615768867181675,29.54256503051621,8.746953495658785
app_DhruvaRun_2026-09-11_19-41-28,7,faulty contributor alone,8.855713033668925,35.1819450170435,7.881981943401249
app_DhruvaRun_2026-09-11_19-41-28,7,"3 incl. faulty, averaged",4.070518512875469,32.02756859968026,13.390828863170032
app_DhruvaRun_2026-09-11_19-41-28,7,"3 incl. faulty, median",1.71225137062653,31.68331374735529,12.9291849348363
app_DhruvaRun_2026-09-11_19-41-28,8,1 contributor,5.394368104273718,30.4331907386646,1.6965236324837683
app_DhruvaRun_2026-09-11_19-41-28,8,3 contributors,4.51289407383681,28.777290881800823,3.929131775621172
app_DhruvaRun_2026-09-11_19-41-28,8,faulty contributor alone,6.60276404199841,37.72359146536561,12.575490885318843
app_DhruvaRun_2026-09-11_19-41-28,8,"3 incl. faulty, averaged",7.195359013829305,20.970531405365207,3.3480826097307785
app_DhruvaRun_2026-09-11_19-41-28,8,"3 incl. faulty, median",3.8543172371901075,28.778405930349425,1.7947140145720049
app_DhruvaRun_2026-09-11_19-41-28,9,1 contributor,3.1446460643611935,36.113340082711964,1.257512474752866
app_DhruvaRun_2026-09-11_19-41-28,9,3 contributors,3.725483975609019,30.73423854191807,1.1840970262681956
app_DhruvaRun_2026-09-11_19-41-28,9,faulty contributor alone,4.506559834233545,37.51752457253201,11.366093466236629
app_DhruvaRun_2026-09-11_19-41-28,9,"3 incl. faulty, averaged",4.338983758312796,30.5376554343995,1.919125195657607
app_DhruvaRun_2026-09-11_19-41-28,9,"3 incl. faulty, median",3.3288279675067205,30.73498814048034,1.2606907091740367
app_DhruvaRun_2026-09-11_19-41-28,10,1 contributor,3.0960297981904814,27.61316209377857,12.814962751015981
app_DhruvaRun_2026-09-11_19-41-28,10,3 contributors,2.4733669933447886,28.980511388840767,3.889385409786123
app_DhruvaRun_2026-09-11_19-41-28,10,faulty contributor alone,3.856409019851544,37.68640101808169,6.0742407965101135
app_DhruvaRun_2026-09-11_19-41-28,10,"3 incl. faulty, averaged",2.434224340941048,32.22941177037269,13.483106609487495
app_DhruvaRun_2026-09-11_19-41-28,10,"3 incl. faulty, median",1.4198461837483218,31.55846285700131,13.471469319617318
app_DhruvaRun_2026-09-11_19-41-28,11,1 contributor,5.950353259725396,29.25983958619772,7.892132593245425
app_DhruvaRun_2026-09-11_19-41-28,11,3 contributors,4.219643801106693,29.19169958572993,8.092504228857003
app_DhruvaRun_2026-09-11_19-41-28,11,faulty contributor alone,6.850549995679653,34.54328450607025,6.2845186323588464
app_DhruvaRun_2026-09-11_19-41-28,11,"3 incl. faulty, averaged",3.6533974054343066,29.044834952735464,11.08260285256788
app_DhruvaRun_2026-09-11_19-41-28,11,"3 incl. faulty, median",3.0203753575422745,29.18346459972928,8.092504228857003
app_DhruvaRun_2026-09-11_19-41-28,12,1 contributor,3.1446460643611935,36.113340082711964,1.257512474752866
app_DhruvaRun_2026-09-11_19-41-28,12,3 contributors,3.687806605652504,29.642730855938265,1.8635478657201099
app_DhruvaRun_2026-09-11_19-41-28,12,faulty contributor alone,5.020222799618672,38.77766490574352,15.391797596650603
app_DhruvaRun_2026-09-11_19-41-28,12,"3 incl. faulty, averaged",4.915969496063169,32.12992043262643,7.467945900470592
app_DhruvaRun_2026-09-11_19-41-28,12,"3 incl. faulty, median",3.4002327573796896,29.632820828499685,7.311321912778947
app_DhruvaRun_2026-09-11_19-41-28,13,1 contributor,3.1446460643611935,36.113340082711964,1.257512474752866
app_DhruvaRun_2026-09-11_19-41-28,13,3 contributors,4.203467216908804,30.361503463593685,1.6147194164361203
app_DhruvaRun_2026-09-11_19-41-28,13,faulty contributor alone,6.616640186238702,38.99243819275911,9.039508669359183
app_DhruvaRun_2026-09-11_19-41-28,13,"3 incl. faulty, averaged",5.06545041234351,31.768508605943932,2.18568579302893
app_DhruvaRun_2026-09-11_19-41-28,13,"3 incl. faulty, median",4.060410892217931,30.229401550481022,2.112825023929808
app_DhruvaRun_2026-09-11_19-41-28,14,1 contributor,4.746133786670699,29.924432520997254,3.030038282426501
app_DhruvaRun_2026-09-11_19-41-28,14,3 contributors,3.498293203728573,29.503929244916574,1.434343938253193
app_DhruvaRun_2026-09-11_19-41-28,14,faulty contributor alone,7.612482099179588,34.97799542681092,10.118427982313355
app_DhruvaRun_2026-09-11_19-41-28,14,"3 incl. faulty, averaged",5.150879055644879,28.305564966590982,2.7756041773706346
app_DhruvaRun_2026-09-11_19-41-28,14,"3 incl. faulty, median",3.1198000275602236,29.501843113583927,2.3246439321808183
app_DhruvaRun_2026-09-11_19-41-28,15,1 contributor,2.847655030280426,23.94382849223925,1.7749693668857347
app_DhruvaRun_2026-09-11_19-41-28,15,3 contributors,4.251329269691918,28.921357588191437,4.33902686072101
app_DhruvaRun_2026-09-11_19-41-28,15,faulty contributor alone,6.244742069674247,37.69576529273127,8.277075423616699
app_DhruvaRun_2026-09-11_19-41-28,15,"3 incl. faulty, averaged",4.776774772475811,27.676522315808175,2.6511948437584025
app_DhruvaRun_2026-09-11_19-41-28,15,"3 incl. faulty, median",3.7833085705134746,28.779792336460698,1.8676244052146809
app_DhruvaRun_2026-09-11_19-41-28,16,1 contributor,3.1446460643611935,36.113340082711964,1.257512474752866
app_DhruvaRun_2026-09-11_19-41-28,16,3 contributors,2.4919239195727494,25.320076271868928,1.3178928617939618
app_DhruvaRun_2026-09-11_19-41-28,16,faulty contributor alone,3.6136579782026144,38.17218499323696,7.0341318160028825
app_DhruvaRun_2026-09-11_19-41-28,16,"3 incl. faulty, averaged",3.0754967591225153,28.75153164146862,2.0984896545746277
app_DhruvaRun_2026-09-11_19-41-28,16,"3 incl. faulty, median",2.3841206006348146,25.323565364346283,1.2601363355349475
app_DhruvaRun_2026-09-11_19-41-28,17,1 contributor,5.187552892740106,28.97901322237619,3.4464948515574316
app_DhruvaRun_2026-09-11_19-41-28,17,3 contributors,2.289124422489738,24.394005303905285,3.5919232430312875
app_DhruvaRun_2026-09-11_19-41-28,17,faulty contributor alone,4.015462131671565,37.56930153104416,13.439732248972549
app_DhruvaRun_2026-09-11_19-41-28,17,"3 incl. faulty, averaged",3.4341819270702634,28.748133368461676,12.85291148816246
app_DhruvaRun_2026-09-11_19-41-28,17,"3 incl. faulty, median",2.146927453518782,27.639262803107172,11.487220467235062
app_DhruvaRun_2026-09-11_19-41-28,18,1 contributor,5.394368104273718,30.4331907386646,1.6965236324837683
app_DhruvaRun_2026-09-11_19-41-28,18,3 contributors,5.087228569826663,29.56807408554052,7.9717929050765814
app_DhruvaRun_2026-09-11_19-41-28,18,faulty contributor alone,6.955097086949304,35.464948216523304,9.769044307229711
app_DhruvaRun_2026-09-11_19-41-28,18,"3 incl. faulty, averaged",5.080754330225355,29.99993454857721,8.392182087371943
app_DhruvaRun_2026-09-11_19-41-28,18,"3 incl. faulty, median",5.023342773675996,29.561337365114877,7.9717929050765814
app_DhruvaRun_2026-09-11_19-41-28,19,1 contributor,3.050689576777986,29.871767875788525,1.6128609983459774
app_DhruvaRun_2026-09-11_19-41-28,19,3 contributors,2.765184981185536,24.694193035009608,0.8833553078961133
app_DhruvaRun_2026-09-11_19-41-28,19,faulty contributor alone,5.085618441350653,39.3219160818386,17.04335740401479
app_DhruvaRun_2026-09-11_19-41-28,19,"3 incl. faulty, averaged",5.858537211787018,18.462338355070848,3.9082945948435985
app_DhruvaRun_2026-09-11_19-41-28,19,"3 incl. faulty, median",2.8328892450173218,24.692783987597714,1.4317118835310771
